primary_alpha_ann,primary_t,secondary_alpha_ann,secondary_t
0.00605146063863196,0.9564187944115623,-0.009834723523283708,-1.5162740020304053
0.0006087154243094231,0.0926858053808932,0.0064224814452854195,0.9988635594902567
-0.0045442511514752135,-0.5890436001178843,0.0014993986226113096,0.2542955148056629
0.0025909216585071003,0.37457680709214475,0.011320345665195219,1.614044430497759
-0.014076574625480558,-2.3778734726744175,-0.0041295460056736,-0.6203821379828026
-0.006348940378632242,-1.0410910230822934,-0.0018393595674121963,-0.2361294881575339
-0.00021018472735629187,-0.04628763111303657,0.003836057610503442,0.5249969412808378
-0.004777631645878648,-0.842879927049623,-0.0008382075090022773,-0.1288455832318227
0.00016400181306343867,0.02144488924484781,0.006089978803274265,0.7371643730578855
0.0029427200713931225,0.4961465199007979,0.006335010844440388,0.9225433157408881
0.0177635453387005,2.466806415912826,-0.004627086719399046,-0.678991947986642
0.01228943799910517,1.9044166840225545,-0.003713899243132635,-0.5189245028849656
0.001753911734164041,0.2672794549392373,-0.007772679800301148,-1.0705830173279127
-0.01024971590245829,-1.5021545604756554,0.007726808113718231,0.9284346320547281
0.0005332293529517026,0.06498528008433703,-0.0017210614489983308,-0.26421093459907063
0.004456514828581183,0.8873980715200123,-0.0151129926589404,-2.193879393083442
-0.002175137525100608,-0.3643095332707155,-0.00013197507121286205,-0.024898244344493704
-0.010542680941371285,-1.8074851915687096,-2.87186913840055e-05,-0.0050767947876409715
0.00739469046267284,0.926358208484549,-0.0008202554569418851,-0.10408304372482068
0.003950112142983289,0.5888082707090037,-0.01192932605612969,-1.762822958413791
0.006940303977406292,1.471775855375471,-0.0034330052414687003,-0.4756501742537512
0.0027623951753205046,0.4658073687202196,-0.0013190168496434057,-0.18964448720582666
-0.011894349649920977,-1.9214623946900373,-0.006710102472115519,-0.9408694638938764
0.0029865710480498115,0.5140992697157946,-0.007157890733900782,-1.0651251924568248
-0.005964528695528118,-1.1477917288399009,0.000519158897351615,0.066380768257209
-0.0029075885455325757,-0.36631845747468567,-0.0016206924073195249,-0.23644904615984863
0.004112586847059189,0.5705098700015501,-0.0038488266122528474,-0.5284299495860307
0.0024837708212596793,0.5651453392121751,-0.002547514405581577,-0.42556664591471227
-0.00815743302476888,-1.1540526543698097,-0.003831225007042263,-0.5899103051246936
-0.005743493969832172,-0.6569703128614081,-0.004922737847558563,-0.6290396237240232
0.007231277682556861,1.2418280238161181,-0.008050836395715043,-1.1440860157926376
-0.015480115976801573,-2.3009223139577775,-0.012318726606994714,-1.6554156293239077
-0.00941519715977741,-1.7350716320502217,0.003906928371181969,0.5073581725143003
0.0020650959123103474,0.4306708245429882,0.0035676368656953356,0.6140908247505459
-0.003922282429028519,-0.7746412885296332,-0.013844144604664498,-1.9595767003422606
-0.0004311321948135359,-0.07265927426232623,0.0028059449827049446,0.5673075541554818
0.006400172896986827,1.0873427447499682,-0.004221686092721445,-0.5968966505218684
-0.005479260928880565,-1.0805362766448705,0.006140870365442624,0.7104797369528418
0.007293500338687273,1.0843366118144924,-0.004943221787697455,-0.7611778572074644
-0.004203821571840729,-0.5479888379647597,0.005808767208761445,0.8750639299744493
-0.008606530044753603,-1.4848423551388659,0.0053922159362106035,0.7823033531336758
-0.02136190725041624,-3.0678740701179703,-0.0075086484499248055,-1.2274014549884318
0.009215620236963738,1.2929245245623928,0.0015045652658106303,0.21893151391524127
-0.0059813420943538136,-0.8836008377091538,0.00281422992710351,0.43773303242611916
-0.0019045996471912323,-0.3401205579562254,-0.0037900988701455203,-0.6025569259674799
0.0039001025142191203,0.6126074619254716,-0.01426276872614217,-2.418609513453048
-0.004618431993686154,-0.5082507084545524,-0.00892642238269899,-1.4297999223330125
0.015603702055787552,2.176291563221859,0.005790854560156869,0.9411202480687797
0.002877276366467124,0.4612502943127553,0.002698923415377649,0.45252423921295465
-0.0014884778203713088,-0.25352528915573064,0.005104092119648174,0.7338819962110008
-0.007490174970384253,-1.2405863911958515,0.0022665318056277204,0.38331332500585175
-0.003264018327284855,-0.5163010215270656,0.009094168255022607,1.0339056378903286
0.0009771793000176298,0.20992968372564835,0.008288672297171699,1.4428500557158974
-0.0023287757479525553,-0.2739857487427565,-0.00438348966180707,-0.5852087399034613
-0.010025856545112823,-1.456508547504843,-0.0032167820608816223,-0.5039232965433766
0.007599140157810302,1.5420150395018009,-0.002070217860024084,-0.3251854715179936
-0.001248229337100887,-0.17786906296556657,0.000667568422922932,0.11104632690633436
0.005587294169238312,0.8651495813126565,-0.0010835571940139104,-0.13637784732585095
0.0010576671832712107,0.22031534253989274,-0.0035002390412676287,-0.5398366144205946
-0.002655094789463348,-0.5380485235625018,0.0015321173874415675,0.19881843540734054
0.004932222419413127,0.6569019586851712,-0.012672689854737997,-1.8488520232064543
-0.00028861678537016956,-0.0565320799856069,-0.0029847284551204906,-0.42475810694194677
-0.005405423835580922,-0.8942174513795434,0.002124189006454059,0.40501602327876174
0.000610861529966365,0.0973450938275785,-0.006554482980725363,-0.8982207318516502
0.0015415620672414817,0.2714645808036252,0.008441145714055577,1.6491353999830185
-0.0062321009896194,-1.2537451488278124,-0.005612994389824439,-0.8709418645023166
-0.0033595680471936347,-0.5206772498771138,-0.0024830136419249508,-0.3504838160089369
-0.0025203711486365007,-0.49143404743244307,-0.01047886534179073,-1.5380689821586853
-0.00554527329631916,-0.7573659996326028,-0.001353757656084832,-0.18425016936227584
-0.003564663673393081,-0.572724099653313,-0.0016103389835575958,-0.242793356560124
0.0018399944412787745,0.32664444074307436,-0.001770652144966447,-0.23798901886599227
0.004048870764838895,0.7506752574469827,-0.007936241407517442,-1.1919213387351688
-0.0013984414661988341,-0.235880886517072,-0.008723965872476766,-1.0891473594268333
-0.0053004743028597714,-0.9231998910758918,-0.0030297777479829286,-0.47042279255532327
-0.004529266473349519,-0.7242884998279671,-0.0009681951151941528,-0.14262283980525012
-0.012982429077934758,-2.144174222607629,-0.001012437379331009,-0.14913305740448066
0.001421422852621207,0.2666684955202917,-0.0037388545228437403,-0.7105331484551224
0.004377953101192767,0.6193457567145138,-0.0033168303246473825,-0.46180772905872713
-0.013674225454221093,-2.076833039930822,-0.01058240249534098,-1.6192117596263298
-0.0024069677311298627,-0.5121172977592696,0.003683720193379071,0.44882432925047355
-0.008485861574570108,-1.5240331650660934,-0.005674151427484194,-0.8462710111507764
0.012752179275512053,1.5978873838838819,0.011570123827812698,1.9303751447449604
0.0022911140863210305,0.47222620774775725,-0.004496295795849782,-0.5887477787626231
0.0026421813501075497,0.5526041255068087,0.0029463554219006467,0.39238743117769725
-0.008059008279819986,-1.4775071331867586,0.008828430231982102,1.3373092233275892
-0.010236098059154125,-1.5906088588111211,0.012559109455121672,1.7060570607987038
0.0010137706935381499,0.13205902235045605,0.00038944364686510885,0.0623950118712029
-0.005861546415868233,-1.106894851214006,0.007657697091115349,1.1009277368417156
-0.006518922932323823,-0.91116761665021,-0.009614153366669214,-1.6626858531977424
0.008797101133946602,2.279450758362312,0.003289308498846674,0.47071605644009684
0.0022186705916939376,0.39703561438122,-0.008156563162335262,-1.1412121636425456
0.0034939404912094772,0.5818646146222626,0.007724012293891031,1.3152518324432465
-0.010470726266821639,-1.5644070580406746,0.00816710034652085,1.478516402717664
-0.008442470228169605,-1.3798390049738865,-0.007953619366909038,-1.230891639055239
-0.004520659998576301,-0.5806368659647775,-0.003143960456853001,-0.47166403749784674
-0.015514773573341587,-1.9043365859789745,-0.0042045570632651096,-0.6382565424246387
-0.0011927717728371524,-0.22214018107694716,-0.007646373117004377,-1.1740087523065617
-0.005004300048533226,-0.9772813361308262,-0.012234995872364636,-1.85420874082829
-0.007465438972050299,-0.9922669290158431,0.0020959116324710024,0.28482498197513284
-0.0027410078056967382,-0.5165458657721804,-0.0020762093964180987,-0.27407814709927053
-0.0075604505227662485,-1.3893205375708522,0.0058456764301072295,0.8579040123406805
-0.001137795115101192,-0.18009039341354563,-0.002623755410201457,-0.39272056070924505
-0.005936116836052325,-1.085663393288361,-0.00022885544828781537,-0.031979605481477096
0.006109040491796515,1.05111726223078,0.010642049470452181,1.5229616199298346
-0.0004981898435362911,-0.061891848332289806,0.012030200090834844,1.838688641857453
0.0014422380150972908,0.2685587275914163,0.004358392683018693,0.5093086385227578
-0.005201144093628017,-0.7030115708652961,0.011351794632473221,1.476844740482983
0.007334664946072588,1.1122246803248028,-0.005007207296683344,-0.6966058551786404
0.0002484628655584453,0.04423198775682779,0.0014893234477910042,0.2297448969568361
0.004301161326794039,0.878717260227219,0.00031743417510878295,0.05377047751999749
-0.007614721343857128,-1.4688864329124798,-0.009285220373989912,-1.369584394077924
0.0007417548263573326,0.10182360682902115,-0.00036009576250244844,-0.06062540101128581
0.006605230386869832,0.9925566804074917,-0.0035162818140644517,-0.4308919666387332
-0.0029687448741460712,-0.5852347419231522,0.0038199060155395567,0.4361266431753559
-0.0012234133204965815,-0.22759889717979268,0.007295634660854171,0.8841047223430475
0.006099797488287392,0.830831364515511,0.0070696379508146945,0.8449597508818493
-0.00048795811751365466,-0.07957912033450756,0.008037422292910514,1.202071566916621
0.001998426653770996,0.3081282796630635,-0.010270034030341636,-1.5993362468814154
0.007480165988220764,1.5262858202765193,-0.00798096495044015,-1.2386811973303269
0.006434165164008472,0.9130327358835487,0.003898982918067213,0.5329939837716698
0.005790502163397105,1.070465063299991,0.0005574893280416242,0.07502465147832714
0.005757869991456745,1.132058936634451,-0.008628971039676954,-1.3123998917164825
0.010594156154716393,1.5160763811352695,0.007668158544465988,1.0844575669318637
-0.0034431202457215256,-0.6615230770974635,-0.0035988238116477734,-0.6865572761918309
-0.002089086803545058,-0.3185835795797516,0.0034284382962247286,0.6618609801052936
0.004749963233273278,0.7299924413664854,-0.0043939802846838585,-0.7363867254328645
0.002529073390697005,0.4157184854701182,-0.0008213211352175657,-0.13027483303830922
-0.003430077911810428,-0.5055446061581794,0.004820854106285643,0.7852709834634374
0.0007230924604024967,0.1069372514038214,-0.002760394203652679,-0.4579622004041615
0.00014488661868571642,0.01903263674366494,0.003662608904779274,0.6280593353548121
0.0007541941844664929,0.10916239169048349,-0.013102654786760351,-1.9912940024334618
-0.001003415608100599,-0.18371105969078372,-0.008907161118901242,-1.2616012792968958
-0.007462371645846568,-1.2155551746838762,-0.0029775414746290472,-0.468917835723202
0.0012663189377693051,0.25435370228030674,-0.007265428620198862,-1.1119600861787082
-0.0017976917568551837,-0.2670301834920846,-0.0016856541808979966,-0.2190336643743149
-0.013428392033629713,-2.3896413625544666,-0.007096988036356761,-1.158198401956458
-0.0022285579982827064,-0.37468649289478423,0.0008071820253786415,0.11313927767641052
-0.006949433422946869,-1.130812118938378,-0.0019289823329693488,-0.28835584426288413
0.0042211716396820965,0.846287773712045,-0.0031082125958838856,-0.5094586051964495
-0.006611097038515102,-1.2283125324282502,0.0002770656929579853,0.029934760459749642
0.005305742993791397,0.7760428314441531,0.004578492489688056,0.7101276749386622
-0.006522479939614544,-1.091957458665526,0.001883222975555761,0.26355096572326664
-0.011297287272541413,-1.5086203952398451,0.004302408358689317,0.7054410594133852
0.004869014050081809,0.9854334312161697,0.003198841228687282,0.46711920517231487
-0.0017349847780893674,-0.23751520178372948,0.0007821645227071069,0.12192859058126757
0.012802364917391802,2.2268550319315126,-0.006713107774350209,-1.0374371616538889
0.0006372020653415732,0.12644464048147755,0.007600075050671285,1.1843741147944524
-0.0026931337417020547,-0.388598211105356,0.010229420251927569,1.5974518719114816
0.0025142495473267495,0.43113868363052754,-0.014327820330741207,-2.5268061820138548
-0.0072982801722303965,-1.1035812924173738,0.010650649495580594,1.9596711135635518
-0.0032208326723425903,-0.41224016229897537,0.009039509357636078,1.418956247434543
0.003198992174707544,0.7029954334760647,0.004997135589866012,0.8295045734399806
-0.002092551685317949,-0.38472617645335855,0.0021345456299843952,0.35033648027558967
0.006510825212708393,1.2880384109915373,-0.00800503105971213,-0.9867491014319836
0.0005088121845220513,0.11805574323866244,-0.00041560289745298806,-0.06029959012233786
0.0008429269779508982,0.13332115856327498,-0.00337030485456739,-0.4842913546865529
0.0031269273261050777,0.4116580958728187,0.00017411134107477678,0.025587986912274464
0.0038026269868994306,0.5151858049769377,-0.00423521807360629,-0.6713707916859594
0.005059567112497916,0.8937437155954181,0.002829977372342327,0.549884992506788
-0.00034128330497296773,-0.05715212022263125,0.0013001054485601228,0.17611745929914044
-0.00034093692155225043,-0.07778303394758279,0.0019405672950007593,0.24524060789584895
-0.004152549836857834,-0.7867802747197146,0.017060982726869962,2.7377656456016903
-0.0006278832415136054,-0.1267463068401393,-0.009509882560220142,-1.0956839461170755
0.0019834571565418295,0.2825146854916348,-0.004488500079342582,-0.6362005752402161
-0.0071024603202905255,-1.1819389993812952,-0.003631719861209616,-0.5341680931379164
-0.0011187144082110472,-0.20263538600702843,0.005639430877386777,0.7895674485982221
0.004565574872613717,0.6826274845004913,-0.0031420647679622476,-0.544270601214233
-0.005690759315924756,-0.8225788562434487,0.003680962278108013,0.4863026178889112
-0.0020099203040160325,-0.44903911330815804,0.00950275985818375,1.226857639951477
0.008980694505449211,2.178877927212136,-0.000748738231344023,-0.10920867592495845
-0.006197671236461558,-1.1486814277823274,-0.0048458051269668415,-0.710748644690701
0.0038846864491771417,0.7139411047244181,0.01700274746108257,2.31488401565234
0.008919576761256364,1.4967078577319013,-0.012015508357548941,-1.6203309142223594
-0.004304479638483124,-0.8317412382467733,-0.0027652979749163507,-0.3632030707664264
0.005362635940602629,0.8595294992485389,-0.006357594379336115,-0.8736277351841334
-0.008170846434564527,-1.486363436705867,-0.0017918319088962825,-0.25725428878293854
0.0015131356958698362,0.42653298824420316,-0.0008174684541870905,-0.1546488370446373
0.008893040251680646,1.208204500093495,0.0006017332024123758,0.0991622027447525
0.012946009007817137,2.092102411470947,-0.0089949847523355,-1.2665345516113784
-0.010596433678029897,-1.8215022887565486,-0.019601353388868037,-2.7251630625877072
0.006616185544826382,0.9597780606711617,-0.008282551997686075,-1.2270568902453778
-0.0012717917072994128,-0.30172418242386045,0.0027499885878847336,0.3961605272220218
-0.0005625041204151473,-0.10193091687660698,-0.007551191749772646,-0.983111511907839
-0.002734646032427689,-0.4386919168953143,-0.005852230069154798,-0.9610571351229243
-0.008042509995411248,-1.1653325384517117,0.007003179834728754,1.003330244064521
-0.0020403345366288295,-0.3241950061339041,-0.002460423417722131,-0.3469832854222821
0.009491532306501582,1.4751541266304966,-0.007846799539520206,-0.9453745666174518
-0.0062211709579595926,-0.9938329272923743,-0.0058537088623215345,-0.8687033455221742
-0.00017633512336585931,-0.03342834926302925,-0.003563371041266296,-0.6431315531174888
0.004332018363036998,0.7127532088515021,0.012301904185638365,1.7935488264792065
-0.015427541841487466,-2.003829083246146,-0.0005036856300802049,-0.06875923787170185
0.00276362014231655,0.7029463170251704,-0.0037923137612983987,-0.4735436200901272
-0.00024044212697486248,-0.02570986149997868,-0.010594538614072497,-1.3797444077788783
-0.006878498205724644,-1.429443451887302,-0.005211681501287578,-0.8235797673989551
-0.0007868220762406873,-0.11863398802983117,-0.003346303071969532,-0.5042126769518572
-0.000936714108349782,-0.16032651834114062,0.005153885562343874,0.6030129978915073
-0.0030920478061381707,-0.4833133706675561,-0.007342050277765359,-1.0982627683096657
-0.014590601066601996,-2.0720515166792763,0.00339874033984553,0.44814681974179116
-0.0002584747337343845,-0.04735845320871156,0.009770005535306932,1.2437999697691082
-0.0027082364267787392,-0.42739538201289534,-0.007982627663096617,-1.2880805473856596
-0.007870917117361839,-1.2293884161906794,0.003099029578297263,0.42234593296479167
0.011083271054568631,2.2380044253058786,-0.011439623569100176,-1.7917243741580486
0.005154356686002073,0.8634510114061834,-0.007620165270300568,-1.0483486792594616
0.0018093768036025297,0.2356811184396283,-0.0088528508674177,-1.0509603332209254
-0.010139007002800161,-1.3449661738962915,-0.0005837872685187606,-0.0872773222238799
-0.002264670554385786,-0.3813753386000794,-0.002113721314214061,-0.34689456686335773
-0.004129351035055269,-0.6633145218815616,0.006912156997303693,0.9743557732954821
-0.01751014805155273,-2.138782828523713,0.0010717074281423255,0.1655427996442914
0.0024240778492724286,0.41053454980178056,0.013700614744588927,1.6175415360961085
-0.008185489235698012,-1.1810626860868287,-0.0030338963067482287,-0.3662038889946194
-0.013164243862037822,-2.340769745055566,-0.008295612717927087,-1.4499393604288646
-0.015253194002425474,-1.9349287798193249,0.005039665098136071,0.7900612803278572
-0.009620273400929337,-1.3646385425229797,-0.006641299922875781,-0.9083127172826317
-0.0007995797694785656,-0.13882768888333233,-0.0071584504976276945,-0.9017744229391071
-0.009465374408405173,-1.2602818072402566,0.002254533655348279,0.3047319190504661
0.0010853553867477617,0.15309037317978494,-0.00030652887405145716,-0.04673463460677725
-0.0058911117359168996,-1.0129777594517198,-0.010811941525038737,-1.3270910192694678
-0.014690896399870406,-1.894955922900292,-0.010187407558222568,-1.2603046818472015
-0.0002554696074897561,-0.04830394668762959,-0.00732717882323451,-0.9563670845929553
-0.00560584599679909,-0.9396857197710269,0.008948090931549958,1.2638600597734622
0.002387399551515346,0.4404203652812906,0.004782877918857415,0.5919723348054298
-0.0017593266179444706,-0.22633893524433277,0.0053334091402613805,0.9485525148324816
0.002347287619258602,0.39503146795168953,-0.005086611627849712,-0.6711014464230329
-8.678230789955669e-05,-0.01348200031615177,-0.0015612555093869986,-0.30965644778650664
0.005285855841710341,1.06429413524504,0.0028479808169417187,0.41467564238317023
-0.0024129513356983927,-0.36242387066248877,-0.004165999967999715,-0.8339254692677037
-0.005782549868002551,-0.9004486854634213,-0.0075782680467378245,-1.1426835266895363
-0.00247674160282967,-0.37302817523602877,0.0036653768168996488,0.6494037694625614
0.006587608969975128,0.8864853625901269,-0.004866374186364528,-0.7225774307431683
0.01278148922749349,1.796563075288523,-0.002472162769062046,-0.2745195763635734
0.0012490995847189183,0.22821833533104885,-0.0031104711419555845,-0.4413212061557033
-0.0012646510412795712,-0.22874078428959188,-0.020991509364080143,-2.8792249537081633
0.0005850540731542112,0.08089865402486941,0.005818064922687926,1.0351502594467974
-0.0020846387571256176,-0.35502484133625456,-0.0002819940096314955,-0.04062720675017462
-0.004582117219109534,-0.6709314843528149,-0.008393545335208419,-1.0966034877636062
-0.010684752901944048,-1.968500058356384,0.00449355047387467,0.6149229212711925
0.00845435382803433,1.2297325481937111,0.0031291957243853525,0.5368894418084488
-0.0022262237088474216,-0.30404136997507697,0.0024458700931878742,0.45663678255230955
0.0007395321875442111,0.18680985404427944,-0.011868223016392643,-1.45897191216437
-0.004142002674513058,-0.6068167064605169,-0.013605326380067555,-1.9726329262298856
0.004655281648802471,0.8948571190215306,0.011589329127980283,2.043184809832448
-0.0022077782542627203,-0.29294309816847125,-0.004137218283833107,-0.6287882133891929
0.0002899091442687471,0.04420500163421838,0.0018339441677407745,0.2379169052370777
-0.01182711536525934,-1.8728269350844822,-0.008591768571889001,-1.4078397735040415
0.005221551054305751,1.3165049729089104,-0.005672011777315466,-0.8748401244811319
0.001790563241996421,0.2971684922934657,-0.00346118712937049,-0.5670442908281492
-0.003783674601719167,-0.5575803707228467,0.005495674368590853,0.8041341543297743
0.000394299183310124,0.046017506062946356,0.0026568935541459414,0.4702938351832398
0.007761886549022656,1.3268306382984982,0.005462599257625876,0.7456894099576733
-0.002929859073186585,-0.41242574449714087,0.000838159613761706,0.13009945794108652
-0.00041887516305184235,-0.052072876457649915,-0.005569655639521644,-0.8074597987562725
-0.006093295960986291,-1.245470427111167,-0.007890033841607521,-1.0469236698445834
-0.010173083204020786,-1.6996451376007886,0.014175688976911746,1.8883375723998015
0.005904596241756681,0.92517543942032,-0.00946003266999728,-1.7446902565497813
0.002313069854031578,0.32850732583398407,-0.0030356039661117067,-0.4549359724142943
-0.0035184074345538732,-0.5227652824616412,0.007007416610780524,1.2453400310035103
0.005299532509797514,0.8025115150619447,-0.005801274367202696,-0.7802176711388404
-0.0012205637528762974,-0.15814840404949912,-0.004814112852043176,-0.718149762538942
-0.003280795731849338,-0.48865609312649416,0.0008432731797411502,0.1044122673361175
-0.008578191007933094,-1.4459107095379242,0.0019610623085957544,0.28103840172460737
-0.0007185204682183346,-0.15624541724427338,0.0009105669355100726,0.14503383515546034
-0.0055762544012079585,-1.0568364967468302,-0.002064852234455304,-0.2957723045192054
0.00573687528728171,1.1337921220939438,-0.005464030635481407,-0.877848381276109
-0.0030910239008274977,-0.45624246925935485,-0.0050676400933648644,-0.8756446082254875
0.007913806250380191,1.033788019704093,-0.0063145079212979655,-1.065546100647009
0.010303861271184982,1.9220636516727465,0.008105679775082385,1.0792907564134315
-0.005814600663646238,-1.1533275851252827,0.002875202702665969,0.4083684749316718
0.0033566987479843446,0.492453677537569,-0.0015722045876249901,-0.18160587676479117
-0.0028768901955099216,-0.41475958082593256,-0.008550963837393628,-1.2477930559922452
-0.006009578322025571,-0.9120942587648738,0.006156097705911442,0.8450442805368736
0.006342297731471939,0.8901350004571266,-0.0010460542763707351,-0.15164884989266877
-0.0062563197051965416,-1.3925450405914597,-0.009577992269431578,-1.6265215235234536
0.00257116331951489,0.34856637116832695,-0.0011791978795557064,-0.13195200274231228
-0.01466368846170782,-2.3062900120596845,0.009655924709056012,1.559267290981056
0.0019804996639264678,0.28060444064109485,0.0019197544560424782,0.2626571664973664
0.004147900440954362,0.8961700662597096,0.0017021398838249296,0.26756552499129616
0.0022235589040349394,0.2790120140378174,-0.011242618505958807,-1.5380613160825218
-0.0024962871470461763,-0.4446084581194041,-0.0071770243812690005,-1.2553903676157008
-0.005134202197113359,-0.8057103647558661,0.00744150965185263,1.1257173667723506
-0.00020823448855373443,-0.031638686428885565,0.0011438020718401295,0.14518395739270884
5.9086769191425096e-06,0.0010289934422632475,-0.00011627037352396557,-0.01919041928547284
-0.0024817703572203526,-0.4798875886615672,-0.0031449671367296816,-0.46230359624858375
0.0022468283551111993,0.371662804826855,-0.003932616066012719,-0.6391252907888794
0.00043644909883654983,0.06780729660601414,0.004589345507940131,0.6791153532064488
0.0018714960239697184,0.31017534432109767,-0.0034985253588763823,-0.5005985496212367
-0.003667963094300714,-0.7040859894397942,0.005334361462164437,0.894752896289352
0.0011687572897315984,0.1937873017653559,-0.01374168584068508,-2.3257593455101726
-0.00648209365468194,-0.9307698461220646,0.002853829618239215,0.47630468775305157
-0.009183357717868965,-1.708162456599592,-0.007890328572431639,-1.296933867969839
-0.004939779305720862,-1.0562728336547167,-0.004953752815984658,-0.7602700179300739
0.007593897457114845,1.0722570707451025,0.009931632197592175,1.3282191130911731
-0.002559090179951517,-0.4755979488945483,-0.0020932510742329084,-0.34164343884101583
0.0022953100647741366,0.31741806183869975,-0.013367124656384231,-2.4368841403803687
-0.0021743355564526937,-0.30116184795059,0.008571076654305735,0.950829028576861
-0.0014964617680810963,-0.25659324569621433,-0.003172201368026574,-0.452379659632789
0.0076068940054852575,1.4097910458808638,0.0020768959114241983,0.34153038847085043
0.0035108201790008953,0.5919302710519058,-0.004016882205481405,-0.6970685275760033
-0.007888134793694778,-1.2545796579699107,-0.0033401500835889826,-0.5188870574374853
-0.006170863832833507,-1.0666492967523025,0.005260113553879338,0.6947931902704031
0.003212342790986395,0.5451394033862865,-0.0021690141600156287,-0.29978469861055385
0.003726778849202188,0.45696072530364656,-0.008916624690231693,-1.0421484605779319
-0.0020586677880355428,-0.33143519835230617,0.002868907392372007,0.5160357941115498
0.002426200484897458,0.35763323811638614,0.0010669008636083215,0.14867941556123482
9.184284641513456e-08,1.4840398478237854e-05,0.0022164030809260628,0.3541134171807371
0.004612006271241088,0.8467329326853242,0.0024326065805930644,0.3637719157300537
-0.0033969247485360894,-0.5996521980217219,-0.003246795034997566,-0.43147218344351407
-0.002436996282131098,-0.4329892980005194,0.0015999329130479295,0.23858001810926005
0.003439243520973643,0.7244035633642935,-0.007116181456038467,-0.87281213369295
-0.001692141099287759,-0.3525490559619066,0.008252094462965008,1.4294672382467883
0.0033872845911916217,0.7806696411335668,0.01133425903338717,1.7386198026059092
-0.0008594542599480937,-0.1371365638823265,-0.001231912275593093,-0.17905305863758844
-0.010836043360207631,-1.746649393781059,0.00172145789289252,0.2341716811698754
-0.013883130858323229,-1.8748360004301083,-0.013748374848376654,-1.7972757703377686
0.00869107814658102,1.2284216411663273,-0.01136397246512007,-1.758433648786722
-0.0020632316702807376,-0.41752739396118094,0.002235374111108853,0.34354239994957264
-0.0006848968790472455,-0.11125150109787156,0.0013307378587801828,0.18599158581252023
-0.00664468233321384,-1.0569826008103114,-0.0071616235239068335,-1.0602473864328745
-0.00021934826840808326,-0.02700250466571807,0.00014425831144599456,0.023793659578769506
0.001392046797432854,0.22712303444525914,-0.0029046824132367877,-0.4025495321762691
0.0062571688920636526,0.9275223357598676,0.0012603515417197615,0.15758258893155114
-0.0010672926650660067,-0.16677170027681074,0.001368760771301734,0.2240045997127783
0.0045607704551113475,0.7544224494170804,0.0054433018128641625,0.8266953660661862
-0.006273255333448906,-0.9839698898530087,-0.01332514819907478,-1.7270753077902132
-0.001998585833534516,-0.25458520770420173,-0.004826420826381466,-0.7956138202315873
0.015757532529886216,2.1338737877983167,0.01273800178509949,1.8382283601018579
-0.005762682243038829,-0.9403192374835726,0.006295211878046948,1.0391408042144759
-0.00687522900234018,-1.0656404504215315,0.0010837049907690315,0.19184670655351238
-0.002650888841028069,-0.4459976336925663,-0.004414024357416067,-0.7540440283795666
-0.006334553604745092,-0.9553215956775387,-0.010809858307214676,-1.644938733707768
0.0010833647741748977,0.1662355760959176,-0.0018217042987133595,-0.28478581375878365
0.001498527389206774,0.2210583868545575,-0.002548175888606111,-0.38670289183611606
-0.007943453528627187,-1.0636686763851049,-0.0038178417201378953,-0.5442137120086774
-0.0005498015338665789,-0.06701341278930271,-0.0024225255635577487,-0.37176579994487424
-0.013051066517057923,-1.9771608879812932,0.005604066148781051,0.8035264405759132
0.0042066314704239036,1.040778151363169,-0.007750367193758805,-1.0221281811619995
-0.006295278912117654,-0.7862957496155543,-0.005053495870034803,-0.83114222360941
-0.007766099046816323,-1.2419256022745042,-0.00971278783253156,-1.6258494303001105
0.0003715995822558297,0.0702952898013772,0.008342750189908337,1.0771677132506474
-0.002436483770442965,-0.363024349893558,0.00981475489281456,1.5427925336590287
0.003327202121022992,0.5128956640908755,-0.006837054776161106,-1.1127989005028804
-0.00041571715721055834,-0.08323811044332069,0.01189724386978374,2.3470629370444227
-0.007386395782216177,-1.4351339638428138,-0.0015988994258283628,-0.23168502460500798
-0.0018135670193668053,-0.3956107965842724,-0.0015443686419049393,-0.2670071577328975
0.0032793164142708546,0.713164522589343,-0.005152884850199898,-0.7296697975821952
-0.0005202957826354613,-0.10561735142580789,-0.003444951466516003,-0.4496392941199857
-0.006687080922556713,-1.1996765451510265,-0.009196943250014834,-1.189342616878091
-0.005874505971696019,-0.8901344389322915,-0.01821505254293467,-2.962689395873586
0.005674566785126909,0.896728764032879,-0.008093242983175254,-1.167397881964189
-0.0043922567956945335,-0.8473697842722948,0.0023554076932363658,0.3718998094749664
0.004544055454037457,0.6796221833005234,-0.008683812308538033,-1.342593918020314
0.008495890849082605,1.388237170304541,-0.009683423973230645,-1.3658969116852155
-0.002233002974190985,-0.37563267767630426,0.005918312685287353,0.7517092607886214
0.0051489133522208425,0.6967027599996878,-0.012707841597826067,-2.060588262798169
-0.006402476651809541,-0.845581642064514,-0.00692038686722007,-1.1505455562868974
-0.00444375409766515,-0.6856171681686392,-0.00886739678707247,-1.4276517498885732
0.002461765535909017,0.37509593831075183,-0.004751806664032538,-0.7570804827256346
0.0054837426389778956,0.6968305152461154,-0.013980651235585175,-2.1194290096395965
-8.877755114332299e-05,-0.01582083996344001,0.010231001125340826,1.553867288686954
0.004689256844583635,0.5962294676489839,0.011063975091445487,2.174985631101551
-0.008685164713624016,-1.8130784703989746,-0.0016232984836128703,-0.22555526997352568
-0.0011460571524909906,-0.203900085534112,0.0046925012251639725,0.7725760823873762
0.0003360161870560691,0.06928876414043321,0.0041704505255242014,0.7786511606572284
0.006221380616425848,0.9936897682222853,-0.0015327785665889934,-0.23796526979955668
0.0029692298203135925,0.5983660036927954,0.006927968194327266,0.8439443294372219
-0.004196413374522103,-0.8526378428856799,-0.0027457978502407397,-0.38103934195903555
-0.0003286280227477672,-0.06470360399755054,0.006969303685408117,1.3384375484602908
0.006893417020249902,1.1191825742021275,-0.007866646861574176,-1.223276220332993
-0.0066554664996285725,-0.8716422633866621,-0.0006056976402590893,-0.09204158525982352
-0.014262259778380252,-2.2269730024648373,-0.008922043780894973,-1.2011638725906644
-0.0022537038093100523,-0.36383242400814997,-0.011416407742451506,-1.8935829813140996
-0.003020251147294658,-0.5814187238139654,0.006913362748041993,0.9430576991593757
-0.012565832635388347,-1.8985475843050952,0.01185534541492243,1.3657766491863568
0.0023970841352227053,0.36484293532911993,-0.0028109829557051626,-0.4284942761537046
-0.014925771084815614,-2.340108359882827,-0.0009985826366905202,-0.16881885235617386
0.002278046796317752,0.5338945163456151,-0.011479923087373677,-1.5743527263607202
0.015029188047359083,2.145745504474073,-0.00029717639151433746,-0.04487904612877922
0.005630187224597432,0.8481598357899701,-0.0024623500497749787,-0.4441888291634128
0.004088001636062011,0.5796949884874767,-0.00736365108675715,-1.274335263647013
0.007643323044006746,1.2314009097280425,0.004022528253167339,0.6445907429495126
-0.0039980875005710195,-0.7805612927771411,-0.005708778471126264,-0.9161961342846532
0.0021071186560496008,0.27921955340258614,-0.007071538467186342,-0.9007161605258782
-0.004784411668291181,-0.654960092404668,0.005792571523327395,0.87304501202168
0.0016887172086918665,0.23167600165810856,-0.0008991430811398707,-0.14668926080510425
0.003089870073632207,0.5665057170713637,0.004784552957890246,0.5697555327544415
-0.0019075206198906653,-0.3172213786174942,-0.004143059802605663,-0.7102918345989294
-0.00133940866578906,-0.19243741360401986,-0.009533550495816133,-1.3988142335465201
0.01410393160693368,1.8107444406414261,0.0006786658852427638,0.08678784457217073
0.001084707440869633,0.15919359040734907,-0.008461183701180406,-1.1964702632120177
-0.0008518558892015454,-0.14175042326792367,0.0036128463165326194,0.5143524864843144
0.0012618412843350536,0.19107861628771408,-0.007000490566545966,-0.9580497217055434
-0.01083032505315394,-1.3778174187820484,-0.007796785861309474,-1.123101372608435
-0.006951026710579435,-1.148517874112643,-0.0027072127912736617,-0.4457312467863995
-0.0037555683060312823,-0.5438756957038908,-0.012356164611178735,-1.544167005864384
0.00504933755405962,0.762827050168768,-0.0048995356923986315,-0.7061296273179342
-0.007982440648512149,-1.5662755558076982,0.007250582712444295,0.7592419948054041
-0.005462650266833567,-0.9836341186402238,-0.013467745383033967,-1.8473938695905443
-0.002265770940189469,-0.3661813940069007,0.004360821012524771,0.9449526444622576
0.003006078749023874,0.570996386278353,-0.008400789284376452,-1.4917025415928604
-0.005213717713535015,-1.0203922557317542,-0.004618769635168044,-0.7451184126856325
0.0009304907312773984,0.1465580224846713,-0.002923506238320981,-0.49404894443473363
0.0034549925954252547,0.520425800218007,0.008746791885363932,1.1359175660040695
0.0017305628564137853,0.29632037862118565,0.0033913359077961227,0.5630839554881136
0.0068772040788122775,1.2293016581567044,-0.0035366738454035247,-0.49210987092107195
0.0022610852596525502,0.3469169223723374,-0.0032383058495872212,-0.5937473153853493
0.008756544249324132,1.632554316075196,-0.002505393183882909,-0.380956658027865
2.378221209664805e-05,0.0038127347263511094,-0.005776953402524934,-0.8988928977859608
0.0038463336486776155,0.7964776230003382,0.004125935671021137,0.5909265815025755
-0.0025420386654514456,-0.563978537838801,-0.0030973689888987776,-0.4981614953216458
0.005054670474194564,0.8485221437422805,-0.010895860056650305,-1.5460492922841238
0.00010555388064869051,0.019298704468923327,-0.005939451542812126,-0.8616979765173528
-0.0041745948419110125,-0.7723939691362905,0.006677411962838194,1.2110738398909326
-0.013008908911784725,-1.8891174201657974,0.0036668254487561016,0.5782787766549089
-0.006889324177764319,-1.090080300368271,-0.006387419536350795,-1.0674707836386206
-0.007353994642437018,-1.2218840324380584,-0.01398856147834289,-1.7889105873954863
-0.0034579266442367968,-0.5702575476242315,-0.0009164432459956695,-0.16633623528037347
-0.004610470936601381,-0.8158988495020851,0.008364019289847681,1.111856930035372
-0.008247460747381323,-1.0440828322851115,-0.012705171962550676,-1.9112161688039777
0.006978472565293821,1.3347051460692145,0.0014366233055045606,0.21396469791045944
-0.013928149821067902,-1.8181194335882955,-0.012822483406762442,-2.0291664608333333
-0.00559695675264829,-1.134098582253918,-0.008081507956218715,-1.116811083031627
-0.0028124812333576578,-0.4935107023890002,0.0061603539927526894,1.0759731631281926
0.007014225410667105,1.1471418696548097,0.012278025044289455,1.991438863006209
-0.001980535654433851,-0.34273645521239576,-0.01091864586826638,-1.3882888902040482
-0.0036968261349316304,-0.48543170225577675,0.008853813598524597,1.2244503907437432
-0.009086454893515752,-1.4447630733599635,-7.418632693666395e-05,-0.01114800901603049
-0.0035068908697803197,-0.451310550095131,0.0015498868809376664,0.193318830031374
0.0007774316407325736,0.16880823530593175,-0.010760212836821416,-1.6760840943906588
-0.0014436088510416728,-0.279630941221984,-0.0018793603653150474,-0.21203445624194986
0.00299876593636743,0.5220454371136668,-0.010238892884032947,-1.6630639687569548
-0.00889172877711661,-1.7929602811138803,-0.00751065240122046,-1.2355115021990257
0.005581586862746747,0.7936347732093033,-0.004440410733919566,-0.6209571776372794
0.00026978751762367175,0.04450102469731866,-0.007544391510023979,-0.9105951201817809
-0.005692490790223441,-1.0837303179384126,0.006754061961474897,1.1067076932326194
-0.005145221185068679,-0.8453066682408868,-0.0006791977910403155,-0.11685483685088481
0.0022668469733233827,0.3287877885578344,-0.0028649002495477784,-0.36304348679880566
-0.0001891459610133984,-0.03499728851891729,-0.007613131035133598,-1.1824982357986602
-0.0008748217500538042,-0.1346111273714435,-0.0009067179955617938,-0.12396079260708122
0.005655780583116811,0.9203272049266392,-0.0015125456300469865,-0.16535271231966084
-0.0014527285269768815,-0.17886128541061944,0.0030861272435052226,0.4306475934950068
-0.0057485202302761445,-0.8804050176361026,-0.008287221004176667,-1.2079952761559538
-0.00759749252764699,-1.206024653054591,-0.005747167986748269,-0.7914904645787749
-0.0033225601894747644,-0.6666098588113848,-0.007604472577839268,-1.101424420768146
0.003259643549323717,0.6334993973950597,0.0014424155617793091,0.22458934986696766
-0.002111075674625594,-0.4089824901659746,0.002720257189650372,0.4000094899641374
-0.012472436808782896,-1.9353335229561515,-0.004041204188234967,-0.6955920434362622
-0.013061152234613531,-1.5471427273710978,-0.0020070964415874106,-0.28398010553463704
0.00045791962635867737,0.059808936401641505,-0.010458216569609506,-1.3949945236384627
0.002005559886062792,0.3473415658879599,0.002088222144660881,0.3052655574627838
0.007529986117007289,1.044546788107066,-0.006429295736595327,-0.9825532626040508
-0.002605392597870818,-0.47596261715924204,-0.0005109187639754809,-0.0649317627570124
-0.005242224728626876,-0.6232671343434518,0.005044934198809754,0.7055397664041347
0.005668471742095507,0.7150409036058591,-0.005569939337505204,-0.7252685309472563
-0.0028488949505192274,-0.4371625390745839,-0.005801635939871017,-1.0227772143682985
-0.0020081541799468763,-0.29638517745890414,-0.006353679143404986,-0.9759688920189084
0.005051601147510661,0.8135523531599348,0.009204956344808439,1.3268829727928322
0.004372008683958808,0.547425019746884,0.006809512233460587,0.920523078430492
-0.001357989095357216,-0.22804363557528745,0.003638077988004425,0.6807704377639493
-0.013988741248510315,-2.0677745236799905,-0.006489381071521855,-0.7585026755643157
-0.008444468867059372,-1.680073325312188,0.0077969607115060055,1.3498403888024524
0.0028218956974560045,0.4308109967147954,0.0018618810580199835,0.3005991999843958
0.0070505173156856496,1.1392059673174917,0.007909006280394764,1.0728338781711366
-0.005639253533448064,-0.9159772366761868,-0.0028718336368672866,-0.4847047627355181
-0.004328406701825851,-0.7189891869889786,-0.01043837117026367,-1.6587560206170209
0.0005137304141211586,0.11190445564073709,0.0034647069543630145,0.5424194013558709
-0.007225017519217585,-1.0230770177286586,0.004607461159094547,0.6516942014452325
0.003246521645271257,0.6307586641400241,-0.005993427867664899,-0.69571840136756
-0.0028962129054609857,-0.4306069490038341,0.001705066296060668,0.2143062799066551
-0.00674688538846434,-0.9572573416349605,0.01902965000777892,3.009213984194206
-0.0058214569977207194,-0.9122255212229062,0.006543836517765437,1.1224570176485098
-0.007380256115046517,-1.0738003366796502,0.0028373073193019463,0.36759032745785586
-0.0022869913547915394,-0.41467567730386146,0.006242950610253437,0.9082452822890684
-0.0015352987180930397,-0.22853965244241586,-0.006782599459483293,-1.0658698457501474
0.0027315025935293136,0.40258334176630417,0.003639513956587045,0.5038209521281449
-0.0039354736107550595,-0.8181823237735233,0.0026301063217449884,0.3961604679879961
0.00350818460880331,0.5677142756454361,-0.0007075618394503265,-0.10922820175288107
0.006617736619734209,1.334563328589981,0.011230446308788888,1.7595988459068463
0.013784064373507023,2.409754260111891,0.0041625722246507475,0.5664158286942353
-0.006072102825206389,-1.0994627114637217,0.020009484451317477,2.1919079053946136
0.005803677658934324,1.1725141737538265,0.013326266918686894,2.2581557003010317
-0.007648023798998654,-1.1545690467327585,0.00803246735318915,0.9794403666833569
4.671054562150497e-05,0.008283076694461189,-0.009437052228535005,-1.15191615595811
0.0011473763395675744,0.2395936997549722,0.0017547649183364718,0.3547065082692847
0.0008080562469596879,0.14799741589584006,-0.01670844356991342,-2.2801580914365527
0.004232558695931941,0.7221217586595227,-0.0033444166888702245,-0.4471265106752373
0.00423199815144868,0.6810591530516904,-0.006174871752181988,-0.9600475803544563
0.0036928225568256283,0.6175304261389836,0.0028903624373532786,0.46929199854155584
-0.0002423125979088284,-0.04644181077160504,-0.011676976838093978,-1.811240540644337
0.0031938906333452465,0.4820928459029226,-0.005243149097857806,-0.8960847035102687
-0.0047760526972533334,-0.7041492940161127,0.00645802946316606,0.9501916966055053
-0.003595162078053225,-0.6590332083739869,0.0009051312647876959,0.12491833489532818
-0.003545856761059139,-0.523405510688638,-0.0012827998284362953,-0.24890589661228787
0.005944469178336489,1.0416945476312247,-0.003888923655221318,-0.6379299023466088
-0.0027645249424778024,-0.5901824839194069,0.001004696212474322,0.15681722906365947
-0.0013545470560573714,-0.33000389455945706,0.00993457772179291,1.5284729751543957
0.001694016478187193,0.27591558024092216,-0.006703974828160784,-0.9349234663865084
-0.010976686553156529,-1.953021031645271,-0.008886377319305083,-1.4045907099793882
-0.004780067724134052,-0.7058913861182575,-0.0060380902096105315,-0.8427298276756723
0.010826415904003855,1.3103520445185575,-0.008651231800634995,-1.1697009127095501
-0.003322147878642333,-0.5351068952760316,0.005543320457582984,0.8593996186050866
-0.004091315018543254,-0.7414384955626937,-0.0020821673505218444,-0.3207681193442648
0.002803917953104638,0.5522917704159545,-0.006638208866010453,-0.8868127260093741
-0.002467074461318085,-0.3980388587531107,-0.004614502051274741,-0.680071878056201
-0.007343317774639009,-1.2127969237764284,0.00545833061155601,0.7662432573871434
-0.009232914825751804,-1.8273774184951017,0.009089834387889113,1.249244036625415
-0.0011747213735302394,-0.2099626243341439,-0.0009022734534747057,-0.12684110335291912
-0.005583035113854775,-0.9131153217179859,-0.004711940087752112,-0.7517700236104949
-0.01181929824566716,-1.9696533970747088,0.007220814372352053,0.8717703341474651
-0.003006578511768428,-0.5498522005761189,0.004140325143858812,0.5129652570725728
0.0028910277222122926,0.5887698845326045,-0.002552721607722075,-0.402987626811782
-0.008867295780321091,-1.6496674243123468,-0.010648104380116251,-1.5175019217006278
-0.007601975957143179,-1.4294184987442609,-0.008537468772908313,-1.2316078462095845
0.007552024000476968,1.1276123591560108,0.008274252614333103,1.4349642600010635
-0.0022025935891720437,-0.3974386957196174,-0.014510381118508662,-1.8963370290536479
-0.005369288284155504,-0.6679835700745698,0.007469804522483009,1.0217700518517219
0.008883757600234922,1.528752378987059,-0.004713612815733632,-0.7051391668982288
-0.0018814010513886683,-0.3542536419603941,0.000337420060097955,0.04678324129404098
0.00879936541896442,1.3240529687955311,-0.0013502366373471606,-0.2576132328886705
-0.01044563281666872,-1.4458214983410167,0.016672612284378843,2.085436992097705
-0.006311033704498328,-0.8938641033671711,-0.004554683008355544,-0.6799259503026355
-0.008301292485655526,-1.2079269849357357,-0.013321631898777941,-1.7046692261105574
-0.0026523728454684184,-0.5099587033514825,0.0005271377632265722,0.06811910740394869
0.003820583910276815,0.6357775591442231,-0.006291595577210237,-1.030159605884245
0.009086812014808453,1.3946583703870084,-0.0005384164183986676,-0.08194207703016423
0.0009114986231394159,0.11074122919900978,-0.0020282333519495233,-0.29391319615639194
-0.003088249173352133,-0.42073811645189685,0.010304820347140739,1.4678411764102601
-0.008480934888320434,-1.4035092201565056,-0.001151477877732896,-0.18028577725891198
0.003276072618638081,0.6018456115070793,0.0028437582199820994,0.4066274721576716
-0.004270691263013737,-0.720577868823097,-0.006796774479540011,-1.096910430680379
-0.011159322168827843,-1.9093049685113441,0.012385788322741079,1.7759509173793548
0.0011587272428520983,0.17649811826595055,-0.010780682180129467,-1.9204303568132206
0.0032637038528468324,0.611723177889295,-0.00568005425098788,-0.9899515877962882
-0.00015157314182664635,-0.030274367863347938,0.004570946760252672,0.6323297661526133
-0.0024692163522680266,-0.48061502769198156,-0.0013697147591266489,-0.2376159088340924
0.004279108114949641,0.8565632927344068,0.0003381308878809511,0.05281282376091771
-0.007553126477624347,-1.2034495483639278,0.0032286076500891584,0.5677108631078657
-0.0015964806022688966,-0.2958191600613694,-0.0038854035404126443,-0.5685288908151093
0.003584995434955133,0.4265406834067889,-0.0077583263171255076,-1.3527878586099447
-0.011897199948231194,-2.2658424147180973,0.010071796882366913,1.2006244219042503
0.009522844978389585,2.2519784056237273,-0.0044795959416374775,-0.5967830715989316
0.0033755172000833862,0.44435428497342966,0.01007473555729688,1.3811698929377196
-0.0004268004789721607,-0.07527785318222706,-0.012745642752084091,-1.5363172232177338
-0.0029947211082852906,-0.42268649344679293,0.002766070353467898,0.465535824059382
0.001170610599644481,0.19491446420917224,0.006765169885906461,1.1931130762167763
0.0037282836801795713,0.6122328109895633,-0.021206090581753805,-2.840259762939699
0.007999184609863921,1.2826535588535348,-0.0020332752027498084,-0.3951913274946175
-0.011498318947517457,-1.4813434556028162,0.0020335678417002395,0.2650766214654444
-0.01109749144726508,-1.6490549164701904,0.0010119280709261131,0.13876199926978308
-0.0027834392359832073,-0.46506972689940274,-0.007178525237319836,-0.8627730982663799
0.0015698019805641345,0.24712949406490042,0.004705021757826882,0.5689741852547109
0.010933590115509689,2.052258062215741,-0.008340484664660435,-1.0284404093228914
-0.009826979154709892,-1.2151962318198966,-0.002093873999880213,-0.32978727224204935
-0.00302040482528967,-0.6312508939537633,0.008574622835174548,1.5320430834332375
0.0004929049596072426,0.09538193407713802,-0.0005513488009922417,-0.08423694245488693
0.0023111453498875128,0.44406989420290416,-0.009231072328825168,-1.4232778675695872
0.0012995044379959116,0.2714933569781248,-0.0070096593091387785,-1.0434682166489324
0.0039666939508253875,0.5772728788243938,-0.005044822114392055,-0.8068393209723888
0.010699182363992544,1.5277004505734149,-0.005677949274919858,-0.8889342221515508
-0.008565760082319615,-1.3347469680379833,-0.002407180865437593,-0.3990308613785476
-0.0037850808320610808,-0.4686807550939409,-0.0046272091925728155,-0.7017480439424775
0.0014745156772272023,0.23459328222121817,-0.002153336612254343,-0.3596481501213822
0.004181250007669118,0.8186414805618569,-0.011735335175146447,-1.2598088650497858
0.010960925078166057,1.7236135684397118,0.008529412660523202,1.4466429587101124
-0.009301439960053426,-1.343404183662334,0.001753664533782195,0.2996292258655932
0.007970774467589651,1.0734022619423251,0.0009624237495665581,0.114229534544249
0.0069595808675616214,1.3891947307853911,-0.0017992572901162772,-0.26327096329723215
-0.00042695869041722763,-0.08748289267437084,-0.009266879714518894,-1.3205198853731048
-0.002579131331894525,-0.5032962780827509,0.004898953019119372,0.8430556713402254
-0.003283624911147468,-0.525838569037969,-0.00820214826892739,-1.2293390628353351
-0.002453990353894803,-0.3653410552263265,0.0003759722657156172,0.05661096061604576
-0.002779698280944127,-0.5146667585745263,-0.0014062099991893038,-0.24930448391723684
0.0010868564521012577,0.15983611596848515,-0.002299592370334184,-0.4047465755069988
-0.0012078872723514519,-0.26804722911298773,0.00016057470784515824,0.025340056072169628
-0.005889503633014248,-0.7960584246035792,0.004507805150254172,0.5006635198113865
-0.004423336359585368,-0.6132847327768708,-0.0006917002379592796,-0.09051498855247236
0.0066379367833358065,0.9389330842038339,-0.0005030114040527054,-0.06928504135580828
0.0017193703081355089,0.26253809167421877,-0.011079873376399343,-1.6331365672570375
-0.003996031429119635,-0.5487327957809089,-0.006811215738455554,-0.9390333691341666
0.005167269010716886,0.9391357425373237,-0.005581997019055911,-0.8222035513013767
-0.0016797375704514423,-0.3018212555955468,0.001558605625358913,0.20497968958391205
0.0038205344598607463,0.5732538675152723,-0.0014267884408940372,-0.18692618885122633
-0.0013555671407364648,-0.1968412024306188,-0.007558631752667133,-1.3430300281340375
0.0036517887843020543,0.6112613026726647,-0.009694643303379871,-1.5581394971193827
-0.003937847956613884,-0.5883901888606334,0.005451328679036759,0.6763258654498735
0.002444764148078527,0.3459791110835123,8.188156919812707e-05,0.010168959337939064
-0.004052979000189132,-0.6683567850961595,-0.00021735200100384187,-0.03516487013653931
0.007130836199184741,1.2396736403200368,-0.0008120309825738831,-0.09958618138873032
0.0023918444501343024,0.4004159765814613,-0.0010264006059197265,-0.16324159044259615
0.0004623297577365323,0.0946648828880606,0.005712285364929885,0.8873576263289883
-0.0005723507611764486,-0.09265750842795499,0.012728572102136312,1.9423561377315557
0.006045258663461924,1.1319440096620732,-0.001795790703148106,-0.20959803990690332
-0.0027054455894002403,-0.5127497292967299,0.0029997032077895645,0.46791707598683896
0.002169809574376023,0.38865721741396897,-0.01077398947002996,-1.8638544701666964
0.0040203608731845895,0.7998685715158966,-0.006691849119595422,-0.8809406475210668
0.0034671404571545847,0.5603334663284707,0.007524777458558201,1.0479497701464007
0.006837351535627759,1.0172834625764178,-0.005243967713509691,-0.8845420424011434
1.2352493244184516e-05,0.001864011484980841,-0.006400832316761062,-0.9049188518765058
0.006867750687122402,0.9360068780715182,-0.013187526433210528,-2.075981134788969
0.0027719977230929276,0.4617562681980506,0.0005832206660266116,0.09041118202932995
0.0006698893911812726,0.1350322971583273,0.008593066633468044,1.348233412355535
-0.0021121193240926355,-0.3931315718822815,0.0009254390725210983,0.16249803251381406
-0.001607142227262668,-0.22028940395314936,-0.003804354624902517,-0.6739899166337389
0.003493064744250207,0.7977636542828156,0.008696443347797931,1.1121717935293167
-0.0015072755352972841,-0.18298705289712722,-0.0030960035256083545,-0.4602714931771463
-0.011206472289505769,-2.045032792569949,0.0024219465146625135,0.3046260035340086
-0.0004435889203664051,-0.08723397911654128,0.0031705082401346147,0.4506724538680475
-0.011346476941477484,-1.8519244447881251,-0.00042938914061776355,-0.06187055271588878
-0.0015544286569883106,-0.23889738325868892,-0.00842033629735666,-1.2447998559925324
0.004947512118969732,0.6499272374964279,0.012619032057455681,1.9293743659598523
-0.00019660287263871564,-0.05338200054799645,-0.004674486213284337,-0.6617539921321164
-0.0016317186993665296,-0.26974852598025734,0.004094160944929793,0.568614777576926
-0.013555521039850048,-2.4632030650302514,0.006483257825767222,0.9548158423049891
0.003426196929165768,0.4781253694351938,0.00252987603885314,0.3116157496832534
0.0010403415524185516,0.1516905234581432,-0.009973803035670517,-1.5897581144195
0.0002592633475194206,0.03733554246023668,0.001306599971410763,0.1929237590207905
-0.006830772134669979,-1.0303917124277686,0.00639319534958683,0.8269497658967034
-0.0011818389586263757,-0.24995221455639866,0.003026671271508364,0.4516181724142744
-0.002386169975507296,-0.5717559289949079,-0.004798075675936531,-0.7370912396669588
-0.006051374783920888,-0.9613736913537638,-0.003530145645256998,-0.5574613337887582
-0.0034070967841641616,-0.663525884776856,0.005840027420987052,0.9161250616631899
0.0006923657705977485,0.1160776549976695,0.013145254877900506,2.0040736389209464
-0.005805001092345766,-1.216207678586893,-0.005474212657054757,-0.8258168585153736
0.0077363289948357734,1.3166091241282891,-0.013032110832683564,-1.8145315897163365
0.004509177764865527,0.7207142466392581,-0.0007396374393258371,-0.12837148838207013
0.00018751516289883317,0.02762159060859203,-0.010361718358472962,-1.3370690218501398
-0.0010513806929438735,-0.13729115897561348,-0.0006165942889381133,-0.10767856459250856
0.002245283101419631,0.3235695306640902,0.0016027197111138352,0.2485874830750014
-0.002222892909767334,-0.4385610141158041,-0.0006632561547751726,-0.08214337584782008
-0.00023331219684100292,-0.030471703252210904,-0.0031882760517399373,-0.38324503806311616
-0.003987620451678761,-0.7397524198813294,0.0011792718373360366,0.16628364032638177
0.0062157283902689354,1.000367730809265,0.006349762876859486,0.9846359610170649
0.010878612053672805,1.3597774818735016,0.0005256599093519787,0.0716174995311328
-0.0007749504922730721,-0.11543057323267418,-0.000469836713923716,-0.07129379318835188
-0.00731492982394682,-1.4568064399034066,0.0012523150602505352,0.21082066750876774
-0.0009294937710065084,-0.176885867154184,0.006785257402020245,0.9001434546346632
0.012863615923533895,1.9551444294022478,-0.007569229836961551,-1.0804550350989286
-0.0012238158101918167,-0.2375558388676775,-0.0049201407699781,-0.6454949446748102
-0.001212620944461438,-0.24613360549033733,0.002172144738623535,0.3344645001286951
-0.003215727103348899,-0.6354041499723073,-0.0026861123163598524,-0.4005043211461047
-0.004899865516202567,-0.9025714450955753,0.008663835271465085,1.1523798722251255
0.0016107741389818876,0.25557652869168246,-0.0025430541047537416,-0.40947630332119356
0.004391834084714972,0.7616787625774152,-0.002129095941087539,-0.28014203739386245
-0.0029527847722124814,-0.5577993133900064,0.0028694789418017815,0.4878743649336379
-0.004640691552647365,-0.8757135526189922,0.003565860299550844,0.49883895718978233
0.002070506989400418,0.41063964604777614,0.003565093229170256,0.5399406628684383
-0.004008573511550757,-0.599670833568734,0.008032961873746533,1.1623743893731469
-0.0049319085866961114,-0.6922694992459215,-0.004115729000826797,-0.6636059523103196
0.014770366072091756,2.9225363261556208,0.0029937864628053193,0.39204334284197684
0.0038932485429292803,0.566279855460003,0.006894751809311011,0.9095904197379941
-0.01322779651871754,-2.383349768044139,0.017486084962595107,2.412920631574429
0.004485025785534114,0.899158754676062,-0.002562585767662518,-0.3849812187611617
0.010382455092590413,1.4681092261699589,0.0010164449193715203,0.1417547912589826
-0.0017625546354943277,-0.3118901046418253,-0.008806239604836275,-1.2348973363601425
-0.00035902241652235813,-0.060906552705088796,-0.0082723404475671,-1.1461559933081567
-0.0018513738324219197,-0.4563309436294245,0.0021361935003468406,0.32320371729881314
-0.0008254382906071155,-0.18468628199598947,0.006877640014487398,1.0028596649889194
0.002848312171613873,0.5823097567265457,-0.002066211399765836,-0.2969569284256373
-0.0027747473335872673,-0.4729188201987215,0.015978088744919572,2.2661600552446535
-0.005178222541884827,-0.9786936169696225,-0.0014679478317931242,-0.23198096754045736
-0.0033125489914930194,-0.6534163938724108,0.005325534956468203,0.8575244861305014
-0.0028370372027905094,-0.4538100741913213,0.0022331039867467505,0.312643805966999
0.0061871134828239355,1.2108977408725132,-0.005122760934068305,-0.6810211227910138
-0.000564983124896908,-0.10628983532830642,-0.011519618383920889,-1.7811143292058658
-0.00332615050165382,-0.5162374272611636,-0.0027441080498975187,-0.4904609856099684
-0.0008252861970902367,-0.13998038848607464,-0.0039477510420390305,-0.5442702186667623
-0.0019995083520757237,-0.3414684027607102,-0.0036976018524020604,-0.5510492636211611
-0.010508152491626347,-1.6233485325694479,-0.01679885899283276,-2.3394721193922168
0.0036317658580783214,0.6416707914057598,0.00226752218548468,0.4171085764950199
-0.0013161648436034049,-0.1617501513760624,0.007597162968742322,1.3437583053830675
-0.008561400810249337,-1.5926433248638172,0.003897043734754843,0.689667429805257
2.6692633152249035e-05,0.004307578857272803,0.020814108652109514,3.224506671164881
-0.0012139185024118248,-0.21370872753265274,0.0004173464058665135,0.08372394754587352
-0.009440509020663982,-1.5554821059817199,-0.006615479959615009,-1.0379791352067311
0.0025012091905609085,0.47028496194929803,-0.008921389399715728,-1.323130734041612
0.0027540084275351207,0.3984438108531287,-0.011596923326536685,-1.7176801177515333
0.005782553977114526,0.94794575412768,-0.0017763524896573495,-0.2698600213306719
-0.00851118880948637,-1.360929616750773,-0.006157932465587218,-0.8854818507119675
0.0005223513993713863,0.09287604563100137,-0.005625308633424217,-0.8418003655445576
-0.010623559584875191,-1.944748057243932,0.0073307557308642905,0.9327283902085302
0.013002991270220459,2.6081542478417634,-0.02078125096951472,-3.0636817623376262
0.007996660770728916,1.4796150103023817,-0.0020571338044396903,-0.2685382907651565
-0.009248064035801832,-1.3185077186476974,0.003542819559271993,0.5208007553009395
0.0017968480890977394,0.2506951295492863,0.002748174619097332,0.4298420355656722
0.004357603855542035,0.6855796689911918,-0.00665924623960517,-0.8465598717604489
-0.005334603943232905,-1.1091053525844878,0.0010526629682464845,0.1568991722310698
-0.0009837756959593527,-0.18078754086246218,-0.0028436147594935205,-0.3972209359564731
-0.009172496216112592,-1.3758003202358449,-0.006098398073619701,-0.9584485150239126
0.005328628961467068,1.1593803718551368,0.002224422148032995,0.40897147238652254
0.0008136581215366954,0.13233620444974,0.00550338135565662,0.7580499224195062
-0.011107475056030474,-1.6196530594319047,0.003036388523053984,0.4377129509747019
-0.003584158856378821,-0.741138656234199,-0.0011590269830253313,-0.17851510188549433
0.0018628418780262564,0.3144071664761939,-0.0017204485975091466,-0.25697546848798936
-0.011469578659695072,-2.096694618863884,3.486671219819808e-05,0.004348701247197996
0.0047614906036694445,0.6502308294631245,0.0029657623854940623,0.4180880342526468
0.007951976532239186,1.4234777452951093,-0.003673548411854166,-0.5611516097934651
0.007117060543247027,1.4194524030285374,0.0028521025504207056,0.4610838836031272
-0.00620432630860036,-1.1245299244076872,-0.0028255209136958995,-0.4522814900881865
-0.005015121050266791,-0.9507486745024861,-0.007575470495723406,-1.1269905622209924
-0.004360925112000921,-0.8189291546984159,0.0008404717376896708,0.12193062056113865
0.007780591004899631,1.2695847788417063,-0.004672994398643156,-0.8923154285348095
0.003957468569703576,0.7011963848972056,-0.0121077408641267,-1.6706365190723362
0.003381942545685081,0.6460506997681777,-0.0033953795996032876,-0.5360472203744622
-0.00894013286650364,-1.2885286288628715,0.015501100852490079,2.1081573898475536
0.005007285577857361,1.073852310259624,-0.006807455044446418,-1.0597062544956355
-0.0054984673689941095,-0.659431033375779,-0.000374130595540354,-0.05000663401542859
0.01218022173858804,1.6591497643288033,-0.00783026085886686,-1.2541189514548168
-0.009979015914858514,-1.863114047167891,0.0015558634621241213,0.177993092462101
-0.0036805505279492575,-0.6305982137690374,0.004369340389174909,0.6346570955532412
-0.011091248060034793,-1.6130353292425124,0.009491026639696112,1.770525891118226
0.0054828105826387075,0.8784675433523743,0.002040875658297361,0.35115037285674205
0.0058456291233504225,1.0753960304201997,-0.0022890684702501062,-0.40558456834929296
0.007623784279637163,1.300650078521473,-0.0012828589700917556,-0.20350590135738517
0.0056554531848348214,1.0793747734304804,0.0108466258383462,1.3405247379092335
0.0037591907652308578,0.8347705080293992,-0.013318979903932179,-1.6015497697639889
0.008350703876580849,1.2797386665149115,-0.008192065225575779,-0.8268908244140042
0.0014943324480786876,0.26559564232023236,0.0017633649753503776,0.240978117200595
-0.009031941907932108,-1.1250427806404684,-0.003169044682537408,-0.5021996567420122
0.0012783288837512814,0.20743702018721577,-0.0065663656924318855,-1.0898844086742605
-0.005279182078059264,-0.9924533439709179,-0.000983280303790601,-0.13829016536968383
-0.0005828114784832059,-0.07128912141281674,0.003442974654037273,0.411005701701983
-0.008531885695434149,-1.3870930269847908,-0.0038969532974601445,-0.5301761052244315
-0.00890325191216655,-1.8409795896043333,0.0004088653523501257,0.06069082122763208
0.0015144447086860237,0.2576459649246469,0.0010638671060553043,0.10973896552065102
-0.009683201588124688,-1.4761786677869184,-0.0013494973324714957,-0.20983725959222824
0.00602290883976685,0.8481462144881284,-0.0019131374735500309,-0.392713584302032
-0.008702356746619875,-1.3955456180147783,0.006324098974256048,0.8135224438427929
0.016395047897866392,2.329687077714651,-0.0026117004000338535,-0.40136503715103866
-0.009038087136919499,-1.4421201697723118,0.00012945537484864198,0.018512617491050976
0.0030763862453430583,0.5149955281231947,0.00609852883620117,1.142495589756227
-0.011716981338921968,-1.680250917146935,-0.01626960317098587,-2.4835122727255845
0.0024405998672568452,0.47462396373556137,0.003859913941951614,0.5497016404593931
0.004821944483578021,1.0571034631715963,-0.0012626548008478767,-0.19690401138555716
-0.0068974743473947265,-1.2435049216896485,0.005706656779068158,1.0164430226587295
-0.00017193373479346068,-0.02981849577058614,-0.007174684113899258,-1.0244367063458972
0.0022586811042039686,0.43382483543119843,0.0072655502691759775,1.144532013507473
0.0008377917767871042,0.16057101713482955,0.0003961631008619914,0.06999176973913347
-0.008860576735239413,-1.768207878272815,0.008876294770300532,1.6509989249248302
0.009098052754433683,1.951694013392443,0.006727793922381833,1.3325127789945883
-0.003097074937407171,-0.6232695527835829,-0.003186495360844981,-0.43290562711888336
-0.004906983198383473,-0.8211072202280312,-0.006287054348337229,-0.8948592321394665
-0.0008084265639697826,-0.1082295156232489,-0.006939035252916262,-0.9530828116366601
-0.0023270882696787487,-0.3816013626218717,-0.0004092605971396016,-0.0633874772112304
0.003770986649406517,0.478124625989052,-0.004917635319306531,-0.735525278461424
0.007120498777850138,1.108958284851181,0.0034525724051197434,0.4528503601121816
-0.007385772032687383,-1.0577541146667035,-0.005185086640174729,-0.9158024136953653
-0.016007783067964326,-2.432973704822921,-0.004389172070288681,-0.6169995134907913
-0.0040088850568920425,-0.8209719416470895,-0.001771004572234511,-0.2837714833195848
-0.001547242444983107,-0.23518101741383476,-0.0002507613354978238,-0.0357388756305816
0.008886347505614798,1.0404939467632874,-0.0024537926251769074,-0.3476786210072258
-0.0006766468014654176,-0.12433324917610292,-0.006149252174940765,-0.82697569568925
0.005660111130523176,0.7826105249309924,-0.006506100586229259,-1.1405508201766787
0.0018671613635801976,0.3784877619257075,-0.0008127843360679333,-0.10281279433032181
0.003989302834123644,0.6191838567767499,-0.008273918117390245,-1.2677504956187777
0.003647711430878492,0.5602549224565417,0.000874165344590133,0.14301191994962678
0.0010133493413482717,0.12405236656030157,0.001030112540784357,0.1368745087351996
0.002372043873569982,0.39826515422585906,0.00958165526787444,1.8606392571307364
-0.004903718809394697,-0.8625686718726912,0.0015607235171810965,0.22870510699999086
-0.00600594760910522,-0.873250174050361,-0.0074001807967317675,-0.9408970150869524
-0.007943138318668698,-1.2588750529062693,0.0062979836383244775,1.1819783665920511
0.007833466418013321,1.5064596406366362,0.007079217106598614,0.956298000132719
-0.001468809800334264,-0.2711909191659204,-0.0024825041765232946,-0.46499095534805057
0.0019648523521195583,0.3677433093843318,0.0008186957569763875,0.1593324742217371
0.005258416412334719,0.9125287365279385,-0.0054231914496668514,-0.6355788224080454
-0.009963621803468976,-1.35565811747713,-0.005281105287287998,-0.704421873722457
-0.010145624337087612,-1.3713575927363368,0.006347677812948201,0.9044078260160364
0.0028326284670915866,0.5375868965771132,0.016712680189960014,2.440824331093434
0.0005810777099397106,0.10954042797294347,-0.00411272316100861,-0.5253997452399756
-0.006885229071118444,-1.2250448976417894,-0.006763302808488084,-0.9665155375136507
-0.007093784542303054,-1.295641782471731,-0.011063778963942394,-1.4011455670589081
-0.004190350772614419,-0.6843153886283033,0.006462566959573525,1.1886525343606495
-0.0036103515839667746,-0.5409235858589767,-0.006662431498804985,-0.8688103287431337
-0.009937527689025059,-1.6909530780388715,-0.009419417394394045,-1.44767069234227
0.0037623747911590165,0.6874886085586461,0.007096855197583338,1.0886171968140672
-0.003560762483665979,-0.6624995679687309,-0.00026665490847389535,-0.04854899827835117
-0.010917378214015823,-1.5710329150392648,-0.005108944893050013,-0.8526936261522702
0.0013281257847207856,0.2378466839946161,-0.0005765318006105798,-0.08445668794686058
-0.008367409674413096,-1.3662400357909739,0.008594577582128303,1.5475764546518667
-0.005872674290345525,-1.157824485474513,-0.003438848192699984,-0.47603477383730614
-0.001009217012388579,-0.1367737778497326,-0.0007558602057093041,-0.12164488281154515
0.0008925710415431086,0.11394720527897848,0.001610330556335393,0.21042615011019153
0.002868662012613087,0.4909863470179426,-0.0006146310334249702,-0.08114594548326604
0.00033866116119022054,0.04812466293263879,-0.0006630841983078718,-0.11683647762965314
-0.002975851045374554,-0.4746242216202499,-0.004633229047830049,-0.6273910918806415
-0.010915761629330011,-1.8940162994533436,0.003420184108551638,0.5926713340093098
0.0004382803045673084,0.06633637601171752,0.004342826263466239,0.6656885931730911
-0.0025941499716901745,-0.45556835398590395,0.00919796438709401,1.114527957367879
0.00551128446630795,1.0312846029040172,-0.00468409756033596,-0.6447291082264168
0.0062044021237338725,1.0048697962076207,-0.018740636852611188,-1.9367092048546177
-0.010740238350465985,-1.5931800481140819,0.008493230560489801,1.1495312330862426
0.007412217453239905,1.1811961991981847,-0.010339891261145737,-1.5530159088613025
0.0015943906205826358,0.2060727642719733,-0.0014576922029855084,-0.22444158516028379
-0.007245633696445036,-1.2108297076065744,-0.0006961457014998573,-0.10179192858525858
-0.009531242182110638,-1.5634799917320554,-0.0005155849683854158,-0.08505474119106086
0.009003451192616668,1.565629959754126,0.0040415389999503915,0.5752713098633023
-0.011223937457667706,-1.6199771131993965,-0.0025482455997073925,-0.3814989805209462
0.0026850588210483146,0.4207129469957688,-0.007393993214479323,-1.1205212124599455
-0.011949190966914401,-1.7531555800489356,0.00361611115901039,0.5505790109705092
4.125703768503836e-05,0.009127686010719047,0.009885807711802582,1.3221986903180714
-0.0042485637701737645,-0.6028798440624596,-0.00940553257024278,-1.469189112813498
-0.0011037207367793932,-0.17215543389794832,-0.001510353697869001,-0.23870984762516556
-0.00862771028741967,-1.1189751654566278,-0.010264734167763936,-1.5417827742474453
-0.005310105858634685,-0.875833862313684,-0.003982730140304624,-0.6381419165798359
-0.0021954486403770396,-0.37138779855136,-0.00948778619240951,-1.4781105363380482
-0.004953754977075055,-1.006002557160225,-0.004299722666185869,-0.7951913922736823
0.0004298695097757344,0.09194424549981872,-0.0037453174157194413,-0.6131821422401585
-0.0011460920087238745,-0.19865188618725926,0.0042188657077732025,0.7050751647425209
-0.0011045733774408966,-0.19853254717196564,0.0011684835889781283,0.19435623832859855
-0.0037631384178076644,-0.48415312011026324,-0.005670493933530238,-0.8498172703359276
-0.007248635073737887,-1.4119271798322715,-0.011607987470739885,-1.8472974844385928
-0.0036880799133022736,-0.6514364083981811,0.0014344292361044343,0.24763605918110948
-0.007057746923411781,-0.8880883674131044,0.0030923510158365015,0.40978226048203603
0.008071657275697613,1.5479643588503087,-0.01287681007750806,-2.091679496017834
0.00640626641795442,1.065288045452987,0.0045986424891926,0.6614415052672401
0.002266392624135232,0.3683314086831497,-0.0015857462789357348,-0.23064271481460336
-0.008018178464592055,-1.4790130012302645,-0.0054128790556478065,-0.8754221399474353
-0.0074495774184349045,-1.0817098731446517,0.009662553132912106,1.4905519350518335
-0.007411378910017931,-1.3155566483224004,-0.006598206724814309,-0.8729026577770542
0.0051651656630770666,0.9594841137378974,0.002457226087747448,0.4198046543649442
-0.0011330533860188577,-0.15061570465507135,0.0059952043908935715,1.0327568514615069
-0.0021421035887738554,-0.35150536880408906,-0.006342783910994623,-0.8915043781887678
-0.006133290542074718,-1.0021078234128395,-0.009947972082010243,-1.4272290361093705
0.00011720237700232254,0.01768018161607023,0.00729199152040625,0.9667596170749017
-0.0025693471720256615,-0.38400324970680905,0.002532425552309551,0.34058825472729193
-0.011844952535345482,-2.211292772261886,-0.007980569109893214,-1.1832339646119752
-0.003298869985533789,-0.5974516946875823,0.0015093552248492347,0.23126441532653239
-0.003251763150026568,-0.594475617399884,0.0035851049365172526,0.5762783205817991
-0.0034716348150641337,-0.5944034894311984,0.0028728991251965857,0.39681720315202446
-0.0006022388116889003,-0.12295060681435206,-0.001639353043587867,-0.25899416440683826
-0.003065442723063739,-0.5125864577660364,-0.010102876141666287,-1.4171313681649294
-0.006465701423329967,-1.054727614806728,-0.010381474385786748,-1.741845839351418
0.0026636802259224724,0.39222719485179247,0.006669526607405165,0.8192653568755012
-0.0027677490708286376,-0.5848371870477469,-0.002849022619445212,-0.35668328516027015
0.0018917679852896792,0.2801236304847792,-0.008586370331561101,-1.4956517181369313
-0.004557852710328771,-0.6846103913366818,0.0016513808694702088,0.2668937055180221
-0.0009155193559458765,-0.21130411203185642,-0.0009936355628360656,-0.1328793494084534
-0.01072730712893037,-1.614191509650615,-0.0017184255893137744,-0.2937049951827838
-0.009220764031095306,-1.860262059535972,-0.01522572578224982,-2.2705100311002435
0.003922093810519637,0.6521480740305642,0.0004300288982960575,0.06709077422508523
-0.0005409401660695615,-0.11440326625136699,-0.01021586673048984,-1.706094925413957
0.007619460223195422,1.5352540312260408,0.000826377116947163,0.10630952896102293
-0.001779610403948917,-0.22385213916771862,0.002530520572878809,0.33887418924467005
0.009641417783065402,1.393823930099017,0.016966656921715298,2.739799587093215
-0.004509862799361468,-0.7866685881679606,-0.002677430679432406,-0.40424866106248003
0.005867397362587809,0.8561743226147904,-0.0015100066031733179,-0.20133537310099262
0.0003925588478565895,0.06269317697123487,-0.004597751509669376,-0.5337411085556283
-0.0025105106555678974,-0.4942484720523669,-0.0031749103824980107,-0.4197593173126408
0.0019094610447486357,0.3046413264946233,0.003175133292252208,0.35821463107327195
-0.005062092281218685,-0.8015277926818957,0.0002723515328704754,0.030587771122464854
-0.006781873525791525,-1.275702742710291,-0.00299270348602219,-0.4448036771831451
0.007137958809751412,1.219302328347489,-0.009089669990026122,-0.9857345855086729
0.0008279598202578801,0.14499164678850704,-0.005309570866872887,-0.829452374974539
0.0022684469586340492,0.4643546901997591,0.0012929849229117495,0.2039894404092469
0.005453645949182539,0.9832253349642276,0.008517607520717566,1.2629830526252765
-0.0006588692516456632,-0.0817158163514549,-0.0090255944911487,-1.3510407499631127
0.001926324959527974,0.2717440940784184,-0.010432138150017336,-1.3669163335088492
0.010531806992870787,1.613137311275583,0.002487573175707093,0.42773673430158055
-0.008629081261702698,-1.4194887619968963,0.007154924859391532,1.0890032578596924
0.0029630846139282055,0.45272423658518285,0.01708391362337253,2.4782990531441733
-0.002885242115529774,-0.45918280960495333,-0.0078042918477843806,-1.192403075147719
-0.0009515997538895643,-0.15597797606116315,-0.0007987796544067329,-0.12701988126054348
0.006722203864925181,0.976839736088672,-0.0016473019928671768,-0.2697327600839301
0.0011872141042176914,0.26630228618342766,0.005116574252317699,0.8499559087640266
-0.008600396171740776,-1.7819596105927924,-0.0038888694075292786,-0.6179096745932292
0.0029517159893640015,0.5097753715079522,-0.00767213919509978,-1.262287157246851
-0.014447862057589711,-2.09860067745887,-0.006786713910774912,-1.002975301789868
-0.0032472146317129437,-0.522844701349978,-0.009991109137559396,-1.3961021584147704
-0.004126988384345754,-0.6846901700659153,0.0025057377609251225,0.4064010480737819
-0.008906811750647921,-1.2136545681148476,0.001276780584055614,0.20823603041191507
-0.00414483057647751,-0.8222728600686526,0.002130316010487245,0.2893537806732374
0.0056040585888797985,1.3418014672250251,-0.016486085349397387,-2.1416532781669133
-0.0022819776560307867,-0.3432304164592637,-0.006136355646513834,-0.9127700474237638
-0.004503046285225692,-0.700411536055434,-0.004002908729709865,-0.48925499897961683
-0.0006385992204369885,-0.08895533642594776,0.002605865034763107,0.4867387313856448
0.003815679751651907,0.4536412193797535,-0.00623815465918276,-1.0455939284051705
0.00477052538646444,1.0128081327172893,-0.004814504049066909,-0.6649903929803673
-0.0008658598861795657,-0.1543808908892679,0.005461583159392025,0.7363055847747471
0.0008999574617557025,0.16548436037426595,0.0032863883180404597,0.46363490356843917
-0.003390358349295781,-0.5258055026449658,-0.009964963701208668,-1.3022097979022529
-0.005737125624773532,-1.0398884302166216,0.0020928395466007317,0.36062524111516014
0.014139146101279525,2.1955970422563547,-0.0035439755716389835,-0.529483519126337
0.0002485833968030536,0.041704509014286135,-0.0023990579666009,-0.3453391138755856
-0.009504573626573493,-1.3663374091804148,-0.015442060370271831,-1.9277703872059297
0.0029815676708790416,0.5270664449556467,-0.000989832668507346,-0.1671284505715911
-0.006745957674267125,-0.8115742526567744,-0.007987658988835883,-1.374571241161036
-0.007877956188865047,-0.9758885429282492,-0.0020527522938922553,-0.279608250610587
0.0024235384778046147,0.3760321293276005,0.0007798452669627875,0.15709689538267324
-0.004576844849623904,-0.8664536396153351,-0.004707877602109221,-0.7605153590824846
-0.011002946772779767,-2.0916206609711914,0.0007435713124743052,0.11365136746545736
-0.006296329367913717,-0.8981714064103395,0.009147357916963243,1.4986823047241074
0.001335074028308274,0.19149663209434886,0.0017900601728524082,0.2924308162863371
-0.004265306198668228,-0.8794309144322396,0.019454625608126358,3.182884492087274
0.003765277337501113,0.6699869661795373,0.00018704119489612603,0.028168696779229164
-0.0003781437300994442,-0.0537428011923715,-0.0028465887606887864,-0.49600809744061825
0.00797387149583683,1.6524834658663268,0.0024985999852694648,0.3482422277538295
-0.007174026349708821,-0.7893101367397369,-0.002315939816182018,-0.29659663461596014
-0.011961668814992475,-1.7763434075149518,0.004667055123659959,0.5776261302590414
-0.0021961981179022243,-0.3455187213107494,-0.00927512256970081,-1.0294819282404535
-0.0037746110715361795,-0.6476859224708893,-0.003157251552692596,-0.5315863119372782
0.0124531025190973,1.763586644355741,0.011814401318214958,1.6548140877374997
-0.00570810760027622,-0.9659918706226887,-0.0007275247564014309,-0.12916837258175082
-0.005427709350734649,-0.9243264155980573,0.0013415425188707877,0.21502694296843153
0.003149793965075932,0.5285291725724826,-0.0069214042045817326,-1.1395572677547912
-0.003957163555898752,-0.7441460453864702,-0.00023725946191692157,-0.028229021678603524
-0.012294624588151372,-1.7520055590573218,0.003325018316974667,0.41623698206562343
-0.01161240050211171,-1.6990937600138487,0.005227845818341362,0.6689613033065928
0.011985974401168581,1.6472916635876642,0.007542419196865758,0.9717136936738414
0.01338910654177432,1.763307367926136,-0.0096823296760876,-1.5332691013573834
-0.002808087458489629,-0.47261929987693224,-0.0023313939198644877,-0.3434833386801479
-0.0028428562506983973,-0.34235031123655046,-0.0050283992420933135,-0.851787192613785
0.007706366810088112,0.8800541643743782,0.0005229274973948322,0.07516793636435816
0.001979159418412784,0.3695244787907925,0.00702565045604031,1.0265081396755253
0.0011384278816843176,0.21651060151417864,-0.007175511675794029,-1.0653634596629529
0.005836604325831934,1.3170411982873775,0.005864767296501037,1.0535137707447875
0.008093763290563244,1.426346158247626,-0.004687411910390399,-0.7503002699157094
-0.00021949934692980564,-0.03368246439768824,-0.0033078751904644875,-0.5589647532639994
-0.0020248809374742785,-0.3199972495579769,-0.0026820400306480706,-0.29170944186622305
-0.003395712313245095,-0.5633763312594487,0.004963905362392067,0.9590893576772089
-0.0006995876484087135,-0.13803428555919395,-0.0023142812410469073,-0.37725520253186323
-0.007557339668911723,-1.3804938043471906,0.0007021362019037363,0.10229653691691497
0.0034745666509235474,0.754642664627686,-0.004559423932632564,-0.7695894977806069
0.0028911889343533398,0.42016300686911934,-0.0023690450197933538,-0.3213463247622705
-0.005635170883038947,-1.0740198564929486,-0.0026444394529186927,-0.42550033242679564
-0.0072276336797735125,-1.2291210898367906,0.00026499637711731246,0.04265941311931718
-0.005212219671595937,-0.7629618043327504,-0.010391999319353924,-1.548167829409418
-0.0010882525888508655,-0.19017316299011824,0.001748012962541531,0.3237636618281125
0.0029078865646039093,0.5768134608926843,-0.00822242306150245,-1.3462679031741585
0.007380619786047858,1.363823725089375,-0.004008701491316512,-0.5593703083645054
-0.006156232122406126,-1.0826423354680217,-0.023061590411714086,-2.812358534989088
-0.014635110605093465,-1.9129847342262944,-0.003371267571277384,-0.5332768922249419
-0.009141857055474538,-1.5528971423029907,-0.0027292299232021464,-0.40361241817325755
-0.0045296553726805015,-0.7507535681916677,-0.005630451919024233,-0.7124506845025521
-0.013244990650746281,-2.0932256210548355,0.006961895188038898,1.1813345969893503
-0.005959950745473866,-0.9695266119345781,0.0013168832164936707,0.2073373041436416
-0.006863492356626153,-0.8069332905998782,-0.016412256652356107,-2.2151457690175493
-0.009937616407475584,-1.8570658675189458,0.0024182144429868878,0.35205886779738027
0.0011786844449175448,0.2407147338854698,-0.0023689886766496415,-0.481361633154062
-0.00036332866949088656,-0.05625718210697793,0.0018969686065806943,0.2644329905817962
-0.0007465527315150187,-0.11102593478434569,0.010907799417357908,1.596763792092638
-0.009133188985458748,-1.4532544531850156,0.0035973046915657603,0.41882843258772456
-0.004308357993476782,-0.752554962442831,-0.011057425023499465,-1.4380517727739879
-0.005767868590308768,-0.7848834654490938,0.0036404229858410585,0.6730669520115863
-0.0019328846297102396,-0.3107265975185272,0.004574503362437567,0.616586608764107
-0.005694487944791396,-0.9468859719999086,0.004726197446860434,0.7155860512805203
-0.0027155281284491455,-0.43789867425686757,0.00579417984394979,0.8768740884655772
-0.005550678430273055,-0.9906363350124135,0.0014860792965279682,0.2540057104877092
0.0011076930740991945,0.16740167537151002,0.002740222579499607,0.3764412409508974
-0.001435373245111071,-0.19235391968635798,-7.417393537267463e-05,-0.010284149979693511
-0.001119765377142621,-0.2458085211692146,-0.0015010906442771733,-0.26423415373183
-0.0053322669455924294,-0.6855131775134545,-0.0029163979769731277,-0.44718532594462046
0.0025801382698136823,0.36162319862770054,-0.002151407724809967,-0.3281778565800035
-0.010254713732278044,-1.6690879312776687,-0.006035790320986856,-1.0290720279506715
0.006843147960190399,1.3520494659816236,0.00913473666128795,1.3033824085797316
0.006309249810241406,0.92593278705035,0.0005816576882063232,0.09227619553603032
0.00626250391392298,1.0483097859642232,-0.0006120602308922804,-0.10018526815605838
-0.007086524647250691,-1.1031665638381825,0.002395424923202885,0.303419843392897
-0.005476053399817087,-0.9652641322009554,0.007099157250039742,1.1033561433789802
-0.0027767555250127656,-0.3591346457096531,0.005592739397393546,0.7586621655699123
-0.004683200584612804,-0.5624965971852228,-0.004541419784291551,-0.7530067826416543
0.003934627938148502,0.7999505443158702,0.0023709972688256793,0.34391210715856146
0.007327682916843225,1.2324821501428433,0.0076229351707531355,1.0192647428168375
-0.001625512184269796,-0.2987460331058591,-0.00585148549530305,-0.8528881506154067
0.0007480364278228699,0.1283903543993536,0.006040012971598321,1.1054043324964442
-0.005074228287786949,-0.6123742861512377,-0.0068908585965916595,-0.96994733070553
-0.0056347780025149275,-0.7802036804840209,-0.0018093540303597282,-0.25821742886105226
-0.004048277222695648,-0.6369207868963171,-0.006675948052514952,-1.0842983908573522
-0.004054848679620357,-0.6161298806662411,-0.020606884658953283,-2.4505386366951676
-0.0030046694484788163,-0.4282402402411846,-0.009415451793724234,-1.2772464354721988
-0.009513922154944641,-1.475639943464593,-0.015758881991677347,-2.2140939747875583
-0.001349238025040784,-0.2511113729854207,-0.005546715469060604,-0.8132641812951855
0.0015819939590352551,0.20573675926784757,-0.011639580106974395,-1.485373989333502
-0.002603070218011483,-0.6024871039740575,-0.00802451542063021,-1.3775533227363035
0.0009523471382699698,0.1696058731575424,-0.0022958812373467027,-0.28522746235645885
7.666983616765635e-05,0.010695480174985226,0.0095467448926352,1.6526037820226265
-0.007024942223597917,-1.2572738863445987,-0.0024595681333398384,-0.3279923693001246
-0.0032671859240846544,-0.5922430145680647,0.0016378108863182813,0.2462602640537808
0.012728377533896648,2.5252564071772032,-0.0007676700375252135,-0.12472255474186639
-0.011527018466130887,-1.5448336141870216,-0.0006540634008145427,-0.1038878658670161
-0.0013847045914721049,-0.22784306837393645,-0.003905819367747426,-0.5824008433753116
0.0003515002617216275,0.05099282281848026,-0.0002530881615427376,-0.04849682763139814
0.004755370027112988,0.7926412061467488,-0.0024142924687378426,-0.4115271207110885
0.0053883905730557615,0.7351904022779554,0.0011021490919784903,0.16722504349469838
-0.009595521448446182,-1.7044416675900407,-0.007149739053186804,-1.3256642434786785
-0.006754805767007638,-1.4230929411084652,0.0059581631256057106,0.8282057021705101
0.0034291936573113153,0.5206668628127428,0.00517133443590481,0.8312072351066182
0.004371341915934102,0.6654171894188823,0.006978590224452852,0.989470413807477
0.0001537823256839513,0.024202814395594362,-0.0011242585982656449,-0.15647185993438656
-0.005226781767060181,-0.765773904442828,0.001391871476029164,0.22674750410574776
-0.0017648638467692456,-0.26827632985873406,-0.0006670463869351735,-0.08173470876141788
0.0024718801932169503,0.34312687075644055,-0.009656882909748869,-1.373969935871604
-0.003374251405308061,-0.6810290489829754,0.002817434366283516,0.4888655426633177
0.007059222573768153,1.17617169741732,0.008701576187096681,1.034954783806294
0.0010182351810395624,0.19087117375298676,-0.0021409414194356216,-0.41819720077085454
-0.001682253018493227,-0.22383852695055478,-0.0037854948200931886,-0.566816014729448
-0.006576749270294802,-1.0325257692418028,0.01565414667378573,2.0057990562320605
-0.007027997361236862,-1.0957925472115968,-0.002059600456804528,-0.2764874824103666
0.008042973123188734,1.722766794941123,-0.0019514730943260106,-0.284445521980099
-0.010152485165963562,-2.192843119036578,0.004142768324462545,0.5616167435558863
0.002332744031597391,0.47751283775203807,-0.007234055611327908,-1.0817831891318617
0.0015477418533576927,0.3634158614751127,0.006250362811660344,1.0235879878972012
-0.006999151702924563,-0.9868995641751924,0.0029942525892304775,0.450193958795125
-0.0002479699590197817,-0.046088356167786136,-0.00165184621404444,-0.2696786747379537
0.004822527333647582,0.7719032995921093,0.009545889728678921,1.87136969304134
-0.007859039608192871,-1.6026613865367656,0.003340420208147274,0.5341857876655229
0.012106690199489359,1.857593624517626,-0.0051251495017853015,-0.6540788484697446
0.002869249915822497,0.3858353962861495,-0.00397519552659089,-0.6353235055433827
0.0024805506359771596,0.34796586335196006,2.693096092310713e-06,0.00036741670445705917
0.0017740416460473645,0.33486460487247244,-0.0010592237678871586,-0.19257725604622677
-0.008759512075107707,-1.7949080953690748,-0.007004014402007694,-1.0415263604264524
0.004049048770999264,0.7593659235112123,-0.0008756142661457418,-0.13238618499704968
-0.007559493470261983,-1.1123792968643202,0.003062286481374908,0.4482557768118198
0.005867644102339125,1.1276056438863422,0.0003945823857286438,0.06519127872350353
-0.0037960052299137754,-0.6267413244537513,0.007480302366185574,1.0336200481239624
0.0006261602931557395,0.08918100731417468,-0.0050296483038230234,-0.8499797302749502
0.0022658909316039862,0.4280475284955823,0.004467145826371687,0.5616593340648972
0.0012499086200111688,0.1884213124876894,-0.004203145701328497,-0.639172848521136
-0.007932453876818638,-1.1144651516079052,-0.011533790393183838,-1.5702850013273262
-0.013860161969833109,-2.2383991229267837,-0.008003793311031404,-1.2834927608705906
0.011732749442320393,1.6528315769803588,-0.013287030904303714,-1.939877320531755
0.006824246587893913,1.3936089859754865,-0.0024063195345420917,-0.3398648183182067
-0.012902312751515849,-2.183325571720278,-0.010003810222362094,-1.386507492685236
-0.008016855516158099,-1.5585993621060716,-0.002866753555186725,-0.500654955819993
0.0009603831748033736,0.15507196163641432,-0.01031478083858782,-1.4260542619669452
0.002538071373060452,0.3640847443521049,-0.002406043138462824,-0.38534546788486634
0.010900282846931737,1.8917001083201022,0.007531427921920837,0.9431430564983099
0.004728943531856376,0.8991979896148274,-0.000974411665179468,-0.17361069563748582
-0.0008367580316563449,-0.15751274919540523,-0.006700375226739688,-0.9621937071035802
-0.005214314538735183,-0.9737561782134311,-0.004352624335678064,-0.5934900015256298
0.006562935053622435,0.855904740697279,-0.006859089233410337,-1.06021201366132
-0.00021576002368960912,-0.047424522426033795,0.00496656435365925,0.6920309867677612
-8.159254700725575e-05,-0.01019483865299951,0.00039359850157644856,0.05943764158390506
-0.0018301871482011085,-0.2398040256632036,-0.015182301713971514,-2.2230670057984083
-0.009689635036206859,-1.2775393041516228,0.0011006431125650264,0.17619249631385814
-0.0064370672213276085,-1.0145609445760027,-0.006293468040379432,-0.8607002507929111
0.0005953475835180045,0.09247722448739677,0.0016874454388367366,0.23202965275714935
0.010526844599880932,2.0270522393235684,-0.0025056869109684222,-0.4368086091411598
-0.00583294692130539,-0.9805610988334817,0.0024679651424014074,0.34859758672684765
-0.002349914272067968,-0.42122117056664654,0.006873292765036686,1.316917648162944
-0.0038452642631348734,-0.660639635770297,0.0027585426718897237,0.3772859983584762
-0.0009639988793579305,-0.20335232423935085,-0.006556217130814461,-0.9509555236640704
-0.004893106476880777,-0.9393540717806526,0.018660096775817807,2.5136354221126
-0.0047354317706297415,-0.7922217213002654,-0.009717440787577119,-1.5300604690742499
0.002680747020474031,0.45121520602962256,-0.0062175034544758225,-0.983886477883034
-0.007672330745303522,-1.1777353946414528,-0.009486098370655883,-1.3340808859711066
-0.004466152910192831,-0.6173306407462077,-0.009039152724532151,-1.2932636949412382
-0.005776850651035113,-0.856691822611842,-0.0030853014079234727,-0.5382235334875946
0.004549072787914097,0.8696370081309218,-0.0012477231136218516,-0.2002584829863714
-0.014461818339719565,-2.458316262341945,-0.005514938495146577,-0.7892090294465663
0.0020521861288147667,0.34774607183996703,0.001111089182932101,0.15275906195297964
-0.0029444065901677047,-0.5151245051273775,-0.005282319518405443,-0.6502896356332093
0.0010721167845531665,0.15215496487270413,-0.016300562025043867,-2.155770235834551
0.004140561803282645,0.6457418101513145,0.005228707695807036,0.6004398206075491
0.01688532827734998,2.6801970649190863,-0.006946738117947424,-1.1835579398097988
-0.011599056327786926,-2.1320397221922316,-0.005183439468240985,-0.7827860598262316
-0.0004739305887153958,-0.08828342051996645,0.001877067319549037,0.248790472668162
-0.008680766648186594,-1.3262500653828182,0.0021882462729756022,0.34359226087342554
0.008956633534074866,1.2178903566426615,-0.002556926032384388,-0.31731034756186405
-0.0002403989636074759,-0.05617149773272201,-0.0016273933832555462,-0.24961818808897807
0.015711912222592182,2.5690453610976287,-0.00756083160986952,-1.038643189833663
-0.005000319843576713,-0.7275365827782112,-0.0026701191561831978,-0.38783984648279624
-0.005091638230210394,-1.0110049010349222,0.0029617746752746603,0.40936334822379666
-0.0011306157149533278,-0.23494097768213593,0.005753982228600395,0.7340214422911694
-0.0005718902328458309,-0.06995431999866954,-0.002367044536575758,-0.29690873143352414
-0.005183530411276126,-0.7737632059380691,-0.00147821066212027,-0.24097686510376837
0.0041952982577293805,0.6517684739600467,-0.005900493018778015,-0.9818422443761899
-0.0007593819166519165,-0.1335752705530187,-0.0031495603567074613,-0.43583180807868216
-0.0010293086637989959,-0.15359702968375324,0.013385399763053134,1.7934317456269937
-0.0008280778245836459,-0.12797373427632286,0.008567083547672128,1.1928408235748953
-0.0018395234012953232,-0.2706851900314474,0.00409938377950998,0.6026340161828765
0.0018979539810982154,0.24983984321958264,-0.0012075372826608106,-0.17139653494882928
-0.0009794140144206236,-0.18455429873413934,-0.002885873390991844,-0.4086777955073321
-0.0049668708311402555,-0.8737077858167539,-0.005772344140909475,-0.979213747913087
-0.004526904260194008,-0.896581548246036,-0.0005387037191389504,-0.07838424581929052
-0.0019357321629688276,-0.30051773817921007,-0.0015846973574650115,-0.25607597197685145
-0.013385858181637102,-1.7103420311488784,-0.00019370683734064054,-0.030740820620635458
0.00031850526617657423,0.05801923453265147,0.010456643750264175,1.287051007113362
-0.011589614342540737,-1.5930679736943492,0.008589619802918877,1.162826191611668
-0.006045968994895891,-0.921465565316477,0.0013623940717627451,0.2532155232937893
0.002614768610473373,0.4895261021524691,0.00957061204675222,1.5957425245225034
-0.002613038663462809,-0.39166054291802455,-0.006185419817570349,-0.9185639812183118
0.008689284058495722,1.5128826508358588,-0.00020543554448223316,-0.027897271633642456
-0.005713251019556233,-0.8531874068054048,-0.004869776034361072,-0.6617361148557549
-0.005405272293452726,-0.9763828731776052,0.000652332181321787,0.11381635241958953
-0.007472094660383198,-1.2556112917776714,0.001273060824093137,0.21445387803724608
-0.011870868605504686,-1.8309327941228017,-0.0037827146904605927,-0.5325583872858594
-0.0002335736400562078,-0.051319997573778274,0.0011625958485963063,0.15764284145672874
-0.004354722034637314,-0.8856783525857977,-0.005781808845567365,-0.934978046142456
-0.002471362212956979,-0.4491457475592886,-0.007175378393243154,-1.0032300732421502
-0.003365855756195274,-0.5777525576775142,-0.002551605716487239,-0.3988516628932821
0.000661024557451593,0.08318210613562317,0.006285975340207686,1.0358858908226318
0.0007106443025168421,0.15586374233755695,-0.005278396291335344,-0.7784355601298364
-0.0047998176988296665,-0.6955717743776795,-0.00014537756684647192,-0.021603301106417033
-0.009582801534589902,-1.6771729727681726,-0.0050229515181113805,-0.7362028220624699
0.008137418314606019,1.470028478251633,-0.019290895705859804,-2.307977737216454
-0.0001824717162823953,-0.02645860512742531,0.006651653329669136,0.8208150753715788
0.0004049317457010219,0.07522251125975418,-0.00894803678004732,-1.489135247326083
0.006924214591192985,1.3644414794223938,-0.0005848751335828387,-0.07030050693947208
-0.0022922738065300732,-0.5798482689940663,0.017054205207043076,2.8708259334471835
-0.012020677605359263,-1.7897495796926797,0.003745659866681305,0.6432971274198795
0.0036528083311912346,0.5246785201129494,-0.018812082611648694,-2.369832689722488
-0.0043493018753363605,-0.7379786896922795,-0.011840151381818362,-1.935731350379839
-0.0015399681314639743,-0.20228859892818699,0.0003566898013263243,0.05296426479868368
-0.0002564175722646493,-0.05117628101941906,-0.006412021387641285,-0.8432936054879738
0.006942813382271758,1.037534865265738,0.005197843506222173,0.7249350713552851
-0.012673103019976793,-2.1760348223353936,-0.012600394737284705,-2.122462207750736
-0.00828797453623042,-1.1161274652354158,-0.00784297150384939,-1.1188463119909566
-0.0041804861293671634,-0.7564817018184385,-0.0010362394783105734,-0.2105311974069852
0.005829618589836908,0.717197566044068,0.0031287293875591708,0.429531132747395
-0.006279594734865848,-0.8112264759662717,0.003002004389308271,0.5555621467368662
-0.005671287485775576,-0.8877406941246484,-0.010014987217016217,-1.4890806712310247
0.00028412427145081643,0.05743243875965156,-0.003972764160487303,-0.4188494662487499
0.0001083170639264527,0.01762804647369782,-0.004080888240182703,-0.7048856213567892
0.0020682058617762945,0.319807493399415,0.004444685330032745,0.49830260893179334
0.002621109989094559,0.6598397674422064,0.01053272165304489,1.582448689034171
-0.010096211435748282,-1.785646258351059,0.005503714324573043,0.78449312479887
0.0019090850348633755,0.3170809092506621,-0.004277544935494033,-0.4669723789755515
-0.0003872968086236563,-0.06877385517977966,-0.005741301694568543,-0.7719015653234909
0.00984566353380885,1.7049062367856418,-0.008001319579931358,-1.5257423026707886
0.0037161769258931485,0.6999284265770906,0.0021808271081214933,0.36707198552111386
0.0012817801660584913,0.17317806202114602,-0.0003829871102682753,-0.05662813079520081
0.0037972643650309897,0.5081629638140704,-0.004535067712248669,-0.6619223720926224
0.003933765983280577,0.6012729639208632,-0.0076905374216239995,-1.0970683072437188
0.002841793513707967,0.4452281002113206,-0.004806761633902374,-0.7363314181149512
0.009681626662351932,1.238323435046713,-0.0032189919079682085,-0.48492971278365127
-0.010687294575801946,-1.6147796218819928,-0.016652246746620233,-2.9683714116137807
-0.004276277673297631,-0.740075975380565,0.0036592720369254222,0.6891902369890267
0.0016900116293318925,0.3177783228582036,0.0025037234383151223,0.40898646989107423
-0.0006543798278177006,-0.10836324706766813,0.0037125900645961834,0.7347547023392564
-0.01494575032799076,-1.9841459336166836,-0.012989840719956394,-2.162614039581755
-0.002925879044307632,-0.5848442432015831,-0.00023116895145379226,-0.03167541566974386
-0.008285103245730532,-1.3668870797074897,-0.0005364191979777027,-0.08595698334773924
0.002731061435722836,0.4920335288946292,0.006641803125021295,0.8864368720649647
-0.003729404288305429,-0.5178657086435139,0.0012602030392272917,0.1869323437067186
-0.001418410800655848,-0.24157921591592538,-0.004061980041646937,-0.6483560871650972
0.002764014078858681,0.5089293765012959,0.00023174351768344426,0.039681412435162815
-0.0011094419600625024,-0.20093771563006296,0.0003910060643694932,0.04950802313171369
-0.007504206562264882,-1.0563914947919606,-0.0031552225837952357,-0.41665325818870114
-0.002726199068193081,-0.5408735899429313,-0.0013922009699268803,-0.22752898474477987
0.008522146275606499,1.2201720679589727,-0.001499411772005147,-0.29405103520632103
0.004824904162230589,1.0434167870152988,-0.0025582694454756834,-0.4019945500204363
-0.003400940524756252,-0.5273905872792765,-0.0006658769912757821,-0.10854851970030152
-0.012193390538216775,-1.82628937795734,0.0007756657596732928,0.1296433411831365
0.001949532648841393,0.3344892637711306,0.0009840025886871098,0.15451890105558594
0.0015511726438624447,0.3142252095971296,0.00441287953341952,0.5483308850094065
-0.00088687472052972,-0.18862200309022223,0.00016371806679365324,0.021288727148161397
-0.005832717965144956,-0.815177570212444,-0.005769818059084501,-0.9245834345355728
0.00012516714029255424,0.024568306831473187,-0.00022304706831508838,-0.0328179817179628
-0.0013138921628949999,-0.27414920837252127,0.00828913284422911,1.239779503275372
-0.004347138275545413,-0.7092802375957841,-0.00693769790082782,-1.1088251893245589
-0.005066125329900252,-0.8780517642906512,-0.0009024724147094587,-0.11810792995350472
0.011058606947978953,2.202269552629325,-0.0017025659264140898,-0.19032136511577089
0.005464669875089806,0.744280579653162,0.002896862770205173,0.4399962546777731
-0.004133624604041379,-0.7173655012777717,-0.002099009290661676,-0.3149857261922704
0.0020759635653568834,0.28563485866841576,-0.004754600601212289,-0.6888064129148915
0.00023690976836536164,0.03400771507990537,0.016169545157795756,1.9958583731321218
0.014983032991988658,3.3634702283809728,0.00713284714446978,1.303523567413236
-0.009987779269765667,-1.4685306842529653,0.017239262785901828,3.189380761490805
-0.003180320716534211,-0.5839086089305444,0.0002584575899295036,0.031095210367419617
0.00140647336219748,0.1999964961846489,-0.007323748330540293,-1.0368439852727735
-0.007181042253747126,-1.3219966688269749,-0.009567391702180085,-1.6482644915246953
-0.010131176985165984,-1.6200895561703137,0.00872880997998915,1.4141942120877158
-0.003232446103742928,-0.73282040176647,-0.0006706405636295652,-0.1093598568913557
-0.007790273379670088,-1.4206295527670934,0.002925512352475049,0.3981071787149325
0.002631522325932943,0.3641294018342736,-0.0030935891868048015,-0.4621020212894748
-5.016126213062882e-05,-0.00966187502918042,0.0025372157493278383,0.3562500475533529
0.0016413876973583772,0.32067960720514443,0.002081081765894462,0.28982445891548325
0.00040607963447189023,0.0686139166698268,0.009011122741585557,1.1363048910097573
-0.004816120552868203,-0.7558391637822004,0.00453960228999014,0.7019999889142834
-0.010567384947080788,-2.0083726886381714,0.0010931735143038836,0.20016649780082127
-0.009611211062943067,-1.629631449999624,-0.0032341276739123155,-0.4841504487167423
0.0026426699276566896,0.38462888962885367,-0.006194653916184888,-0.8439358760675673
-0.009095154809149101,-1.1229923388236678,-0.005385274106314465,-0.7196279648011077
-0.0022904898822229407,-0.31487870780848304,0.0038238667055386926,0.5532202762029924
-0.004840373813424013,-0.7918485549705667,-0.00021788781641979594,-0.03551808582550714
-0.008896053528179928,-1.3497920199019973,-0.007152063050779773,-1.1033047598744181
-0.009071993144015788,-1.1905378016020984,-0.003683023259826091,-0.4001485554717763
-0.0015414954454720606,-0.21219669817059472,0.0010829745975806143,0.163533698649813
0.0011335225754279207,0.19493908434460064,-0.0028999184623061352,-0.4316839499505337
0.009244621257740412,1.1889579947141622,0.0051224946219168375,0.8851611769108921
0.00176469135014909,0.316257135013953,-0.008835894587591132,-1.5868511381823407
-0.0048286956122330586,-0.8859877084277439,0.003475308347807929,0.5362868983924182
0.012503333568296771,3.0008239147266464,0.009926432937094203,1.2119041800016783
0.0017261587589251434,0.3205334419511915,-0.01056314648437094,-1.376499275619623
0.00022781807278341872,0.03327565951558064,-0.004679310911705412,-0.6691034762605496
0.0015741886150445123,0.2354856327561655,-0.006187585379482607,-0.7619956747955683
0.009491867066720124,1.2450176903844088,0.0015905765080393677,0.2201952834939475
-0.004818633470543878,-0.74191534936633,-0.002629451287790722,-0.4032068085330248
-0.0007129555468259293,-0.16042231777157215,-0.005236365100192815,-0.6320708189488159
0.006222847083660114,1.3035782089768608,-0.0015077051072767394,-0.20191147350936534
0.006411671580187423,1.4044110901141116,-0.004828464864443745,-0.6439015333776771
0.0006760751634816839,0.1014180126345605,0.00490746824610078,0.7340875217360344
0.00021056192572993287,0.03624953673165633,-0.002699222144105235,-0.4286818838739831
-0.007292843662709585,-1.3587944179029172,-0.003109360730828728,-0.5317035504143278
0.012260182289781131,1.6638916937222483,-0.0012025049571470084,-0.22657835258050507
-0.00016339925779241654,-0.020691570787571154,-0.004918233936596495,-0.7710243663203229
-0.0020101489369397443,-0.3477613846053312,-0.016845154601731187,-2.4158949158341487
0.0040327527955399,0.6408946557983616,-0.003438022661639003,-0.5610564443263178
-0.00015695768666845581,-0.03729998652830735,0.003348811060026599,0.5214474966044043
0.0036804661554483134,0.45516496471680246,-0.0030199882973016294,-0.4482708435886281
-0.0006674165194044535,-0.12026734744692573,-0.002004580928921609,-0.3048960550304284
-0.004998172938595135,-0.9973282599923413,-0.003259139690348506,-0.5277553259715618
0.0023414609555850578,0.3829198861868461,0.0010360070320704253,0.17319197731155772
-0.012523476564146176,-1.4019781985195778,0.0011617176241736453,0.2013568457771387
0.002119563347219978,0.249037036575359,-0.001504414572485129,-0.2374939867988183
0.002782148590483288,0.5104607771299339,-0.00028682430827620115,-0.04319309117301035
0.004002525541899966,0.7924129593254714,-0.0022566887540071217,-0.3131366567753912
-0.0010770410376070634,-0.15219799305851947,0.002387706153495756,0.3330492680823951
0.004988996260626772,0.9421454155612158,0.004151729862372038,0.5737500181942824
0.005649854973283447,0.9720733495178641,-0.004926703888813803,-0.647896159991436
3.165726056198549e-05,0.006022480105456331,-0.008391695945988981,-1.3669654450951336
0.005232621465485104,0.7720857252784744,-0.010013178015954069,-1.6589670668928722
0.00011849424186411177,0.021892760498918615,-0.010870123973395877,-1.5227904219833244
-2.5214900927699542e-05,-0.0048756686144885136,0.008335125663382206,1.2752823207616755
0.0038076015141465967,0.61438342079338,0.006777992286171515,0.956116712343011
-0.006319254981982273,-0.9326076576726005,0.013556784659520366,2.010147679000923
-0.008451287851792218,-1.4888285985551013,0.01902649582786193,2.335845678003798
-0.008714950912326835,-1.466633937809103,-0.0019014398619128425,-0.28130996695455074
0.005422019282871159,1.134138670343783,-0.0009190740451867149,-0.15323518511855005
-0.009569330812947346,-1.6388967191567152,-0.00863371521076206,-1.154950942701098
0.0027052969295039754,0.5163849917254016,0.012032466841757754,1.6793551426901248
-0.004235395797543171,-0.79482766202287,-0.008080547599628092,-1.154752763657616
-0.0008280685665600134,-0.165185433467788,-0.0013184398939466142,-0.23782013337332608
-0.0018141116683254215,-0.3635116210340135,0.006842872606934708,0.8434081148788377
-0.0054497607123478245,-0.9569706281090344,-0.011501977935854894,-1.8739497813951844
-0.0046624232697564895,-0.8352987243579311,-4.587814638627502e-05,-0.006530694030190544
0.0064989949303321535,0.9840229402900799,0.005092762240726852,0.9362398571556098
-4.6603125083542984e-05,-0.008419113885759246,-0.009510384175029068,-1.1838288792593785
-0.004888988977788146,-1.0332820780312375,-0.004941982108680485,-0.6000761521206269
0.005571946353117652,0.7886246013432412,0.0004701427512633101,0.088138518633113
-0.0022684556858896844,-0.3843131576057207,-0.003384990256596676,-0.680912981560555
-0.0037038754137495972,-0.6245913971872361,0.006658276959233834,1.1427271945086592
-0.0002261920617315804,-0.04345716443664465,-0.004599007988951244,-0.6148640830500549
-0.00613599415346038,-1.0030334591396002,-0.005563690889221384,-0.696040737541998
0.00893797449891193,1.1155387258749294,-0.004187010545491946,-0.5746766010624337
0.003135628104343726,0.6407564623116445,-0.006073792268126342,-0.9419507980564399
-0.007192278439858511,-0.9738153740100765,-0.012579571258619419,-1.3735432094895916
0.002927272146027674,0.5213048647934985,0.02073827475673828,3.0324807476249496
-0.00048719935677934647,-0.06990018540973693,0.00444496846496183,0.5773564143735078
-0.0034176137419059762,-0.46842557909407573,-0.0025087237638473934,-0.45222530472076694
-0.005155459455539194,-0.7963360037816813,-0.001136958362767367,-0.17004390171220995
-0.0041349448672839935,-0.5340353051152987,-0.0045413776219429235,-0.8883199303367402
0.006637010596450351,1.2569917172516245,0.0007973403332079966,0.11453126483977093
0.004338540867902045,0.8089084178214293,-0.003075006345203985,-0.4579912496990188
0.003520273582379992,0.6586359474369256,-0.00685127428132977,-0.8738092732754171
0.0010434758686805397,0.1821837569754278,0.0008572394819514344,0.11840633031433931
0.003854959659330512,0.5391482507643356,-0.007072939904905477,-1.1973053439473238
0.00367079279888309,0.528558325879186,0.006225707304930328,0.8946296774472268
-0.0010108616651343374,-0.17235191204849376,0.008936333756958938,2.0258654762613695
0.002032404376590081,0.31094527832117086,0.005211737622381629,0.859807201242493
-0.0014912555726626282,-0.29855426050126727,-0.004802636765427292,-0.539656536173129
0.0011877190763944848,0.2542873102362058,-0.005951775421053858,-0.9176919131254416
-0.001957910876302886,-0.31557947633818506,-0.003059652500239529,-0.42260782560076493
0.006931335213435526,1.1148503565553927,0.00717664431368192,1.3200129459623666
4.951899385997969e-05,0.008497090573873519,-0.011324033131616375,-1.3252319695517063
0.005656735967956291,0.9051302444499294,0.0023109260024106026,0.33522039536150117
0.003185615330651684,0.4291311753023146,-0.004013075916375006,-0.6676219636961067
0.0029922129915982486,0.4976802171531189,-0.00431048186722727,-0.8159777203826721
0.0022403711828005287,0.437556893350494,-0.00928024210287393,-1.1121508791539796
-0.009607707890939092,-1.4392132156883153,0.00037993698346589736,0.04963498424472548
0.006769232848760435,1.1259495806192745,0.009937292127364003,1.7435937916772224
0.0007924528921848341,0.15461557572779133,-0.002770649642275977,-0.41345210584628844
-0.005030009512136809,-0.6791661767504252,0.011620119968173033,1.3440428044978399
-0.003366728462620896,-0.5998961967751247,0.006487010402211125,0.9108505552569113
-0.007564827542238766,-1.4752055089108616,-0.012445350513971987,-1.864940652930982
0.008394587540651305,1.4616777371941112,0.002116679299689531,0.29876466280083114
-0.01388494165071183,-2.2813035312743364,-0.0005041366537613634,-0.08821939479081488
0.0019161636450260855,0.3253054921873863,0.0035221887326027015,0.43113767875280407
0.006652148771970512,1.4381321525961093,0.0002571164661990749,0.04409283010846181
-1.162557532969152e-05,-0.00177828615672419,-0.002874486907242584,-0.38277868932897474
-0.008779013356644418,-1.4891564747057096,0.0025783930034121065,0.4240351561446891
0.0024999954622112524,0.5608749504887788,-0.005476882162395872,-0.8370281066216083
0.00314152326220673,0.5726615765573553,-0.006112020435779544,-0.789464440534903
-0.0114276663564306,-1.7177269203569245,-0.016087784856996128,-2.3159493511680673
-0.009383449396010608,-1.4050921320857175,-0.004448877708891282,-0.9050917477912989
-0.01465473053697184,-1.871953252259427,-0.0008783546906702393,-0.13054709923343188
-9.841312444947813e-05,-0.017107156828647614,0.0002808666592443068,0.040858090596158254
-0.007884657567859474,-1.5158960927316958,-0.011445246594424105,-1.8082238927955576
0.004099002786823068,0.555064456441056,-0.004418895584795348,-0.665782362933126
-0.0007412304627004324,-0.1266102336291055,-0.0026472842152073933,-0.4097785124537124
-0.002580787219443547,-0.5299539184388069,0.003255011430495899,0.560684232250457
0.0065418511188047946,1.1496040670517653,0.01437466765283432,2.2918615621724006
-0.0024031101766766507,-0.33385844922103425,-0.003890179427057861,-0.5415853228351565
-0.0019642999269335157,-0.2295087079889497,-0.0010422767952644632,-0.13076954586967607
0.008658775229048971,1.7397417104059556,-0.00662450542019765,-1.041513478184405
0.007358009929642303,0.967017982571608,0.010328300205145372,1.5597853428395247
-0.005191268366592879,-1.033705356060188,-0.0015581139050289267,-0.2209192400962398
0.005166104619761203,0.9129086564570775,0.00878487136415143,1.2345076603931808
0.0027812974511147405,0.4747878632901082,-0.004213915392888878,-0.595158723733523
0.005009224953082139,0.7624552639182193,0.003630830953326238,0.6329948140606907
-0.009748257875853358,-1.8631201372220187,0.0067778160611942535,1.132869683971798
0.001985442370186342,0.24459075508845715,0.009468936470652393,1.4659726908528703
0.006230868615971582,0.7078638180287369,-0.0010504910247089926,-0.18910398768125025
0.006399078248349826,1.223394039628241,0.012441485933503665,1.8130184175678417
-0.002912533218810048,-0.5763831513891189,0.0030470226922919563,0.508628990197256
-4.561332666414605e-05,-0.00710722441101638,-0.002389711048334145,-0.29026598619093097
-0.004636735840188032,-0.9101041172683253,1.6204553335820397e-05,0.0024471461942581194
-0.008601082526578369,-1.3542566995766105,-0.00479420712523362,-0.8760590855220158
-0.005904336003016604,-1.0073320598555566,-0.006434299043370123,-0.9661257630498191
-0.005453654792353119,-1.03969448783744,0.001969236271531856,0.27773523781131904
-0.007540123381526867,-1.3377292656419606,-0.012175689761103971,-1.746496720116404
-0.009611712390558164,-1.9179363381974395,-0.014872450497719975,-2.5487069601449193
-0.005507066325446333,-1.0877832751889884,-0.008981829633399534,-1.4065366446665868
-0.0012389612940156823,-0.19665105685708067,-0.008057649097673616,-1.0575402052409362
0.010058188487726728,1.5663921244312942,-0.004567622210904689,-0.5651450884633529
-0.0020634605537213813,-0.38825010847106983,0.005337815404532697,0.605654761765043
-0.007780214855901368,-1.354374412336703,0.0025105637087415138,0.4116349030347865
-0.0012843006289042559,-0.27775069630975396,-0.011644755726989012,-1.2479854912591277
0.003997510766920218,0.6712561689732006,0.009045998161509704,1.0826863846748438
-0.0030328638227965624,-0.5693672702187044,-0.0032505229299204944,-0.5574206468446712
-0.0037111224359038524,-0.7146802605301215,0.008073264897446033,1.2422273803372859
-0.0027131388009915317,-0.33817115335032977,-0.001279769057753124,-0.18627500614388318
0.0036662445316602028,0.55456002798727,0.008956786629403348,1.3256073726771134
-0.0023371004276560095,-0.3568405342457061,0.005782757204923741,0.7981630175135934
0.002348204986781295,0.32282709255766173,0.005153082042064057,0.8702994073290043
0.007977258691522928,1.4434325341312941,-0.0033481989443794684,-0.4810808159767217
0.004377799761507571,0.9516038629717667,-0.004081603602471101,-0.6054845980566941
-0.003242133669074567,-0.5769810160081877,0.011456579992176415,1.8168680336903382
-0.004028082861034289,-0.5739740441613059,0.016275137880307204,2.403616751443005
7.298501893045466e-05,0.011383374917334895,-0.002971795401901841,-0.4858045196219149
-0.008150045786406731,-1.5946269048518498,0.0011952844393569083,0.19259272793193563
-0.00780168547909115,-0.9743165346069216,-0.004731901022060053,-0.663945867510465
-0.00936654889060061,-1.7049759176682788,-0.00042796692549446373,-0.061945911731273624
0.0005767523842003379,0.0781367757284799,0.0007448137006559135,0.11335634825771063
-0.0035468968010274344,-0.7174201174253786,-0.0014965211664931168,-0.20773659057586238
0.009562207543620952,1.3811328106069365,0.0022931488439771964,0.3015422973840731
0.0020289113454071478,0.2729163627892382,0.01071828049916929,1.4911171153362661
0.008977262297888415,1.4904247895475373,0.01152746227195966,1.645689680315565
-0.0036746374957464852,-0.5413631478741715,-0.004311820187668741,-0.7201325452036316
-0.00418327261679977,-0.6950110329289179,0.0026787049612488267,0.3970630874676852
0.0009783397122215243,0.19120791038000778,-0.009439386343997973,-1.3609825048169544
-0.0008987092560917803,-0.19032435280853302,-0.005998935323608324,-0.8983612376744071
-0.0022286643501775267,-0.34019457806740416,-0.013190297123450604,-1.5775444282575546
-0.00043530177774503176,-0.05834525077475926,0.0006453953732205705,0.09437695304260524
0.002934585616803987,0.48428899167312267,-0.01084917233078041,-1.6716497542789954
-0.016271027305477546,-2.579643355553581,-0.007456706554902328,-1.1859296853354144
0.0011200163352364908,0.18836423521186677,-0.010779728281981678,-1.6295435684000867
-0.009455177842971878,-1.623742818601541,0.006362612699645251,0.9021129379662295
0.002383896729509038,0.3508122670490161,-0.00046191965892110456,-0.06072083213816684
-0.017179903184651794,-2.6299160811350397,0.0017441649025131715,0.242870983580851
-0.0063935825996671546,-1.0708729390002165,-0.009331922161199173,-1.4641388943755034
-0.0027481416533148137,-0.4253493040349118,0.009544807124467104,1.2640157509180248
-0.0031292879775146575,-0.656459653554249,-0.002165604596198953,-0.2581721145410199
0.0008417108930203344,0.15312233854396923,0.013439181673923951,1.739861532510675
0.008986971939884117,2.1530372749394915,-0.00853953188725477,-1.2514178013856172
-0.005325571468033843,-0.88066797544154,0.005840757064829316,0.7238872677109115
0.013869883541363199,1.9894805037068835,0.0007587706923617235,0.07762480486347097
-0.0028920770613055993,-0.48718559206924394,-0.0020517391844229477,-0.27498763655681807
-0.00930843756709351,-1.4700470922003241,0.009460447117883814,1.6809342209606108
-0.007336041499321429,-1.2272695768182964,-0.01478153552031743,-1.9426898141095947
0.008002540245598861,1.4300968908178613,0.0020268623086926417,0.33985000117882236
0.0006697693087712637,0.12622017306654396,-0.004379384697732065,-0.6290667505078742
-0.00011064037525982851,-0.023206999038134384,-0.001638018006214811,-0.20363039366848004
0.0017587843614651631,0.3012823949516786,-0.0025556025718739377,-0.3358465111605489
-0.010016148984599807,-1.6849384142751664,0.002820765310460895,0.5122497684992522
-0.002962114839273136,-0.6755044778287714,-0.002977536148885806,-0.39753543443803285
0.002306653199289539,0.3686957534140801,0.0006682789093745387,0.102507236076464
-0.005425202909263302,-0.7844100742216933,-0.004075401751223759,-0.5557117721809522
-0.004948794749591746,-0.6737241925113638,-0.0008022458398264971,-0.12245605072621824
0.005985053302729325,1.0327458067067947,-0.00706359868228339,-1.2651621702267841
0.001830653483664348,0.23551603088363302,-0.008380164851463538,-1.3057370905769505
-0.0006241976010153067,-0.11528098357949877,-0.0010799208866327048,-0.1930721709511532
-0.008193067649161907,-1.4460784563865916,0.007847512319308894,0.9928117206468713
-0.007488968382058259,-1.53277794830513,0.011140256677688063,1.6499643805097701
-0.0026543978852938436,-0.433693322603167,-0.002725814686504377,-0.30754968034325963
0.00254094412317402,0.40722165885849765,0.0008685068394975261,0.14503567988153418
0.0018770228239110432,0.274960886618741,0.008803980607152907,1.2585825568240327
-0.004790665872003333,-0.7000273848371279,0.003334398245869255,0.4109208542353042
-0.012372094563449693,-1.481124946939929,-0.000911274645991626,-0.12821810389120591
-0.007208646156417314,-1.0537604853623124,-0.0034298999179787153,-0.534517266769179
-0.005794705202112691,-0.8687398288647857,-0.0020159781749192023,-0.29334464305935687
0.0013132898181721466,0.23053994277836917,-0.00455797026151687,-0.7397252337779635
-0.001510466135114998,-0.24745665125141988,-0.005678833861463857,-0.8558184510694036
0.0024399380995464514,0.35726668727062083,-0.0008933819152467441,-0.11911271299216938
0.004520525879094908,0.5954450981747383,-0.010500105037694527,-1.3473598656463726
0.0024981468563160434,0.4237119055561103,0.005032896787690015,0.8381152603931905
0.0061849071896752485,1.1239642468061721,-0.004881909269499117,-0.7627746115959536
0.006559770255559614,1.0308488569303185,-0.0065264416406217,-0.8462137020680411
-0.00391466787437836,-0.651819146171147,0.006114215102113818,0.8941114533070154
-0.016776339764860163,-2.0447323941452833,-0.0035447656871957487,-0.6183166751561789
-0.007917503715906686,-1.403190101423265,-0.003546207235808486,-0.4361560281238796
0.008449309509982985,1.4595948692408944,-0.00501402789275464,-0.8269036977843685
-0.0007861204226216579,-0.11430137933077192,-0.004861217199051996,-0.7813866004048676
0.0019374196528435686,0.4135256778154803,0.001576315278266886,0.24779451089502436
0.005427446631224244,0.6952735372299562,-0.0027376822218559923,-0.345257210824062
-0.00202485878695858,-0.25106923119556,-0.0029235778166567996,-0.43401626955945916
-0.007075404825435299,-1.1166821771863702,0.0005434521412282704,0.08457363952119283
0.00040175850628350915,0.04934130019431757,0.00895522429956125,1.858237562862056
-0.003880156778031647,-0.5167575864486251,-0.016554673372589097,-2.052253054615152
-0.005751529060892963,-1.302500521655456,-0.005978504804796151,-0.7588989980392685
0.00585570420371051,0.9296663834779296,0.0015337604658013564,0.2596966270631542
0.002246464218250398,0.47710033298194576,-0.004471154213164541,-0.7877456342961914
0.007328229024872025,1.0258963944554,-0.005261333787669863,-0.8151017243008225
-0.004575696770991414,-0.8635212698928266,-0.0004073346605865738,-0.062341026948748934
-0.010419495990495808,-1.8940436204398077,0.00508213600355669,0.731125910917874
0.006438570183505914,0.880816384478141,0.0009859456597185834,0.12540992482201885
0.001711198865256071,0.2809961621613274,-0.0008512430863104857,-0.1494054577980004
0.0005900043395331567,0.08704882755665456,0.002087370057312634,0.2974486018533887
0.0015391890375780048,0.24279201872998296,-0.0012046311395522008,-0.18205820008841309
0.007631838320381198,1.1134294231025683,-0.0048253718049345255,-0.7011004907140302
-0.00042758375469470017,-0.07103392167457018,0.003292382235548882,0.4272388294705022
0.0016972027720550584,0.3436810215527796,-0.009872557480448917,-1.650038122070623
-0.016133009567423702,-2.1434800467010326,-0.011562225581131572,-1.644823248941066
-0.001930298000318326,-0.2683703051954048,0.0035938551994340725,0.517549209159666
0.0028383462306358865,0.5607651464632306,0.0049011653631991,0.7034437955104561
-0.0035936329750567656,-0.6000108315824781,-0.00437946236033595,-0.48856663147097246
0.004439560126395974,0.9844566131311928,-0.008479647284013474,-1.2925736962285272
-0.000386286500196258,-0.0723295194795663,-0.006738637520916937,-1.0954191243580407
0.00017893717703461976,0.033161680087404624,-0.005303708447069774,-0.8671700083818786
0.0006367023837839015,0.1364395826953165,-0.0027874792890865262,-0.37915243222337597
-0.006041058900651126,-0.8746264948032628,-0.0019452216502668916,-0.3427197090960675
-0.006251278998094533,-1.1334463232698095,9.900497325423662e-05,0.013368396090982088
0.004523451370043404,0.8139287622145098,-0.0057100234622455,-0.8738759693661693
0.0005652047249105711,0.1284782282224252,0.009144402030132934,1.7040771630961231
-3.787409755220092e-05,-0.006786636729366694,-0.015884110946859285,-2.897435067867557
0.0040608292165414395,0.8192930001075776,-0.0015684814071698942,-0.22914162877720534
-0.004684469601602389,-0.7271069041009027,0.00808662035721823,1.191790582956264
0.002164086118538272,0.3744899766456583,0.004104717322625693,0.5309691164521908
0.006794292882799403,0.9712754946955544,-0.005252159142870449,-0.8997019209055069
-0.006730531941902172,-1.1441785829440185,0.008903568641278867,1.07085351172306
-0.01853952653029436,-2.36980855569864,-0.0048236733170537015,-0.7515706510697178
0.00409497091185752,0.7160491373800623,0.0018033804111352518,0.31694213712305097
-0.005684375844442741,-1.0197837730978991,-0.011731959259497281,-1.7617878175555055
-0.005374650328271737,-0.7314411524368709,0.0021161637202677334,0.32883727397946083
-0.01187949257542642,-1.9653086505547623,0.0029778682883511345,0.3830622015542783
-0.006030275977292821,-0.9642556830786829,0.006856018137650268,0.9254160407968693
0.0034980003864259705,0.5995136383837532,0.002294278561293669,0.3861704515841316
-0.0006781952262533428,-0.1114884249868202,-0.011475451499596634,-2.1405544609373157
-0.010961869902279413,-1.8513464756057543,0.002491911875379282,0.3535628983563616
-0.0023308428227646243,-0.29895151322786984,-0.0045496628572911585,-0.7054592109712796
-0.008182221410248727,-1.377669273576992,-0.014366450081228178,-2.0014800851362846
-0.010089892293971215,-1.3640802267774148,0.0016106431426364692,0.23470407984053512
0.008285383201415076,1.2801956351555017,-0.0026401341482303197,-0.5008501068255785
0.0010419320115273424,0.18712962465547667,-0.004381725512500429,-0.5877142833208111
-0.002150271590400498,-0.34585402904828644,0.0017302200233283232,0.28782045983427884
-0.002182611523501065,-0.4436753392842593,-0.006752346996091784,-0.96680112844694
0.0028199406658457006,0.4464276485722789,0.0028229440683413946,0.48385628224988253
0.005116039179136602,0.8265993582708187,-0.0047150591429866275,-0.9270554724822745
-0.00886561082818136,-1.0226455090665039,0.0081995890642932,1.443254494462831
0.002327906142422426,0.33817157526646374,-0.006097877191908815,-0.9107232522716489
-0.0031350888010844256,-0.6399131735635644,-0.0018129139402689866,-0.32275100447739924
0.002566774092610767,0.4658600042667783,-0.006218636861589293,-1.027159789860025
-0.006015726916244222,-0.887060875172194,-0.0076238840301754065,-0.9099929354660296
0.0006809730902720063,0.11756628479545973,0.005063945163021135,0.7174805918042944
-0.005877832556490187,-1.1745922768518413,0.0022817480178978344,0.284232867185207
-0.005683115400384162,-0.9196181653766434,0.0012338952276388828,0.1648687351163993
-0.004508656587843801,-0.7483533689350997,-0.0035802716961465843,-0.48353717332478235
0.006937755483011423,0.8800644777770198,0.004217693524558495,0.5602277956406342
-0.010293327385890795,-1.8176528327637214,-0.0022852156773503027,-0.256241201077585
-0.0035875092422906598,-0.5388348336231258,-0.004482823740556097,-0.693345873134138
6.820477651732051e-05,0.013210009633235804,-0.0019334505241873656,-0.27463772298521977
-0.0008198816018956243,-0.13303410449146386,0.0057414716133377015,0.9660041621611865
0.005575978702739261,1.1697506503707193,-0.0027903019093375426,-0.36765503641414304
0.01351307422124566,2.6407554617916036,-0.007115665790498302,-0.9384333827151667
-0.007124766592180315,-1.0615122399944665,-0.006882442733512935,-1.0661444080194546
0.007443217346864198,1.012898259704333,0.004011046916186438,0.6377859019384278
0.0013331819294765735,0.29054229791244324,0.00016754924526233132,0.02201662028823334
-0.00031223351104133336,-0.06050574829044433,-0.005532407728891444,-0.7321452094173527
0.006036455719327173,1.280793469099687,-0.01978767969215009,-2.7011880846066068
-0.0004264419080315323,-0.07218496279224862,-0.0036924354477809286,-0.4516052170369449
-8.76620556869743e-06,-0.0010842437070349147,-0.00392759994236512,-0.6330706702679391
0.004321593281352741,0.7120678528055229,-0.0012005891739315753,-0.14602084581991326
-0.009887047905712952,-1.7369880181665949,-0.0037292254566079408,-0.5901503306844583
-0.00801607852700138,-1.4892317493322307,0.013444733807492823,1.732704113181343
0.0062812748537631235,1.2243851489455515,0.00479692677865146,0.6594801551586538
-0.006855004312359952,-1.1479995823216902,-0.005445947690154485,-0.884768445785612
-0.003426535751532888,-0.7105821689086954,-0.006917522751234014,-0.9915458018465447
-0.0035843363378432903,-0.6862443192541637,0.00812038496489056,1.2159760677375386
0.012364909195998398,1.7508149641963413,0.010969601134088451,1.4533757232138294
-0.003984294917834828,-0.7958243234403376,0.001850059314576109,0.24255036274497893
0.003976883730473176,0.7152484867688255,0.002477851763400212,0.3857427602426929
0.003683572216529204,0.5954763315964864,-0.0008778027493210545,-0.168604383476393
0.0037351784723108844,0.5469595424686283,0.0019208763500517135,0.2849000099433877
-0.0036021344933066975,-0.6831183858948179,-0.004467890027122022,-0.5930467935585709
-0.007028375566802737,-1.1296756787498348,-0.0039004029457367154,-0.5254153702628058
0.000464875645404642,0.07796998606566997,-0.008959273957729727,-1.586252699692307
0.003297879558470087,0.5776226739082084,-0.009906514259608718,-1.339153673505755
0.002439034815980388,0.4094450033290226,-0.013088857096942916,-2.048336395872056
0.0005413149422355574,0.1008164206385793,-0.0001812877206598439,-0.02567895214317346
-0.0007038024715261919,-0.11639696202739207,-0.0016997487905096387,-0.23445635874390397
-0.009215823341718207,-1.4689753330690758,0.0011788903429362193,0.14062503319054118
0.004770646350501171,0.6665097434580651,-0.001709035242605012,-0.24754674259171752
-0.0030198567242227,-0.4732319432495565,-0.005093804367383024,-0.7490263793471229
0.002320509423995422,0.3531495718551342,-0.0006261860679204855,-0.11322916835081058
0.008080504830896694,1.3756772369255834,-0.006459524607323285,-0.7817186437946744
0.0019794782657953343,0.25742006058956296,0.007408718689441312,1.2465479150001764
0.0051401078554699775,0.8654201049749579,0.008765136623255232,1.4359991331609872
-0.0024139195265419165,-0.45063276434536037,-0.010328205605204421,-1.5997535735361166
-0.0006487163632577938,-0.11017195410070987,0.00997489362927426,1.3574676309806337
-0.00045927264656963414,-0.08648884733663476,-0.0003985313303968394,-0.05166636347248156
-0.009920627653391873,-1.8937797615400527,-0.015795164907318224,-2.413191519591972
-0.002401380353497816,-0.27859231268352275,-0.001814158267542511,-0.2628750190988696
-0.00240429486576105,-0.4261582855316587,-0.010945807364305404,-1.7780815681009199
0.001816117410945325,0.35521098309999516,-0.011364748603507113,-1.5841351248598639
-0.011043216581480945,-2.1132486942346795,0.006049593657245896,0.9588069626043236
-0.005460765450223967,-0.832760293182845,0.0060067558679079355,0.9224229336013903
-0.00839658051137065,-1.252677163517156,-0.0019166221572036537,-0.2919053613208829
-0.002057772073028763,-0.30347720296387065,-0.0010476577419934246,-0.1575988569003141
-0.007231078847703515,-1.1115124270569585,7.188577840620293e-05,0.010185096079019466
0.009734183029953509,1.386989469965174,-0.0009135484680427166,-0.16443609253576552
0.0011085414592345124,0.2266646983862425,-0.0025911908729891785,-0.3796617855032598
0.0020658288013498927,0.2755147490138543,0.0067949711568011766,1.0398980398313007
-0.005449685308345499,-1.1019790632710034,-0.001202697549392642,-0.21431240303525473
-0.005269971054834244,-0.9519980075486099,-0.0027466089549035328,-0.4466256384528204
0.004309762205775058,0.6122325081527288,-0.010292797985186286,-1.6175819740456334
-0.008668447915523516,-1.3679512591314338,-0.005777134695913919,-0.8619413520224783
0.01581009136385024,2.3792596587672628,0.003856282734347975,0.5611502960596965
0.004190923062445981,0.6960160360408836,-0.003737664595709076,-0.5936038965333188
-0.014831819821116402,-2.4650315367867424,-0.003718180718633362,-0.5384219286060503
0.005877269605357153,0.810067129913398,9.769062031163159e-05,0.014408198481405619
0.0018696624471341429,0.36058049879253845,0.00471397596214514,0.5272135384692843
-0.01303742091231241,-1.864690510267056,-0.003184857284934458,-0.492781615355246
0.001296066981733887,0.23451087362138545,-0.004008327812320846,-0.6698194399525406
0.008323316052791553,1.385261597835255,0.008937274480272442,1.2495899288942038
-0.0032642224138741734,-0.4422956023961043,-0.00656393658740293,-0.9810372436011044
0.00458939880419562,0.7522313570648947,-0.00633543408439422,-0.9522283311956974
-0.006234855252108438,-0.6956739868058905,0.006258941648385599,0.8791267062415161
-0.008925302971474449,-1.3468504063814897,-0.006180646325236785,-0.8777910377014011
-0.003009897590535611,-0.6138112860375343,-0.0010350131959751744,-0.1335805776854662
0.0018127541784992872,0.3340808795859537,0.005111139466915569,0.831693682779928
0.0022691056148233823,0.3912285728986352,-0.005095868136402132,-0.6361620056504882
0.005293451115471661,1.1328016818652638,0.004410873264540394,0.6213590137822967
-0.010621593073366721,-1.7747485007992951,0.003763888283176446,0.5744786211167692
-0.012053535042734539,-1.8877503565904006,0.010611766358219893,1.3378153461964564
0.005988886880262612,0.7986973795658766,-0.0012582968136830514,-0.22354764739642333
0.004690479086229967,0.6784523533995759,-0.006668920408793244,-1.1443359084330185
-0.004728804749649846,-0.6899012850139898,0.003626229636071134,0.6941182618332681
0.0070055025396276015,1.2237759034442628,0.006623193900607338,1.0095769095995057
-0.0047271903233657726,-0.7928093149584649,-0.0008954871728970803,-0.14531514173497434
0.004825244855742741,1.0502737032297857,-0.008071987562755428,-1.329375781725041
0.0004606997389917576,0.08076828555820144,-0.0030676795427595433,-0.3925031997372084
-0.01667348976148479,-2.7918489468395173,-0.007810115911843453,-1.237838468065307
-0.006362224220565883,-1.1129595136527377,-0.007008331027875198,-1.0268908603030371
-0.013789950685686728,-2.2406236086641322,0.01395312693750235,2.981396057556967
-0.003513642617348498,-0.5211496031926258,-0.007715328893162874,-1.2817874407406105
-0.01031946616464652,-1.7170660221591887,-0.0022469961244896645,-0.3210208313188241
0.0014977559334580566,0.2836017536484263,0.0012852845929269279,0.21466466540122459
0.004235554657095619,0.43653838601386774,0.003196027604722253,0.47132672540099285
-0.0017724457789849222,-0.4205730160727372,-0.0024161937910096376,-0.3755589542562205
0.004004601679093189,0.8094286544187899,-0.002814052270504028,-0.4079280515140238
-0.002308180907638486,-0.43532464824514183,0.00426349220838189,0.483374526263616
-0.0028871370279964278,-0.6023030532342775,0.0025383165792003397,0.3485784608433827
-0.0004752903998020573,-0.07144831008872958,-0.0020764656794668326,-0.2687338481262273
-0.009062648751749447,-1.6054621216664995,0.004367109019067012,0.6866041279357478
0.006473450461154851,1.1140401450320856,0.005779084416715581,0.8509551331718943
-0.00929094996557963,-1.3920915153146045,0.00029461608660273316,0.05284166493511083
-0.002695449008484233,-0.5238167544896258,-0.00693475102478793,-0.9082444065609216
-0.009843605917653079,-1.6785395820535367,0.006558825644016576,1.2526474150801958
-0.008159258397486727,-1.17831235594072,0.00020667975088138195,0.030797548380054964
-0.008169321857303548,-1.5391285531276018,-0.015942802567401593,-2.4655409168422397
0.015302774725524135,2.7381980219555784,-0.0003844620732797275,-0.05766327663483252
-0.0019733613060724333,-0.40704210905852745,-0.009185022326787234,-1.3635087638878582
-0.002628567579834969,-0.41822402490178,-0.004780760085936305,-0.8564429808029927
0.0016059537278261375,0.1974866218144437,0.003949097833762419,0.6683394793551861
-0.0014215100779481345,-0.24243608614664044,0.0011268472107714847,0.1597173849187188
-0.010602188706030425,-1.3859848892404028,-0.001732743017034993,-0.2611769760395251
0.006101730027840779,0.9952470733973484,-0.017206357223277353,-2.5741141399258223
-0.0012821171902033743,-0.21655241057988484,-0.008589472697907772,-1.4321069948637744
-0.003045489280095107,-0.589648774022642,0.005790134516374624,1.0658615706206551
-0.0036268235911586875,-0.6962664313953143,0.0012167480964324342,0.14502133821198437
0.002454879716289311,0.4520255383343626,-0.010682411361418911,-1.8690532917960094
-0.009337568317416283,-1.2534977491455446,0.005990961382601397,0.8527137880742174
0.00488315369025647,0.7964346084952713,0.010674692730923552,1.285489738202569
-0.005727608718398792,-1.1110387903775663,0.01219357615834403,1.6856051914259644
0.0019595557629053305,0.4842401444878214,-0.00536277809598445,-0.8803780025300709
-0.002485670749374809,-0.5550409231753196,0.0005447357844510798,0.07774493682781188
-0.006277154247791555,-1.2601043187959695,0.0027313954453307716,0.46610448190557685
-0.008066783864339792,-1.1772799742025712,-0.0014585029905111865,-0.23022951422116986
-0.0058217321927752155,-0.9396004276943007,-0.009554270458775448,-1.4039572209960027
0.008828444118704787,1.4227018874188462,-0.007294562764520991,-1.080100310680626
-0.0004217881173355984,-0.08503930391789227,0.015496609753218924,2.5262477113401736
-0.003973166102450938,-0.6712314959378041,-0.0014997175952605876,-0.21022125924628585
0.004606360366168055,1.15454552070465,-0.007386267030020553,-0.9419839063274328
-0.009590009024250529,-1.113599634526153,0.003074986420843576,0.5477971211815356
0.01175069713398028,2.3812650691545296,0.010126668475117482,1.5090496184629962
0.008197402940103501,0.9394908486759107,0.008653361763560184,1.2235576539773705
-0.011590763835705096,-1.5782527447000865,0.0065902217096764325,1.0253862059462364
-0.004937340569778325,-0.7323446972771637,-0.0008140669857413542,-0.11769893569528951
-0.001914376473304394,-0.3903856547790611,-0.009440361988007243,-1.2376093719888843
-0.01055249624163876,-1.5471587276108818,0.002015806556049638,0.23889984994640634
-0.00446424865718211,-0.5217555151053671,0.015830246504919605,1.7727645093387225
0.0023325005783720798,0.4227725095281107,0.014638701789168958,2.0482899446707585
-0.002941380624449542,-0.627070744444725,-0.0067479216474699896,-0.9987094616013353
0.008033020021899592,1.2442128765120746,-0.004592883381584861,-0.7241483943943559
-0.00490918840110349,-0.8316669868812538,-0.00792959946445094,-1.317307191244579
0.0021727346988048733,0.40364661106162264,-0.006754674044479695,-0.9791620864192457
-0.0021227015994587177,-0.3230655028019337,-0.002847683615041985,-0.43598300387595945
-0.007943797061387132,-1.3334580268523064,-0.004868992653448356,-0.67272183670343
-0.008725340209547298,-1.56043459373588,-0.007007898028645006,-1.229542573391092
-0.012983157759080568,-2.3238461525550744,-0.0018754210767334546,-0.29877571260349256
-0.004199432932172878,-0.6968114656632222,-0.004117747239935652,-0.697590078283359
-0.008820239074179346,-1.5677970350862647,0.001240769870057033,0.17319332485706407
0.007412337580862691,1.3421416773261106,-0.0006501797129922762,-0.09826721742274717
-0.013332818260699524,-2.4287406252735315,-0.0056790622325847825,-0.7459266809312071
-0.006966038393250421,-1.2135967365626579,0.00027050506530184107,0.041706268000602786
-0.005214918541851548,-0.6474462149582293,-0.007324573808939498,-1.1057972037119521
-0.003422551931701264,-0.9348289351091309,-0.0022555615320591117,-0.3305746348612876
0.0013910177859582321,0.2580724945137855,0.00547585928851744,0.8773630317317025
0.001119494024854389,0.16263991101901157,0.006265699888187546,1.0959236052558359
0.0036921264490227036,0.8368102442286715,0.005881340442983347,0.841825923070566
-0.011551123104400408,-2.241620615281119,0.010875113142960932,1.6203687789860135
0.005035807520543087,0.7491417258567049,-0.010421244495507836,-1.447805878405605
0.0007081396752589466,0.11139739679989587,0.0006465544411247716,0.0966536518895294
0.0016025480074238223,0.2397988306337654,-0.008529576755639316,-1.0663782127086405
0.00462527852558526,0.8283489743068271,-0.0105514339826519,-1.4215841203956805
0.0010654003219172233,0.17531855781611885,0.0007725819449670816,0.1352317769323228
0.008862424551234156,1.1527253216487867,0.0027459724084719795,0.4476637523967557
-0.004303639981555011,-0.7792112076088471,-0.003754141751806159,-0.4881723550045543
-0.004687434936897008,-0.6442897167836585,0.006353128877760113,0.6945211940438172
-0.0011931403960820243,-0.1955019858901871,-0.0010224361614972854,-0.19263218698862727
0.0075041760042267956,1.1252268577032862,0.006545595928263401,0.925157506830152
-0.0021143695980376845,-0.31575679782507826,0.00453290756097911,0.7474123101675516
0.00011681881546863964,0.019243324205558805,0.008679471113202535,1.5623273504754307
-0.0002522165111284878,-0.039784696000295036,-0.0010424356462707001,-0.1613909136859271
0.014562445892495912,1.5814745655036484,-0.0010488166802856877,-0.1777198150294848
0.001353715065047844,0.19464901945833252,-0.010465565383685174,-1.6568446982534697
-0.0010911343759442019,-0.21601285124376735,0.0022583465904816714,0.38953798477629964
0.00397416403162993,0.6038535096591001,-0.010329356301071102,-1.3644836654050132
-0.0006149238467144783,-0.10062505143902097,0.011052504206648215,1.6470783554548605
-0.00012478860140319214,-0.018844816794811342,-0.001956611206945249,-0.24726007812190315
-0.015339810036516188,-2.172078769443002,0.005872835233967005,0.955668753941386
0.014791539937370033,1.9603171668236512,0.004155640818432013,0.602165096566119
-0.003130050404696801,-0.4643737151135255,-0.0016839264429766821,-0.25280411776067674
-0.00044033512859771535,-0.06563783815187132,0.01185298596859021,1.6008084046032838
0.0070877541415511666,0.9135488308076285,-0.0037084659695790683,-0.5319954282108622
-0.0011685713330674878,-0.18951080595248887,-0.0038622166807301015,-0.5409186023504594
-0.002706202720403499,-0.3658607008188417,-0.007518298779745825,-1.0808305806459826
9.26749105843728e-05,0.015775881231924558,0.005802060694957921,0.9091852068495623
0.006408626394703757,1.3041327998061858,-0.003471279475610686,-0.5117445265660149
-0.0046014719109199725,-0.8849909418268067,-0.010945621625894875,-1.625670587345209
-0.0006514070531125544,-0.10969357402092281,-0.0004535700832848497,-0.06845202884093209
-0.0016986851771765184,-0.2892358884140739,-0.015141047335812721,-1.7349755969173177
-0.001191460851510622,-0.24255041662087282,-0.004976761539264202,-0.7038049961837035
0.0008910847436389528,0.16845174171828814,-0.007447725925892214,-1.280796162048983
0.005492408830499174,0.646580239708616,0.001338571464665625,0.17404079592662822
-0.0031187504720644535,-0.46751373361304766,-0.007121009189018462,-0.9422293733620326
0.0011684887187749355,0.19504783654084365,-0.005353504816575782,-0.7290809723812314
-0.0027604244775757025,-0.45260126896231584,0.0003993494595449608,0.05930956078758529
0.000238835833032822,0.042989532528093136,0.012033045051061623,2.054824552274905
-0.007186721803551177,-1.0163199953157012,-0.002047871922904519,-0.30460363849264455
-0.008776061182598431,-1.1533979694024352,0.0003539664561059172,0.05570952312901895
-0.0055970624498257,-1.1433446944711398,0.007565540001200953,0.9823761044799322
-0.0052862443472653795,-0.8229026705482327,-0.0009939283219858254,-0.1696360697442713
0.00166080697688705,0.2647114312686655,0.0016043102216444956,0.2695135452520899
0.001644418316352101,0.309236317434603,-0.010386244961032725,-1.5365729913372388
0.0022237298310114726,0.45438029043591904,-0.009528015671558001,-1.542508995963771
0.0017079833880350838,0.25929240440057405,-0.007751095048118285,-1.2630003960947631
-0.0007674316706591708,-0.10643386862887816,-0.00840101729103797,-1.4238341377153378
-0.004665025898076927,-0.599604107577615,0.004179883998031897,0.8151324591225457
-0.003138270948031095,-0.5974966160950264,-0.005706429246128093,-0.9179905370038186
0.005254839641964149,0.863591008162058,0.010883140597471475,1.296017193017839
-0.001303886745000174,-0.19132371676978477,-0.007297735909420649,-1.184043941339854
0.0006007138290501565,0.11497240435876294,0.00258274472894927,0.35489415902535404
-0.0015805620863487838,-0.22391990286498123,0.006721559873487933,1.0715731199943856
-0.0020926592666195487,-0.48406594660945806,-0.0034822507678328816,-0.4808786056009573
0.0030357805797726293,0.48183156616929695,-0.0036980487828154837,-0.57670544965496
-0.002862508602561053,-0.5127182575236063,0.008437084053674508,1.0254512678712344
0.00895980260694582,1.3715427076944704,-0.007032190160606989,-1.1487833395939333
0.0001629205780358652,0.027049285456401367,0.006519531246567184,0.9328994621086433
-0.012708560600185999,-1.8397769258940377,-0.011000364972464951,-1.541492238221526
-0.0045153399680792,-0.9763159517299168,0.004130326266538842,0.5754989017532971
-0.004485825637158345,-0.6456602002936839,0.004923731630290681,0.683000835153683
-0.0010872725694408849,-0.19527058808232894,0.0012494930045947,0.18911959867207984
0.000562337370132252,0.11990730340218489,-0.0010283139188774805,-0.11207321917830708
-0.0001083937922229528,-0.016107334325791228,0.00712899990860858,0.9661607585355184
-0.0037298413361714256,-0.7011300378038241,-0.004453080646351691,-0.7059334452000843
0.0011944033319500865,0.24674722728919832,0.009624468758686874,1.3415498960722332
-0.007998458325291516,-1.427499579597743,0.011774903146863077,1.9549222817948717
0.00038183986332773116,0.06584608398953852,-0.0007129327092316537,-0.12126822204055529
-0.006065450304821208,-0.7264966978747122,-0.01019054674355538,-1.3898083033366166
0.003076148647637807,0.6350711970461596,0.0010568702130361526,0.16193750672952412
-0.0026949046770483884,-0.36708665981657523,-0.0018551138885367843,-0.28374419466811246
-0.008089363326073289,-1.4031215232817005,-3.998373983597608e-05,-0.006221926574484479
0.0030209613209865953,0.6840478166482458,0.008048489073546425,0.8945886331938762
0.011042087684071632,2.5042236869683085,-0.0012432113007533078,-0.17357765742433837
0.009306536813247106,1.3294305953221033,-0.004421939338170609,-0.7056194081749855
-0.009419132581796308,-1.444012965315768,-0.008336047613693592,-1.2867136394385001
0.004853820104471131,1.0297111583223704,-0.005394553441539336,-0.8782687680345712
-7.54163057870804e-05,-0.016390495380391203,0.0008684340509480728,0.134483574097945
-0.0019707493087356533,-0.30350342338902525,-0.001110789375324513,-0.1355843144077246
-0.004073377889071313,-0.7458909620698281,-0.0007987424384569732,-0.14088698391123045
-0.0007915971786011909,-0.13432405749423446,-0.0017496650730785953,-0.24152705960974644
-0.001627288766561063,-0.27305114694170746,0.004120051800351111,0.6842239053945872
-0.009033765833082012,-1.5334970330364706,-0.0018485739447437555,-0.32319315552066175
-0.0035131076880847234,-0.6341209429870528,-0.00040966886259609467,-0.07313384747287496
0.009438421840400477,1.273162544701011,-0.009850792156685866,-1.5788621452173526
0.004783606135958348,0.9544509633351825,0.007063232881987704,1.0784466173533536
-0.0015240764536452662,-0.2735040854861303,0.01078203580654235,1.4167880101314205
-0.005793568565932153,-1.0573269914423065,-0.0015110082689668482,-0.22518476406466703
-0.007835129257044866,-1.3137185732550454,-0.003490181867248959,-0.49590842248267
-0.007156544447921652,-1.1276419651770384,0.005364553085155962,0.883090363609134
-0.006953118167685084,-1.0849035730820449,-0.012945077556872468,-2.1116386979400046
-0.005275231537218457,-0.9821053952230983,-0.00023193404141647078,-0.04183905279309547
-0.0065279751673968985,-0.8976240020039519,-0.00978708338475216,-1.3037416643477944
0.0009828037348361997,0.2469673411091662,0.01067273992387053,1.5670830397918583
0.0044603628533397026,1.014800056544613,-0.018450370707245308,-2.3893141850433066
0.003785159969523237,0.6399296830574159,0.007556629571080367,1.176628380572117
0.0028878821328005145,0.5600933783823793,0.0036517966848380237,0.44908701776584037
-0.004330178939501739,-0.6202345479029805,-0.004934620162531312,-0.7266262272476927
0.0006265568781639177,0.09691136568663347,-0.015171358227816081,-1.8041530883857375
0.0048866719552750825,0.6380541867579058,-0.0003015459879801013,-0.039766677664317476
-0.0012548699210136348,-0.21721811634924598,0.007940165137310086,1.335358336236309
0.0024759498996247496,0.42783354857134326,-0.0016967478464156116,-0.30854383374775923
-0.004016713405584052,-0.6189120261744269,0.0017405057431463759,0.2377237660053288
0.008825639298787581,1.6542600798577858,0.009153097366771392,1.2529282266008361
-0.0032534442153857495,-0.547457417792763,-0.00011433251836019762,-0.019475048135712894
-0.005633006166655754,-0.8940027426842998,0.004995375970422829,0.6226150830933138
-0.00544010953808508,-0.7501455708351749,0.009146699619880077,1.461534721331309
-0.005781974570785263,-0.8889286028178636,0.00236020267260686,0.30314903198527193
-0.007133452236274401,-1.440133703762352,0.0029399412987705055,0.4159384049081312
0.0013423643469817879,0.23744049190570926,0.008359034181783197,1.1098248305497385
0.004168139705362301,0.6415672180863203,-0.00024963500792484487,-0.036194548632318774
-0.011261820633629162,-1.7533003881491476,0.0071634963230094795,1.0982533577709168
-0.003600641228780237,-0.5376627949338738,0.0052831964617745236,0.8222530341132626
0.010774321125965478,1.5684209358422874,0.0003530395310512382,0.06291617963259497
-0.0026408444033695633,-0.4985570984851479,0.01217498152860614,1.6201975407176659
-0.0035548364703077043,-0.7079075776818857,0.007402967009202833,1.1295862337588745
-0.004758192599495719,-0.8055788509640661,0.002402765946412106,0.28165165817855886
0.0001357711302644956,0.022445509381624037,-0.002359835316652731,-0.43778880337711296
1.1997233406977259e-05,0.0016557354791874187,-0.009345263105307238,-1.468332749044421
0.00011033643166809037,0.019523879388253885,-0.00677453507528478,-1.1156821363942107
0.004309818573312467,0.6829509068085382,-0.005145961712151438,-0.7881090904178483
-0.0046928233295428015,-0.6777949159846514,-0.0012938326189506537,-0.21068242372276003
0.005426666995779546,0.8030733043356691,-0.00395580694102653,-0.587679715651784
-0.007292197049566847,-1.4198112010818205,-0.002105436106094173,-0.28032310994996273
-0.007124401092243212,-1.2330362120307639,-0.003313774887976959,-0.4192408447136055
-0.012508219241917303,-1.888366948283182,0.008111725379618892,1.0456973658942739
0.003090628065347418,0.5012220743679511,0.004988983122399584,0.911537102652244
-0.0021783061010261853,-0.4506643539552976,0.007146756135728941,1.0097700236788858
0.0036394450196693484,0.7437181013508866,-0.002150336112583622,-0.25542314313824305
-0.013125166078121314,-1.890963691741744,0.0010668090939514273,0.13627710054612005
-0.003191965249845541,-0.6824311496441223,-0.0015269155267867505,-0.29664479278005823
-0.002592054382143431,-0.45880560058042724,-0.0011196341468684625,-0.15222349524437997
-0.003979380652883245,-0.6335945647522506,-0.00501467880280434,-0.7801684456158066
0.008057197880004707,1.1369209030827805,-0.009022380677890091,-1.6757228415615264
0.008198553826784638,1.159836458317052,-0.008221297930986818,-1.3729015771741782
-0.0018608688485237676,-0.30740306892043,-0.003104955038417247,-0.4401896337277081
-0.001309301285592401,-0.2293473829047986,-0.0035758993893523962,-0.5307817742575598
0.006217234521388755,1.5485192437590474,0.0014916567193613357,0.24873948441386923
-0.007100302575217804,-1.4399665991486386,0.006882874143814345,1.1688440187175655
0.0012950983509845998,0.1857473737353474,4.6858376650290754e-05,0.007651917152984677
-0.003090437400928358,-0.41789564100866144,0.00208993613605761,0.33837969021013736
-0.004434729849431984,-0.6339045746523024,-0.0003333417911293332,-0.056103445024208845
0.006167039877690358,0.8579117714740904,-0.014755817075972726,-2.3578677614715557
-0.011502791768665387,-1.8964056525535513,0.003813020934290465,0.6942760153468139
-0.002280940882387339,-0.340843777542017,-0.0018820655317597032,-0.2943864360230857
-0.003384718884142246,-0.5870592136338881,0.008067344854137553,1.652269744063008
0.0025729424999910433,0.31367403836612684,0.0011006938712138591,0.16889149884345883
-0.0006566384330249419,-0.09931461011563426,0.0055887058821778406,0.9267782205529409
-0.005232015528964011,-0.7977981892944525,0.002531439503347202,0.4068383559315129
-0.00750035223272155,-1.0388458556773528,-0.008204966324826908,-1.1657136896853697
-0.00637267926414942,-0.881092142044815,-0.004254245879792444,-0.5517192725196528
0.010788415052898978,1.5067538031534449,-0.007530100490371334,-1.067140648485558
0.005589543914044233,1.2176106310882417,-0.009888110781576108,-1.3819980355410346
0.006659687294087245,1.069458067029785,-0.0072350988283745475,-1.0234463548716672
-0.005134211967185515,-0.7621298049175521,-0.002449702935300364,-0.39226217905258237
0.0017273629963368,0.2764115413065435,-0.009313798367473935,-1.42089221744636
-0.0031696256781182314,-0.4812192608552819,0.007804409869063854,1.1871387003902587
-0.0010011978175477841,-0.14485838143171123,-0.0001007508991795303,-0.013239897497434202
-0.003289828629504156,-0.6064759852192814,0.00243395920507052,0.36446972523919097
-0.0015595619061041946,-0.24536271459712344,0.0017702252298213176,0.2377907404995743
-0.00973835329485044,-1.6230819627052662,-0.0005335244642953751,-0.08792491036922005
0.00661777946413296,0.887915291772888,-0.009987215343190286,-1.3020633600202518
0.0006991859377858958,0.08893622280158317,-0.004695929941673258,-0.5426098775288305
0.01037800938631045,1.5367678797493085,0.017400257379088846,2.083002783022863
-0.0054043596629962535,-0.68300180551294,-0.002676657630206963,-0.3908086993581856
0.0006624772297815617,0.12652265358632886,-0.010525625662792719,-1.87404244810056
0.004061412025048667,0.9602264639218822,0.005624759121348108,0.8234383264323333
-0.005907875326510221,-0.7768977671895806,0.00449322151222001,0.8933072327925212
-0.011617291205597558,-1.7223644406732626,0.0012320449415256026,0.18116689204808062
-0.007891478731581037,-1.369952090120009,-0.003585802171559545,-0.47515106886018815
-0.003634453712857837,-0.5800805880668748,-0.001665279982349606,-0.22515129581085305
-0.004194970451741729,-0.49110574246913796,0.003398276726769843,0.561057458931816
-0.005717061202254663,-1.1705158838971423,-0.010355878308271524,-1.5920879474439393
0.010557883367371146,1.4152019745230586,0.0051937587902107715,0.7693629672853396
-0.0042181933309670535,-0.8406225842820426,-0.009113125780242572,-1.5856034389041982
0.0028789098177147577,0.5747352665372925,-0.008074287924868985,-1.270765376635501
-0.0023408410165634136,-0.3502389392277836,-0.002659406087806547,-0.3337393775579134
-0.0017611572373808604,-0.35300295468561965,-0.0008168466109092877,-0.11680496495653625
-0.00023317788855890234,-0.031961383240453244,-0.011876183862999011,-1.9088261323753546
0.0033508475869989457,0.6050731422944772,-0.004894944729017981,-0.6185870994881728
0.0053357901177540955,0.8329105027893022,0.0020737723103525806,0.30672477384522273
0.0036117707730585996,0.5270481560889703,-0.001923253066234977,-0.2809327624161501
-0.0005812709025307389,-0.08453629696033682,-0.00047178985472569996,-0.06138534584245628
-0.0012835701121586148,-0.2598296009084252,0.008108846065478275,1.0788186722694637
-0.0013289679202017598,-0.2132466485572646,-0.005166645796275634,-0.7431770018930027
-0.002191774535934601,-0.4365503515662727,0.011451036526658962,1.8635993363379695
0.001554687497146907,0.2595370727653335,-0.0033773599574955476,-0.4827282273177409
0.01777132233854256,2.40502224742091,0.0013231983739869179,0.20520924608238555
0.012767612297784461,2.1207842109988033,-0.0031115040883232872,-0.4812243059913481
0.0011543119171160566,0.17437737241157866,-0.008691850090061452,-1.1996072674511624
0.012190268788408662,2.0128667552444175,-0.00331483492017401,-0.5018466874014706
0.0027224478786555244,0.5413843442169459,0.009928452265423392,1.3608519565380703
0.004400692173628333,0.5593635248259025,-0.008323067059827155,-1.2026432123427677
0.003693012864521064,0.4792673317436024,-0.0047271364033186335,-0.8099521915344969
0.0056494686266617515,0.864630431286498,-0.002202968802292277,-0.2815593162604582
-0.005360793461779898,-1.0803322254752665,-0.009831065813427381,-1.3379046642436723
-0.0004922293192165198,-0.07638312794680435,0.0037963103325942154,0.616971229575208
-0.0069905658294807166,-1.2431754191492543,0.003816237960859087,0.5104572009146344
-0.0003810428790641647,-0.05655064594410348,-0.007971546746660162,-1.1590418983315334
0.004041600395592164,0.5296425165586642,0.001917710304771307,0.30658878911381376
-0.011418246817848487,-1.7540211226421742,-0.01382518439074618,-2.248041082799403
-0.0050847037742678056,-0.8845365063133589,-0.0024245273303153516,-0.3321253831120547
0.005320546714214012,1.1045463162612466,0.009049987503559467,1.619559766682444
-0.006565534201264197,-1.210790898415545,-0.008860409843029243,-1.3236164235159695
-0.0022354278622349743,-0.3929279831556586,-0.007286923915828735,-0.8954947201774406
-0.0006464680157389119,-0.10706886940476122,0.004060202894567667,0.5668729176175078
-0.004101804338890193,-0.8880547590624766,0.0004757708957993649,0.06476965719586508
-0.00025317778443354497,-0.04857030665293289,-0.011312316681496144,-1.9087214098483205
0.008217166062903312,1.2201710042294127,0.0023783268981873128,0.37549545201663476
0.0037611645459277444,1.0530932331340266,0.0028606954222813574,0.3773951778380762
0.008997695069148427,1.3694465821796042,-0.009431631667069751,-1.415966715261501
0.00022117063985722092,0.04641506565946886,-0.0023775363702991095,-0.3902378952835969
-0.0036524785726490968,-0.8091216114670202,0.002519459673374183,0.3421388776394176
0.0032831317858228693,0.46305426526468313,-0.00500648470849201,-0.9184633160658809
0.009152160994399756,1.6412765149015007,-0.006121734126401578,-0.8126495129869751
0.008967338680384261,1.3548844356078762,-0.002286283086766562,-0.32694744319515784
0.0005593671351085727,0.07365135372683196,0.0026220639436618193,0.45317530168985337
0.005257395563952966,0.6053595820096281,-0.0025403828689543302,-0.37967161261660537
-0.004074963626202487,-0.6997075774900897,-0.0059704992587839905,-0.908467548548645
-0.01530438501874061,-1.9102523793074417,0.003970381112587363,0.484496847351067
0.0019491645437194624,0.3361909010418001,0.001862898666244346,0.2434550455168368
-0.0009184189724540388,-0.1715323615392175,-0.002480909755354845,-0.4376167771932534
-0.007347043509629084,-1.0713787363849847,0.0013464286090001554,0.19757309921501928
0.0006414249928157068,0.10549636315223195,-0.0014105896885807786,-0.21875637439732162
-0.0070836669195664705,-0.7973847931801836,-0.0021306069737853364,-0.3456762352474559
-0.004779813448834116,-0.6454191380033947,-0.001289412364573163,-0.1611489475187334
0.004630751599224044,0.9455773216673043,-0.014838701902858405,-2.1480662491458413
-5.6789365798145885e-05,-0.01072599683023732,-0.0031225490887655614,-0.49089737167777514
4.387775307250033e-05,0.008991578558663152,0.005202268199757172,0.7612298247091603
-0.0010354572786107881,-0.16053755338580747,-0.008537567371248793,-1.2542485093662317
0.0008124544400376724,0.1081404258453819,-0.008391579925655852,-1.059240424222096
0.00598748072900408,1.0606037494401317,-0.004787647116536219,-0.7089273192521319
-0.0023334579927412028,-0.4106566097766134,-0.00038667261438295734,-0.07076051562405318
0.0019789121404589307,0.30538526118315634,-0.00084145419928789,-0.15884428787405572
-0.0010342333967492904,-0.19238716520199886,-0.0020337077921898077,-0.3704440402477006
-0.01445022200492508,-2.2546642666183727,0.0024045297128735903,0.3106960924040261
0.0012093346684651368,0.2230838181724686,0.0028963077028493047,0.4496184499863268
0.009055633939607234,1.4541170572734234,-0.008659211078634382,-1.63903868643969
-0.009430177332680749,-1.1558802605053717,0.001432074551673526,0.18495634116277732
0.00018711366052255547,0.02844872157826001,-3.345797927698988e-05,-0.005274649218613242
-0.004958185409672862,-0.8237851010077969,0.0023817739349446254,0.3372075415671079
-0.005227595434108229,-0.9727789850714532,-1.9146597787193223e-05,-0.0028926304053860682
0.0024945076218136613,0.4678738203066184,0.004891705447677421,0.6423828634530385
0.003941382602109312,0.917738002056672,-0.00029239297674333144,-0.0447756685614187
-0.004586969140104323,-0.6661998031658631,-0.01578374859381584,-2.2460983566394654
0.007181040730249919,0.9300015266011338,0.002437365995616568,0.40625849988633705
-0.002511997473197365,-0.4002377547282167,0.0001358405057897427,0.01973184658252675
-0.010794349580398604,-1.5776739199162269,0.008599062608131631,1.160784600520126
-0.0018079510258554733,-0.29634633299363455,0.0042749121131740115,0.5226862484858942
-0.005791926303124381,-0.8534661369876816,-4.718064852290776e-05,-0.0064412651064734636
0.0011157080150908912,0.21039456842247023,-0.0049877033921502355,-0.7147392476074954
-0.0100607625105972,-1.3558036663005582,0.004796575845300928,0.6159391046291514
-0.007984961123670323,-1.2199225594423933,-0.00023500714269655352,-0.043411246916581124
0.0037918487891022536,0.7054161078088108,0.009831938639037363,1.3333580203269668
-0.014316369952801996,-2.3663973517888404,0.006200683702024775,1.0314748086134757
-0.0033160177184013277,-0.6514787491516851,0.0013343235206715652,0.18632072051343146
-0.0020147957451062295,-0.3270353528446683,-0.0008443714126137756,-0.1169115612956424
-0.008451714558478565,-1.6193523293424366,0.009788009446118049,1.4801468496336327
0.0009509527833583894,0.14586619639399592,-0.003243871375705656,-0.544973419163042
-0.0059830327655245276,-0.9117850969676013,0.0019022985340527284,0.26923398838993134
-0.0044413242589505676,-0.5891230415283453,-0.00684281242701024,-1.0054765208690117
-0.009658338206401232,-1.435876240332328,-0.009445288826045665,-1.5822894848978208
-0.0070641260609071235,-0.9436234030017183,-0.005796258092810887,-0.8224234641361516
0.003431945255188671,0.7008528354446777,-0.011113156626213953,-1.856364972597327
-0.004538104636170545,-0.7935709954024873,0.007339089112027884,1.1707339431130037
-0.001211682820589575,-0.21790564758626557,-0.005807684580289876,-0.9149721230218858
0.004498596916558017,0.7040230644205345,-0.013861381717546882,-2.3791139114273525
-0.0003429612103206332,-0.044686437284898725,-0.01374773450783873,-2.1988478083934733
0.0014657735955941479,0.2950809083825114,0.012099075001818001,2.257769963440757
0.004529428748705265,0.8561234518727059,0.0043290192214623345,0.6824999737735784
-0.004579277968984611,-0.6132590467971734,0.0012090140415834498,0.16858650465512867
-0.0001792661678979261,-0.02621012410184978,-0.007636313944418876,-1.0774521957886176
-0.01095201440263639,-1.7350043759962726,-0.004630989689550693,-0.6478960962795411
-0.009450516986665033,-1.6456461924708932,-0.005534941129407599,-0.6790250400476933
-0.004502381455197442,-0.618708442834471,-0.007449723426926457,-1.2604054971273133
-0.000422788219137702,-0.057557832530248994,-0.0005829953987444438,-0.10780967824945292
0.009064978430591451,1.2656216158884661,0.00657694752911769,1.0191405609808437
0.0005056136278843511,0.10052665200947605,-0.0021798059190513155,-0.41385144528668927
0.0010073467876666135,0.20273277960366648,-0.006021859890263449,-0.9260181357451712
-0.0012505318427738043,-0.23354372847747523,-0.004142332554359507,-0.7903582955843391
0.0030274408337138893,0.4537283461746489,-0.009028723254019511,-1.1482251567840813
0.0006818232315218837,0.1003147069727083,-0.0006626696209779231,-0.1019503586681827
0.0003977677228455572,0.07400585116652827,0.0019673703961080127,0.2382306876272711
-0.002913866498742687,-0.38955155036238354,-0.005992492882481586,-0.7466833072050413
-0.0013160857398868012,-0.2208291490045267,0.0006134458313358236,0.1011047255120962
0.001344669895918044,0.25860752941564713,-0.0031500701795442857,-0.4934533754585196
0.011571444739464318,1.6259621365287702,0.00047121698742116425,0.06633200998141515
-0.003314202000530381,-0.6335278011895272,-0.010400037576981254,-1.899529674992018
-0.011098361638142765,-1.8587901197164856,-0.004249000801031581,-0.6486768986512276
-0.001608854801078345,-0.329900307211885,0.008015681371161348,1.4456184483292527
-0.00504300948324875,-0.9144216665838494,-0.007678946837589044,-1.361034247110763
-0.00015808764722932166,-0.0198180981760002,0.0055228128074205785,0.9590298328792441
-0.00950825257493721,-1.546033945888154,-0.007318617492136775,-1.0649495821125377
0.007122144540181554,1.2955661103955922,0.0023767040654518864,0.359408547621153
0.0022177977491855336,0.31460969269614214,-0.001967424659740916,-0.2602067462867374
-0.008855420985144783,-1.4156485329839972,0.00805179083545861,0.9235982392998889
0.005577425492927845,0.7840676741149791,-0.005066044094924655,-0.8366280723082978
0.004035564994258476,0.5927350759809997,0.002328095923133043,0.3416730326887988
-0.004424395230540374,-0.7930633085295418,0.0006806210306760319,0.10469892563117213
0.0008899995256590641,0.18784394799847323,-0.013957484464010819,-2.021640066242365
0.0026893327171863806,0.44708408543903777,0.012242539495810646,2.16317341054375
-0.001525696869834611,-0.2691359072427662,0.008973211570090713,1.231407268464646
0.0016151209819040401,0.24034875194639307,-0.005161215151988963,-0.7704089028788985
0.002390962636319041,0.4061070229387642,-0.005558660218088543,-0.8500589660695246
0.0025801142045349225,0.3600035623977757,-0.005238666494101492,-0.670581257115183
0.0031184654338838047,0.7771218216221213,-0.0011149773579238727,-0.15239623425864843
0.005014025503809452,0.8524784290609644,-0.001714061023517119,-0.254245122419849
-0.008453985868167018,-1.523021041742179,-0.0006505959416017905,-0.09242197984546181
-0.005463379139919708,-0.9125173932354496,0.01636783733964693,2.7712136900815745
-0.0044853921344495855,-0.8692636758697723,-0.0010473502949094877,-0.11603100126556566
-0.003139851471089544,-0.5754105292944974,0.002918265510078331,0.3925515865311278
0.0016850744406134391,0.251565778027072,-0.005434737821779025,-0.7929903067439493
0.004836205754020287,0.6016951396582326,0.004095486773383294,0.6080889580415358
-0.015505100793751316,-2.2405762854825118,0.002034352383046871,0.3138507585778478
0.006169035202118471,1.0886938760868352,-0.0033739661872654735,-0.6612184851158805
-0.006610130521684189,-1.095120457279769,-0.0016025431001006403,-0.23679347427471298
-0.002385063789984689,-0.42389630910199444,-0.001797707194324283,-0.2505710149417171
0.0037789167583192297,0.5836585899465146,0.0045898673610900755,0.7266650289879114
-0.005592506047041787,-0.7440427064955824,-0.01167736793328354,-1.4812136587377633
-0.010245172396429032,-1.5286943066031387,-0.010757846434137307,-1.6219442765127734
0.002475514774376039,0.47846743789072543,0.002033836837921004,0.284276033082323
-0.012341439883606774,-2.036766975950731,0.0011880521761758116,0.13797440255704527
-0.0005849211264876992,-0.11909342882107772,0.004617745377508338,0.6457489269784796
-0.002075883455164205,-0.3068532269436545,-0.004668857218568432,-0.6817584808553566
0.0014809620888863444,0.28040701511503824,-0.0024515455206354756,-0.3643322686999299
-0.003331888261754949,-0.4838906716416929,0.009825411270571972,1.5663609174915698
-0.008563421343350083,-1.1702915448826756,0.009713680041543321,1.386217190122626
0.002291101284237474,0.47066846117798083,-0.0011927845943402646,-0.1971555794528702
-0.0008079310432734391,-0.18192496986270665,0.003212869544579701,0.36823392995058685
-0.0027454929681484,-0.5627051916894653,0.001550520783611583,0.2705392340176819
-0.0029834255549122746,-0.6421769638909565,0.005492224582569966,0.7784042751036888
-0.00620745578085689,-0.9590044586392676,-0.012257522993839594,-1.3719070410155167
-0.008217197958180648,-1.2289767545907304,-0.0010566664007851895,-0.1662644278226807
-0.0006531155745565651,-0.09614737348285368,0.018202030228939764,2.918309793143247
-0.004925889585748699,-0.8130375172788554,-0.008854320504664406,-1.1803249534340978
0.002285238788189631,0.3794936756505499,-0.004120029749788254,-0.641929570499232
-0.001609169154398584,-0.19432865177779568,-0.011582600546998684,-1.4097882011558691
0.0030529755262992944,0.6699428659709155,0.0005750470483525936,0.09755167875972055
-0.004909579452966507,-0.835536601085795,0.002755791752524571,0.4930181110659666
-0.004778562502435229,-0.9955691480545893,-0.011047643931186863,-1.6284563411953872
-0.011793256216652028,-2.1201483266886463,-0.005873569630231549,-0.8658371158153553
0.0023801514810758697,0.39599310490249856,0.002117886507896308,0.26555622802877377
-0.0008429948817287173,-0.12238794831468605,-0.010592092162404781,-1.6207755227201208
-0.008637465131033209,-1.5451181720163432,0.006188945344018212,1.0211365337256961
0.0062155305056035256,0.8649478603262254,0.0062832003895794825,1.1452910922038464
-0.003936392331524946,-0.7784474628445707,-0.008161650606774809,-1.1873195899783147
0.0022553952041327137,0.3366388996327179,-0.0028769849219796783,-0.5375035502379756
0.0034702156816551356,0.7507313755695785,-0.00793064823680497,-1.2054456176055999
0.0017923642776123867,0.3144149417655344,-0.00279789626310622,-0.4051939209354732
-0.00694975898437376,-0.9744308508445791,-0.006625977256782075,-0.9979311873524788
-0.005053526519924056,-0.68417279820303,-0.0074536229601589,-1.1210012265348575
0.0005675336608050275,0.11289716100260258,0.0041098231234444164,0.5585390536926655
-0.005663669510218053,-0.7634918130592205,-0.012882430120966164,-1.7121435569677235
0.005413265991565915,0.792886024836234,-0.011117944771029701,-1.879179417029886
0.0048283114416917804,0.8379673302534216,-0.013061996312584926,-2.043369172393517
-0.0016057633573046052,-0.24262404676899246,-0.010327559644917913,-1.372086229754584
-0.0005472185503298459,-0.0774164724302016,-0.003351362612161406,-0.48357568510010457
0.002984671534541179,0.5332860827406759,-0.007820111328894506,-1.2005526848373924
-0.003187829287636965,-0.5967775535931676,-8.517057088798952e-06,-0.0011680876328381909
0.002693567856430688,0.535292313657781,-0.009159988050435046,-1.439509504204005
-0.008459242629813908,-1.3506989664486568,0.006372452603305349,1.003621331256345
-0.008716914759319544,-1.6206097360099692,-0.008493533186827131,-1.160616935987791
0.003316320105312939,0.6117762097750055,-0.004419693257698894,-0.5957298391845466
-0.003475394014376109,-0.6711557857452071,0.003568333834188551,0.5189943095572195
-0.004793084012583654,-0.6040823106435443,-0.014274045235272731,-2.065573063409153
0.0022206020390114403,0.3735042555559356,-0.0011518228057925536,-0.1735876212265167
-0.0007572195400207136,-0.1224355712315086,0.0017152542441200528,0.2521043154637972
-0.00036154162354073505,-0.06862640303535915,3.7335985353132686e-05,0.0057796325124104975
-0.004008303163749869,-0.5524679703833515,-0.010552867779490918,-1.5986188682168505
0.005521133027028025,1.2204351663373967,-0.0069641559704925,-0.9225764521297734
-0.005651244421471751,-0.8279551966958667,0.0021102583244303266,0.3520093663503451
-0.0006601017582182745,-0.12685436764643965,-0.004012974186785054,-0.5818875046487756
0.003021565368905464,0.5246741123557263,0.005447866361739076,0.9002576971958837
-0.00495228985059895,-0.7839221802646527,0.001893036133355255,0.3815014596595741
-0.01427419634299255,-2.16677064926262,0.005876841754164508,0.9475131432239887
-0.005881546078605105,-0.9050049765443166,-0.002577202198134463,-0.4769966532402436
0.00652221946963104,1.0671977725968262,0.0012248946728791864,0.18008201008716407
-0.0017985809686640755,-0.3442177680662974,0.010222033031362428,1.3367735305497896
-0.007659129588535498,-1.0399655236457288,0.0023354497887090367,0.34730069096473903
-0.010022968101256191,-1.8520383628877903,-0.0025820061419474702,-0.3977274780285784
-0.006371538678937832,-1.4001082293879232,-0.004607798506160684,-0.6352103935956832
0.0013647572959794218,0.22125614529934712,0.009668891176731626,1.2634117153882778
0.0022082946364045657,0.34238854155326004,-0.001261847716913399,-0.20892462708581291
0.006265888159476521,1.313815980868245,-0.0010169500005832287,-0.1782066339968452
0.005950255193464371,0.9241385452850367,-0.003175104105983878,-0.4595294768776357
-0.004791477797409383,-0.7283860182590254,0.00027200545500866716,0.030515943772978053
0.00045321145887946776,0.08180712316552911,-0.006302185196193359,-0.9375339786871525
-0.006412575009334025,-1.0265842731641908,0.008913666834622564,1.1878343711992878
-0.003140514930179289,-0.5439753691526451,-0.010265830593155778,-1.4430715593977346
-0.005207495961626567,-0.8603013613914806,-0.007392686696319204,-1.2962584765059015
-0.0025716403087627147,-0.3170510515649477,0.00018496041082141111,0.03479896022311819
0.0013929178549375422,0.2659492482563934,0.010030460401316879,1.8883827400549815
0.005018121625057277,0.7205869077694383,0.0011540672427668302,0.19693705451982377
-0.00396544025360114,-0.680700879564576,-0.0004873230120455925,-0.07004341787249753
-0.008778387352404767,-1.3994420925396418,-0.014904316381875402,-1.9882618912940349
0.0025445133320476246,0.45869944753284614,-0.004170686898539075,-0.6824395887931108
0.0011802874954201762,0.1922302985961562,0.007602501271178172,1.3518594455076518
-0.01974266270127924,-2.4557269121706975,0.011717730587818921,1.9539136321365558
0.002381300534056746,0.3313275312379681,0.011613362540346655,1.4455156498486874
0.0013486370194650593,0.252765335778157,-0.0020946811457197264,-0.32561989223362986
-0.004971084602559339,-0.8503993709527079,-0.005877785985672338,-0.8564669442349668
-0.0004432666044611312,-0.07681524551187378,-0.0017068519066646326,-0.27828793939738855
0.003747286783161585,0.48967909664661396,0.000442929722285987,0.07140031017906251
-0.0027956189078479463,-0.4711649170821325,0.0015808934478953908,0.21006631099500658
-0.00573107634825922,-0.931805093106636,-0.0026713280947603326,-0.35770789638315426
0.00863729967430615,1.6172148013127943,0.01057690779976029,1.2825316072008341
-0.007599460056067616,-1.5230323313145113,-0.006042623115643607,-0.8571835954783156
0.0031247623913404875,0.5027669340181804,0.016506318889971627,2.641797190506786
-0.002404585220213832,-0.385547850035457,-0.009549465175353364,-1.5588089023814824
0.00539862664929038,1.0286640819949047,-0.006040559564998958,-0.9118858316989545
-0.004163316052106188,-0.522822627649491,0.00807359972493005,0.9008884361996468
-0.003192456669924423,-0.4586383027684873,0.007785015087768035,1.056818889056152
0.0007826367702577266,0.15048223636135305,0.007712855072967206,1.433764318500071
-0.005178710358324505,-0.8794521330125153,-0.002810078582393471,-0.47438917961533555
0.00963080151324995,1.4225777925154202,-0.01073726051996263,-1.4005580121509498
6.112120765054151e-06,0.0010347919527982483,-0.003845266445948338,-0.7090699401102791
-0.0019418655676142391,-0.3558996817487354,-0.0048733173434104575,-0.6668117528704045
0.008374969456362692,1.382178616784884,-0.01010090402619888,-1.2879788414207323
0.010509679443659027,1.5985955841935768,0.007014878186591848,0.9660255969412069
-0.01288029506390137,-1.8642927924388364,0.0004287347012562952,0.05010671054396542
0.0005739614704374828,0.09784304061049968,-0.008981406825068594,-1.1052196754799823
-0.0036277213405767287,-0.6558319384893081,-0.006436341499508492,-0.9400599000746755
-0.002267539173094838,-0.39993526712166544,-0.0035984712830395248,-0.6236697875248408
-0.005950067713057695,-0.948884007670666,-0.0038130160173793955,-0.6740051243572831
-0.0028443219857093756,-0.48697297226390845,-0.0022055208465905397,-0.2603557723366664
0.006092896701413357,0.9968971838445841,-0.0027724838112716072,-0.37783565123599056
-0.005336593761263357,-0.8976078932448008,0.00038752610612072653,0.050799734307632086
0.00235638000473249,0.48723055027448736,0.010624815670909156,1.4871663542679885
0.0012143859702149142,0.18088704383942242,0.003739136759414665,0.4839560245546922
-0.0016727419970614154,-0.30468952856377157,0.001811228347302314,0.3044096595370427
-0.009411298336458701,-1.6438289693577155,0.0016741125926371609,0.26334694659446384
0.013166898925290691,1.9549074891317892,0.002730673081613101,0.4245726098698593
-0.004771252813648265,-0.8935975942960211,0.004500785625435555,0.5697184084702929
0.012907167242742688,2.3373115737019434,-0.0038438256668587613,-0.6288549592847266
-0.0019280763234893474,-0.3784461202467598,0.007797532509150732,1.3428519432638273
0.008503593429736653,0.9632236255285587,-0.008676087216459289,-1.2352153037801092
-0.006301660938390564,-1.0060296527205248,0.004354607994711135,0.5913655943196339
0.002337076634430032,0.46419884773068504,-0.0073868227079322505,-0.91945800475629
-0.00039552896644796053,-0.06131026074279196,0.005847984560503516,0.9661811636374699
0.0021582029744376626,0.40144636248123705,-0.0024488352898694257,-0.36956652076968555
0.0010864305014521066,0.23367122397839246,-0.002144080715131734,-0.3267991867577794
-0.0003667452457014394,-0.05631777539738288,0.004784750131957503,0.5952536373030232
0.006352118990103905,1.0499541208965841,0.013210279940839734,1.9281623814795097
-0.0038687255609815407,-0.6645492610286635,0.0051899486729459505,0.7644734676635463
0.001618104508604599,0.3091583146140371,-0.00043444203256871655,-0.06990003614360522
0.0038595265372156464,0.6013827152549045,0.0067108368404623,1.1403590844601985
-0.0043328990412144115,-0.7084322186889532,-0.0053129896728940145,-0.7433854881382576
-0.002553634770546702,-0.47093506094450377,0.003240978484023763,0.5408848819570938
0.0029621385315551857,0.6350336887752132,-0.004821869711590365,-0.7024562837396616
-0.005194170553143855,-0.783637831666662,-0.002961695109429273,-0.44515088635368383
-0.002433498190557783,-0.37696470923223424,-0.011416661948058278,-1.6513270001903515
0.0008979298054818426,0.1493708746089924,-0.0033664869053009446,-0.5995504037185011
-0.003982035579831147,-0.7740515400521146,-0.00326965834862978,-0.5402626286083414
-0.009396371945566598,-1.277726603733125,0.006455255870786841,0.9997041744398256
-0.008277551898219031,-1.5832196790587714,-0.0027874800770379647,-0.36551056850398855
-0.0013629033010088922,-0.19944813150110655,0.005516423484397994,1.0517095557947884
0.0005894901283620864,0.09010857060896879,0.0009954487840844128,0.18130226910315128
-0.010055510836035352,-1.5308947051838453,-0.005116924851276102,-1.0002312659111674
0.0027970893643306945,0.49607798170256084,-0.0032963652088236987,-0.5072938642106437
-0.0010983703236870368,-0.16489389588922673,0.005929452471918669,0.7908133911683005
-8.51918687081215e-05,-0.018771788395710545,0.007087992731291083,1.1522704447285168
-0.0038474075560509034,-0.768593043316925,-0.0011736027627671007,-0.1555729425956393
-0.01279229675782901,-1.750445333440093,0.005901731704401949,0.8118224026990026
-0.0041615256559433406,-0.7436547156500959,-0.009308355728781118,-1.6635326659032061
-0.0070696089924027075,-1.061888356862189,-0.003742713897970597,-0.5266186393925217
-0.0017721218906707325,-0.2468285538315832,-0.003019976776463874,-0.5102078649694726
-0.0020270975257272,-0.39149329611803824,0.011471816162331614,1.5176848543734596
-0.0068110652067066135,-0.9536292207963523,0.0027604490154202765,0.31995432904764004
0.003917030314635374,0.4373328288442557,0.004433839404215774,0.5839956240413042
-0.006933270767916224,-1.334713011487152,0.006022613398042237,0.8635408928417804
-0.0053638384418567015,-0.9899524300086452,-0.0053797950904326715,-0.6246101343839674
-0.007227012920381267,-1.1933575270997052,-0.01664859945696728,-2.3855344540382304
-0.001497676989705227,-0.22740175935965123,-0.0028063091129874153,-0.4549329980241087
-0.0074428955193380645,-0.9818963487608556,0.0022574031464672626,0.34209211040378346
0.0035726717293944597,0.4145200558583524,-0.0038587007354201576,-0.6113681459684419
-0.00010593139794690102,-0.025970793957111084,-0.0012999138282158641,-0.2203573749905904
-0.001789630304571414,-0.33045571729109086,-0.012201559182587019,-1.862115755199579
-0.0011235085245605069,-0.14392941839125942,-0.004322613160530967,-0.6891158568140248
-0.013611417484613343,-2.181285898601955,0.002222138483978249,0.2865815541648131
0.006861186561279304,1.4214193714583594,0.009463771475577911,1.0601110256840467
-0.006345815089623685,-0.9651440635768135,0.0033686154418987764,0.5344820940717063
0.005495616593911361,0.6909811406624975,0.011589353465294166,2.1231153052645495
0.003029520353380138,0.614323696781217,0.005735018322943516,0.9297392139653249
-0.007205661139054159,-1.064987160048316,-0.0020543739600572424,-0.32207317191968915
0.0026788034841688175,0.5121816801291447,0.015009809307041065,2.00724553760261
-0.00867304508219693,-1.4322812574827886,-0.006148058683654528,-0.9762182481104745
-0.002089338600724252,-0.24596863809413272,0.007560135479912423,1.5703519640367403
0.00578076205204511,1.3330791787473717,-0.004896238990069383,-0.7694557860912522
0.005912784140335218,0.8543564965575455,-0.00738858044599441,-0.8508932536817126
0.002224580296028353,0.3947186657485626,-0.0039923402651928066,-0.6373089201514529
0.005810080105304567,1.1287831364434056,-0.004762774437305748,-0.7461381833562902
0.007767026226709635,1.38791065206838,0.006317073598797246,1.054299363560701
-0.012680608891117141,-1.891447606139013,0.015710743872910753,1.934415691622172
-0.0027109109123138104,-0.4065784845274426,-0.004149470396731323,-0.6220352040712219
0.0017404386783671042,0.3059711073964241,-0.002515559437092243,-0.2880014766578495
0.0013843519761422953,0.24369128560016123,0.004991311444852156,0.7423887931048306
0.0029114668825818476,0.4410612849370527,-0.001558547495160534,-0.24877870827381415
0.010450666287851932,1.6483915711266337,0.006471617254430247,0.9610459645857269
0.0003981282655083308,0.07488915127312856,0.0006181643887594933,0.0915703938785882
-0.00782748774679899,-1.195935186713861,0.0017845518544951117,0.20438827031951817
0.0036107883921824373,0.6113324311019611,-0.01179217143745422,-1.4900795856528466
-0.0014168685971985427,-0.19470974819449063,-0.008412212271244938,-0.9963951514650332
-0.010618194903653008,-1.7172667006049773,0.0061662237981200164,0.7321896839187453
-0.0026665898754272884,-0.4318795153985353,-0.00302872804751451,-0.4113069724267163
-0.01018063976473761,-1.1926997010469904,-0.011182306375892105,-1.74966638450675
0.009874995607552124,2.115695439315325,-0.002637138217596243,-0.4081624908407763
0.0018354697570795364,0.45484593134617635,-0.00746502278317889,-1.0517589606669697
-0.001056988230994768,-0.2246439454026905,0.004425452438958266,0.7572618035566726
0.0074428882360005905,0.9036652370893278,0.00777979118860197,1.4093140836330458
-0.009286814529373013,-1.2879522037218523,0.0021402946061834576,0.3177812142789779
0.001071396828173107,0.20234290119249443,-0.0040495318275458846,-0.55733760078586
0.005800178927168784,0.8803725676712645,0.00015860119213575384,0.024737247394443364
-0.004209070576513294,-0.631000238609481,0.012935537068660524,1.6660171183946129
-0.0074594896971883025,-1.1931213079612568,-0.003931182178563084,-0.5773516641556464
-0.0034341820675437623,-0.5981244938183751,-0.013333765886759563,-1.8100632313908573
-0.004618917565433798,-0.7185013444361625,0.0029884032754444083,0.4353717861341585
-0.003493342476738632,-0.5966741357856825,0.0014991300529944534,0.22056437642588428
-0.005305608930231805,-0.9322789071578022,0.007983592986750191,1.2251485890973441
0.0015041510489658162,0.3525347018307449,0.0029045059593097717,0.4433878044114322
-0.0106281843888512,-1.723383543024651,0.009750720272604176,1.2344254344568273
-0.0026067744055923775,-0.5263678687004278,0.0028686639619631624,0.4361548971987864
-0.000976946612043993,-0.1633536744890504,-0.0007853054312744941,-0.10659716381313913
-0.002002175211813877,-0.3760680929358235,0.011263040372040019,1.6026608095569326
-0.006590382450215225,-0.7760565304966633,0.004640027274177672,0.6525624108493276
-0.0005221951562206387,-0.1140715915978105,-0.0003794388471554941,-0.04511307346654561
0.0024179335898982953,0.4525349556489881,0.004094366616047361,0.4964225494083433
-0.007223600968457903,-1.084646899099966,-0.002066844530042834,-0.27077345735913494
0.005730471733702917,0.9479746010859299,0.002219578410593278,0.28696621154329593
0.0021803619647625515,0.38139852568483384,-0.010909959428546489,-1.6454511549549595
0.0034641265767240276,0.5209693767167574,0.009312058508261282,1.7079432815311024
-0.0021048811442174486,-0.38438832634019143,-0.008340325514353365,-1.3559271258482817
0.004261142325178665,0.6602015626403871,-0.0014036259945204887,-0.24028522091666896
-1.4284370948146319e-05,-0.002639088016282867,0.000519753541220914,0.08398148733378057
0.002958273955740867,0.38582255955164196,-0.0005489475739491957,-0.0948127219963759
-0.0029184148783747707,-0.4743603304485414,0.005687372824192689,0.7422591027799068
-0.007662861057474379,-1.2375228813425059,-0.008328064778146984,-1.1212204768099472
-0.0014094937430617353,-0.27360201276860685,-0.0005207758512491955,-0.07566941320159326
0.004103471497718159,0.7450576259952064,-0.02063110783675321,-3.006902352830489
-0.0035272421747619643,-0.4022359869741799,-0.004224574859733879,-0.6567959413057491
-0.0006415285537747685,-0.10084187172456133,0.0007252064262719045,0.10197861021363279
-0.0011380852464012124,-0.22630747487283326,-0.0060460288985863,-0.9237362404944607
-0.010461227525756435,-1.4733381320720242,-0.0015305887270967483,-0.20193962740697088
-0.0024404591352766543,-0.47465646372643866,-0.003602922010965125,-0.5572144292598239
0.0021141311937004073,0.4037408349488211,0.013451856451824982,2.2386938213698655
-0.0004885862720379971,-0.05872295656113954,0.002784657282876836,0.3387675167372466
-0.004857870016851616,-0.6840252766172629,-0.003636456607664127,-0.575166619587885
-0.0035745103053047072,-0.6294434504623335,-0.011790720462352562,-1.7160648992135517
0.008913038758330855,1.6955613230015665,-0.0006845920097771706,-0.0915649788256984
0.001982164952302132,0.3433035926512146,-0.013765965143606486,-2.170311148343067
-0.009242097359168176,-1.1790430510083654,0.005094844387639535,0.5546254908659198
0.00609537585063368,0.9879899978136117,4.320563831363653e-05,0.005655654692844461
-0.01370459696788023,-2.461758007669398,0.004890153509054756,0.807313675819861
-0.00411984527193777,-0.7277653918953296,-0.00914609455400371,-1.3271597928645773
-0.004396866789438738,-0.7156083467736611,-0.0035487480753373544,-0.4324487765297682
-0.0028472452041892297,-0.43470305300632844,0.013806021898936581,1.937356249108805
-0.009755412917092593,-1.7464074541093813,-0.005436266122491836,-0.8443663157191772
-0.006933182287135539,-1.0480913042761026,-0.005468349982063611,-0.7320254788463946
0.0037522161217916463,0.7736373610389133,0.0035594979854809057,0.48640654972265374
-0.005435982335554725,-0.9564207117702364,-0.002561485741935392,-0.39288882422608734
0.0037529701233030136,0.6009312221283117,-0.00607284550418856,-0.8154413566326104
0.0005591375911279213,0.09398772330235887,-0.0030856235524830567,-0.4653454940507243
-0.007369452606151837,-1.4678019584880493,0.004034994876934694,0.5356285674419882
0.008055838115067895,1.8739415871251535,-0.0020372872601829572,-0.35167338363556006
-0.0036133690158024123,-0.5499576286709124,0.0009500868300825248,0.19194408759130688
0.006585219041696087,1.3543022858312428,-0.0006006505850536555,-0.09851534219394266
-0.0027843798855030273,-0.5437458436354115,0.0011393211864863485,0.1368642111525869
0.00365121606964193,0.687246199598169,-0.0174329822703725,-2.2550497612960028
0.006463906972919419,1.0127895385418888,-0.013856030915978656,-2.1629241983455594
-0.002298244267732605,-0.4953190667159148,0.005471406480050095,0.7542626158446297
0.0012778454825306048,0.2097859290739073,0.006413996406855797,0.9349944457010042
0.003101599210792871,0.5229468868816796,0.002133405945533868,0.2482477825388237
0.0037978429818773703,0.540695969997705,-0.0036478391107634847,-0.5524308039637724
-0.007405439435247914,-1.3736238090690844,-0.002861400822488746,-0.49331282145343036
-0.004151611304646597,-0.8732108416162186,0.0038382498503958078,0.6037729492581252
-0.003436043140613229,-0.47331713244066764,-0.01174411073603512,-1.2725629826756797
-0.004830977711617693,-0.8768985049680363,0.004622774816056632,0.5944374728089711
0.0019706842709017016,0.4648346104853121,-0.006368147469688326,-1.052672419028109
0.0017662731866367398,0.34982867742545676,0.001132749579758948,0.18498932358371661
0.0046167998816672405,0.8548779962590893,0.0050486143349495905,0.6010508695464591
0.00417990275000561,0.7652386818250969,-0.0037854127438362367,-0.6030761280269137
0.013902854393006588,2.238614511009481,-0.006724226892838792,-0.8985030632516621
0.005927031101919622,1.098957895272033,-0.004874430032782088,-0.7190962398040467
0.0022357204974550243,0.29241433724891935,-0.006595518652125184,-1.1292527315134235
0.00030059677754421503,0.051036053425727375,-0.009438763038734673,-1.4180439569390753
-0.006980162203530689,-0.9869386489194432,-0.010222497950820754,-1.5966360303420988
0.008075724619174548,1.5873453049563413,0.003982980171094535,0.6027369065438165
0.004070167841952595,0.7373228434039498,0.0033380637480642885,0.5104488001223855
0.002931269279052279,0.4208510193757203,0.007717989111681508,1.0432275373001838
-0.0020096504472824515,-0.4687092168028059,0.0020990979159348365,0.23776877105887112
-0.00035754025471541114,-0.05873150586869696,0.0011499488441039075,0.15774046307210043
-0.008589991250537242,-1.2138942329264302,0.011638830977744626,2.151002511135191
-0.002827383240262042,-0.43535281878172355,-0.0034840863914783506,-0.6413985581547225
-0.002838337588456451,-0.4556549274066452,-0.00802873882769122,-1.266323159300492
-0.0035921446988734116,-0.4868685116605314,0.0032296839899409436,0.45071979529409023
-0.0009575096859867917,-0.13278059981922377,0.003215010793098768,0.4979731969489659
0.007562190026012343,1.250369755655803,0.010491248874104202,1.4695675189114847
0.009239785307230526,1.4478409889164776,0.002410403251534195,0.42836274958157433
0.0020011150735043,0.3848430025647064,-0.0019268124953185318,-0.25217452148857505
0.0029710814494172556,0.5694050938382357,-0.004430374995431316,-0.7481791390693344
0.006721831428312426,1.2526988298469792,-0.007010562219929752,-0.9304923667556089
0.0006624150786701662,0.1200245399483264,-0.004928349196544093,-0.655556228394094
-0.006629384948539528,-0.819944991762588,0.008150374730306819,1.265824540006753
0.0027313052309007758,0.5852079426558761,-0.0057485497728457235,-1.1315890973493856
0.007370385153771742,1.39617927897623,0.006110253223234935,0.9381583089540074
0.006910022744898842,0.8500406190914943,0.0017572277235750789,0.28351905016325196
0.004006436160554344,0.8553725279717321,-0.0009299782005462561,-0.12202826056995052
0.0052729119109836626,0.7735043369674448,-0.004679095487479627,-0.7027522337340709
0.0030912457468028507,0.6016720640447164,-0.006483501737123091,-0.974995626905435
-7.773474966609232e-05,-0.011669291588783718,-0.0030602925644589024,-0.41922013400654695
-0.008035924568274039,-1.362934574360171,-0.005687335097583068,-0.9452742855500998
0.004094934420752843,0.7899164683880326,-0.016139404488068932,-2.3044925616853216
0.0007629395290863015,0.15307316625719358,-0.007928972867309345,-1.3451855062646936
0.002585678265684552,0.3635135997476382,0.003842494128129957,0.587584411354391
-0.0017683360103102758,-0.2917747177987799,0.0032076072816132947,0.4694604431809426
-0.002942120323331357,-0.42999679823922254,0.01249802748099042,1.7390807868061091
-0.0009912924758368746,-0.18308584954882995,-0.012876318592172895,-1.7275305493227162
0.006445181806052105,1.3456784132900599,-0.009377546531586532,-1.359362340811468
-0.01844786307019664,-2.456411943123692,0.0048424327834910436,0.7136747258729288
-0.007284369744495922,-1.1416372879629024,0.013029539260731948,2.3021553964546206
0.00578214264975099,0.8859131627849957,-0.0016342230989303712,-0.24762508187203897
0.003056266591725015,0.6543468440294544,-0.012479027204702703,-1.4952182479912004
-0.011347914377586603,-1.7748558221049535,-0.0067964589354211746,-1.0565214786457786
0.0004355218095164745,0.055968422770046246,0.007811691993441467,0.8677800180656273
0.010222933498787116,1.3797193474300165,0.0005036866695894323,0.06651974438814419
-0.0016758869000430944,-0.19473593802036096,-0.004864413390336244,-0.6489825130145901
0.0062307095303247885,1.366992214065814,-0.002527780369240253,-0.36704114194113635
-0.008067537530891832,-1.108694138112467,-0.003108036165717491,-0.4667548384142667
-0.00531275280869962,-0.9644983068586843,-0.014218543120457925,-1.8296973972265012
0.0020315970743713377,0.34722792815283243,-0.0025091857306020885,-0.37319352299576236
0.007897838206833966,1.31217864164851,-0.007366825410943244,-1.0631368696700354
-0.008436136789341478,-1.4926991009220147,-0.005073572925549981,-0.7013484952907734
-0.012583808589353818,-2.1024877652474703,-0.004612616954399109,-0.6527717974000041
-0.001143663860816972,-0.16343364260643786,-0.00031004507332461185,-0.03525388587235175
0.0011340172099282729,0.16454482339362236,0.001098390360771027,0.17327779879164049
0.0008292866878796086,0.17191806088148326,0.010290351323239556,1.595570907934162
0.0019044353936766283,0.30683437091994015,0.007736391356591137,1.3914202223816392
-0.00979030178122001,-2.2380335235548214,-0.0010593527627208628,-0.13778052721733292
0.002049908635788576,0.3466886645004639,0.008310965953647406,1.411998034339524
-0.01451297248452058,-1.927857890545868,-0.008811059153820605,-1.330795393253809
-0.005660536869355768,-0.8369300125427108,0.004394058398390043,0.7003950845558609
-0.0016300735847197402,-0.26931413470703836,0.0030390258625128206,0.40742322028876576
-0.006669135772224659,-1.1561307832305479,-0.0028925052011691075,-0.4718078156062312
0.007092007052425989,1.318225171226842,0.002049955054627504,0.281077190377561
0.00291588576132673,0.42461270632727194,-0.00320803174914284,-0.48078535797387945
-0.01130969573567708,-1.482058920670609,-0.0016133960365871973,-0.24592042385245966
0.004202976001919068,0.6811047892617241,0.0049978320416347215,0.8804387779339364
0.0026130784471442106,0.3016772762639658,-0.0019148363358162531,-0.2887537847454046
0.0012810220879021011,0.19426044643758553,-0.007679532214697913,-0.9923938719184021
-0.0012959465534663683,-0.2639623777397961,-0.000472190001267171,-0.0991647850669538
0.005304223871247413,1.068392640420278,0.013636629363926692,1.8918450093253176
-0.0005665808852975058,-0.05942815328051728,-0.007648892188510257,-1.258323923927052
0.0001865650737474961,0.03701157456906265,0.0021805717894945093,0.2724349053157324
-0.01174799749307136,-1.4035228920900449,0.0077627345895530196,1.2924357596194176
0.007205401790019435,1.076377794903897,-0.0006708022991507991,-0.10480781545059732
-0.00884919281294157,-1.3287454935044474,-0.0051597580895532,-0.7790286776693649
-0.011564942860765188,-1.7461636566078662,-0.003114437717722847,-0.4630709552870281
-0.0023088857508942054,-0.3009144794212157,0.010123842459371288,1.3618035209711432
0.005155506698721697,0.7064839915507004,0.0013481270138809016,0.1983661166433366
0.005577795098469706,1.0174905573654185,0.016769690123998933,2.222677714402966
0.0025946991108956943,0.6235724557121355,0.005537698344385403,0.818227722819376
0.007957501759569774,1.3586961623983465,-0.005750034557979812,-0.8533046800481906
-0.0016333671347284998,-0.2744717268525268,-0.008369274319633005,-1.2486661747501202
0.002634196534564412,0.45678105228711763,-0.0025162668022074086,-0.33590677208265657
0.003624527747568137,0.7928845425818157,-0.0008542041625250235,-0.14907357394420806
-0.004564055159047783,-0.7111564309545384,-0.001415906436983283,-0.21421577743478185
-0.010938855362799742,-1.9389801215622078,-0.0076934126413481935,-1.2420629127637506
-0.004427360822271626,-0.8856520075271372,0.0022882958984834544,0.3035032081610471
0.00572014138829679,1.1479234980941746,0.004840444676448343,0.618451667083608
-0.010751511185271559,-1.5469287548544512,0.010023694205689349,1.2474479412381987
-0.00456255421469963,-0.546339985169959,0.004206834679028367,0.5599265360807334
-0.004732676871907689,-1.0199459912246576,-0.0035278098537797984,-0.5053001392093839
-0.007420186253471318,-1.0685681416567097,-0.0005144010766952817,-0.07878902587441629
-0.0010712395010378582,-0.17241500927193415,0.00317293584562154,0.49794033548535765
-0.008350671943092181,-1.5857515846351258,0.00995742872167692,1.550606127909596
-0.0010994286409551825,-0.14775373741189268,-0.0052148870436257225,-0.8832965844823557
-0.004656848218582808,-0.690013241298504,-0.001399599645922713,-0.16990472341295895
-0.00045354615933204895,-0.09114459747034842,0.00322088830461397,0.4392214801751235
0.0012434119039886667,0.2535628506438591,0.003938358059730036,0.4930857487405873
0.004306811257722002,0.8177465893551698,0.0046914574549869695,0.7185286868437033
-0.007824836806651263,-1.077726708956926,0.0035294481289373544,0.5530115891686929
0.008700104550354845,1.5664863380358856,-0.015025022836713746,-1.9246845457337325
0.00145955249092227,0.337262905017673,0.00481624002302415,0.7588910384160555
0.009992117814555971,1.7265609217372984,-0.022426056528054593,-3.045914060754104
0.006496189708898694,0.8682164906686831,-0.005636640313961357,-0.8245676891061355
-0.007604482519297993,-1.362259155743964,0.0015731241680447265,0.28628150002288366
-0.010208378527170325,-1.9430735310917857,0.0024922021912815104,0.3200559269666329
0.010661678726039157,1.5384442860621395,0.000701145042193688,0.09696822862513527
-0.003955748839248648,-0.655853646297187,0.011531067403005742,1.915851707849714
-0.0021977553251987143,-0.3346656589727986,-0.009174980653750804,-1.3350799226654766
0.0006862548438710098,0.09325188263601437,-0.004137933763235259,-0.5974884979998644
0.013115295433026192,1.8525734211221667,-0.0021055005991111025,-0.33605822464962354
-0.005596920769173083,-0.8825832195652497,0.007973292729793044,1.2265321229967145
-0.007354317075715985,-1.3645277426315618,-0.004564299507866497,-0.8199599382674632
-0.007036777100874224,-1.1318347960227706,-0.005494830872601009,-0.5961510127487493
-0.002237130247151722,-0.542731594242692,-0.012046691513641728,-1.8584498143607842
-0.0008541727278647243,-0.1465601270938045,-0.0061460712107393265,-0.6800619661824419
-0.0003841616838599105,-0.06373024801932341,0.004644145363983302,0.5750842092481481
0.0029316029904884527,0.47591847138234455,-0.007296370103367247,-1.078157460768975
-0.002921856067221621,-0.5677644919202485,0.0074286294115240275,1.408281177576442
-0.010171898706977637,-1.3062930991425041,-0.009209637496850855,-1.444137573423598
-0.003940602410207295,-0.6312700404001457,-0.00020401045676487025,-0.031018563331976404
-0.016120555963771033,-2.144910747346428,-0.0054633254503166345,-0.7402658441251324
-0.0015584784825073746,-0.3377374173634282,-0.0012744064809904327,-0.16915995889657415
-0.006370553877952491,-1.1124878214034255,0.0026269735499504423,0.4047689412478392
0.005434097045071004,0.7882454300387153,0.006946537220669126,0.9486245916736611
-0.0005795039026078549,-0.06792548532668466,0.0073685955678946076,0.9484001308329473
-0.005189325171423282,-0.8508408283074531,-0.0033406208043309706,-0.4572458296996411
0.008917717290390426,2.0140851372326214,0.007484078514668882,1.258298033793085
0.0017131849113721296,0.40174805786519974,0.012379948456793587,1.7038047068310354
0.0025591336867162653,0.3975684188221492,0.005294232824364177,0.7812388523604265
-0.0007204478520123109,-0.1635662918093111,-0.018284298534144844,-2.6368761766582467
-0.008807772610791301,-1.440456261887597,0.00025135068804445806,0.030094686345849064
-0.009577759596937945,-2.066142220896092,0.002116833222012769,0.37233323986968164
0.0023690679735848584,0.4034771390412678,-0.006019523992508903,-0.8783723602118507
-0.010514933378777385,-1.4957373818464317,-0.00021366721557823187,-0.03873882192353985
-0.0010628597917096377,-0.14256610909449963,-0.0061815884223989,-0.7900611983519555
-0.005060557067424462,-0.8484916024131052,-0.009417539007982137,-1.2417528514920364
-0.0050409950987254475,-0.7288544901877928,-0.006686622413413373,-1.0978938348936396
-0.01205294841921287,-2.1294544277518996,-0.0025507220341397497,-0.40162502825014784
-0.00362362590091215,-0.5437228747470659,0.0020747334737720438,0.3079960046759583
-0.0007711726455763136,-0.1667033149566613,-0.006337066999708341,-1.0265384594028253
0.0020948913162810267,0.366146477201698,0.005957172429305541,1.1009419854206477
0.006675859709558939,0.8666892640035896,0.0021238557626634376,0.3818900717066891
-0.010409441450908882,-1.6698380727181545,0.004429508522817622,0.588937127201229
-0.007260897874102124,-1.0656616703987625,-0.004571739205319135,-0.7528155437965469
0.004572201773435956,0.9117777281937238,-0.004360410341918506,-0.6380985973556244
0.00044163521916270796,0.08836506490639362,0.00015895901384142718,0.024051989869082392
0.0014723830999504807,0.2597210539517599,-0.011417616454792253,-1.4276577270015935
0.008400704112501198,1.432852953688246,-0.004769137569569868,-0.6563199125745551
-0.014006325814764641,-2.338071036419478,-0.0012489268164780198,-0.1753239399517966
0.0035294448526980615,0.7616243585535328,-0.00828701205610165,-1.2347990356852336
-0.0017366449825644292,-0.2746018813234237,0.001073504862987081,0.15200684868170686
-0.006194564158848763,-0.814596888313689,0.007981759659689735,0.987945010250206
-0.009442024184819835,-1.4164613173336924,0.004132711533907093,0.712802821780768
-0.0035605057207559725,-0.645817898505406,0.003713820234148047,0.40737851082145377
0.011886353790153188,1.8154758651514353,-0.007824833294924284,-1.3336128291964378
0.008846925911356803,1.781838457731875,0.009526417144164639,1.4829525274382702
0.0048004769275284,0.8501018477827627,-0.003553030267876848,-0.4233610723639456
-0.005557558749200855,-0.9594222179232774,0.0007844309490475168,0.09865392764968073
-0.005079210536482379,-0.821602337280773,-0.0056465699798654845,-0.9859618217584494
-0.0031719473739953183,-0.5618775859220763,0.004902194740351187,0.7572536757370127
-0.0065075432912561435,-0.9240760890687306,0.0007903412641201183,0.12569800334846337
-0.01428401151137391,-1.8582153604033345,-0.0013978409420771234,-0.20003440356217364
-0.0034748063415818192,-0.6383512545457044,-0.008292648806862141,-1.1185047414592328
0.0007574863246472364,0.10986421899774128,0.003768598880896633,0.42908579120877727
-0.008501874840891276,-1.535985973023086,-0.014355286514944724,-2.374002540976304
-0.0008729268718074986,-0.1453897815254401,-0.0012505539260208225,-0.17972234713956592
-0.0063041071736724815,-1.101366691512554,-0.007061509619883797,-0.9327488973845102
0.009088517919828667,1.4549526990979944,-0.005197412427491759,-0.7636215915057878
0.0020654618964374696,0.4134592526925754,-0.01120105388576914,-1.787801614854044
-0.006094938166919091,-1.0251717670582778,0.012528030331020852,1.9379107850909616
-0.003424816321713974,-0.6632394717139787,-0.006183392044491681,-0.9479451464965443
-0.0037541341868770114,-0.6687097677632926,0.0016008741232145538,0.19320945843007115
0.002519228785854738,0.422966439999567,-0.0030133203160823234,-0.46752921622528765
-0.004123662369104922,-0.7433395779407291,-0.0038066083953924145,-0.45120715055774263
0.00580643397952184,1.1574358400658993,0.0043856405302595824,0.6888080282491177
-0.005890621595712434,-0.8865148232427554,-0.0010434034170444981,-0.14137906501091524
0.00047568543808580564,0.06866309930497996,-0.009310600442570358,-1.2389966761340927
-5.986143013639344e-05,-0.007719271816170586,-0.001213261442360673,-0.1599799817203443
0.000573515872935649,0.13858315362961013,-0.006069560241435003,-0.893684459978381
-0.01056957166014589,-1.6653686394878577,-0.0030360199526301467,-0.46867284802755704
0.00048996119588517,0.08577119770852862,-0.004566478479926523,-0.7974743041867751
-0.0040446533658363695,-0.7680286237807603,0.01402741257943524,2.26441348972012
-0.0008195862101700633,-0.12199021112005068,0.005156087431047594,0.9951639244229672
0.0019038404745837084,0.2943590178021953,0.0004023852321013448,0.04852967293787154
0.008566875607937001,1.6269059630025786,-0.0008879455478207662,-0.12639966479932432
-0.0031621610451909848,-0.5952157921279323,-0.0009191741025982897,-0.13641823963822824
0.006118762525806506,0.8329113804802776,-0.005238221015043449,-0.7380811527413897
-0.006775317871066032,-0.9265220585957843,0.00022838091752742907,0.03654889734169709
9.61017470117477e-05,0.017876146733819903,0.008109631423913658,1.2790894094792762
-0.005163175445037312,-0.7930058060330039,0.00659160288919512,0.9591433381195352
0.002543535614789383,0.5770291196483675,-0.007868542466894016,-1.1744742440258145
-0.005724798307619932,-0.9244700621923334,0.004270320754851771,0.6349690226874815
-0.015552187343251804,-2.5600458155991097,-0.003790397829318215,-0.5531878116945341
0.004658767328206855,0.5610923777776157,0.0033417075533943965,0.5134699993230816
0.0005259784151109591,0.09771969336996499,-0.0026032887203103726,-0.40031151196231746
-0.0018227703489364399,-0.33878150153840886,-0.0077839201546055364,-1.0913936598465208
-0.004320413207649704,-0.8802098720508885,-0.0033697119981154107,-0.4873625657013793
-0.002981847363881733,-0.5161679739392836,0.006473208673209611,0.9324984710264558
-0.00769592629313771,-1.002807967281771,0.003969120370698869,0.681303951370247
-0.005292795828382922,-0.7765389856056528,-0.0019050374526939592,-0.22328960442774531
0.008164324865917463,1.2639652961650558,-0.0017541190371714956,-0.2803824559411135
5.211485476768748e-05,0.01086584904906858,-0.013317554684815013,-1.905948606088815
-0.003948188402852072,-0.5740421475417855,0.008943265674607008,1.1281015497105744
0.003134447589257732,0.5698912205780111,0.006597885409695245,0.9707838658721649
-0.008731571945333715,-1.735401836467703,-0.015461672815533296,-2.320832407589249
0.0003444849434194673,0.062297193273437884,-0.0022602418015837266,-0.3274197341714105
-0.016361828089174434,-2.578650109927584,-0.0011930298896445628,-0.18721976691968567
-0.0030594283739469536,-0.620302267355031,0.0022101875587448895,0.41014043921841864
-0.006655549953711698,-0.9943446888823088,0.004565581156986956,0.5861593943465964
-0.004723396974962953,-0.72447812113818,0.000397173534126275,0.06394654507587076
-0.0087551666070416,-1.4077652268859426,-0.0007753407619506879,-0.09293411319288383
-0.0075524781241717905,-1.1651790217377684,-0.011885317975679287,-1.9057051596296244
-0.0017891880850921253,-0.29197996558800493,-0.010275246278711934,-1.604525823681739
-0.0009700400499311417,-0.14745230973932344,-0.0074939343151737975,-1.2782212133161663
-0.011912023838612373,-1.8875107206696933,0.004218337135379752,0.5438531729430642
-0.008136264402532891,-1.576304387305686,6.293424032903044e-05,0.008455278858145983
-0.003010313974287588,-0.45968071289119833,0.002084950387239875,0.2867866334403295
0.00863179604965976,1.5752014621105919,0.0068598692602155386,1.0110938735529633
-0.0016646747435307458,-0.29501669303617173,-0.0025716627945007913,-0.3111435849887456
7.032328921428719e-05,0.013424816623893263,-0.0022391356433205216,-0.3215299180517988
-0.0039391162537665775,-0.8132949767372227,0.008985623476087683,1.5951895494101052
-0.0024993932567997576,-0.4074910699943234,-0.0019448573400244111,-0.3048262765314304
-0.002266356965103217,-0.46336433450038444,-0.002042996505347076,-0.31373559636667964
-0.010238554943528072,-1.8840071184956715,-0.0043935424083959805,-0.700594190835518
-0.0008715839990394977,-0.13814112876703552,-0.010613284667725723,-1.636113549838315
0.0031047936358508765,0.5346524050097965,0.0062798308095638605,0.9659173177600823
0.006161468957662727,1.255672750927382,0.005220040618715078,0.9678532001616253
0.004037956227948377,0.5067381826459457,-0.0018637413686912875,-0.2690888426874278
-0.00901102401982772,-1.6861722744058132,-0.008750173988463564,-1.4009626979062035
0.00206252590185852,0.2791628313006733,-0.0030758456152129203,-0.43855544663292423
0.004022718173602403,0.6346416859615331,-0.007083098696291557,-1.171784993932936
0.00029501932522914764,0.06235934199321918,0.000865998458648748,0.11592311559316608
-0.005334201112276935,-1.172881412240388,-0.00048823068269109884,-0.07117730345211903
-0.009641378142820562,-1.2872635397428838,-0.005745425689274552,-0.7894630993834993
0.006372026569812554,1.0969374753230599,0.00802023748540569,1.068485172724902
0.005799494077245887,0.6197410520662329,-0.0027155975374833167,-0.42199748336761783
0.0008194534182728422,0.133825310980086,0.00209520578018576,0.3611350723443938
0.004190115472954935,0.6661553649310373,0.003723012322893597,0.5639954324635401
-0.000538285746367107,-0.07483804321147605,-0.00404230745392932,-0.610161671800869
-0.0008249153460951598,-0.09689813890755287,0.0008110504509671816,0.10438731511496338
0.0066311981926713785,1.0290353560435967,-0.005992404665828875,-0.766438987506261
-0.0020563173170207016,-0.2635415302792303,0.008146887687389692,1.1152505742024625
-0.0013594385654769527,-0.23343068831940073,0.0036111778187967146,0.517574837284702
-0.005911745998631187,-0.8617795866393485,-0.0026742905731156766,-0.3491600752913132
0.0018126591851438862,0.27351593128962004,0.0032390945642033877,0.4798609180445219
0.004622762739303961,0.9264646463824799,-0.005265570211245349,-0.7186380247976699
0.012928978379235408,1.9366486048321947,0.010849884825747419,1.6384585312415882
-0.0016591580384116142,-0.2781100439140976,0.005360489464750994,0.8554727507228456
0.001389193336362001,0.2199789033517384,-0.008150839080525047,-1.286760570420988
0.001640190855743486,0.33837380186918603,-0.0003618806363899455,-0.04368964363530275
0.00385819046073749,0.7320736327755687,-0.0018925998595341676,-0.24712110481862543
-0.0012493464147032565,-0.1954711650361158,-0.011428363250721017,-1.4811122331021227
-0.001559880280032823,-0.2869297918796858,0.008956051644169509,1.6236518172736434
-0.003671029295156748,-0.7548770964650666,-0.002344721250855971,-0.35247451904416716
-0.00019933370525435586,-0.036033318259635155,0.0137845351682563,2.0414312297417947
0.0022017525395537545,0.35743662583023433,0.0012084894641893797,0.20396496075322484
0.0029941253346400082,0.46445269639598524,-0.004212962042121823,-0.7080679305966366
-0.011111353133715314,-1.9330288960730986,-0.0114512061140072,-1.6096950118142268
-0.006653702311605743,-1.1606917868675803,-0.007148288474984915,-0.9681783743534306
0.0003305774477840161,0.0579013980949383,-0.002237259569446978,-0.3160021032767252
0.006287597764769648,1.1159045806096666,-0.00612202772326844,-1.032835313184749
0.005974417083121221,1.0419743451377361,-0.0008066168771601165,-0.113043272487981
0.008401851336330467,1.6466473165616844,-0.004031554504983989,-0.5570687016005703
-0.0019675132800556507,-0.41845290772003413,0.010668097928356093,1.3364725050952448
0.010565380435389236,2.0429527032037127,-0.0065434007751441125,-0.9226805741901495
-0.000618047997986155,-0.09672853513214515,0.005279540633451738,0.8244431322481552
0.004472982566088862,0.556153161936313,-0.006716972470988526,-0.9427783067328224
-0.0022587302317889483,-0.3806657581442791,-0.011043050631781645,-1.4817176298791097
0.004793138523066429,0.6594919164776794,-0.0005689106475518723,-0.11845607118085803
-0.008785786217461171,-1.9242909076455716,0.005326451547311446,0.651743467161735
-0.007286906604772134,-1.353839772953549,0.00597221855548332,0.7120375177461711
0.0025976078007817764,0.4322530854566537,-0.003972039074540832,-0.5037454643957819
-0.007243626479430011,-1.2011335022163339,-0.008194463793561256,-1.2565221053754436
7.902115113911583e-05,0.009888372867773486,0.009414806872415403,1.507718513228142
-0.00692586565688383,-1.3713385731175318,0.006777300642723398,1.1499695168088646
0.009875449609866064,1.0572771478525513,0.004781977879143609,0.7453739557901169
-0.002253934745259112,-0.27641215879007813,-0.004374152684022588,-0.540077828583941
0.00454688735678665,0.7853374436582401,-0.012360049070135257,-1.8605639755879533
-0.002444047506186863,-0.4837107684998555,-0.008572724511460466,-1.4107609551867821
0.008730078731009071,1.193119022970109,-0.0028028025357506765,-0.41434972257421937
0.00022741888284294576,0.04741614956289155,0.007673138537514993,1.292346913983699
0.000284032808639295,0.04827661490548534,0.005305069015303117,0.7178784168737073
-0.0002100393472496846,-0.0340301975551888,-0.004072551533958522,-0.6810135648214664
-0.007051770735047425,-1.3257096252238008,0.004075097871810336,0.8253289331273422
-0.006515266356021914,-1.1895800074382494,0.0010647348126008411,0.16745091257456254
0.005346036047398409,0.735655277098598,-0.00888467063158407,-1.4629535868530947
-0.0029750224852124734,-0.614252371021479,-0.004093227924017734,-0.5331451821639318
-0.005498738535529487,-0.7732038710502237,-0.0005185586348121878,-0.0962823399178529
0.005717620051979913,0.7530682264405176,0.007638984096356261,1.1499296468729485
0.003288158958933262,0.4230481740492856,0.0018653489614663826,0.3290432474932965
7.283154620648177e-05,0.011358261288815131,-0.009835036170578706,-1.4642964762476038
-0.00176612803848326,-0.3059587437162836,-0.010083312451801748,-1.4838060877110602
0.005617227599157128,0.7847262900212107,-0.005633142178544339,-1.0785632523108046
-0.006760391098013455,-1.271521104356466,-0.008962902245428532,-1.4336071324602027
0.002822208523406835,0.4658672336561679,-0.006037098130056665,-0.7806794237363628
-0.0029725577425740246,-0.40264231465914185,0.0005258072344064876,0.06790741338836886
0.005796367152537587,0.9873964650575191,0.009147463510863292,1.726729201546428
-0.015846005170998757,-2.126498039728411,0.008967323577255727,1.0077320327743395
-0.005313341182807348,-1.0583858845011676,0.011174433066431377,1.4619941900161249
-0.009194043307066711,-2.149410728672649,-0.003744704366568255,-0.5555494697810087
-0.0023973050458737893,-0.34306136997244935,-0.0003591299987379549,-0.05370575541290299
-0.0003561192367295246,-0.08538840777988456,0.005038115815954163,0.8518806056180455
-0.009397502320778274,-1.3805289031600108,2.0534356276348162e-05,0.0034995425430485085
-0.011345565277635876,-2.247565548135678,-0.0050543320711022134,-0.773191255388691
-0.0008812540821776911,-0.15609262582525793,-0.00020636864532274366,-0.030816111461390495
-0.002852769099984333,-0.48674564597828357,-0.007539599364378906,-1.2210281962767973
-0.004117211564642911,-0.6888869028917477,-0.007813618522796665,-1.0201924949303516
-0.005490296061062325,-1.1103241277699343,0.008846709902262011,1.54475396980439
-0.00782318922191302,-1.152049231877959,0.005286430281262383,0.5487229025274543
-0.005537598782574463,-0.8202464091757118,-0.003598801985079684,-0.4813455336963402
-0.006394668112244387,-1.2704084442014214,3.7075512317723773e-05,0.00555266299551167
-0.0012747108965860104,-0.2823503354802123,0.003045572100692461,0.48129646905664336
-0.0035091493458939598,-0.4377498499216496,-0.009852565430020506,-1.4978691053727138
-0.00520831649461714,-0.8002266352246089,0.006301478780006803,1.0044628547541474
0.007242413532596047,1.1957013232729652,0.0015371626406302573,0.20282951768468943
0.004202469176027283,0.6943808000704366,0.0073004388595540905,1.130963764365847
-0.005538241651371486,-0.9120076006799794,0.013349531903825004,1.8839957218922119
-0.0018757895177408269,-0.29456850004083607,-0.007945901386513703,-1.1973683065076342
-0.0018654496331749289,-0.2819045245153921,0.0037146117820140946,0.6744958615794159
-0.002740918953418746,-0.48031542987911807,-0.008467964485978212,-1.2763563272392937
-0.0009177735210489648,-0.17473429510608876,0.009630511076919136,1.5051692046188379
-0.0012645504288394784,-0.19564718809821743,0.00445488786256038,0.6187010539754954
0.0004913765933029724,0.11298925567541039,-0.011617629577019607,-1.6126639474128877
-0.0005348371166364962,-0.09931284799682756,-0.0032179606163624227,-0.40041189910748837
0.00012520418878532382,0.017434455791093786,-0.0071966958924060635,-1.241540532369424
-0.005263783761137165,-1.006674760250269,-0.0012290159652360124,-0.19035975398880234
0.0012625234549201213,0.2560132310059004,-0.008396124065550046,-1.1655262636789963
0.008936165484655218,2.2556279624918427,-0.0027563289019703176,-0.468440038978385
-0.0004466154658560713,-0.09485150575564186,-0.001134288544805489,-0.14575066430182837
0.009085420381712835,1.602455941182156,-0.0061869695089921154,-1.0738288237187092
0.001964484414717737,0.45942500530977914,0.002721086568510195,0.3378098192542309
-0.016244816578193832,-2.069724758832448,-0.008625434668664469,-1.3496344183953768
0.00201102823270784,0.24280080006517693,-0.006369128521569539,-0.9461837279570826
-0.012420192277991444,-1.7963098996495626,0.005496661005428296,0.85729872694762
-0.00867270601609742,-1.3799034400398535,-0.014615592950772378,-2.2457875988613014
0.0011354061888430916,0.21565431147934172,-0.012871209273611399,-2.069022717653269
-0.0009517761505034054,-0.18863439700798804,-0.002549037432816945,-0.3479338061332132
-0.0024860565980613994,-0.34744639045129244,0.004529191355164834,0.627838423699373
0.0011968530466523156,0.259812625888013,0.0014102658258667152,0.22641946646432987
-0.004129741105637872,-0.807583499994539,-0.00958148439776069,-1.307996108357473
-0.0009809939878348928,-0.2119252624851434,0.001577591811606219,0.2220859812402604
-0.013272766168960934,-2.4362440017253846,0.003249393640755703,0.40844388501789625
-0.006754185497469195,-0.9658856872481588,0.0027018716271034493,0.3745526315234938
0.0009024977189604733,0.12057336968283786,0.0038045020022445027,0.6778759430788118
-0.0034854510249864956,-0.5974372074539809,-0.0022195451949339846,-0.33173500749492413
-0.013376112204576063,-1.987950015501343,-0.008871682177691513,-1.3210310287881626
0.0018473285775105067,0.3610055727217142,-0.005210231615587776,-0.7952514834743181
0.004017778859043079,0.9435243336452327,-0.0034501554232957334,-0.5044651815100675
-0.008258893004314002,-1.2844111846935908,-0.011053465082009592,-1.5853700236329138
-0.00011623288777433616,-0.02094870796808971,0.011750660632850646,1.9045036716600556
0.0009617739106602464,0.10546651907247839,0.001827640217956564,0.32814426805766206
-0.004624015771715499,-0.7946764118834411,0.007167748069514202,1.1817503165441565
-0.0027286430496997554,-0.5160922629106925,-0.012832520416677064,-1.8807418070962194
-0.0044985844029826125,-0.7024209756435041,0.0018517994938004978,0.2323855690231228
-0.0033275688480716194,-0.5387666659485506,0.0005872568352975718,0.08862638406590541
0.003993609975763652,0.7461220017545007,-0.021186088429620307,-2.95128568818635
-0.0051832676366598465,-0.9721017409228319,0.010666930499576333,1.2730837713257221
0.011546760610379462,1.6999283541403776,-0.00011440771755295956,-0.023296208731319355
-0.0010517111576437595,-0.18347833550755402,0.0006520449157375851,0.09538182517073755
-0.0012909103876877284,-0.22745256767901684,-0.00290326554127317,-0.41704050626876554
-0.010028204258468768,-1.5123070159423488,0.0019251370376374235,0.3044731476793995
0.004144091364894849,0.7501316732998257,0.0036808751374909536,0.5251105613571441
-0.005417600363448121,-1.0558962268414913,0.003985482291479445,0.46863789954900353
-0.011326649075474598,-1.672575830195277,0.005495077132446371,0.9002055928825982
-0.007621452504220884,-1.1457741039037996,0.006687676469253069,0.7996196028099481
0.008201767854184375,1.2107352331559333,-0.005219488262741351,-0.7545032267843516
0.020461753575700185,3.110171839799482,0.00026392278040979553,0.03851389720483361
-0.0006248980709585673,-0.12122418945681007,0.00214710065000619,0.3554802740576575
0.002387536949249491,0.4119867405249782,0.00458670786043508,0.6696645381882332
-0.003412651925332592,-0.4657111783375047,0.009662680429785991,1.3965211726575628
0.00039139749961828157,0.06563000409542909,-0.00329423087309121,-0.5523600593709668
4.425493269642484e-05,0.006815767431633391,0.004882030717630753,0.6860588948730907
-0.0024372950268763552,-0.37179707390226546,-0.004865347100179499,-0.7936299474653778
0.002288755889143103,0.510459089051403,-0.0012082649599010331,-0.1726451464718386
0.004899953400614276,1.0240293924012775,-0.002449178387300817,-0.36963916478414677
-0.0020379396664800976,-0.35709617920979164,0.004543742162787449,0.642687074510446
-0.002600770275805059,-0.3964278072059108,0.0031478994603976033,0.49723462175685235
0.0046428085667155625,0.6763465835022449,0.0012425962765714922,0.19264308780458705
0.0016936488759856792,0.3404802427792623,-0.001364075420475977,-0.21761839112349152
-0.0025053439927037726,-0.37196164867688397,0.00583259623244901,0.7829672268045379
0.00048021917653679396,0.08318290476746333,-0.0006046852012476232,-0.08049060811531117
0.004163617484765296,0.7194515980743106,0.0023478740999033527,0.3667413723782774
-0.005112066144405966,-0.9503398067645785,0.004147273906552986,0.5971277777401803
-0.007574233988835465,-1.2085355850422161,-0.0041786186414974,-0.7482994583001144
-0.0042672205437666744,-0.8230611654021646,-0.015060613225645985,-1.9383500935024156
0.005341854941256165,0.9061793992779087,-0.002073369847780457,-0.36030781231378517
-0.004540508138894524,-0.580903757198997,0.006438505828778512,1.2019681524396275
-0.0076532188321181615,-1.176707370627859,0.0023955854731543503,0.40780530427549466
-0.005189441959327486,-0.7166779608163625,0.000310687896760835,0.05787421628824565
-0.005588872356372477,-0.9655905488928814,-0.002762777581836541,-0.36098411152279203
-0.006373792492377843,-0.9127951380493433,0.0028330177048564373,0.33900208886994865
-0.003230564224032448,-0.6084216294710406,-0.003456197064656878,-0.49283815125394576
-0.00032522320512994355,-0.05877763635404607,0.007038977676916632,1.0093699631524102
0.0029843723045353313,0.5453343388537674,-0.005691004622196465,-0.9826384043735674
0.004771834212715703,0.7359250377542635,-0.005282485668828863,-0.6999504919868338
-0.0021368048853838044,-0.450419544786598,-0.0027193685741469216,-0.4061777279849842
-0.0011527081520054524,-0.1668750833823512,0.010736870524273951,1.6827978147381732
0.0047620061978693754,1.389305528184768,-0.012322707170246597,-1.8897147907902034
-0.001923732395245576,-0.403665976545895,-0.016174174600432138,-2.3984777922973324
0.006303378669584428,0.9378726017343209,-0.013456371745608965,-2.130417246477107
-0.004563469136781648,-0.6739651769471566,-0.003749994526499752,-0.48075902332847625
-0.0017408216993556461,-0.26908322954948843,-0.0032583422380431386,-0.4853291618834348
-0.012004684722042483,-1.5826247409063812,0.0036429885666174402,0.41146915260141975
0.006961166799922311,1.225939414788754,-0.005397791474316717,-0.8248541688036131
-0.009091049251051893,-1.1688293639737228,0.0047637974431337755,0.6577833062394652
-0.006709973154271595,-1.0486889333384242,0.002407922172378907,0.3087524355850023
-0.01051528642047082,-1.8934276369898795,-0.007206896227382033,-1.1215469350123701
0.003984872010402585,0.820801733501227,-0.00903522199729172,-1.356004230888393
-0.010287227870396971,-1.6478480979303392,-0.010709545168359362,-1.5287584756619854
-0.0033122042844015457,-0.546915566914574,0.0007200626456471059,0.09285529550846308
0.01332700703727507,1.6581860406349782,-0.01040964542564748,-1.6760127538620335
0.008352869967714284,1.097496155543478,-0.003945362208999381,-0.5992245474109031
0.005146575528802172,0.6570808883778071,-0.0036324541889529924,-0.6059943667326206
-0.0031815682457019276,-0.44489318533551614,0.0034022920611780703,0.5262950156928657
0.009765012480789793,1.3437886739196008,0.009788604642708379,1.680677659116658
0.0026278908432520853,0.5029101277957464,0.00014802082855723417,0.01937306701489795
-0.001712140890415381,-0.32899232374860427,-0.002692766211052291,-0.4210372810650111
0.004029854436377809,0.6316349767403053,-0.001738279995755957,-0.26275214093001664
0.0038050466770482468,0.5529893827998318,0.015800558436824798,2.3135059609286053
-0.0035970217257721864,-0.6572469703911621,0.0032284268125682787,0.4256162514057276
-0.0011571377519949816,-0.1678625785829807,-0.0023272512405269315,-0.3088378652236972
0.009631021308610734,1.9076170950990106,-0.002378718879943292,-0.3434335255031358
0.007599946303975133,1.5290068177360496,-0.0033404672447905383,-0.4432367826199373
-0.006517809588457214,-0.9778805902616888,0.01755419348979753,2.3888425003508345
-0.01481293233539092,-2.2217770045805674,-0.010080967450053024,-1.3248352949475855
-0.0008415359759798493,-0.18468409745057718,0.006254737832443473,0.7467826849073724
0.004655305694566389,0.7963052134196472,-0.002973018078573506,-0.3514618874750975
-0.006067201908046907,-1.3365911518919875,0.005692195285710098,0.855188687174884
-0.0051589468889193454,-1.0844877392472752,-0.002354633318784147,-0.43679718153463615
-0.0004056617524685634,-0.05559665075444364,-0.0018810280122911172,-0.28975170777659576
0.0038616707635620237,0.7588443175183762,0.012082879220532814,1.8107477794576547
-0.001249929408340156,-0.2002599168582752,0.009558986943091624,1.350339924367062
0.006458632989208471,1.2685286795024808,0.005133014803724956,0.9810079018665133
0.0017673758082539298,0.4254814685131166,-0.0062385388788085885,-0.9414021363289073
0.0008322013425512006,0.13871681892723023,0.002754306699379175,0.3430436620349774
-0.003004372036999395,-0.6758806924456711,0.006011084074826426,0.9821984919772073
-0.006423503564331837,-1.0617215211926077,-0.023269640289278627,-3.6113898841806518
0.000760632761498203,0.10589973324043035,0.0008937607318415526,0.15090503947708148
-0.0006619608342431017,-0.09873618970878907,-0.011509270512391104,-1.7991605366691232
-0.0004972824485785643,-0.09124088230469986,0.006230476394878156,1.1294714761399987
-0.015788237060316387,-2.768979231225275,-0.005922540239656897,-0.853728360246597
0.00011111482822849679,0.01747038287546053,-0.0008732113391283121,-0.13709615252657922
0.004808074220688391,0.8492518593653898,0.0036133372636845736,0.4596107038408741
-0.008807712257746275,-1.2443608381792768,-0.0038794526064869295,-0.6042344266564713
0.006524786356063985,0.9226714937224556,-0.0009793257566111505,-0.11609500799165445
0.0020866815596844368,0.29795107192950393,-0.0027196674440136265,-0.3928000968394832
0.0009819662689368406,0.18451671769446257,-0.003250662882081345,-0.6068730617355564
-0.0050809919321058526,-0.9469273773330964,0.007733012778212915,1.2801398032348614
0.006953518813898439,1.0390229002683207,0.005654119481719593,0.9836618623166972
-0.005489320665949859,-1.0985372162437899,-0.008523937087548426,-1.013442780884854
-0.0033140240972297126,-0.6648582448647155,-0.0011264412245475465,-0.19066370720878192
-0.009829147890066862,-1.7004043847014703,0.005810361995369271,0.8398192943099215
-0.007428365627411524,-1.0608478264648302,-0.0005400471728814563,-0.07288785715496222
-0.0031477422487348906,-0.5995571917512204,-0.004481083812965937,-0.6712705313923775
-0.011429581629468548,-2.0618442650378945,-0.0058684227847745655,-0.8957880494832002
-0.006526568476450573,-1.2678900828698179,-0.0015005336126498825,-0.2855345126420505
1.686727884350357e-05,0.002547000859947135,-0.0006818246817453846,-0.09369554709888023
-0.002859658321945387,-0.4255107789135307,-0.012541092609664493,-1.9554777470820823
0.005268071689052144,1.1372934568168813,-0.010022423496921718,-1.652345612491535
-0.0010001303066668982,-0.1715723879691802,0.0049399946887485,0.6114553002502292
-0.007914917488127629,-1.3319431498900074,-0.0008703143117799137,-0.10849132263947926
0.001997211095930521,0.3570341571624908,-0.0009990449306637537,-0.19315153870009916
0.00544497496586595,1.191342580406323,0.0025469969721347587,0.35222610617473016
-0.005243466256616128,-0.8343075554731508,-0.007481447810381826,-0.922499220038713
-0.0027253201962078354,-0.5518549458441239,-0.005483676144293749,-0.7795233443906433
-0.010475201295093668,-1.8158669473639195,-0.003091432134774981,-0.4876655403948416
0.002849369913828452,0.44486044097401845,0.008552117920762,1.3266609352260226
-0.0021772476075360755,-0.34829498065582043,0.0009648718101879097,0.16690549595388088
-0.008926464419695475,-1.4625979601938521,-0.0004761958751493629,-0.08515439319990027
0.0005823721842415933,0.10908576503739441,-0.001571709506809115,-0.21327057702181745
-0.002246141025882051,-0.32344636794284704,0.0029159049345734785,0.41822672730902427
-1.8029357883975845e-05,-0.002334613162309888,0.0024025985088436813,0.3607930324756103
0.001377579259990753,0.21507826353811083,0.0011514793754276225,0.16904403804541737
0.010069507478237772,1.60984653360737,0.008827749805107307,1.3619919453302258
-0.0019447639873653967,-0.2753365107722511,-0.009188145659956353,-1.3836677095403618
-0.009521575284232704,-1.755530300126854,-0.013204059547199375,-1.8078228636067022
0.004047886038553058,0.6330589906224074,-0.005835117624592962,-0.7848195392794461
-0.0072566374202960755,-1.5150696444432348,0.006714239188052456,0.9684974476274222
0.00704912391976475,1.3668608939023608,0.0007506550909779231,0.1150655046931448
-0.003152490179074556,-0.4801920604362856,-0.005592353445402966,-0.7402052511077035
-0.006429843930813981,-0.8879533332039125,-0.001173389722043634,-0.18696847517394652
-0.0067800165952188775,-1.1360528017169442,0.023929131904854385,3.8490134837800096
0.011371276447669137,2.1422030914055843,-0.0038884987176074637,-0.5609494607890277
-2.9595060740543336e-05,-0.0041812411151723634,0.002739591914274545,0.41144710413675156
-0.00022914357050890955,-0.04471143623358275,-0.012262502428940003,-1.8510160849300805
0.006146798452677009,1.1291824978412832,-0.0047426343157179335,-0.7607436228984096
-0.0006678364703952421,-0.1637679094758024,-0.00032488339042868785,-0.05767623581383901
0.0061439857580898646,0.8982224884332134,0.0018321320140253562,0.1850884589882417
-0.0026639489713285672,-0.5516293271368102,0.00524230658910096,0.883390650414146
0.00030060942744267053,0.046322217422993174,-0.009717778543192127,-1.3213643469047138
-0.016791300897112282,-2.5241683911846358,-3.313763732180463e-05,-0.004361832555057767
-0.004875419558576516,-0.6873977808213396,-0.0014176130110297403,-0.21062188355982941
0.0033175758932070037,0.6772937718811579,-0.0006119852351261246,-0.08724489263836108
0.0023282915138452855,0.39122590521535094,-0.0031241199306863052,-0.4324390446869849
-0.014323140396177863,-2.1904128867016537,-0.005825332171782038,-0.7706859778090966
-0.003595100970774442,-0.6449241632342365,-0.006802481911344285,-1.0585242393344851
-0.003633330697220157,-0.47192033945599887,-0.0045420669978018195,-0.6411277717495015
-0.0008976384189559818,-0.16269238738313552,-0.002439629844419343,-0.3663957876243439
-0.003279242265521404,-0.5656782748395345,-0.0011534960967194757,-0.19737529631439957
-0.0020398557705711934,-0.34687151312911985,-0.008222649042175734,-1.1271704447117792
-0.001792179560566008,-0.3228473681767806,-0.0008381783315376418,-0.11237304701767314
0.004721917872045262,0.8639258188852438,0.009279435932919832,1.575403745087458
0.005323410795082229,0.8661317433234998,-0.004929696053789738,-0.7746201463877952
-0.010535708197623487,-1.4317255634300503,0.0007674851712484551,0.11333649768171421
0.0088241151035316,2.2495028781945967,-0.005563873493268463,-0.6434326744870037
-0.0020351697832994174,-0.3474077527846774,-0.0033792214792604316,-0.4664871993050336
-0.004278651307785328,-0.938092318301542,-0.0066671104679532816,-0.921170902949827
0.0015062342320075715,0.26222520205454375,0.0049171962684418135,0.7725088636758262
-0.009233395254544544,-1.1422918899203083,0.0033845373884423668,0.5724997865350343
0.009546323996678152,1.4483119251191345,-0.005402458389022036,-0.7089208959452205
-0.006380558024723029,-0.8608064725484466,0.0040063494035567915,0.5044303126288199
-0.0012898333932973994,-0.26342437967593524,-0.0025058544693702754,-0.40231659018116667
-0.0075803019401093595,-1.0691446169711918,-0.002717760496039938,-0.36697833196094537
-0.0028362180236194178,-0.34236799565365844,-0.00810825806094455,-1.2452189805952283
0.0031045633300739893,0.41565224621013713,0.0013911609189449464,0.1983624808198959
-0.0008451328163138596,-0.13973144672057972,-0.0031101462077268017,-0.4939314456994793
-0.003637889400138198,-0.7303058000198576,-0.0024623098666321772,-0.3799955599277892
0.007723510938805333,0.9635789106931346,-0.0003068812632931647,-0.03604498668215033
-0.0019201986310585124,-0.2684848811993484,0.001068455391763502,0.1295493659608401
-0.0026886441511051857,-0.45435198248739167,0.004316616484850402,0.7260371256280629
0.008726048937521358,1.3249447007408608,0.009362552673542553,1.4440547373969752
-0.0023203966166054244,-0.6130546696372736,-0.00574358425568036,-0.8515616654547806
-0.002976673282578818,-0.44708238926046573,0.008726995997880538,1.1435269195170852
0.002084874323434834,0.33556145048116265,0.003096254861919234,0.4363439750212621
-0.006844828622661454,-1.1970597757471686,0.0016978727532634302,0.24476182755846743
0.0065999138379449615,1.7327778190749032,0.00020381290810447605,0.036460994935456105
0.009258530640625783,1.3806500630636727,0.0026569791864910455,0.3970925522697517
-0.003620139418461272,-0.7022270841711585,0.00600146697010521,0.9031008111616883
0.002259665569234803,0.5223240462400358,-0.004551476185120024,-0.6978637554339125
-0.006934111658101223,-1.0191100460024483,0.003583870057192139,0.5296086472206478
0.013619705611826538,1.597653503444861,0.0050615840909242135,0.8399842849192058
-0.0024624069233435907,-0.4078046775515343,0.007601557908998835,1.4755518514395538
0.014679629066208247,2.125844897025063,0.0006614751110426315,0.11300385714729577
-0.003058165330976712,-0.6130564886120002,0.0030150820762560645,0.38356747750563996
0.0017454988044169448,0.38016195474465925,-0.010040237823918658,-1.5922117043151642
0.002748289280983849,0.4285573234751061,-0.008190760125753442,-1.3455853288493307
-0.009227101218376825,-1.4749951791718028,0.007242822398142654,1.268387771969617
0.002131767229859376,0.3420404536898594,-0.007180979721033155,-1.0315018045240405
0.004160153509536206,0.8691486065880508,0.002816382362950175,0.4241516842307111
-0.005541419993984176,-0.9045962111984526,-0.006035415545936139,-0.9079745325717531
0.002250169799935698,0.44996074951755805,-0.009942711289869673,-1.5400563415130024
0.0016172051193174004,0.2984362791635339,-0.00342601235088296,-0.42375377280237697
0.0011140664389436032,0.1674902225578204,-0.0072281287547970915,-1.1631589815514727
-0.0020709368780693817,-0.38227913960617727,-0.010677814791089611,-1.326719287348299
0.0005266304053924395,0.08888780518298223,-0.006752046160846287,-0.9461394881861283
0.002659473064381887,0.3955342367145984,-0.005024870753153462,-0.7238394018118302
0.01167627862278101,1.809347469975505,0.0007191457361097293,0.09676797967778077
0.0029748186119314653,0.5630641726654234,-0.007535232487039264,-1.177519602995401
0.0029165333347890175,0.4679769650451961,-0.0023023002488007497,-0.3302408667340489
-0.0014205375065713638,-0.2768924415769428,-0.012750677709754854,-1.9376299760025197
0.004484744236842548,0.8170132188977774,0.0009436627224737794,0.15500815661981251
-0.007998836101222088,-1.1035481500086213,-0.005237296964429397,-0.8649528443614449
-0.002973046216462582,-0.39647579396938104,-0.005673250243063567,-0.8146429496680524
-0.00011308650016050566,-0.02177250900764984,0.01310103157366287,2.125875487671227
-0.0009907215389591032,-0.179488278026909,-0.009723817241287578,-1.4030493775629524
-0.007093066438986657,-1.1249122572046397,0.005367029437982556,0.8381232619338851
0.00025773547704571514,0.03745269251856348,-0.0010733969525800113,-0.1358923970141702
-0.001990754246575341,-0.433999513817705,-0.01535239489053072,-2.2658011460955656
-0.0014807518545772384,-0.23116749741207063,-0.003911656105798773,-0.500080093562874
0.00010282235428199705,0.020975361836721027,0.012683040759855041,2.121274417463774
0.0014379539370684127,0.23381082759631677,0.006154056929307572,0.7103270313885858
-0.005484727961111288,-0.7650053082793887,-0.0023772469966636656,-0.36868828206077614
-0.006115740470533114,-0.9788377988300002,0.00529856186802076,0.8240288197343686
0.000353952346694279,0.06537077577740175,-0.0029844873114048273,-0.4963848216171131
0.0037600254775664275,0.5731735009267579,-0.013882892330358089,-2.093893503930452
0.004425696457340615,1.0599135098635262,-0.0014105774954776083,-0.22632946632536136
-0.0027151416573205868,-0.47526163587656634,-0.008116496266314038,-1.1556207575840654
-0.00804218756414141,-1.1212904652784503,-0.0007977828003311579,-0.1089751691836809
0.003962667177226519,0.4782146120286515,-0.0003482535270900739,-0.059233542110361706
0.003257584801676149,0.5614944190272111,-0.0031308414453798963,-0.37114137271674114
0.0023391049020075544,0.28271578202447256,-0.00828170496951704,-1.2731723809712068
-0.015257711950546302,-2.1747390899299517,0.002207522762707668,0.3074050971645072
0.006560115506396543,1.254391481409977,-0.004564695977598968,-0.7393097218776465
-0.004333001694797197,-0.8655930170601411,0.00038791529104024536,0.06311044476989608
0.0026054602140606503,0.35566870036498816,-0.006212254888373006,-0.8527061297138306
-0.0029171491352507394,-0.536390236871054,0.00028984728838034476,0.035183637950636205
0.007283041911230668,1.724387090970671,0.02064577518538486,2.7816268448407633
0.0002781493409739699,0.04557365678294808,0.0010998332195431449,0.17075989621286145
0.0007559717787902232,0.10976997801560302,0.0018398241303811112,0.28273770033439494
-0.0010077932561372888,-0.14182536890615421,-0.008638304622250063,-1.0849686634881022
-0.006551477142142662,-1.0463357280310899,-0.009947222543309986,-1.5699491654344615
-0.0043780239697760156,-0.7409636159523444,0.008067830251424792,1.2339227841038767
0.0024299954148592606,0.44497574909725246,-0.001139834025005688,-0.1503439395500175
-0.00807481370465829,-1.3474710799119862,0.015617536037357813,2.2092870423446795
0.0028019227923698473,0.4448103742343299,0.007580545121371567,1.020139818635507
0.007197822171933748,1.4250406762442893,-0.00599901017130692,-1.1469943251446455
-0.01058221746689958,-1.8351938941732513,-0.005563901973674173,-0.9101284270984487
-0.005280952127566548,-0.9865540555312657,-0.0059674646532205,-0.8574305496331
0.007129011026781031,1.2910355028281524,0.005437954647977401,0.9114718995844094
-0.005701486740798954,-0.9779214877956716,-0.002176143040555454,-0.313719178932972
-0.007767530983002528,-1.1605907230273471,0.0019417099355343173,0.2697811007756934
0.006068016860488213,0.7950652147909713,-0.0114442034870193,-1.5486126134118434
0.0013817340502944439,0.23592658521625332,-0.008570106390775408,-1.213167668252039
-0.001841212710003069,-0.26240968618999005,-0.0032392944066785747,-0.5032298191360597
0.006479401847197038,1.2393669250662702,0.0031149072952107084,0.43971307731406656
-0.013558572065817233,-2.068003140722335,-0.0023107726983472897,-0.3686353647399902
0.007176600335017117,1.4228357508402094,0.001412266328167534,0.17720992081483336
-0.0003478030550128739,-0.061025389605385054,-0.010137986405992757,-1.7532339543275755
-0.0011160278690120853,-0.20195469920309483,0.0009983350808451608,0.16256546703723904
-0.003618160534011633,-0.8509333911056138,-0.004164770488700082,-0.8028870667023519
0.00012744043190497374,0.021411217160313915,0.0021578620176749925,0.2578355821817248
-0.00015847503835666102,-0.0295479400566165,0.0005103133477210294,0.0771259179781302
0.011517943792167355,2.094436421158133,0.002202414295215618,0.24565004367187618
0.004474811533420048,0.8162497777470392,0.004295227888149233,0.8233940690669361
-0.0064653305699754506,-1.1569917084696453,-0.0033693693636686335,-0.5042689068478591
-0.0017930731974898117,-0.2677397598827061,0.007715460938938817,0.9927944445634007
0.0052133605489655035,0.7413900443248066,8.716139717333896e-05,0.014256312719959474
-0.00698512591622303,-1.2305917277982765,-0.0044279744765366325,-0.7330822848855714
0.004984857027659599,0.7347618924165816,0.0016412735203997682,0.24472483892581903
-0.0022745692939380615,-0.41267442147706546,-0.0006165213818391773,-0.0795095305022803
0.006249048441575235,1.03793787094457,0.004336210019097411,0.6143771587149759
-0.0010019891561509813,-0.16963029073240454,-0.009158333552598635,-1.1908794314316715
0.00021760045474669763,0.02641645249441257,0.007843241091476934,1.3248869257593496
-0.00787169403245272,-1.221790744246777,-0.0054852809254595705,-0.9900330065084563
0.004605751955689797,0.5275339693111134,-0.0002993843306501124,-0.036748548657676725
0.0006380089739439154,0.11660608275684183,0.0006599023879379374,0.09473933405559656
0.005166827101498451,0.7420714218561718,0.0007545179392856067,0.11205037651725322
-0.007718141070660747,-1.3859704006813154,-0.010645436158659528,-1.434450489724532
-0.010128906614334753,-1.6399245007840622,0.01138141075637388,1.9016161512672398
-0.00675565602729414,-0.9936415090530962,-0.008459072363623362,-1.2524160792800805
0.0003431978794454848,0.07127270164720963,0.0017639881722808196,0.22153205739239784
-0.0016624716874606633,-0.1994914037125756,-0.0033019442272925925,-0.4591318434046733
0.008161398929834387,1.1261884717488837,-0.002467482317765016,-0.3834184614356127
-0.007228638437512766,-1.0569538717375633,-0.0003913692887449268,-0.06858142837710214
-0.004862468473377352,-0.8014701040333533,6.650071723159534e-05,0.010498627502820254
3.059791731704439e-05,0.004838838166702346,-0.0074785008429073055,-1.1308949867769482
-0.0035461757834732315,-0.6856321529753481,-0.007531836056033133,-1.1287602758708641
-0.00513818680552313,-0.7336501943796591,-0.016928765735960263,-2.059686204856648
0.007658132827808653,1.428606569618558,-0.004125389430891012,-0.6753338014532521
0.01080554022509456,1.3218699995374417,-0.005128230380882461,-0.888732276331424
0.013671344144740746,1.8039187586700847,-0.0037413181417051636,-0.5730610233480874
0.006778112698574851,0.9438575193397416,0.0009796591619905123,0.11158240001659402
-0.014975183495661324,-2.664514469616332,0.009121229738689144,1.2277739636765046
-0.008241131833445487,-1.6194438637493054,0.002012732135817267,0.31052773662884636
0.0004979682890163584,0.10901628065849557,-0.010274918641974506,-2.0857403477216807
-0.006040750909673139,-0.7440928643621801,-0.0021185627666475203,-0.26682016357747057
0.0015223859541356553,0.22719332102366604,0.002673841906922091,0.4478855337805951
-0.003378307406320599,-0.4260698107878639,-0.0005631102162443372,-0.10650861364793394
0.0028477890842122304,0.4575705785966348,-0.0070140739766983515,-1.1414237171717652
0.001153700489666797,0.244573003942196,-0.00691391055580261,-0.9232802514763127
-0.006287511842283973,-1.2418326667715138,-0.002562593112366414,-0.44253520374021627
0.0024892548763029453,0.428802247639298,-0.008206126050179053,-1.3196579669198512
-0.013230673624205463,-1.654200992746184,0.0014423425302212127,0.27728747202608295
0.0033160693997533472,0.6916503501654503,-0.010497787792504959,-1.3830556791016113
0.0014969801823235538,0.3038017250443659,-0.012254443072443822,-1.7013893497258024
-0.0038048861331395887,-0.5032568384567475,0.0010696855614809667,0.17314769805502675
-0.007961169576932199,-1.6506909377910703,-0.006134261779701274,-0.9717248433410179
-0.0056782296562556895,-0.8462279467247888,0.002789813276911921,0.3994124779825061
0.002987617190734834,0.5262804588166126,-0.010550898337416027,-1.6017698714183475
0.0027241979234664277,0.41427095361940847,0.004047092583370662,0.7050439796092819
-0.005503570178547715,-0.7798177159536068,-0.003868751116401269,-0.4794308800611531
-0.006639178038330221,-1.0138431977283537,-0.012713263256995868,-1.6386041415928039
0.003492891678726265,0.5314908982147294,-0.011053621459907497,-1.612604471969138
-0.0031571440777450124,-0.4721404215489085,0.01322057603441239,2.3423563273609123
0.0009725727386730009,0.14355018466195588,-0.01396681005104852,-2.3069597570168283
0.005524836404605658,0.899261453188053,0.00017161666789473526,0.0333104280500386
-0.011603606329361658,-1.9578769189402032,-0.008233487013357035,-1.2765978487526155
0.007315084097626362,1.103206531076783,-0.007271147760277355,-0.9286481404003908
0.0031055333859297774,0.45852418520811095,0.007992363203638938,1.0927002162715118
-0.004035059642921091,-0.7295633612659527,0.0040610439524979185,0.5797549912526151
0.001244045329976977,0.21689927614755752,0.002414811952886845,0.3359632981702666
3.9511036139247514e-05,0.007605244170965804,0.005220491060111684,0.7985449639282686
-0.0021603656300650505,-0.22620350756216454,-0.000931039978111888,-0.13739283503268185
-0.002824939521569523,-0.5729946022237243,-0.003840419716473304,-0.5973581738266572
-0.0054368704529566235,-0.7756555340257101,0.00204064200371937,0.327066341181543
-0.0007296885249163738,-0.13514059155984479,-0.0007968407000091307,-0.12172968477827369
-0.006077978209844853,-1.1162261360073502,0.0019615589342317206,0.2853886681939594
0.00039199431971100745,0.06374512363577699,0.009260577597786894,1.3785095768200009
0.0008330137449174076,0.13440866304133237,-0.0018179857599271215,-0.2475596655466468
0.001023802705514527,0.2059421893995367,-0.004200456350201699,-0.6199879784219396
0.0008050646032522666,0.1597834634739311,-0.005896192998962711,-0.7362660694885947
-0.0008329958604034965,-0.15304143855385266,0.013577797361248652,1.5843370887356363
0.001731720924157382,0.2795009161118976,-0.010963297218230816,-1.7245870698603456
-0.006339387628377002,-1.3671760664101367,-0.004127240583119728,-0.5854860816409341
0.004274977790171366,0.8086343814453036,0.0025169218228558426,0.36776255392700075
-0.005945851445063279,-1.2050108040293455,0.001186204269789229,0.17684045403950482
-0.01232473583059058,-1.7941674847805988,-0.0036207639539116866,-0.5437062877821557
0.006060358433959625,1.0814932631534002,-0.0013819552619796396,-0.18714601928034294
0.006322700147623879,0.9732181139184097,0.009379802263727675,1.3651104972888628
-0.008000893754862444,-1.5063682889554448,-0.006537333192192653,-0.9614254404701069
-0.0035219991372519768,-0.476342057193154,0.00898179053527841,1.1169416605941491
-0.01060221671446887,-1.686105560396739,0.004048088767740522,0.6195242214826983
-0.0011159030301653942,-0.14186505091380341,-0.004530205019100021,-0.556859965638553
-0.0045004080130109795,-0.8596703214939034,-0.008245809883817935,-1.1919421446750333
-0.0005401050900924177,-0.09141348147284789,-0.016499275624710888,-1.9097250378603827
-0.01105290361095259,-1.6336763978691196,-0.013743231876269853,-1.9795832939624616
0.00041184989237933703,0.0785248257670098,-0.0059556864087019264,-0.7895395743465478
-0.0013886678382969459,-0.26551425351066926,-0.007642428736375759,-1.2488496774893443
-0.015335954464326819,-2.1592400952309454,-0.004839736380274608,-0.6714225886095414
0.007233179759536346,1.1483805305576105,0.010772589931144305,1.7625382517956354
-0.005759210629521103,-0.9149137351971626,0.0006641645247541339,0.08809628340826912
0.005577110906538427,0.8413803733956963,0.003148096476348894,0.3903526801975145
-0.005612100878441346,-0.968973028115638,-0.00585630374488769,-0.9161863617567723
-0.00677916399860268,-0.9004499121198403,0.005425186628056028,0.91796683115113
-0.014022573268255678,-2.4005354499133453,-0.004170054890326699,-0.5895522763141189
0.005292985822067262,0.8702149956735874,-0.007215458090201376,-0.9828913721903382
0.0002444235359388224,0.04075358802956097,-0.0016997360733898674,-0.29858733188412234
-0.0020804994429221837,-0.3589028021673205,-0.007103507227627941,-1.1285935807485001
0.00041110283952407954,0.09282124265791412,-0.0018128487297388114,-0.29538769724150954
-0.002339828403981261,-0.3260087733449626,8.174735797395784e-06,0.0011991462831923059
-0.003305063072639439,-0.6387296862174313,0.0016284777145229457,0.25697023889294596
0.007976403744562915,1.2095612226186387,-0.0051069263617094865,-0.9426920112745377
-0.012080210231825959,-2.019441399904694,-0.004870242816444985,-0.6994215173821485
-0.0012247752839111654,-0.20375863977288478,-0.0037103069381794387,-0.5969144610599398
0.0012008809123551598,0.21094082297195074,0.0011178081436720166,0.14450601124941642
0.0071019134440480705,1.1347157169159372,0.007873451036465525,0.8903747566156187
-0.006269552332096563,-1.367697121663674,0.0017350537580425093,0.22610064412578113
0.002446376405170551,0.5285122767394429,0.0018291794920119874,0.23453686619825181
0.004520004549003447,0.7888000771812731,-0.0037497783594373736,-0.642058979777155
0.0004077583213935253,0.07784501133811522,0.0021718901378771386,0.3239124042280111
0.009740326115751308,1.371094869320142,0.002472955760173892,0.34151084448013497
-0.00980714415553186,-1.6023782876779233,-0.002125524006963494,-0.31233796201374586
-0.007128852824608965,-0.8776690363553488,0.00048525021101407715,0.08001947195720419
0.0034037360461952465,0.7496688951343307,0.004432879753116787,0.6501448034589751
-0.011206176798355639,-1.2971652673309615,-0.012086185689010924,-1.577991663623649
-0.0035328703374007953,-0.7175317975540499,0.003871390315427298,0.5690743984151413
-0.005454310318845239,-0.8586486615014927,0.0022394247042004023,0.30302670361241657
-0.0047411830790633006,-0.773676405228792,-0.0070930822788141225,-1.044696170512594
-0.0015337053959797076,-0.3535263383549998,0.0014372158196263808,0.18785277647985024
-0.0044894305945881565,-0.7890745132258044,-0.005621311679790289,-0.7426029395966768
-0.0024401950993615303,-0.45331617069864916,6.745088530499613e-07,9.643371473358738e-05
0.013885722734800762,2.08246413451707,-0.005480203742896971,-0.7450297676346136
-0.010983928450551569,-1.7428152530901013,-0.006000820932152828,-0.9172601009544221
0.001376860880240098,0.37018344362746114,0.009023433492511324,1.4880880504521572
-0.00949499602110061,-1.6349720053035888,0.0028573960564334026,0.4281705149972083
-0.00036947022553745687,-0.06106076745955833,-0.00847898207885288,-1.3402650958804556
-0.005212875915636131,-1.0629637998957508,-0.0025610925867048844,-0.3152139019469223
0.006139193008154942,0.9025374469281227,0.012543817484604657,1.7869308152949952
-0.004989452246520469,-0.9165133907026612,0.0045532877518248355,0.8933659101129413
0.0058946153900124604,0.8359408369960037,0.00011767809139731777,0.02070954865976024
-0.0017767689034632846,-0.25794283466448037,0.007358870445232446,1.2148963312574659
-0.005696756570850347,-0.8514389684854757,-0.0014979628875574683,-0.2861530286061073
0.0034954321920787875,0.46027852973821326,-0.009043861865438992,-1.1865101499662798
0.003977294434326258,0.6561850254961293,-0.0066246510374224615,-1.1677360569843946
0.0043349343047331375,0.728267147348505,-0.002701540974232005,-0.4200186361013291
-0.003575414254993114,-0.6473768744772855,-0.005263014598348693,-0.7144035611803362
-0.00015278222901815892,-0.02618339699897742,0.002940324549300867,0.38359621050685644
-0.008477107397974843,-1.4774333704108462,-0.00106510341609345,-0.16616282153486708
-0.00033270931472490834,-0.053832376045977993,0.0043798513269350265,0.6366130588345357
0.005536889638584343,1.295001772187588,-0.0013315620721795554,-0.1681597327867428
-0.0004848012767127925,-0.08518772919478987,0.0037611078743959776,0.5213708882169074
-0.008276703894100559,-1.266123158363435,-0.00553074347373743,-0.7590230743842252
0.0011344948994270571,0.2230144222369447,-0.0017756198148679086,-0.3274230447567807
-0.001081736185934716,-0.16343163470950953,0.011052990582534492,1.5572376940346517
0.0011475685901050124,0.18287875090901062,0.0017612909101191866,0.290488386982684
-0.0133912341931566,-1.7275230117758138,-0.006564014920313724,-1.050573926939466
0.006782126056944477,1.3799469293299658,0.009498642353086572,1.3157914480723103
-0.012795776621131112,-1.5635007335626296,-0.0054178759129563945,-0.6720711295812842
0.006545540978080836,1.573885269396237,-0.004529982823234978,-0.7513432205016632
-0.0016913067121579347,-0.20196276918713274,0.006088295414312346,0.8896835661566455
-0.00990579024990775,-1.6241868970653865,0.006825840919106086,1.0173737150004611
-0.0077664549176444005,-0.8168576661294915,-0.0028844811320453074,-0.4509676625238703
-0.008386584591267295,-1.242729381117046,0.004675959236214561,0.7062799756971141
0.005236271987970281,1.1694489793109784,-0.001906385824853986,-0.27144920702023667
-0.004341656171043639,-0.5999326085464111,-0.011098348832647738,-1.5112434509745796
0.013841434289259845,2.663898377593596,-0.004444005426092823,-0.5858073832295877
-0.005729333726033015,-0.9597369998499051,-0.01256798109502983,-1.689043731140534
-0.0041477835674110595,-0.5538244746127774,-0.005363086634303211,-0.9247730302943541
0.008237985847240784,1.1690331853347582,-0.002762359746141205,-0.3810850003877579
0.0023530588961158823,0.40029275421536037,0.0009018572831524075,0.14250493344955187
-0.003981959482322623,-0.6318867492239229,-0.006192944874237942,-0.8039407185561915
-0.0006948398137730404,-0.13050551326238785,-0.002135715492104011,-0.2724634518257189
-0.002352085181436268,-0.33126170577156744,-0.006463858665844847,-1.066314444374154
-0.006911210320105004,-1.1889604483984049,-0.010476314265956356,-1.40103114771324
0.004086020288631436,0.5514938647104927,0.004984889395800711,0.6957300694427404
0.00013918097048832065,0.023550673415076523,0.0013615456143551738,0.22225778326603732
-0.007884980782218349,-1.1146369096914361,-0.0025165200754549265,-0.3811979438757525
-0.0035589762327369275,-0.47308504832183773,-0.0018897551208160003,-0.23860201744693868
-0.002305800965925068,-0.37759313214517287,-0.0004711840692778694,-0.05803916720181301
-0.0006649369707971406,-0.10375646491059852,-0.0032481419277230516,-0.4686711816021666
-0.007323147165597324,-1.5872110007022153,-0.006664908758981607,-0.977239805284505
0.0022992781370467907,0.44950206118974045,0.005163583053987992,0.7963137608293304
0.0016484007251015625,0.3261913481916433,-0.0024422136124253088,-0.37910635255428016
-0.011140494508210063,-1.613285895139876,3.693012163179731e-05,0.005645593183434784
0.003967817699574091,0.7074269621329414,0.005327980343705028,0.8594504101937707
-0.003506746838156048,-0.5002066691232674,-0.0010931561840183358,-0.15427152405199762
-0.008734540221607176,-1.121752408794478,-0.00308139693298804,-0.3822935011677786
-0.00667383567650582,-0.9811232524203808,-0.005552983010168355,-0.8498275457288444
-0.00477946928792361,-0.8931559571147496,0.0015016670345873709,0.27102111394218314
0.008507897617221693,1.3320184957439034,0.005227560896581094,0.9936963878914032
0.007838981615071721,1.1500683021326397,-0.005272068245566102,-0.8685839957066972
0.002677656421897434,0.3908539498075297,-0.008621950098801776,-1.1946022475504425
0.01329650114708748,1.9879152060833145,0.00040420597101133295,0.06508062183146238
-0.015623771327500192,-2.4786274314736927,-0.010099775701970874,-1.3556655790740704
-0.0014374799151766378,-0.21835719181261198,0.016490563413585034,2.6565349326168026
-0.009085357843343758,-1.3853755017833544,1.6963520995820372e-05,0.0024432587751240095
0.005259580008941329,0.776871632077404,0.00016880484535434706,0.023637966115838988
0.001025341408422258,0.1931399086663809,0.0049816426570020046,0.8288208770443201
-0.018644570928702302,-2.697898831443356,-0.0010159751337581121,-0.1546434993900263
-0.0028526123427412174,-0.49786143031237706,-0.005317259473022711,-0.8781278799093432
0.005304201850542749,1.0558263174381544,0.01047401249820101,1.3026645536894759
0.0023590825152733468,0.4800991767092415,0.007309732960257627,1.1885048145083774
-0.00084981589224807,-0.125750348536851,-0.00536521120888913,-0.7770077554291119
0.0034653982270428695,0.5358311463399716,0.0010194432186359016,0.15229982993562954
0.0024664894417946405,0.44633983208184275,-0.00501421788489092,-0.7203088128474514
-0.014341215618335037,-2.2926999318796373,-0.008782523381928961,-1.3437934704904053
-0.009518084327428917,-1.5687912789267768,0.007575608609137195,0.9770897616896265
-0.012639243673379333,-2.0409386321932814,-0.004647442678535712,-0.5793777138363936
-0.006270573492775513,-0.7558546627319148,-0.009046976114786687,-1.407956829941776
-0.008126646125301671,-1.4418246586751235,0.002507402883441714,0.4240077250892963
0.007212715826910684,1.0692379270799468,-0.005528306144806258,-0.7636957498680146
-0.007793645258622948,-1.348975323987394,-0.003934009414805414,-0.5910766311867444
0.012123414144485324,1.5901548649495973,-0.00012823015820119716,-0.023267241744379295
0.002600156067473101,0.39693958483038466,-0.0019135083447964802,-0.26757565079876267
0.004008405306423954,0.5298066071017344,0.0004913349339951832,0.06439064209826512
-0.005451664675483391,-0.998628789231238,-0.0011087676977662737,-0.16453845752654772
-0.002869080641316049,-0.41792586800008613,-0.004235743284098946,-0.553993342952143
-0.002023170601434961,-0.3833680235564165,0.00013006593154804035,0.02098489661318705
7.584886568016584e-05,0.014986945839486085,-0.00876076377660416,-1.3029322709966353
0.011409078847025259,1.6570976079203281,-0.004022635647212452,-0.6906380429592235
-0.01475689149068439,-2.371609313929287,-0.0006804011830507358,-0.11848386859122789
-0.001310730095799421,-0.2135377406425139,0.004409995740963698,0.48558123511479906
0.0001673199532846079,0.039949560318867094,0.006463827584566694,0.8531783436564021
0.0028253287309100202,0.43435860284579514,0.008650967287391299,1.576203667970521
0.001516959747350293,0.20984591855829973,0.0037767019869818785,0.5883408699999324
-0.000579441248877158,-0.12680118799407175,0.0025859442703237328,0.3869114140380873
-0.015261684737856008,-2.10816949932826,-0.0048243032208941765,-0.7883997903405204
-0.004763940585986928,-0.9400700041366805,0.006966384683278707,0.8411969066641355
-0.014892763050156159,-2.5555987947231382,-0.016967495644834074,-1.977177808010319
-0.001142762109644812,-0.1504631908352369,-0.005542299937447924,-0.7367706167768515
0.007321546301821177,1.317846051884077,-0.009321382489325519,-1.5137081491023734
-0.004909725144635205,-0.9848620782018953,0.0028748145875161038,0.3863791039596529
-0.00020691996296845808,-0.026364475851178282,0.016805417784810702,2.4863772240510396
-0.003934454756589107,-0.49508138560892007,0.005407937493228072,0.6855341726715339
-0.004610433529506408,-0.6396269643814965,0.00392653120324799,0.604085458515744
0.00030557592162881644,0.03876753976467714,0.004092212504647908,0.5813018740815622
0.006127345368640138,0.7430871744519878,0.0004088420445564695,0.053663687921598126
-0.002849148403965948,-0.39731058834687893,-0.008337740322172662,-1.1647595811826716
-0.010615086316884369,-1.4600102564951245,-0.005078996699271389,-0.7163736458104173
-0.005030653255022581,-0.9379590575384253,0.004281018847959653,0.8581197003327034
-0.003331224097323098,-0.595884799991562,-0.006203225929307038,-0.8579289229749668
-0.005690621741785588,-1.000281228015761,0.002162554949016075,0.3392605604374083
0.0005508923685516883,0.1347083019996316,0.006612829374409318,1.1333967066844812
-0.0020843393185825797,-0.28394132032228137,-0.005827271363765732,-0.8390935008163019
0.007583766466370498,1.3832081571115131,-0.0013572416916947758,-0.21272685684380432
-0.002572344313543324,-0.4155594285519798,-0.0003021339401448053,-0.044414675004685315
-0.0038032133369718104,-0.7565881451897979,-0.009338576429293876,-1.373495215613786
-0.005992981006704748,-0.8583232170454634,-0.007875558321300293,-1.3025319145299705
0.0054327820854872385,1.0049020177433838,0.007164116402362193,1.2371808354591725
-0.005267147875043955,-0.7256857222799492,-0.008226030457912972,-1.3530125677765534
0.00036862334050632534,0.04712685850270114,8.81579824692494e-05,0.012741433183802834
-0.0026574715568377094,-0.4582720709760866,0.0026722689174550987,0.46426548435913534
0.0015050528819344012,0.253959565179763,0.0011482790266211238,0.15936696997131314
0.0033142789025446696,0.5379925790632617,-0.013873838609010852,-2.131084049563193
-0.0025607991618250715,-0.4162270168282983,-0.007519459149022148,-1.256496479034156
-0.003773208220265124,-0.623062281626721,-0.010127648137847122,-1.4861864718655633
-0.007759426701112928,-1.3885664797991115,-0.0059446602801786624,-0.8511935564264532
-0.0015150955277909162,-0.2205543729632322,0.007484731290975426,1.0284565450932723
-0.02240945052986069,-3.5730532393952705,-0.0021113157173467184,-0.29667999068177986
0.0019742311041745708,0.34511117501253646,0.004468179472707437,0.6652035922951589
-0.0006818306825198167,-0.10947826795930095,-0.005423880308066198,-1.0496280051546625
-0.0012793000391706677,-0.20701443512531895,-0.011773652585089707,-1.7760545144643218
-4.012384651857272e-05,-0.008765602910014237,-0.011507409637509791,-1.5819395211294538
0.006658266524070582,1.1871436228344627,-0.0019120644472316072,-0.2676518732394726
-0.001038629223148338,-0.16461568067379095,-0.01277228002231388,-1.8070215936861724
-0.011060003246614464,-1.7091923641126925,-0.0043954559732239116,-0.8529973949482743
-0.00496355490700233,-0.8349209226840295,0.0035879299385584906,0.7300935001918717
-0.008716633537766676,-1.4842585303283715,0.0022909167556453653,0.3553508188320287
-0.008284281166320892,-1.502453405282868,-0.005578375928318163,-0.7311788922375076
-0.0012559016864067082,-0.17621992595044988,0.016073515506138666,2.3550622727073467
-0.002250996551221818,-0.44772042847658644,0.00048345494123186146,0.05831611861793959
-0.0068315001140245015,-1.056126256884526,0.0046564959851391596,0.7517559059171676
-0.015256640372081538,-2.613657535291735,-0.002704976520883356,-0.43031195843402703
0.000831051817294947,0.16655292225726706,-0.00073555759495271,-0.11869863313607448
-0.005460868891463862,-0.6854939508931274,0.00839589212722582,1.1828793319847102
0.007462703422131192,0.9896198334992368,0.010799082451872248,1.7809563102873933
-0.009520173033434812,-1.4822984344825996,-0.00550263058465954,-0.9513721420857513
-0.007768652076224511,-0.9299776293166332,-0.005250078992992376,-0.7640771094186319
-0.0029519440934561688,-0.4989432775400139,-0.007082090944088152,-1.0367749904688104
0.008901528843404661,1.4677603181412933,-0.0003768779473042076,-0.051146095837999644
-0.0008358519641668745,-0.12051434258402705,3.465818895455379e-05,0.006014911026225712
0.010684183416574077,1.542185568849399,0.013116517075989492,1.9171678519712179
-0.0008253364964076584,-0.1533843314450122,0.0004511219434390159,0.07448318412681565
0.006728912770232396,1.1134523327126036,-0.00035378402358795293,-0.066916134580915
0.004099104514536827,0.5878501237935944,-0.007234579308907705,-0.9696342939818487
-0.002856361456239886,-0.36787233767588595,-0.012602898499429057,-2.1633708489438455
-0.01120105823789299,-1.90456608495642,0.0036766437244678623,0.6360713875437678
0.006926738473444577,0.8412697303907525,-0.0007186048395248402,-0.10239444097719191
-0.001111289903803817,-0.19193317925374948,-0.008980415118399566,-1.0815939337310119
-0.002325607705493977,-0.2905822463548878,0.013101923851971273,1.668665392073035
-0.008366765414692027,-1.2564253826451883,0.0007275048445030798,0.11952529026530584
0.0014060026692349,0.2949791903954292,0.010844487043962422,1.7247088958440773
0.0005008772747160118,0.0931576991815486,0.008864180281327336,1.107984685266861
0.0034970157173122123,0.48975688839100107,0.004506155270293978,0.6281096582624102
-0.008082793777824782,-1.2363115850400739,0.006849236571883332,1.1454713055260122
-0.0010313445620482452,-0.20912294741439597,-0.007717428697370871,-1.0085603504279168
0.0031070222738845688,0.5930345549982343,-0.009749714735754424,-1.7838621173678801
-0.0005456496815729649,-0.11355675696126995,-0.0013636470549171858,-0.19455406227488692
-0.005698003896732942,-0.6712645150100048,-0.0036551802329664127,-0.47620594154033813
0.0017100918745292279,0.332736859611672,0.000870598252906924,0.14159080747013558
0.004138700298401285,0.7185069850372905,0.008060756396615664,1.1599990205723885
-0.011336005757341188,-1.5198498663873106,-0.005634528681122183,-0.9431787748438104
-0.009997055554343352,-1.6423205620951211,0.0020500569729604502,0.2874322579239535
-0.00711308615934775,-1.4243186036731335,0.008151237256598914,1.066751502186247
0.0010746995196817322,0.1809724340805482,0.0005446669643781227,0.09825754831350852
0.00041624536653505056,0.06415276599106862,0.0023246512125273187,0.3792873736158684
0.0023033479532304528,0.360321410874678,-0.0025640873230304002,-0.3750261017815313
-0.014155799194418435,-1.9320413500742353,-0.0021740339632990583,-0.30399717299718043
-0.008407911961192633,-1.4056508869959736,0.001216377928709474,0.1494705273017037
0.006974581307051727,0.9288528323871729,0.0004690452006468341,0.06980952769877367
-0.005153543635763272,-0.8127350649281899,0.00038233456590361766,0.044026626146191725
0.0007359104800720891,0.08095731374270622,-0.0013124867215150325,-0.21512165445457299
-0.00038882075340354615,-0.061286214475269954,-0.00046978708809735856,-0.07812341930373064
9.092450446578859e-05,0.018665503412231346,-0.014596375551811182,-2.1975055149104152
-0.0005696109364881464,-0.08344718008372039,-0.0008622087201227562,-0.1317923669891699
-0.0023724818567552796,-0.35990856530969306,-0.003406635096588855,-0.48234324955198626
0.0033942996917459218,0.5509302106644967,-0.005400279073890616,-0.70247865122844
0.004935029646176578,1.0281011111277965,0.0073221685528679255,0.9495434181060243
-0.004378794476357084,-0.7545163227479367,-0.0072232648269939265,-1.1164233234401901
0.0028450023900520173,0.49209938900788047,-0.007409863655788079,-1.0849197942648778
-0.0011362701811397419,-0.24578081429979245,0.002354320640549902,0.3961266656544496
0.005780646985014659,1.1836722602258982,-0.010447513832101178,-1.4533489809011062
-0.0010131318041267517,-0.1779663898452049,-0.011710404394334538,-1.431108221529419
0.004416402390265906,0.8432520820356251,0.0009674455652163997,0.16172366320096773
-0.0061704741063575985,-0.8317148075011719,-0.002561292974281408,-0.42261961454601293
0.0005580538743293101,0.09278481326898268,-0.0019254561744667849,-0.3048459149981009
-0.006964773751221115,-1.021974177207783,-0.004627945048672844,-0.6023279390154416
-0.0016188290721635323,-0.24559761137360694,0.008008468060409212,1.3681127369912356
-0.005668808250978955,-0.8705759580193891,-0.0066752425348872635,-0.9628516681323358
-0.00781618082024497,-1.260631924279816,-0.0024435527678154626,-0.33343319453524983
0.002771479915801189,0.465687308294462,-0.0029778168579057776,-0.4155217891770274
0.0016893490714765783,0.3215431266468881,-0.004396382639013023,-0.7559036514158757
-0.0027797652996511065,-0.5784108630346437,-0.012066745920244518,-1.9168970873639117
-0.0020664412153193175,-0.3900034043573895,0.009435197212838774,1.70537198804359
0.0009807598507317224,0.15131492658989776,-0.007034959762108868,-1.1076524979238263
0.0035107238760374738,0.4782632219219022,-0.002124063675288306,-0.3018380934748018
-0.0011539927947067066,-0.23167637491249102,-0.0027031795253270236,-0.43879927191019824
-0.00996676473193392,-1.7456553450275603,-0.01159057276258095,-1.3723786500251358
0.010853235407310624,1.4343791525704925,0.007954534746271303,1.3305219529569943
9.403191000340288e-05,0.014418714729049374,-0.0037113227056119794,-0.5174784551424074
-0.006622482118913302,-1.307556533959509,-0.0047275885638031504,-0.7062839837940993
-7.849423488666429e-05,-0.01735226738869357,-0.0037682630881591085,-0.6444271575760225
0.007931724160495592,1.648701497536942,-0.000992957591219417,-0.17405437198299978
0.0016148299160404895,0.3466629833191348,-0.005697034590989573,-0.712148572215789
0.0018790477637410713,0.3341284722415185,-0.015033272372209888,-1.8828128966187647
0.006413852606324782,0.8227163205686576,-0.005138478726386609,-0.7575332520335762
-0.0030190572527105004,-0.5281533407885342,-0.009668162369880925,-1.649092736144022
-0.012315632584926451,-2.18946836189101,0.001797920543926957,0.276600517983163
0.003972553650467541,0.5499453251265818,0.00019230599634989314,0.03562128735349305
0.00017738808061560951,0.025088487757546987,0.010905366923509418,2.131406135918898
-0.008420837622525738,-1.47710715658828,-0.0013616353391879541,-0.2345129713697137
0.004849570119077178,0.8091045442455583,0.010605418732473988,1.4828163413816715
-0.004616319455267165,-0.8909340962742471,-0.0008699264501571846,-0.1376021424911541
0.0019482222371368034,0.365285856994042,0.002169336752752782,0.3545265695050725
-0.0037885842935423287,-0.7087421651971784,0.003139583855607725,0.5007971465622498
-0.001557754487157931,-0.3605584237273244,-0.0011653207465304348,-0.18884621549245054
0.0029314539675769752,0.3752308987743585,0.006602191852072237,0.8607211822750014
0.00040728563620708654,0.08005274566879554,-0.005742124258402384,-0.8811234836982818
0.0033873173467106844,0.4724353177982508,-0.013906502329673826,-2.425627342204287
0.006042084850974029,0.9805346964052717,-0.0055250324482327175,-1.0164462455233712
-0.005194762382331032,-0.9057542772037993,-0.002438532116050194,-0.497632329280763
-0.006321320777215249,-1.2152309428545753,0.0008170345747528537,0.10048055327518768
-0.005325813793104697,-0.8492751328245828,-0.0006004344202181121,-0.08321211916288737
-0.0008837943199154047,-0.16538768561772377,-0.012050144621517593,-1.992398310089571
-0.00181581025421976,-0.31063175540989413,0.013882224849717077,1.969595578500849
-0.00015412557541472527,-0.024817006911880393,0.005380177710080905,0.8278740302723838
0.0014593710857806138,0.21577330068404,-0.005318686086997636,-0.9798746992167497
0.003924914221534995,0.6889803524879521,-0.0061429170983432905,-0.8755976199075084
0.002434369656311141,0.5408655862469023,-0.004889954375048187,-0.636313021732529
-0.0033317235389059017,-0.48971202379965756,0.0019296922554655365,0.301237233424516
-0.005469714895295611,-0.9026801075159346,-0.020106580845488407,-2.5508074618255163
0.0032690610730110635,0.6862924902330055,-0.0027866056542465052,-0.38946049681938727
-0.007283594110079084,-1.2804134078754155,-0.0023925250780285684,-0.4279434777926376
0.007567897592744184,1.234692650492188,-0.0046230749316359294,-0.6311235347996014
-0.00880347102736227,-1.2538159886721232,0.004840659541434995,0.6918419246914969
-0.00483372339487038,-0.7993365684311899,0.003930459445392889,0.4478104785544865
0.004365475015199434,0.8300380791560851,-0.0052801623593347734,-0.79137353822709
-0.009178706207913195,-1.4605940904000398,-0.0017077643813077346,-0.2654277213219981
-0.008045567881393684,-1.4002342962876742,-0.007557176675896422,-1.2803459730625841
-0.005441480874554357,-1.0104991445927793,-0.009088397201857477,-1.4443748839520099
-0.006528754809519099,-1.0271990554446417,0.0038463362511041003,0.8039573959262541
-0.009950737013161536,-1.6601634005787729,-0.009190133851686341,-1.3698974857577455
-0.008788548724531161,-1.5012697171935208,-0.004891325876638399,-0.7017225462113718
-0.0005175057810410745,-0.10351040269412708,0.002837044069772382,0.43832843223659734
-0.0029669134374173444,-0.5458087503866661,0.0004691335994273338,0.06320912615106579
-0.0009518706016899627,-0.18746578052731538,-0.009342798387537078,-1.391480193365376
0.012309317584221605,1.5151947502915368,0.0012188874831871473,0.18676562935492477
-0.006410801560622776,-1.1683708602731246,-0.006546577922582673,-0.9487093887173601
-0.004364756204697664,-0.7224048417163815,-0.00026527551180256304,-0.03894520914641995
0.0007424571463743206,0.10790991964273394,0.003425498206972998,0.48751867581096536
-0.002913760397626033,-0.4091875555527735,-0.004363135286476805,-0.6586549768649553
-0.005937881425810801,-1.3300733901855124,-0.004168189261282197,-0.6739072048156789
0.00034867110835390305,0.0686414089923971,0.0070129938707316555,0.9084470139126892
-0.002648414556589004,-0.4593942794739614,-0.005733343743714546,-0.7860349550197916
-0.004260565414227705,-0.6880678779042007,0.00467493499087467,0.6991541168626898
-0.004011416433666875,-0.8036745046694094,0.007958437919712572,1.0863950408726195
-0.007566185459641283,-1.4128939342807543,-0.0017047177147216299,-0.24594130191056707
-0.0020734239556760886,-0.3219961272796223,0.009593430637287013,1.3900348302939274
-0.007730596371684058,-1.586057876485026,-0.004862702867004347,-0.5714854905928163
0.008345518437840082,1.6895855950348442,0.00026485959313596167,0.04524934661486965
-0.00372321249268921,-0.578449557414885,-0.010978122528249461,-1.4873551788125208
-0.01404800643482362,-2.199345762848136,0.002422291839919857,0.392112736058133
0.005186662151896228,1.033941174582613,0.00048723885777750606,0.07549731405965213
-0.002430146881170417,-0.46881615016175543,0.014289739507197275,1.9584617300885263
0.0010522334933897688,0.1637294423503288,0.008367948125956818,1.3166668317089099
0.009371682238384017,1.27653420180223,-0.0019426959427112037,-0.2580692591798063
-0.004587551906526638,-0.9191197841039703,-0.012461298387524392,-1.8145488882574967
-0.009156410873253565,-1.6834598223058999,-0.0013506367219380266,-0.18666446772750075
0.007341644716424967,1.3674396959198356,-0.0014276916828165212,-0.17137319599990714
0.005415916645075945,0.9078344213478827,-0.006436039928065478,-0.9134677066841336
0.0035825546477860387,0.49607143388854624,0.0019875193947194803,0.28873980456829124
0.00047853769657491723,0.07814109384716354,0.0013877980307098212,0.25670546901783503
0.005275847768607132,0.8214961439426063,-0.004555403092381532,-0.6374025986558722
0.0037972301675569236,0.5379301401470178,-0.017885014863468544,-2.4466235324251264
-0.0012880749311275114,-0.21133960177183023,-0.00972578230614058,-1.4456308634163813
-0.00709140765161701,-1.2428518461063067,0.0011464713589920494,0.17347419953467294
0.0057774003130219714,0.8819796298427284,0.01286012236129275,1.9037532349168012
0.00043005114115051487,0.08193218462454797,-0.007041278751900358,-0.9418939329006327
-0.005415893748265145,-1.0966608800912547,-0.008477656945515881,-1.5182814023872007
0.003923515819693239,0.5735896725038248,-0.0021541660051708385,-0.3003208123126101
0.0002075724034617197,0.046173961348860745,0.009582207810218693,1.609132365710484
0.0004656006024563486,0.08014170934461011,-0.014758821542976225,-2.3516759610330182
-0.0051656065431197225,-0.91403082461057,-0.003510269999794767,-0.48839582359491096
0.005802316648815488,0.8475178020493099,-0.00290612868302873,-0.47541326499890996
-0.0007974508305013957,-0.18381634661185164,0.0018765589170314234,0.28480565585893336
0.00019264802112093922,0.03098487666674967,0.002595557044830928,0.3888972534685601
-0.005970361951447919,-0.9290745782072577,-0.007282113511544948,-1.0908162260198773
-0.004541377063478723,-0.8948670559941133,-0.0041156245089012935,-0.5178781379483106
0.004470421877270337,0.8774731155531137,0.0030966741662119433,0.5574481625150451
-0.0024824278513022285,-0.4816156885607813,-0.0183191112369855,-2.47491831038945
-0.004494233037126418,-1.0230670787241958,-0.0060569758142750745,-0.862279590046017
-0.0013729506239425068,-0.2329086219914048,-0.0012264832070329615,-0.15196780303555066
0.0015026865145573783,0.2980462978772621,-0.00760045200228057,-1.0455763146888826
0.004233887828840011,0.6497811237289005,-0.011411072156335727,-1.6560893509689598
-0.009753733472818008,-1.3472669267010025,0.00847001144465514,1.3828070665483738
-0.007015451690931258,-0.8839792820127578,0.0011197637925816728,0.13219561192441673
-0.005581692637885172,-0.8560062085644488,-0.007482925190271602,-1.2767570400260837
-0.010133081730360493,-1.729096885762831,0.0014782010783757858,0.21222896634830232
0.0034417345131046813,0.5530943118545364,0.003921747868663576,0.5607682909956151
0.005930694370547291,1.178277685605859,-0.011253858455471031,-1.6390706408363167
-0.0012945310576987338,-0.21179915083820286,0.008040041640943253,1.2449339068056497
-0.002728953381381384,-0.5056862401890501,-0.014980462052955997,-2.1324731295227237
-0.0074444404023154605,-1.2604233545028531,-0.009241570476342817,-1.358593866602735
0.0007139105750882281,0.10315793235599414,0.0034249269652204166,0.45301014739894285
-0.008720212122971483,-1.5442078955022076,-0.001253022273619845,-0.19089700202157478
0.005807127803412267,0.8042294835915219,0.0001859198133273654,0.03383725430090222
0.0008148636855011872,0.11387233905788638,0.0007306374287674615,0.10132998733553514
-0.002948388269437131,-0.42129855035979125,0.0067122449226253884,0.947427023416016
-0.0031763471255532283,-0.39003207906868487,-0.0018213553081218102,-0.24503770647677753
0.005737164947441153,0.7794781510993096,-0.0070687409310776,-1.0999016740988063
0.004038846006926829,0.6652327295577724,-0.006474833415367493,-0.8436106258625377
-0.01128299711367517,-1.9573195567657578,-0.0038086651474345695,-0.5249161448476742
0.006142322716268534,1.2889378017792419,0.004536287975981798,0.6437329323093085
-0.005040101020640306,-0.7941944076766423,-0.0059858810504851544,-0.9176357054465644
0.002094997468377686,0.3859639677297639,0.004241403921133195,0.6390451140436451
0.0010331051975638193,0.1702565379322401,0.005922084612261064,0.6845523659669186
0.007493746995594494,1.1620119966168125,-0.004551999793050863,-0.6292044220735268
-0.007121035698630448,-1.225719877912199,-0.007475724778402786,-1.3407873347239598
0.007217628378020475,0.952456081721396,0.005191792663687566,0.7229890593717254
-0.0021266534492780636,-0.3093656330841611,-0.0018288693559262784,-0.24724590210674527
0.00012235115570630216,0.018228559799587613,0.013218834307113417,1.8371131000521757
-0.00720187438334986,-1.3270540809216393,-0.0027617290986215706,-0.5164109105675616
-0.0032672999015073015,-0.6323421757570015,-0.0023056195386730255,-0.3481833659759723
0.004522388486371719,0.6320080742977985,-0.01396294028612299,-1.703656321667658
0.0034538703648834233,0.4655520301844656,0.0011427791417334562,0.1652225563880781
0.004142142177194427,1.0181886470823251,-0.0026235533343586213,-0.5524449103577549
-0.001843493456288041,-0.2743441723899996,0.005099441538530379,0.8850367480214906
-0.006064993888736694,-0.9592058086978817,-0.007768009695531122,-1.4933098612226277
-0.002970482223957328,-0.4561383907034435,-0.002556573741832399,-0.42038478610181895
0.0027643589435365217,0.5203579266126026,0.00034231718184506003,0.056203325311693794
0.009294378919869294,1.4965033393103946,8.826800502053267e-05,0.015211188655526038
0.005121928024542659,0.6831230990005532,0.009152411792058942,1.1591228149575346
-0.00040739875003154263,-0.05633917221961279,0.0015698944914363745,0.27699291326203807
-0.0013652280102264295,-0.24357927223837367,-8.717674787901626e-05,-0.016106473844815283
0.002698343740375115,0.4857034183252057,0.006067663470254277,0.9835015100394591
-0.008247588461606723,-1.066069395056028,-0.006923438234282674,-0.9518897488028203
-0.004378983081186089,-0.9305651032730057,0.010710299019064458,1.1935979103415237
0.003953868928672061,0.795580635317152,0.007319601018425051,1.2024248506583275
0.0008990452825029272,0.1484186321774656,0.0021368102172475137,0.3545155972285359
0.005100134286926463,0.9927874088864519,-0.0006041101790130188,-0.11591551039907982
0.003687521095148154,0.6674590885791152,-0.004656573197364216,-0.632401628860021
-0.00624274303787242,-1.0382971225921094,0.0012085285040248487,0.16583973157213194
-0.001891281052521153,-0.31322702049491974,0.0029878076106252824,0.4911860861629359
0.007044798802120722,1.1885323322123615,0.0023243382408688062,0.3266210041302284
0.008758904029943664,1.6503412155682047,-0.0007437703344488115,-0.10346601202768936
-0.004763903051391289,-0.8212100831029685,0.011293184644477941,1.2508155007767736
0.0024455712249733695,0.4335434883140848,-0.0018899590524022757,-0.2972651245254144
0.004001113900789888,0.907322269027516,-0.0025850387779462075,-0.38121977528745743
-0.013438262863114671,-1.96475031419903,-0.006472752603708023,-0.8548594969455208
0.001207780023086275,0.13982121495597158,-0.004316513255116748,-0.5122644092723896
-0.010675081516518529,-1.7450863143555893,-0.0009777214866129543,-0.15254377112204592
-0.007981627560653095,-1.2148989861604185,-0.01508636895451218,-2.364778777712904
-0.001513566746605056,-0.24907558053121212,0.003224632739450153,0.5358059505552223
-0.005802784457544294,-0.8281375879422217,-0.003181792202596961,-0.49403056248693994
-0.007518784060437897,-1.1990509642262468,0.002617253591433778,0.3710435522110593
-0.001687831743701032,-0.30194745152539265,-0.0076268499735442745,-1.3011300626517133
-0.005482118455897422,-1.0905266930702844,0.007539073640989102,1.2022068917740678
0.0052332534910982855,0.7916752581066687,0.0039278655964131454,0.646299327752464
-0.0027296563383580517,-0.47355359906804445,-0.006856663638034649,-1.0070905540814772
0.0011344442625934167,0.16637073019996157,-0.0012158392749566712,-0.18726799726991067
-0.0033434438490603556,-0.5235352873008757,0.004735040159127414,0.6796577062277335
0.008936627404050638,1.352150754220979,0.00023846271344717872,0.029424879343799965
-1.7013639280365807e-05,-0.0020116807296409085,-0.0006084908666898056,-0.09241499524601926
0.0008742043214167142,0.14164928589243705,0.001105198450979547,0.1589018105738011
0.0007010996130594529,0.1491300342737012,-0.014170071138824639,-1.957613337604148
0.00026625153962037183,0.04031973378853544,-0.0008094753270093835,-0.10214067090435816
-0.007555644149187625,-1.0929150178489577,-0.0001149567246661787,-0.016871169631819498
-0.00440929801737173,-0.6813526860115017,-0.015986313248806616,-2.4497640742112377
-0.00362049689755995,-0.5420034931225374,-0.0017423870980821658,-0.3106208272126783
-0.00961515375403542,-1.4353342487890126,0.0046642529083251085,0.7211246165155428
0.00020618324485532346,0.03727143061212786,-0.0008052800756902351,-0.12251425802173158
0.00019278529968386334,0.023990431867526963,-0.000732356294150122,-0.10021565855183101
-0.01336670160997361,-1.9678935751641138,-0.007982024568474064,-1.0530106061231406
0.0018916167634470784,0.2700318018898381,-0.0034126728359918056,-0.4811003476731718
0.007352109108626466,1.181644746861514,-0.001896859572638575,-0.3086074606660783
0.0029289943629637626,0.579397973523177,-0.00025572501300137856,-0.03329480731248942
-0.01384655563044826,-2.0768295653425444,-0.010231388731162284,-1.4061694634962913
-0.004294099611633448,-0.6017067270880486,-0.00690228420425716,-1.0959846343927524
-0.009892949789764134,-1.3817399582763086,0.016335600189638304,2.293024544992514
0.002860585185816942,0.45701214760245257,0.0007862584259764163,0.12217145910199757
0.0010514113357590546,0.17818365967540523,-0.00460962605908105,-0.5650837882393193
0.0005436689190410898,0.07237699164702219,-0.001570726922972623,-0.21587601823612776
-0.0020987856384190435,-0.3980231518793197,0.0018567221453664436,0.23375877490728703
0.017706074957829387,2.6078918141331697,-0.0066526071377878,-1.2180261131151673
-0.0025100928580732125,-0.341102531632006,-0.0019197304024971868,-0.24639040231157938
0.0018089387174745554,0.33294394981185554,-0.005665764942645089,-0.9136262898981276
-0.0030882586783355804,-0.6091669851689445,0.0025502493897209613,0.4361565188211094
0.005173881205556744,0.8166375136359368,0.002156162854626385,0.36403275968101956
0.0019923667901562284,0.376400475737223,0.01150990323830887,2.2206053197474365
0.0036742778924228406,0.5526864387849157,0.0006495603249468032,0.08289225365200369
0.004346997255780022,0.6885213962415702,0.005729648552437496,1.098333536775258
0.011927600059784549,1.5867589108050824,-0.004122144415825467,-0.5369849093624011
-0.00453533297799406,-0.7162897157647694,-0.004253507929570222,-0.6156822534287673
-0.0050342171882542044,-0.8616677932176698,0.006475409329381624,1.2814199724991753
0.003823632780038661,0.5620954773471959,-0.009739393834785993,-1.4865819884169775
-0.0009585568294798987,-0.16942636771710198,0.01308962278326323,1.7166088935770714
-0.010786418158324672,-1.6069164908805014,-0.003457499642379868,-0.5713714899481236
0.004456045403383001,0.6620725841452055,0.0006909828651976497,0.10193140426790748
0.003630708128013,0.7040574143970534,-0.004790407025358816,-0.7286034017953089
0.0009367193329416364,0.13701697889301998,0.005348931932855549,0.7470950251588108
-0.0003912026490278674,-0.07651066426681274,0.008709573076896788,1.0322961553484018
-0.00575404440374437,-1.0627961016180565,0.0005909695358718243,0.07966596027856473
0.0005231448085266089,0.06485543335445773,-0.02340935781667335,-2.6478331493926155
0.0019357205315024464,0.28444490673106476,0.00707140726863436,1.1551961682328464
-0.00943963793473201,-1.9365912771507257,0.0003584657619539294,0.05799945385341524
-0.0017264082278698602,-0.33206207621034134,-0.005348390798230263,-0.7751016615620725
0.007462583678990499,1.4551540088635666,-3.765495645345e-05,-0.007017888583340789
-0.016868978907098178,-2.452392207676887,0.0003318912985975897,0.03910579892780299
-0.008652937192987542,-1.5963551699043417,0.004418698875531294,0.5675737882769178
0.003661668746775672,0.6033021670358133,-0.0034821033019652877,-0.531999185909246
6.257073161469251e-05,0.01280604481424997,0.0059757115970801265,0.852764903608275
-0.0033813062191952225,-0.689702134711407,0.0023111074789347206,0.2953820456898452
-0.0034932285057441273,-0.6643720363866816,-0.009715753700093423,-1.3504472431424823
0.007090993294781323,1.245797973260412,-0.0013887514920414557,-0.210904953096412
-0.0023490172460684956,-0.2808788738024531,-0.002659881068028491,-0.3709180220262072
-0.0004277505547839941,-0.07715956784980933,-0.004792196714054674,-0.7453342242486666
-0.005496629303269138,-1.0157492205260186,0.0012521024443138012,0.1731047839236932
0.0007783652064699652,0.1430553411075544,0.007621000327182114,1.5455008440887648
0.0014387541829119878,0.20904696658546076,0.0038403308949246802,0.5718148037068205
-0.006094104252241252,-1.2365217138138542,-0.0076813934085637765,-1.1505091671280783
-0.005203845469631091,-1.0837905615259507,-0.00018623065579532615,-0.029891650541636085
-0.0026393963485453614,-0.42970809017478595,-0.008142041702280741,-1.2758533396724883
-0.005564694719452878,-1.2116484588270608,0.001410366327665076,0.20511885952674722
0.008690483779932638,1.6932347572726378,-0.005706026789186864,-0.9005907370735299
0.00010774275384278298,0.018080829089303953,0.0008667191783032805,0.11147696059112429
-0.0034453075584054346,-0.7633048699004323,0.01944726494713507,2.805922056727501
-0.008694674921271276,-1.6204730825131715,0.0003519084329388878,0.044906446105949335
-0.012748112960623403,-2.1075387469305413,0.003299067440136693,0.4822466680174293
-0.0009144414924025207,-0.10260824043730853,-0.018602242172660443,-2.863015143535325
-0.011503167497317269,-1.903434970518962,-0.0038192691063685348,-0.5595850483059077
0.006159118380894608,1.0983944397930112,-0.0031884052647122483,-0.4538465279543785
-0.011144561165969659,-1.8583576139660376,0.007839132235908397,1.2477094244258224
-0.007194930518875294,-1.3115041439238133,0.012757873999962971,1.6978761266369071
0.008670303928168982,1.6148104043581628,-0.0004752981036814859,-0.0679579097544504
-0.0014926259102856455,-0.2480165583268619,-0.0018662460951974214,-0.31716807877345854
-0.001795012305194966,-0.24267255701251167,-0.010667462806335608,-1.478746343389723
0.001430855780360716,0.23939352020601665,0.003716970244841577,0.589464761237185
0.010934545193143031,1.3200036548234821,-0.008862369980186705,-1.3293739288681976
0.0074097926801830905,1.366726728827385,-0.00845222682667177,-1.3590857880638345
0.0022250544856433573,0.28190326769228125,0.003089208676989524,0.47733415296414927
-0.0017777269984862187,-0.2506247237956627,0.013480860560442665,2.205615474533401
-0.009103175024239813,-1.6690169419729306,-0.0049213712648913405,-0.6716002751770793
-0.006114070993057458,-0.9223261139714817,0.011772976798430309,1.6911318853700812
0.0030020507049562752,0.5601357664160258,0.010723411869018202,1.4163310700445355
0.003957716783155081,0.7603526872409178,0.001779292681758235,0.2716548332213106
-0.013677388535080761,-2.5047386216921907,0.0007344778288473219,0.10641444724163743
-0.0027555598143620763,-0.42178353188833934,-0.00413539490170199,-0.7077101243453783
-0.004452344291111984,-0.620935706571889,-0.0034758694661312164,-0.48274476412609973
-0.0020194233132225336,-0.46281334864074875,-0.0021046139997042673,-0.24310234000984335
0.0006573700135388625,0.11910464481273995,0.011564152123928063,1.4450596976255996
-0.005305004766420808,-1.2214190985462823,-0.0004484419468640564,-0.06864052300225323
-0.000857376867751695,-0.16282710571751904,-0.004202749972736003,-0.7176317463934946
0.0007318301845523463,0.11967396129793731,0.0049952908209160525,0.6147708050023999
-0.0010131668399999075,-0.13878887164583434,-0.0013595753114893675,-0.20239984842269187
0.0027786901335374427,0.43436162028188496,0.00027643037002940776,0.03893063558368415
-0.0019935123486677217,-0.48289300565673465,-0.00021277274924270446,-0.032777506417305334
0.014717500644795364,2.285433413586357,0.002864874790704744,0.4558113582188054
0.0013190268632439048,0.20653052832798693,0.0036757407343190073,0.5243083362204172
0.003934530573559672,0.5905555736528756,-0.0027511927123237325,-0.3887294586751299
0.006035853020457128,0.9808544237460113,0.00011993403702824655,0.017465705989165362
-0.011153892125948188,-1.7793115834633184,0.0013001107011375434,0.19257996981838696
0.004336356879346202,0.5436186760774213,0.00196407950962152,0.24215541478946637
0.01974892146107273,3.972002786296131,-0.002822606296642217,-0.35233509021037035
-0.007651308167537897,-1.107114316233439,-0.00646805861065994,-1.0071665140170085
-0.005221643213094196,-0.810141880324595,-0.0036533430820057987,-0.5580211675197227
-0.009012093339477834,-1.3850947746297504,0.0009152009028766707,0.1675694950158142
0.0026239743449921315,0.48138424281742315,0.00524368718047314,0.8096418167490688
0.003322427770424276,0.6260916310114685,-0.0029414259294323567,-0.42033594454607903
0.013075800485702824,1.9707066481051814,1.751479043387861e-05,0.002376571421188401
0.0034803649830150787,0.4460642602592303,-0.003390406409804093,-0.5408085283237448
0.006287267207226362,0.9167694048136815,-0.004731266469925622,-0.8104284517491129
-0.006393224499892676,-0.9410559774708452,0.0026912986824602497,0.35513200255339644
-0.005302008738123282,-0.8302557749407113,0.004876751580209846,1.0976953366567397
-0.0017319024377737107,-0.3673616127751359,-0.007619045366895881,-0.9600156432386386
-0.013229413329587523,-2.011854047233484,-0.0021792796832412397,-0.28242604487854767
-0.001991901904348361,-0.4517215717961447,-0.010921891517486676,-1.7643050052426852
0.0020600971653919266,0.3477567420787705,0.002220576756847177,0.30864394082649
-0.0174292923276377,-2.6987477540524814,0.00019418661756838505,0.03420709207452817
-0.014055394964929375,-1.7225095025551393,7.816005567072386e-05,0.012716903800596131
0.00842504583180727,1.3473122895392784,-0.0006705053791762291,-0.11596990507129168
0.0002527347347897811,0.04507456889145514,-0.0017346227050595911,-0.24284770139998407
-0.007489687823148076,-1.196790438748231,-0.0035111361655319456,-0.4353034828244896
-0.01110247243663543,-1.6050240105958744,0.007672608826598055,1.2335473483700579
0.0006656994503440849,0.10732482803303359,0.012200850192235109,1.7820842386484157
-0.0028879643297566133,-0.4888924515289439,0.01033167089138207,1.2764015026336333
-0.0003128623593469742,-0.04009863518607735,0.002164436332659684,0.35086645616986434
-0.0061749896132978176,-0.8956717846859894,0.0055939048695067255,0.6953716412700768
0.0050735319753428525,0.9677239580207678,0.0008055957015242641,0.10672667560350997
0.0032686396445632455,0.41761943868862855,-0.006911011259837146,-1.0555784070661307
0.002351478869116509,0.38021697889301587,-0.006999932207980593,-1.0372637691680937
-0.0021110299319764526,-0.32956864204359754,-0.0040599145623798774,-0.655197278286034
-0.003271629981028448,-0.6100474454186875,-0.0005518628575843572,-0.0756009761904614
-0.007974186418502276,-1.0614579454518451,-0.008370345687863372,-1.6000597469776805
-0.0014999613919115307,-0.30091468080982686,0.005137854439556182,0.7186362842448679
-0.007158027519402057,-1.0802860242946561,-0.0020028972492944063,-0.27563117552676375
0.006104381115575035,0.9301851846770864,0.005596693582989355,1.091203171623007
0.00015839685577405865,0.02818429892311492,-0.01743320786306532,-2.6028120931223966
-0.014548170246640395,-2.3448242766849616,0.0062878836500501484,0.8132265997997585
0.0014978284118206157,0.27891633251901654,0.005673786724793337,0.6220855263584228
0.003199884251867623,0.3892195959732023,-0.0039368898336597175,-0.5349195231077317
-0.0025591781355946133,-0.417926439703503,0.008701242307115734,1.0844600294540776
-0.0070676734876743905,-1.0727872153954707,0.008699116579434205,1.3360051159079822
-0.013549403458144309,-2.3323408654583107,-0.00806575708764328,-1.0261576209200347
0.0019696034911494877,0.5035244521261533,-0.0026611942900044375,-0.3843469705856789
-0.002973151987424399,-0.3991197999628721,0.010037081867394326,1.216154189567141
0.00041909215262770044,0.09809274606817449,-0.012637438948633182,-1.9015834399214908
-0.007490403313569282,-0.9150645335939434,-0.01193493283085964,-1.7875581656818718
-0.0035584503535041013,-0.5574273661343963,1.3675478648715288e-05,0.0022363946338278323
-0.0050022569759526,-0.8924841800258442,0.0004571348846153614,0.06190109403265441
-0.006562961695487022,-0.8290997015864937,-0.0022186371814540183,-0.34074850197695494
0.0018464776654411805,0.26966356368673955,-0.0069397446417121195,-0.9980276607002194
0.002533166182965793,0.3470886916262961,0.009327297641017225,1.4380848403363446
-0.0015064597271610702,-0.20026055844940027,-0.0015282685578131344,-0.19919361247313763
0.001274057090863312,0.2015425357291407,9.740411722564964e-05,0.013507165278143883
0.002089595707678467,0.3964842727360915,-0.007677180424867728,-1.2546860784283398
0.0019346860062451803,0.28034455586933127,-0.004599560253184969,-0.6154464508510582
0.005417448664930354,0.7649196223042204,0.006653037369008905,0.9144922043364627
0.002953663169844677,0.6208597717931845,0.0003509674985209357,0.061398740083400336
-0.008322536161917748,-1.7814984480293916,-0.0027630203072592867,-0.35599304947556365
0.003118695246096431,0.37151192195832966,0.002967045333338931,0.3773214967309594
-0.011942908196238215,-1.871249824189856,0.003041529470052997,0.33832732609831556
-0.009857772140049861,-1.4144749033201414,-0.006894513720358174,-0.80467372963656
0.0042157217972862305,0.6044701326005372,-0.000758667101542345,-0.11590387952624562
-0.0035343269652421466,-0.544400288902765,0.0025386809918514874,0.3295962860585569
0.0022650879752800475,0.4639842568278006,0.012669631254981571,1.4486815601179992
0.006024211916598655,1.0474621472222065,-0.0001312427750914157,-0.016404939903585734
-0.008961790366336564,-1.3000404607646752,-0.009286189883167609,-1.4429043057165922
0.005225999054216411,1.125461398619374,-0.013581373152928428,-2.187170697099183
-0.006267260042664943,-1.2174244078174403,-0.00045346403281652504,-0.0700234938394661
-0.008284332927541983,-1.4751886434136332,-0.0058408261489074935,-1.113016821806396
-0.0012168529277363765,-0.22449699801335976,-0.00522352945348276,-0.873149810969886
-0.00881393084050667,-1.7399794798527324,0.0028139709230569,0.4118324076520114
-0.006243863925159576,-1.3289286054323306,-0.011273835402502416,-1.6441183634890426
-0.0034247901639637658,-0.5405610716900957,-0.0025907961202462715,-0.40070751542694577
0.0015819582345250492,0.27103260449383615,0.0004588697473659809,0.06303528400688582
-0.00017017922435505158,-0.028281637683933943,-0.00025119233798441597,-0.03328731155551313
0.0027736618852162026,0.4105632617763495,0.005790546321827151,0.8492960593583536
0.004207179984665633,0.8593189031579045,-0.002376030310416842,-0.36279667713208885
-0.002852262029832629,-0.6539131353466411,-0.004129127181226461,-0.7771069032790662
0.00012678194868713944,0.018064290187888767,-0.008108453249618152,-1.0859314326073803
0.008185428986295198,1.1443658815684774,0.014098549900378326,1.9892814993749013
-0.005601593970823776,-1.1445346729626231,-0.0034356635775992447,-0.479968368058527
0.0026029399891046774,0.34127145482449206,-0.00026076290889804997,-0.04030017898930805
-0.0036048459735168337,-0.5745955599696514,0.006720776801407874,1.1352091980863672
-0.003909674369747632,-0.6170084271132691,0.0014180565673092543,0.19047423297154678
0.008133654659038633,1.4427586334660967,0.005526494198411549,0.7052159424818764
-0.006724351776987075,-1.150333081829126,0.0023139993629848928,0.343898827255719
0.00053909914692489,0.0853562848496837,-0.0001052805079501106,-0.01247877735601231
-0.013377520242369496,-2.72534122071714,-0.006883371188195479,-1.1323765114609778
9.162209891427689e-05,0.013261248272935046,-0.008697550292937204,-1.214529144380482
0.00020271300750407685,0.031292745991611984,-0.005691254166673883,-0.8205208442981571
-0.0069182606572894025,-1.102094240752621,0.01953456731599943,3.4002399907911918
-0.005595335990347707,-1.011672551895769,-0.010103769151769726,-1.4751887636298906
0.0025944603004935825,0.38171592954731864,0.005003162007404097,0.7297531372660591
-0.012843171153494638,-2.0985376641851063,-0.0013608363576131913,-0.18537398010314188
0.0035511493367812235,0.5078012111620914,-0.005703624181614292,-1.0020020884812577
-0.0024482280208551243,-0.38749230985237354,-0.006982143103072512,-0.9969742239215418
-0.0038046495959256467,-0.8210264920876306,-0.0004028115803556277,-0.05828158689740692
-0.00940079918717295,-1.2158988133950688,-0.009531162622080386,-1.2436663063506568
-0.01295919903061998,-2.146913786593793,-0.0049535129134953065,-0.881960501004653
-0.010930004388798882,-1.5944134763899165,-0.0045964391844988805,-0.7457809626383658
0.01189123420025603,1.8353208222782134,0.0012074367733196701,0.15913137416001416
0.015522824419624145,3.3720857834308227,0.006918627029402378,1.2302084514462865
0.0002916357173999053,0.03858485305049263,0.0034496355357929082,0.5881188896351341
0.002659803893409778,0.619721935547784,-0.002250263000328023,-0.30182085365698286
0.0020337608732244215,0.2778033299936593,0.004643941239510463,0.7221934184869571
0.005564162570118271,0.698675144282911,-0.0020536414713185195,-0.2625525205410642
-0.001695803210410303,-0.1932961057738939,0.0040324055730316544,0.5419989413225783
0.0038231280334959463,0.7176845217283093,-0.0123857206709414,-1.624172564047388
0.0002833005495276756,0.039479613167256504,0.006611267491096758,0.7986301402312448
-0.004162536800583983,-0.7800946853197325,-0.020872765960608858,-2.406615814681954
-0.013178069967672004,-1.7468525673439619,0.00978747284997829,1.5291340669767874
0.007367460087011682,1.2062478918331827,0.0027955086379004195,0.3077175140032094
-0.00572678552368601,-0.9441226315457,0.001788869769662613,0.2060600286181085
-0.010327941722690016,-1.3830850685856093,0.0027419028016170597,0.5319163330293947
-0.0042458122118458315,-0.664728843900509,-0.0022929461155932612,-0.33186386756733444
-0.007209624991945791,-1.585309487975589,-0.009982515593067636,-1.5084793593198218
0.0034492409343942305,0.5792750768215935,-0.005685420252569592,-0.8957433575918358
0.010278640820133158,1.9297961088262083,0.005217402488340009,0.6820462669581884
-0.0004039932471038459,-0.08970361461652529,0.008422922671037763,1.0570019312351928
0.0002313081737350072,0.05277083681425629,-0.009088876981832743,-1.489503326510834
-0.0028819097121043622,-0.385594333900804,-0.005665483833409687,-0.8449217425955414
0.0022343162143185456,0.31114005309843434,0.002806713328112393,0.37351378062266394
-0.003172063978632224,-0.5892253370802697,-0.005464836748002341,-0.74949622295299
-0.0007670580354374807,-0.13070365191506433,-0.0006722265189318733,-0.11850901456191283
-0.011203141737157377,-2.0125198722599187,0.006537180247325171,1.0637063290273587
-0.0034217323103230063,-0.5259184902156295,-0.00029463553202335236,-0.04176617608122982
-0.0006370479157535954,-0.12584667834136523,-0.005776519544130656,-0.7774945026126737
0.0034949961624688147,0.7641966624037406,0.0008763295688079018,0.12426934266197076
-0.002524880411942298,-0.4992753994899049,0.0032273477000365446,0.49605002324780384
0.005251455811374588,0.8584674116149651,-0.002431145706661925,-0.5066278042668332
-0.00035556819830089654,-0.05541245013904327,-0.01940772760490183,-2.6983226762793393
-0.009526694505884782,-1.3613466820198779,-0.009022061841038003,-1.4845775665344034
-0.012056484888134909,-1.7617579072287888,0.0013659672728283509,0.186388103284303
0.0041360416900327445,0.6978779888408096,-0.008760894194138957,-1.1938191370159996
0.0033107542623968165,0.5244326193522502,-0.01041332728216952,-1.6819857574571406
-0.007202866190056097,-0.9393810268503933,0.0003493700429165354,0.0558212694982919
-0.011075872871290063,-1.8437496604981227,0.0018504747702390032,0.2685068503058356
-0.0042536239703872035,-0.5557653429906135,-0.0009492344372740173,-0.1514804057269242
0.005227041587151601,0.8800090777515219,0.008633638264079854,1.238120932427724
-0.004265676094361449,-0.5519330316843719,-0.005985083818956472,-0.8181100274741983
0.0008252006086401077,0.11431603486366564,-0.000938787288959065,-0.17669346882099193
-0.0008882449023249416,-0.1100138720527669,-0.011441407016159071,-1.7380777774677838
0.005608665018338812,0.8531336254626148,-0.004194617857098821,-0.6681780751250966
0.009468052530955427,1.6028475812353629,-0.006682227613977201,-0.9115055425592995
-0.003441875606812185,-0.6348408480825215,0.002595758848675204,0.44083804716869174
0.0012369574258231728,0.21994328539383767,0.018405980135374853,2.790492378351581
0.0015063217563867856,0.29167774433001414,0.0002538663853958224,0.046253567167056135
-0.0075535645071465604,-1.2287631579280716,0.007027495935209048,0.9657038398422911
0.006894580524231531,1.0367142899826614,-0.011258244248075802,-1.5573736256599733
-0.0014681126467731669,-0.2387342078126536,-0.0024506630196362423,-0.35918783681297634
0.005248229570689683,0.8806742493992662,0.0013105559352748243,0.20222894723963822
0.004843936409168449,1.227107621470755,0.003957023307475577,0.5871608845301629
-0.012904961632734434,-1.7413336107333235,0.002498050436815501,0.3839111367841585
0.00021402930173258528,0.032962461708331385,-0.004961741078799297,-0.5384042388039598
-0.009296999500656924,-1.732362082601001,-0.0023042181302912784,-0.34177885572433964
-0.008119457525078092,-1.0864073796781408,0.0064543780535390415,0.9546098530798983
0.007063483274078768,0.9482898204587545,0.0021987858300171748,0.31579649347847777
-0.00621673574317262,-0.9090446575551849,-0.017200293718933984,-2.514225531374239
0.0005310242817679822,0.07149496530906585,-0.017601848875582967,-3.0955050331356264
-0.007682352683188908,-1.2240045558913437,-0.014102363328261458,-1.7192457895647717
-0.010980709078482592,-1.6577156906118247,-0.004494791700538312,-0.5922016573396715
0.0023019415886286,0.3162437901734003,0.0006854820474304755,0.10709015161716041
0.0037515683352468123,0.5711371173509383,0.0010804203745309767,0.17333920553508234
-0.006415268161824469,-0.7315228603747128,-0.003293548310414028,-0.4490961848251004
0.0030778394548264185,0.6258005555290155,0.006842533374617789,1.1459077932617845
-0.006922041296521516,-1.0729273152668182,-0.00306552427801137,-0.41615006705191243
-0.0006139709817848797,-0.13376615130937267,0.004754463833298965,0.6670478857820956
0.0011488266358849171,0.16484067612181083,0.003434122531041893,0.5504969164823384
-0.008939337778307728,-1.7279080683753294,-0.003216101566906237,-0.49479955157010197
0.003492442366345509,0.5933856728866953,-0.008064844455435052,-1.0157762400503008
0.005356971562988407,0.8122686350179722,-0.0056770503177876784,-0.9005143516640411
0.0035163838591498646,0.7011757993764878,0.0009356406729603754,0.104334169953524
-0.005303351219631403,-0.899283388540148,0.007965848566237502,1.0252400065716554
0.0037382067887817283,0.5618777527360864,-0.014838891786929542,-2.266305460264039
-0.002647792608331136,-0.32514293290919816,-0.006486257807278611,-1.0620760118920616
-0.0016364327033206653,-0.26635197221081125,-0.015311167694866963,-2.909633748453841
0.000969547765156179,0.18877223951424907,-0.006251873212434913,-1.1370559161924487
-0.0036854557000762993,-0.5206948033679535,0.005741157850879823,0.7977546051284697
0.0007914501821325276,0.12620778776463518,-0.007349063803960084,-1.0028084152042784
0.010206192254242092,1.543116002170808,-0.00485319146368132,-1.0321323121968853
-0.008295680615488124,-1.6271987593771517,-0.003981303486984628,-0.6219909407746658
0.0037439551983249088,0.5963463632833158,-0.008350683368471166,-1.2004983684862947
0.003847877564081669,0.7599706067168768,-0.00045400291465828185,-0.06156418165383798
-0.00708331316784237,-1.2605420898092978,-0.009153077126200651,-1.264783067262858
0.004517716817388459,0.9971278834339262,0.01023847939229439,1.3728383057182796
0.00040167633631361856,0.06917711502101427,0.004452792788356335,0.6989565369529982
-0.0003300026272987271,-0.06231921112370606,0.0022041656073684226,0.34750933076149654
0.0029794629676939193,0.5057406873360255,-0.005203801697488989,-0.553532174744666
0.0033988723193480175,0.46818874266271215,-0.0022252782828490556,-0.3418978077082879
-0.009023277671201755,-1.351129400830509,-0.011689869444642766,-1.5501156827228082
-0.012147037508455942,-1.885377857884674,-0.020356298846194845,-2.369783105065484
0.002590555279580462,0.5234858246269696,-0.010370169587211667,-1.7827411620017721
0.0030357907988193943,0.4100916483802367,-0.0023134766194354128,-0.43375977319537007
-0.0073504588146939935,-1.4133787999445449,0.0023531546192956825,0.3315507999216228
-0.006411734569995599,-0.8557171706895929,-0.015209342505004268,-2.284914529782717
0.011383734277421988,1.705586131609987,0.0011613563915883816,0.2041020549243301
0.004991831888787376,0.6767365347504014,0.0005880617557749699,0.1029779678814493
-0.003973935344604199,-0.7748727375867398,-0.0018825463671182003,-0.32584169329171475
-0.005210807862250564,-0.8040066825694516,-0.007097166755117317,-1.2327985158030286
5.010091758036561e-05,0.006886683367179038,0.00224599143494537,0.3214082595637828
0.0036337586041584246,0.6195883277148693,-0.0012040954685077327,-0.16093233715474844
0.0037068665446815825,0.6219809298398394,0.013092946342300814,2.0100656132865273
0.0030838036146864337,0.5414390145921372,-0.0014601778144155775,-0.23080661386491577
-0.001532069119849652,-0.35107013902299267,-0.0009578452778248004,-0.14167261205336346
-0.007549131138158113,-1.1350142375562091,-0.005707970615147084,-0.7766809312212649
-0.0021280516686417506,-0.3387669073700737,-0.0046162138515201435,-0.5621414118024175
-0.003498513863731469,-0.43939048402839054,0.004562216664298999,0.5638399645164553
-0.007858401686585097,-1.707730330851857,0.001661132253357268,0.2709888632630447
-0.00290501807521424,-0.5715307834351836,0.0020899934903146067,0.3426548673724438
-0.004888956147530745,-0.8086961244784221,0.01050247451125118,1.9360242155900196
0.008716004942858874,1.0774297058764999,-0.0014155035875079041,-0.20129303605758006
-0.0031903716858618482,-0.4028760245374081,-0.0035753693019096107,-0.46600342742419965
-0.006168173589447044,-1.0838020486522435,0.010215237995576526,1.3702414298942633
-0.005225849520027831,-0.9646716043668722,-0.01587426382218031,-2.403279213852759
0.0026197230117494495,0.4536114455199149,-0.007724237756066283,-1.1832225166668984
0.006563944557316201,1.1310444802156532,-0.0003758701525382755,-0.06722469993470936
-0.010498769668845033,-1.5428249698712662,-0.006908081667049513,-0.7625735660004512
-0.0033224967934129923,-0.4096258889837141,0.001250036960531321,0.17986992563293888
-0.009551742749390638,-1.7072332939287842,-0.01876124427601389,-2.572515076199489
-0.013869703008547502,-2.044579072552339,-0.007772048136463005,-1.2231261115510426
-0.0004223748600033183,-0.08276014631372997,-0.0008626065663370763,-0.12423600295542177
-0.006186525737978378,-1.063917533912335,-0.0020981229227615876,-0.2726401783122311
0.006020048739632295,1.2211222270707822,-0.0019650000547248563,-0.26468867446275074
0.0070758198124977415,0.9011312542656537,0.0019330484575693688,0.24787817740639018
-0.010878233016659612,-1.8186176883121727,-0.009283123442889691,-1.3767669388521753
0.003117904482213318,0.5685810044949603,-0.005599488163044929,-0.9181568741228893
0.0007639502058260454,0.15254414213856876,0.001603300648304749,0.28237140543081446
0.0029985916578183377,0.48596194173628376,0.007052022254617191,1.0953041737371763
-0.006666901394804397,-1.3833091157084243,-0.0038020927594400716,-0.5785563811454577
-0.0009684976500316095,-0.15257200090287387,-0.005379656630433351,-1.0182163038497276
0.006134165019403826,1.2055422584281335,-0.006637605091962187,-0.987672552829779
0.005667294589006467,0.7802827645037369,-0.006444601286720296,-0.8455219620667757
-0.003046414585212401,-0.3652084239226606,-0.0008186774730165335,-0.11762975179565134
-0.008561717586635292,-1.1594996040354875,-0.00242450206061052,-0.44169130057510275
-0.005111626587180834,-0.9805858877498193,-0.0019799822193192064,-0.2952790324641845
-0.0071643228507227725,-0.9877530965372296,-0.010637743165649997,-1.3701722110939065
-0.005165407170268005,-0.7567113730668935,-0.004297939947343085,-0.5542437992675678
0.011295285198202831,1.54166371205507,0.0023510575637676104,0.3767262117749569
-0.010429531894324127,-1.4550193511212104,-0.007005784089917781,-0.8788360052571482
0.0020799385217385984,0.27996997424198056,-0.009653971901621868,-1.46667601861765
0.00295741657159317,0.5282962291197268,0.0033845494310053717,0.5104921328942057
-0.009769390844050886,-1.426893941192443,-0.007396764867117722,-1.038033183710101
-0.00917604094946324,-1.4632880994614321,0.0011876276616809155,0.14200987494669842
-0.004933419052991069,-0.5943335926801697,0.004126820008462702,0.672915280544806
-0.004663539190610995,-0.9663248261430452,-0.004937781265473484,-0.6594077198138985
-0.0018863980283573291,-0.42455185957705177,0.005512127492919716,0.8541232392536071
-0.01205569168673993,-1.7667034826458474,-0.009558763070060459,-1.225913027206647
0.0018515675029941788,0.30646151201119964,-0.006181117335660906,-1.1020643969545278
0.002319644826495797,0.3763302015487935,-0.005374226676223654,-0.8607361789590174
0.0066162434484439425,0.9587421423917204,0.01904037606456769,2.233666331296414
-0.0035545436436959462,-0.541586646279419,-0.004645045627121812,-0.6577148520968333
-0.005124311296551002,-0.7284850902850647,-0.0020225822138340453,-0.2654289151263534
0.0003333398157472227,0.061240874504643245,0.006982587471329203,1.288361700433779
-0.005389226355054829,-0.7578402872202333,-0.0037680494624400514,-0.6712968005308972
0.0037065608758839776,0.9172728947186859,-0.004145233906873821,-0.5215655856303488
-0.001351458597889339,-0.2229982300709284,0.0028455153369444904,0.3937343597057367
-0.0001090289221855374,-0.01550351230948043,0.009537652090328244,1.2864331270794978
-0.007504379861991704,-0.8698155124555222,-0.0009236008312987882,-0.13831318407282162
-0.0067780894069473605,-0.9984319732542885,-0.009784143550038295,-1.4816993362768107
-0.006566071426999496,-1.4138290052041766,-0.014547284121143991,-2.234329869415435
-0.0024990556324632615,-0.4987135343093126,-0.004951713852368346,-0.7400410558692296
-0.00616660595776839,-0.784496587789402,-0.010125473193272025,-1.4000029551805244
0.006964903769467186,1.0003114956805865,0.006180220438975605,0.868134825202526
-0.0041173179795235965,-0.5019539318289287,0.005053759292312363,0.6885820511133174
-0.0021366539119831484,-0.34179570884537924,0.00252405611347127,0.40368610158701645
-0.0029117380784987002,-0.5353201516367353,0.0008279362916736048,0.13769244375311515
-0.0008493708423180775,-0.15878275370862405,-0.004298101344257503,-0.7349338399810289
-0.0033262502526395597,-0.6164811135181318,-0.0005461750377907078,-0.07291454151577795
-0.004423396999965158,-0.699457725057097,-0.006209961031354206,-1.128021750466999
0.004462196034441954,0.7861741020886327,0.0001738159983274003,0.032793923160821976
0.0074995299909159895,1.232487554717244,0.0001628643384972182,0.019619602346593754
0.012100896879155002,1.706827483537346,-0.012605210176820258,-1.9410338379754184
0.013316145379572583,2.4668067112247862,0.0017334930869817174,0.21473642537382212
0.0031010789644446033,0.6868075857466075,0.009334574837375894,1.7344479219557751
-0.0034897978930842066,-0.41538150718559064,0.00017376583379796054,0.02101337513124981
-0.0013570821342720183,-0.2658187748860102,0.008048919881941334,1.5035644941693058
-0.004303324114467098,-0.5616563879486626,-0.005087189076815102,-0.7638270195253315
-0.004660869550487891,-0.8751048226152001,0.010061416361065879,1.6393743833502488
-0.005491408968235654,-0.8637829488909987,-0.007401725316688248,-1.1457189873709859
0.0044524100252236395,0.7213503170685445,0.008956477350393946,1.3595091903003302
-0.00042152295455379714,-0.06297454997504104,-0.006771639828458055,-0.9078813943680772
0.00011434390805572728,0.016279322402721626,-0.012729837121997142,-2.1466967775036725
-0.0036271038072312237,-0.6004707161729173,0.011642537348920925,1.894814548640201
0.002172085860589976,0.43416413580238566,-0.005141192892542916,-0.7242548507630033
-0.0031332610991266266,-0.42312298203516413,-0.001509913064765949,-0.26354356459482886
-0.002475027710063814,-0.5127684766242915,-0.016204730774783602,-2.599433557840122
0.0015273680586433505,0.27819176209344604,-0.006994599819682068,-1.3143992307617496
0.007687952216174507,1.14948169882631,-0.00589954099749459,-0.7188185089850926
0.0019114949604429213,0.24745533076170806,-0.00030517536162649533,-0.04399801407790226
0.0023557917403591814,0.46727332404409466,0.009291762811325639,1.3867914848776806
-0.00027354351022180383,-0.043155491555344185,-0.006987433971214813,-1.2201413645886534
-0.010574229601869682,-1.729997598620633,0.006133484496274926,0.999535387229264
-0.01069433717469058,-1.3214139016051545,0.006241912413697639,0.7634409545223687
-0.005075226313758934,-0.8817219184635222,-0.006177074682576051,-0.874442890561942
-0.008477442786656025,-1.5195397992050912,0.004978737054001882,0.8046958793587417
-0.007915173102465957,-0.9615286162735891,0.005949489380828616,1.0453467359899742
0.000555439978429796,0.08366557199950962,-0.00486457137940009,-0.7018556631889514
0.0053992394103424355,1.0744702850666443,-0.0045197572897866965,-0.7199679143575722
-0.0022379370240403667,-0.26905194477174216,-0.004969770596723334,-0.6616756315622595
-0.012831819400545908,-1.7728573362057631,-0.004162317775807208,-0.6701242056883018
0.0015782557639820007,0.2985655411450525,0.014877035848637258,2.104002616089612
0.00023141323534120743,0.044705524262250544,-0.002962104359122269,-0.4046838473900682
0.010538542261429067,2.1370574830488325,-0.006031076011486822,-0.6803137800677895
0.0008521412041255792,0.15825047524403182,-0.0012276314080828675,-0.16439376223062574
-0.0006147240176345161,-0.09781423985942911,-0.000642015991723023,-0.07980434894725408
0.006293240907806438,1.4573308702167695,0.005147227882969552,0.7970696252181251
-0.002944800890810305,-0.5783644651103705,-0.0064428366816653634,-0.7863615295815912
-0.005970504628621373,-1.0559069186359156,-0.014551787241521523,-2.075063776998103
0.002663619152482528,0.4393421058196792,0.0014247312570038963,0.18248375487187538
0.0023497201151532433,0.5285010515669757,0.006302290469243793,1.1420697599312273
-0.004438850243152866,-0.6864381844940516,-0.003027459020875278,-0.5297124004731478
-0.0014763395571330828,-0.31595721913751135,-0.0055129392602036795,-0.7054381781363622
-0.0032765787815112173,-0.43872140804684856,0.00989352388909292,1.8466557851483865
0.0016744475396008752,0.1893906870783786,0.005922726799755536,0.8225409480522978
0.007723184804474457,1.2964336454321679,-0.0027643934787906525,-0.37732038955084946
-0.005659131119434105,-0.9877550638820486,0.0008319254350541128,0.13075967662618715
0.0002374415834864457,0.02986863974523679,0.0031351732495366867,0.5151394517846161
-0.004915395198929143,-1.0100194626073065,0.006567849112270912,1.2127998131169944
-0.00509787457892708,-1.0225012492373915,0.006094306017487455,0.8010598341086516
-0.0024219580439029,-0.2973571956439272,0.005327868696443275,0.8842049818449661
-0.006787107143211144,-0.8615372697718054,0.005691027747663349,0.8984060051069641
-0.0017941627558621892,-0.2668220944218348,-0.014855133183896512,-2.0094377896339584
0.0010166361313510165,0.14604475523932053,-0.008725045829245999,-1.5831796089131207
-0.005346058836046582,-0.7504653637227545,0.00401087868936827,0.5541905238512861
0.004874703228012768,1.0515275129393107,0.001614006481738073,0.2720872579689333
3.6567680562644696e-05,0.005432184118828506,-0.0021803541129436672,-0.3686234221216345
0.00051070383242496,0.10753245643039269,-0.00016393986849295002,-0.026668507060042534
-0.000998019879926123,-0.1557148681148288,0.0029977078322252033,0.3958009240347361
0.007673222361551341,1.044278880760073,-0.011223644796479084,-1.6178150703418372
0.0037243413749370687,0.7279698629311486,-0.0005195982029755351,-0.06441561129121351
0.0022939703326677343,0.3859906948701672,-0.006464282019463731,-1.0328240399324031
0.006195407081977195,0.8422144043655804,0.0007787263453035633,0.09677776408923455
0.00047522610028789873,0.08947564504683359,-0.003501338017999776,-0.6698625959600162
-0.002603333506079978,-0.4978852976617258,-0.0014945316127745656,-0.25311876336360783
-0.011267000013442593,-1.6920675686509554,0.015404230259224175,1.8809749741017374
-0.004261377947190833,-0.6685463360421353,-0.009594891809957286,-1.40275904029228
-0.003378912165926293,-0.6019363984731769,-0.0034752804602239075,-0.534535632140778
-0.006350368243508101,-1.3114078206731274,-0.0015915230376140545,-0.30056607551123976
-0.0024140949055035613,-0.3829110672344045,-0.017511919328558702,-2.6165642593115286
0.0003067990484826711,0.07072671409140938,-0.0008610857261263508,-0.13232047136411476
0.004718427172328255,0.8048454645879158,0.0008830145887159916,0.13869723515230659
0.007477904369334612,1.1169456297511946,0.006747987531037143,1.32200964986897
-0.011210868743588004,-1.9937423607349158,-0.0046858338656886635,-0.7637679118054224
-0.0019090716084232003,-0.2547981754272705,-0.002474448939598835,-0.2826946158601606
-0.0013814013207633377,-0.18029855600541378,-0.010440872626026602,-1.2368488516509848
-0.005593244578182313,-1.0376842243914042,-0.007873542600488583,-1.167746185032188
0.006574710912706203,1.3091887424696105,-0.005741537542307627,-1.0264657886595827
0.004321809554857455,0.6905864919855422,-0.0005850212086032597,-0.08738432513435976
-0.001735188714910175,-0.3344657982728451,-0.0047265332895535484,-0.6983343209462904
-0.0051810707401508775,-0.9898586518426833,-0.011944997843801299,-1.8316729626492063
-0.007658456256188195,-1.2979560760613822,-0.0007117082619821354,-0.10167672210119692
-0.007512670971038851,-1.217519866135574,0.006977387009998743,1.1049337505686507
-0.010633501624140687,-1.6893955671866139,0.0014546868504134855,0.1646580070098473
-0.007519721415035267,-1.2587325606711772,-0.009198332086479763,-1.319995594439334
-0.01460453686216525,-2.4326205619108237,0.011012631041567359,1.9531896403905475
-0.011389401145024718,-1.5218963872996958,-0.019082544477640684,-3.0226387560973316
0.0007688063791781092,0.10203020042350182,0.010575502690819267,1.4228695440156662
-0.0078020163649237095,-1.5784000366185433,-0.0038774102269170997,-0.6838201858011027
-0.0031629775430397555,-0.6318007793181957,0.0013690235634669376,0.2197023381567344
0.01040933636025873,2.2148237644762596,-0.00926297262579239,-1.3801598377176034
-0.0016937807890369107,-0.3637025928857789,-0.00837977130911566,-1.0910666452847413
0.0015801475922787285,0.2666404026776264,0.0065564828539561495,0.8169857394229525
0.0041973129830863015,0.8053679954814976,4.240427084544515e-06,0.000511902087056302
0.0006770579584432022,0.11628814301164216,0.0021647778853193514,0.2753288473594629
0.0020144935964716325,0.2607839243686469,0.0004213361651207245,0.06071164171260906
-0.004421870775118428,-0.9272528706920212,-0.011204429099819587,-1.3864931777019283
-0.002053728505327777,-0.31257351896779756,-0.0006091881289424807,-0.07944714450946287
0.012260024842226528,1.640501827047606,-0.0011240682325948867,-0.1633597494582743
-0.007643266174335906,-1.1110219058236284,0.006432173515750828,0.9772856735160735
0.003933981730379491,0.5909546641640544,-0.005559810723974603,-0.9483179560732069
-0.006039295199261328,-0.8583376397722796,0.006512994479831657,1.0773670560572475
-0.007265020233093108,-1.0261877307340082,0.010624211163958449,1.6181201590761463
-0.0062465519673622245,-0.9177646178598428,0.006761040755783045,0.8531957451506526
0.002453794065663314,0.324605456060011,0.01166762810548692,1.9263238734420973
0.0015719166405027145,0.23149449475098252,0.0022244457405798048,0.2689318489052547
0.00800966752329112,1.0729666307225856,0.001197198897006392,0.21524637303282593
-0.0006775983761249484,-0.14811848205027284,0.0011357963389903517,0.20783139497651468
-7.226766149483508e-05,-0.011150111436733747,-0.0035825350521693994,-0.510333313343519
-0.0041378417638867244,-0.6894052199585369,-0.007450970598320797,-1.133990898348904
-0.006943223945082276,-1.155600876279738,-0.0030012722847459015,-0.48113910873820415
0.00029761658645792303,0.04933130468293104,-0.007209868560765572,-1.0686684916877174
0.002035539763179277,0.39745915873682863,0.004760616226785103,0.6043175707818489
0.004981489174184755,0.9316516617370028,-0.0009407922803255696,-0.14621383801858207
-0.006785174512725135,-1.2589731013953391,-0.0003341267440720822,-0.04611792486673359
0.014909859987463843,2.451385712155466,0.008338978923693124,0.988079858479823
0.0009551161975377268,0.20564006235431803,5.8624209912249434e-05,0.00787281571957323
-0.004975532944212827,-0.6616305965490196,0.00871454785700922,1.3800297475724286
-0.00782005138779213,-1.0890216396870915,0.0022147309659190807,0.31485243970173865
-0.0004127792794948237,-0.057395696965404475,-0.004969813618998535,-0.7431819776423925
-0.0019524880487483405,-0.5042717246743039,0.00021639112912825095,0.02836101124246203
-0.00028432916749772846,-0.05029389024500942,-0.005175905092812244,-0.8301018377831813
-0.00633786009341805,-1.0413353410400392,-0.0005444333377246464,-0.08007647897977614
-0.0004181142030146674,-0.057215821613266146,0.004098343136350531,0.6104553334523312
-0.0009195590448950741,-0.11451539288313363,-0.005550484812340067,-0.8123137752156809
-0.0045686843384424,-0.9005571189620168,0.011456474702085918,1.4596457865499635
-0.0025981440183736157,-0.39183615518345916,-0.008168801924608018,-1.1534566458933606
0.004092378725360192,0.6498393003096227,-0.0041827433799420475,-0.5945292439828416
-0.0024724385231449284,-0.43612488766034313,-0.004362576575604637,-0.6234437833522196
-0.0006030195651352091,-0.12589085060359667,-0.010728022335880105,-1.4509058177008278
-0.0015246992559317697,-0.25145489794663567,-0.000636744122637314,-0.10185441994437015
0.010624951698578557,1.4983191683417167,-0.00046303337098482176,-0.0660000030556625
0.005696754772453196,0.8791772379961142,-0.00975506703427561,-1.4441433530588088
0.00025569561282870804,0.046547519153899874,0.005518288196159768,0.8048105647854782
-0.003389730134155497,-0.5481332912170694,0.009556953499929511,1.2484131700136318
0.0033314914090938883,0.6361569801768292,-0.0031616231401659775,-0.511334779349594
-0.005885308587454843,-0.9490335467093256,-0.0048688995750838385,-0.8139427428313678
-0.0005655424239549426,-0.10268259398154857,-0.010052335320392484,-1.610307554312023
0.004115528069506658,0.7851159818410206,-0.009152511766013562,-1.2251706001682356
0.004713655383902244,0.682809097355313,-0.0017073877864003635,-0.28842115972595844
-0.009952220206432025,-1.6563321097565593,-0.0011808258299976827,-0.21953032740911288
0.005458136008026679,0.8761069057916285,-0.007583881065158865,-1.4241724453812958
0.010605088930626668,2.320713356765473,-0.00225609125988814,-0.24599871779556723
-0.0012526620184730116,-0.20878421476480255,-0.01220005628331546,-1.2875919555619515
0.00047562608449201076,0.085191585256185,-0.002314168282792961,-0.42924739787506283
0.0004963385755490156,0.07935883715305717,0.008149597081335697,1.6262376922985364
-0.0007411634705811514,-0.13782122535213973,0.004288006374582209,0.6184792505550951
-0.006066252632842344,-1.0284355269633458,0.0006802504957613057,0.09996918227374324
-0.0030730523560072625,-0.46653374863899094,0.003141006434668421,0.4288021209727814
0.002395954501914348,0.3037569318496555,-0.0036223754545198477,-0.5273987659371748
0.008458956578831233,1.2124880744422852,0.01330072784170271,3.0368694141483314
-0.00600523586788069,-1.2471269791499877,0.007092358067774089,1.2629731718635184
-0.00662115998832471,-1.1976537299540675,0.011155272945783805,1.8649089469696578
-0.00526995019603005,-0.9267943977787136,-0.004853667692987894,-0.8620318443150741
0.0010640912687639222,0.16701645136959964,-0.003439599158665526,-0.4757868429877581
0.0017319286022416038,0.25288859861290786,-0.00037188140572473274,-0.05809418639577836
-0.004734537705232088,-0.641485570971793,-0.009993347686396288,-1.5651532299776794
-0.004490413036254502,-0.8739079949310741,-0.00568575019187454,-0.7771973052056479
-0.0009395441940094297,-0.20206631118403923,-0.001914725466168444,-0.3027444886114449
-0.0009138378756567634,-0.1772547400711474,0.005207205411254098,0.8871715976647846
0.010846070496289918,1.561409208616753,-0.00400910707331215,-0.6940515928001867
-0.004403000426769139,-0.6044762946594994,0.005433595726220133,0.7744497486001863
0.002235713006117072,0.36742300509414516,0.0035326335045769617,0.7098687799708246
-0.0013603516163937207,-0.21652276842556167,-0.0024752580243174263,-0.3421481065724553
0.0018760124834031643,0.3663022750964641,0.0026992729231521376,0.4557667644556098
0.0015291256149850868,0.3032183411019445,-0.0066338518602674776,-0.9079093120281762
-0.007091799001652859,-1.1050821168383116,-0.0037888660396151307,-0.5220884045219544
-0.0004988876655305437,-0.08672234394270263,-0.009532980070887381,-1.3307471399556066
0.0014509670907498693,0.26879701954326557,0.0060612216788181765,1.054018089348333
0.007551029933033412,1.0620233581008103,0.0013385823877720936,0.22677861469328447
0.004774199003484937,0.7669883819104845,0.0049379701922707955,0.7771972160249825
-0.0020815554088058877,-0.3631121461757508,-0.009666431053638156,-1.4097737293484867
0.0009219577913330847,0.1742823492100572,-0.011024689360623672,-1.527352687184672
-0.0031705163077217803,-0.47977187494272977,0.0038776843421996607,0.49426528498532346
-0.00236400472329696,-0.4274542035331062,0.0038177342542486856,0.6232589981280832
-0.007807937748419352,-1.3828946779184352,0.009547763329945056,1.230663748357844
-0.007886450318672352,-1.0856668922452004,-0.010040309442966338,-1.5315827770829724
-0.0025747130985698174,-0.5123759012223454,-0.008296608753637233,-1.2476478352818787
0.0019309594623554763,0.28463358726825694,-0.0008929526879936659,-0.1556011719358081
-0.0010061706207064184,-0.13965855994039858,-0.0027984901727686065,-0.39512373396287886
0.002529634266855427,0.49618561793862903,0.0002594030748825022,0.04014608982833214
-5.7474429855815804e-05,-0.010284890146988959,0.000996908075413467,0.17462221162180228
0.010715688250817408,2.2252421816451595,0.01112097600845505,1.6720537778343596
0.0029623775835384185,0.7542090096859676,-0.00589105242444864,-0.9531849895552011
-0.004227220916685282,-0.7251671276486463,-0.009897817751914178,-1.3490445748514088
0.00443281250635584,0.6809696407741241,-0.0001585963273528249,-0.023535224544951015
-0.0077413567350946445,-1.3749529999630972,-0.00537298256501592,-0.8269203723234912
0.0033720896894789375,0.5076247265597517,-0.011658587551096408,-1.400803828868889
0.00749642136875641,1.3549050726739318,0.00012085210192900148,0.018274257424837268
-0.00247736254313651,-0.42618417409087406,0.0007852892925002383,0.1126853041946464
-0.002711669764744103,-0.37734952814132144,-0.009516795116691498,-1.0865544176637432
0.002701311427170365,0.5439283890822657,0.001156976696874369,0.15556865753833582
0.011457791419160148,2.1508611061747778,0.0011581056024000508,0.16644110722143932
0.010069576953979965,1.2658469252002862,0.01133231361568807,1.7308698723545417
-0.002770072436610066,-0.5426964305003664,-0.006304504678587111,-1.0267295397227738
-0.009178261968370951,-1.3219633994709303,0.0018155931917515232,0.22951859441461994
-0.006771544054076845,-1.2892453191566393,-0.00935706081489534,-1.4938632742096067
0.011083883619355731,1.4332871354799,0.0007352635429260081,0.11205933846768894
-0.00414832179289156,-0.49612311634347916,-0.00015171384856951938,-0.017970845166213365
-0.012270861474444379,-2.2479015981604844,-0.001752448005745049,-0.23257131566929595
-0.005308809419648699,-1.0007279988541828,0.0023116785172754856,0.3717632887074701
0.008792634579666501,1.7619873549202831,0.002183812555493872,0.3074334587645699
-0.00814645831871785,-1.5989362047014262,-0.013602905517819723,-2.035687013218693
0.0035700472866648457,0.5887041894338305,-0.008101631067523894,-1.1691987235612074
9.616129735602404e-05,0.017788719742246058,0.012011278517229128,1.8089423600606724
-0.003944191068099275,-0.6360798314340155,-0.011875996716367396,-1.6945262217586436
0.002368660739089563,0.46819571130843224,0.008215523985948485,1.5893032374195788
-0.00017234659700116663,-0.027825952407532085,-0.011290595017372368,-1.7052036163023083
-0.006423842801407521,-1.166811538397141,0.007021976964513593,1.0100861048200342
0.00943994928011182,1.116013199590435,0.009972432265497167,1.2784729635108263
0.007098221334972916,1.235093383464467,0.0030398138580895006,0.5115349328234531
0.00030588996194525067,0.04931316828946499,-0.011207986043861843,-1.5005923104246208
-0.0002287043980069792,-0.035780019824615504,-0.009614153707636098,-1.635051031828132
0.001019670785310275,0.13880016035835113,-0.010050478322241409,-1.9002377657077731
0.006630818293668802,1.2038093532640646,-0.003582808993874468,-0.45375277343945936
0.009277830364700696,1.3515418205065202,0.0014228553671412586,0.26891299040512956
0.003791432344241671,0.6173568033475942,-0.0007508855054152152,-0.1175458133747798
-0.00360825501325292,-0.6556746077655422,0.0006580078089316081,0.08948116654939202
-0.0022189972780671573,-0.31106444840776576,-0.004517181830666835,-0.7127288107184508
-0.0033298702325408333,-0.7338553360677698,0.01114926571721602,1.6254077564742175
0.0052582358715268385,1.010252708191318,-0.0020056698188860296,-0.24563074266552024
-0.0007743534968574063,-0.169512120661458,-0.006181903550744439,-0.973705602153224
-0.003008405231286467,-0.5088924968301429,-0.001514593710287162,-0.22018947678792164
-0.0015870408635707647,-0.32647353669449103,-0.014075909150141654,-2.112415920456197
-0.0034999388366464693,-0.6829835636618136,0.005986070750027083,0.8875734918445253
-0.0011421546770868701,-0.18841042837002248,-0.003437177281932371,-0.4611297220530568
-0.009874116566956585,-1.5884232748049592,0.0034490399147686793,0.5960486482818297
0.0001190984659448311,0.018490871652858815,-0.006605851272935559,-0.979643286517921
0.0012583655926294711,0.2722867613658608,-0.001533149964345206,-0.23378083012506756
-0.0015038168415018574,-0.3019850109891035,0.002361492832076617,0.3099277617497466
0.008566895937280512,1.1813377969072119,-0.0032651821168322363,-0.5065174165331667
-0.00041789402105934484,-0.07269449305991903,0.004620611274483263,0.834843825366545
0.006290949382842007,1.041770091372289,-0.008427004407086066,-1.2129786205367306
0.004280895673672587,0.5886926529886187,0.0009487733083534895,0.1617456542897337
0.003396023991650461,0.604841109429757,0.006673210386584922,1.193682051869341
-0.0065105050378987325,-1.0995554562942536,-0.0007437191684703929,-0.07632896374437322
-0.00013341621380925039,-0.01947333985186709,0.013328802311124524,1.7281720892826722
0.010215816455306389,1.9758698534056645,-0.004873344222853383,-0.63091805600152
0.006259702557045462,0.8169140787978986,-0.0037472470258644334,-0.5544333995383111
0.0029880603626282784,0.3899607899498906,-0.00787096039351022,-1.1340120535907783
0.01684054964775426,3.4754645566410183,-0.006354568418913135,-1.0101471181668293
0.001000185686337011,0.13739902296466394,0.003864449509945223,0.5471751896912393
0.000594115279205495,0.12289473524833192,-0.00030126939746680665,-0.0429980738996593
0.002997524513593976,0.5661857785243696,0.0010652466569962332,0.1721383907032201
0.002265965420692256,0.34314622937108774,-0.005749941714182971,-0.9324407956695695
0.003529620324340516,0.4546605176406746,0.004656185624960802,0.7122361000833405
-0.0009488089882646806,-0.1347904823018746,0.001889286229463535,0.3333150314050245
0.006832225875140665,1.1986614675309795,0.0021467074891337117,0.2921274458758713
0.005448841228750755,0.7812096184847865,-0.0006522828483309232,-0.09778312395749385
0.0039685138736386925,0.7694631592020275,-0.006584073388544078,-0.9362870729006492
-0.007998959986930865,-1.2460635167764895,-0.007825857241323963,-1.031634009398222
-0.0050223410706741675,-0.830704873442836,0.0029528352893847037,0.432839819761612
-0.0034889433818853827,-0.5227124317639534,0.0004035285487750223,0.07198565033361701
-0.012744423731860226,-1.5968632090866381,0.006674483454799382,1.0168538270608014
-0.0028479530675558614,-0.5451628941995023,0.0039603712157874615,0.6311100999080761
-0.0018331869622641938,-0.3373607381705872,0.000270372413086593,0.03845137341489082
-0.007691626576154114,-1.5338061381636576,0.003481264507614065,0.5510571448612985
-0.0003035331446682095,-0.04322755951703074,-0.009141643377017627,-1.1843633044853197
0.0005108511940587906,0.10174616656205622,0.010836018024402939,1.342092123356053
-0.00768778104233156,-1.1827057246886923,0.005250894675971564,0.9040806091376179
-0.001380803244669683,-0.2522442176887917,-0.007912031438611578,-1.1670535204275005
0.005247948850616935,0.8810770224679998,-0.0073334353107470185,-0.9163121689551607
-0.0007307080891302763,-0.13198689349845547,-0.007324468487794793,-1.096413079334304
0.002586753882811927,0.40012814229992005,0.007693607519002763,0.8766897052028555
0.0026753686616605727,0.4787668097545193,-4.6265207809856324e-05,-0.00763487466143134
-0.007939090114752708,-1.2837382012108869,-0.0035106838990226945,-0.4864887156566674
0.0007325885193646835,0.17703009165057318,0.00460088208603289,0.7606112006449623
4.1818655525801174e-05,0.00964533508975315,0.005066577648091721,0.6705514650192567
0.010619464267847326,1.665234987055461,-0.0004797544924198207,-0.08241406087680009
0.006107065777222332,0.9191685615537616,0.007719439034714205,1.1497140057174178
-0.004226467455388635,-0.8574279703153537,0.004668259626662617,0.7354331512865256
0.003893205422972654,0.5192473437587902,-0.0025914568852090547,-0.35489645338107667
0.004972943502197449,1.1742414461619366,0.008355168982328283,1.2243987390997506
0.005525456214294724,1.0550380967638338,0.0014556843315935001,0.23910693647644787
0.0028960306402441034,0.3954526162914222,-0.0031457819449034795,-0.4771055516475234
0.0014713456039505528,0.31625266527641993,0.003251200804680552,0.502745926520952
-0.012734078043138792,-1.954382276021733,2.3320913522662644e-05,0.003561681025349474
0.0037314380088905785,0.47073502282173946,0.009084385695446163,1.341375012881888
0.011266887365922781,1.5766138947849402,0.012462946488130764,1.8823049807456567
0.001436416285468761,0.24560252447649064,-0.0022268916764985793,-0.2804099292970621
-0.0009670474554896186,-0.1832175318274852,0.0006828970664512694,0.0909534394153324
6.502493261339467e-05,0.011588546886885473,0.0018478743004448175,0.30641945154537037
0.00043660999020108787,0.08265164765842255,0.002232007486116447,0.3673161733000424
-0.004790002273448937,-0.8136356023376974,0.00855583886773804,1.2224927909562782
0.00021108047522647508,0.026351546348838566,0.00019939732822892047,0.024222061234819122
0.0007092658190521366,0.10776554800145811,0.0035988814971878178,0.49472892650451383
0.0017863088810038158,0.4519245456740686,0.004573726064355294,0.6905091115975533
0.00474181564789891,0.8296594946622701,0.006276579425172335,0.9472510477216339
0.005248296333803323,0.6623968908044074,0.007657993159067943,1.4668679803568045
0.003108347826911175,0.5691178373129314,-0.0007014035525714071,-0.10853599520705573
0.003708571493701916,0.5300935608140022,-0.007354051738331561,-1.0349746305901582
0.008114803442924553,1.0721597320582534,-0.015419984752840805,-1.7389939844720343
0.0023967680835010204,0.3323865426996567,0.0035445919520249716,0.4578450470160768
0.003274559089903002,0.5633261660422909,-0.013682388840515498,-2.128207224814118
-0.00026409671435054694,-0.04115155192673403,-0.013275972318147457,-1.8928654640374654
-0.009072558755316203,-1.8434045551589413,-0.0011487688451313545,-0.1802874678066486
-0.0016536886185047378,-0.30053250512514906,0.0024056985556589645,0.4444053236192423
-0.00241234054114984,-0.49874746302256234,0.000980921405405548,0.1421764917331181
-0.0010203837347771334,-0.14873071224264045,0.004393784079076391,0.7648641516076016
-0.004221540981877438,-0.6933887736830014,-0.011977952573647983,-1.767886154438704
0.0038058215065925926,0.6766823814867403,0.009277865960471546,1.329153577133974
-0.0074302915301236415,-1.2110249319027262,-0.004260829888196534,-0.6067210109115984
-0.005280427193065755,-0.9380105702804974,-0.004919535721278917,-0.5511076570770636
0.007583912686586005,1.6763080174679983,0.0003580463393563065,0.05634646078192932
-0.0028886687696134438,-0.4227515346698218,0.0037760992080873978,0.5620438653672503
0.007195398501721386,1.5273053985901042,-0.0005294033799027317,-0.08102984567407784
-0.007066949500765401,-1.09846286465446,0.0041324363560515075,0.5613981016437263
0.0014600834553106534,0.3009489689677744,-0.0008171924149524507,-0.13553802127069875
0.001729994406776568,0.2364808691307751,0.003981591384787847,0.6129622221768479
0.0009501134040820206,0.13507965223983567,0.0036830240581060946,0.639974153285831
-0.007960285771309812,-1.3568911193868556,0.008681915506762273,1.305906556761077
0.005216670697771455,0.947235948066844,0.0036496512843084113,0.542341840295021
-0.008677361034294152,-1.718778927543909,0.010717638849680956,1.6171870033588807
0.003844331906175258,0.7243986083396655,0.0032710848692531864,0.4413206358706087
2.9890746064477206e-05,0.0049113186308384444,0.0074264710559681195,0.8915757473242947
0.0003226809014983923,0.048894038057603506,-0.0060699537758539404,-0.795535814493164
-0.011829525166769883,-2.02423798263425,-0.013734426358771559,-1.9314118601193053
-0.004236728830516005,-0.6708475417370163,-0.0003341934246807278,-0.05495336013157473
0.0008694024186886534,0.2091243707889219,-0.006646277946744019,-1.0093696001727483
-0.005347202524458795,-0.7943366458211631,0.004273228299226489,0.5106160368744609
-0.00599037707273375,-0.8542743578525799,-0.006262012689478831,-0.7553351082904709
-0.00564456220206183,-0.8627105657279929,0.00610168204430934,0.8321910181548248
-0.007340343397001715,-1.2356309322723706,-0.011492782319418884,-1.9526535336568693
-0.0009737370372133934,-0.18008472468515055,0.006974767346685307,0.9369217061405553
-0.0034442382510746364,-0.6679050354984122,-0.0008816794084352425,-0.11945862062965179
-0.004477345762973366,-0.9642713875916984,0.003922350160686972,0.4850410477619177
-0.011892075217974075,-2.1055725115316,-0.0069310526820926316,-1.181505642638599
-0.00314199232363138,-0.6594048853059516,-0.011154466097840522,-1.813736850468596
-0.006712424501836912,-1.222193159885546,0.001809203408895096,0.23433808201999243
0.005073609500304676,0.6942849601700045,-0.012874053533444228,-2.08632713625201
-0.008206344536810992,-1.2686569024721994,0.006268310536188403,1.0442528113948724
-0.006573961047800542,-1.0532235984170737,-0.004919724067542109,-0.7132462310282348
-0.007380745331811753,-1.2915730493136364,-0.00020399248562891743,-0.03178742823017484
-0.009770465377063655,-1.9939201851625883,0.007379057967457128,1.039211305537091
0.005844273188074275,1.1483709518179535,0.002217502803784151,0.3650426281315554
0.005912943313405367,1.1584666973218447,-0.0006686262025535798,-0.0901751350614334
0.008398062798068952,1.896097199410349,0.008257102986610655,1.2052381078273047
-0.006403470626426063,-1.3557061429807067,-0.0020415267055937606,-0.35252103492934667
-0.002086645390541785,-0.29940201156072893,0.005604139402573118,0.8301134309558575
0.00022605447743882803,0.04471042486224141,0.004108368296456154,0.6226276051910244
0.003160091381164269,0.4507777763820712,0.0033591185684934003,0.5050202884977194
0.0010992026447479847,0.20971128867285763,0.01783879004688155,3.0784916413119174
-0.002882269382288951,-0.4931182172461301,0.001474405094280489,0.2205075003369419
0.002429279426662524,0.49585919287743135,0.0024126573166466077,0.3664786629524422
-0.0013272914183474413,-0.2638771294660434,0.0017666316791674216,0.24674621637385158
0.003470636984515147,0.6841166679108235,0.006181423018997156,1.0530569663206142
0.003161754819530221,0.546038395389017,0.007679707226371989,1.0420560824308438
0.001576345941346533,0.25503631915419067,0.0011713323629238504,0.18111569460208912
-0.00238919712571528,-0.4011281058621023,-0.0017323542823207746,-0.2688602835899896
0.005892777515661166,1.0693903700310585,0.008947756773372733,1.2759242442472472
-0.006125134782109692,-0.8926437608218355,0.0007666288873754872,0.13132645439924662
7.98930956280717e-05,0.015439933698710476,0.006191866210750005,1.041661892799909
0.0016377775615386315,0.31129510440822683,-0.004819057543706165,-0.6611564931855407
-0.000658742304924085,-0.12378893851813574,-0.008791855715078133,-1.3355228895309197
0.0036290861096817443,0.7927007652250149,-0.011413172601458953,-1.9268643997553538
-0.01018731815924167,-1.3984112820918717,0.006857246462594771,1.2639867872189487
-0.011683422266225407,-1.5883262219072645,-0.008364560562409609,-1.3498560598959422
-0.0058511887964722755,-0.8661542748663685,-0.005738000021227712,-0.9613122179081074
-0.005314791156268925,-1.07041860162557,-0.012641890736840961,-1.8730433841355496
-0.0060799814108379166,-0.9040724301811975,0.007394525566564399,0.8563428444553073
-0.007080202224342471,-1.251793627255816,-0.004626902186873833,-0.8330894197225114
-0.013287390985940655,-2.0981928507469148,0.004961583234749673,0.7890605404044188
-0.0004056644070885647,-0.05556309958077979,-0.004438192853167446,-0.7193519165522553
-0.0011085956245894299,-0.1997256448612676,0.002005863229907534,0.3148369674777124
-0.003439488439254088,-0.5741711836846058,0.006058758500836173,0.9378088327575369
0.0018519296511141977,0.30156960253748727,0.010677383601451537,2.038159487270894
0.0003779065977055621,0.06597434394784109,0.002349753495152409,0.34403136990975297
-0.004693424444144272,-0.8406581418146433,-0.009236648321740516,-1.2556087178638449
0.006338216323816786,1.0549940869504457,-0.0009440120164684709,-0.13390604763759395
-0.0035976790209654745,-0.6517416928814309,-0.007369742376866424,-1.1298365962215995
0.006205512315638769,1.1117579672160314,-0.0019921940279958787,-0.3121203127222734
0.0020362648155128104,0.25267843593470346,-0.0014036125430803847,-0.24817575807215528
0.005452398774323332,0.7810399671357741,-0.0023267758295241747,-0.38441678142643665
-0.00647543202071579,-1.184388584532365,0.00611857473755925,0.9494673061213429
0.0009651727518749011,0.10904284659422933,-0.011749763153117748,-1.9690765509741448
0.0038374928813401693,0.6187474563051293,0.0029719376839323513,0.44407411686451653
0.0011801438751990441,0.2365667017861696,-0.00639866577464749,-0.7924183540827291
0.003165356350880062,0.4159950773745949,0.008210122485958263,1.135184585462341
0.0006512047463106813,0.13851467111913848,-0.007493264653372909,-1.1763560407331364
0.008774040572068207,1.7681733065268253,-0.0061746226093448535,-0.9662437265099761
-0.004048719672401278,-0.7661810260480758,-0.0038378170912470077,-0.5236260153616975
-0.0023994754358466113,-0.3890705120860025,-0.008177608437538312,-1.1547271687307372
-0.007697019276058221,-1.2834288005393901,-0.0013167227272318418,-0.20517239751806046
-0.004018286557713971,-0.680521665348929,0.0016002303288875875,0.23528043903811058
0.0026574788042150804,0.3519990087729241,0.0008994441272002809,0.1368854382299874
0.008170374421470122,1.2028338729558141,0.0007004147559241673,0.10250081788159762
-0.0005832873307354118,-0.10297023019600887,-0.006648764750256194,-0.9891956309304795
0.001130012490987549,0.24833256023647876,-0.00010602500133509045,-0.012465645982157608
0.004080546192260325,0.7602008831765621,-0.01620781233822216,-2.412142467151307
0.0034020262558606277,0.6281041530045589,0.0007080922639661376,0.1069921663036733
-0.0009584475975867412,-0.18613217731624976,0.007619487608147237,1.297449650974955
0.008348448063253555,1.535289140878502,-0.008576655970373742,-1.1971678568868573
-0.003657624383260197,-0.41806428216726155,-0.002254136198433108,-0.34542762841473956
0.008643307564415713,1.5743596640450435,0.006948982912565291,0.9347661455307468
0.006523975544968559,1.2009964927592882,3.114418686183621e-05,0.004678598075079906
-0.007457020456301132,-1.300505838432192,-0.000816306907601557,-0.13889716590868645
-0.003123314256650446,-0.45298616173644346,-0.0020259652319999707,-0.31046293232564376
-0.017036817953650876,-2.3016737320397396,-0.006757359648117564,-0.8781659554035509
-0.0003881511593119303,-0.0760945418310969,-0.0037961659931486317,-0.5483628065271539
-0.00759487070798993,-1.342064137621774,-0.0024206747802260464,-0.3138426224140201
-0.005458886820607296,-1.0863209963528193,0.00252745566643263,0.3774477912132473
0.0009636256694061586,0.17371213902875499,0.0038472732748647148,0.4857336044363638
-0.0011953660234114553,-0.2239009050820259,-0.007299820655268414,-1.0314976504167988
-0.005543402098679141,-0.9616777755897428,0.005378248943358893,0.8931233616162156
-0.001603038816742708,-0.260119839909211,0.004103151297861065,0.5123814228669599
-0.003443403835914044,-0.6811110024069392,-0.017292609534338456,-2.17056820155851
0.0010512433653884754,0.13729671536633367,-0.006179313229875381,-1.0514215185022193
-0.0014082280533585512,-0.24022744210500027,0.005688638612706204,0.7104114123546261
-0.003509192676441973,-0.718450614335865,0.0032932662750223335,0.5608560120042372
-0.004242873842677596,-0.7674864193996631,-0.001070223070196144,-0.16736012341059894
-0.01588524546414765,-2.193673420843397,-0.013538150399603375,-1.7677581927292556
0.002004613496441015,0.36482522826400343,0.0027694945709418935,0.4185829380697165
0.0043750633383122725,0.7771653101583846,0.0037207732629335522,0.6821389274762304
-0.011576079739015997,-1.4595430887108627,-0.0023230227870112965,-0.33528680525004273
-0.00029390446282039366,-0.04299962802051521,-1.1759167465568072e-05,-0.0016289473297946195
-0.011743036069519649,-1.5461537582742597,-0.003070120061930451,-0.4566350718787907
-0.01240739776681464,-1.9394609366690458,-0.0059391967774489515,-0.9197911065731231
-0.005896182572300899,-0.7963827973482678,-0.007373090555318177,-1.152235834953715
0.0010998268106070695,0.17252480663655045,-0.003216298017463232,-0.6115244674867826
0.014283371014204318,2.188872595588347,-0.00203512603162095,-0.31923314111066664
-0.0075176779495934095,-1.2414889483378422,0.0023227112113587906,0.42942669547932355
0.0010247484950280002,0.16161474795005382,0.0013415820425007239,0.19374764931184194
-0.001477070192468823,-0.2628166572564957,-0.014856009954789596,-2.126583257235256
-0.0038894934831481655,-0.6425352496787102,-0.008492634484307239,-1.221403668534589
0.008737572266592336,1.543603497902287,-0.0010979416557407298,-0.20186083231262744
-0.0024941333902944777,-0.39052770547240495,0.002452016117919467,0.38959618311373695
0.004288664093878794,0.6773380930990025,-0.004875496400505799,-0.8714076080959965
-0.0056193077813415345,-0.8757920077691459,-0.0030741991335674966,-0.43732979106846703
-0.004354345693796533,-0.7894374850573483,-0.005985390761508607,-0.9593624955210094
-0.003288941418358915,-0.6141885379066706,-0.002814669248879773,-0.39321406736225856
-0.003181933184680529,-0.47274918617996253,-0.0017687929595271048,-0.29909597771069335
0.008221919020636778,1.1834370111321135,-0.0004020867454224301,-0.058780559799061605
-0.00758377767104834,-1.101681438708855,-0.005615828670693697,-0.9131767871489571
0.0032095464604999686,0.702667125850867,-0.002135351820864586,-0.3864512269872521
-0.015991350461405016,-2.471696550837399,0.006110604364387661,0.9113576138754307
0.0023253067761956677,0.34492486386737015,0.002132280387303679,0.3586581702406574
0.00010131471519717939,0.01538853644467599,-0.0014691397244784782,-0.203869874748195
0.003819497528193253,0.6144813074737292,-0.001493944710836885,-0.23757326025205944
-0.00722544017695022,-1.1301527225848995,0.0109093149198719,1.5738374592789777
0.011291826226273085,1.7766834815733774,-0.012699953509688229,-2.0689321918547
-0.0014188634591375355,-0.2361852945714139,-0.008291276838544387,-1.038384633873131
-0.00212973557927629,-0.33710814648697124,-0.017022593601833565,-2.217068609878975
-0.0019199100220039427,-0.24700821601585796,-0.001446775684997206,-0.22214623399242486
-0.0009441867440457699,-0.15499525921906465,0.010100158821543467,1.6361109254466424
0.0026259067885771687,0.3913141615664892,-0.012348393626309153,-2.0508372459875344
-0.0022979909835189986,-0.3235618159707379,0.009197642632343033,1.3640393041567274
-0.0017617899015900161,-0.28893013888081537,0.008911107369456727,1.2986203123765663
-0.0005131181183107973,-0.08977231132072817,-0.013129309332670622,-1.8718306848008002
-0.007425334658491208,-1.084354898383476,0.006144760029390788,0.7512441025155991
-0.003923131974596467,-0.58008572853535,0.0011518952025595275,0.16853644662801565
-0.0014073680504203632,-0.23330233442554704,0.016472176146818902,2.47659712445342
-3.723322562869212e-05,-0.007163757918196325,-0.004708667461202148,-0.630013623091643
-0.0045673355223621055,-0.7389743972690775,-0.0045885900682342065,-0.8334973898411641
0.001225099402103139,0.2483600863148083,-0.005082594897810221,-0.6724278795027323
0.00029890478147199,0.05350321731698096,-0.008380382047362016,-1.1260933638494128
-0.0003331654981337323,-0.06776400206459358,-0.0042714554235796015,-0.5577759619677924
0.002035112745866859,0.3820185005874398,-0.0007495590845048403,-0.12496626499060014
0.007313787885322526,1.7948627533296837,0.0062172026226818096,1.087585563843157
-0.004327107272886409,-0.6477111385311201,0.002204330626852916,0.25108956010693595
0.004394594629782724,0.8957860125477042,-0.004568224394894396,-0.6933217052977623
-0.0019676792868749985,-0.27955563473591216,-0.00010423654468836869,-0.0161271715356456
-0.004287628016487012,-0.7528062148790331,-0.012545587408333985,-1.6548786230955432
-0.0018139692395610296,-0.3160002601839773,-0.005377060908727986,-0.8652871223571139
-0.005722375639468152,-0.791626917415201,0.011396664536621904,1.7743496892188746
-0.0045716104609307235,-0.5527878956486422,-0.010057137240429122,-1.5141390441282252
-0.008723134057142434,-1.4227385729525928,0.001320520484642024,0.2049414455894674
-0.006524279677228854,-1.2850102159684205,-0.0035305053606925563,-0.45781939207602773
0.0007867443513414174,0.178988281878055,-0.00626060824895457,-1.0191312961961432
-0.0073153021092893684,-1.2182385692219273,-0.016049140881608432,-2.6047509066197136
-0.0011754017912287502,-0.21037753009166774,-0.0019512430168747387,-0.35855328254869656
0.0058240699399029535,0.7936796717264181,0.0205731758991079,3.8072575333030585
-0.008071146332355382,-1.4377583906403342,0.002279584119538643,0.32636763494692056
0.014167339856472259,1.9031434749163112,-0.0037166751643507617,-0.6539278694099553
-0.011709751961668525,-2.075013978244293,-0.007439450746021772,-0.9317024838127267
0.005691520518930697,0.8491391321743084,0.0008513103567177593,0.1443728222757186
-0.003000955058980899,-0.4913022041594064,-0.0031856310084407394,-0.4876900156177589
-0.0046667712704616775,-0.9367000846593911,0.0005941541365351096,0.09927122823709052
0.006763375185761224,1.1373118766288637,0.002483922725575995,0.454325123564997
-0.011613187528353804,-1.9916283408897966,0.00019317300854908515,0.031322367022017475
-0.008807546465504995,-1.075890713814636,-0.005371083714006117,-0.8771612737564418
-0.0057105878791208105,-0.9269103769474952,-0.00013091649465379768,-0.018966825055458297
-0.0018985236622985652,-0.2607384794945642,0.008370744628353482,0.9807973453784046
-0.007246511919679295,-1.3270579997067544,0.0009976103903814222,0.1613040250907049
0.00529362887740443,0.6018631253578839,0.000428602186329081,0.07646820834111097
0.006494680975768898,1.0151701290983557,-0.0052554100191693,-0.8987099742649618
0.001493519812861974,0.2759362663232015,-0.002877751118287408,-0.5005143030589119
0.0005808383285368649,0.13431726411293063,0.001276283333910437,0.19614387022648952
0.01207129392913216,1.6940324988049091,-0.007706486829695576,-0.9174562880076595
0.006593273369438818,0.8485811947699166,-0.006296171320396098,-0.9440932291834736
-0.0006452213022252069,-0.11899289919950098,0.005757715723601354,0.7002254262114032
-0.005975042700060893,-1.2261494915432507,-0.018130243470568498,-2.8571198173280203
0.004784408187137242,0.7945598130221627,-0.0033501224557300167,-0.4248398248004522
-0.008364618435209512,-1.216816057357643,0.013136252744241492,1.9665225668967232
-0.001937297852112602,-0.3245711802417286,0.006775736104483775,0.9482895147556142
-0.001625723130157796,-0.25814456844946543,0.004108062422298267,0.5391082369573801
1.177730746091871e-05,0.0019339346407079704,-0.0005353753783813968,-0.07958292139925618
-0.0014780544137220567,-0.2755662724769961,-0.00920914545791303,-1.4569512642359201
-0.005289174053214857,-0.9137258214172677,-0.004000557455487913,-0.5089810678443242
-0.0058216289925125935,-1.0735365767541716,-0.008169131952200669,-1.1742163884525458
-0.004563233960973195,-0.9735762725876533,0.0011522712765640883,0.15928672915253136
-0.007142829005854038,-1.2814719919627053,3.349803662577015e-05,0.004330164337068697
-0.007482009903999726,-1.391846261993483,0.011027761689638049,2.267544177679957
0.0008999276713006618,0.10466910180829733,0.004181318565648816,0.7846895987237955
-0.01514766813438444,-2.308480038323436,0.004333338168038572,0.5814974954503292
-0.003327577734813756,-0.5355893586452372,-0.00046132759057244857,-0.07083712580026717
-0.008853804283558437,-1.3988223510640811,0.005886090150067883,1.0108795385873173
-0.003726819069069621,-0.6057034623671511,-0.003013412724354009,-0.5151431672706208
0.003826089697637509,0.7077402584295002,-0.004232631979633378,-0.6596163939033648
-0.00369408002016255,-0.6448234664942164,-0.014372667476824214,-2.213019438551432
-0.007382246398012321,-1.274016699587663,-0.01753983798278476,-2.741063900802735
0.0019922990815348504,0.2955382507240588,-0.002388660464498583,-0.28777792653933465
-0.002592019313559251,-0.5056812744732571,-0.0043093870097093085,-0.5772155516186572
0.0033096404304457385,0.4617867002065443,0.003760764257907471,0.6667716729007593
-0.00715870683655148,-1.0316972191191252,-0.01058080702496881,-1.533125124228423
0.002603513692596745,0.6307049011722927,0.0020685561092738318,0.36472656183293245
-0.007480607539085551,-1.3487322376343727,-0.009883113943531988,-1.532434614875565
-0.002192995426668342,-0.4922085115847388,-0.004443352534760488,-0.7125552401991515
0.006356446354940051,0.9829359823025227,-0.008662447695032494,-1.3856227871653974
0.0009052738449604867,0.12184237741569356,-0.0031174037982358055,-0.551680273913751
-0.002278162765763319,-0.4183147012049895,0.005287698912624291,0.7297623996231014
0.007109397631390699,1.4625425265343783,-0.0058350927808187205,-1.010218747092025
-0.005267011090006493,-0.9342938934101531,-0.013279743553311046,-1.6767462458062927
0.0003391905001309221,0.06281913726475233,0.0036322439476105467,0.5573275465522294
-0.0010573201346679197,-0.17040558488392174,-0.0016167411541607277,-0.22829191460749498
-0.005261646632134356,-0.8571495244492298,0.002039082230439377,0.33068964887690494
0.005522840498448133,0.7249262510769504,-0.004411509365235931,-0.6909624101961827
-0.0020029401022863473,-0.33561605908258735,-0.005209103425188796,-0.7791774066165748
-0.00548056202224283,-0.7622683587059262,-0.006927059887625361,-1.0332293304518456
-0.002648898448961857,-0.5185359668831389,-0.012476285549713351,-1.686080014156338
-0.0041500976779612255,-0.864221363018326,-0.003913781433766616,-0.5563027956686983
0.002086639433202196,0.36983446547961724,0.011767720908519085,1.6409313092928437
0.0014551774447767723,0.2810261138769598,0.001624736421782277,0.2656983689020898
0.0032803746121366738,0.37902383444870874,-0.010357467943228234,-1.5536127585093542
-0.006859920273857404,-1.054780240639239,0.013796288873932205,1.8309771576254794
0.0016512513451485294,0.31140759862741807,-0.004521704409498919,-0.7521057153003377
-0.002293030238507828,-0.36322355875060747,0.010755362203235318,1.4276880571066586
0.008978936616504278,1.1983159551790905,0.010607809736734416,1.5059822697669987
-0.001804253501699618,-0.2955913328175649,-0.0019278039021573274,-0.2605329565260991
0.0006344507309852965,0.09615316211770769,-0.011378026144906257,-1.2956675685166736
-0.0015918245578703837,-0.2159233834913328,-0.0015969694530194225,-0.3176178612040364
0.004730799446435628,0.9230770879792389,0.01228421724591647,1.9583046816469751
0.007991640521900604,1.2537537234457627,0.001886173644521964,0.30139763994770424
-0.007927591428579565,-1.0034721621901146,-0.007285757066527699,-1.1051797940465318
-0.002895365017700915,-0.489417737437856,-0.0019905036333792174,-0.3322031295016826
-0.004524101913089164,-0.8914435713642103,-0.0023179988970856765,-0.3474939060856155
-0.0028131561222660487,-0.42898907608695097,0.0093847498214838,1.5495555962994807
-0.0061490359037915145,-1.317124608845532,-0.004670772341840637,-0.8014985566563262
0.005682391289922796,0.7750585388291245,-0.0025339071758677355,-0.40418095573418034
0.009376758535258772,1.2198246770468681,0.001984849892626701,0.28539275873545317
-0.008437730764877943,-1.3828922857420982,0.0006276426667555825,0.09428052335563986
0.005383656111151376,0.7996977042108573,-0.0020688823120266105,-0.3923500717230414
0.0012794808888779987,0.22160536756890017,-0.004236357839070826,-0.5794973552325999
0.0008428056701381694,0.11532520925789266,-0.010172142725916463,-1.3569646414254841
0.006024578881736362,1.0753281075152974,-0.014130932502678425,-1.7557659845816072
-0.008976817011172906,-1.4815118881972609,0.002647351578918919,0.31142906789273367
0.0028212927700263834,0.4395364699502394,-0.008540846248905675,-1.1292849340963933
-0.0024869206242829544,-0.4266035244466969,0.015112082895083638,2.2868112752096077
-0.0057750987226903115,-1.1115338696178951,0.0013996271383692833,0.20825675751193415
-0.003001354434696205,-0.5452243443703058,-0.0022049019039784242,-0.31241443394069834
-0.0053422598682676984,-0.8064887385379151,0.003890246781994322,0.5944263570127941
-0.0017226013198431858,-0.29589150070332015,-0.0031629453251732706,-0.49535836172463854
-0.003878912643875676,-0.7069443737834321,-0.0022498741586318887,-0.3750856254467579
-0.011690491223187766,-2.1201872304598868,0.0184851834201049,2.624253196830979
-0.004716577476582592,-0.7744255219748009,-0.0093529086425212,-1.290540356571829
-0.0024198057676685057,-0.3600785713533897,-0.002804432295824212,-0.4142473126821712
-0.015910541033559756,-2.4991618733409764,-0.0028780966352278947,-0.35823815218186145
0.003156376016599244,0.4099159067719694,0.002088616657298245,0.32153108854266366
-0.0017864425374815333,-0.2719752093660404,0.0026597237281257326,0.38314439153839236
-0.002426301234329799,-0.4147424747702757,-0.00308246042564017,-0.4793220819543718
0.0031309528250723856,0.5857456930813048,0.011527266038770977,1.987671840551572
-0.0036162029826117097,-0.809028690997627,-0.015869579522647212,-2.3579266323788595
0.007098888533285712,0.9898266585998076,0.0007473707327782012,0.09949718765408344
-0.0030337683985156086,-0.4628190538147033,0.005170901253595353,0.7809559473645694
-0.004373520816748238,-0.7587924012158695,0.0028211264123449036,0.3264514942276059
-0.0008468238171081646,-0.1152138808124588,-0.009691225866091186,-1.4205358863687767
-0.0018585936867237033,-0.2764559016906603,0.005236215082357884,0.8070829075823919
-0.0020290909567404285,-0.3765782887598267,-0.007368421170238114,-0.977323294874612
-0.0006785038538453608,-0.11899109582170318,-0.012291590429790201,-1.5446684679570957
0.0006315604062524983,0.10138533264778911,0.002339271053912106,0.35543594067265105
-0.001945044621313846,-0.24736951157721776,-0.003575311173064785,-0.605782547904506
-0.002920804624508631,-0.459896964380307,0.0012717916093297195,0.18585589739729672
0.004390011647399861,0.776368719113695,-0.004220632042002391,-0.6736063629285346
-0.0013548769546973588,-0.2183617423923375,0.006447258314148675,1.0419794667598161
0.007108748673839623,1.4106495985275447,0.005553683380424094,0.8902170320993444
0.010932939184129126,2.2807821929732053,-0.0019974808149792692,-0.2226616454321589
-0.011771484757557626,-1.817757555692433,-0.0017395104282467736,-0.2595155539991236
0.0016388578722511475,0.21398431098469184,-0.0032336775340208934,-0.4523495721251083
0.0027158149846632056,0.47263447650977053,0.002810230284103704,0.4444556765688808
-0.013541301411154788,-2.1199510579613827,-0.00039405107499132616,-0.06795652550258723
-0.004867532064412256,-0.9367153162079319,-0.0065381637294429015,-0.9331415587778754
-0.016048627148705183,-2.032393576992037,0.00705798171601822,1.0286772522391596
0.009555362950248121,1.3859727905186083,0.0032341794151047975,0.4629018518414639
-0.011500927697432961,-1.3406175395800128,0.0024173282487576385,0.4175815910483398
-0.010815166891346848,-1.689480699638453,-0.009735779060058462,-1.4444221558594452
-0.004670072409837552,-0.9465808083247322,0.0024511441612364636,0.48706987122176354
-0.003961055127734584,-0.6350176215570236,0.0009251263157668202,0.18319499159520397
-0.006301770431740562,-1.0978538381380454,0.0017856678566363915,0.280221674591599
-0.0007823571666470435,-0.12616820884898103,-0.004064068110775073,-0.5889213350505001
-0.006281872595859168,-1.1075216231679044,0.008553692061544292,1.3354234041713589
-0.0073573919499942105,-1.1279934960144538,0.0022040550202058894,0.37249696767522633
-0.000522673507973169,-0.07073735785871615,-0.005805275581487472,-1.110577158960289
-0.003305098190231168,-0.4961509155143136,-0.011156349585342912,-2.0270003887527546
-0.0018228238669073002,-0.29379119099861967,0.0055934608411387695,0.925850417746174
-0.00022097621906134546,-0.03846330740987988,0.005376928297381602,1.0330586086844615
-0.0012960174541182558,-0.24207863220830733,0.002939795593399591,0.3411971046903699
0.003979974924384527,0.9068715302855513,-0.006553103501836027,-0.8778642580460251
-0.0007480277318267756,-0.12951007500746756,-0.01124926036141702,-1.4619754953355988
-0.008358636562505253,-1.3005036514815542,0.001690491044405607,0.26677701951118393
-0.007984397636411856,-1.140795262132299,0.004833486473900718,0.5166063284053681
0.00031072248757762946,0.06323655779445898,-0.007609852406837828,-1.0287216114934319
0.003654142302577607,0.8670819138157496,-0.003640275523820049,-0.5079795370141732
-0.005952141302425577,-1.045878510527236,0.0037188986443923615,0.6123981426225383
0.002883743296136801,0.5000219772385379,0.002292694324069669,0.3221740053382908
-0.002176876943890902,-0.4074163582912717,0.01144846641178858,1.8355280608015925
0.003808007121370943,0.5025043722267416,0.011975077078510463,1.3604413747354773
0.0011741372697289555,0.23581881071194682,-0.009482110256178775,-1.2610793385140064
-0.008979617787329898,-1.488087516221311,0.006616698496658819,0.956969410608534
0.010909054743479855,1.4877644886710097,0.006194127661841641,0.8545714522489382
-0.008619148328845975,-1.5957120998715066,-0.000759155491313632,-0.10946635148957778
-0.00046395208182504707,-0.08418880538074636,0.005325858374299464,0.7765461406731637
-0.0011935221850037808,-0.17625057080803702,0.0064337948219353285,1.2320409206244811
-0.006572038968929642,-1.3273274800921262,-0.0038570902880858743,-0.6754748628766093
0.005383736104124046,0.8582432540684019,-0.00463024046499267,-0.8374694955348937
0.018497850499256452,3.240646803262855,-0.015637699263032257,-2.1551946558702952
0.005343746611447642,0.9322356999248445,-0.005510465030325328,-0.8996990591737936
0.001436938901735383,0.25814788558334456,-0.0061313621270675245,-0.6746450176215024
0.007094098233416251,0.9699747046357715,-0.012581781943563516,-1.9824677399533435
-0.00957514398911727,-1.6664304881718972,0.001476812758840054,0.16715509776169468
0.000636324641730813,0.09808925887809121,-0.0011650296285646493,-0.1749230957232335
-0.0028434743446545856,-0.598662255840298,-0.0031926020474861237,-0.41751473557853297
0.003502727891841903,0.6343291376712807,-0.007314315006417275,-1.1425571390729894
0.0006745032752082864,0.10956810981418307,0.009193674807786547,1.6745620226908742
-0.0036861891283450727,-0.5573616495910537,0.0013340077810461933,0.185761675740837
0.002460359309262407,0.5011576990043812,-0.0001025750244479678,-0.013909471119091268
0.007678229933537487,1.1795080421043551,-0.015951277585038295,-2.2964674875708186
-0.0008654556686362577,-0.15435474878433447,-0.006642293232226983,-1.1661067541008823
-0.010763287699812664,-2.448251932867232,-0.008783391568737305,-1.3030196048304952
-0.00478548371493612,-0.6247251896385719,0.001761920728063647,0.25730041376731316
-0.003227145743851258,-0.48429203218259054,-0.004416888929334094,-0.7164383968233924
-0.01029230321231834,-1.5091741048753768,-0.003158657349070973,-0.46958528504019525
0.007462562522513816,1.0954934979934563,0.006526879918616954,0.9013038237603336
-0.004160453154263537,-0.6863444930179742,-0.0004794737290294495,-0.07326573486079961
0.010481291038774557,1.3623371005551321,0.002924604959720458,0.40885669021874543
-0.010938796287260326,-1.9898550363392382,-0.016868582132613438,-2.8172937097208193
0.00815859526923796,1.4516657544333589,0.0011162252107628841,0.17614735033285708
-0.004170375029245239,-0.523318486930051,0.010760720486953328,1.477390290663066
-0.0047387391720906565,-0.7594287318011488,-0.0023967252827017515,-0.35181256861160237
-0.0018854735110926876,-0.3052517283747506,-0.00021890546864558429,-0.032742947104634046
0.00638248403983822,0.9588971462688264,-0.00031071309368158723,-0.0441690444858959
-0.0029314251831683946,-0.4897466745880246,-0.003271191853679758,-0.5003929610766885
-0.004277642905465276,-0.8731872100381536,-0.0009090802528447424,-0.13959412172712002
0.003473189554276718,0.4150660621531966,-7.1899042634843515e-06,-0.0011056142373920557
-0.006939426733608939,-1.1486748359531551,0.006948421862338709,0.9548857580301134
-0.0023795148583006364,-0.3519311474084022,-0.007445565591646276,-1.099712103292589
-0.0007068198342455787,-0.160116475812794,-0.010971977973013965,-1.3661334466914077
0.005830984390774595,0.797991631761887,0.003491127447983992,0.5778139845496824
-0.0024459091254979623,-0.43794200691116797,-8.487214797006415e-05,-0.0128590191160052
0.007813412757901265,1.5644707568818421,0.003271460640402057,0.4694953150190491
-0.007274415533042998,-1.4496598038616497,0.000829461362942573,0.11472059715729369
-0.014324393532240368,-2.2075292681439507,0.005146773853974194,0.7527723683802965
-0.004976982340453351,-0.7944864819424097,0.00180322343979107,0.2460500860852073
-7.583946118680713e-06,-0.0008827258637645037,0.00010940059618297034,0.01621381538163857
-0.010305805848979914,-1.2376166010401615,0.003008986145471326,0.5258081915520767
-0.004051664462605416,-0.6854461945283362,0.00953980536592397,1.299883988834916
-0.002664844150728007,-0.38026349174720864,-0.001325621726296541,-0.19265222530646137
-0.001668501405066144,-0.328366638432376,0.010781019349668571,1.3221797988220165
0.003248604797537943,0.570697136498111,-0.011842396961103941,-1.7524691357943447
0.004171404573493936,0.6515435529583594,0.0009697094577116765,0.12150405946648404
-0.001142845765560639,-0.16507107328269713,-0.005772242025185247,-0.9348529213863713
0.004289238604544943,0.8229479009347412,0.005217676945445837,0.752942605882854
-0.004729860581508284,-0.9165656584349042,-0.012988692031888427,-1.8714673955923358
-0.005184754106385527,-0.761700636531874,0.005105646427714767,0.8175142616813863
-0.00016168541795585884,-0.03585198810921107,0.01019909850081772,1.5213428328214804
0.00363834926670701,0.672102884950232,-0.00982750870041129,-1.6436096859749103
0.0012401875420776265,0.19069397562730206,-0.005745605574537177,-0.751934818551116
-0.008399827245470877,-1.6919365194002767,-3.3360104786050326e-05,-0.005822280441221697
0.0021189038763194472,0.44272359059485683,0.008435908933772768,1.7335585989154363
-0.002387064445447216,-0.409866289492787,0.00035214521860310594,0.04110185104974748
-0.006933614179201741,-1.223148978781675,-0.005143231461505099,-0.723903793251511
-0.013595476942715456,-2.15864350421465,0.012246361384078266,1.5846988452454478
-0.0038508084856973186,-0.634965919973164,-0.002596272239821713,-0.3981476489127073
0.004486548310020671,0.7216628805360986,-0.00019145272686096974,-0.029899772310553314
-0.006303503007615535,-1.075693266663082,-0.002918655543159802,-0.4354646770420011
-0.010901679583903846,-1.7196655881160967,0.0037678770878677714,0.5177454912590902
-0.004547490290113013,-0.757309432561345,0.012653121645301219,1.614422946356382
-0.005804195101250244,-0.8513226079822274,0.006788134978700234,0.9514525665158703
-0.010284634801702473,-1.6942521052185973,0.001993727078714632,0.3273538676225492
0.00029007584190644613,0.0477343313481023,-0.006843930930764791,-1.2089287174847467
-0.0014969525995356934,-0.2513477754948454,-0.0003671193027641484,-0.06339051271929211
0.008557776457289506,1.2618692720655795,-4.210064462638769e-05,-0.006272784827874452
-0.009345945929657545,-1.2894046068466278,0.012335672114942851,1.5905277743090618
0.005969462338109708,0.9707502627614584,-0.0015593099529079527,-0.18694369066631947
-0.006740425797249006,-1.135236139937787,-0.005926965702089399,-0.6910851846066631
0.007403685173211591,1.3151267399246547,0.00024092277667735,0.038511962156902606
0.0012118949434957063,0.17002074894694252,-0.017391869614369948,-2.6230172580362745
0.003386178952071223,0.4397948584216032,0.010036485974406614,1.5320569936067636
-0.001203852998804077,-0.2015956256349227,0.00667241650473776,0.9111782824639554
-0.0025020470387810386,-0.39124456217656317,-0.010785921226564634,-1.6698141913172524
0.008347493673913174,1.1164263319641392,-0.011774666726257396,-1.9502091231657475
-0.012095589646996816,-1.939839726609597,9.935272003368352e-05,0.013955406095539807
-0.004625585505922885,-0.843871106112138,-0.012893895271422783,-1.5556085662688002
-0.006082140428876025,-1.0066150599643222,-0.009785206831653875,-1.4145299223430354
-0.002612070462028967,-0.438200238301438,0.006376097887745714,0.8789239405431231
-0.009781376305852732,-1.6660770391485913,-0.002240239975824407,-0.33235867059296376
0.0050070964921410084,1.0335723853549308,0.001166840694160583,0.1843791587185313
-0.002634985524680842,-0.407059412996642,-0.0023698524000823826,-0.33961916987531265
0.0035806801546599985,0.6022796748168262,-0.014420453810796055,-2.1243620107761187
-0.0032791875329901844,-0.4086887216332481,0.01030196439202199,1.4335619181769055
-0.006815077904908659,-0.921619944541034,0.0005283875679643937,0.06067632192376779
0.005594107203777895,0.6374674083607246,-0.01265068868056425,-1.646033388766832
0.0025422368870034835,0.5404939612109997,0.00218605050198486,0.33783271662041436
-0.010717220176159257,-1.6868002918620773,0.008667878825280948,1.32545630058059
0.006806413039252815,1.2487959938171065,0.006474041664225142,1.1887216424616258
-0.007355174777268655,-1.4061556076629584,-0.009669631618482983,-1.6998563738971437
0.0009724463589950036,0.16324866028820684,-0.005844206672424867,-0.8469599430041568
0.0025273723804143285,0.3950419978126116,0.0023614644713267144,0.31950888486085915
0.009292180310059586,1.4327976478425937,0.006597047539420182,0.945465154044807
-0.0042289962497859945,-0.6371480800103724,-0.00042503262067824165,-0.05752930096133582
0.004133005119369426,0.7684189028456752,-0.0013128049319014652,-0.15580835474321467
0.0002189266688254495,0.03789750359085117,0.0019827586384373814,0.24228876507112432
0.0014765673507051123,0.2126926088334738,-0.010368370098464925,-1.3622455288366795
-0.002975374785868223,-0.5496607750097923,0.004494615993171306,0.8640354044910283
0.0009680731126571849,0.12831857490346052,0.00812006031676305,1.09035873397034
-0.0009844246293566512,-0.158640024887266,0.006346091475087581,1.4288047617172657
-0.007666047748388447,-1.1240888943270972,0.008708879045860823,1.0574970964389279
-0.0011307707723816037,-0.1997744514824282,-0.007544062498354659,-1.2660639199600234
0.0027987793776600095,0.5421171186536012,-0.0034802161485930423,-0.46295957547603633
0.008159076980533905,1.0959638837350176,-0.0077119596339916795,-1.2402737229100302
0.004725760691856101,0.59877196500078,0.0005263968921811649,0.08104081684723931
-0.006612253096353377,-0.9391760792909283,-0.016740680165431322,-2.5100548518474515
-0.0041100551373907165,-0.7252867253412304,0.0019131942410951517,0.26090156758670824
-0.003950389264026186,-0.6632141364324597,-0.0034463235684649525,-0.4835801849071883
0.005752561292885501,0.8707254986981079,-0.00015618481819336304,-0.023634950623051553
-0.003237754495339501,-0.7694641803155122,-0.006373856510105256,-0.8632750001526305
-0.010242226777392853,-1.460465311904631,0.004724082897311168,0.856307204576505
0.0011959913048817292,0.19614405822238645,0.0033439361065422364,0.37499363980927786
0.003771061982835981,0.8376333091761669,0.0017173385995777608,0.26812233516576506
0.0015479145318458062,0.20652511106753488,-0.003587815761187778,-0.34351598680063233
-0.0118981708563148,-2.139594106134427,-0.004631542699632306,-0.6201733456070826
0.0014364098384146034,0.15186885318810106,0.004024361644403434,0.6883131506860026
0.0022920560997290325,0.3778612497861729,0.004401162014348605,0.6273702626644326
-0.010489531036368962,-1.6554362228018065,0.00179094917447546,0.3235882881056801
-0.005752831413363691,-0.9371794402419541,-0.007600832296935055,-1.4078487518763532
0.004246518966424439,0.7075657335608239,0.00472918158897075,0.7196826234851927
-0.003098218850194779,-0.5225432275882524,-0.000616639005842031,-0.0952267423803994
0.0064272711864458015,1.0408216270048418,0.0008553065329313129,0.14484692396212076
0.002445343630439069,0.4177525320669785,0.0034227249458973347,0.5831819799984547
0.005107573541165767,0.9584680058246767,-0.0025418698240742615,-0.45812822805613934
0.0006842771164201039,0.15956885190800227,-0.002250133202829769,-0.34252143420671183
-0.008848603693420765,-1.502827435357151,-0.01071277468646958,-1.6925975762323144
0.0014339824158847235,0.21071445626857893,-0.004455178423607371,-0.531745526933457
0.0037543435802483,0.6391331854376637,-0.007157279996087582,-0.8828968548519004
0.004751998424417482,1.1078404906467758,0.0004916323642043083,0.09011748268285306
-0.0032739218943664368,-0.45942732438308365,0.0032648430411104934,0.44292842458648013
0.004405646589743317,0.8080928462045214,-0.008812065152558262,-1.0649390697218208
-0.0008889313345192992,-0.1430951268038044,0.001731186706094797,0.34647169799404687
0.0002580282729986292,0.047012826202386816,0.0053277491097304345,0.7701908006609687
0.005152868730224072,1.1465500582832973,-0.008249640928136102,-1.301397372433513
-0.0007375496916605127,-0.11083630631327769,0.009373003745028918,1.19810779084533
0.002173117184769476,0.3123631258746572,-0.003442447141292148,-0.5317078254500935
-0.005386626305338352,-0.8554745376623253,0.0064182191066272515,0.9452453719684224
0.0017673086243063896,0.37282579160442253,-0.002165350809005973,-0.3594549902861241
-0.0022837021181408503,-0.31943338802309545,-0.008156602246833422,-1.3514436124287452
-0.006355109904415384,-1.3488343937313227,0.00644670512404711,1.0523278139624879
3.9803993410722645e-05,0.007565930572437008,0.007324045354160815,1.2252025210475213
0.0038776207651072315,0.792706798429072,-0.007058711350219913,-1.0130198777472519
-0.0016798396146363126,-0.22691085572301106,0.0042205671215622,0.6472943037438036
-0.005052901694105292,-0.6505932243988994,0.0016421077312149717,0.19413334094412862
-0.013814560234306026,-2.574354384411395,-0.004380465313633362,-0.6116318262295309
0.0013739379350906488,0.24251352159550219,0.011206185636594392,1.968641957141666
0.00875564755211676,1.5356376625323411,-0.0005529825201550762,-0.1047978398618765
-0.0035223017118851084,-0.6176477198052633,0.0009950067100960407,0.13702874851117045
0.006637769220144984,1.4006454091465208,0.0016775221683717819,0.2288143356254943
0.002541759132527098,0.3576717350995024,-0.0022617119577354947,-0.36194642976844266
0.004950909354569317,1.140601066672924,0.004469893945239657,0.6928487893817392
0.008802654852571538,1.6786014481904905,0.007480962943276237,1.1458814778135793
-0.002588620675097991,-0.4827660149252881,-0.007602863521798396,-1.1581835055921763
0.003916908662308087,0.6001430929928364,0.0017447007777598377,0.26984072659021785
0.008974176094838308,1.5984254604383337,0.0003083502739842652,0.04878143191498219
-0.004521716133531333,-0.8706389545785016,-0.003977673441484896,-0.6625062821622434
-0.004394937454395497,-0.6005438893494787,-0.0026800731455690497,-0.4239749449696067
0.0052406220234517634,0.5249602693439571,0.0010358325765476857,0.15045762779912233
-0.013738933256515942,-1.9217167871748937,-0.020828887171156746,-3.338862980157244
-0.0065745416033433784,-1.2965661749339323,-0.0038130014602067407,-0.5144846857451825
0.006324112219251674,0.890514816992315,-0.004532010106587434,-0.7993386552673549
-0.011124091579903954,-1.7979771673900453,-0.005798742396475725,-0.7610382950071103
-0.0122897091589786,-2.2323448994857706,-0.006230526461742249,-0.8056887842953318
0.018367485020503806,2.7729194003744904,-0.0015337587162795063,-0.186856435630273
-0.0035921984715867367,-0.7227602985712118,-0.0017256321829692827,-0.28061338372684896
0.002486563247201187,0.5324988694291316,-0.003005770230835883,-0.44962252161372174
-0.008034420574528406,-1.6504509039873396,0.005838468006669982,0.9885201763908319
0.008452813965173613,1.209989220730263,0.005036175939591994,0.714133091716426
0.0012827773608178228,0.2498222326283266,-0.004093180086606522,-0.6006343731215774
0.0091100757528468,1.487403361210968,0.00778317618172284,1.236145979117826
0.008995933764850885,1.4435163386472019,0.002670536802308973,0.43935060864428593
0.0021586080507424005,0.30449020441932173,-0.006076335929258222,-0.8216682025546619
0.012096634447237225,1.8785273130621059,0.006897995550361956,0.8915052322225047
-0.007849453595731744,-1.2751802748461274,0.005257997377209649,0.6541195282721213
3.0902416159727145e-05,0.0033145855369679793,0.0106008822729247,1.5176149635587093
-0.005403120812244899,-0.846212957383265,0.00019328745300111177,0.031113309660813857
-0.004321435349543016,-0.8932831423922554,0.006969761318449211,0.8015374779181713
-0.006236060234467201,-1.1433654282506323,0.001319843292728428,0.1914324092292439
-0.0009426807310806006,-0.17874303406630254,-0.003513332978640964,-0.5011009423639448
0.0006433610693347607,0.10770298911880585,-0.0030113829821944403,-0.4181054137526717
-0.0010932588691959589,-0.17827590447560468,0.0007659595602450963,0.1299399813391475
-0.0014676707767336717,-0.20018128803656263,-0.0033571277265889944,-0.5429940871703635
0.0048857265699581405,0.9090846221696892,-0.016274149092864367,-2.089656083683356
-0.004995812537689489,-0.873641153685618,0.0018570344521039311,0.3046392935357523
8.09772906327107e-05,0.011603199382291839,0.001913827469585317,0.3312678908120661
-0.0016232653504078744,-0.26966590157395487,-0.0060128424190887125,-0.8207408728066166
-0.00044847255501315354,-0.07711546221301743,-0.0008855259237489416,-0.13625103671955402
0.006139488597576941,0.9416110136433796,-0.0064739030300731085,-1.0962450986569714
-0.0063848675572260385,-1.0217280949234222,0.001989774686842449,0.2927968135830096
-0.004408617460255823,-0.6307445229182126,-0.002837693145291677,-0.4683730745129001
0.006610665691496336,1.0721337886825342,0.007224540339621626,1.2901519168613635
0.009528924220206026,2.1055097431504617,-0.006713364013654645,-1.0969802354624596
0.009505651338973506,1.604545339174746,0.003252846788962719,0.524588172256507
-0.002887664342478863,-0.4240983183571804,0.003845408605242918,0.5279566261449172
-0.003132901149958431,-0.47519099751722965,-0.003658943420162582,-0.6053582514985613
0.005026083801664957,0.9237544435525495,-0.005736535789507141,-0.7304457015747596
-0.002931971052406707,-0.47740786274978664,-0.016934264302831827,-2.7451790663998974
-0.004250674272943812,-0.728267861130186,-0.004147509779879956,-0.6279780222399907
-0.006038465919010746,-0.9691542800112777,0.010911519736667971,2.022772377430549
-0.002334837824981207,-0.46418087891269855,0.009907690572710865,1.6073962922652454
2.8507775742682164e-05,0.005658162666646284,-0.006153216297137037,-0.952083616536561
-0.0020836074460493376,-0.3166846121471919,-0.0019654051997365076,-0.26260553257089003
0.002421971272017907,0.48523446609261034,-0.00295371729894835,-0.5031396701041491
-0.0003786674174978698,-0.0705197089559566,-0.013434588888313562,-1.7821673015599657
0.0017783623572659403,0.2486756815493395,0.002633584099433998,0.3373083695787473
-0.0029792405121218243,-0.5600571320919591,0.005752390053340451,0.8135721697918817
0.0009365973125659522,0.1958293577609342,0.004551742666776278,0.6006828903403862
0.0016100789838592725,0.31091764503866987,-0.005915401098929268,-0.8922272222609666
0.005014334200500517,0.8699223136986716,0.0044779951036148895,0.7028952368186032
-0.007899367911036894,-1.0493949208581428,-0.0017678716636394813,-0.25765175460516077
0.0004937040324885409,0.093048184923634,-0.014331648793436229,-2.4700482505726944
-0.0018840980241870958,-0.3388519047954654,-0.0071620183848534556,-0.9677186561554311
-0.012768125802916207,-1.8504825869941077,-0.009812996240088342,-1.586587906064039
0.0009303147116763794,0.12222813798559232,0.009578554642394328,1.4403917968877535
-0.0026666649112177237,-0.42355083992776743,-0.0010313318985349436,-0.16470815384817458
-0.007102964982484898,-1.2576793061616287,0.0031507085125525667,0.3856646255296425
0.006418678248868176,1.124109401051596,-1.581543347726214e-05,-0.002239347974069971
0.0021945833579051855,0.3412517816479705,-0.010965061459950924,-1.7639290952795508
0.0005132751329871422,0.07633135740735451,0.0014085410210294238,0.22933815414062353
-0.002034343214775557,-0.34652257232274075,-0.004936562541740356,-0.6153392340192996
-0.009362642491952683,-1.452563180724151,-0.006662906072658414,-1.171638525301082
-0.0021416175272674217,-0.3314174815245355,0.0052262272496792946,0.7956013438674893
0.007766517284427937,1.0696086169016585,-0.00838665184955057,-1.4050353810571607
0.007139065779460389,1.2171518378370771,-0.0038381933685222034,-0.622107292756589
-0.0063988032247363075,-1.0010035792211347,-0.0038895720899010076,-0.7158809293846299
-0.0023238335829916584,-0.34484637628353737,0.00306481375602972,0.39650415714955395
-0.0009698223876299051,-0.22724957833667447,0.004869703314792657,0.7241092604147455
0.00754279120565195,1.4002424366706476,-0.0008086485711740262,-0.09307910185082861
-0.0023029697632300974,-0.457894182802447,0.0010596465538683895,0.15887660044771296
0.007233825111805802,1.2795167865585064,0.004095875249270506,0.7376384309602401
0.002834754997151567,0.46430736342982193,0.00801790412588695,1.2967384049365178
0.003944595964075926,0.6114000778986622,-0.004298921824266435,-0.790661224096919
0.0024891756500773463,0.37009822352368615,-0.007172587746510943,-1.2405562532048233
0.0022695363258989597,0.3713454937688641,-0.001101574787044599,-0.18901350066458864
-0.004958416113595954,-0.7031271821818816,-0.001398997967489022,-0.20251676547846564
-0.007761159821613885,-1.2043016860720226,0.0005393741748123152,0.06741382385822837
-0.009502805520606838,-1.6692503107545111,-0.013612121154427063,-1.9307413713881727
0.0013834507305871995,0.34222012825428394,0.008155138783149787,1.1810422645584437
-0.003273815320303894,-0.4830597193011821,0.014035536914187416,2.1434503696526623
-0.0007127701729630695,-0.11301835768792204,0.0005061431752898619,0.07596823931126896
-0.004400231941053015,-0.7489397318318405,-0.012461169218907539,-1.862448715109065
0.000389099254029028,0.07565359477883148,0.007302081916273741,1.0341574617766078
-0.001834158282666528,-0.28888314898942435,0.006632699790521154,1.0796771831658385
-0.0028010440397112594,-0.5188289700040876,0.002688928912085652,0.5807833993592953
-0.0020481776756842035,-0.3667872180244294,-0.0013406629753808692,-0.1919022620133362
-0.005693441715824733,-0.7704760747302397,0.007802993269375837,1.3049929899280126
0.0025112172010999965,0.664790571565045,0.003698857422228654,0.6002389897448807
-0.0025227955196071494,-0.41897939208222135,0.007293853280223991,1.1548529651397292
0.00938416566915142,1.3353912759865267,-0.006773309941744155,-0.8523081743876129
0.000467270944487918,0.10718546412362641,-0.0025700660531967554,-0.36064769925497486
0.003937755368765946,0.6617193158628205,0.006895062196975378,0.9225383925514127
-0.004683637244863379,-0.8025693963771617,-0.0002206310921928689,-0.038361267919762874
-0.004267402053016986,-0.4772762880556534,0.00431496900519648,0.6675875914884001
-0.00014859962926793427,-0.034615814879077854,-0.002706667467417146,-0.5048711885550158
0.006262705955860934,1.1912717844099052,-0.0064297299836529,-0.915264835839371
-0.0063721181963411495,-0.9339022922933848,-0.00399958492340064,-0.5840078004036799
-0.0007599520005368476,-0.09114923366747396,0.007191153544812742,1.0274900816217896
0.001293651759496604,0.2372910243035145,0.007526727096787737,1.184406130149497
-0.0043415288658447074,-0.8836061943646305,-0.000876852746140556,-0.10700156271428864
-0.0006724746878664585,-0.14300427703586938,-0.015028926433354479,-1.8712295361779403
-0.001856228253579055,-0.3199048463824604,-0.008347542773842528,-1.1602245940310236
-0.009516132546101959,-1.7143164202572176,0.0012038778936851635,0.14544593337815656
0.004349039920347438,0.5384276624261972,0.005035571720539209,0.8319843032279889
4.785369646640358e-05,0.010300966685657685,0.004171741568129917,0.7151303499793267
-0.0009002994218512772,-0.17522327962720133,-0.00645920692930495,-0.9210887344245321
0.0036711521914378426,0.5630135094063842,-0.0008306961161714977,-0.12558665901114244
-0.0035174488579027526,-0.5307271732794595,-0.004634408025173698,-0.6260514609664913
-0.0017379931332045346,-0.36996812334763113,-0.0016949337207204345,-0.2241997788440726
0.0020413430063243726,0.29795527035517855,-0.0017845721120819742,-0.279924244378284
-0.015660284406079715,-2.0470013014796806,-0.006667089040321827,-1.0738109373493174
-0.002393858068381403,-0.3213724437695051,-0.004550855601059139,-0.5016077169662363
0.006176675024620345,0.8904752473979923,-0.009704799362358955,-1.338993777317295
-0.00257078015754898,-0.40564376438399025,0.011641401345283667,2.1243538024206488
0.01394632136805398,1.856596792371919,0.00965008025317075,1.5647049154189085
0.0012106739028970228,0.23083183788205497,0.006273101442162279,0.9877492222147798
-0.005479376288425555,-0.9422138834739778,-0.0063437680241146596,-0.9514791955822863
-0.0020702647604681065,-0.36783070620759106,0.0008325736436954952,0.12013466503445756
-0.003411592013493163,-0.4686537587121055,-0.006728350758868181,-0.8558863518462749
-0.004346235122557529,-0.8485234721692444,-0.0015440225285296423,-0.24533287437279827
-0.0004201916149640544,-0.04413932895459838,-0.010657883442543684,-1.5045242807058146
0.004984756736020994,1.057152007552433,-0.006418702407676613,-1.0352662049181713
-0.001922662110971973,-0.2711378402272922,0.006019071058020566,1.0174681924908076
0.0014815696311070404,0.2898693871598556,-0.008273475387123884,-1.1465702500816355
-0.0075106050447480656,-1.4442504536716922,0.002919270453981212,0.5076470690864088
0.0007805604855554718,0.11859039974142437,0.0029022606897106985,0.3904783756754154
0.002619568320340247,0.4415473259192109,-0.0009226217859892726,-0.13439485576121124
-0.0030187234490941274,-0.47065760429856357,0.0007452577270702173,0.12162029670669572
0.0028233024222408818,0.49622124560716574,0.003059626399553245,0.4231253599167148
-0.011833537987524085,-2.2320877636978618,0.004765819219735521,0.7771790638064096
-0.004527966519501545,-0.782660532097109,-0.0036005437930196242,-0.5795099919745197
-0.0001003975208088211,-0.022109180988413444,-0.002703510302809837,-0.34543961246193516
0.004084003901908481,0.5547993930321156,-0.003069009179706773,-0.4705939439603504
-0.012063787148830253,-1.9550121140816488,0.006911797390776856,1.064892728445659
-0.0019994165522991257,-0.31402131011371864,-0.015655552020098037,-2.487544770238615
-0.0031075123092722087,-0.5493146982020434,0.012539031332864447,1.8830323659639232
-0.004676488116723922,-0.8338965231682071,0.007530113159330927,1.5500687067640069
-0.0026032888174612823,-0.5569916905187854,0.000458948397785682,0.08063364259541873
-0.003519544637987638,-0.7347726522269074,-0.003313536402263036,-0.45088150840503244
-0.009391692198871548,-1.14707602792525,0.021512263576033162,2.9228264614811854
0.004492391773473044,0.5893778807407273,0.003527531888423089,0.5510666892441657
-0.008416103234087952,-1.3249329452039116,-0.005810555265644246,-0.956381280523253
0.0073301895869038475,1.651167726697947,-0.0057832285255952015,-1.033935907430003
0.0006111144006374204,0.09655082257539864,0.0033390933671115664,0.47259690897331535
-0.00027146230181222147,-0.041630480191578854,0.0022612014443047666,0.2845943790965945
-0.006143393359085158,-0.9108229758248294,-0.008192904909785075,-1.3269983587377214
0.001777256933486136,0.32751512822216106,-0.0038975862021763848,-0.6522036545007301
0.0039660375580585,0.8383970455766933,-0.0023194677874513237,-0.3475396037856348
0.00659596926460795,1.0054132598875187,0.01684751815005819,2.294497450316277
-0.0011931189453450988,-0.22519012302730554,-0.008986392835795658,-1.266152848879619
0.0057170809380604854,1.0671916121878071,0.01208431739144001,1.6633233318042397
0.006383889062213045,0.798895826565736,0.007150340554308451,1.0134873160214575
0.0009506261047442122,0.18228218247134764,0.005180054165948538,0.7152362850388212
-0.002059882916821111,-0.29131447996608933,-0.004828260842795104,-0.754316676942324
0.0019146391914894533,0.29344320164515636,0.005381172988145528,0.636588053295953
9.197469250327357e-06,0.0016764950034490697,0.0011351634662532958,0.1492073995466894
0.005230733145016077,0.9625816975586874,-0.0043655607027109035,-0.7508139956931401
-0.00026003680428165967,-0.039792981861201615,0.008387893813820747,1.1354074761792552
0.001918418581757893,0.42262206220988574,-0.00988462731475387,-1.3883417048841453
-0.007917033206093648,-0.9862367745452767,-0.002132966661935626,-0.30608392497753245
-0.0041997751887472914,-0.6219486594362954,0.010919759783178867,1.6126188490463662
-0.006139197773240944,-1.0599761757625046,0.000738232652817415,0.11192891316510077
-0.009385111278070185,-1.3751568140380068,0.007627674601906475,1.2224681680343137
-0.003324978599462976,-0.5607291940821465,0.004457837516785458,0.8766457815337297
-0.0009756240463207923,-0.15027934973863158,0.0021493469471667607,0.31303010843547635
0.0018644271866114636,0.37431516081417016,-0.0020046569466079453,-0.2704594013073489
0.008948106981279248,1.3935281716173222,0.01370575488446025,2.2280660355133977
-0.0024815883940703855,-0.4110837458478633,-0.007061397771778756,-0.9749743374360335
0.003988141078974449,0.9851006874775238,-0.008029953225312183,-1.1531259917462187
0.011707341597527359,1.877981110266952,0.0023257682938389347,0.43173483680677727
-0.003660015426806707,-0.6620919814384915,-0.007509309632538909,-1.0274946081637653
0.014319610085397528,2.0544189590159485,-0.005133435646652887,-0.8248823894869758
-0.00144745911725014,-0.30674859496776813,-0.006343213268698033,-0.8273314944791798
-0.006728131596455541,-0.8096618690897501,0.005821501583939778,0.7415479302417971
-0.011007602654493997,-1.6378061666929693,0.003930145500100969,0.5783967896526303
-0.006399105443909009,-1.073354944752657,-0.009629386465656675,-1.5348410486698443
-0.008088480460107633,-1.4141960127798003,-0.0006544290766076863,-0.095029740114586
0.0035845785670995172,0.6282347773513941,0.004006519419905434,0.5535713029646564
-0.0028743273549328235,-0.6674945636433562,-0.006392707354579773,-1.1006476595571535
0.002267350123034831,0.4844436801954669,-0.0038213735108436047,-0.5695847622445241
-0.00387149571070772,-0.650327766351054,-0.005437902726754389,-0.7697722459842757
0.0020016603207816275,0.35309092285741145,-0.0033976709442582386,-0.4768623457343171
0.005007633881842165,0.9688412624313111,-0.010365334669790623,-1.5138593420042963
0.01030578135956588,1.7058923059053506,-0.0020425685199629067,-0.3087725838751735
-0.0006400464869495282,-0.11040535914776804,0.0019095515069142,0.2871786340702016
-0.0012191942135576918,-0.22942011307374713,0.008007257925326517,1.3518130495659528
0.0024001109227268745,0.4040490063235185,-0.01161574485899895,-1.701269027257044
-0.0017183018749306494,-0.32995457397018413,0.009430118775347517,1.561735757884778
-0.0059944138995478066,-1.0073334384860049,0.0034687742748157084,0.4641131397662828
0.009185303551290092,1.3847458260672043,0.01245169849423481,1.90313975432845
0.005717757263750289,1.2538979323129003,0.00033162212178638025,0.040415901976213524
0.009341603039014879,1.132403239611082,-0.0026658873167766193,-0.48968197498555244
-0.00974268085140969,-1.671460954594648,-0.007903485786032564,-1.2500557515988082
0.0025900753793219548,0.37837612651736063,-0.002180224041531049,-0.365008852274031
0.00855920399101411,1.2856596790303645,-0.019815842790007043,-3.600670294831917
-0.016253830220039015,-2.66228242141208,0.00014573853781844242,0.020405896727310087
0.012698309583601877,2.045322943846803,-0.00411510824748384,-0.6458502699937729
-0.008355820687896498,-1.1785093336863597,-0.004010557468435724,-0.5835260871406799
0.006459499275333918,0.9806621882552805,-0.003933814024923137,-0.4504032534981259
-0.0031932280138118677,-0.4449609457898771,-6.371635653977347e-05,-0.010161006442382017
0.00912634837936118,1.3579731121354912,-0.0014446588073012778,-0.23839621152434118
-0.004019663015983109,-0.7073029520061467,-0.007734449585179664,-1.1286665557354512
0.0018068223732903286,0.2709197174838718,0.0021128646263926056,0.3880513589580503
-0.009034542995086657,-1.5774659981325965,-0.013915121774704048,-2.118301377622432
-0.009102936439517463,-1.059477037624627,-0.005182623778493505,-0.6891796586625403
-0.0067775483825119835,-1.3017783087755073,0.0018753672931139912,0.27617676567511845
-0.009474879884889703,-1.5094787353151042,0.012430310740289992,2.122932832825756
-0.006539525499623389,-0.9873722447071277,0.01477301054771564,2.2472999059353764
0.0018157922998688352,0.4730902388648389,0.008809368674733035,1.6100335682233524
0.0033649605751457567,0.7671068235329559,-0.0021344069622073023,-0.37566808719964934
-0.0001493171089306555,-0.02487571030148426,0.005536267260897379,0.9684239339728383
-0.0031139597446401624,-0.5017622563554239,-0.009847640158190264,-1.6306136499273163
-0.0002557643067924387,-0.03909148588907593,0.008493760113156244,1.5712218028525444
-0.01682584517146641,-2.635282423536309,-0.006613562302077788,-1.1028299747564472
-0.0033558571681610635,-0.5419776748097749,0.006588637633425253,0.8108240096509025
-0.004104312004458276,-0.6750695768938427,-0.0043202671904121,-0.5619383595074041
-0.0007428504806825373,-0.12768735206806828,-0.0023668582759600438,-0.4076630110397659
-0.008984031418485486,-1.1889979942047928,0.0031009012311833672,0.41179010515378295
-0.0026360901770108303,-0.4976642336547637,-0.011823503738924036,-1.8824476736918132
-0.005287885809238728,-0.8078964305537097,-0.005593650571863512,-0.6274555793775289
-0.0028632539648432253,-0.422985741288863,-0.0034778266027207447,-0.5114417215631849
-0.007591511142858232,-1.6295530966329068,-0.002653285528236723,-0.29804551371810034
-0.0006351762958329203,-0.09371440659089059,-0.00012002711906133179,-0.017291690456718068
0.006344451532746044,0.9866207203441781,-0.007177757087435684,-1.0192774562860862
-0.0010788309076991609,-0.1685713913934811,-0.006353283480330838,-0.8564756593740203
-0.005192709291211183,-0.9592726690734774,0.005581688712381976,0.7562456755407521
-0.008273075267527909,-1.3380198739231903,0.008402568427655679,0.982582579799211
0.0003960092635434558,0.053776175190406644,-0.003646569952198997,-0.6329975627449904
-0.009924911396932683,-1.5756430514969748,-0.002073028246017416,-0.2966684608468472
0.00643538756478107,0.8199983347025582,0.003227584775702506,0.5241193713256913
-0.012341929290657083,-1.767045832598272,0.0017465234671318656,0.23518164935477137
-0.005164255030483562,-0.80544428384201,-0.001513113909909593,-0.2582197535535481
-0.00186823136622178,-0.35709618395992443,0.0006480795417791996,0.09169065198030356
-0.0005427376155412715,-0.08076455727976338,0.004726336827602581,0.5749916798252795
-0.007052284988087035,-0.8874703868508158,-0.002960776243877021,-0.4336822872155418
0.00044203647125844474,0.10289092973112154,-0.008969535400997496,-1.23073078283141
-0.006059928142257515,-0.6471550786992137,0.004585694430746736,0.729436850836315
0.003783511418648168,0.4611342312666337,0.005796762933430348,0.7881213300802475
0.0015429053092260454,0.4222495011972661,0.004519330012952552,0.6217691286339966
0.0016431973062208944,0.25438861602094875,0.001394421693507591,0.2193090613722362
0.0034525019131481224,0.50002940951682,0.0028716411227984492,0.44251901593039394
0.008612714653098614,1.2915060749150078,-0.00018282342996284076,-0.03021644451798387
-0.005250873109955419,-0.9361112373614701,0.005641665099388946,0.9143596101195337
0.0010346880022182295,0.1886410505448871,-0.0009397554836721412,-0.13752849995670577
-0.00017450279493432544,-0.029762525851742546,0.0013358250928584975,0.17349993181851628
-0.0016292214231812053,-0.36270090368306523,-7.023913077557189e-05,-0.009073523285616825
0.004460310289985449,0.7567303399598675,0.0026525305623544765,0.32274573942469065
-0.0012717021620180812,-0.19989998552240026,-0.00877365829049724,-1.4529535240315952
0.005739380979105036,0.8604695142181222,-0.0030053338258975606,-0.5890575141416008
-0.0033831514850450766,-0.5195334511680014,0.0032871995622820224,0.48008135801422014
0.002316681854362004,0.4249405057227941,0.0017669888072395865,0.2395677942569924
0.007620547325291707,2.002666552269427,0.0009763244424629121,0.12398380692281924
0.0033847118887030065,0.5160275714727295,0.002610387861802099,0.3821532081233481
6.56378979517292e-05,0.014237707912413583,0.008020358092807035,1.1973278195420065
-0.0007123272803380151,-0.12393501466807329,0.008529629275553003,1.1672447598680473
0.003384306781205684,0.7606123904230002,0.0002848555881193948,0.03384284295527663
-0.012807736375444065,-2.276767147596133,-0.005244807186082876,-0.7004881832473122
0.00019299500148668583,0.026470661527356082,-0.005020000632813487,-0.8628796770490645
-0.010513760711202589,-2.0711245871256625,0.004598422444875484,0.5956367545983803
0.007287001886267277,0.9969230969403539,-0.0003348031447611857,-0.050419552130784855
-0.001721085123600106,-0.2435423723990305,-0.008856411520385294,-1.1540255898410938
-0.0039016621277710574,-0.6341806092393626,-0.0008670453757676338,-0.13347606971568193
0.0010957520667173627,0.15741036862052687,-0.0029845389566040947,-0.5140605837644683
0.0030369553565594647,0.553544507619218,0.0022705533120391023,0.37049400653478026
0.006765057639908404,1.023807184657959,0.0003278679247457854,0.04847073344808602
0.0013249535237158635,0.17109132212297568,-0.0033512569913547695,-0.44263674703138745
-0.00040701930359600787,-0.06025990600908398,-0.0029956763851781035,-0.4653157632404042
0.002069791539268351,0.3744000788532222,0.005845535494725315,0.6746546896841101
-0.011463259117800384,-1.9518490229028145,0.006594498261930731,0.9919042304892808
-0.004883316620283304,-0.8392992911721039,-0.004083833895723673,-0.6272857417789669
0.0074789612047627164,1.0401130883331122,0.0004317080294304764,0.066579563013833
-0.011864148647858357,-1.7808989095046854,-0.008422651789514717,-0.9958517762821
-0.0023295735514173395,-0.3403679374592768,-0.009191457377445403,-1.798084979249203
0.0031710689432115427,0.35965121592110877,0.00042980955795938845,0.06349780373795888
-0.0035715388026747548,-0.5572089458477114,0.0057394354971210225,0.9635095253028579
-0.013370609299300543,-2.1628122185908496,-0.0033269625125134338,-0.4535258274269957
0.004561971590548301,0.8802284759383443,0.0003165451667503214,0.05418168577813372
0.0019290899222338014,0.3399945273248065,-0.01139340505441066,-1.5385213212346556
0.00046746697488231993,0.09013703489042324,0.004194618878546694,0.5427220937192789
-0.008036392470949437,-1.4686253658018142,0.00479485676225924,0.6957141007665949
0.0030331123120558696,0.38877760699201586,-0.002067940156025695,-0.36492406459739646
-0.008580548007439093,-1.2494668977286318,-0.005501755470090097,-0.9699967134214887
-0.0024025879869030587,-0.2822123200657571,-0.001635351215421682,-0.2914283808598734
-0.0014688965880521052,-0.3179497102547062,-0.0034796614058028668,-0.5699319012602438
0.00123995299867429,0.1883202821070627,-0.004297186753556415,-0.6453166673271683
-0.000905126438319527,-0.12133049205735337,-0.002633940656799315,-0.42530223238368303
0.002186360014147208,0.45840671377251435,0.006606213444646265,1.1623315840019939
0.0014471971186333418,0.1999844717855916,0.011858466122757897,1.5043958155569777
-0.005415528533144325,-0.8897448235365233,-0.001358725488646143,-0.17328007867552242
0.001189366761573212,0.23047932438276159,-0.0013910457310023357,-0.2027781159165903
-0.007652278038214583,-1.5597930062003318,0.007014408517163131,0.8555919404554502
0.007977622843572785,1.2875207880316968,0.006732343546919295,0.8509623230364133
-0.0056985801163555415,-0.9599595947098964,-0.0059863120730446195,-0.811089769055827
0.000263884310965536,0.04824785217204349,0.004299976307102736,0.7285072847817523
0.001966191687082764,0.37847094941496756,-0.007320625177974624,-1.1593661443429033
-0.007153153360112829,-1.3888067507435076,-0.001216825403259532,-0.18926177929334054
-0.0038829286242945656,-0.8136790507494864,0.01099256398401717,1.6598613189970084
-0.005279173555958286,-0.9076104365156946,-0.0012353480010283615,-0.19715508201278822
-0.007733500946940624,-1.2912937889322313,0.005638866064259559,1.1151224250213434
0.005762444647749081,1.212382945348409,0.0037561214676194773,0.5598956095470959
-6.002756214867048e-05,-0.010752855848651516,0.0005276699798706613,0.08622797182695487
0.009273956181114009,1.475076289659944,-0.0015260704535856838,-0.239563489603164
-0.0013664069060328515,-0.2694517529987847,-0.008795190752109792,-1.225513052918529
-0.007597158936308085,-1.3941295173448556,-0.005201698681159015,-0.9321059666221313
-0.0039757795515875105,-0.6683735424970422,0.0030873196324929966,0.4223719415312972
-0.006267938118564987,-1.1389216116338234,-0.0013136592141284804,-0.18152308539003856
-0.006534396500245335,-1.0859721997758933,0.0029471147232521156,0.5139799589863497
-0.0007581861614255232,-0.1290570348256653,-0.013599181740339097,-2.2271265680662373
0.0027702814692439,0.3826367290807167,0.0010883446603744428,0.1599584317666325
-0.0021545480626797404,-0.4086942336314324,-0.009015041980553553,-1.4834671760249452
-0.002797478658913892,-0.5241575038648937,9.745497232225973e-05,0.017690833887826555
-0.0012822619004109388,-0.21129491204869807,0.0001743459948094177,0.02967445994330039
0.002379925640447217,0.43088914653501015,0.005555100308188672,0.8557489375615049
0.006252087770153139,0.8332941996394487,-0.008775425981312866,-1.5709353383813391
-0.011169390760429481,-1.752965757236334,-0.012944607186587638,-1.6491858366723808
0.0020514052924936054,0.39743582068404176,-0.006647724027738264,-1.1711177613098704
-0.008087201642470482,-1.0105043433662069,-0.004613007732273709,-0.6325141160612678
0.0004920238525210588,0.06610159093375281,0.000711563675145827,0.09797492363871423
-0.00410398094132656,-0.7553892590612954,-0.0013234368321854595,-0.16269765250720186
-0.01115407734498576,-1.75701263712429,0.00023125800363143736,0.034392280981008896
-0.0016460031897929874,-0.3301701441774821,-0.0048829421251258805,-0.6860710407680841
-0.003473641819061845,-0.7430673716286343,-0.009338530081412458,-1.2896974481105443
0.0003102841974570639,0.0786438667923818,0.008441433197090419,1.3039032839812623
0.011441758964210232,1.5822561779808915,-0.00098009079509617,-0.1239627066288644
-0.0011153724140204263,-0.1418747162200978,-0.009212043308917728,-1.3540661574066135
-0.007765615778513385,-1.3360688178238018,-0.0003836104167514609,-0.05132534132707584
0.0051615851201327724,1.0990561471029494,-0.0010451010310244912,-0.1561165581928022
-2.7594060278125353e-05,-0.004956983992446993,-0.009710105479990624,-1.2920314663420691
-0.0054415494485040945,-1.0514706621636176,0.0007842502682372874,0.09805058608476327
-0.007520206283301987,-1.4272815878852554,0.01186559558832379,1.7685580704861574
-0.005563469830153758,-0.6878564174828025,0.008126152002946686,1.4523552877096437
0.0032992143282838658,0.37975683554076667,-0.0019418609694223676,-0.3156824609481101
0.0006238272883756117,0.08729877229476951,-0.0012076450391078093,-0.1815944375950678
-0.00943632445554138,-1.6950643038595001,-0.005496277336020141,-0.5911183335744365
0.01083957196619114,1.5899148553692959,0.002474361508274489,0.31379491826067085
0.00987415167777963,1.9822333450092362,-0.0004523633991925687,-0.08593985530457283
-0.009065925158969198,-1.564080360350454,-0.008026066467746857,-0.940443963458698
-0.007359184996668617,-1.3417539638021665,0.00862732342316654,1.0597847753926404
-0.0035946333297499243,-0.6252136372686826,0.011014202519577932,1.881027193606954
-0.0016213596641735644,-0.32074858535048584,0.007506729693123215,1.2354766517554534
-0.004050201629193995,-0.6301965430101923,0.006093270842075524,1.1511549291457053
-0.012105554218434204,-2.1295740744706855,-0.008889324710110022,-1.1822351419765047
-0.009898137819110777,-1.6021345923660788,0.01408396403686852,1.9941932062215177
0.0002737433334118463,0.039302651291635106,0.0030170248023019147,0.4471844855284596
-0.0021333539581335718,-0.632042686354781,-0.0016374259867722534,-0.25451464762000015
-0.00243614449297499,-0.4116184690866102,-0.00505488754846643,-0.7008905656971549
0.002845428583836788,0.45700503600987846,-0.005411541264030029,-0.7854122818390051
0.0026498606893359936,0.5344855759427166,0.0032162142342976392,0.5057488103084031
-0.009940239553884138,-1.5124989551548298,-0.005653784715765796,-0.9373150406658981
-0.003533766852355274,-0.6838803394639813,0.007205014913164617,1.3206511156743632
-0.0031739963940705497,-0.5186388340602445,-0.0016125048721093824,-0.27923836501865923
-0.0011504698431012718,-0.24239406322046825,-0.006607377674144671,-1.0644986086831962
0.00036136009638577243,0.06308615289928314,-0.0016336966878170282,-0.26927244420038104
-0.004215651070917411,-0.6172489462885893,-0.005514970314248612,-0.897363099421422
-0.0041720584753508465,-0.9302169072399941,-0.00786476404480083,-1.2193467749739093
0.004039477668843214,0.6465662348748286,0.0009188540856047791,0.14541346293751783
-1.866714338156731e-05,-0.0026339375487531673,-0.012297848009174061,-1.8273058198278067
-0.013964116611815975,-2.3977699212421273,0.0038224370639086186,0.48281272002312436
0.013371358759579104,2.1579437779284163,-0.015865717523178075,-2.3747661806919464
0.00773250975841107,1.4508674683695373,0.002911323469437929,0.4977053381776346
-0.007132413258411029,-1.4187340412610214,-0.0007751799781718829,-0.12043270122568327
-0.00397321642207814,-0.7674751718370553,-0.0030257254451847015,-0.503128412779333
0.00834670879219421,1.4729108954469765,-0.005744917468537853,-0.7706698288560708
0.0025623812154925776,0.336589562392966,0.008311749617791894,1.4207650320750176
-0.00010075945893865202,-0.013370140378876377,-0.0056580988291054235,-0.980384874924922
-0.004720202573613674,-0.9520311946322428,-0.002670744841766738,-0.31432377242799453
0.012859673010988299,2.526258671668538,0.00491375985694897,0.7032565825204918
-0.007882023432227226,-1.193170052359787,-0.0011425056293365157,-0.14960759684186226
-0.008426928804149764,-1.3138718382146417,0.007513762229706605,1.2246888285811075
0.00030738823812303953,0.06440900811091327,-0.004532377208096653,-0.7369051587296835
0.005529087582519422,1.000211996028913,0.007964475778280068,1.3949029246486422
-0.0007692257086015316,-0.13151606984688838,-0.0012562710852040747,-0.17796001049742505
-0.0073724627608488125,-1.070880602739366,-0.019830060494962762,-2.9318346847835133
-0.0054276539880303305,-0.9495083639494531,0.002332932188038515,0.42610360634797123
0.0019932807341905513,0.2718560354967934,-0.002974798428078307,-0.42767482756224456
0.00409387439831956,0.6716838744728066,-3.005326349661978e-05,-0.004791979385049458
-0.004446301728734112,-0.5897088429822249,-0.005364508894475678,-0.9776918008595058
-0.006706998002972876,-0.9803371627013064,-0.004612706940668581,-0.5911937740715253
-0.0025155830420613783,-0.40742727691151676,-0.0006018691071021992,-0.0936752209004717
-0.0017035948460584428,-0.3410295568317258,0.006589112843618561,0.9154525474140326
-0.008697259215724437,-1.610904295726781,0.002758417283563027,0.3412970536278138
-0.00434261739427887,-0.696736401104835,0.0046419799747690945,0.9009582533948497
0.0021212516449642766,0.3567988955156289,-0.019703524556461235,-2.66702546407131
-0.0012416126624234278,-0.221329325364125,0.008996057273698281,1.5027836910390189
-0.003485388141530748,-0.737756306635765,0.004725969885413702,0.6522909802330926
0.0028564514840094413,0.38853181430525957,-0.0017028127312590877,-0.2766075339091252
0.006310536351433858,1.1566600979302517,0.0003393817037128147,0.0689329945423706
0.0032785735040919456,0.9137732273776806,-0.004216925309888072,-0.6644541380656873
0.01243372550097888,1.723069662537683,-0.0013290246348666782,-0.20960450573151387
0.000692179482747417,0.16978225039344083,0.011816402950760821,1.9521465864444016
-0.014284837497335933,-2.3652302220381833,-0.0008452797146968528,-0.13431034812210765
0.0002575782838718563,0.048574352075387926,-0.0036565488337510924,-0.60409895074596
-0.0032835195886696117,-0.6077998744429244,0.0018882451092615106,0.32433626962146395
-0.0086263082663407,-1.4396917989706235,-0.003650422889910643,-0.49214913958687645
-0.00529337342538759,-0.860564415366219,0.004939209221257367,0.7800099169238762
-0.0008309457370132894,-0.19806897014804864,-0.00015338616643389687,-0.02239639317752311
0.0017018706301615279,0.3222691204030886,-0.004314577786414372,-0.6133322910134856
-0.005780918562163034,-1.0023173335227855,-0.0001437075487219871,-0.016300598487988437
-0.006703535265302065,-1.0950054508925589,0.0023804800491757936,0.3864253242164678
-0.01075975658278194,-2.00235943191361,-0.010602706055913066,-1.2331175604046014
-0.002170615735000645,-0.2608734094848119,-0.00386101472818199,-0.5959650579750643
-0.00010321540435281537,-0.019478892331994922,-0.009714219596692846,-1.8388510035848926
0.0016311159266766961,0.3115793158440864,-0.0013847617896390648,-0.22999697495691862
-0.0016685697393892377,-0.36476339753113163,0.007381878468277276,1.0906664295321595
0.00896258812879605,1.371366792474367,-0.0016136162915477267,-0.26130474104358437
-0.006378197193548851,-1.145628873873164,-0.0007427444085463229,-0.1137279174150092
0.0038620587333672756,0.7453271166303174,-0.0068043937754971254,-1.0397278578185807
-0.008412397792643675,-1.3481239398955767,0.00096482160768101,0.12182018611091336
-0.00320690040854533,-0.543210436424391,0.005426755460058498,0.8696219555874785
-0.003990803090570689,-0.9319466048836862,0.0012121755415094642,0.20356989683780896
-0.0008612817166441924,-0.14749594886615186,-0.01103091433088923,-1.5829746477495334
-0.0006320210057430778,-0.11479882309670933,-0.008482523376704357,-1.2295974375632719
-0.005554458000465333,-0.90391654990708,-0.00792322783287899,-1.4217765948564651
-0.00018042952000647653,-0.03302670539019914,0.0037368087641298873,0.5734029288207141
-0.0059688117513897005,-1.0265137389496188,-0.009352541935102297,-1.1167084966091876
0.001020584096977699,0.21198808751700923,0.003954978272410949,0.7213277682714793
0.003930422248555065,0.8516461160923695,-0.008902337933350208,-1.5675267749001571
-0.006527662978760564,-1.2936815244263526,0.001021706627656084,0.11944071350369029
-0.016132153768161076,-2.047282404114672,-0.006881108668568697,-1.0403224876357944
0.004323825622423144,0.7674296199209247,-0.013389575916984475,-1.7448649300015875
0.0016942044595891512,0.24476774470386004,0.0011656344392893848,0.17430673898591614
-0.011252837922665435,-1.6769932581542475,-0.010765353883042726,-1.4757582334678498
0.001953110450228537,0.2902642235255137,-0.005839442221943653,-0.7897213722695086
0.0003072775036965374,0.03617617473421603,0.0018162774728767274,0.21509883613575495
-0.007925479324405934,-1.1117964954636952,-0.006023796566347228,-0.805289182735167
-0.005068966626596377,-0.8114458179267927,-0.0015417585694979564,-0.24156192927429193
-0.0024295725470981746,-0.3886930151019617,-0.004125909730197958,-0.5117733738150619
0.0111833111566315,1.5784230999970283,0.006338490931206817,0.8773464968679419
0.0020156491546674676,0.31013710446288373,-0.0027237739914840967,-0.4618523475549834
-0.001485844049438458,-0.24627479649584583,-0.0015346645012309507,-0.24271592356665617
-0.004914145846214756,-1.0018313619401316,-0.004976386262176209,-0.6785636529700414
-0.0038811535105633165,-0.4738074519970147,0.004889492496958329,0.7503131320511671
0.0032160613025036377,0.5956827597450075,0.0076381204425863825,1.0652661477691352
-0.00950098361369947,-1.2497245059887858,-0.009006977789590797,-1.2145139132075982
-0.0029771293384963037,-0.3952115444204126,-0.003447441287396689,-0.45701574130123984
0.00026257617454769714,0.04078134830344386,0.0002909332871526941,0.043291964235585
-0.010020878765389592,-1.8088689585256135,-0.00703042332560405,-0.8585409964153413
-0.008297444508610911,-1.5606080221489433,-5.973381806935284e-05,-0.008384928198574608
0.009586920647179416,1.2576515564202353,0.0022917439846777956,0.3082733857297078
0.003337706874396729,0.44251824428145065,-0.010623358378547153,-1.3658180663853758
0.006106869765321554,1.0030038841071607,-0.002192881958544478,-0.2863845354560535
-0.012259905676569392,-1.9675676998904685,0.0031696011588950874,0.49077564493077896
-0.00839482318368902,-1.0743276482220816,-0.0042566132911993045,-0.6229463153602101
-0.004941575550542824,-0.8595755353514044,-0.011585873637326995,-1.4000620782354922
-0.005362611197425237,-0.7597343836803364,-0.006277067478978769,-0.9757065449527548
-0.0021608683375335894,-0.3922379165469681,-0.01336422442968947,-1.8185510625617576
0.004406850457451708,0.641218806545056,0.004205038799047287,0.5416274093658449
-0.00335275238359565,-0.656675785061854,-0.003041622922880192,-0.5079637504566862
-0.012071766645856952,-1.998128564147496,-0.0045015941125477864,-0.7632687800005639
-0.0016801682172124855,-0.23873010382413026,0.001040806572888438,0.15066990351423318
0.0056729543284105505,1.0679932291012868,-0.01089509489437598,-1.6150148805500688
0.00026939689668528443,0.03945916383102748,-0.010600713563243894,-1.4486101647563496
0.00668064425430159,0.875742817330825,0.014303550149945887,1.8504594669410424
0.002305932256943038,0.4658171273000584,0.0005942215724941639,0.11107909997154877
-0.0042394556347676166,-0.6508347959264352,0.010457780816541216,1.4837901965026459
0.0018914088544977102,0.4352752876839772,0.0032633690173068655,0.5097095506850216
0.008233594633731222,0.9764464700702183,0.003655926070415391,0.5325488606618172
-0.0036321873746511584,-0.5621227059326218,-0.0008488069708817048,-0.12890700782578887
-0.0009128931565431139,-0.1455232294426445,-0.006425716515802443,-0.8922559572284379
-0.0005678250495971185,-0.09982192046745153,-0.006903529898967135,-1.1741255183149806
-0.009414565022536547,-1.5433767714528104,0.003517025246461471,0.5000675563625101
-0.005933869108462851,-0.9156312600586684,-0.004205444541726586,-0.6448405379048395
-0.00510073439369364,-0.7177349036590586,0.0076814677552750925,1.0344190566790104
0.006209243692082919,0.8564858036681422,0.002909521026173311,0.3340769851638559
-0.004006285918587563,-0.6844179023262267,0.00459715751418608,0.7588526780505761
-0.0024192992206152606,-0.40562953466810775,-0.0020965206245565915,-0.33126185515370105
0.01823994480149635,2.74704343745087,-0.012212369157976171,-1.7004374172400312
-0.006166448806119471,-0.9738586680431766,-0.00037405632951646755,-0.05957656379281049
-0.002369581395764619,-0.3833097097884475,-0.006245940830764803,-1.032289195439488
-0.006407913774424112,-1.0153463724802756,0.00825098864642965,1.2678626525663506
-0.004275314885995863,-0.7244388539341056,0.01142886291912986,1.7399304579709303
-0.005509933310477172,-0.6314184379430196,0.001319594349618081,0.17450057660657922
0.002110021960352343,0.31096217361396966,-0.0019409175800504746,-0.35026983930608796
-0.0027232341522688427,-0.4335216939707635,0.013024184260854912,2.0764370719185985
-0.004716055575454458,-0.647370900514368,-0.005217331856743579,-0.8539851302558896
0.0018837919064778762,0.4235464360755345,0.007523155586503594,1.116427035007151
-0.00897578088139019,-1.4885487120923426,-0.00034522519998859735,-0.06358398046019856
-0.001063977543385434,-0.15069236074450554,-0.000753495806206187,-0.11549079372501356
0.0007296835529894062,0.1380366234614077,-0.006194479541078972,-0.8173746219529604
-0.008693190298053061,-1.2851628291941548,0.002420615567185285,0.37874779588938207
-0.005217896517570154,-0.8966654092780567,0.002933755093002647,0.45766346519587603
-0.0048957780336001564,-0.7481604414975384,-0.004750344028315125,-0.705985276446002
-0.007347677526922176,-1.2352421683792754,0.0071251805736064905,1.1120183410396551
0.005006421873020256,0.8314927637241547,0.007875094387812235,1.0500188987557992
0.017462750015856475,2.351309522637616,-0.005181941386298986,-0.6453737975730752
-0.013285545272587575,-2.1274381802770495,0.004214236542614768,0.6342487327690309
-0.0036911157391138487,-0.7565479514982558,-0.003296101430478873,-0.5090604068260149
0.000596280436947186,0.09470875495204552,0.010381717246506411,1.46989319055747
0.0013841479097958464,0.22621772241394833,-0.004845736047124175,-0.6031711832728346
0.004667106380486624,0.7988382509755152,-0.00014367390045701297,-0.019942659256072512
0.00044862208466011684,0.07661317808762079,-0.016235302775738574,-2.0199389502084655
0.008547724356595603,1.1904869667949416,0.0024157964680159958,0.3911176273972086
0.002882912408666934,0.3461709536897947,-0.009260793992952897,-1.2935075473343842
-0.004064935218525473,-0.6576081489315884,-0.007853875382172774,-1.2760362196704629
-0.00274310327792113,-0.4466538351206429,-0.01370536600619792,-2.3742458635631523
-0.00760832226919636,-1.1616551844787408,0.007280891824569662,1.2198981051068338
0.0004984897100634264,0.07710851729273009,0.0012041184339898559,0.17849655101020653
-0.007310346125591444,-1.3278124023285445,0.013877799741249135,1.8723638234050681
0.0042668924805098615,0.5374937389221489,0.006244350455151082,0.9559427464758703
0.009265195826829246,1.1681634384167796,0.0026517100240166856,0.42257870073565673
0.008275685371247954,1.5456742150355782,-0.0005097219283050235,-0.06864713606538686
-0.01013509035640323,-1.751204957967434,0.002548762526747155,0.36145574336165465
0.00017632070220475272,0.03633864123721688,0.006041786207950973,0.795362959116068
-0.005247576960163331,-0.9218665856895881,0.002590889203491823,0.3872868966579047
-0.002561049085340358,-0.31274526055094626,0.0009697961579317976,0.1328128891245764
0.0008103501682161595,0.10720558082639113,-0.0004131866787689606,-0.06155441050336524
0.0017987450364060848,0.35934402194410386,-0.006322869143034192,-0.9388880872219931
-0.0009244677905135356,-0.14646043879014256,-0.016959341449198743,-2.335884711341104
0.004194150626252374,0.7644933557955045,-0.007595419476791497,-1.081859883493677
-0.002144435418701284,-0.31147007819996003,-0.015934474418155542,-2.297002235620693
0.006355951233808733,0.8165002451290783,-0.0059650342572281296,-0.7944987274372296
0.0049929953432896745,0.7344172599185371,0.004423794973841702,0.6557680755531126
-0.0006829367853309874,-0.12601502091779812,-0.00273963760886864,-0.3369484885864662
0.003493991554247169,0.6042511455782681,0.001506986426366138,0.24762533239838486
0.0013916610333642233,0.19025913724935453,-0.002719197463175967,-0.40057773368731914
-0.00360574899172468,-0.47786558580643507,0.010575307146894778,1.6190386546078588
-0.006829934687571003,-1.2004006599678751,-0.0002055040345191375,-0.038508897762790886
-0.00764852882334593,-1.285430518349918,0.006046984906133036,0.8045487272281695
6.006702628266076e-05,0.011561288818302063,-0.014335725250558413,-2.6570206915802794
-0.005464131317646251,-0.7782593244321041,-0.011485146675076023,-1.7466152924183251
0.0002904730722983205,0.03298273883170253,-0.004536317612473488,-0.7078854729479692
-0.0006056342647294468,-0.1248267114809159,-0.005653463727040529,-0.7857017831536235
0.007110951291333042,1.1070214779226557,-0.005837896373567516,-0.7042547429055541
-0.007180299134336262,-1.027468668452807,0.005064865554686767,0.7918827511066836
0.0056712124160887434,0.8107513399476893,-0.012509829659471516,-1.609419727454334
0.006747306354834561,1.0711692635027863,0.009718177975733218,1.5546959679051722
-0.007330697904791258,-1.3001666746235643,-0.007135642486679075,-0.8968908054947183
-0.006818066208758744,-1.1311494890862015,-0.006338934540208497,-1.136194139146166
-0.0038243274990197155,-0.7823744171967281,-0.0028011667717056598,-0.4546622774391182
-0.00918896080148858,-1.1988665681791275,0.009212882284198809,1.5089501916960741
0.0052930570407672215,1.1582827884960958,0.0009880793066529593,0.1550304433444014
-0.009184260500004846,-1.7964046611769868,-0.004497402668959456,-0.6598303545050714
-0.006650285347111991,-0.9512186095832357,-0.006066095840967684,-0.8761393013058196
0.010764991288976036,1.752747174935903,-0.006912356667387425,-1.0676571771047367
-0.005248024398383727,-0.8420027399433935,0.002417952289967156,0.3904027427796199
-9.3709389248307e-05,-0.015294147676254007,-0.0011583825709983893,-0.16678362902643423
-0.002180778704449094,-0.3547767810168918,0.010270443049382837,1.3225447544981206
-2.650511290233055e-05,-0.004817701164327175,-0.004358705531824836,-0.8252390077517332
-0.005714282245603233,-0.9156855478533953,-0.010516576800852127,-1.528349578695414
0.0015574375154412973,0.20576995399984427,-0.004523653410277974,-0.5360900574439935
0.005974573461791345,0.7908365802089882,-0.014598771554951408,-2.220821189272375
-0.005235460032259107,-1.2106737630737692,-0.0072314525587387785,-0.9715963979037283
0.004754699115502808,0.8233836751075752,-0.0059424433668103654,-0.7693689232032491
-0.0006861809066707326,-0.09072758415399267,-0.0052004445633008975,-0.790827501294389
0.00029566355708173273,0.07516626772018975,-0.005590807201256856,-0.8821852878633162
0.004804597261464384,0.8330884126027392,0.0016235339176263245,0.2935910770751528
-0.0043228477112320935,-0.7802065376559238,-0.016340825773062492,-2.4890865252046055
-0.002784648094586905,-0.5169147444647081,-0.005408608364407797,-0.7316894221448409
0.0005024593136338862,0.0806271219682068,0.007308411382565402,0.898451609784943
-0.0045831990203188105,-0.5282810703567722,-0.00484064755963172,-0.8407028390689878
-0.002303253863494956,-0.40401311756043823,0.0047744840003862594,0.6833096009200206
-0.0034520563206450645,-0.784823777729041,0.00011948515706654072,0.014586921116910921
0.0021200943279478532,0.3899081471254696,0.0041524222469712276,0.8091946106972377
-0.0034662920859174122,-0.4641098918376588,0.013156763420376649,2.044694400137005
-0.011336621708102783,-1.9268673655225248,-0.00696818947749684,-1.1294317688265219
-0.010577723657700083,-1.5938504589619404,0.0013948504278304226,0.19227181881106242
0.004069006538733011,0.7550666634937753,0.005414722498922383,0.7981133577223894
-0.0028251730004759546,-0.5564519212137583,-0.005923730849951591,-0.8364987431484189
0.007268844248010914,1.1943904250681543,-0.00904168783730918,-1.2967442883824492
-0.0005767677466083509,-0.1393733168851187,-0.009090146830986308,-1.0531503364067758
0.01210908587477844,1.774601653820238,-0.003064337791366647,-0.5915304277054502
-0.0025744869130547485,-0.5952377764922973,-0.002603038073111937,-0.31350709214557176
-0.009663605510622921,-1.3305983867492845,-0.013643896273774238,-2.0941860573033444
-0.0018960350519082007,-0.3133531177116888,0.001034057580393317,0.12105567446704313
-0.0022108205345143486,-0.4993048015699589,-0.008112516389374158,-1.2164974885847086
0.0020815626515507998,0.4280824249338229,-0.017073506577683847,-2.8532932441087517
-0.0010355087100310102,-0.1933714705923911,0.009984105708791203,1.27253556307671
0.0006274279348283953,0.12713926436172093,0.012431407547737418,1.822912894744559
-0.00384164192433621,-0.6283271942112542,-0.006955199709597826,-0.9374376579056023
0.0015569039306468527,0.33783207036233154,-0.00469494859808184,-0.7651323957326488
-0.004420024065617237,-0.6629036512470864,0.00177617224818342,0.3360028060748565
0.004609512896423484,0.5813588353729201,-0.01127744193077481,-1.5159892526221654
-0.0013884019994287828,-0.23114134312977222,-0.0013192248468774002,-0.15527701136042896
0.002652960753377873,0.41797071738734204,-0.0009862866146948155,-0.1677183368307318
-0.0019387149918367388,-0.31672781211949347,0.0040801328764151715,0.5525775646986569
-0.007935065009616759,-1.485409977759962,-0.006231238326909683,-0.8132071546892743
-0.003863486635013908,-0.723213466000851,-0.009723287571855907,-1.5189643611020684
-0.003725608378158462,-0.5464702580939208,-0.006105602168103897,-1.0292449211511772
