,w,w_ao,RT,RAO,m,hold,b_Mkt-RF,b_SMB,b_HML,I
1963-07-31,0.0,-0.5071565012438117,,,0.5071565012438117,False,1.098575926230355,0.45916807984082325,0.06947730251804773,0.0
1963-08-31,0.0,-0.5209218771914447,-0.0,0.0006828853912461688,0.5209218771914447,False,1.105271378532127,0.4719479388483828,0.0783683920973427,0.0
1963-09-30,0.0,-0.5395451883244062,-0.0,0.009769111958977231,0.5395451883244062,False,1.082269292852216,0.5473075062670646,0.0658783154915874,0.0
1963-10-31,0.0,-0.5614696526224024,-0.0,0.005052023974002108,0.5614696526224024,False,1.0823547188221603,0.565016989521443,0.06532952015232085,0.0
1963-11-30,0.0,-0.562475092475608,0.0,-0.0014275710625325554,0.562475092475608,False,1.083357851225588,0.5598402246295267,0.060707350416288164,0.0
1963-12-31,0.0,-0.562844249955788,-0.0,0.008906801720140809,0.562844249955788,False,1.090806058719468,0.5698882548798995,0.0601830517497024,0.0
1964-01-31,0.0,-0.5551615455838936,0.0,-0.00776773338867572,0.5551615455838936,False,1.0959278690955732,0.5947175414944114,0.07009588098630937,0.0
1964-02-29,0.0,-0.5045393843889734,0.0,-0.03465784902575852,0.5045393843889734,False,1.0930515654131194,0.5406029028238951,0.08232696214758589,0.0
1964-03-31,0.0,-0.5319246701658893,-0.0,0.011445245891306511,0.5319246701658893,False,1.100743569875739,0.5363313687840949,0.08334541719707234,0.0
1964-04-30,0.0,-0.5326687936711791,-0.0,0.0033956563443715954,0.5326687936711791,False,1.1289949610958938,0.5996622582601663,0.05334909575113289,0.0
1964-05-31,0.0,-0.5704541864693394,-0.0,0.001162022748624403,0.5704541864693394,False,1.131766996608509,0.6255169518939131,0.06594761860028285,0.0
1964-06-30,0.0,-0.54343624740039,0.0,-0.02468693302183472,0.54343624740039,False,1.133471123838489,0.6218339381105719,0.0381095047808622,0.0
1964-07-31,0.0,-0.5434003712495261,-0.0,0.0011641939797510956,0.5434003712495261,False,1.1329426455106186,0.6465429988802296,0.03336974360547705,0.0
1964-08-31,0.0,-0.5433264359070068,0.0,-0.0005831263571751981,0.5433264359070068,False,1.1386402217061742,0.674048627229123,0.03467774977257533,0.0
1964-09-30,0.0,-0.5276807769418458,-0.0,0.023318814639131043,0.5276807769418458,False,1.1461636226860543,0.69911191791638,0.04722051445266319,0.0
1964-10-31,0.0,-0.5169605308934841,0.0,-0.016313921688015338,0.5169605308934841,False,1.1530167146571426,0.6862743707870488,0.04642521357063099,0.0
1964-11-30,0.0,-0.5273183524961166,-0.0,0.000787995118313268,0.5273183524961166,False,1.1338190753788313,0.6884485318951771,0.054770053832395166,0.0
1964-12-31,0.0,-0.5271861388156716,-0.0,0.004907086608802737,0.5271861388156716,False,1.153077409025211,0.7642450754595294,0.06596059594405229,0.0
1965-01-31,0.0,-0.5258708410183802,0.0,-0.005566981706268933,0.5258708410183802,False,1.1797197484286428,0.7780876561115542,0.06229221844187616,0.0
1965-02-28,0.0,-0.5295957475595107,-0.0,0.0033980618879036846,0.5295957475595107,False,1.1580544982564045,0.7847874109014034,0.04174390263685718,0.0
1965-03-31,0.0,-0.5228803222717194,0.0,-0.01525797793054631,0.5228803222717194,False,1.1624795200854219,0.7366469051460022,0.0470160807172183,0.0
1965-04-30,0.0,-0.5267669451685002,0.0,-0.015907869796517447,0.5267669451685002,False,1.145365213405461,0.7691632441866064,0.02522442950156145,0.0
1965-05-31,0.0,-0.5356384246545669,-0.0,0.0034190302615078644,0.5356384246545669,False,1.1498596444929354,0.7634177375307665,0.029180638364854683,0.0
1965-06-30,0.0,-0.5004955635549793,-0.0,0.03759374943119033,0.5004955635549793,False,1.1583149538670983,0.6883501348280937,0.04993564192117278,0.0
1965-07-31,0.0,-0.5038168188049752,-0.0,0.007631387262941722,0.5038168188049752,False,1.1569127809383895,0.6377976782695384,0.0717322316281428,0.0
1965-08-31,0.0,-0.5136820471104376,0.0,-0.005226056712439855,0.5136820471104376,False,1.1512686472112632,0.6089621333993588,0.07827422452065538,0.0
1965-09-30,0.0,-0.5132236091369798,0.0,-0.0065361890230676775,0.5132236091369798,False,1.1748720094692038,0.5382918052862705,0.05527536928396648,0.0
1965-10-31,0.0,-0.5261395374636186,0.0,-0.013206755251182839,0.5261395374636186,False,1.168409653048411,0.5627342106810812,0.10874668617923214,0.0
1965-11-30,0.0,-0.532315647835577,-0.0,0.01381929640703023,0.532315647835577,False,1.170746631050208,0.5219051774044611,0.14622654416706116,0.0
1965-12-31,0.0,-0.5308660108324375,0.0,-0.004120715776459538,0.5308660108324375,False,1.1607910940402366,0.5276526925922493,0.14187439036581972,0.0
1966-01-31,0.0,-0.5307122608287476,-0.0,0.007692207911169716,0.5307122608287476,False,1.1576313835878813,0.5261232176102836,0.14505934242477714,0.0
1966-02-28,0.0,-0.534169921580754,-0.0,0.014908524926870082,0.534169921580754,False,1.1630916986691822,0.5183662431406129,0.15995545384850265,0.0
1966-03-31,0.0,-0.5142325096581626,-0.0,0.03207237878516046,0.5142325096581626,False,1.1534949869396842,0.5243434996546831,0.11062258557220489,0.0
1966-04-30,0.0,-0.5123629455387403,-0.0,0.011384857126290535,0.5123629455387403,False,1.1716278661060682,0.475463826119505,0.09513417809092928,0.0
1966-05-31,0.0,-0.4990026554768502,0.0,-0.016221006775697402,0.4990026554768502,False,1.164273250492554,0.48445310669085884,0.08331189330195166,0.0
1966-06-30,0.0,-0.5349059699018455,0.0,-0.010050968519517535,0.5349059699018455,False,1.1673710096988477,0.502786555789699,0.04135254770906999,0.0
1966-07-31,0.0,-0.5328331764896145,0.0,-0.008808118797686613,0.5328331764896145,False,1.1704792693396355,0.4901189183594539,0.04917453682195788,0.0
1966-08-31,0.0,-0.5311449974101176,0.0,-0.006006327678995616,0.5311449974101176,False,1.1716394376780053,0.5045661015677915,0.05860514753508406,0.0
1966-09-30,0.0,-0.5284891422115436,0.0,-0.012415289241503258,0.5284891422115436,False,1.181992977782119,0.501189377081568,0.031151254202868017,0.0
1966-10-31,0.0,-0.5174916768359228,-0.0,0.01840507990676472,0.5174916768359228,False,1.1836441634185193,0.5243087417822963,0.04884604866290526,0.0
1966-11-30,0.0,-0.5136795836228544,-0.0,0.011302170920955963,0.5136795836228544,False,1.1760757788099112,0.4762603164851314,0.04798235063209255,0.0
1966-12-31,0.0,-0.4955118326495698,-0.0,0.02607730240605749,0.4955118326495698,False,1.1586283676295412,0.37475375792333954,0.04101366815042018,0.0
1967-01-31,0.0,-0.4973623659940693,0.0,-0.0006116203659864951,0.4973623659940693,False,1.1613545535313106,0.37421670670657886,0.033988541098928904,0.0
1967-02-28,0.0,-0.5297185775891665,-0.0,0.016637046236001613,0.5297185775891665,False,1.1749699671104643,0.36219476379836063,0.028862951451297025,0.0
1967-03-31,0.0,-0.5305340684720223,-0.0,0.013609379676826726,0.5305340684720223,False,1.1755777354680415,0.3621422542710574,0.038043174968845794,0.0
1967-04-30,0.0,-0.5282023530726205,0.0,-0.004149372449399604,0.5282023530726205,False,1.1771071718519261,0.37123247987128366,0.06560188787018406,0.0
1967-05-31,0.0,-0.526771733921567,-0.0,0.009968652680981096,0.526771733921567,False,1.1484061867695452,0.32218777827563366,0.09942947034125299,0.0
1967-06-30,0.0,-0.5506548422497567,-0.0,0.0042073599779450365,0.5506548422497567,False,1.1620689166184435,0.3157810909903613,0.11549943725886935,0.0
1967-07-31,0.0,-0.5477535648790656,0.0,-0.004761248347639525,0.5477535648790656,False,1.1764571375361659,0.3178933086373049,0.1065321770404522,0.0
1967-08-31,0.0,-0.5442411533942054,0.0,-0.006317451806706536,0.5442411533942054,False,1.177658501557986,0.30641758718692064,0.09564248722487928,0.0
1967-09-30,0.0,-0.5577418445597095,-0.0,0.014914708492397441,0.5577418445597095,False,1.185540879456724,0.35454466179796773,0.09919543244554746,0.0
1967-10-31,0.0,-0.5424045039435379,0.0,-0.02443034006965201,0.5424045039435379,False,1.2198702001013826,0.42852563567370866,-0.01713556138593944,0.0
1967-11-30,0.0,-0.5359299993639557,0.0,-0.010392406804605962,0.5359299993639557,False,1.224949695257531,0.42244629170623094,-0.04471461085218795,0.0
1967-12-31,0.0,-0.5361582604506006,-0.0,0.005247971405431002,0.5361582604506006,False,1.2272658368947829,0.42462793576264346,-0.048235944563125854,0.0
1968-01-31,0.0,-0.5350385833508126,0.0,-0.006465984075619099,0.5350385833508126,False,1.2257196269410036,0.4427025474623769,-0.05855179933004802,0.0
1968-02-29,0.0,-0.535144395449886,-0.0,0.0012239094680333356,0.535144395449886,False,1.2383164784510123,0.4521336721237126,-0.08829200011077709,0.0
1968-03-31,0.0,-0.5430727144690645,0.0,-0.005392879259620371,0.5430727144690645,False,1.22589998213634,0.44339129296661606,-0.09475953240703763,0.0
1968-04-30,0.0,-0.5550630927818695,-0.0,0.006616395381949171,0.5550630927818695,False,1.230858874856042,0.43985220231594835,-0.09212827087387855,0.0
1968-05-31,0.0,-0.5551259874150063,-0.0,0.0010629022885558835,0.5551259874150063,False,1.2271251521637443,0.4364164829439975,-0.09997091284064259,0.0
1968-06-30,0.0,-0.6070324366443495,0.0,-0.014462813380711906,0.6070324366443495,False,1.1959293949666576,0.40325248700564315,-0.02201128860659709,0.0
1968-07-31,0.0,-0.6093240832269723,-0.0,0.005022851883563636,0.6093240832269723,False,1.198247436941116,0.41113451649024385,-0.02598562277150003,0.0
1968-08-31,0.0,-0.6029175505593293,-0.0,0.015447650891247503,0.6029175505593293,False,1.2095429563565951,0.4161438804393423,-0.011600508783526503,0.0
1968-09-30,0.0,-0.5795856754926513,-0.0,0.028062986436352272,0.5795856754926513,False,1.2280052341476386,0.41968426469781517,-0.05043275691225305,0.0
1968-10-31,0.0,-0.58626702126405,0.0,-0.009758558504977399,0.58626702126405,False,1.2333518746286611,0.44296320256310484,-0.0413466166463243,0.0
1968-11-30,0.0,-0.5856478747493139,-0.0,0.015340205288032368,0.5856478747493139,False,1.2215836357025496,0.4190990703019257,-0.03030601351035689,0.0
1968-12-31,0.0,-0.5870982088763087,0.0,-0.003076552286525857,0.5870982088763087,False,1.2191969647841272,0.4203253209575357,-0.027343382375298195,0.0
1969-01-31,0.0,-0.5877156383031211,0.0,-0.0007838691740741424,0.5877156383031211,False,1.2178877128830812,0.41529293066188677,-0.016931306914906352,0.0
1969-02-28,0.0,-0.5929598013062887,0.0,-0.004825048622961873,0.5929598013062887,False,1.24081018807959,0.4773932157009228,-0.027478540209734087,0.0
1969-03-31,0.0,-0.6325822114592327,-0.0,0.015058546420279918,0.6325822114592327,False,1.2337355803857322,0.45552620017694734,-0.027961536119807395,0.0
1969-04-30,0.0,-0.6380424167434193,-0.0,0.001404457962955628,0.6380424167434193,False,1.236084798696471,0.45925317095342444,-0.03057562563692917,0.0
1969-05-31,0.0,-0.660931166409296,-0.0,0.01059710448541204,0.660931166409296,False,1.2392210669049923,0.4514398784232383,-0.01447028970117055,0.0
1969-06-30,0.0,-0.6726974950615003,0.0,-0.001995261814086145,0.6726974950615003,False,1.2411405539662834,0.45675933230076327,0.005543138848942655,0.0
1969-07-31,0.0,-0.6142686292474593,0.0,-0.0373409344674846,0.6142686292474593,False,1.2472818474466145,0.4736170105646821,-0.02913066999893714,0.0
1969-08-31,0.0,-0.6159404557749741,-0.0,0.009146416983209959,0.6159404557749741,False,1.2472316907358576,0.47774719774052743,-0.04287175033819199,0.0
1969-09-30,0.0,-0.6186082500289605,0.0,-0.012211318461514981,0.6186082500289605,False,1.224422207051087,0.44717641598517865,-0.05052630905448274,0.0
1969-10-31,0.0,-0.6355307614507593,-0.0,0.002155335601204459,0.6355307614507593,False,1.2241539253595048,0.45012819323223585,-0.05870243458102535,0.0
1969-11-30,0.0,-0.6349038665663612,0.0,-0.011179245768129217,0.6349038665663612,False,1.2149018578179565,0.4472309616115737,-0.07764755912281712,0.0
1969-12-31,0.0,-0.663781018326105,0.0,-0.017905606118043427,0.663781018326105,False,1.20936128382112,0.4494906739442097,-0.0940273119591162,0.0
1970-01-31,0.0,-0.6635984655756227,-0.0,0.001974184469476233,0.6635984655756227,False,1.1969178871583313,0.44611558711198485,-0.10059407562220585,0.0
1970-02-28,0.0,-0.6506803183772332,0.0,-0.028809460866321367,0.6506803183772332,False,1.176045662185314,0.42743144381140086,-0.1581199152687433,0.0
1970-03-31,0.0,-0.652976328347833,0.0,-0.018248296632535764,0.652976328347833,False,1.1701186472254537,0.4355893780254556,-0.16413692100139443,0.0
1970-04-30,0.0,-0.621977461276189,0.0,-0.031446867927425654,0.621977461276189,False,1.165434762014136,0.41885121145814097,-0.2200229533279069,0.0
1970-05-31,0.0,-0.6294256131978165,0.0,-0.007082738174961663,0.6294256131978165,False,1.17179181170797,0.4329004117480313,-0.22789516769648427,0.0
1970-06-30,0.0,-0.5633651703323868,-0.0,0.03881296539759429,0.5633651703323868,False,1.1706052598730543,0.45947129080130633,-0.26194162172864477,0.0
1970-07-31,0.0,-0.5625055038672514,0.0,-0.00927216806057714,0.5625055038672514,False,1.171740425614345,0.44824258317137944,-0.25613175031029667,0.0
1970-08-31,0.0,-0.555013684460704,-0.0,0.011748953387036925,0.555013684460704,False,1.1842419302830955,0.44574422996909857,-0.26650831686667587,0.0
1970-09-30,0.0,-0.5509098775217873,-0.0,0.01639974367712494,0.5509098775217873,False,1.1866085745975448,0.45754113787478423,-0.2661206545327247,0.0
1970-10-31,0.0,-0.5588116850855784,0.0,-0.02090631193522326,0.5588116850855784,False,1.1884979391545087,0.41074966549352343,-0.27501844743174414,0.0
1970-11-30,0.0,-0.5222431274393367,0.0,-0.03658005560188077,0.5222431274393367,False,1.2210754120759177,0.41057118190449504,-0.336280550311488,0.0
1970-12-31,0.0,-0.5230771863390767,0.0,-0.008502640690326142,0.5230771863390767,False,1.215364588325019,0.39733299648118114,-0.3236444391100842,0.0
1971-01-31,0.0,-0.5220890778788977,0.0,-0.011173593541204705,0.5220890778788977,False,1.2376111547529227,0.42045089527535895,-0.33452673578245606,0.0
1971-02-28,0.0,-0.5224131043113794,0.0,-0.0036298808197624062,0.5224131043113794,False,1.222062109380828,0.41517518216766547,-0.3448156644022755,0.0
1971-03-31,0.0,-0.5210309261222177,-0.0,0.002589846160334111,0.5210309261222177,False,1.226759909651132,0.3892971745196854,-0.3390474193914115,0.0
1971-04-30,0.0,-0.5217657724889535,0.0,-0.012185162043794138,0.5217657724889535,False,1.2283471199036486,0.3833387593041816,-0.32832183595741704,0.0
1971-05-31,0.0,-0.5204378949324886,-0.0,0.0011494209743447643,0.5204378949324886,False,1.2564035654724088,0.3870186283856222,-0.3364163793242655,0.0
1971-06-30,0.0,-0.5183023724472214,0.0,-0.019019802317925313,0.5183023724472214,False,1.2262869670724348,0.38186774890778274,-0.33448590774874504,0.0
1971-07-31,0.0,-0.5173360146364314,0.0,-0.015074959154679287,0.5173360146364314,False,1.2292396679876108,0.3639535469848246,-0.34440624852735924,0.0
1971-08-31,0.0,-0.5267776189048843,0.0,-0.0018909403507682717,0.5267776189048843,False,1.2371230444565682,0.3574421957067736,-0.36103936868091324,0.0
1971-09-30,0.0,-0.5565356463263711,-0.0,0.00034794976362898574,0.5565356463263711,False,1.237224276160137,0.3566120755336015,-0.35943552249098876,0.0
1971-10-31,0.0,-0.5396149423523354,0.0,-0.029709442959425222,0.5396149423523354,False,1.2471361407730555,0.36101635033435253,-0.38295040246393347,0.0
1971-11-30,0.0,-0.5105414023595821,-0.0,0.02648924176124423,0.5105414023595821,False,1.2419159378113258,0.36822135245248677,-0.3945166114992489,0.0
1971-12-31,0.0,-0.5105686581338513,0.0,-0.008119898586366083,0.5105686581338513,False,1.2482278740211323,0.40238583071827194,-0.3849830491222246,0.0
1972-01-31,0.0,-0.5072653879903062,0.0,-0.01811077213033117,0.5072653879903062,False,1.23287876097283,0.40249298646727116,-0.35121506440201533,0.0
1972-02-29,0.0,-0.4984296881629749,-0.0,0.008186300235640933,0.4984296881629749,False,1.197615530781568,0.3961464376256175,-0.35411688803850516,0.0
1972-03-31,0.0,-0.4875793240982758,-0.0,0.01635211016939786,0.4875793240982758,False,1.1676663111013472,0.3725397378671705,-0.36626608980383235,0.0
1972-04-30,0.0,-0.4878189892804943,0.0,-0.004439725763272149,0.4878189892804943,False,1.1636869475226415,0.3730107240827749,-0.3643548585412094,0.0
1972-05-31,0.0,-0.4893611685443156,-0.0,0.0012513614452095137,0.4893611685443156,False,1.1654016119427195,0.3740748816551316,-0.36176542792293953,0.0
1972-06-30,0.0,-0.4893614182657204,0.0,-0.005981495576835603,0.4893614182657204,False,1.1695107816566013,0.3719386652655733,-0.3617917787341445,0.0
1972-07-31,0.0,-0.5090736539102046,0.0,-0.014698958946100722,0.5090736539102046,False,1.1601378523783534,0.38370537574556596,-0.3425466143916444,0.0
1972-08-31,0.0,-0.5119776770948725,0.0,-0.002279048826307898,0.5119776770948725,False,1.1575988876916674,0.3827498766015389,-0.34136832557872937,0.0
1972-09-30,0.0,-0.5002845865918791,0.0,-0.027810017260424997,0.5002845865918791,False,1.1733645867921434,0.2840284203137913,-0.33790726980502533,0.0
1972-10-31,0.0,-0.49661684282395685,0.0,-0.02120732933827327,0.49661684282395685,False,1.1714044808901047,0.2730048745395507,-0.3159298237901453,0.0
1972-11-30,0.0,-0.4970747223165384,0.0,-0.0063780514780919055,0.4970747223165384,False,1.171387162114771,0.276002438998625,-0.3172856384508799,0.0
1972-12-31,0.0,-0.5006255246858556,0.0,-0.0076213441711269715,0.5006255246858556,False,1.1621497982488815,0.2699550989871532,-0.30859087808346924,0.0
1973-01-31,0.0,-0.47919933038223006,0.0,-0.03618504763374405,0.47919933038223006,False,1.1325340424344923,0.25005287059253756,-0.3206611521706781,0.0
1973-02-28,0.0,-0.47009489641567526,-0.0,0.014053277270619908,0.47009489641567526,False,1.0855162546009052,0.2357017975816027,-0.32553963450056234,0.0
1973-03-31,0.0,-0.453645529921705,-0.0,0.016965682694932302,0.453645529921705,False,1.065540482513726,0.21989970172064222,-0.27539059428720974,0.0
1973-04-30,0.0,-0.45541636366260363,-0.0,0.011408527854500973,0.45541636366260363,False,1.0465017937593861,0.24945306932753042,-0.2996730107496144,0.0
1973-05-31,0.0,-0.45566729667948225,0.0,-0.004259793902232388,0.45566729667948225,False,1.044681091859831,0.26054225769232087,-0.3072240584400034,0.0
1973-06-30,0.0,-0.4752091967315015,-0.0,0.011546729064181584,0.4752091967315015,False,1.0485315878942867,0.2692831993877318,-0.31774219336840676,0.0
1973-07-31,0.0,-0.4709443702401007,-0.0,0.006960636169462367,0.4709443702401007,False,1.0509003250084499,0.2566766453252112,-0.3290325061803472,0.0
1973-08-31,0.0,-0.47546797794579043,0.0,-0.00731693776569774,0.47546797794579043,False,1.0227210660253483,0.2582054200962386,-0.363589322665945,0.0
1973-09-30,0.0,-0.4378621122902225,-0.0,0.033123866148201925,0.4378621122902225,False,1.005864410512468,0.21183213559727493,-0.3377943939110555,0.0
1973-10-31,0.0,-0.4283372790887329,-0.0,0.0193984257280408,0.4283372790887329,False,1.0432070432172371,0.19132804898841205,-0.35714460160017997,0.0
1973-11-30,0.0,-0.43870856606624353,0.0,-0.024822174401927494,0.43870856606624353,False,1.0630304767971648,0.21468120946218328,-0.3655036739392475,0.0
1973-12-31,0.0,-0.3993699564933637,-0.0,0.03620637066813433,0.3993699564933637,False,1.0773736756837697,0.24041312065363485,-0.3127032780699969,0.0
1974-01-31,0.0,-0.40103230402602386,-0.0,0.0036536347364105196,0.40103230402602386,False,1.0838245627492702,0.23769684869210506,-0.3287207016089011,0.0
1974-02-28,0.0,-0.39947788232850806,-0.0,0.0075043255651330324,0.39947788232850806,False,1.0825323988743694,0.2123191688909304,-0.31993792126030834,0.0
1974-03-31,0.0,-0.3982930395596843,-0.0,0.006074465063722816,0.3982930395596843,False,1.1033976484120394,0.23859315551203875,-0.3169345470344185,0.0
1974-04-30,0.0,-0.3911130603551676,-0.0,0.01939806851294418,0.3911130603551676,False,1.091355948985861,0.24628264229497637,-0.32258812496342226,0.0
1974-05-31,0.0,-0.39094762858055304,0.0,-0.001798667411405194,0.39094762858055304,False,1.0909452630501244,0.24686327555525467,-0.3448969164694964,0.0
1974-06-30,0.0,-0.39761972345123753,0.0,-0.0032256366153471123,0.39761972345123753,False,1.0920900094852675,0.23705458124667833,-0.3462393815823561,0.0
1974-07-31,0.0,-0.40218705367680974,-0.0,0.005082246033107067,0.40218705367680974,False,1.0787361157739142,0.21882990961155158,-0.33188823953135677,0.0
1974-08-31,0.0,-0.38529286178517763,-0.0,0.02789158891645404,0.38529286178517763,False,1.08454005784963,0.2014176818036586,-0.3385014181128759,0.0
1974-09-30,0.0,-0.37794569496611885,0.0,-0.014493892947552713,0.37794569496611885,False,1.0917992855088892,0.1987577567634542,-0.32260222327885146,0.0
1974-10-31,0.0,-0.38999423637964303,0.0,-0.0064736938358487045,0.38999423637964303,False,1.0928251632831667,0.18816569823989676,-0.31334355920535895,0.0
1974-11-30,0.0,-0.39388870312062246,0.0,-0.01008788572673004,0.39388870312062246,False,1.0957659380287796,0.1726312260797238,-0.31458805022698155,0.0
1974-12-31,0.0,-0.39459717179452364,-0.0,0.0085638926011937,0.39459717179452364,False,1.08640814059031,0.17379783524435719,-0.3057808267016604,0.0
1975-01-31,0.0,-0.40155171251011124,0.0,-0.00124612293146679,0.40155171251011124,False,1.091313661032571,0.1653911120482875,-0.3067310536610748,0.0
1975-02-28,0.0,-0.3989859161381636,-0.0,0.013347911899773433,0.3989859161381636,False,1.0748477921827666,0.16913163574527548,-0.2926278629754149,0.0
1975-03-31,0.0,-0.3982265350117864,0.0,-0.009532136798307549,0.3982265350117864,False,1.0686190067245902,0.18535724878917353,-0.317161936464578,0.0
1975-04-30,0.0,-0.39889900024680897,-0.0,0.0014662212603343229,0.39889900024680897,False,1.0772460592157411,0.19223008005169584,-0.2542400715024531,0.0
1975-05-31,0.0,-0.3988088729722292,-0.0,0.001080575974769429,0.3988088729722292,False,1.0834891428060525,0.15934744144312532,-0.2601409972833547,0.0
1975-06-30,0.0,-0.3997453215503457,-0.0,0.006293519198499476,0.3997453215503457,False,1.0787425000404218,0.16999015409970789,-0.2511698304000328,0.0
1975-07-31,0.0,-0.4003620665206458,0.0,-0.009748425684841452,0.4003620665206458,False,1.092367552800955,0.17695990351292787,-0.22882484051506968,0.0
1975-08-31,0.0,-0.3999901724841247,-0.0,0.008512643641494275,0.3999901724841247,False,1.088645739921506,0.19951443186957105,-0.20689157201195307,0.0
1975-09-30,0.0,-0.41462380902694906,0.0,-0.004404603059044648,0.41462380902694906,False,1.088295541655114,0.19193117579282498,-0.21890630579115322,0.0
1975-10-31,0.0,-0.41966064561803385,0.0,-0.010116996287628521,0.41966064561803385,False,1.094679842589977,0.19342159845792214,-0.22049227025725537,0.0
1975-11-30,0.0,-0.41945575123265194,0.0,-0.003330677836802638,0.41945575123265194,False,1.0703699740349877,0.19734820646423876,-0.19481293330384486,0.0
1975-12-31,0.0,-0.41698069874258176,0.0,-0.007814954150426373,0.41698069874258176,False,1.0631502416900567,0.194893240414117,-0.19653155187949312,0.0
1976-01-31,0.0,-0.44649606211808335,0.0,-0.004399004806497733,0.44649606211808335,False,1.0452373782372302,0.15090664481677485,-0.17924924265129083,0.0
1976-02-29,0.0,-0.44431717685207256,-0.0,0.019777334635960542,0.44431717685207256,False,1.0250310417893274,0.06422076105783614,-0.10354411994076823,0.0
1976-03-31,0.0,-0.44401570862897477,-0.0,0.020019435894763807,0.44401570862897477,False,1.0293769122892809,0.09020612057872329,-0.06999981972118807,0.0
1976-04-30,0.0,-0.43262033605699196,-0.0,0.027846427531235753,0.43262033605699196,False,0.9869636612176075,0.08297233719936803,-0.02736622465440458,0.0
1976-05-31,0.0,-0.43059226516902527,0.0,-0.003926919996711459,0.43059226516902527,False,0.981855850402078,0.08558402624343803,-0.013697257341747593,0.0
1976-06-30,0.0,-0.4155469932624697,0.0,-0.018927924819220572,0.4155469932624697,False,1.0047562748549388,0.027279610676272548,0.02132479272944976,0.0
1976-07-31,0.0,-0.4145896880694709,0.0,-0.0023431743365940933,0.4145896880694709,False,0.9994459460508143,0.05125321679228195,0.03466583882250962,0.0
1976-08-31,0.0,-0.41186676711720827,0.0,-0.007618423216275097,0.41186676711720827,False,0.9998201679090939,0.05357737602097967,0.026117937498297383,0.0
1976-09-30,0.0,-0.43057837021138695,-0.0,0.017518958594714862,0.43057837021138695,False,1.0222089831782553,0.016015255124952887,-0.015160384021834006,0.0
1976-10-31,0.0,-0.4414900174570132,-0.0,0.006121337673231001,0.4414900174570132,False,1.0307241607456625,-0.005599051243225309,0.005321135724827064,0.0
1976-11-30,0.0,-0.460645598415227,0.0,-0.004964733746415856,0.460645598415227,False,1.0409020690368793,-0.0011943507012215082,0.001981736455144323,0.0
1976-12-31,0.0,-0.5122180645551104,-0.0,0.010906351915610268,0.5122180645551104,False,1.0387178196832436,0.008603069228407034,0.008562879883129315,0.0
1977-01-31,0.0,-0.5016487407995139,0.0,-0.013177498218956493,0.5016487407995139,False,1.0413600511341208,-0.01061127906250492,-0.025212979237669797,0.0
1977-02-28,0.0,-0.49944262438105136,-0.0,0.016631644572544124,0.49944262438105136,False,1.0206013638185323,-0.02554708698022075,-0.03990077024742783,0.0
1977-03-31,0.0,-0.4880312478272609,0.0,-0.015601251230472783,0.4880312478272609,False,1.0324347327490688,-0.007644122202496821,-0.032945162974415465,0.0
1977-04-30,0.0,-0.4996812576382606,-0.0,0.01917650335877018,0.4996812576382606,False,1.024542336412658,0.01799461625198273,-0.04096904954389763,0.0
1977-05-31,0.0,-0.499561790531321,-0.0,0.000832638371987705,0.499561790531321,False,1.0237739791955112,0.01275125523442644,-0.03964247413851557,0.0
1977-06-30,0.0,-0.4980741861380431,0.0,-0.003765122495909814,0.4980741861380431,False,1.011637767375815,0.029732430651836478,-0.04813751803452515,0.0
1977-07-31,0.0,-0.4877456178083579,0.0,-0.01573108933512097,0.4877456178083579,False,1.0289377679829137,0.028069372547390337,-0.0977563617924429,0.0
1977-08-31,0.0,-0.5346064051646563,0.0,-0.000964404038311557,0.5346064051646563,False,1.0317416884492863,0.03111028935696558,-0.09120259682598036,0.0
1977-09-30,0.0,-0.5437012228785162,0.0,-0.008473915124624662,0.5437012228785162,False,1.0003913262214539,0.10499556208563793,-0.09729823934287274,0.0
1977-10-31,0.0,-0.5445037342266769,-0.0,0.00932941790352602,0.5445037342266769,False,0.9936098062817958,0.11412804734866007,-0.11655667642134801,0.0
1977-11-30,0.0,-0.5496418790151613,-0.0,0.00997505430997085,0.5496418790151613,False,0.9877656958735488,0.1193099242029222,-0.1116969530728811,0.0
1977-12-31,0.0,-0.5534163215238632,-0.0,0.012092859695001108,0.5534163215238632,False,0.989638870918711,0.1219384373383001,-0.12162547304531168,0.0
1978-01-31,0.0,-0.5527104442979154,-0.0,0.009013314790279359,0.5527104442979154,False,1.0316929079529538,0.1321874279679328,-0.09883782915938422,0.0
1978-02-28,0.0,-0.5625744746425242,-0.0,0.015572442129289646,0.5625744746425242,False,1.0571227702515333,0.15481300945577597,-0.09591626648946305,0.0
1978-03-31,0.0,-0.5690960431530341,-0.0,0.01009319350144703,0.5690960431530341,False,1.0644988684335015,0.1610110874070161,-0.10591366437638011,0.0
1978-04-30,0.0,-0.5537229296845629,0.0,-0.014524686442507257,0.5537229296845629,False,1.059442856679353,0.17112083804437997,-0.08539691912086417,0.0
1978-05-31,0.0,-0.545853339258577,-0.0,0.019642601863726527,0.545853339258577,False,1.0306129987349677,0.1784245791626603,-0.0418387154586769,0.0
1978-06-30,0.0,-0.5407294313554651,0.0,-0.009017204748019007,0.5407294313554651,False,1.020168683879202,0.18315158947281412,-0.033461526233059424,0.0
1978-07-31,0.0,-0.5471164239507448,-0.0,0.007745425126844963,0.5471164239507448,False,1.0123054531568032,0.19124403879487592,-0.01225514132956712,0.0
1978-08-31,0.0,-0.5392684383740783,-0.0,0.023479603528363802,0.5392684383740783,False,1.0390054754485551,0.17380177750888745,0.051944117185296845,0.0
1978-09-30,0.0,-0.537325709511731,0.0,-0.003880845459311318,0.537325709511731,False,1.0314049434236336,0.20645667262135503,0.05939581909722963,0.0
1978-10-31,0.0,-0.5286629573831894,0.0,-0.015282451438123224,0.5286629573831894,False,1.0010153144338407,0.2412979242902435,0.09496531478382997,0.0
1978-11-30,0.0,-0.5192105879769721,0.0,-0.012978202055981328,0.5192105879769721,False,1.0092251916889112,0.25762382747757906,0.08925288835171186,0.0
1978-12-31,0.0,-0.4796912219124903,0.0,-0.03299653152627562,0.4796912219124903,False,1.0166285981917382,0.22676996808701377,0.07596175263973076,0.0
1979-01-31,0.0,-0.4803020803850667,-0.0,0.003805934669655165,0.4803020803850667,False,1.002020170824903,0.23832860763055844,0.10412821406404571,0.0
1979-02-28,0.0,-0.4838377108236332,0.0,-0.018009449909868323,0.4838377108236332,False,0.9687140269229069,0.2401893192713515,0.13628016129500542,0.0
1979-03-31,0.0,-0.5021855045351753,-0.0,0.004473772052234752,0.5021855045351753,False,0.9610925207285993,0.23721312932298097,0.1303502296726196,0.0
1979-04-30,0.0,-0.5390318247500856,0.0,-0.013276695321857804,0.5390318247500856,False,0.9862873330607667,0.24351163324008765,0.1558649074977212,0.0
1979-05-31,0.0,-0.5383257906949279,-0.0,0.0031666306382666376,0.5383257906949279,False,0.9841469131849739,0.24651115173556748,0.1547385429172809,0.0
1979-06-30,0.0,-0.5473152468494957,0.0,-0.01686525694892215,0.5473152468494957,False,0.977976982197488,0.2415012450740321,0.1688903016812986,0.0
1979-07-31,0.0,-0.5238491423407934,0.0,-0.02822398169837737,0.5238491423407934,False,0.9976643839115986,0.17694583309717793,0.13636683632285235,0.0
1979-08-31,0.0,-0.5181940095830881,-0.0,0.011711566100346297,0.5181940095830881,False,0.9864745446057955,0.22154805565347274,0.11652761821006702,0.0
1979-09-30,0.0,-0.5346960027536795,0.0,-0.016180819985009042,0.5346960027536795,False,0.989137086842922,0.2150157810897807,0.09687042142029384,0.0
1979-10-31,0.0,-0.5229431907506726,-0.0,0.01665831154874958,0.5229431907506726,False,0.974915100419592,0.20947940449816305,0.13827243314600063,0.0
1979-11-30,0.0,-0.4833475281645608,0.0,-0.039715630404285183,0.4833475281645608,False,0.9563587011077703,0.22174847832761535,0.15981714982348347,0.0
1979-12-31,0.0,-0.4903095706584895,0.0,-0.004740775080343715,0.4903095706584895,False,0.9664726859237273,0.22117587949450362,0.1576620262365199,0.0
1980-01-31,0.0,-0.49143040281682626,-0.0,0.003061290138460316,0.49143040281682626,False,0.9618722276951711,0.22252651339422982,0.15554275981779148,0.0
1980-02-29,0.0,-0.5036000020895228,0.0,-0.0014145649343537648,0.5036000020895228,False,0.9811177115793002,0.216995428645822,0.16928017843427134,0.0
1980-03-31,0.0,-0.5066819877285553,-0.0,0.0041222368950513625,0.5066819877285553,False,1.0039458600055366,0.1846995135090721,0.18356486246731174,0.0
1980-04-30,0.0,-0.5254285168601298,0.0,-0.004826885592993167,0.5254285168601298,False,1.0022821093699412,0.1824376251350322,0.18716337611941009,0.0
1980-05-31,0.0,-0.506457906286746,-0.0,0.01873829584809667,0.506457906286746,False,1.0111239625163932,0.1672967082492333,0.17867580942287564,0.0
1980-06-30,0.0,-0.5028027125381157,-0.0,0.0063341073487171795,0.5028027125381157,False,1.0138133280170725,0.1794034107464635,0.1712887621762743,0.0
1980-07-31,0.0,-0.5090763955111806,-0.0,0.001693770714454498,0.5090763955111806,False,1.0109026095353997,0.1785377704322239,0.17183774054153023,0.0
1980-08-31,0.0,-0.5040418495408802,0.0,-0.015669463047124632,0.5040418495408802,False,1.0086374383814871,0.19890300225850366,0.16587459059701926,0.0
1980-09-30,0.0,-0.5036607549419968,0.0,-0.011467456320590569,0.5036607549419968,False,1.007584657011535,0.20128220026454285,0.17129789752834212,0.0
1980-10-31,0.0,-0.5035942986764748,0.0,-0.015029894125984801,0.5035942986764748,False,1.0145698308048243,0.20824018397287272,0.1693010398711945,0.0
1980-11-30,0.0,-0.5066985834980532,-0.0,0.000552732873641009,0.5066985834980532,False,1.0102326851286692,0.21478924379391354,0.18528272301448134,0.0
1980-12-31,0.0,-0.5088527377121118,-0.0,0.005018012509803458,0.5088527377121118,False,1.0102471664766366,0.21578858006072163,0.195819956074408,0.0
1981-01-31,0.0,-0.5121866991295185,0.0,-0.0049840422198988476,0.5121866991295185,False,1.0078360165109501,0.2215175873281126,0.19382672573525747,0.0
1981-02-28,0.0,-0.5185822488737468,0.0,-0.012905548564542905,0.5185822488737468,False,1.0272817870433857,0.2438687973536523,0.13879533071700076,0.0
1981-03-31,0.0,-0.5177829150825678,-0.0,0.005197648445422105,0.5177829150825678,False,1.0208512820444704,0.23182351504554988,0.13456022472136467,0.0
1981-04-30,0.0,-0.4965969174897603,-0.0,0.022437516341645116,0.4965969174897603,False,1.0751163626378775,0.1838994876113759,0.08631424634919327,0.0
1981-05-31,0.0,-0.5049969019143518,-0.0,0.004421261057754265,0.5049969019143518,False,1.075663221069164,0.18250221897536806,0.08405194911186836,0.0
1981-06-30,0.0,-0.5060970706016087,0.0,-0.010767088427819142,0.5060970706016087,False,1.0678897104429566,0.20659632666811478,0.07597645294855793,0.0
1981-07-31,0.0,-0.5009861308238608,-0.0,0.009602870233030133,0.5009861308238608,False,1.054542030205606,0.2214897437188224,0.07888339545154455,0.0
1981-08-31,0.0,-0.5150178022415438,-0.0,0.005112521135860935,0.5150178022415438,False,1.0611407396598866,0.21036687697701723,0.08617553445553161,0.0
1981-09-30,0.0,-0.5154396354968888,0.0,-0.006187210134798113,0.5154396354968888,False,1.0263230785234025,0.25599341132658854,0.12650833067472925,0.0
1981-10-31,0.0,-0.5225263085942491,0.0,-0.002336742608204308,0.5225263085942491,False,1.0223806503454616,0.2528128807841816,0.126215195310186,0.0
1981-11-30,0.0,-0.5276608552006591,0.0,-0.002545095284991679,0.5276608552006591,False,1.021382161723765,0.2514703690479118,0.12852211196470759,0.0
1981-12-31,0.0,-0.5687927735062749,0.0,-0.015429901744226,0.5687927735062749,False,1.0249587405612115,0.24952673428711836,0.11339958121534738,0.0
1982-01-31,0.0,-0.5686660108232603,-0.0,0.0005243652382482517,0.5686660108232603,False,1.0327140782193542,0.25608372588359046,0.12670348269123488,0.0
1982-02-28,0.0,-0.5839006261581535,-0.0,0.003394952300924956,0.5839006261581535,False,1.0414470789922845,0.25290099608979305,0.1318837120911491,0.0
1982-03-31,0.0,-0.5852859552609737,0.0,-0.006128390726875046,0.5852859552609737,False,1.0384164685259678,0.25250115036550286,0.1252124558403554,0.0
1982-04-30,0.0,-0.5917585878763798,-0.0,0.0038893175034552707,0.5917585878763798,False,1.052856332847837,0.22270339339386463,0.12979405824387794,0.0
1982-05-31,0.0,-0.5764386175509151,-0.0,0.016802708523090508,0.5764386175509151,False,1.0362395114758451,0.2346493277991311,0.13614400698436177,0.0
1982-06-30,0.0,-0.5595647809833382,-0.0,0.025700911590397807,0.5595647809833382,False,1.0543356131981494,0.22420782715938264,0.12329613604645673,0.0
1982-07-31,0.0,-0.5937996777352306,0.0,-0.008550879045202292,0.5937996777352306,False,1.0443836815152447,0.2182843415394243,0.13222989697379442,0.0
1982-08-31,0.0,-0.5938186939258177,-0.0,0.012526151486880367,0.5938186939258177,False,1.0481020259332021,0.2199530312486252,0.14115066099814483,0.0
1982-09-30,0.0,-0.6041770201246879,0.0,-0.009541521558167506,0.6041770201246879,False,1.0600006888244125,0.20639983096305273,0.15617585811914386,0.0
1982-10-31,0.0,-0.6195571160326638,-0.0,0.002540784168167629,0.6195571160326638,False,1.0739964837119564,0.20635768459964218,0.16095650001211728,0.0
1982-11-30,0.0,-0.7406108165089512,-0.0,0.009017656263806939,0.7406108165089512,False,1.0861455316760207,0.19254227781340952,0.18557420139819625,0.0
1982-12-31,0.0,-0.6938497298892289,-0.0,0.03491067277945756,0.6938497298892289,False,1.0701901639983622,0.1828323134924607,0.22336567405149413,0.0
1983-01-31,0.0,-0.6915479272005195,0.0,-0.005109654224937842,0.6915479272005195,False,1.0639000223227015,0.19574856310723213,0.2219576419643825,0.0
1983-02-28,0.0,-0.6858946281450373,0.0,-0.009463190242330602,0.6858946281450373,False,1.0491629968851437,0.18618262473939426,0.23068800104255582,0.0
1983-03-31,0.0,-0.6759681953276263,-0.0,0.016902779051808866,0.6759681953276263,False,1.0541103463378865,0.18336720754105448,0.2453645283952682,0.0
1983-04-30,0.0,-0.6753167601317509,-0.0,0.011595323347362338,0.6753167601317509,False,1.069792641861887,0.1657331948428503,0.25148970382644564,0.0
1983-05-31,0.0,-0.6787905024966845,-0.0,0.02302272789647893,0.6787905024966845,False,1.0756729584251215,0.15099749361274623,0.23692977841208712,0.0
1983-06-30,0.0,-0.6686210226376367,0.0,-0.013374204456937116,0.6686210226376367,False,1.0891248429421243,0.14707477344766146,0.24482130097351712,0.0
1983-07-31,0.0,-0.6618146767601953,0.0,-0.00991625191145482,0.6618146767601953,False,1.088669292281166,0.1285373936909152,0.2497898944663537,0.0
1983-08-31,0.0,-0.6440438982454889,0.0,-0.028120745358196343,0.6440438982454889,False,1.0602990541712753,0.1443307765735926,0.252805383907563,0.0
1983-09-30,0.0,-0.6384073145760694,0.0,-0.018857055108814795,0.6384073145760694,False,1.0547695137384543,0.1339208511270171,0.26120068378691147,0.0
1983-10-31,0.0,-0.6529970220355067,-0.0,0.009802886857450246,0.6529970220355067,False,1.061895548316889,0.11635659371142207,0.2563876569830558,0.0
1983-11-30,0.0,-0.6448714203952243,0.0,-0.01240095003235407,0.6448714203952243,False,1.0369008629337406,0.11817052880404602,0.2579766038856521,0.0
1983-12-31,0.0,-0.6383773378603071,-0.0,0.014130960380683382,0.6383773378603071,False,1.0241544733873793,0.1424111719152884,0.22295736769269975,0.0
1984-01-31,0.0,-0.6077173318887886,-0.0,0.030851623885814212,0.6077173318887886,False,1.0128927499628777,0.14299856168322195,0.23230472088301238,0.0
1984-02-29,0.0,-0.6216631978475546,-0.0,0.007303704451389375,0.6216631978475546,False,1.0424395449576005,0.15028707586374024,0.20900002133639692,0.0
1984-03-31,0.0,-0.621571098254199,-0.0,0.0002580313072075779,0.621571098254199,False,1.0356632060108708,0.14170346103125303,0.2137898094204507,0.0
1984-04-30,0.0,-0.639452540310742,0.0,-0.01163712139360783,0.639452540310742,False,1.0341256505505192,0.14916466265337416,0.19713351992097874,0.0
1984-05-31,0.0,-0.630459514248245,0.0,-0.012795925121538968,0.630459514248245,False,1.032987704695292,0.14788866848747817,0.21725292331588425,0.0
1984-06-30,0.0,-0.6402599187763706,-0.0,0.0033487291880311874,0.6402599187763706,False,1.0407296830957202,0.15255489612683665,0.2085381433570409,0.0
1984-07-31,0.0,-0.644982170157195,-0.0,0.004344174382026035,0.644982170157195,False,1.0440678987758139,0.22116305935341612,0.23035318379429462,0.0
1984-08-31,0.0,-0.6460542307348035,-0.0,0.0028412712517671833,0.6460542307348035,False,1.0413656625507413,0.19996927841827736,0.24146667224470025,0.0
1984-09-30,0.0,-0.6504143814829116,-0.0,0.003279239004188182,0.6504143814829116,False,1.04562073749769,0.20407332677269016,0.2513719341061743,0.0
1984-10-31,0.0,-0.6391723393211798,0.0,-0.012997463506633168,0.6391723393211798,False,1.0547979487471906,0.20197441656308596,0.22082891862830012,0.0
1984-11-30,0.0,-0.6381346658849222,0.0,-0.0035270145981031835,0.6381346658849222,False,1.070306135994908,0.22665857147218027,0.21179681820870633,0.0
1984-12-31,0.0,-0.6441129926394715,0.0,-0.011921745004238453,0.6441129926394715,False,1.0737477191403808,0.22869297246370857,0.2002832789892965,0.0
1985-01-31,0.0,-0.6441114404938924,-0.0,0.004086517555315216,0.6441114404938924,False,1.0890171091685217,0.23312712435097266,0.20980046909407524,0.0
1985-02-28,0.0,-0.5853871877126492,0.0,-0.03629227670174246,0.5853871877126492,False,1.0645316724861618,0.24917764535394626,0.1830365775176911,0.0
1985-03-31,0.0,-0.5615636831574664,0.0,-0.0246465935134233,0.5615636831574664,False,1.0645511820166997,0.2254792856241313,0.1964121483991645,0.0
1985-04-30,0.0,-0.5537024243014054,-0.0,0.015605735460218964,0.5537024243014054,False,1.0612580225664157,0.23454856958817624,0.19011128497625807,0.0
1985-05-31,0.0,-0.552551490637416,0.0,-0.01737308492576811,0.552551490637416,False,1.0439727928647924,0.2522502825262114,0.18427677276799603,0.0
1985-06-30,0.0,-0.5554570394285848,0.0,-0.02686924280150178,0.5554570394285848,False,1.0258705122410965,0.1996301976802085,0.22688999173778435,0.0
1985-07-31,0.0,-0.555871346301991,0.0,-0.008029319768379879,0.555871346301991,False,1.0143267759170507,0.206228111863479,0.22335188690505725,0.0
1985-08-31,0.0,-0.5521327573568496,-0.0,0.01429463458585361,0.5521327573568496,False,1.0106363898511872,0.17401292473606506,0.24215144296528957,0.0
1985-09-30,0.0,-0.5538635916982779,0.0,-0.0038605950823119586,0.5538635916982779,False,1.0022962902123265,0.1715075742480028,0.23891989078540798,0.0
1985-10-31,0.0,-0.5542368879762064,0.0,-0.004930117901612815,0.5542368879762064,False,0.9827498695661461,0.16493348712151273,0.22874056926825348,0.0
1985-11-30,0.0,-0.538291430246681,0.0,-0.026082622681210567,0.538291430246681,False,0.968150803494279,0.19421703770564622,0.20732536602316087,0.0
1985-12-31,0.0,-0.5717967987092372,0.0,-0.004933875676126111,0.5717967987092372,False,0.9717068157305055,0.199413419874382,0.20265300546514808,0.0
1986-01-31,0.0,-0.5641431625926369,0.0,-0.019086584003062842,0.5641431625926369,False,0.9494171885523845,0.1845790236642837,0.23751876957221263,0.0
1986-02-28,0.0,-0.5625434912769044,-0.0,0.002382202494266767,0.5625434912769044,False,0.9330794816122335,0.18596863526820823,0.2737469593197769,0.0
1986-03-31,0.0,-0.5755327766737635,0.0,-0.009168755031557655,0.5755327766737635,False,0.9412362371735521,0.19001912438321722,0.2664424895311567,0.0
1986-04-30,0.0,-0.5613127675327771,-0.0,0.019315351517358484,0.5613127675327771,False,0.9289204183643608,0.27364024384601887,0.2934204996819276,0.0
1986-05-31,0.0,-0.5611583770584506,0.0,-0.029302084731361762,0.5611583770584506,False,0.9400046730477943,0.2363198420227513,0.3007820791597694,0.0
1986-06-30,0.0,-0.5624569765370717,0.0,-0.006760288840597726,0.5624569765370717,False,0.9382742005035967,0.24953143307522588,0.2849077893446861,0.0
1986-07-31,0.0,-0.5606181582080503,-0.0,0.0014905693324664307,0.5606181582080503,False,0.9422425232812471,0.24301410294519002,0.28203146485150987,0.0
1986-08-31,0.0,-0.575013176386307,0.0,-0.007150420005888234,0.575013176386307,False,0.9365842609151158,0.2666037315357309,0.27869878213522814,0.0
1986-09-30,0.0,-0.5506288529385059,-0.0,0.022771465856096653,0.5506288529385059,False,0.9317706227825008,0.2858534716045225,0.30396551668783867,0.0
1986-10-31,0.0,-0.557392079518884,0.0,-0.004170282508964771,0.557392079518884,False,0.930262123868832,0.28991981473599976,0.302475264989031,0.0
1986-11-30,0.0,-0.530318653273832,0.0,-0.032965573829348636,0.530318653273832,False,0.9164062110749165,0.36023664096317737,0.3623878435277924,0.0
1986-12-31,0.0,-0.533799247467724,-0.0,0.008612119655416759,0.533799247467724,False,0.9160548767322889,0.358928793909037,0.4047184466974017,0.0
1987-01-31,0.0,-0.5710589468197926,-0.0,0.0018132162776881013,0.5710589468197926,False,0.9145022989989184,0.3597655553809128,0.4087457509741323,0.0
1987-02-28,0.0,-0.5597464987113366,0.0,-0.027379631705373678,0.5597464987113366,False,0.9184293250382588,0.33492834773756236,0.3549657059597038,0.0
1987-03-31,0.0,-0.5612280436547651,0.0,-0.007476017264275196,0.5612280436547651,False,0.9197669324030668,0.328532309872937,0.3700330121363366,0.0
1987-04-30,0.0,-0.5520864283671261,0.0,-0.023346822461838963,0.5520864283671261,False,0.9357865064137513,0.3225113629757791,0.34977152074957507,0.0
1987-05-31,0.0,-0.5387463390968769,-0.0,0.01218777935336937,0.5387463390968769,False,0.957436572638031,0.31555821291899117,0.35695478555864457,0.0
1987-06-30,0.0,-0.5355552848277123,0.0,-0.02033478748189646,0.5355552848277123,False,0.9618550551942081,0.3240864236320504,0.3337868580446035,0.0
1987-07-31,0.0,-0.507139048842099,0.0,-0.03982792044934673,0.507139048842099,False,0.9582235332471006,0.33348477583509034,0.2580923445294542,0.0
1987-08-31,0.0,-0.5098128395681155,0.0,-0.010022015965747507,0.5098128395681155,False,0.9690047376568888,0.3223763349091685,0.25713117513598605,0.0
1987-09-30,0.0,-0.51164292673824,0.0,-0.01703836486173988,0.51164292673824,False,0.9533980625884738,0.33674248025580467,0.24340081297973337,0.0
1987-10-31,0.0,-0.5051044592688764,-0.0,0.003314045080144077,0.5051044592688764,False,0.9557577861546431,0.30545560995313426,0.24417877227528384,0.0
1987-11-30,0.0,-0.49795437199045195,-0.0,0.004504887154854244,0.49795437199045195,False,0.9542174453760626,0.27556082559977524,0.2454651977726457,0.0
1987-12-31,0.0,-0.4725442481224331,-0.0,0.018784115921628472,0.4725442481224331,False,0.987704715364071,0.2636784126662224,0.19747098910227012,0.0
1988-01-31,0.0,-0.46618477649508344,-0.0,0.006699360489106422,0.46618477649508344,False,0.9849719372209527,0.2478443220280518,0.20115147372347686,0.0
1988-02-29,0.0,-0.4796176752643443,-0.0,0.0019914763917399754,0.4796176752643443,False,0.9798417923588594,0.26666084917449556,0.19379035336792266,0.0
1988-03-31,0.0,-0.4863720840872665,-0.0,0.0007370723051469501,0.4863720840872665,False,0.9706038440373105,0.2536634728279941,0.16375422325572164,0.0
1988-04-30,0.0,-0.4882349514811233,-0.0,0.00804754000195605,0.4882349514811233,False,0.9554876021616304,0.2756259520548471,0.1290314620949301,0.0
1988-05-31,0.0,-0.4918292609236635,0.0,-0.001381309280050404,0.4918292609236635,False,0.9671993094386653,0.28292629380635553,0.1458191943670225,0.0
1988-06-30,0.0,-0.496035108033079,-0.0,0.010480424826751444,0.496035108033079,False,0.9520901201344312,0.2866915135693063,0.14174785709773668,0.0
1988-07-31,0.0,-0.49553954776605497,0.0,-0.00039192151745305674,0.49553954776605497,False,0.9490619289782616,0.3147313538109943,0.1484404194672656,0.0
1988-08-31,0.0,-0.4835799801344071,-0.0,0.019352980256853,0.4835799801344071,False,0.9267574978597729,0.26168687402815366,0.04867256758298222,0.0
1988-09-30,0.0,-0.47930183106776086,0.0,-0.016552103855704787,0.47930183106776086,False,0.9235067476025881,0.2588553450837677,0.031137515944310246,0.0
1988-10-31,0.0,-0.4686337698688059,-0.0,0.013695100051307868,0.4686337698688059,False,0.9191614244977948,0.3034381608072028,0.052645980072880516,0.0
1988-11-30,0.0,-0.4668324567342695,-0.0,0.018569001274122587,0.4668324567342695,False,0.9394563725062174,0.2978568268969243,0.045299096171667885,0.0
1988-12-31,0.0,-0.4569392476962101,-0.0,0.015802730878018097,0.4569392476962101,False,0.9232516067494864,0.3280812778044627,0.06888906606040773,0.0
1989-01-31,0.0,-0.45854990862835543,-0.0,0.011833169161700977,0.45854990862835543,False,0.9475796930094633,0.3456187201863024,0.10558178206737862,0.0
1989-02-28,0.0,-0.4572331871457947,-0.0,0.005589011813233666,0.4572331871457947,False,0.9417040324898562,0.34615147693878784,0.11607582620230722,0.0
1989-03-31,0.0,-0.4573499826806296,-0.0,0.007557968287872908,0.4573499826806296,False,0.9252582734606895,0.3504771084821938,0.08369184156885717,0.0
1989-04-30,0.0,-0.4500751974034649,0.0,-0.0220699445018787,0.4500751974034649,False,0.9457163460093211,0.3199906434993199,0.12768482358543043,0.0
1989-05-31,0.0,-0.46878479579730875,0.0,-0.0035869915529420484,0.46878479579730875,False,0.9448134245843468,0.3116914366860073,0.11703879282885604,0.0
1989-06-30,0.0,-0.46111588304048234,-0.0,0.016368380033526878,0.46111588304048234,False,0.9472937705662601,0.31591222855330237,0.12879809227374667,0.0
1989-07-31,0.0,-0.46106493536293763,0.0,-0.0012352696295566542,0.46106493536293763,False,0.9488307368502743,0.31908688817197584,0.13707369665263894,0.0
1989-08-31,0.0,-0.462298947886865,-0.0,0.0033270834474875303,0.462298947886865,False,0.9509928215765463,0.33578150648141775,0.14182671421953344,0.0
1989-09-30,0.0,-0.4622873353017805,0.0,-0.01800257964007142,0.4622873353017805,False,0.9377672545880221,0.33696226553312425,0.16402069525075252,0.0
1989-10-31,0.0,-0.45651212174086536,0.0,-0.01536618071390928,0.45651212174086536,False,0.9421488791748717,0.3470117010644514,0.2086989613633562,0.0
1989-11-30,0.0,-0.47537125138459935,0.0,-0.0149617999651406,0.47537125138459935,False,0.9489186675869619,0.3197360529775721,0.21568716688982703,0.0
1989-12-31,0.0,-0.47494781248466444,-0.0,0.0067163090500923,0.47494781248466444,False,0.9352055736578592,0.30252193949903927,0.2126362826699889,0.0
1990-01-31,0.0,-0.4709923529998653,-0.0,0.010322338023184373,0.4709923529998653,False,0.9129995141431022,0.2681681557259362,0.2299773859283405,0.0
1990-02-28,0.0,-0.4917119875534155,-0.0,0.00173408786706385,0.4917119875534155,False,0.9266968253633284,0.255214790075244,0.24710555057670358,0.0
1990-03-31,0.0,-0.4932031755257127,0.0,-0.004339563965344895,0.4932031755257127,False,0.9261817298799564,0.27882995138768074,0.25050382890523537,0.0
1990-04-30,0.0,-0.5117006654388727,-0.0,0.0032813928176370377,0.5117006654388727,False,0.9275513366619278,0.2692096982862489,0.24900662885279168,0.0
1990-05-31,0.0,-0.502221791013342,0.0,-0.017984859033803178,0.502221791013342,False,0.9415972595682736,0.3057426026397042,0.2607632152658401,0.0
1990-06-30,0.0,-0.5143641379751184,0.0,-0.008043850731210795,0.5143641379751184,False,0.9566389362368554,0.34175245204178384,0.2513503450003211,0.0
1990-07-31,0.0,-0.533136457434924,0.0,-0.03067284040306544,0.533136457434924,False,0.92842328676642,0.31022480441871664,0.21498792931694471,0.0
1990-08-31,0.0,-0.5089997518539316,0.0,-0.02782131034482895,0.5089997518539316,False,0.9239565128277554,0.3624141647207091,0.20755931976601327,0.0
1990-09-30,0.0,-0.5153215706639107,0.0,-0.00982184085400352,0.5153215706639107,False,0.9332854821749179,0.3736906596969511,0.2018667195788864,0.0
1990-10-31,0.0,-0.515259246845928,0.0,-0.00430269539285263,0.515259246845928,False,0.9256672683909668,0.37460574898383886,0.20121019115395167,0.0
1990-11-30,0.0,-0.5103112477398081,-0.0,0.012934782877961345,0.5103112477398081,False,0.9431356239956832,0.36499588609567174,0.19994280279814144,0.0
1990-12-31,0.0,-0.5247247315075495,-0.0,0.004479259885142624,0.5247247315075495,False,0.9478442435676964,0.35848124884779586,0.21192818676654057,0.0
1991-01-31,0.0,-0.5240023473545065,0.0,-0.010624377992765211,0.5240023473545065,False,0.9762548289789248,0.3877051375872209,0.1853598503349822,0.0
1991-02-28,0.0,-0.5203422487869102,-0.0,0.01101362017525864,0.5203422487869102,False,0.9757172644134533,0.37664158588141783,0.1787530357327254,0.0
1991-03-31,0.0,-0.5196161771839152,0.0,-0.005005998045654182,0.5196161771839152,False,0.972602874863111,0.3763322157216697,0.17702900654290432,0.0
1991-04-30,0.0,-0.5203318968375452,-0.0,0.00987664118266687,0.5203318968375452,False,0.9838022790658622,0.36155855820063043,0.1811775376107197,0.0
1991-05-31,0.0,-0.5160993527245374,-0.0,0.011035494360961849,0.5160993527245374,False,0.9924043824414482,0.4004416338392432,0.18270506998496808,0.0
1991-06-30,0.0,-0.5201638625875065,0.0,-0.007696531707608012,0.5201638625875065,False,0.9879636403978483,0.3912810141213765,0.1798040520527831,0.0
1991-07-31,0.0,-0.5179471362410971,0.0,-0.00798076407183494,0.5179471362410971,False,0.9841440760135735,0.39802476700095635,0.17696642547027353,0.0
1991-08-31,0.0,-0.525490369505992,0.0,-0.01878197156963555,0.525490369505992,False,0.9706403185763774,0.3988623332515505,0.16454826769757602,0.0
1991-09-30,0.0,-0.5336279353518933,0.0,-0.0011353625438991404,0.5336279353518933,False,0.9692118180834592,0.3810261562597339,0.1548453913802194,0.0
1991-10-31,0.0,-0.543396463125962,0.0,-0.010833667713096398,0.543396463125962,False,0.9656251474087802,0.38818711585174515,0.15748496214799101,0.0
1991-11-30,0.0,-0.5650154669877331,0.0,-0.012894002182412429,0.5650154669877331,False,0.9731660286769549,0.3336072435531695,0.10077189236335843,0.0
1991-12-31,0.0,-0.5879750260504334,0.0,-0.005775706202892781,0.5879750260504334,False,0.9773094881255807,0.3397747814967962,0.10756620155588703,0.0
1992-01-31,0.0,-0.6043253955106903,0.0,-0.010082564330406187,0.6043253955106903,False,0.9861146855653785,0.33467875427280996,0.10522773312780134,0.0
1992-02-29,0.0,-0.6084061656037328,-0.0,0.00340848567474118,0.6084061656037328,False,0.9898672989288564,0.3415734013012145,0.12585073738538466,0.0
1992-03-31,0.0,-0.5999215096715439,0.0,-0.027716320302590743,0.5999215096715439,False,0.989010268563697,0.3558926378059337,0.1232455079344984,0.0
1992-04-30,0.0,-0.6010178017487918,-0.0,0.016489371739138288,0.6010178017487918,False,0.9661407073044416,0.33933686517437106,0.12414429702053684,0.0
1992-05-31,0.0,-0.5901210267029721,0.0,-0.021521879013727072,0.5901210267029721,False,0.9764992327678619,0.3193936586231483,0.10281025139411681,0.0
1992-06-30,0.0,-0.5670873448570326,-0.0,0.03050453799377373,0.5670873448570326,False,1.0013072614730694,0.3326881895295718,0.13110521691211227,0.0
1992-07-31,0.0,-0.5571523477180124,-0.0,0.012324726555275963,0.5571523477180124,False,0.9988820617705279,0.3309645530379061,0.17097674318026193,0.0
1992-08-31,0.0,-0.5600390762807959,0.0,-0.005641529383206816,0.5600390762807959,False,0.9977833439634738,0.3375086307451008,0.17363955812456683,0.0
1992-09-30,0.0,-0.5641122798242248,-0.0,0.010757716831965183,0.5641122798242248,False,1.019594841243288,0.3318007531181855,0.16619721108420346,0.0
1992-10-31,0.0,-0.5659798526346098,-0.0,0.011110201202983802,0.5659798526346098,False,1.0196403014195068,0.32303043213557503,0.14731615123075478,0.0
1992-11-30,0.0,-0.5740118380200533,0.0,-0.004461609999771336,0.5740118380200533,False,1.0172362967834827,0.3278402146660031,0.14635437558696845,0.0
1992-12-31,0.0,-0.5509861402509124,0.0,-0.02955808436782534,0.5509861402509124,False,0.9878171075770763,0.3588872526684083,0.13707408692707806,0.0
1993-01-31,0.0,-0.5468283960022878,0.0,-0.02359248898262873,0.5468283960022878,False,1.0030427354026037,0.355200025179897,0.12887074388854589,0.0
1993-02-28,0.0,-0.5395645566155397,-0.0,0.011651073357356441,0.5395645566155397,False,0.9903867097228112,0.3394933501793524,0.11399359767309653,0.0
1993-03-31,0.0,-0.535625173426842,0.0,-0.014617990626500876,0.535625173426842,False,0.9965992002860387,0.3147424902407336,0.1034158520996824,0.0
1993-04-30,0.0,-0.5381339178604417,0.0,-0.0034913037635545935,0.5381339178604417,False,0.994505770020045,0.2991789761650837,0.10851607195369911,0.0
1993-05-31,0.0,-0.5392574187540313,-0.0,0.008410907373508365,0.5392574187540313,False,0.997216501998949,0.31893901726837237,0.11043076100528018,0.0
1993-06-30,0.0,-0.5395896648380243,0.0,-0.0008100990709958157,0.5395896648380243,False,0.9962257867752617,0.3138856736300173,0.09743062998874052,0.0
1993-07-31,0.0,-0.5297494506933617,-0.0,0.03023481440613388,0.5297494506933617,False,0.9929536153487648,0.33205439743715087,0.13449118201600052,0.0
1993-08-31,0.0,-0.5534273895363565,0.0,-0.006639412921206891,0.5534273895363565,False,0.977179772546126,0.3443031380568645,0.1839918161458316,0.0
1993-09-30,0.0,-0.5501844310657097,0.0,-0.014002622306487066,0.5501844310657097,False,0.9916455097761587,0.34875961600795147,0.19339318148056328,0.0
1993-10-31,0.0,-0.5482452812847545,-0.0,0.00591650350557801,0.5482452812847545,False,0.9992117132872516,0.3263425965481332,0.1786695922846901,0.0
1993-11-30,0.0,-0.555641320500332,-0.0,0.007640146604149131,0.555641320500332,False,0.9631309852608096,0.32757337683856813,0.19224664366990862,0.0
1993-12-31,0.0,-0.5550161984528541,-0.0,0.00614994457583022,0.5550161984528541,False,0.9966201898826772,0.30827886026885376,0.17444214564674415,0.0
1994-01-31,0.0,-0.5360398952118097,-0.0,0.02300623987727891,0.5360398952118097,False,0.9949744233099616,0.3152948443392074,0.13801666584420955,0.0
1994-02-28,0.0,-0.5415974975865834,0.0,-0.00403272889215553,0.5415974975865834,False,1.0080127508521421,0.3256332522844864,0.12257555230396414,0.0
1994-03-31,-0.511311826700081,-0.511311826700081,0.0,-0.03208465938065746,0.511311826700081,True,1.0075299226778718,0.29328404727065405,0.10480829675390463,0.0
1994-04-30,-0.5151721334605568,-0.5151721334605568,0.0009364570116068554,0.002070551241630528,0.5151721334605568,True,0.9916429934135631,0.31094815908868456,0.07913483210926506,1.0
1994-05-31,-0.5084947114973316,-0.5084947114973316,0.01615430796497056,0.01615430796497056,0.5084947114973316,True,0.9838039039221773,0.32882786470684644,0.05531097847185082,1.0
1994-06-30,-0.5012661243005188,-0.5012661243005188,0.013815285908191696,0.013815285908191696,0.5012661243005188,True,0.9940609125494217,0.2848351951016426,0.042156695142808454,1.0
1994-07-31,-0.49048783090566767,-0.49048783090566767,0.017819730215700404,0.017819730215700404,0.49048783090566767,True,1.0140869291081203,0.2666475617071789,0.03835794196533984,1.0
1994-08-31,-0.4869124518412187,-0.4869124518412187,-0.021442624208157873,-0.021442624208157873,0.4869124518412187,True,1.0114483278417774,0.23634310325239272,0.06004294550593023,1.0
1994-09-30,-0.4790707422735568,-0.4790707422735568,0.014305184189666335,0.014305184189666335,0.4790707422735568,True,1.0578173498591015,0.26256237706123103,0.030101867227255247,1.0
1994-10-31,-0.48208159273925144,-0.48208159273925144,-0.0005294752208618791,-0.0005294752208618791,0.48208159273925144,True,1.0693649578903788,0.26455484506459565,-0.030899064111225144,1.0
1994-11-30,-0.4863633433750677,-0.4863633433750677,-0.0007554015633733904,-0.0007554015633733904,0.4863633433750677,True,1.0640704539268788,0.29952523216416416,-0.03463611314330749,1.0
1994-12-31,-0.48327492704518804,-0.48327492704518804,-0.009857780404577889,-0.009857780404577889,0.48327492704518804,True,1.079871415742112,0.3018716799202893,-0.026775004897486382,1.0
1995-01-31,-0.4852582187894514,-0.4852582187894514,0.004422388110696186,0.004422388110696186,0.4852582187894514,True,1.0969590672450868,0.3414173855749613,-0.09334186448669171,1.0
1995-02-28,-0.45927725217662607,-0.45927725217662607,-0.028766916961852098,-0.028766916961852098,0.45927725217662607,True,1.0813281390995704,0.28252940178735675,-0.13157158960867565,1.0
1995-03-31,0.0,-0.47216338529805013,0.006490255765081547,0.006490255765081547,0.47216338529805013,False,1.0837738979544327,0.29078737493721973,-0.11094335964529642,1.0
1995-04-30,0.0,-0.47709137068946184,-0.0011830598740200497,-0.004253742419514966,0.47709137068946184,False,1.085497216692274,0.29878049300142007,-0.10453787208507553,0.0
1995-05-31,0.0,-0.4765416955336591,0.0,-0.01776998793656367,0.4765416955336591,False,1.0791021674587546,0.2683039096639539,-0.08718987311461002,0.0
1995-06-30,0.0,-0.494357501900124,0.0,-0.01255444305989429,0.494357501900124,False,1.0780715016712736,0.2709522778540564,-0.0924916449358257,0.0
1995-07-31,0.0,-0.49479001266316563,0.0,-0.013055543606262411,0.49479001266316563,False,1.1167975327511706,0.3006025768750913,-0.057394635200705424,0.0
1995-08-31,0.0,-0.49543496456655417,0.0,-0.0017631419633737451,0.49543496456655417,False,1.1349522319542946,0.2326953228954996,-0.06859352630543908,0.0
1995-09-30,0.0,-0.4508838648321895,-0.0,0.03946240596507018,0.4508838648321895,False,1.1023658414571729,0.2682876835100818,-0.005941401501319166,0.0
1995-10-31,0.0,-0.447598211412031,-0.0,0.013369396531461073,0.447598211412031,False,1.103651306958129,0.26642993563188566,-0.0022709579434877225,0.0
1995-11-30,0.0,-0.4299988124603434,0.0,-0.02450070978507925,0.4299988124603434,False,1.1251346490451009,0.30286506785576167,-0.027331577217005076,0.0
1995-12-31,0.0,-0.437909598886827,-0.0,0.016741224455770837,0.437909598886827,False,1.119140806728724,0.2842670578030131,-0.046715594556862056,0.0
1996-01-31,0.0,-0.4432359740403721,0.0,-0.01321956096893677,0.4432359740403721,False,1.1008855441671028,0.3080925606828731,-0.023757722693673378,0.0
1996-02-29,0.0,-0.445758494667417,-0.0,0.0008133355100574775,0.445758494667417,False,1.099257831762729,0.3185406713576281,-0.025056889843205588,0.0
1996-03-31,-0.4463608031268521,-0.4463608031268521,-0.0,0.013009431666354182,0.4463608031268521,True,1.1261545683779757,0.34956242307245233,-0.022233867491755432,0.0
1996-04-30,-0.4467195946294365,-0.4467195946294365,-0.0002684224592138819,0.0007990166500166017,0.4467195946294365,True,1.1187269420273354,0.34906350342111503,-0.014972450758308553,1.0
1996-05-31,-0.4479317080220671,-0.4479317080220671,3.4410567383513874e-05,3.4410567383513874e-05,0.4479317080220671,True,1.1070901039442163,0.34485815843623374,-0.023103448963249174,1.0
1996-06-30,-0.44725487191708485,-0.44725487191708485,0.00637971816051426,0.00637971816051426,0.44725487191708485,True,1.1125214919284938,0.3660062488913843,-0.015288827961736196,1.0
1996-07-31,-0.46722809963952483,-0.46722809963952483,-0.0023324894728438805,-0.0023324894728438805,0.46722809963952483,True,1.1110108506744079,0.34974877879385646,-0.006460737087054302,1.0
1996-08-31,-0.46497189130162425,-0.46497189130162425,-0.009207075847278954,-0.009207075847278954,0.46497189130162425,True,1.1205510151815672,0.3540773569820563,0.022787823852696842,1.0
1996-09-30,-0.4691463496015423,-0.4691463496015423,0.0033525219119298973,0.0033525219119298973,0.4691463496015423,True,1.1213796834321754,0.3515432627482777,0.026476836907651458,1.0
1996-10-31,-0.46152576734059486,-0.46152576734059486,0.01819334576569738,0.01819334576569738,0.46152576734059486,True,1.115180465048354,0.28853589310439165,0.06627491621145329,1.0
1996-11-30,0.0,-0.4615589437399291,0.008292083131324462,0.008292083131324462,0.4615589437399291,False,1.130839547368862,0.2913034150242568,0.05946459250898495,1.0
1996-12-31,-0.45984730116210126,-0.45984730116210126,-0.0011282538548435185,-0.006300691489502732,0.45984730116210126,True,1.1169104219827102,0.2977531359198128,0.0680610619260795,0.0
1997-01-31,-0.47263009775365306,-0.47263009775365306,0.0010572053084578952,0.0021727249343562924,0.47263009775365306,True,1.1104472587785834,0.30000147161727486,0.0690362214934509,1.0
1997-02-28,-0.47061678375721877,-0.47061678375721877,-0.00645640596285429,-0.00645640596285429,0.47061678375721877,True,1.090375268112847,0.2761413359715503,0.08393677895288637,1.0
1997-03-31,-0.4899880526766585,-0.4899880526766585,-0.010961794096072413,-0.010961794096072413,0.4899880526766585,True,1.107001645196572,0.22935171069931415,0.09166459502091828,1.0
1997-04-30,-0.48832600897009315,-0.48832600897009315,-0.005867605146388032,-0.005867605146388032,0.48832600897009315,True,1.113732321943188,0.24384117999682445,0.07535120061689754,1.0
1997-05-31,-0.49763211653879486,-0.49763211653879486,-0.0036680754198658216,-0.0036680754198658216,0.49763211653879486,True,1.0982487265966991,0.2447411195639237,0.09392935743439895,1.0
1997-06-30,0.0,-0.5042247004004888,0.008283732603899608,0.008283732603899608,0.5042247004004888,False,1.0720022749703655,0.23941251185093482,0.09048756019084236,1.0
1997-07-31,0.0,-0.518741307310767,-0.001192227301384667,-0.004773559225477678,0.518741307310767,False,1.0816665879770633,0.23994614369501008,0.09422993257448736,0.0
1997-08-31,0.0,-0.533326365898212,-0.0,0.0038170898141768345,0.533326365898212,False,1.0806131871024334,0.24282058374585302,0.08893207323083657,0.0
1997-09-30,0.0,-0.5341714146885209,-0.0,0.0181164172690021,0.5341714146885209,False,1.0895102260751526,0.3032967553394672,0.10096667320055192,0.0
1997-10-31,0.0,-0.5228067906533939,0.0,-0.0177809072571936,0.5228067906533939,False,1.0910109150837792,0.3031044814032855,0.10421890257686733,0.0
1997-11-30,0.0,-0.5165109037558394,0.0,-0.014055999460168339,0.5165109037558394,False,1.0699330625287617,0.317441809436834,0.10232632489767346,0.0
1997-12-31,-0.5191934550156428,-0.5191934550156428,0.0,-0.0019871027275188383,0.5191934550156428,True,1.0911683270730854,0.2652252292587095,0.1392801898200341,0.0
1998-01-31,-0.514056631504701,-0.514056631504701,-0.01575642990849379,-0.014552860675842725,0.514056631504701,True,1.0837415776155463,0.2693007116167939,0.13113113476532537,1.0
1998-02-28,-0.527623135929878,-0.527623135929878,-0.02103128003256833,-0.02103128003256833,0.527623135929878,True,1.1343134245217183,0.28110942052242105,0.0950538344491028,1.0
1998-03-31,-0.5303256482961896,-0.5303256482961896,-0.008137032585379178,-0.008137032585379178,0.5303256482961896,True,1.1386029778516655,0.30609918217445975,0.09193776846704942,1.0
1998-04-30,-0.5153788826179949,-0.5153788826179949,-0.02248367527637769,-0.02248367527637769,0.5153788826179949,True,1.1350294968275803,0.3079904762989521,0.11341466983799492,1.0
1998-05-31,-0.5231857622230361,-0.5231857622230361,-0.006887117110743785,-0.006887117110743785,0.5231857622230361,True,1.143205475651,0.29639648814907643,0.10816154853069801,1.0
1998-06-30,0.0,-0.5268207578444345,-0.002282169171462385,-0.002282169171462385,0.5268207578444345,False,1.1458158080580727,0.2939590985235121,0.10641258212809646,1.0
1998-07-31,0.0,-0.5265731323868325,-0.0013513876882604516,-0.012571194209090357,0.5265731323868325,False,1.1515916772008978,0.30746966427873546,0.05769346760765545,0.0
1998-08-31,0.0,-0.49623955487765287,-0.0,0.0278672420138817,0.49623955487765287,False,1.1504016807927366,0.31118985154557055,0.04830506354735309,0.0
1998-09-30,0.0,-0.5374183524099877,-0.0,0.023817095347337024,0.5374183524099877,False,1.1690575473204055,0.2647738355755737,0.035168808022928544,0.0
1998-10-31,0.0,-0.5489849730734226,-0.0,0.003079178700918359,0.5489849730734226,False,1.1618197808623651,0.26376293593992295,0.032203749253739256,0.0
1998-11-30,-0.5658290758776827,-0.5658290758776827,0.0,-0.021149655783889117,0.5658290758776827,True,1.1483232466931155,0.3170352696428058,0.058388048530477354,0.0
1998-12-31,-0.5864374948440176,-0.5864374948440176,-0.01413086607463882,-0.012856767144254768,0.5864374948440176,True,1.1339159330798017,0.31434422263392037,0.049685545311172974,1.0
1999-01-31,-0.5926180128856419,-0.5926180128856419,0.005320931224035898,0.005320931224035898,0.5926180128856419,True,1.13754463387575,0.2835972870127492,0.07848776544859515,1.0
1999-02-28,-0.546358085300723,-0.546358085300723,0.03323242663012675,0.03323242663012675,0.546358085300723,True,1.106027729536366,0.3325148212338083,0.08740243790679086,1.0
1999-03-31,-0.5546133596190335,-0.5546133596190335,-0.012421875048138733,-0.012421875048138733,0.5546133596190335,True,1.104725177165438,0.33882223212839224,0.0990065220454352,1.0
1999-04-30,-0.5320854962507957,-0.5320854962507957,0.0234222903674943,0.0234222903674943,0.5320854962507957,True,1.0997206696924464,0.3487782246830514,0.11666747303687314,1.0
1999-05-31,0.0,-0.5251520965204692,0.013020049076904603,0.013020049076904603,0.5251520965204692,False,1.0969746825341213,0.3327235824522139,0.13320303204608697,1.0
1999-06-30,0.0,-0.5217170614761405,-0.0014438004680088368,0.012266154122478725,0.5217170614761405,False,1.076251448819207,0.3612439515112713,0.112790358195967,0.0
1999-07-31,0.0,-0.518024798514157,-0.0,0.00970918043024941,0.518024798514157,False,1.0514305194581082,0.3806451307857559,0.09583780470160247,0.0
1999-08-31,-0.518792019834529,-0.518792019834529,0.0,-0.009532505164439363,0.518792019834529,True,1.0393006413964723,0.4103628960710473,0.08801475317939439,0.0
1999-09-30,-0.5185737874012465,-0.5185737874012465,-0.0067738712759636156,-0.005391849237819896,0.5185737874012465,True,1.0365952347346739,0.41753752505040326,0.08117166770914519,1.0
1999-10-31,-0.5273455570258535,-0.5273455570258535,-0.015522555669753102,-0.015522555669753102,0.5273455570258535,True,1.0391952886027012,0.4085081002825616,0.08828197792061715,1.0
1999-11-30,-0.530211364934227,-0.530211364934227,-0.00829896753520719,-0.00829896753520719,0.530211364934227,True,1.0346049266365698,0.41185014821081306,0.09030759070396926,1.0
1999-12-31,-0.5296860186891205,-0.5296860186891205,0.004973989725801254,0.004973989725801254,0.5296860186891205,True,1.0244918693318947,0.40926379158703685,0.08456013302807608,1.0
2000-01-31,-0.5295187005025158,-0.5295187005025158,0.0010624436953599204,0.0010624436953599204,0.5295187005025158,True,1.0258821342546878,0.41391344241213673,0.08380133567452541,1.0
2000-02-29,-0.5267328301820894,-0.5267328301820894,-0.01370397814846978,-0.01370397814846978,0.5267328301820894,True,1.0531441571403182,0.4540971844253076,0.11584493464217055,1.0
2000-03-31,-0.5112595327556756,-0.5112595327556756,-0.02620991701658498,-0.02620991701658498,0.5112595327556756,True,1.0495162288090298,0.46150695991081386,0.12412498523309312,1.0
2000-04-30,-0.5088808028401368,-0.5088808028401368,0.00763692120536453,0.00763692120536453,0.5088808028401368,True,1.0533595916321452,0.46996007536276624,0.11998739724992269,1.0
2000-05-31,0.0,-0.5089738271009431,0.0010210196295304095,0.0010210196295304095,0.5089738271009431,False,1.0500479279816672,0.46646225707601396,0.11607249386586016,1.0
2000-06-30,0.0,-0.5089199261631263,-0.0015274303989163361,-0.010957067946902425,0.5089199261631263,False,1.0407874409262297,0.45946822214199146,0.11841470282933575,0.0
2000-07-31,0.0,-0.5088155254132564,-0.0,0.002094499931994829,0.5088155254132564,False,1.0251936526471792,0.4794836502412352,0.0923083461303727,0.0
2000-08-31,0.0,-0.5095839854076979,0.0,-7.288232314720776e-05,0.5095839854076979,False,1.0256716844124796,0.4801065102439217,0.09371918102847066,0.0
2000-09-30,0.0,-0.5165756050295863,-0.0,0.010282896569548115,0.5165756050295863,False,1.0459195274604605,0.46885272879541684,0.046912800103993346,0.0
2000-10-31,0.0,-0.5216809670030439,0.0,-0.013176882421082978,0.5216809670030439,False,1.0332793554604867,0.48965275890993437,0.019919476048936735,0.0
2000-11-30,0.0,-0.520149882704621,0.0,-0.017226869838060224,0.520149882704621,False,1.0337403911805356,0.4780885994290471,0.05408622447161904,0.0
2000-12-31,0.0,-0.5144190048536563,0.0,-0.01581569256133121,0.5144190048536563,False,1.024238573414004,0.5118648462294858,0.027691185460061107,0.0
2001-01-31,0.0,-0.5202226930973068,0.0,-0.006075404021968415,0.5202226930973068,False,1.032160590465413,0.5004784625208338,0.03063689679630277,0.0
2001-02-28,0.0,-0.4937378253242304,0.0,-0.03834534076171336,0.4937378253242304,False,1.0062724655555255,0.5533966426573598,0.018739433010079853,0.0
2001-03-31,0.0,-0.4936791956226731,-0.0,0.0015070844797675173,0.4936791956226731,False,0.9824485082602297,0.5459626074876942,-0.0014029024890307995,0.0
2001-04-30,0.0,-0.50339501457895,-0.0,0.006419907062351569,0.50339501457895,False,0.9917943277010141,0.5802685290433282,-0.025929376238812585,0.0
2001-05-31,0.0,-0.48750801226414797,-0.0,0.01935321433992979,0.48750801226414797,False,0.9907118715735284,0.535123253705552,0.00539459688231686,0.0
2001-06-30,0.0,-0.48643729823962556,0.0,-0.008529183456700895,0.48643729823962556,False,0.9836364833855775,0.5366779418021224,-0.011281961345906477,0.0
2001-07-31,0.0,-0.47227993748159,0.0,-0.026732266562348866,0.47227993748159,False,0.980342278195009,0.5155848432094622,0.05283955587783784,0.0
2001-08-31,0.0,-0.4948277483782559,-0.0,0.0049427766778840174,0.4948277483782559,False,0.9968426421368826,0.5126985160343616,0.06043316493117906,0.0
2001-09-30,0.0,-0.511184645742285,0.0,-0.019373622286379663,0.511184645742285,False,0.9916313277944687,0.5059863503629206,0.053889589569254326,0.0
2001-10-31,0.0,-0.48270027068462196,-0.0,0.024904056386877527,0.48270027068462196,False,0.9701688781151835,0.5726897581149962,-0.044862775163944546,0.0
2001-11-30,0.0,-0.4897550939679351,0.0,-0.014132968696637006,0.4897550939679351,False,0.9740469529519918,0.5712080022745123,-0.04695256916636359,0.0
2001-12-31,0.0,-0.4926776709730829,0.0,-0.005954126794590756,0.4926776709730829,False,0.9702323763164832,0.5744104645594835,-0.04682581095908417,0.0
2002-01-31,-0.4928254589239593,-0.4928254589239593,0.0,-0.011467745517020109,0.4928254589239593,True,0.9718797975100271,0.5780391559166376,-0.047938633993646285,0.0
2002-02-28,-0.5104285628188749,-0.5104285628188749,0.013544280344527985,0.015041137032600412,0.5104285628188749,True,0.9596828564380667,0.6174857357673478,-0.08785171569667011,1.0
2002-03-31,-0.5103998864643645,-0.5103998864643645,0.003737556604986123,0.003737556604986123,0.5103998864643645,True,0.958316955714631,0.6323778118904977,-0.06951594683607826,1.0
2002-04-30,-0.530668146533195,-0.530668146533195,-0.002628129681055456,-0.002628129681055456,0.530668146533195,True,0.9611846303647289,0.6368093831195296,-0.06056524787102058,1.0
2002-05-31,-0.5345663151454788,-0.5345663151454788,0.005415979137045274,0.005415979137045274,0.5345663151454788,True,0.9544712246956562,0.64039297515542,-0.07726979352731106,1.0
2002-06-30,-0.5235667813712264,-0.5235667813712264,-0.029194719800607793,-0.029194719800607793,0.5235667813712264,True,0.9495520358715029,0.6403817977017999,-0.07478723599422304,1.0
2002-07-31,0.0,-0.5248143783639685,0.0048236364439232255,0.0048236364439232255,0.5248143783639685,False,0.9438942140232245,0.6292805775943655,-0.08401859936717898,1.0
2002-08-31,0.0,-0.5225975266892325,-0.0017082406057255875,0.0032780259913321604,0.5225975266892325,False,0.9473989063732641,0.6249289152494345,-0.08589766127891485,0.0
2002-09-30,0.0,-0.5206673611837663,0.0,-0.014113253357001856,0.5206673611837663,False,0.9583991812523474,0.6090832345783607,-0.07463079154464791,0.0
2002-10-31,0.0,-0.5113544162272021,-0.0,0.014242773618107317,0.5113544162272021,False,0.971501669582947,0.6132691605591755,-0.054756774347497206,0.0
2002-11-30,-0.49348407239390957,-0.49348407239390957,-0.0,0.01921027476644893,0.49348407239390957,True,0.9952296785426411,0.5598853380512423,-0.022873558920588122,0.0
2002-12-31,-0.4925141445974598,-0.4925141445974598,-0.014016643811212662,-0.012714374783889084,0.4925141445974598,True,1.0023224475735795,0.5537813065070449,-0.025718590805518304,1.0
2003-01-31,-0.48583869849378236,-0.48583869849378236,0.010575109539733623,0.010575109539733623,0.48583869849378236,True,1.0008290725861397,0.5553130457573983,0.00012860767568745324,1.0
2003-02-28,-0.48806169121269677,-0.48806169121269677,0.003930054114412959,0.003930054114412959,0.48806169121269677,True,0.9781362106383962,0.5539133598442996,0.07487661135777113,1.0
2003-03-31,-0.4841157343873485,-0.4841157343873485,-0.027979990913561993,-0.027979990913561993,0.4841157343873485,True,0.9861658373199241,0.5132694952903355,0.09508261010862373,1.0
2003-04-30,-0.48484897026106766,-0.48484897026106766,0.004671369960669958,0.004671369960669958,0.48484897026106766,True,0.9945375083789405,0.5098797166899383,0.09593336287019116,1.0
2003-05-31,-0.48339299580168243,-0.48339299580168243,0.004948551593833671,0.004948551593833671,0.48339299580168243,True,0.9857957595158378,0.5145452402807594,0.11387563741006457,1.0
2003-06-30,-0.4864908334503646,-0.4864908334503646,-0.0013794787779808349,-0.0013794787779808349,0.4864908334503646,True,0.9822535936153278,0.5144491668975814,0.1138832747781775,1.0
2003-07-31,-0.4804589268647878,-0.4804589268647878,-0.015440356188800903,-0.015440356188800903,0.4804589268647878,True,1.0049090660006503,0.5068718834521573,0.0840670446116557,1.0
2003-08-31,-0.4714475104660605,-0.4714475104660605,0.015020872898500993,0.015020872898500993,0.4714475104660605,True,1.01148054586933,0.46900136078525034,0.09079264919136798,1.0
2003-09-30,-0.47082479000388483,-0.47082479000388483,-0.01336378939064377,-0.01336378939064377,0.47082479000388483,True,0.997738540250054,0.525526414750691,0.10612898141438509,1.0
2003-10-31,-0.46444753931187654,-0.46444753931187654,-0.02053700631108771,-0.02053700631108771,0.46444753931187654,True,1.0152208326201806,0.5076594444193312,0.13318042880931458,1.0
2003-11-30,-0.46683746123357517,-0.46683746123357517,0.00713639679801708,0.00713639679801708,0.46683746123357517,True,1.0310885518504902,0.5045945414061757,0.110917024186027,1.0
2003-12-31,-0.4582379703170977,-0.4582379703170977,-0.023352652510015583,-0.023352652510015583,0.4582379703170977,True,1.0426002766719464,0.48814543434937374,0.1331632603555748,1.0
2004-01-31,-0.44713856412174646,-0.44713856412174646,0.016980665775603684,0.016980665775603684,0.44713856412174646,True,1.0563655182467142,0.46749576638935003,0.09012212892926497,1.0
2004-02-29,-0.47913171962962003,-0.47913171962962003,0.007324117085862995,0.007324117085862995,0.47913171962962003,True,1.0965734219724763,0.4021348516977249,0.07351113847825774,1.0
2004-03-31,0.0,-0.4756858216035466,-0.012225694455411508,-0.012225694455411508,0.4756858216035466,False,1.104008896021932,0.41413246672131243,0.09601182549501586,1.0
2004-04-30,0.0,-0.4763082407595582,-0.0013115759773344045,-0.008877689687784565,0.4763082407595582,False,1.1150984485237496,0.3844991158459025,0.07277760825386093,0.0
2004-05-31,0.0,-0.48441343219593924,-0.0,0.011219773387499769,0.48441343219593924,False,1.1387198203035431,0.34473593560472315,0.06903019304962066,0.0
2004-06-30,0.0,-0.48118157952534424,-0.0,0.009173124453280834,0.48118157952534424,False,1.1477261030188695,0.3572677388043667,0.04792141688865725,0.0
2004-07-31,0.0,-0.5006292544824269,-0.0,0.006079639590109719,0.5006292544824269,False,1.1566061897917754,0.3458944605527917,0.06394920347256039,0.0
2004-08-31,0.0,-0.49502068083825734,-0.0,0.013027917595345537,0.49502068083825734,False,1.1740215809174068,0.342164544725686,0.05520948068217946,0.0
2004-09-30,0.0,-0.5047656868932647,-0.0,0.007999318318462055,0.5047656868932647,False,1.1652348353069797,0.3482980279886978,0.049645585771272316,0.0
2004-10-31,0.0,-0.5139183433968034,-0.0,0.019493785582218617,0.5139183433968034,False,1.1897737773391508,0.34844323335739613,0.018850427670318748,0.0
2004-11-30,0.0,-0.5161884697295733,0.0,-0.010918918161718347,0.5161884697295733,False,1.203167734015755,0.336832923784785,0.029698486307854433,0.0
2004-12-31,0.0,-0.505253275265917,0.0,-0.018250814743436726,0.505253275265917,False,1.2212886075299751,0.33688268010166184,0.04464009431067173,0.0
2005-01-31,0.0,-0.5082921720763998,0.0,-0.003880895349511104,0.5082921720763998,False,1.2222371282738056,0.3210176253425916,0.03520492089790528,0.0
2005-02-28,-0.5175280357344301,-0.5175280357344301,-0.0,0.006314006135954913,0.5175280357344301,True,1.214638572826874,0.31694704322123324,0.06398789873240007,0.0
2005-03-31,-0.5170128431351471,-0.5170128431351471,-0.008813266429067473,-0.007541684645201797,0.5170128431351471,True,1.2100470125030311,0.315400920049001,0.05767523191575341,1.0
2005-04-30,-0.49205802350045386,-0.49205802350045386,-0.02823575041036078,-0.02823575041036078,0.49205802350045386,True,1.2178910997532673,0.3180638451190333,0.052419122371718974,1.0
2005-05-31,-0.48048792816528463,-0.48048792816528463,0.018738476057091995,0.018738476057091995,0.48048792816528463,True,1.2487334727047934,0.3520050606200823,0.06083238528767643,1.0
2005-06-30,-0.502320425648346,-0.502320425648346,8.730226107374307e-05,8.730226107374307e-05,0.502320425648346,True,1.2549878105332053,0.3515575586387304,0.05985787246374907,1.0
2005-07-31,-0.4990327076707312,-0.4990327076707312,-0.011903026845536383,-0.011903026845536383,0.4990327076707312,True,1.2809544800769297,0.3480804127193178,0.03842329765703667,1.0
2005-08-31,-0.4996395658667861,-0.4996395658667861,0.0021592034928250015,0.0021592034928250015,0.4996395658667861,True,1.2836321460132656,0.3536563873884666,0.041035940287433625,1.0
2005-09-30,-0.5039572355237967,-0.5039572355237967,0.002744319453031489,0.002744319453031489,0.5039572355237967,True,1.2726390049443461,0.36213406046668273,0.047607685053380866,1.0
2005-10-31,0.0,-0.5022307937617752,0.01675380242891877,0.01675380242891877,0.5022307937617752,False,1.2848690193901122,0.2973258256271134,0.10344919201786684,1.0
2005-11-30,0.0,-0.5088353241642796,-0.0013408658462770165,0.014760225504560975,0.5088353241642796,False,1.2899529474161855,0.3014921394965131,0.07946809452171677,0.0
2005-12-31,0.0,-0.5142101513143301,0.0,-0.000351346981800779,0.5142101513143301,False,1.2976746023000967,0.303688810820848,0.11426697373305306,0.0
2006-01-31,-0.5123895510072153,-0.5123895510072153,-0.0,0.015098907188511116,0.5123895510072153,True,1.2917697072016159,0.32371869698061617,0.11743340580402029,0.0
2006-02-28,-0.4642641136482314,-0.4642641136482314,0.04086770241865192,0.04224381471087243,0.4642641136482314,True,1.2880373432563377,0.2963739179725831,0.022992043585637445,1.0
2006-03-31,-0.49140832136322055,-0.49140832136322055,-0.0009336996094652362,-0.0009336996094652362,0.49140832136322055,True,1.2909333582323708,0.2866734232965431,0.012181194441725163,1.0
2006-04-30,-0.49131168586868224,-0.49131168586868224,0.0002433808029509622,0.0002433808029509622,0.49131168586868224,True,1.2882335747393872,0.2800943113097343,0.014583701359568657,1.0
2006-05-31,-0.48323352679338677,-0.48323352679338677,0.019632675161452954,0.019632675161452954,0.48323352679338677,True,1.2829172998873077,0.2995406604648533,0.01805210659621803,1.0
2006-06-30,-0.4811866236711065,-0.4811866236711065,-0.0050235993435245796,-0.0050235993435245796,0.4811866236711065,True,1.2897990569921176,0.29884116136488137,0.012470507069097803,1.0
2006-07-31,-0.48388865063998937,-0.48388865063998937,-0.011725971003609456,-0.011725971003609456,0.48388865063998937,True,1.2843547462493725,0.3217004444353069,-0.07184125596006585,1.0
2006-08-31,-0.48928785548773074,-0.48928785548773074,0.003947884364162888,0.003947884364162888,0.48928785548773074,True,1.302291224254632,0.3208181549362309,-0.06759381152689525,1.0
2006-09-30,0.0,-0.496457783031849,0.011817124679539314,0.011817124679539314,0.496457783031849,False,1.3058193205170001,0.3550419633734303,-0.07223849346622857,1.0
2006-10-31,0.0,-0.5174772116382028,-0.0012829986409470394,0.007702657319928992,0.5174772116382028,False,1.313957199208677,0.33507800002805965,-0.049740790509584576,0.0
2006-11-30,0.0,-0.4941897772910919,0.0,-0.021612412904545818,0.4941897772910919,False,1.306552975911541,0.2970230826862158,-0.045744417136544424,0.0
2006-12-31,0.0,-0.509916198976635,0.0,-0.012279304763975053,0.509916198976635,False,1.3072470012143127,0.291324981263268,-0.061283239436352055,0.0
2007-01-31,0.0,-0.5170128367764324,-0.0,0.013664750972691974,0.5170128367764324,False,1.3024367616359007,0.28477157167314904,-0.030018781233455583,0.0
2007-02-28,0.0,-0.5169029450156551,0.0,-0.0019388592067442457,0.5169029450156551,False,1.3224933234334197,0.2517394504263939,-0.015428380976890699,0.0
2007-03-31,0.0,-0.5153971840561254,0.0,-0.011833289474448954,0.5153971840561254,False,1.317060595290939,0.24471236098944038,-0.01733838387375708,0.0
2007-04-30,0.0,-0.5199112645359902,-0.0,0.005729716746305973,0.5199112645359902,False,1.3118456977982296,0.23018357060648653,-0.02502139057977093,0.0
2007-05-31,0.0,-0.5223575203444097,0.0,-0.0038445578734817953,0.5223575203444097,False,1.3168567061147223,0.22566801575527262,-0.025163262355027305,0.0
2007-06-30,-0.522763976800446,-0.522763976800446,0.0,-0.0055171709556949,0.522763976800446,True,1.3121395445404258,0.2290493137137355,-0.01993539487813778,0.0
2007-07-31,-0.5203166266153317,-0.5203166266153317,-0.00864827604847727,-0.007469968797502818,0.5203166266153317,True,1.3119267313953165,0.22219468045020885,-0.025454601708021274,1.0
2007-08-31,-0.5275816429660071,-0.5275816429660071,0.0005933735614070796,0.0005933735614070796,0.5275816429660071,True,1.3163266579900124,0.22255019879647553,-0.03057050738613798,1.0
2007-09-30,-0.5306424762299856,-0.5306424762299856,0.002557025700693307,0.002557025700693307,0.5306424762299856,True,1.312660702609508,0.21504139106996034,-0.03395690746296687,1.0
2007-10-31,-0.5303277504722942,-0.5303277504722942,-0.020156555040235075,-0.020156555040235075,0.5303277504722942,True,1.3083662632996556,0.205988848267877,-0.04342714381469337,1.0
2007-11-30,-0.5207781128390964,-0.5207781128390964,0.020373998745139475,0.020373998745139475,0.5207781128390964,True,1.312121037372009,0.22937886246131572,-0.06519992193586055,1.0
2007-12-31,-0.5322029637512405,-0.5322029637512405,0.006954753875910218,0.006954753875910218,0.5322029637512405,True,1.3040132119823027,0.2344611494529032,-0.05846914876519005,1.0
2008-01-31,-0.5310412282861379,-0.5310412282861379,-0.004440858027557151,-0.004440858027557151,0.5310412282861379,True,1.3031267236496322,0.23646881255769664,-0.0640638241052125,1.0
2008-02-29,-0.5227890797972427,-0.5227890797972427,-0.015063449070499902,-0.015063449070499902,0.5227890797972427,True,1.3019811262429712,0.2458785200191257,-0.08317146270714404,1.0
2008-03-31,-0.5245640862894179,-0.5245640862894179,0.0011213926197378007,0.0011213926197378007,0.5245640862894179,True,1.2933624227519513,0.26645938196768115,-0.08614108460377601,1.0
2008-04-30,-0.5546786326949845,-0.5546786326949845,-0.005569992692551711,-0.005569992692551711,0.5546786326949845,True,1.2889604159116015,0.2710874801847577,-0.10324162033309148,1.0
2008-05-31,-0.5369639922277094,-0.5369639922277094,-0.02993448280808022,-0.02993448280808022,0.5369639922277094,True,1.3012411756907856,0.2720388610053698,-0.14343622331419725,1.0
2008-06-30,-0.5364737398320824,-0.5364737398320824,-0.0040056148451799506,-0.0040056148451799506,0.5364737398320824,True,1.3040494723657903,0.27268830328340365,-0.15237255264564964,1.0
2008-07-31,-0.5416524562887896,-0.5416524562887896,0.000839565156873898,0.000839565156873898,0.5416524562887896,True,1.3176703347393959,0.2709677318878869,-0.18614707860739754,1.0
2008-08-31,-0.5370645463961693,-0.5370645463961693,0.011794074164833945,0.011794074164833945,0.5370645463961693,True,1.3155341548109423,0.28466543871103744,-0.15559042373022036,1.0
2008-09-30,-0.5190258387797411,-0.5190258387797411,0.02368472910800279,0.02368472910800279,0.5190258387797411,True,1.3083524107847926,0.2860416680035812,-0.19732749297466268,1.0
2008-10-31,-0.5306023958029352,-0.5306023958029352,-0.002110094846033779,-0.002110094846033779,0.5306023958029352,True,1.2967239886283692,0.29272843879126564,-0.20989831484070676,1.0
2008-11-30,-0.540526125045723,-0.540526125045723,-0.0001004193240173212,-0.0001004193240173212,0.540526125045723,True,1.3072604493276088,0.2979692277645757,-0.22230810226975528,1.0
2008-12-31,-0.5287008694668582,-0.5287008694668582,0.018868168756626263,0.018868168756626263,0.5287008694668582,True,1.3005517574951975,0.26280678339391794,-0.23023867272804588,1.0
2009-01-31,-0.5009291298135777,-0.5009291298135777,-0.031917643307802224,-0.031917643307802224,0.5009291298135777,True,1.2899903721012431,0.284543304993074,-0.22005724605525323,1.0
2009-02-28,-0.5762215980773667,-0.5762215980773667,0.0009762245986861474,0.0009762245986861474,0.5762215980773667,True,1.2955696805295855,0.2740547072525299,-0.22553830977858969,1.0
2009-03-31,-0.5761401543905347,-0.5761401543905347,-0.003099883728314772,-0.003099883728314772,0.5761401543905347,True,1.2979411430855174,0.27686835899801976,-0.24512742012748523,1.0
2009-04-30,0.0,-0.562289750896164,0.018094536038578492,0.018094536038578492,0.562289750896164,False,1.2910270400447623,0.29805052474898375,-0.23680896225139458,1.0
2009-05-31,0.0,-0.5805423732957294,-0.001701894981615533,-0.011198262865341906,0.5805423732957294,False,1.2880075653677348,0.3038747028496027,-0.2346537470345057,0.0
2009-06-30,0.0,-0.5620018840619178,0.0,-0.02416775149422399,0.5620018840619178,False,1.2732293705639957,0.2904924172258778,-0.2073991050842725,0.0
2009-07-31,-0.5630377313315219,-0.5630377313315219,-0.0,0.008909583367735743,0.5630377313315219,True,1.2615855285135642,0.29764070155116373,-0.22337822135192142,0.0
2009-08-31,-0.5594728063483777,-0.5594728063483777,-0.015113201198897143,-0.013499117779538335,0.5594728063483777,True,1.2585786816779974,0.28455478139557033,-0.23557008868880658,1.0
2009-09-30,-0.5629449529522366,-0.5629449529522366,-0.0153131460596985,-0.0153131460596985,0.5629449529522366,True,1.2603981891272857,0.2847238393097634,-0.22422206531009026,1.0
2009-10-31,-0.5633989995204723,-0.5633989995204723,0.005992757809890832,0.005992757809890832,0.5633989995204723,True,1.2421487059278877,0.27657362341524694,-0.20859041209575224,1.0
2009-11-30,-0.5740041173158461,-0.5740041173158461,0.011251525151075865,0.011251525151075865,0.5740041173158461,True,1.238813921288546,0.2936870346576028,-0.2280458256905858,1.0
2009-12-31,-0.5774164918276866,-0.5774164918276866,0.00694909139213836,0.00694909139213836,0.5774164918276866,True,1.231967799141397,0.3141372814025245,-0.2458351451825807,1.0
2010-01-31,0.0,-0.5782024644445981,0.014313285398568075,0.014313285398568075,0.5782024644445981,False,1.228582264758357,0.2977467142997746,-0.23769193442559566,1.0
2010-02-28,0.0,-0.5636375602192586,-0.0017414390393376581,0.018795873793240808,0.5636375602192586,False,1.2274601433323837,0.31144246749301885,-0.2424283140656157,0.0
2010-03-31,0.0,-0.5644077655961175,0.0,-0.012088282943607628,0.5644077655961175,False,1.2286345345497947,0.30100192943673987,-0.23693889802256662,0.0
2010-04-30,0.0,-0.5662922345128686,0.0,-0.0014485456182551542,0.5662922345128686,False,1.21731664617409,0.2911045587774358,-0.22903367862173285,0.0
2010-05-31,0.0,-0.5642246162313704,0.0,-0.008231566793689592,0.5642246162313704,False,1.1804589599590982,0.25652385414146234,-0.22266954544081463,0.0
2010-06-30,0.0,-0.5649526277351601,0.0,-0.0033481996754500037,0.5649526277351601,False,1.1737167803996584,0.23827751632690117,-0.2202672434309787,0.0
2010-07-31,0.0,-0.5668903192845346,-0.0,0.001971452177758102,0.5668903192845346,False,1.162340672279743,0.21357479538637422,-0.2415152492593513,0.0
2010-08-31,0.0,-0.5666833458649596,0.0,-0.0031022661162012784,0.5666833458649596,False,1.1597981364171552,0.21071356004478156,-0.24183843692397422,0.0
2010-09-30,0.0,-0.5561563435019274,-0.0,0.016626640365717708,0.5561563435019274,False,1.1635009518214678,0.21554364976520446,-0.2009763626823693,0.0
2010-10-31,0.0,-0.5559269295303078,-0.0,0.022465663377070063,0.5559269295303078,False,1.1599528412306497,0.23891804883438922,-0.25232789468778527,0.0
2010-11-30,0.0,-0.5726543652128341,0.0,-0.004644772544253893,0.5726543652128341,False,1.1561957803011547,0.2352562640707948,-0.2399119945701189,0.0
2010-12-31,0.0,-0.5748230368510223,0.0,-0.002346631582448677,0.5748230368510223,False,1.1544438713115341,0.24055882085825564,-0.2444524785679667,0.0
2011-01-31,-0.5683456084962741,-0.5683456084962741,0.0,-0.013659946516688322,0.5683456084962741,True,1.1639425662960248,0.23035991148894874,-0.24407521931710485,0.0
2011-02-28,-0.5772481226757197,-0.5772481226757197,-0.006792351523017421,-0.005249535717328563,0.5772481226757197,True,1.1766814065469664,0.22016456011675883,-0.17708573585096504,1.0
2011-03-31,-0.5471392398419815,-0.5471392398419815,-0.03000128974811258,-0.03000128974811258,0.5471392398419815,True,1.175909956200975,0.19255345103816984,-0.14114863378286968,1.0
2011-04-30,-0.5431779869756028,-0.5431779869756028,-0.013439428965741447,-0.013439428965741447,0.5431779869756028,True,1.168226183192504,0.20914317318590037,-0.14004039613599195,1.0
2011-05-31,-0.5550289376274629,-0.5550289376274629,0.020802626018904067,0.020802626018904067,0.5550289376274629,True,1.1730777431037234,0.22545707121998082,-0.1502422416947018,1.0
2011-06-30,-0.5554590868344097,-0.5554590868344097,-0.0002504060833277357,-0.0002504060833277357,0.5554590868344097,True,1.1677280857038492,0.2233640221839956,-0.1433792488288641,1.0
2011-07-31,-0.540246551043943,-0.540246551043943,0.020068708109690532,0.020068708109690532,0.540246551043943,True,1.152268265870402,0.23046928629243818,-0.10489683435420794,1.0
2011-08-31,-0.5451224402272442,-0.5451224402272442,-0.00482778867757009,-0.00482778867757009,0.5451224402272442,True,1.1348279294792902,0.24585006904837262,-0.10257817677571227,1.0
2011-09-30,-0.5611767998704797,-0.5611767998704797,0.013566336782170431,0.013566336782170431,0.5611767998704797,True,1.141216607465358,0.2619396626789928,-0.06973895908755973,1.0
2011-10-31,-0.5612531108523495,-0.5612531108523495,-0.001536828302902669,-0.001536828302902669,0.5612531108523495,True,1.1339460256342067,0.2625631364645198,-0.07785384482549251,1.0
2011-11-30,-0.5567715731428101,-0.5567715731428101,0.01003118468819308,0.01003118468819308,0.5567715731428101,True,1.1490049040338228,0.2743532985755374,-0.08689132392147259,1.0
2011-12-31,0.0,-0.5665781757316022,0.011294967032065771,0.011294967032065771,0.5665781757316022,False,1.1449941612467178,0.28420025910878466,-0.10275490527702458,1.0
2012-01-31,0.0,-0.6186605548531563,-0.0013794650490192698,0.008488799538675406,0.6186605548531563,False,1.1540855982739646,0.2883432639156957,-0.14171339744647948,0.0
2012-02-29,0.0,-0.6158956158889678,-0.0,0.009248320138807728,0.6158956158889678,False,1.1505786759647307,0.2845074738213951,-0.1519663321037893,0.0
2012-03-31,-0.6105624667286812,-0.6105624667286812,-0.0,0.014195982257716986,0.6105624667286812,True,1.161117370394973,0.2887732648847421,-0.1387615116595492,0.0
2012-04-30,-0.6232080109140151,-0.6232080109140151,-0.0004335514782956623,0.0011536876449049925,0.6232080109140151,True,1.1619801066329971,0.28723681483474184,-0.13852415671255258,1.0
2012-05-31,-0.598770768746571,-0.598770768746571,0.03179829053768819,0.03179829053768819,0.598770768746571,True,1.1660782717126323,0.2859687230218292,-0.08564800510605153,1.0
2012-06-30,-0.6184341024001772,-0.6184341024001772,-0.014606978546756055,-0.014606978546756055,0.6184341024001772,True,1.162837381062417,0.28873881441804716,-0.08615665768746866,1.0
2012-07-31,-0.6133076225047046,-0.6133076225047046,-0.009151603643755895,-0.009151603643755895,0.6133076225047046,True,1.1709712483911874,0.29959392341713403,-0.08729855562110794,1.0
2012-08-31,-0.6263741649812941,-0.6263741649812941,0.001490706488254655,0.001490706488254655,0.6263741649812941,True,1.1698179805907587,0.299349722663879,-0.08745926356896311,1.0
2012-09-30,0.0,-0.6387429797644216,-0.006218925040718621,-0.006218925040718621,0.6387429797644216,False,1.1740243150636058,0.30153939349878167,-0.08642280290080645,1.0
2012-10-31,0.0,-0.6310661155413865,-0.0015984639347647576,0.01850881442791439,0.6310661155413865,False,1.1699685841118572,0.3371072609949307,-0.07151259366315393,0.0
2012-11-30,0.0,-0.6143120568238898,0.0,-0.017939007620394166,0.6143120568238898,False,1.1527581756809355,0.3314750113598697,-0.04425937634784202,0.0
2012-12-31,0.0,-0.6152875261810999,-0.0,0.00627698585321365,0.6152875261810999,False,1.1525621396961092,0.33396626107975613,-0.04753116064673818,0.0
2013-01-31,0.0,-0.6120325405541798,0.0,-0.012783866074120366,0.6120325405541798,False,1.157158039554818,0.3373496457393793,-0.058075829918176,0.0
2013-02-28,-0.6112641787329636,-0.6112641787329636,0.0,-0.01680177886916778,0.6112641787329636,True,1.1653395642621502,0.32276447299062927,-0.0369039610220524,0.0
2013-03-31,-0.6198525836052377,-0.6198525836052377,-0.0015205044104682067,-6.167040267242643e-05,0.6198525836052377,True,1.1649761554070097,0.3223956851205423,-0.03842178897834589,1.0
2013-04-30,-0.616317443633406,-0.616317443633406,-0.007649105069707536,-0.007649105069707536,0.616317443633406,True,1.1675962762010799,0.311391594713766,-0.030977291045665267,1.0
2013-05-31,-0.6112442778018705,-0.6112442778018705,-0.013543621745582006,-0.013543621745582006,0.6112442778018705,True,1.150461773676297,0.2971501368632765,0.02575412075192468,1.0
2013-06-30,-0.6113072518143648,-0.6113072518143648,0.0063630087672110905,0.0063630087672110905,0.6113072518143648,True,1.1121281989432104,0.26539689035770575,0.04411102612946666,1.0
2013-07-31,-0.6066052161613366,-0.6066052161613366,-0.008507852994317971,-0.008507852994317971,0.6066052161613366,True,1.099563900915389,0.26313426971309983,0.05905757602798711,1.0
2013-08-31,0.0,-0.6052667999415128,-0.0052982785226491245,-0.0052982785226491245,0.6052667999415128,False,1.0989739541050705,0.2645162972280275,0.05212616140526316,1.0
2013-09-30,0.0,-0.5829208369880124,-0.0014287139506383077,0.030904251231206936,0.5829208369880124,False,1.0823149153409553,0.29074980764720376,0.09530307660158122,0.0
2013-10-31,0.0,-0.6023968915217686,-0.0,0.0072093539617657555,0.6023968915217686,False,1.0771593156656585,0.29208925443562994,0.09580544394941487,0.0
2013-11-30,0.0,-0.6007199801182599,-0.0,0.010689208676873369,0.6007199801182599,False,1.0660261687103774,0.3038961190997312,0.1016979717582488,0.0
2013-12-31,0.0,-0.5894350771378478,0.0,-0.015139426983038995,0.5894350771378478,False,1.0713595094325679,0.355009075857677,0.07975268708295263,0.0
2014-01-31,0.0,-0.581000583525622,0.0,-0.01984571757221911,0.581000583525622,False,1.1009873121230083,0.30192881789365633,0.06665804524107799,0.0
2014-02-28,0.0,-0.5822486213079247,-0.0,0.0027967697092758114,0.5822486213079247,False,1.0917026859314027,0.3419745745498227,0.07696544311507333,0.0
2014-03-31,0.0,-0.609295408886108,0.0,-0.015595786611412659,0.609295408886108,False,1.0987340829288943,0.3100814553300117,0.08769681314000433,0.0
2014-04-30,0.0,-0.6090421345063081,-0.0,0.017657588246778915,0.6090421345063081,False,1.101094432923794,0.28236467075754895,0.08389658153769075,0.0
2014-05-31,0.0,-0.6268329969497218,-0.0,0.01372103479142027,0.6268329969497218,False,1.1028007378964055,0.25960561639196156,0.08554111466635697,0.0
2014-06-30,0.0,-0.6115263360160528,0.0,-0.016321438279067357,0.6115263360160528,False,1.1173000340704737,0.2821451630126959,0.0617147324185906,0.0
2014-07-31,0.0,-0.6161602399900379,-0.0,0.02219266867926202,0.6161602399900379,False,1.123019552704248,0.2917681689909566,0.08585464227706749,0.0
2014-08-31,0.0,-0.5743285063462317,-0.0,0.03713015887873565,0.5743285063462317,False,1.1082984102166873,0.2834197149588541,0.12576939711876856,0.0
2014-09-30,0.0,-0.5645349589713288,0.0,-0.017298521901532693,0.5645349589713288,False,1.1111927943158402,0.2719996900955116,0.08983300682575365,0.0
2014-10-31,0.0,-0.5636676979881469,-0.0,0.008421330981012628,0.5636676979881469,False,1.1135408039905828,0.29692295161775134,0.08679810571790846,0.0
2014-11-30,0.0,-0.5394797342397487,0.0,-0.024961192185880308,0.5394797342397487,False,1.1229076705861196,0.2996830785118107,0.10278144993595983,0.0
2014-12-31,0.0,-0.5426659359844561,-0.0,0.008640097588272732,0.5426659359844561,False,1.121601402378948,0.28631572159834745,0.09953018485560444,0.0
2015-01-31,-0.5444556380747755,-0.5444556380747755,0.0,-0.0035305831447560616,0.5444556380747755,True,1.1083185207794792,0.28770386136851034,0.09343553709584625,0.0
2015-02-28,-0.5476656928179673,-0.5476656928179673,4.6585066275944614e-05,0.0013961167274237987,0.5476656928179673,True,1.1111368314032188,0.2833314002489108,0.08432220052449396,1.0
2015-03-31,-0.5511253937024775,-0.5511253937024775,-0.009572198294932844,-0.009572198294932844,0.5511253937024775,True,1.1201094471750372,0.29555646067273444,0.07433116865932884,1.0
2015-04-30,-0.550551349126981,-0.550551349126981,-0.004560834894312441,-0.004560834894312441,0.550551349126981,True,1.1050176259581974,0.2924600099632302,0.07086299852970111,1.0
2015-05-31,-0.5773093047587513,-0.5773093047587513,0.014083312650081456,0.014083312650081456,0.5773093047587513,True,1.1231876477337293,0.3084816488688547,0.05578251478232002,1.0
2015-06-30,-0.5804377313260928,-0.5804377313260928,0.009636939320369103,0.009636939320369103,0.5804377313260928,True,1.127334532728388,0.323418242334272,0.05120297296024263,1.0
2015-07-31,0.0,-0.5811975256824196,-0.006308529670514551,-0.006308529670514551,0.5811975256824196,False,1.1196710128227807,0.32284576242027785,0.06938138746580837,1.0
2015-08-31,0.0,-0.5514718240005527,-0.0014512222014177356,-0.02880647358649891,0.5514718240005527,False,1.145575802605056,0.3511374785930654,0.05791233407703174,0.0
2015-09-30,-0.5072487242328698,-0.5072487242328698,-0.0,0.03641458292334251,0.5072487242328698,True,1.152435482763885,0.31192122266624533,0.02997770997193025,0.0
2015-10-31,-0.5134012185638824,-0.5134012185638824,-0.008482796303637151,-0.00744788526824023,0.5134012185638824,True,1.1495794163599673,0.3328479332314581,0.10282283165948047,1.0
2015-11-30,-0.5197333096680437,-0.5197333096680437,-0.005699095443317743,-0.005699095443317743,0.5197333096680437,True,1.1277518690231498,0.3229253585585662,0.10400314594473536,1.0
2015-12-31,-0.5164651791094148,-0.5164651791094148,0.011161180510435497,0.011161180510435497,0.5164651791094148,True,1.1170199749328986,0.3160253064528963,0.10069843091958419,1.0
2016-01-31,-0.5174615229567886,-0.5174615229567886,0.009335835053521846,0.009335835053521846,0.5174615229567886,True,1.0982117827891973,0.28517224982118383,0.09125620613916438,1.0
2016-02-29,-0.5249497523693901,-0.5249497523693901,0.0019853199880255886,0.0019853199880255886,0.5249497523693901,True,1.0916559699784771,0.291325658607413,0.09804577540456971,1.0
2016-03-31,0.0,-0.5238593243699804,0.006907562463999919,0.006907562463999919,0.5238593243699804,False,1.1018325852098092,0.32246451028065365,0.08203063608249049,1.0
2016-04-30,-0.519202626537247,-0.519202626537247,-0.0013224831125865357,-0.01157622623305169,0.519202626537247,True,1.1003370296862476,0.32287901788982104,0.0917870320140437,0.0
2016-05-31,-0.5237425788340097,-0.5237425788340097,0.00508381551002203,0.00640437103126546,0.5237425788340097,True,1.108975420105824,0.31902390765722755,0.09524778771099171,1.0
2016-06-30,-0.5096987812798033,-0.5096987812798033,0.022929279018495886,0.022929279018495886,0.5096987812798033,True,1.1074907691594595,0.319349105144767,0.11054939045109789,1.0
2016-07-31,-0.5110206443301427,-0.5110206443301427,0.009665963674694621,0.009665963674694621,0.5110206443301427,True,1.1139383464967225,0.30913520357410273,0.09088796405003366,1.0
2016-08-31,-0.5124883784858297,-0.5124883784858297,0.004700510327961152,0.004700510327961152,0.5124883784858297,True,1.119157526793546,0.30339529787733044,0.08899081621091898,1.0
2016-09-30,-0.5217355539338537,-0.5217355539338537,-0.01568554065785241,-0.01568554065785241,0.5217355539338537,True,1.125340699412234,0.2779311825115732,0.08664982321842024,1.0
2016-10-31,-0.5065979748531937,-0.5065979748531937,-0.020101417705049373,-0.020101417705049373,0.5065979748531937,True,1.110449962143163,0.28652001391924653,0.08056993381515754,1.0
2016-11-30,-0.5093568010510149,-0.5093568010510149,0.0017957325333381156,0.0017957325333381156,0.5093568010510149,True,1.099701196833297,0.29632579586687735,0.08054166618244085,1.0
2016-12-31,-0.49903845683746784,-0.49903845683746784,0.02311151520149855,0.02311151520149855,0.49903845683746784,True,1.0897937889692204,0.30514594972982334,0.13558069700702519,1.0
2017-01-31,0.0,-0.5097769181152048,-0.00025347270455538346,-0.00025347270455538346,0.5097769181152048,False,1.0771577516532422,0.31257780854708217,0.16436380802858314,1.0
2017-02-28,0.0,-0.49982029812385015,-0.001320811826383368,0.01908159511262742,0.49982029812385015,False,1.1097927449124252,0.3141959760188911,0.208861545384034,0.0
2017-03-31,0.0,-0.5078967840107178,-0.0,0.0025893433077480996,0.5078967840107178,False,1.108441280819735,0.310252890454202,0.20346064556671636,0.0
2017-04-30,0.0,-0.513292296483464,0.0,-0.0007312785907021976,0.513292296483464,False,1.1071944273500496,0.30751565053980695,0.2029650104013232,0.0
2017-05-31,0.0,-0.5145139605073824,0.0,-0.005778534457060533,0.5145139605073824,False,1.0793203951931847,0.28516800445896734,0.1547580051834164,0.0
2017-06-30,0.0,-0.5216465770618747,0.0,-0.0046508244824403095,0.5216465770618747,False,1.0816103248667677,0.2820118142500531,0.16124292686137456,0.0
2017-07-31,0.0,-0.5166851958226072,-0.0,0.022429916611356928,0.5166851958226072,False,1.0699866332369026,0.3119751061485396,0.1921376217392342,0.0
2017-08-31,0.0,-0.546943596932403,0.0,-0.006549140027734308,0.546943596932403,False,1.0753271171843481,0.30816695383634235,0.19311154646152603,0.0
2017-09-30,0.0,-0.5606755714798662,0.0,-0.0001187057211354895,0.5606755714798662,False,1.0641442058519115,0.3060197525728182,0.19221620784535862,0.0
2017-10-31,0.0,-0.5492443560063685,0.0,-0.016978688258651592,0.5492443560063685,False,1.04596258394828,0.261698973578129,0.15126229017801113,0.0
2017-11-30,0.0,-0.5523432629398741,0.0,-0.02424519802063561,0.5523432629398741,False,1.0292687132318021,0.22756273936117816,0.15092562825861777,0.0
2017-12-31,0.0,-0.5528047024966063,-0.0,0.006861865217527375,0.5528047024966063,False,1.0245296285016072,0.2193299732063134,0.1418312799163497,0.0
2018-01-31,0.0,-0.5468994064169618,-0.0,0.014287965934755792,0.5468994064169618,False,1.0295683425100106,0.22906838189253856,0.177367029626528,0.0
2018-02-28,0.0,-0.5277283324351245,-0.0,0.0249631428807603,0.5277283324351245,False,1.023188814936426,0.264004066363531,0.15293983394002852,0.0
2018-03-31,0.0,-0.5296573853183526,0.0,-0.006450408498310109,0.5296573853183526,False,1.0171529243898902,0.2653868137773139,0.15988067995031136,0.0
2018-04-30,0.0,-0.5259846574662397,0.0,-0.009588986274069082,0.5259846574662397,False,1.0261639535101441,0.31103174102454056,0.18743311648978356,0.0
2018-05-31,0.0,-0.5310559013436112,-0.0,0.0026939562903964542,0.5310559013436112,False,1.0185983769803912,0.31989612002432827,0.1698980909555467,0.0
2018-06-30,0.0,-0.526469512782465,0.0,-0.011495871276375823,0.526469512782465,False,0.9889227203620587,0.32066165659179385,0.1734174516904281,0.0
2018-07-31,0.0,-0.5282845409429373,0.0,-0.0001872989726577856,0.5282845409429373,False,0.9910039561923789,0.3221963061171246,0.17230803372857656,0.0
2018-08-31,0.0,-0.5463761350446209,0.0,-0.01539360837092867,0.5463761350446209,False,0.970529827836006,0.3063213726672628,0.12665465688178845,0.0
2018-09-30,0.0,-0.5450296928327102,0.0,-0.035414878677075406,0.5450296928327102,False,1.0394893885692773,0.2863738003575681,0.09538603983792612,0.0
2018-10-31,0.0,-0.5467018173597435,0.0,-0.005759171953450188,0.5467018173597435,False,1.0499117722682796,0.2888594345003852,0.09157827752597097,0.0
2018-11-30,0.0,-0.5381422048820398,0.0,-0.01763219809622315,0.5381422048820398,False,1.0811634381555255,0.3037470689044728,0.0967517537392805,0.0
2018-12-31,0.0,-0.5025961718224046,-0.0,0.033293832113025175,0.5025961718224046,False,1.0825795989707796,0.2800050326401953,0.08540147007715648,0.0
2019-01-31,0.0,-0.5015373275943847,0.0,-0.011725413442785639,0.5015373275943847,False,1.0653970361807081,0.3317241011684695,0.09523780921896008,0.0
2019-02-28,0.0,-0.4973036695302009,-0.0,0.010625490751409537,0.4973036695302009,False,1.0795436583385118,0.3273647934317453,0.09405508851553124,0.0
2019-03-31,0.0,-0.48818331650996055,0.0,-0.01872896637533271,0.48818331650996055,False,1.0725484889696537,0.30886163437933956,0.11657166079427739,0.0
2019-04-30,0.0,-0.4913040701104448,-0.0,0.003911195774853227,0.4913040701104448,False,1.0776973388421012,0.3243864963531745,0.12002684583282186,0.0
2019-05-31,0.0,-0.49139120821036547,0.0,-0.006839591013038632,0.49139120821036547,False,1.0858712179336938,0.3477934312971396,0.11349480798661477,0.0
2019-06-30,0.0,-0.5064554917434495,0.0,-0.009817529727595581,0.5064554917434495,False,1.1014029432135621,0.36251116815488427,0.10454846748126467,0.0
2019-07-31,0.0,-0.5102900201359267,0.0,-0.003893150199716581,0.5102900201359267,False,1.1149216421093768,0.35191891602178493,0.0877998532343065,0.0
2019-08-31,0.0,-0.5020292929641915,0.0,-0.020046462791032206,0.5020292929641915,False,1.116659860595806,0.3549243612410171,0.0846489103278335,0.0
2019-09-30,0.0,-0.5062702349679943,-0.0,0.004839889799556788,0.5062702349679943,False,1.1109546904790357,0.3682394726325099,0.10527464673152975,0.0
2019-10-31,0.0,-0.5103627869552859,0.0,-0.01819409507832976,0.5103627869552859,False,1.1063159303598282,0.32407458694141533,0.11145402566565077,0.0
2019-11-30,0.0,-0.5104100631449597,0.0,-0.0072222381388952,0.5104100631449597,False,1.0846887079476293,0.3343497744009968,0.10949022257641039,0.0
2019-12-31,0.0,-0.5339135283922062,0.0,-0.008871606250089505,0.5339135283922062,False,1.09129179604249,0.32116751260449916,0.1042311987880411,0.0
2020-01-31,0.0,-0.5312890506451942,-0.0,0.0037680855620384314,0.5312890506451942,False,1.0874773094895391,0.32854427405932096,0.10478172644087214,0.0
2020-02-29,0.0,-0.5205673595681254,0.0,-0.034875311884231174,0.5205673595681254,False,1.0932123043785897,0.36969856643287813,0.17879840630798804,0.0
2020-03-31,0.0,-0.5213988667447983,0.0,-0.011620091753359573,0.5213988667447983,False,1.0968442675348378,0.36628656088132394,0.1661042291370346,0.0
2020-04-30,0.0,-0.5212744421152496,0.0,-0.0028288703918831824,0.5212744421152496,False,1.1020414534639693,0.3618908010338213,0.17042317226022186,0.0
2020-05-31,0.0,-0.519575749378305,-0.0,0.0004267109575523798,0.519575749378305,False,1.0976338203440434,0.3510632539170234,0.1790543118367146,0.0
2020-06-30,0.0,-0.5193526380038974,0.0,-0.009332991174194238,0.5193526380038974,False,1.1050801310810574,0.32615179031221675,0.1801009604491513,0.0
2020-07-31,0.0,-0.5447451011387375,0.0,-0.017260291223250807,0.5447451011387375,False,1.122420602210817,0.31516746615194535,0.19018480889206785,0.0
2020-08-31,0.0,-0.544675334257221,0.0,-0.0068910859427495355,0.544675334257221,False,1.1075550206790483,0.28731151806932176,0.20128627469961363,0.0
2020-09-30,0.0,-0.5361313554268037,-0.0,0.007746767434706522,0.5361313554268037,False,1.107345474686469,0.30214216975214847,0.2189159449095708,0.0
2020-10-31,-0.530400213688878,-0.530400213688878,-0.0,0.009000979770784366,0.530400213688878,True,1.0846713063315718,0.318922284008604,0.21385199578203695,0.0
2020-11-30,-0.5433656126379013,-0.5433656126379013,-0.01197826806848518,-0.01049644422587577,0.5433656126379013,True,1.0855616939946704,0.3302745391019447,0.20342450766816778,1.0
2020-12-31,-0.5388824482178161,-0.5388824482178161,0.008480934596588885,0.008480934596588885,0.5388824482178161,True,1.0944896191727271,0.32634308869704975,0.2136566201582234,1.0
2021-01-31,-0.5238542839914996,-0.5238542839914996,0.020503721436589892,0.020503721436589892,0.5238542839914996,True,1.1454285851566883,0.36000002792353164,0.22007779753053947,1.0
2021-02-28,-0.5542727099538626,-0.5542727099538626,-0.006763613927312155,-0.006763613927312155,0.5542727099538626,True,1.142094203445714,0.3581028648512611,0.2229156865868927,1.0
2021-03-31,-0.5511519141065147,-0.5511519141065147,0.0019363250734954075,0.0019363250734954075,0.5511519141065147,True,1.1400824294027123,0.3627973584197306,0.2162438168269324,1.0
2021-04-30,-0.5191580374690932,-0.5191580374690932,0.024403484154922554,0.024403484154922554,0.5191580374690932,True,1.154809772700074,0.36325028192457365,0.21558584078662382,1.0
2021-05-31,-0.5156156486168278,-0.5156156486168278,-0.017025703146369864,-0.017025703146369864,0.5156156486168278,True,1.1433981255354158,0.34651305824638756,0.2104827472882405,1.0
2021-06-30,-0.5178989417279167,-0.5178989417279167,-0.00851248075853668,-0.00851248075853668,0.5178989417279167,True,1.1478322754869927,0.3545245239045979,0.18990531831493174,1.0
2021-07-31,-0.5165843387059865,-0.5165843387059865,0.00020865655895254358,0.00020865655895254358,0.5165843387059865,True,1.1503257401487088,0.3617586957783838,0.20103471172013435,1.0
2021-08-31,-0.5060769382279772,-0.5060769382279772,-0.027946031138878773,-0.027946031138878773,0.5060769382279772,True,1.139617903470878,0.332157301492055,0.22312053030801418,1.0
2021-09-30,-0.49988527024552215,-0.49988527024552215,0.026809666548237156,0.026809666548237156,0.49988527024552215,True,1.1502744609088214,0.3718635687371207,0.23162696322049472,1.0
2021-10-31,-0.49537906664209513,-0.49537906664209513,0.007464894862057729,0.007464894862057729,0.49537906664209513,True,1.156164946626165,0.3751477789311978,0.2238033094460925,1.0
2021-11-30,-0.49222464799119475,-0.49222464799119475,0.014099880941684566,0.014099880941684566,0.49222464799119475,True,1.163469775681164,0.3637942129014724,0.2159862393657916,1.0
2021-12-31,-0.5231677978732263,-0.5231677978732263,0.01085598569935805,0.01085598569935805,0.5231677978732263,True,1.201409368669568,0.3688128125810749,0.20434108925220607,1.0
2022-01-31,0.0,-0.5232722805220891,-0.01428901804431449,-0.01428901804431449,0.5232722805220891,False,1.1853667799076748,0.36858095989041173,0.21230021956792225,1.0
2022-02-28,0.0,-0.5222850111749826,-0.001587076306410199,-0.017786747975179578,0.5222850111749826,False,1.1838838192466064,0.37559356271552896,0.17800569748303635,0.0
2022-03-31,0.0,-0.5294686289375923,-0.0,0.007244933385058736,0.5294686289375923,False,1.183623430382724,0.37345010328677053,0.1707672181957542,0.0
2022-04-30,0.0,-0.5116655392340563,-0.0,0.01928231623464172,0.5116655392340563,False,1.1975200312905376,0.3520941195620201,0.14755930956575575,0.0
2022-05-31,0.0,-0.5100227818144586,-0.0,0.006545545766417073,0.5100227818144586,False,1.1937610809014865,0.35962654384341175,0.1478490160256509,0.0
2022-06-30,0.0,-0.5063705522695305,-0.0,0.012257657960162196,0.5063705522695305,False,1.2015746605429298,0.37056025094401046,0.1475986509243797,0.0
2022-07-31,0.0,-0.4949535768841489,0.0,-0.02061218769286626,0.4949535768841489,False,1.2105378996913148,0.3632557116054143,0.12611338945218337,0.0
2022-08-31,0.0,-0.506193382002292,0.0,-0.009529174122704626,0.506193382002292,False,1.20026063145377,0.3600961847988755,0.13194065018589263,0.0
2022-09-30,0.0,-0.505246350504377,0.0,-0.010536238624821446,0.505246350504377,False,1.2107245996496308,0.36620544470202676,0.1350392465265951,0.0
2022-10-31,0.0,-0.5144802665530186,0.0,-0.009471577791981283,0.5144802665530186,False,1.2061863521699436,0.3637549241926484,0.14758943521178503,0.0
2022-11-30,0.0,-0.5059539201670925,-0.0,0.014784294404419914,0.5059539201670925,False,1.2180394564991526,0.3687122219094769,0.14899404447501832,0.0
2022-12-31,0.0,-0.49593480591833455,-0.0,0.0187251118844083,0.49593480591833455,False,1.2139585981941041,0.36929041116932365,0.14333499619189802,0.0
2023-01-31,0.0,-0.4952450697082575,0.0,-0.005966659775326497,0.4952450697082575,False,1.2062181643722245,0.363687653255304,0.140880756952588,0.0
2023-02-28,0.0,-0.5338000402923021,-0.0,0.009573054459038362,0.5338000402923021,False,1.1934867375869056,0.3289173671031542,0.17663702120553873,0.0
2023-03-31,0.0,-0.5402452683713236,0.0,-0.00021765594153386593,0.5402452683713236,False,1.1956998548117903,0.3334627490112324,0.170405577886757,0.0
2023-04-30,-0.5397087421753434,-0.5397087421753434,-0.0,0.006800172625144224,0.5397087421753434,True,1.1930988477318785,0.3315854243762961,0.15808206239306552,0.0
2023-05-31,-0.5335442708588839,-0.5335442708588839,-0.013569594535803952,-0.012068624117781306,0.5335442708588839,True,1.1890720344212915,0.32889232162373955,0.16233929147874882,1.0
2023-06-30,-0.5321130939238263,-0.5321130939238263,-0.01189346390733457,-0.01189346390733457,0.5321130939238263,True,1.1995102337774401,0.3056521398131798,0.15696165314069851,1.0
2023-07-31,-0.5422314916777081,-0.5422314916777081,0.01042671308111295,0.01042671308111295,0.5422314916777081,True,1.1971973343274085,0.31416931715314533,0.1667003342782446,1.0
2023-08-31,-0.53704770098326,-0.53704770098326,0.01656712455601462,0.01656712455601462,0.53704770098326,True,1.2336357416640507,0.31585424597403805,0.26405602219904367,1.0
2023-09-30,-0.53404541661251,-0.53404541661251,0.0136182684911548,0.0136182684911548,0.53404541661251,True,1.2016366793696325,0.33212915374454066,0.28776731025726443,1.0
2023-10-31,0.0,-0.5320690804452122,-0.006859952170305048,-0.006859952170305048,0.5320690804452122,False,1.1946546770480089,0.3321588275212057,0.2825326613618474,1.0
2023-11-30,0.0,-0.5358329981309361,-0.0016825418605740888,0.010620622793152035,0.5358329981309361,False,1.184391454818699,0.3270802967004843,0.273242410330949,0.0
2023-12-31,0.0,-0.5290804533078175,-0.0,0.01924313475394743,0.5290804533078175,False,1.2058079694766135,0.3457351298709107,0.2954613830445637,0.0
2024-01-31,0.0,-0.5407130616915529,-0.0,0.007803563416166152,0.5407130616915529,False,1.1998215781804942,0.3290838058153688,0.28061562862894823,0.0
2024-02-29,-0.538747195034467,-0.538747195034467,0.0,-0.00784264362585284,0.538747195034467,True,1.1919426022168205,0.3431007972175227,0.2918541021814945,0.0
2024-03-31,-0.538089175125842,-0.538089175125842,0.006209112638747611,0.007887851220975592,0.538089175125842,True,1.194433426460498,0.34922351924067774,0.28533560478935893,1.0
2024-04-30,-0.5393975484763067,-0.5393975484763067,-0.017864965477666972,-0.017864965477666972,0.5393975484763067,True,1.1843050574957283,0.344977423653234,0.29378158763173245,1.0
2024-05-31,-0.5512348010224313,-0.5512348010224313,-0.00540857745322538,-0.00540857745322538,0.5512348010224313,True,1.1844120980561164,0.3293097042316292,0.29194330930023893,1.0
2024-06-30,-0.5550513998261007,-0.5550513998261007,-0.0007820222566546944,-0.0007820222566546944,0.5550513998261007,True,1.1700607982716302,0.2985111660202049,0.3121391748006671,1.0
2024-07-31,-0.5199922042194806,-0.5199922042194806,-0.028856879779363912,-0.028856879779363912,0.5199922042194806,True,1.1500338223023983,0.28987605196098953,0.30971453507125296,1.0
2024-08-31,0.0,-0.5475790538987029,-0.007679904027098701,-0.007679904027098701,0.5475790538987029,False,1.1550987255444607,0.30040602062413924,0.27893600893972254,1.0
2024-09-30,-0.5705539155577949,-0.5705539155577949,-0.0015984525927628399,0.019217556097151093,0.5705539155577949,True,1.1490803881440523,0.2635429158947967,0.29854463423019895,0.0
2024-10-31,-0.5673317057829158,-0.5673317057829158,0.013371596108377229,0.014957864987115654,0.5673317057829158,True,1.1658729269462467,0.28496637452507967,0.2775685136725732,1.0
2024-11-30,-0.5595189730125915,-0.5595189730125915,-0.018185456501010454,-0.018185456501010454,0.5595189730125915,True,1.1795237353206152,0.28692344120945823,0.26275921418866893,1.0
2024-12-31,-0.5570176641861726,-0.5570176641861726,0.016684541591198795,0.016684541591198795,0.5570176641861726,True,1.175771610023393,0.293854370352724,0.27969472584024746,1.0
2025-01-31,-0.5570723366974072,-0.5570723366974072,-0.012685000745395903,-0.012685000745395903,0.5570723366974072,True,1.1607838199943348,0.2830095046527459,0.2790012400487196,1.0
2025-02-28,-0.5666659966497422,-0.5666659966497422,-0.008381666535330177,-0.008381666535330177,0.5666659966497422,True,1.141137785515099,0.24501393853678155,0.18896756446950994,1.0
2025-03-31,-0.5691815001692833,-0.5691815001692833,-4.436649026177362e-06,-4.436649026177362e-06,0.5691815001692833,True,1.1353412322077068,0.23058378731002827,0.22445944317494845,1.0
2025-04-30,-0.5868759935764134,-0.5868759935764134,0.008555963818530002,0.008555963818530002,0.5868759935764134,True,1.1367201734230894,0.22276209276917347,0.24995629059954935,1.0
2025-05-31,0.0,-0.5798375559414057,0.01855004996818045,0.01855004996818045,0.5798375559414057,False,1.1346194395766602,0.21105409989310187,0.24637905573287722,1.0
2025-06-30,0.0,-0.5754673825822612,-0.0016140005614778156,-0.015198449835608852,0.5754673825822612,False,1.1302937653252734,0.18923389400511526,0.27514120271303316,0.0
2025-07-31,0.0,-0.5975147316241614,-0.0,0.0026656470557505263,0.5975147316241614,False,1.111074267624671,0.1881531462411879,0.2617855533367185,0.0
2025-08-31,-0.5971312389765584,-0.5971312389765584,0.0,-0.007437796707054352,0.5971312389765584,True,1.121755295114376,0.2046139411365081,0.2655528881260652,0.0
2025-09-30,-0.5937313685542759,-0.5937313685542759,0.016946636741325044,0.018547438612385177,0.5937313685542759,True,1.097496669691185,0.17213963794999132,0.2607272686741461,1.0
2025-10-31,-0.5685717611436037,-0.5685717611436037,-0.023653885077054057,-0.023653885077054057,0.5685717611436037,True,1.1199432917812686,0.18091812081678,0.25143733398363216,1.0
2025-11-30,-0.578558187935314,-0.578558187935314,-0.004987164240057246,-0.004987164240057246,0.578558187935314,True,1.1262220394976779,0.1547118252667281,0.27930104620174945,1.0
2025-12-31,-0.5990992861489601,-0.5990992861489601,-0.0019498845956129542,-0.0019498845956129542,0.5990992861489601,True,1.1263509190829994,0.15741392748846145,0.2723570298171986,1.0
2026-01-31,-0.5781482780497894,-0.5781482780497894,0.026161952446162748,0.026161952446162748,0.5781482780497894,True,1.1034132916447752,0.13723848055296908,0.23723477793132997,1.0
2026-02-28,0.0,-0.5840077775570036,0.00027312374017767545,0.00027312374017767545,0.5840077775570036,False,1.101659454789158,0.1433567063182829,0.22861217986109192,1.0
2026-03-31,0.0,-0.5838611125464105,-0.001438369199241606,0.004707803405331849,0.5838611125464105,False,1.1040958321031682,0.12601279922967346,0.22746393661001169,0.0
2026-04-30,0.0,-0.5853156479760196,-0.0,0.008598778685150249,0.5853156479760196,False,1.0963380748262803,0.10702367311426808,0.22392038945480286,0.0
2026-05-31,0.0,-0.5493987592916179,0.0,-0.0318889622762101,0.5493987592916179,False,1.1416999211381351,0.13441693488793716,0.24762819692686838,0.0
2026-06-30,0.0,-0.5522726797321406,0.0,-0.004587242868430185,0.5522726797321406,False,1.1417952729766285,0.11786810104513035,0.24800738536010858,0.0
