Date,Aggregate,cluster_Business Impact,cluster_Environmental Impact,cluster_Societal Debate,cluster_Research,Agreements/Actions,Agriculture Shifts,Airline Industry,Arctic Wildlife,Car Industry,Carbon Credits Market,Carbon Reduction Technologies,Carbon Tax,Cities,Climate Legislation/Regulations,Climate Summits,Controversies,Corporations/Investments,Ecosystems,Extreme Temperatures,Food Shortage/Poverty,Forests,Glaciers/Ice Sheets,Global Warming,Government Programs,Hurricanes/Floods,Legal Actions,Marine Wildlife,Political Campaign,Renewable Energy,Scientific Studies,Social Events,Tourism,UN/IPCC Reports,Water/Drought
2003-01-01,0.670882204057993,0.724689068867301,0.634144141880852,0.522989413966284,0.540000683947405,0.723770395185897,0.579212623374543,0.617376760732384,0.473769351238016,0.814799510897356,0.807662619260707,0.527323864952526,0.437882642460114,0.417541157217184,0.90075174568468,0.347668406620954,0.500015069721424,0.772384121630682,0.574302977774239,0.545472993857065,0.674865229378755,0.290327910551278,0.655571987928383,0.620412094920255,0.454022322717817,0.218999575695795,0.735930706180752,0.281947617502514,0.527560125468116,0.355533805251903,0.531972471048628,0.4434589552186,0.49222113829085,0.440955293461121,0.60465678281743
2003-02-01,0.599650561417962,0.681382852108975,0.575126093117457,0.358989202262597,0.517911245512671,0.711090706794832,0.227525784323785,0.492891635307104,0.281510855281912,0.51348881231428,0.420401774492646,0.928001905214459,0.288904890301084,0.402114502581275,0.416544048693968,0.299873667843949,0.31466956525076,0.442164661684519,0.37292661866985,0.522678404089971,0.281883279565927,0.248064355356865,0.401374894757349,0.572132601353056,0.552263026725177,0.773496841383941,0.87095574824527,0.508304685965282,0.260102743005511,0.483922971710596,0.496470859251078,0.418193521110528,0.468273573341499,0.432442845495032,0.466395314163089
2003-03-01,0.405425681006373,0.374329257349018,0.454073874093443,0.402150670746541,0.322407209487848,0.281523449779382,0.263172698719416,0.316483250705646,0.129596310351899,0.47828926559368,0.423222747367625,0.383576005856013,0.291487760674804,0.273959782990171,0.341499336100615,0.153660415372625,0.35362139906549,0.35741253335953,0.27385430563693,0.386187623876223,0.238589037797128,0.589993742993195,0.69650206291126,0.28991090285609,0.34186593083772,0.241295570023588,0.358615994898837,0.29551668436454,0.479183108831012,0.543053766018259,0.460372611348611,0.324774946558587,0.304383861851537,0.262541088747559,0.600738630653376
2003-04-01,0.438446087618034,0.436445464450824,0.328511099318215,0.457463689832245,0.335116804273169,0.355389461698082,0.235145740179172,0.655663111412522,0.118261391705895,0.338154504539917,0.421475640913192,0.331330598617219,0.276411635915368,0.353806834968852,0.456885517155842,0.193626886203132,0.339359517777449,0.605308525143583,0.27503310844446,0.342691838123032,0.239771433394111,0.352056013847644,0.312770973716142,0.278753941036292,0.352704534958628,0.157286369033284,0.535567844436147,0.220385565596106,0.593473150592936,0.37949419398489,0.474708491719091,0.385127542615804,0.308004598341748,0.268712857250564,0.409757603281718
2003-05-01,0.375705958733203,0.414676134001529,0.294990737456805,0.344433877658637,0.262923438667815,0.469369046387243,0.314069854332491,0.381374019983026,0.0685079905446542,0.471627719897549,0.236002488349404,0.37045401072876,0.191414876319562,0.416312283547153,0.326589264526738,0.240249730287855,0.181273492091018,0.564478689933688,0.148988051386985,0.369192307170677,0.205334102538482,0.251357934055215,0.129123927686997,0.236338539958814,0.357535886293519,0.258718543019842,0.373385078712671,0.27467359649905,0.416605670353133,0.395942284160357,0.301687764098421,0.278359881145953,0.246417405672073,0.168202479479713,0.305165677968613
2003-06-01,0.531266247204328,0.478519816386436,0.458983531498651,0.489624191158395,0.633375173732764,0.420519105674075,0.417177210319475,0.30707571565259,0.308139246204482,0.789578198276719,0.159798779092859,0.520798087807467,0.281437744564985,0.289050242531837,0.342522993038136,0.194319233432407,0.620648134303238,0.271716138057732,0.538103468452143,0.366755068779965,0.237740454035676,0.426079867198387,0.262185431509911,0.534070558626364,0.305696719637806,0.183813643644296,0.705833897293586,0.409086919715731,0.298297576406813,0.408013651276028,0.668726601975705,0.294887745967963,0.273012913543529,0.595400022325145,0.452110277634225
2003-07-01,0.474657380412992,0.43014633200799,0.418593161540467,0.435452107054648,0.554951086713661,0.355002224306698,0.334715655242978,0.270474671999766,0.14032962887024,0.364718245848277,0.352764512342757,0.410060457093085,0.40459988173763,0.31446011410803,0.371122837201598,0.244316027596223,0.487676737140653,0.474575107428011,0.425226282004169,0.4519901508189,0.316809459142861,0.273668983861605,0.334343543020064,0.555345934267166,0.515572467932538,0.257252038353535,0.398710081950166,0.427685440848059,0.339652302261183,0.434944695044305,0.656082542560776,0.374790417332674,0.338219543855158,0.374200323253285,0.409992485349927
2003-08-01,0.375098384746815,0.449915882082378,0.227101307925195,0.261995987974448,0.364298664010631,0.325345932854844,0.28705418857674,0.194587116873077,0.0765928529292688,0.676505338380632,0.122029557102145,0.384850369447778,0.194151177286768,0.167099144780307,0.25169754255177,0.1466439785949,0.361740854732214,0.215084191284374,0.103930386439815,0.277447443082612,0.143503925558546,0.122995718800778,0.261326988809008,0.342708806155601,0.288800788025759,0.135727685822061,0.792357965871815,0.382439233113363,0.192479025597681,0.227396921167965,0.420867957222767,0.137053042463574,0.109504464205612,0.30076253092545,0.176745316277297
2003-09-01,0.601690037709038,0.535699565834034,0.789401742824068,0.328320378237261,0.404152246203994,0.610630604512569,0.448158843981253,0.4808223800737,0.874206272968285,0.60561743043297,0.426936235206022,0.507022810398441,0.42260111158495,0.381625988176132,0.282110361678924,0.412844247248933,0.215291543679243,0.390783595741166,0.491291478871973,0.472710993302122,0.614057123354019,0.844517804099801,0.664264507614802,0.384964921640244,0.563018291284401,0.42331047652549,0.602628697325584,0.7698665534839,0.418905407248727,0.546006551070364,0.467155742231815,0.254823445464627,0.644899426063895,0.34111209957258,0.566555843817316
2003-10-01,0.567786616878796,0.630275456006582,0.524756096648401,0.382778183921229,0.521132169419864,0.690147291406025,0.33585671735605,0.342836907286407,0.335938655638194,0.734340761630966,0.383274932371467,0.466255744864043,0.423771595315015,0.390026513262587,0.765622256463544,0.411217458632635,0.32159669702789,0.32529498120525,0.286241185485602,0.400950535449499,0.24418301299735,0.355814255949683,0.940519824930331,0.657874085782312,0.341360825872221,0.214530024747735,0.620681845149824,0.376412995159347,0.373164485250248,0.394581317380354,0.541520493607771,0.367792910949417,0.418349356644262,0.338560211104088,0.507311952495292
2003-11-01,0.268711664459532,0.353185112063453,0.423137025895603,0.221173576490199,0.334951969028551,0.290092375401609,0.44035163191814,0.157547676969856,0.116552345915231,0.437723753194504,0.29578301520018,0.303072574522171,0.265312258051236,0.292181194907181,0.356167298597433,0.187456657120031,0.258520524430717,0.70646275615093,0.261136003646401,0.406126094799804,0.191923500167566,0.640145910453814,0.499099605482385,0.333416935348247,0.296079159806441,0.225330746734159,0.326037093401611,0.200713728436073,0.146335674956371,0.205160695611373,0.516573646553603,0.163298470356305,0.569395209255183,0.185283617204073,0.322217795252347
2003-12-01,0.68307386171607,0.690883497590525,0.615828069307811,0.508011336560429,0.718452885338844,0.770690352146325,0.400925122153158,0.520905990957575,0.477657005361319,0.581073393681617,0.833476081767486,0.393828975716792,0.544253415166077,0.636888904529445,0.430809819769348,0.747481981744971,0.372380078809561,0.421537886549671,0.36077640532658,0.65376826723045,0.255681648574807,0.295544387573696,0.516328607657634,0.855321881029176,0.537573902380032,0.300192207337958,0.46538422444858,0.208232914350803,0.583537406921373,0.366924261988477,0.460888833310079,0.387621658137247,1.04631968792433,0.622965684722682,0.343630435993294
2004-01-01,0.557912912793773,0.489265535503232,0.630164612154891,0.449194597384767,0.540641569155294,0.4636352490393,0.643257983880505,0.530100989749417,0.17071609157565,0.773123826997157,0.240233980204463,0.48116751716735,0.314405816906836,0.41290713948774,0.518010371898664,0.250319441804304,0.387638997604544,0.389148682419658,0.65209506288449,0.77367002508212,0.275561966893281,0.787067043702465,0.804083414469156,0.621242817754284,0.391296027836415,0.234081844750307,0.316297161146009,0.384814325000772,0.453514471830272,0.425600239136609,0.617081443133057,0.389281461344127,0.423231489214336,0.357740557986479,0.365930057094719
2004-02-01,0.453189160504767,0.49570588835338,0.317932832168893,0.411293487051765,0.454615850186935,0.394969963033837,0.31405241887028,0.235719267106511,0.161433579220627,0.482160677769287,0.475994650351562,0.555309801164326,0.589185345305604,0.25641538771714,0.521886251710709,0.213894309989084,0.475159949835424,0.409681763175595,0.225869629927924,0.32112322375935,0.256702051305152,0.337779811060765,0.332492111464841,0.412163164047296,0.428619769604884,0.158281995961534,0.550722062653314,0.348675416703815,0.309398704954875,0.409203324246171,0.482142209082216,0.322416206392053,0.191102722675325,0.413158676365646,0.425900532186684
2004-03-01,0.505374317243536,0.417090418884324,0.518382491370184,0.43778558594351,0.537169443546595,0.360977410822316,0.493962019425387,0.376890946683607,0.234865750729293,0.555985482214937,0.376566708012483,0.415874512062102,0.337022207614749,0.286404789291891,0.518028040329521,0.194117639966561,0.33460069789964,0.651306620370792,0.439348698574935,0.689572175671949,0.506497790313328,0.39339870792425,0.352604197577449,0.439305199455493,0.336217154760756,0.411379215806688,0.304072111192978,0.391910022001986,0.369858768087259,0.5896777153848,0.478012429287899,0.498016887299319,0.481501436669964,0.552196030270091,0.410755472760103
2004-04-01,0.436345722709564,0.276915668183825,0.270707393664471,0.592792850590127,0.387135343180169,0.241343479559681,0.179857364198025,0.303590307537406,0.154508575486661,0.314380752053031,0.184508959236404,0.251318150968757,0.1877898575841,0.226817069995908,0.164135400620683,0.188642267697822,0.553276728466379,0.227165842621329,0.165423257367636,0.303378115556571,0.170346999343724,0.213142656627127,0.500016942048366,0.31997576728313,0.360901554902018,0.307223909880395,0.305567617055034,0.251282870630417,0.289605275349075,0.242006276285959,0.696139686380011,0.697427527510614,0.229764391579959,0.177575841694775,0.18105135494015
2004-05-01,0.883231191633321,0.573525183611175,0.944813611304601,0.953543543602185,0.843693924550913,0.631078796130512,0.642673412439731,0.755392270879073,0.520604539369797,0.659309049426892,0.530336451866402,0.443945311863381,0.526574809552444,0.644389151942993,0.350212949422264,0.434427792102104,0.801817222541977,0.549317249953866,0.585378708896515,1.11621181749132,0.985335817336325,0.527362695893355,0.977501721240062,0.968460937267343,0.632249790618021,0.910408540288719,0.473123851878918,0.667274905240539,0.743800070498082,0.585758263820586,0.760840950552719,1.16963923161523,0.77960365604804,0.646912382901873,1.07782280659116
2004-06-01,0.589089220493627,0.53139417481097,0.615954754516218,0.540464237215092,0.536584593037624,0.40738156323884,0.473649044301654,0.31941202265005,0.641004501585519,1.01913187274787,0.475821147119931,0.466679545698468,0.478662037783502,0.41345264830236,0.317574115962321,0.221631326215626,0.415707180999354,0.455514515578086,0.631854597957752,0.579708140205878,0.403372078253882,0.33763230377932,0.794647105736734,0.568777360346923,0.544154050040484,0.341539769165711,0.435422632240203,0.309039875082457,0.351238962431511,0.744761325324427,0.726126255647838,0.719495275305411,0.463045325248903,0.346223768398922,0.649392397213969
2004-07-01,0.625805978707822,0.530114220514442,0.622718159775756,0.640857084264379,0.649064457851179,0.52796650587145,0.340550612099127,0.748965873499586,0.303826616970045,0.874156269358415,0.313722859650049,0.546133171401835,0.300219776123954,0.411531547296315,0.467463726560116,0.250328482861723,0.436236356352964,0.448472288165261,0.627594784816379,0.550682052348362,0.404618783342299,0.551065004767007,0.736428267115241,0.620109150333019,0.40543544001409,0.347109591868964,0.568683549722415,0.360254639097618,0.806588742119822,0.438523862780351,0.909945988947154,0.544078543584074,0.690394659066447,0.383330430424959,0.51590076871433
2004-08-01,0.460240177639536,0.379894997096545,0.505754098891605,0.315791721611421,0.624842957692763,0.397451443967856,0.496632296921199,0.374252684090125,0.114899312807348,0.657482825609826,0.170357372819684,0.347170464003985,0.237195770767487,0.342042557954442,0.223977942768169,0.152590564334168,0.353257378826526,0.317966158319539,0.302147897203875,0.59958930955422,0.207962933603069,0.295411465796025,0.546381240251005,0.642502236005093,0.236222806900856,0.470998670005514,0.702031629558402,0.304258449607242,0.187941185601243,0.254547971194173,0.717317710712301,0.265879877502348,0.564241951228206,0.515499700229412,0.598069326062554
2004-09-01,0.523923763886446,0.514683250705249,0.512674738693128,0.44370644261626,0.518399456815889,0.425747338461572,0.31525997751581,0.360069695955682,0.409698479524539,0.877206685311581,0.381118935240601,0.295826350746402,0.471769056331583,0.300668234083165,0.380076013909955,0.375481150952642,0.414588815833467,0.401226788343237,0.427585425888442,0.637861989246671,0.2171399054193,0.25276612394266,0.557365625991594,0.561938099042063,0.436387595181839,0.517732632730947,0.498020614155837,0.364043788229959,0.403494933069551,0.394638858915357,0.562984075519854,0.415425790757382,0.294443099997817,0.399808245707617,0.427737367131445
2004-10-01,0.568741322365202,0.591382881369206,0.46131731293306,0.497326826030654,0.551850595812208,0.649903811536733,0.333106825100229,0.36198427621669,0.154214753563528,0.557911545120258,0.687620704880631,0.673184187490927,0.361251914499355,0.454981364958996,0.42129668882423,0.535293250318663,0.60372777093347,0.366400820487895,0.333403340285607,0.495296513273554,0.267362814516635,0.425864304097688,0.49290378222401,0.595462178901015,0.449144434063226,0.392906771335469,0.446372070743661,0.258899589342254,0.400807443413923,0.47769150778731,0.596291750972639,0.33823917183113,0.355112281932175,0.406737183512988,0.319863821374804
2004-11-01,0.6247215583747,0.522038863206233,0.685015406660052,0.431546309328768,0.813411065044067,0.550753056073821,0.482285845719497,0.480360355408022,0.629463241344838,0.61249634039621,0.393692619070823,0.495833667284422,0.300555722683618,0.344359488169285,0.361682025332916,0.492860698126338,0.472735161808143,0.357115794123362,0.657309852330756,0.603651386427433,0.319521681273141,0.472392755507157,0.770050768919543,0.797998502273924,0.357558446690915,0.27867074866297,0.403704348425688,0.600709271936416,0.350305550798188,0.434424811721741,0.808313956062122,0.354785962964645,0.738299598827897,0.658805054230848,0.412670782798551
2004-12-01,0.666420796015275,0.595373833004414,0.626621233066746,0.618802988695323,0.719427835354768,0.590513300444611,0.370259547308265,0.380278186471695,0.460952119063197,0.688632937490092,0.449061124790369,0.42879273224051,0.370432405759254,0.436158802147778,0.344444212198884,0.579475603941889,0.521300710614472,0.506819430309953,0.781420245262655,0.723133884754929,0.272501915220219,0.319988300265927,0.639391213129688,0.89177713372455,0.541201572550016,0.52365673978677,0.462061381019092,0.417528970045553,0.38126920000364,0.536026251274731,0.690357058213262,0.784992495727292,0.41334697356466,0.503989709819879,0.430966848793043
2005-01-01,0.765861607081774,0.669276789229803,0.742659607927369,0.803557441686818,0.653301579071095,0.445837590964684,0.475475859812478,0.544136834007454,0.271094137385151,0.376656092698684,0.749802627415872,0.5317154039176,0.743071767065966,0.389103150528505,0.387814698099875,0.579978538835752,0.610231364233596,0.746915752770788,0.530366997134987,0.670124735482634,0.788239748489688,0.39010383073939,0.604938202919242,0.713141891189744,0.904593241460025,1.05822655031852,0.497496162353212,0.580665301910443,0.951130769385216,0.499093524024536,0.72804706392828,0.786360348651273,0.603208424026248,0.533550424733173,0.438438178738406
2005-02-01,0.698166657855512,0.690107215457324,0.663000870851665,0.599320467695611,0.745781858107595,0.750739408106112,0.336157512855127,0.656609889306485,0.601855398302406,0.560536192317519,0.841527781399129,0.706801767435073,0.490590235367404,0.555659520574657,0.432690373099992,0.600969899769924,0.662398048662381,0.732059691749461,0.574635804737522,0.722692727362451,0.394243214381146,0.41447826190269,0.571773680027927,0.877611993564101,0.633105677677954,0.476729935022419,0.49499452555248,0.333546365887326,0.524867960185412,0.598656468460941,0.738448088815148,0.407963734313058,0.489929122065281,0.524742559724218,0.542779627145935
2005-03-01,0.485474569240733,0.466930987089205,0.411892226990202,0.487504817582172,0.418160303768737,0.429943988801907,0.248616374501967,0.54913509317059,0.336623494588315,0.409821341731772,0.659546694463977,0.455998193487583,0.29946812560225,0.381336267135942,0.320700298749143,0.362945855088207,0.393654555524239,0.313696370092511,0.389641155687364,0.32722757786921,0.320384942130893,0.409036586350856,0.339920950571123,0.332498207253789,0.47699705947217,0.1771171360572,0.292895106578006,0.421045150186548,0.413270182600672,0.497068707613443,0.653617208773836,0.522667216511932,0.269434278485562,0.320062576185223,0.339270449761903
2005-04-01,0.54153378217532,0.450264614836875,0.769490960656006,0.407003850714789,0.54428940832028,0.383462392315041,0.317584678294676,0.42597553953332,0.331544907557472,0.625766830171991,0.263344967746421,0.38286401950331,0.304336881770898,0.377289270180336,0.299864729683051,0.174872108644382,0.384487391951655,0.502075711022807,0.519500863643322,0.581467049470325,0.253593326850744,0.526794838832593,0.940080455812311,0.697658740470997,0.434958099657496,0.738283971420221,0.54489200150527,0.888306858192881,0.299504130442723,0.542672465566187,0.531947529560423,0.462991978802673,0.954375859282606,0.385903701412825,0.682130229260421
2005-05-01,0.442399514560613,0.441133055485427,0.41093973957406,0.377873737388267,0.408234022704743,0.379897221292221,0.402266880600847,0.423280675536436,0.164814930419155,0.569040154450185,0.294832110045017,0.464942683421774,0.420033978947636,0.468022560815857,0.362549410433099,0.258004908253005,0.312136084824491,0.598071392933618,0.461814766960426,0.376440716708229,0.343064580411715,0.320130107630762,0.373857960038698,0.390116815928987,0.427018466774002,0.312028677652052,0.293856191717403,0.174090473536106,0.322564606525282,0.563614956077876,0.496538209627758,0.374033360395621,0.3098286308535,0.323353824195767,0.395385177764112
2005-06-01,0.773123003781805,0.817452967893806,0.570805911937847,0.760580108366459,0.669788065008293,0.7158086966422,0.525946924588267,0.36269118779316,0.223241447760485,0.737888228023129,0.504658441776644,0.69408294997133,0.710008243016183,0.732768557517299,0.982090234505768,0.49820394480438,0.831404316612285,0.910171792595803,0.36285691746211,0.49283980202452,0.535298210405973,0.32736945777253,0.47756412604479,0.69042361792321,0.780559716779497,0.448929214221744,0.636648037647606,0.395544520070975,0.607552293454191,0.885647763963675,0.695710157687288,0.604981196394116,0.794867716980254,0.567620551273529,0.42490899942811
2005-07-01,0.905114004750931,0.90290331719075,0.788691622599439,0.904281806310441,0.731289158167058,0.73334864861625,0.575618572802247,0.646747889849639,0.447594533774005,0.634698083118194,0.386553921889602,0.512477503460873,0.4644772693353,0.982927977545349,0.449888937523648,0.93134998605957,0.774972481281181,0.871007572163499,0.42687506829182,0.668087585233904,0.536966689997325,0.60419956553066,0.612100119017835,0.795662442537359,0.899504491723597,0.742892331547652,1.07124256990816,0.604182969698681,0.938440487134938,0.644374424752881,0.73899785401925,0.695055137669429,1.01918859772119,0.585106229108347,0.429607136862528
2005-08-01,0.514177968573337,0.500949912848598,0.515011403137147,0.424430378374242,0.437059582893566,0.336784430403418,0.275081673347757,0.649214472942083,0.789590849607945,0.427075849963802,0.401518552820063,0.377894421740868,0.375490256090671,0.366430055166814,0.581152273232901,0.230367646150935,0.518916229677833,0.462039089894007,0.321037650723698,0.528204152349279,0.20587245782,0.282936658359278,0.390293793473578,0.400267135014208,0.502170134607601,0.536306399434537,0.622356749027465,0.707898145637657,0.453483740525205,0.316605812807854,0.601532528422863,0.313445783349191,0.405992892842151,0.314218480357552,0.405329576836261
2005-09-01,0.725526339991753,0.607722251014807,0.844708728985591,0.643553033813591,0.69802548806134,0.61602777185123,0.359351658003913,0.566309945218608,0.494381903837393,0.654508619101857,0.516220421452595,0.513190497550586,0.552004397362581,0.510034037287708,0.599112856473683,0.374897644563482,0.567537035420834,0.540015037371919,0.467275279699208,0.781433395189288,0.561156406985125,0.51972513164831,0.814302486567144,0.735654794753721,0.864638268237759,1.01074613546258,0.607988840099565,0.72104620326834,0.728952527777421,0.47870152166651,0.944622525023252,0.626923654227343,0.552847163820364,0.500061706815997,0.778564378628141
2005-10-01,0.710697987472291,0.582117145420536,0.918023682130714,0.578871445680897,0.736834295082915,0.528582647384025,0.621888720059862,0.363271170378868,0.316440032996938,0.947109316763295,0.307437467707366,0.468231287336616,0.665848012622814,0.53016356602397,0.249099873684727,0.32821375768549,0.626955366072329,0.708121764604532,0.63323765488831,0.826566870965461,0.553291360375831,1.08505544000768,0.424825732050379,0.667619254637007,0.484790974284056,0.999951777060084,0.327532772815894,0.45822387989943,0.433594568690482,0.899416847251601,0.796675278606855,0.547707252225555,0.499407929907834,0.628411694352739,0.998826758222979
2005-11-01,0.471182784233384,0.461002289752052,0.43463391013121,0.394575586268279,0.470484198694082,0.483559674052613,0.432425079171973,0.42488536634218,0.148386317242154,0.360359973708009,0.431244712022106,0.597367382439797,0.271094241136422,0.367781556352786,0.246390859200863,0.467009025226701,0.290243044353853,0.389965999404952,0.534629891809721,0.40870389531191,0.252644264303229,0.247722416626907,0.489949476310873,0.432625257109606,0.372966005387013,0.3803614922065,0.354330830319567,0.273060019065091,0.348512470016772,0.482236785748906,0.541391130722241,0.449688230615616,0.378318297028396,0.424829497909164,0.279042802544261
2005-12-01,0.872151195376528,0.975026821832688,0.623699620661096,0.860350569560833,0.628072226746433,0.837000959721297,0.360518661608649,0.597777752263383,0.72239408504592,0.803365372324403,0.743923214265783,0.683973738936317,0.544284044174855,0.921068277840104,0.747574126721255,1.06444308193106,0.883377041920941,0.891340760868168,0.303641910326411,0.50959562363291,0.330639060137378,0.362207257983238,0.647294952915155,0.746143632651331,0.821065687631017,0.732143268642407,0.72749433479215,0.363690793276606,0.945794227381811,0.599740296743214,0.591883048131534,0.635979042322245,0.43462466444991,0.485119616732198,0.407769145832581
2006-01-01,0.628987753166752,0.473720577369553,0.736606806163449,0.644305603240936,0.633829624500416,0.528636738649911,0.322607509933106,0.314746330887129,0.166307530447451,0.526341145917828,0.356912350943919,0.40980028691324,0.380468942099705,0.506290376378814,0.440574207673913,0.285585466311303,0.715740432664276,0.351411492664501,0.913671567245207,0.695906854461071,0.41191738722557,0.361069816049006,0.653854531390441,0.676333161732179,0.425461472576934,0.757659516443539,0.593131578812333,0.599143805431099,0.44252623939915,0.409839353415987,0.791277679174668,0.635061879733144,0.448492600074802,0.393666396683213,0.631856878386469
2006-02-01,0.592681328741659,0.494201956165009,0.599608779361776,0.632041634516343,0.59425154111121,0.467314242200791,0.427403789845277,0.326435200131079,0.768340271043887,0.439855081990315,0.414180339491458,0.355142800022845,0.607258423450955,0.49657833484258,0.317150154603412,0.265430360209217,0.679147975721576,0.581153863522598,0.397267072656001,0.598998475932662,0.308684785979977,0.279987345449091,0.626977558471356,0.673772742535926,0.413634594804626,0.318350698802041,0.336525859301551,0.501072382053969,0.462194874220844,0.874933368612319,0.639899352021882,0.517256405438126,0.472882776896796,0.433908049633345,0.345380395575148
2006-03-01,0.650481298917864,0.508322107308651,0.687451603764189,0.616304678470389,0.698082535281929,0.453485713303739,0.50106866927015,0.462318763199906,0.331400969323001,0.426396471172876,0.403976301574879,0.556709197558481,0.406737732238707,0.510976640510078,0.337823290188278,0.343854843110308,0.519686311727377,0.639117186631038,0.426698845023662,0.779948724653488,0.289903797997894,0.372574244147401,1.047787592984,0.870502368171806,0.436133077065646,0.4295394289902,0.467842345550652,0.478232153074134,0.440375027802959,0.564065592711561,0.768577027523688,0.644945327923511,0.610597031084583,0.373032889637077,0.635680224971817
2006-04-01,0.751099596726323,0.54552373382326,0.641964237244971,0.851026608223432,0.881431129341368,0.479152180512185,0.446527422593203,0.489355328228204,0.307560918375239,0.658576552282573,0.281866545478554,0.668439187747644,0.541560626021894,0.636809693884906,0.549318310059994,0.254338103713185,0.772002532092967,0.46122290615021,0.45401736038357,0.760070330561465,0.348864468888712,0.359446305131942,0.700330835062568,1.04030278755443,0.527792318702258,0.598823965183423,0.444855022579033,0.466523833859868,0.557989478682131,0.714817029981648,1.0210155137036,0.992101854760959,0.718381188732557,0.440287958069785,0.552056190488188
2006-05-01,0.754646082926251,0.619131463102156,0.671284221266416,0.835720263520782,0.741873189235769,0.650935917717065,0.470677999639028,0.711148672835312,0.601361020127876,0.712681487861408,0.634262006941277,0.666482079662064,0.801956278032147,0.633419254752049,0.426133126299275,0.328882499192484,0.604378496257882,0.728614440989959,0.940443745467106,0.66007215702624,0.334740557229748,0.367389370339408,0.4711786047508,0.795958399761068,0.626620819296321,0.392995321877643,0.399971345301829,0.479923057886073,0.609288461465912,0.709283862110371,0.8528397157323,1.06919231980074,0.439398613851726,0.544364285190163,0.461445982775429
2006-06-01,0.971268220065116,0.853932735332693,0.894043236656322,0.950415970160587,0.989685966311113,0.588701043111463,0.493720706611935,0.76593784036281,0.411427630216502,0.910254044094557,0.710025487834927,0.997465526640341,0.725726387934076,0.548020125025891,0.387134143392215,0.335610092170161,0.799728811074799,0.933737000755898,0.449802062815703,0.942310288787736,0.406650104541575,0.388252493085987,1.23302993862368,1.08861662710018,0.522419304870845,0.869169726939161,1.05912398756875,0.445205352920009,0.548868100918756,1.06911109630934,1.13801907913381,1.10263108257504,0.685688508750152,0.646212424970741,0.76114741776647
2006-07-01,0.801642481178102,0.630035843617558,0.995479546385451,0.591815898945484,0.856198850761177,0.611367251166798,0.881272950578821,0.588076176693224,0.189672667257225,0.736227543563711,0.36803990161007,0.703500988328553,0.812855095039947,0.618813858921058,0.372260930961644,0.260768561228981,0.587264628818295,0.44977809831646,0.859246241737155,1.37855010097123,0.381230860669001,1.25307669418249,0.674824751717024,0.832595066494821,0.61119209325038,0.513920562652143,0.520591963085238,1.07316965357161,0.413734965116378,0.929519402627903,1.16101710216751,0.570727722835781,0.579817625908557,0.508387223111373,0.57620148356077
2006-08-01,0.680801618057393,0.619893686270039,0.681962646354735,0.589476587342329,0.752924290906534,0.764232935838421,0.454386178439203,0.316321079304886,0.20795019557724,0.872561568258934,0.450788142991276,0.442899187005469,0.514540002219679,0.817538587044065,0.702790032616192,0.343965415926845,0.509060239968299,0.419148693102768,0.433308587247078,0.824636136116857,0.344966005275677,0.299716054387955,0.863517381054384,0.785576779157409,0.561664630053059,0.520083753135498,0.452488667454866,0.369127378207773,0.454247973430711,0.442714194238777,0.824829191968412,0.549919076706547,0.466201982038715,0.585845431915013,0.479789192236949
2006-09-01,0.809244596683892,0.814676789322215,0.593589368266281,0.870678781917743,0.812499364397124,0.721445238350677,0.451601110289399,0.819045948772325,0.198699454257924,0.783833480917252,0.691750045467528,0.542363584525866,0.909726998254872,0.622827715856929,0.712355796118439,0.465755125628099,0.818989507129155,1.01107731089416,0.675422259229589,0.701516946750307,0.406009486320476,0.406854179738448,0.568308609695725,0.86297821570296,0.805505981643706,0.427366752105451,0.72220819097586,0.436525587483782,0.743240328790023,0.696742712556605,0.768200461349112,0.896153325637242,0.501935496941525,0.718066382596641,0.593839946481104
2006-10-01,0.678994752748263,0.682390485319058,0.544628451172143,0.488864099408013,0.851522565597269,0.945962617232408,0.575810467851613,0.787119221661382,0.197281891624744,0.798048193422128,0.937469919658956,0.566514434104917,0.775012540375359,0.426220289736112,0.349760818671727,0.457293578029188,0.46333422747143,0.545441792031194,0.495053635803593,0.845401528935513,0.502304521009299,0.361784854398025,0.283594991672582,0.791978475655974,0.63517131144365,0.278369860612752,0.412152674381509,0.562224674688074,0.52595185711309,0.720970787609036,0.647088032465217,0.351315890338712,0.27376060312093,0.874553130085348,0.43854398937022
2006-11-01,1.04756228538832,1.04306622052148,0.92796409773455,0.834633277703205,1.13486527460788,0.998315823207055,0.4894572186003,1.03547912453337,0.571489538338035,0.856498862131896,0.846083495262424,0.901048140514175,0.802612687894113,0.797145751203332,0.630251372690868,0.763222640262175,0.822522058732603,0.630605281765479,0.71607797457695,1.0436025817422,0.713947738560261,0.802187570053547,0.766149267495047,1.23484203082203,0.923203497912321,0.621500193067092,1.2776653029485,0.565857962822491,0.693149173030908,0.896244969360189,1.04922190578061,0.765585912535324,0.669326965975265,0.953664415999676,0.94364597326201
2006-12-01,0.860754048571037,0.672339133915064,0.984951970245627,0.835987110558689,0.784585397712788,0.559130535715936,0.902759712848164,0.762235075198797,0.808295677877232,0.565253098261676,0.627172071303258,0.850324268570396,0.556005363091178,0.858215494964068,0.567015270874486,0.514285380316126,0.731496087948662,0.819281784079966,0.589955558362059,0.859676638735637,0.921105446470375,0.607395842282434,0.869083559353938,0.79178637460031,0.696261023813347,0.775598180562784,0.580796913160879,0.616236338978081,0.776632180938654,0.63674541899118,0.859009313463785,0.641568804476961,1.00158301368844,0.697668502077317,0.67178232657558
2007-01-01,1.22467169122376,1.14344992386828,1.12688164279656,1.27433227778144,1.1696924377202,1.14903474118178,1.17930330554414,1.0286086252464,0.736264176690801,1.13600729770352,0.98763398515058,1.19785703148512,1.05390859389236,1.11604758812354,1.11062592175854,0.772781271207669,1.19153858714086,1.21420054147564,0.737070341033148,1.49201608654937,0.707980145092654,0.621657529771591,1.11677584313321,1.34228307430305,1.00455734216169,0.737138249125573,0.786824917606176,0.41464422281151,1.06646006253164,1.13786501620308,0.999478235682402,1.23053405548544,0.841827381082716,0.933792882084366,0.639935073914233
2007-02-01,1.30698129911687,1.19014002828186,1.1052998849981,1.13607974252341,1.59896597568728,1.33510320793796,1.02619865100688,0.876189238914807,0.353296743821308,1.3081510277458,1.17035185814121,1.34455497273085,1.25758574933417,1.13981086507489,0.966149241919565,0.724724677817286,1.0987242848841,1.22123417993246,0.547969970723918,1.08887980607138,0.644472986787501,0.829474067933302,1.17376377930694,1.73781992664304,1.04529161539008,0.954262711095695,0.927926421232296,0.630568634140416,0.864565640960305,1.04471839666783,1.22321935724496,1.08993186259027,0.875294475847002,1.42881690679944,1.16572936494695
2007-03-01,1.11140100957609,1.05373142323349,1.0455324418902,1.07563201258582,0.996659644957656,1.00460355749895,0.947233900352703,1.00588699706373,0.660181710074693,1.09268933744677,0.784293247981412,1.28871282713742,0.934163720537511,1.15571282250225,1.05400207362108,0.730543498645706,0.891189097161135,1.07964814990795,0.936714133389927,0.872579869461121,0.830107638011677,0.584069736790554,0.918598330680186,1.00292817415353,0.782318302556477,0.832953124466322,0.733337497236789,0.71721085556849,0.981945557967681,1.11185663961373,0.927957349587088,1.10677380542046,0.949662222103936,0.895821865646745,1.10913067121717
2007-04-01,1.7164728450635,1.48375867460183,1.65753525812542,1.60481046475758,1.81198354393836,1.52156596419398,1.21260476452821,1.21964620971097,0.794125765330734,1.48735197254248,0.964352338423768,1.38476840366677,1.37016431480189,1.67744512567267,1.05341235826408,1.17170614874388,1.10826474045004,1.27999258741938,1.34341216344664,1.59756898734223,1.49242712748557,1.25669451435603,1.05837487827051,1.52695275657481,1.33532862869974,1.56215206209982,1.60527822767222,1.24095736955385,1.68635445192034,1.42946533661143,1.35761244961591,1.44542763291244,1.34446947924592,1.94580197622713,1.81730227335123
2007-05-01,1.28219849538306,1.20967633733976,1.11559506018334,1.23784567891778,1.27789299333256,1.29552334111359,0.821795615939776,0.830576521667943,0.566931106278197,1.19821722456173,0.982847343983385,1.26310266094062,1.38855074009322,1.44735131714553,0.887134088254758,0.865477096599669,1.08461617247855,1.11490196425802,1.05089345029848,1.18423392280866,0.833116839299711,0.878927681581539,0.781334571956707,1.19084009141148,1.08522696029245,0.82414137429417,1.01528007302626,0.782939170778119,1.0849549032249,1.198048357094,1.16284830307798,1.05436083803078,1.01752515932427,1.27397102493578,1.29852293552055
2007-06-01,1.3846617307698,1.36615722150982,1.25690002768904,1.38998036371411,1.08798262476309,1.33494035358477,1.04105544287903,1.02451597097625,0.601719957232324,1.04503158367737,1.07119590885153,1.36296856625667,1.14676899541118,1.46316122902069,0.937752871027164,1.17669758763112,0.952228280387014,1.24340825945492,0.839461458108902,1.05425761627997,0.993104959481159,0.906038956437787,1.00325218888514,1.03818864993043,1.4605817210267,0.942763688542485,0.779722328431358,0.755359341052443,1.66834854437716,1.39197381461647,1.27381810941455,1.16931735939532,1.41531633033885,0.862971809977702,1.17190779075188
2007-07-01,1.04003785999606,0.928742610951194,1.09854838342031,1.04651075954708,0.834074357030914,0.847022620328296,1.18117141001617,1.02454150647729,0.522631682557378,1.03286979010565,0.906181985866722,1.25946147093105,0.969417228138394,1.20892784244512,0.879062240292786,0.550332975358605,0.679468541703578,0.791982529962587,0.95231921785295,1.13998350520954,0.857365875142261,0.625989219458672,0.789249173383823,0.859177745665525,0.90169037347974,0.74761976345983,0.725922742990955,0.926742519870476,0.779964897923706,1.13508258172248,0.900105471941785,1.23865476840068,1.26474414428296,0.6631037684919,1.0463844146566
2007-08-01,1.0502918608884,0.930747402685783,1.18248480605151,1.00882477766358,0.86039679939531,0.78231446543593,0.936105800914752,1.06679459294093,0.872238949538291,1.13946397020598,0.973783886819938,0.854549333896554,0.983192018947243,1.06754495111631,0.676829993712798,0.567844234464323,0.688843759795656,0.898589057068305,1.14810581457138,1.12865335680996,0.925060887331931,0.702764657229046,0.966003347064732,0.843594743506674,1.1216761362856,1.18040115727769,0.587273328517326,0.765160941071585,0.694402744147307,0.747821551423145,1.0503310356387,1.17666441436798,0.868787769871024,0.686824931789528,1.03013900619543
2007-09-01,1.22954218165653,1.27010996150988,1.09012406946416,1.13276587672128,1.00720558573823,1.07473889194809,1.06620681264437,0.930560619010058,0.84442814385584,1.30336246396419,0.934115536629097,1.06848474007592,0.925658724847861,0.94137484816904,1.06681564250079,1.14707897337732,0.837350038644084,1.55394152686826,0.734154312944218,1.09621915435223,0.614630516474376,0.557458001860668,1.03912871548134,1.09159106518612,1.02079851887832,0.966841877679669,0.97466458975699,0.848480765414629,1.19057216216453,0.783152809743825,0.968791767668223,1.1765402034517,0.823135523078122,0.875718759932793,0.819691894557277
2007-10-01,1.18203674445531,0.868432849119826,1.12854129926887,1.40962040320958,1.11958847187231,0.763367052292707,0.980800017995353,1.05031509889701,0.829641475261558,0.924915066436325,0.544924969450926,0.77191626447718,0.957768840240561,1.02319683013032,0.812547099888872,0.607630664010819,1.25411454959915,0.882122227431668,0.906363402048955,0.961313532756842,1.06019506857456,0.85796288124668,1.19309575451585,1.01187940881386,1.04789058616143,0.758647112417698,0.767202618587067,0.874208331579803,1.19087547043544,0.93019893228319,1.03129814666669,1.55021155258667,1.20303234243275,1.09315912280434,0.855933935589085
2007-11-01,1.34081273591666,1.22716845549657,1.11482797659807,1.27662406551778,1.58817394097264,1.38814941395081,0.794549141160527,0.852201620706312,0.367652492330435,1.42348337031076,1.24361694353676,1.23165516777192,1.23960312922041,1.17896969430084,1.16469490841718,0.932955638655532,1.13483776076292,0.84854387074469,0.875618108264217,0.938275891902226,1.01824200421294,0.694484203088738,1.23031503230933,1.60565840521727,1.12813910196713,0.958917516792031,0.842111650780971,1.06267270640621,1.08159182511759,1.12090169524393,1.44090457634238,1.22282095669036,0.957562639199826,1.41589730752912,1.05150022839788
2007-12-01,1.54617334737623,1.58135930597157,1.2375686105109,1.45523896089644,1.29077419262715,1.45493579290957,0.857510071693274,1.47971185341226,0.792829315843362,1.39825944538058,1.24455057668298,0.991210704375272,1.02798893473413,1.39660983761406,1.05069593766422,1.67702326686935,1.15794172896387,1.04431467645123,0.977510850405485,1.31125300598101,0.9351246540399,1.49731288445059,1.10495667279022,1.19548891426713,1.37909951858663,0.968299333506963,1.14156548922858,1.11829358548111,1.27374054995567,1.03536762144275,1.11362267301453,1.61140955323742,1.04282979016917,1.25612816000318,0.997113220205535
2008-01-01,1.08945418846175,0.911647014568912,1.31219671422717,0.861310120200802,0.906775842627572,0.81447080086586,0.686646628981621,0.727977059731828,1.0711981268317,0.812820649225394,0.880246958997622,0.880609075329796,0.873350394870742,0.93795270360714,0.837812879168424,0.473994344882494,0.721883624110806,0.933324139811581,0.699035266860049,0.979140276896528,1.01147468315281,0.586260084066597,1.32014355017928,0.753916194857267,1.01367723899172,1.04521056422348,0.973049802103783,0.568392457691921,0.692291931457754,0.900238709751748,0.879036531299593,0.897927612960541,0.572635310094888,0.913440975413573,0.677869812023539
2008-02-01,0.909381518831931,0.787917621132882,1.03720797207342,0.75905743440434,0.802448417183006,0.689939275154594,1.25806715783826,0.711551050268807,0.472218734406732,0.675955320844019,0.640301900975343,0.843769622684457,1.1204783933689,1.16717663976033,0.621925915584965,0.411106625542911,0.51705264333727,0.710436567333578,0.656449135168439,0.847065606028293,0.927804154886409,1.21632317425571,0.678386669978713,0.804535116694845,0.765570346063558,0.561805187979543,0.774686900932963,0.938274880353097,0.629636952807817,0.866684121469447,1.0970966924319,0.667249939124326,0.634896709987031,0.51810775596609,1.28382575649075
2008-03-01,1.04790882144086,0.884649213613612,1.10343753979503,0.994768659297058,0.942066082474478,0.796598130861196,0.821062014423992,0.762317025268487,0.87620140062375,0.726686645995402,0.820786290970774,0.987154828334912,0.844547191247099,1.0928038151123,0.692319274495519,0.571361340979711,0.838927543171509,1.11261697205549,1.04238754331295,0.960959223129276,0.700424324248025,0.543209679158782,0.970814659067766,0.975785830379803,0.900111007451614,0.74061558499525,0.802269533116527,0.936031715292964,0.867783426043825,0.815213384320361,0.906593112712341,0.908216213794272,0.825779124667652,0.815551817065375,0.897850512252812
2008-04-01,1.09968121282199,1.08818295829243,1.09947601512787,0.982382827048421,0.86655932783808,1.04635895616873,1.463609930617,0.811788116767767,0.724522332803153,0.836809870894268,0.913684206449257,1.04011229259048,1.20783434659962,1.03344807917149,1.14326323248626,0.68448260558918,0.81292491242921,0.87796259770141,0.834359105511544,0.934715836042988,0.97078668234474,1.02050734164399,0.639539443945641,0.816669666891294,0.920132974513996,0.656480575489864,1.07055435036049,0.493875760154058,0.863027024823172,0.901889294246756,1.0221220850919,1.02895623011911,0.898601935880777,0.759387733682148,0.845575257523111
2008-05-01,1.10618197116633,1.09040979630878,1.49443507023513,0.90268468154756,0.959393416064268,0.97024481404058,1.09527819690726,1.2827618647566,1.76065655323301,0.845023787267068,1.08502159666694,0.874898566458147,0.991994024187979,0.76204868721792,0.963146485796921,0.549630519177269,0.69727902216089,0.948969973913415,1.02724095300536,1.18426779725559,0.709134411445222,0.717111440805197,0.588245287523284,0.895173655786918,0.8393510016122,0.803816910978117,1.35944445533518,0.733709126348419,0.796138160928279,1.23278340994945,0.968726114118914,1.05526732585942,0.653949221650529,0.90173052494655,0.959752296687586
2008-06-01,1.10434499857032,1.12135204116067,1.05777388159587,0.980857534283234,1.15398029240192,1.07153569266556,0.935391761552293,0.979074337310919,0.261519825309835,0.884881539149602,1.25874718185068,0.853909167780591,1.31850877952966,0.948674510399382,1.39687581007919,0.60915860651456,0.972748898248785,0.737966809470031,0.822940337402452,0.853466959987646,1.24329932132602,0.637462049852747,0.665934897271591,1.00102265157559,1.09776730573474,0.702873088098138,0.912345712193107,1.05521075897361,0.929273970254624,0.999547241465484,1.02398066235354,0.794384331332711,0.717281859830012,1.22262107233551,0.949901565759176
2008-07-01,1.11229798725786,1.05556714771116,0.993260646993475,1.10182486297307,0.969215680412042,0.954596503097879,0.979077377122555,0.920977790073112,0.713000632071364,0.955713532090861,0.874309192157329,0.956326608332262,0.939095327750742,0.913310669926145,0.835144665936259,0.832342572447625,1.07742497662955,0.631068327890717,1.31985664299509,0.977703724703654,0.708186439272077,0.43064975485344,0.744392792163177,0.757443457103385,0.776357717426055,0.482432797854905,1.15827770802924,0.744732986654767,0.994567008812323,0.919390923866518,0.938150409796547,0.99591680117982,0.760384065944473,1.00085701922662,0.843926448925068
2008-08-01,0.800284422952656,0.624316503665617,0.871948294976365,0.799456048647912,0.80957852288802,0.694874296890152,0.577866798120408,0.807861006012283,0.707902343564014,0.603000107735978,0.666914535164404,0.636585346738505,0.53340369020426,0.801736664041286,0.404342724657044,0.405885982936892,0.579230826388213,0.75966103794537,0.554193775475774,0.876849346786109,0.557972812385636,0.671391184998299,0.862601883383071,0.675566751815023,0.94073817501847,0.635915748607937,0.498288527464804,0.563076704898089,0.787402307954173,0.605552862362549,0.890125229720892,0.816884073246773,0.623674126775866,0.808775789272131,0.689707018566844
2008-09-01,0.813201837950815,0.734906106344607,0.834440920123907,0.778890529401742,0.718210179747081,0.763921759359636,0.750749350126998,0.660308018768077,1.15274456519729,0.71439029807669,0.835551883482057,0.744518041583452,0.734283574427,0.763235614077086,0.830427725565471,0.435732111629802,0.637688182655258,0.767744761036433,0.567208674977961,0.764290378935714,0.558046320929264,0.423375218261159,1.23563883090877,0.708113586358773,0.884218215689798,0.528485422382885,0.527444863850596,0.54685414305794,0.809334116338879,0.723325083780688,0.851577419871889,0.731088589049859,0.569906907916649,0.557499130571296,0.48358791806846
2008-10-01,0.696821421683555,0.554739965159696,0.89023729252024,0.605014551078001,0.585685351269921,0.527846487392714,0.572326401226349,0.730541623066119,0.686357326513259,0.61343472654332,0.679575277133815,0.599899372518392,0.579084783458963,0.767160277949225,0.508165398060611,0.383821751600355,0.466610797582982,0.500777104469302,1.30376099480065,0.573702371203104,0.402991073771703,0.607843177793276,0.606738737110993,0.512926612607955,0.536603418374024,0.343055897750756,0.448392612083541,0.635995968636143,0.539628147180145,0.614059592218119,0.697871854320589,0.633780608566597,0.643308612624075,0.524102540099046,0.566932783423121
2008-11-01,0.927212699982152,0.929660990251512,0.942172470646303,0.682772297504143,0.833258735596191,0.811349168339587,0.938190471155213,0.721666077525043,0.342359677403637,0.68526417626818,0.717946091808485,0.852526066895466,0.767100262327813,0.701169457143829,0.98305435543744,0.511209819324212,0.435204619644033,0.767874549527099,0.704032125713788,0.889057617467552,1.05569849878335,0.87577177321599,0.625485782439725,0.720465263177808,0.907464303943243,0.863890593273753,0.993644606236472,0.555083486408986,0.786509783500282,0.905736271760349,0.720068478661411,0.616927951787709,0.510674830943419,0.863598412027396,0.994824339216083
2008-12-01,1.03873454141973,1.02365533214728,1.07982911017892,0.847932154339387,0.683316457834275,0.996449216919104,1.15740926259097,0.69144334833611,0.929445860758478,0.926419861769492,1.24740606372578,0.959813208507897,0.843997280566347,0.895041335717506,0.749698070801738,0.851913173765903,0.704111947201071,0.609645827390459,0.954311542511273,0.607630670675992,0.732365516783535,0.766431345391863,0.74035531766246,0.608447326409869,1.16020093118319,0.955639955421759,0.729123383986998,1.15056263849704,0.791531995941929,1.03794945113956,0.736121389759127,0.702286955884696,0.759902168205829,0.644934868896461,0.551240831114049
2009-01-01,0.77429851178988,0.704863319513848,0.833896657005196,0.567282784772721,0.79170250734439,0.522745784750131,0.540861376313688,0.327796849091106,0.299771103062507,0.847152386621866,0.529005123963829,0.560418589208081,0.790866540506128,0.458652244707664,0.724691059240075,0.279092178842277,0.508915632016527,0.527809953254312,1.01431608335504,0.796526439104248,0.623946314166491,0.924246739361817,0.654222069300703,0.75743513727052,0.547063755713114,0.472557902960387,0.866944275780772,0.785626637711856,0.558386947860364,0.841083173403125,1.00038158539393,0.513547580543551,0.392861464234035,0.54805861134792,0.560133626018618
2009-02-01,0.893950899484762,0.924270048990461,0.939754368604068,0.777368426659996,0.976501122896423,0.828561892064252,0.926224401696228,0.58213993764566,0.314490454151258,0.767901196805552,0.74134710539898,1.30765747441915,0.773884495358881,0.808678021156209,0.711150852013494,0.476485627186352,0.721412052637456,0.901765130826989,0.94380876425688,1.01785412266148,0.693994383118668,0.637018162664896,1.06564060543021,0.975892529852491,0.923696670467392,0.661287109639936,0.792771801950963,0.621415278346343,0.725188402060979,1.20921032825056,1.12793482790514,0.70713647062583,0.665541892165057,0.776062112991667,0.766690224102859
2009-03-01,0.888768206595718,0.836855047095266,1.01130973132553,0.681192725790172,0.700595824122078,0.69019688125829,0.508838316337203,0.845135165329054,0.824913979016844,0.665756459563008,0.693880783103693,0.942591507317563,0.745378790824603,0.839272173314558,0.847303821235066,0.588200671553631,0.61808284184534,0.540105382927388,0.737544535285581,0.77265682206193,0.497407853368877,0.83399487201983,0.688434483370976,0.626805865166634,0.901420032099847,0.964574915286245,0.969464968524995,0.538133426192291,0.578407796070517,0.609893911319455,0.796329906114981,0.594286777979264,0.927819035810237,0.670819139305141,0.931589849312946
2009-04-01,1.16749694528409,1.12111626278853,1.21367959896494,0.899031749486338,1.18328232370738,0.909707670792944,1.00269172994175,1.10314240043091,0.542398500621961,1.15351489893731,0.904414558697112,0.942747751660394,0.951858713974513,0.96754810178545,1.15128664573012,0.685051393048778,0.751971910962774,0.858207298753365,1.07871052286434,1.0995306193709,0.822299762691452,0.945891635901537,1.19568038914213,1.01520767905353,0.897215268545466,1.01670617694775,1.22709510223569,1.17171762844591,0.80216950264071,0.9352287518689,1.5197394311583,0.910447611452014,0.972966052321999,0.830275661860324,1.09497352649132
2009-05-01,1.02118400939042,1.03899663376213,1.02952967422023,0.779856705806426,0.84681567583808,0.896889065664774,0.723062605022814,0.647511306970171,1.14932971103306,1.02080668883092,1.0445806419807,0.902052672038474,1.03161061414651,0.900512344503769,1.20054738427561,0.588315580237157,0.726676655810662,0.920533460047569,1.12886855860392,0.544386247350587,0.623863756778093,0.618441639646805,0.724421885366552,0.733218343608018,0.794839770708161,0.575403623206491,1.13945305961783,0.882892978307717,0.681037384033251,0.818632808222658,0.710350686808847,0.698488141703046,0.776249917100696,0.85610680902371,0.623762360602715
2009-06-01,1.0584323376104,1.09800392746678,0.966461438555364,0.805951284523224,1.07250717435688,1.1846564317255,1.12292731707351,0.650094063260946,0.322879303487029,0.880790105474638,1.17896963839573,1.14710613591904,1.03013631392992,0.700216544861315,1.30122216903893,0.794061987477363,0.730390718967052,0.940162955643743,0.558027116450861,0.821013883301582,0.947551016127952,0.598668679086951,0.585936538067311,0.843780124522981,0.962150025985565,1.04763544765207,0.599697976149089,0.739631412336544,0.682720046927543,0.860368776386943,1.11772348914122,0.721448223231147,0.536391019111486,1.12305530282372,0.770550091087355
2009-07-01,0.9700024667667,1.10204306528073,0.704096739418697,0.866026977119928,0.724917083810634,1.0852026260238,0.889125834220858,0.701749409520239,0.196190461291728,0.958987870524845,1.06560611572051,0.92208638872463,1.15980173324482,0.83371094197032,1.05267051454147,1.03828115976145,0.616803848401151,0.640113015460282,0.557211847921779,0.625278804732208,0.758080138592895,0.614328052889062,0.576434888249788,0.852077726560216,0.764325454952348,0.422352401998473,0.549314979120774,0.411252592287994,0.91535043626604,1.11599838485643,0.691574338211031,0.851370673980351,0.647751143090986,0.523274912204111,0.521954399813858
2009-08-01,0.934484818741683,0.992460321004533,0.76966528822752,0.821962290383006,0.802055486321893,0.880752837875228,0.716137133422067,0.602772177436095,0.449794478397291,0.632078241313533,0.826808704064611,0.787291674358742,1.06840705300999,0.752577082851022,1.14139608784393,0.502458601936652,0.715915487685833,0.679968455277989,0.605049320280119,0.549599766525997,0.808800902130923,0.60033689243437,0.555797165083507,0.697061228543655,0.811799229862556,0.568105047868741,1.00542863937115,0.687933684277023,0.815516764287686,0.73846419333983,0.625466856441987,0.701354399898005,0.6928232502005,0.84256252655246,0.61854478585665
2009-09-01,1.28228831846352,1.36618134875623,1.00090668829928,1.1606442285191,1.0167570065013,1.39971049567238,0.742457802454016,1.06808589979756,0.717730291272713,0.975787271553837,0.918134579123551,1.08597715369531,1.09934491273557,1.01391427428833,1.52131630406477,1.13401141246248,0.903905353723288,1.01245871746724,0.587162888485328,0.964205725911432,0.811449064412811,0.577507583424653,1.12530215327377,1.10297714983016,1.19378103512046,0.81896622800022,0.956061691902685,0.58688633391122,1.35400623929732,1.25467398554163,1.02616676965817,0.962558451392655,0.735320956845137,0.838101343908536,0.890301963485807
2009-10-01,1.3324670817302,1.40668367324564,1.21786255402167,1.22803869428131,1.21589190895838,1.26343580631745,1.17518299052911,0.698464702510946,0.889366512334769,0.896195912297847,1.18496451046135,1.15774129730407,1.45603025588042,1.12641647796338,1.55869870652889,0.979980637026662,1.10820035837484,1.23158522189271,0.83312207974673,0.916623981942915,1.09745253791529,1.09660593260746,0.798990947942994,1.18975053844216,1.18993506036963,0.887540954922637,1.20825038265249,0.998411819925693,1.08223565514321,1.34553467755257,1.00921438813809,1.16679840908285,1.12327541899749,1.1858262928049,0.85647822530749
2009-11-01,1.54846674161974,1.54688124111453,1.41988539850175,1.50910743363339,1.1957332410015,1.6799217654748,1.00201343903742,1.02879293362398,0.627485031345054,0.858898376286292,1.2553015222429,1.29302458507385,1.31903184982455,1.07546143391416,1.58055538930486,1.29472980093682,1.601819392363,1.27509617643041,1.0114107810255,1.06856214512878,1.24861704829713,1.43245172244813,1.08040236926618,1.21950444663266,1.38428755028151,1.37508380430325,1.21750711441164,1.28915981790258,1.3065805812952,1.21941654814955,1.24865952190253,1.1769960008128,1.23979132101547,1.01393019158195,1.18749937755234
2009-12-01,2.18943910934466,2.27911130693638,1.5211908776338,2.27312321102299,1.77599935803486,1.99032687676018,1.24424118595923,1.37671866992018,0.941370928692866,1.18792652791325,2.05680736272279,1.31089055784499,1.70334369369564,1.89437114179518,1.68456429798126,2.54574168178468,2.44705505724112,1.55702646053587,1.13089230285792,1.37188192034302,1.34954390221369,1.48845860388308,1.3035492089833,1.87003724687726,2.22003497497558,1.25567953390014,1.6313861408554,1.0639440091712,1.78475394490098,1.28281453093408,1.76450391108638,1.84402489569028,1.6283640357203,1.48481193886023,1.15386174796156
2010-01-01,1.0358312269943,1.06281478980181,0.846540289977715,0.990457796505704,0.764574917516428,0.787222143273401,0.689011507937344,0.765800362368098,0.437673538125,0.762456733867002,0.651815026071318,0.842123646376407,0.831096508338442,0.865046407076455,1.01607705506615,0.657096753913971,0.886067562124637,1.46369938138354,0.369092821999478,1.12246676835598,0.493908664550205,0.416601511704764,0.682510047324926,0.664002717681377,0.98156722827621,0.603210711262039,1.21801067419536,0.364009914161775,1.05476785438932,0.987893978931717,0.832202789104635,0.79689476563737,0.715785871583584,0.723771585341555,1.32802329755836
2010-02-01,1.08073950957206,0.972070347132478,0.849706891846542,1.19825235227313,1.03972377562053,0.802190009019322,0.496543505880266,0.49671534129664,0.767110758200767,0.752019492623788,0.622508471103235,0.896778577753141,0.912271014019673,0.720582759241381,1.07507866784464,0.691789594733866,1.57153656876974,0.757193795290618,0.717404250635831,1.19992008155037,0.363756670446855,0.671240427058637,0.810154067230323,0.997258618637391,0.841948557911224,0.477701339269708,1.16188031788309,0.618121987138492,0.682456698354151,1.0438972779287,0.921321077714926,0.770607379890658,0.668121055565425,1.07328162418017,0.67500914227701
2010-03-01,1.01764859610481,0.906128217322118,0.735714748201982,1.29393115115647,0.813186873740344,0.735868343983213,0.616082673519443,0.974417978262609,0.482119924185176,0.612786643417104,0.726333803818144,0.802864572838276,0.716714489871734,0.669349164381097,1.13355518034463,0.482396624418337,1.5109477971819,0.909666456475541,0.722468042589014,0.718042166421489,0.499257347714715,0.48276273727126,0.60974845283726,0.622348472596847,0.895238308883751,0.555176128205398,0.862089826574468,1.03693020043222,0.968843690197467,0.974416815938149,0.882232345164995,1.12068335227255,0.446690557889323,0.841532248950919,0.527730459889469
2010-04-01,1.07159513793435,1.16018588674063,0.816043937740319,1.03324789231448,0.712791569830013,0.732173036460793,0.745469001578442,1.24588019398563,0.653223556133296,1.14511101088556,0.768085010362626,1.03999798767844,1.03394170234076,0.857420337330633,1.42910953606608,0.547668237819346,0.912109458263791,0.72756243417943,0.462106344524795,0.720360916932521,0.680095816390073,0.488559009513886,0.620222657216257,0.61526133405908,1.0396649393224,0.459649334739674,1.21462624781208,1.03307456416271,0.979295707295684,1.41777003122934,0.869055233176571,0.955761494165212,0.749935135117942,0.603693141823402,0.776317549667836
2010-05-01,0.83583035337011,0.797068152702363,0.576566719948884,0.907279258541827,0.768950875066644,0.65625425496395,0.465870469225238,0.331872381483945,0.579504737837982,0.74545737001259,0.708311882003644,0.566242755923219,0.614716590737489,0.597768569743157,0.971625133927487,0.524975380103083,1.02613086147541,0.640926770830764,0.730052978656015,0.657851910383747,0.328927795680588,0.5881440523896,0.408454361881926,0.574897498540177,0.837353192209484,0.342575980416817,0.735731590209726,0.41761954908627,0.912227964458981,0.971242948858093,0.681024009596487,0.692556060953384,0.474609932770455,0.845701983848869,0.409667710034892
2010-06-01,0.779306941338852,0.877941967508695,0.536910449658519,0.694606883598378,0.492162274739701,0.642076293004022,0.346990296689325,0.32648607944355,0.336303753009469,0.569452719330384,0.815948451316849,0.728655371093873,0.988519629774874,0.485029110499353,1.3087808919875,0.373972507919261,0.627393974368731,0.659643953764403,0.289144826444401,0.454231267021407,0.235790362160017,0.346556168210567,0.462559584021515,0.450332265890795,0.645321608694587,0.500152398060714,0.881943228705896,0.393410882113226,0.754539025851668,1.10758859014941,0.681858148242547,0.584357049197805,0.484928350650028,0.343448872264649,0.615890986337304
2010-07-01,1.18724162351168,0.781332145633817,1.28297649312452,1.09445028356459,1.2670359766609,0.593518987778533,0.548204597843112,0.503773859613381,0.568664259269507,0.577352506161351,0.638461839826043,1.10309093048342,0.798940132573506,0.574302441562724,0.979008895481109,0.280598096436317,1.5408841518619,0.717902007606222,0.672472039524073,0.926139802465902,0.63345283806789,1.09612453062637,0.816474242997128,0.727207022476434,0.703801153641546,1.15095284852017,0.75921514428258,0.492304022207073,0.579521890965723,0.913147855540124,1.41453121607717,0.83329188143624,0.734847225656071,1.32508747851575,1.75918373757813
2010-08-01,0.860724535568087,0.818116170811947,0.900596273547062,0.747070436921509,0.713008109756619,0.513828387054048,0.561896902288743,0.493440663046819,0.903392152585777,0.429429722751068,0.607941334526566,0.910379840887692,0.602866800180104,0.702568645174012,0.852615951233168,0.414097984990419,0.732503860486487,0.628340714598625,0.490788509054582,1.16755549140626,0.706595667769388,0.466684546908375,0.714724501592738,0.665310044573133,0.766452510993502,0.60437667261845,0.902080582288529,0.780967372601985,0.727824632623399,1.13797717265841,0.700786286655284,0.624544704404947,0.499705896082621,0.702122006903416,0.757457055232679
2010-09-01,0.729301098729578,0.728036377606434,0.73915353401496,0.616493661667092,0.596992025296125,0.580158501208218,0.735615615155324,0.410104462688119,0.173087797463378,0.476036180403184,0.443561520040296,0.763917082789844,0.700227151399686,0.591773529199873,0.830003999829377,0.335887693986042,0.522007467397283,0.617257995441446,0.55191524950392,1.00291081545541,0.71749173671346,0.313290029344311,0.482152576068656,0.476040821870171,0.700041176027248,0.516598394636564,0.895827496289802,0.634073477447081,0.628568100090347,0.672604044829278,0.648882486580345,0.548663514823708,0.424464179393816,0.593464333715305,0.631291828679198
2010-10-01,0.745557676132418,0.72011186461315,0.620500396528562,0.735392278824605,0.712918323017869,0.647082542710954,0.343119104187676,0.575889360308767,0.843874031430197,0.92702931311097,0.451350207459077,0.617602274441034,0.558127410861682,0.757992125280656,0.715047337642467,0.563116033067092,0.764621714118281,0.733373082650661,0.417952899355607,0.653507906289432,0.462768269742097,0.3501241880898,0.530424890809337,0.604948958807973,0.721551109325182,0.38998504394688,0.531490868587106,0.429779095718867,0.686884556709917,0.707021818487916,0.953132693276044,0.621534682016395,0.305529414247018,0.613313865206647,0.400743463481452
2010-11-01,0.916728570405908,0.909898551361646,0.814677070893286,0.869229428507798,0.791960573997898,0.744576922982603,0.604176404182486,0.723919414595513,0.778357207613034,0.734228976899273,0.697466488378202,0.802235914169718,0.88152090649251,0.828239817101768,0.693563487569046,0.727217905496138,0.848482100870634,1.20698113823002,0.542305266139436,0.587861365546707,0.678977262619398,0.609510527653195,0.648695020546614,0.75390954584612,1.08055273691899,0.874635480466444,0.82805419621268,0.60604101716764,0.742271434738619,0.751031233070238,0.849497405435748,0.832274695263754,0.569852255279687,0.730613357091468,0.728826018164481
2010-12-01,1.02436484263641,1.12235771705789,0.946101006373735,0.734877539760781,0.723759356517582,0.75413075475579,0.892548462085921,0.838842202231841,1.07380776603398,0.803292383904242,0.906666008502377,0.75506167771252,0.637913487091382,0.754669826866429,0.695510342405224,1.1097629057721,0.563900660414068,0.89668142786662,0.66194811119735,0.948902547389855,0.632615760626242,0.677546596281914,0.578707701639625,0.845634977110507,1.05907677337699,0.782611637345012,1.39599250395264,1.02344811754998,0.779038999008646,0.588447373409709,0.761954935881923,0.684658056964168,0.689905036053656,0.519677431259424,0.6166617737303
2011-01-01,0.903335734555999,0.77023037225439,1.10956848760959,0.589395829905771,0.766077918765513,0.5037277675079,0.525389944054519,0.408294394039955,0.344144386628578,0.502668616139428,1.03799688334243,0.649389154059535,0.645165940366928,0.583629293119678,0.635515069044858,0.273291481460241,0.542221537459361,0.792978928201907,1.35272715591705,1.23523920953352,0.853693339560517,0.570697070089241,0.802830741356964,0.50556694543982,0.948366865579814,0.708351699953513,1.07500311135654,0.670861410495271,0.62142915960383,0.871215433669955,1.21975196798595,0.509239666178905,0.556393906472788,0.652896087373664,1.31646252762456
2011-02-01,0.843404068121451,0.684576755067149,1.0602302472075,0.662619890207325,0.717253247009375,0.464777345911236,0.851345808336608,0.721293961078563,1.22318079576835,0.58079326438746,0.629850355574206,0.514618966357263,0.677560549325455,0.753061994418668,0.61215779328849,0.290435033569101,0.757155558707769,0.565562275208894,0.480343011123653,1.12453374086618,0.626043155962393,0.584698739793816,1.01775354726972,0.55657394877073,0.679937451150814,0.813480784225998,0.852290527389736,0.826975555141935,0.465809673907469,0.668046104248115,0.912204268326972,0.617646230798677,1.01094413507109,0.642138886568756,0.853541503090838
2011-03-01,0.687041039406404,0.66129187663172,0.719216153808874,0.512576061620652,0.623188941228265,0.522453547664806,1.05799831628475,0.685326769315407,0.30041854668274,0.48772480317209,0.778673064150122,1.16532998197975,0.567004181338383,0.49696159830512,0.64284052859726,0.200892797336627,0.558073900602987,0.491697930717008,0.393845654845727,0.52413314823522,0.527521895320179,0.365509133372565,0.723182047055856,0.424102789928988,0.735961820609176,0.623620276371163,0.890031167950403,0.56116672910539,0.395838802216453,1.11154498932398,0.907611231892491,0.460205732469781,0.382615859783552,0.450762394812364,0.512428535821071
2011-04-01,1.103045278286,1.22559842866591,0.784399223434306,0.934970888219699,0.832623591375183,0.723196228718398,0.71558343920305,0.683377426943383,0.299653331252086,0.988407271603925,0.865480732199971,1.06666372493394,0.763826637484084,0.788054013398704,1.52852195150102,0.465957422324556,1.03642398782022,0.731177227846849,0.561766229889848,0.8632184828058,1.60130229193511,0.622060139328355,0.642728595915847,0.665303689789525,0.974423896339725,0.558907255157157,1.76201379073251,0.541358823439564,0.838510791563468,1.21463647538541,1.0715395868279,0.837123956682147,0.561377155151076,0.737849375624458,0.65626227984843
2011-05-01,0.909804325647407,0.659122982076362,1.12926870780049,0.80756801279001,0.874573929064515,0.57615861657322,0.816199318356164,0.81803464818688,0.647182963319423,0.39019971903232,0.746516185538475,0.642753918341388,0.724938714011026,0.570556262415241,0.589799025182544,0.399960860007581,0.624417943521239,0.493565821601305,1.19610012800033,1.55571699085287,1.04199036464413,0.655610152253176,1.25629620325186,0.782586216445662,0.610048743922919,0.968707294137627,0.701631404876965,0.435377119366155,0.587722630577975,0.811206844962426,1.02104360974361,0.990652751829118,0.625089563336234,0.794874700285987,0.643060059750043
2011-06-01,0.898009902292464,0.989425745473832,0.714231949739901,0.79427236085642,0.563669990484568,0.657460914903987,0.593010588802547,1.29078163708979,0.374135393198451,0.958958229373551,0.965458411145097,0.988446597855598,0.720624904360604,0.573196819957518,0.684165541392449,0.416730450883741,0.646500240986364,0.922139162849008,0.558355855599592,0.900240372239695,0.693783397146837,0.480867144440816,0.39717635599512,0.589734504408342,0.837832466125085,0.521947028045486,1.50738862791316,0.703400087928082,0.928420879266586,1.00486731583859,0.720754566585448,0.703777073844612,0.379217987275581,0.445514890073915,0.466594634255188
2011-07-01,0.756817995568774,0.705068084220379,0.670635697970888,0.653046431716778,0.797033822964433,0.501433835121821,0.450659440141832,1.22783617961697,0.553964665904298,1.0624819728997,0.971552174790268,1.1752528664945,0.612627118566542,0.447666656661011,0.431973821488023,0.42832774053678,0.609960678664811,0.500494580141898,0.310114664937024,0.900064633447086,0.535087233550508,0.441005015032141,0.740597866914101,0.660640412603002,0.697098921075454,0.566430630189518,0.675467606412684,0.260030819548309,0.583489660030244,0.626931106119943,1.26091073337255,0.641646080701779,0.391239610022857,0.4727487934888,0.671430463250895
2011-08-01,0.781556649918278,0.570294954294138,0.869039192502743,0.77558390443672,0.786037066047348,0.519756561308355,0.566534602359921,0.607368031781989,0.339051022086105,0.51711081735843,0.705519083376709,0.65015292358385,0.623586196199424,0.751744748266758,0.492580866759101,0.255798667459224,0.726113586387147,0.47747064915289,0.691115313294532,1.17618075204368,0.510686006311944,0.448082724645853,1.06850502008385,0.678096247044234,0.726884131397232,0.662380029111392,0.466582277476864,0.625200807756451,0.748925925673452,0.848097512712802,1.13721644073139,0.66908869162813,0.468031900852337,0.565840396737993,0.828764135925054
2011-09-01,0.748598148985661,0.606035478009428,0.630347666751446,0.893066676225161,0.646440621597875,0.506817742887775,0.620886605923107,0.857946264021294,0.314442038076946,0.444362199006805,0.666875216870976,0.501397918853565,0.867978157672165,0.512041623701744,0.426034855679105,0.313886867795257,0.882547726897315,0.809689663052052,0.364001508946506,0.847739711486318,0.373520836211772,0.454481871063675,0.946553506648742,0.571818266655734,0.806405827891168,0.569420030679626,0.618293966285546,0.336433612546723,0.948199491322469,0.735196043432684,0.847624464202161,0.773658760873462,0.367013516841795,0.5327411257908,0.415049258424347
2011-10-01,0.744587806810097,0.720995613858397,0.734359480384963,0.625196893567927,0.717197690889778,0.598598277963789,0.652228734042397,0.574314546327201,1.04290068108765,0.529503304162125,0.957366465774399,0.962189586062948,0.816085055648025,0.567648440913164,0.548543456602886,0.3452860675826,0.62611067504903,0.712060266285476,0.560749043286394,0.517147688300145,0.628986781162484,0.757411444042273,0.404812902095905,0.679602545290582,0.656131590040326,0.51949003448661,0.800608665444992,0.358862517857023,0.582310713663597,1.08089813387943,0.782361188143821,0.514315472184718,0.370090154073828,0.636609169211913,0.620883085699381
2011-11-01,1.00905593043951,0.820463786505137,1.07093507075072,0.847893938019658,1.17071861404786,0.854465107119743,0.774341311195184,0.741723661504183,0.286337076869251,0.658990573390913,1.12925294671192,0.900147298990365,0.738694433607799,0.815150132308638,0.376910063112954,0.676108189650913,0.902056078022121,0.871099519882525,0.537277176337243,1.64577758831984,0.926830112378985,0.71766401520208,0.517941069453821,1.2619612941573,0.994137308539536,1.14692601647912,0.589207432827615,0.322222928374572,0.668518183823392,0.872147302034419,0.919421316894619,0.776642014593482,0.483937723877668,1.10486335625222,0.891415132850041
2011-12-01,1.16193918385566,1.04626949403391,1.4420257697001,0.81278518358421,0.790148448946753,0.85179706159379,0.637901398924468,1.2929770747884,0.336936967101962,0.541509751006604,1.78269433116282,0.67087824765801,0.623338299223286,1.09625565347411,0.47902172384798,1.18489391031394,0.730447117922473,0.675996793478849,0.58908895777224,2.36698115446304,0.905318386060538,0.738821847929018,0.51874537471719,0.900161255685775,0.999875743106322,2.41642845342735,0.653496980000809,0.448369601038812,0.671952957410644,0.842008326150786,0.800062737064007,0.804031368378166,0.466961199360447,0.631515928674052,0.607613791587398
2012-01-01,0.726099076878148,0.662645817889244,0.757232407898614,0.623862725289306,0.725238384118506,0.51662004552198,1.28733927278134,1.66206204936432,0.221006616657362,0.73328300611696,0.843967155575841,0.846117978696243,0.609327565390692,0.42486873975406,0.347193753971821,0.223427070416056,0.639149829726461,0.596833287777325,0.439500677748121,0.97014005007504,0.480171513618833,0.403533822497743,0.621481818306342,0.727777974749873,0.609820055520014,0.510716590231596,0.591001995287529,1.3492436069675,0.421818523440981,0.889007791567647,1.00808993099841,0.669184483736383,0.512538236870966,0.461151405247939,0.67567548907347
2012-02-01,0.633155624360374,0.674654326086517,0.571445218578934,0.801655297260722,0.554006018503239,0.425695749113198,0.70811333988531,1.55524561599039,0.173705763157869,0.765683634606078,0.823206279764375,0.612069837514227,0.675903821195137,0.502159505482298,0.443702138924583,0.249102635708661,0.944989498921245,0.795269949539627,0.528170471336047,0.67971164850639,0.317903177808253,0.468129974065252,0.371594004589951,0.536339208906772,0.76027833745943,0.542711124770643,0.96733888961774,0.401926609895977,0.536387176500193,0.980067791074308,0.651964556521602,0.689292644739091,0.282785715497585,0.435292177734553,0.41798046424004
2012-03-01,0.741695908087386,0.702173239531305,0.880664359927968,0.787671768071527,0.753213511084414,0.572158414276801,0.4505787723738,1.23378147148405,0.449971848317128,0.864501800362894,0.791683311426532,1.01318661680347,0.77137072209406,0.498853847059167,0.450088867806094,0.302717358902808,0.734301113168142,0.660406784186952,0.563228419706765,1.04591236918444,0.39568750662096,0.406551146134665,0.65913174528757,0.718951409225799,0.822728254016555,1.32897370426846,0.789078330428952,0.903192070633592,0.524702785053459,0.851679388328123,0.820039665118142,0.895629308632431,0.565227052775839,0.657078053964128,0.773177102511597
2012-04-01,0.696256960011556,0.725260884151496,0.639355722268175,0.608205525015977,0.497776243931521,0.580857297010462,0.38437548726921,0.842624052042676,0.479038880990136,0.733932406206856,0.689210021461706,0.957853931669733,0.722362690390526,0.468964403780775,0.584870131086451,0.276552843753011,0.531131069022803,0.675772910133862,0.650443066663379,0.631171290247466,0.374155802946196,0.535696026089787,0.436807993356444,0.392595307592506,1.08278149800693,0.271450212086836,0.611251178875939,0.33986704300676,0.558108988116541,1.12689099326245,0.74450438584554,0.680053788960368,0.351312912191173,0.39426825197667,0.748904583012302
2012-05-01,0.646960748409894,0.622658599513325,0.611470351647048,0.570841469778932,0.609736321337323,0.568517520016627,0.787054140762128,1.00993829348728,0.225333294243283,0.523527512922368,0.850131776452057,0.761154397856049,0.601433768729215,0.420865668393922,0.253575862431543,0.44854015160768,0.621296462264395,0.608109403828521,0.899921207600614,0.644691908828431,0.262681947362419,0.536964287433832,0.773539066750328,0.645124717091246,0.631581350603254,0.387940778987483,0.502832425985303,0.320788533543009,0.453164677483417,0.914641821380505,0.858420569372653,0.502034619512102,0.329349032082442,0.406752842082358,0.497425215684832
2012-06-01,0.839351408276643,0.757716226113446,0.871534393686985,0.701345645972129,0.811581388874794,0.568508394893302,0.581052767233195,0.749743432552415,0.236147003066738,0.786331349876228,0.7126275233624,0.831385951974632,0.63019817836423,0.803010038375763,0.446057358663781,0.470379725528662,0.574692226999735,0.491953177518481,0.789047645237248,1.16363718336106,0.619550051046617,0.854811501266445,0.594284702104886,0.654130761315486,0.792383349579707,0.837485386234417,1.12552207379216,0.681087800267446,0.568892348379184,1.00780199524046,1.15069641764407,0.70360490478863,0.439384460223007,0.625116971160881,0.531494675360736
2012-07-01,0.919792118731888,0.599708509639799,1.07560918601658,1.04055914428392,0.971002065732056,0.595509647220265,0.540359859814911,0.718409734328583,0.31842699840812,0.556710607171513,0.641714115786459,0.616850106857999,0.61970781320688,0.745226127916238,0.366823250844562,0.342673008103457,1.18987532160362,0.482726688599181,0.701836275067433,1.7637472764813,0.636025042925102,1.10257774347213,1.17096402636181,0.949710214363314,0.668180171077095,0.835085912156725,0.66141963127692,0.570844283118659,0.526555001169027,0.866572195430381,1.21935250963582,0.910985251375634,0.681761775663057,0.737435243222707,0.535921615995893
2012-08-01,0.817946374972662,0.586936138525844,0.969655819751792,0.637044563867602,0.926903168204407,0.638628922445823,0.558066784287386,0.726068756951587,0.441126351932952,0.421942942559806,0.789014311212922,0.881683862702041,0.68788331134996,0.569663554437311,0.427102876963206,0.2548712014473,0.632063406910849,0.43802368907615,0.411556626873914,1.59655190328459,0.450459271568592,0.693916054036479,1.15460758073214,1.0788692378476,0.634747465554817,0.665609625442106,0.677888740754799,0.553743921051518,0.387423989161678,0.711093527659129,1.16547687001445,0.611042727977485,0.587128518784267,0.491992621434961,0.717234886520391
2012-09-01,0.789870059400099,0.65389480079732,0.92476251894209,0.577899034015296,0.824772466842108,0.673700654130544,0.521599953818977,0.888400975186734,1.03540031254244,0.687343852636167,0.791156823036067,0.936329458572412,0.538822746565537,0.619833096530666,0.419513739711381,0.315379823022183,0.459684948534766,0.569737821309927,1.00781134517095,1.04194390164898,0.517466129295027,0.461199292424326,0.986771819671191,0.833828580960391,0.457659418076844,0.567218835967391,0.665269357177061,1.00740526551193,0.586188497731177,1.02267828467335,0.806488649590906,0.545142680496866,0.556487285665625,0.734538166432188,0.627215541461051
2012-10-01,0.74685829775094,0.640757277032891,0.925819436519058,0.508132402045396,0.673483599807328,0.664170292691486,0.609611232752061,0.665370064799627,0.200212885736222,0.677596423361805,0.650718899175195,0.846352049364658,0.643488851202359,0.668973886467591,0.358324589280169,0.358090000003095,0.425893367243752,0.522957740255889,0.505166453772074,1.09182042206507,0.416462404283241,0.515658981643739,0.53848304186849,0.62474784325554,0.738787798908582,0.934864936813033,0.587426517063591,1.69764061815742,0.453253858977187,1.03849133011602,0.945594787162408,0.394720775256641,0.36401432045548,0.458380303100611,0.550360757102267
2012-11-01,1.3122957619896,1.06230221528032,1.62887685294243,1.05580066933281,1.17068423806761,0.879686993330102,0.826707701869784,1.15357942488887,0.581557699071131,0.805916608681305,1.81900101530704,1.12357312854335,1.31933410348987,1.20646122081443,0.771738022662075,0.697119463134096,0.728331707026943,1.54285759516015,0.702614338273467,1.81146910313035,1.00369047980625,0.573910136999626,1.44066178534499,1.24881593368022,1.29694069101436,2.56125391567552,0.801908728462987,0.983261830411019,1.15988918877899,1.45097509791204,1.23577915495791,1.02233467984495,0.765584434964274,0.936188819755563,1.03170144585528
2012-12-01,0.911573066073537,0.762346200730452,1.05396573246626,0.788640124482629,0.835375965799378,0.651755419629306,0.598524884689844,0.864155924765754,0.685347405042541,0.561378484175803,0.594324382562709,0.784824719369039,0.565200332201558,0.734798429483656,0.473714886229299,0.706356032950108,0.557826385474422,0.454343145918499,0.61296608938768,1.05779798225267,0.606937033315736,0.808563271177551,0.898179443424043,0.922502517968815,0.918322452598183,1.0545284240778,0.964750068844919,0.651019508817957,0.641463407929525,0.917664398485619,0.806707960345515,0.950638677720673,0.989395729715886,0.688022684099492,0.86118742781925
2013-01-01,0.927760701984069,0.852624517850511,0.86382402671522,0.86977471182966,0.994004258583904,0.674464821521922,0.555845476076031,0.935542017741018,0.551061880033836,0.826084477810418,0.535740872865174,0.99466038568394,1.07773469028981,0.746394925979837,0.677101010522145,0.357684515929033,0.637655984083945,0.653755006888969,0.387113233439115,1.29142481290345,0.569128767817543,0.648751487239985,0.529505081305862,0.987617132791299,0.754072041709498,1.02141216319602,0.956800468962141,0.484243084259618,0.950339106386395,1.42438008479119,1.01783995850628,0.899585330362885,0.476113342535148,0.905404232147012,0.659396410604372
2013-02-01,0.84734649074743,0.824627522482826,0.730864141032434,0.815343410854646,0.683189955769072,0.626809739503809,0.506797715146007,0.851470494270045,0.736317672477037,0.881862482888686,0.814946834307021,1.07063002877812,0.99839322874803,1.02452795621971,0.629977571730548,0.317715440527418,0.498372248412586,1.05529097359417,0.487825044031905,0.586594027148037,0.580196145767922,0.498756975844986,0.849918281273539,0.537091634696648,0.843444557284329,0.661430594870382,1.09816512431041,0.792985183244827,0.683289507797798,1.32353719392353,0.778528072308748,0.798461738162374,0.508775385053149,0.645479960399168,0.500804593859323
2013-03-01,1.06391615007636,0.864634679816087,1.13485103431874,1.02417160507505,0.836732686318285,0.576026612566945,1.11764525907275,0.600857651395111,0.90357062631565,0.734387183422026,0.612996657321506,0.967392955251361,0.908929200617732,0.727696600500736,0.52986303752984,0.260644670868116,0.853605643448795,1.83957932367754,0.523183262881596,1.30110870854906,0.662278821455838,0.488785945941986,0.918883062858755,0.770940955832693,1.00146216592669,1.28533451641198,1.01926981515975,2.4994429936959,0.644058254553766,1.44166148280176,1.11319265066752,1.25783174284442,0.582843673922741,0.694919345807673,0.762444508003454
2013-04-01,0.983848817855508,0.803882870485582,0.99560171308717,0.935307315843853,0.868681925083155,0.679736683368589,1.0473665179758,1.32438891479799,0.422800424038943,0.854917107232812,0.558420165831972,0.781576712460933,0.700107995343459,0.85388158259981,0.626290454600265,0.344891913214356,0.69087637404313,0.512034905344307,1.08065990497687,1.10450382762286,0.596882836637865,0.586583981898745,0.855948878087349,0.780756514005388,0.706425874901261,0.919721061039359,0.914849405299522,0.462929172576944,0.737667979847858,1.16954023851089,1.00754888944689,0.941693707294353,0.676501396531597,0.778125969879213,0.703878409740571
2013-05-01,0.969501723637967,0.783248132944027,1.08983340622105,0.750334901080735,1.03190620738897,0.767214715740954,1.12752537523561,0.794367384885991,0.483792913516708,0.7187276804048,0.898270338141295,1.11605215299497,0.761280196057541,0.687451547068139,0.52165018169205,0.358794282964444,0.596538327272059,0.635079464716614,1.50690029579225,1.21787729713289,0.544673992848447,0.710578053819165,0.719913513993252,1.22369711656652,0.633444570432288,0.713675663803948,1.01171185039966,0.574182579981581,0.511309633368929,0.972539035669073,1.06455106521346,0.899213698304799,0.484502346101628,0.699096499248165,0.775496624333379
2013-06-01,1.52620655274481,1.25937335549227,1.75430962263917,1.32717996133664,1.17770870310265,1.12359754209328,0.857551169187404,1.02476567550512,0.41607989071613,1.23080528012987,0.870357104476979,1.78649939618847,1.13753919505337,1.75904151597282,1.29785377781267,0.580738898977102,0.782152947565569,1.11901614659662,0.859751491550592,1.95754005181187,1.07219636220351,0.695851557173101,0.583773423047986,1.08211690131398,1.51268712573495,2.37746346029224,1.45533246350801,0.96739593007911,1.41677431091945,1.69744609153741,1.02186631062331,1.18602958858148,1.13722070705042,1.1762310203005,1.22010836883779
2013-07-01,1.12529275964638,1.0010251209698,1.14290598184307,0.868095450639911,1.11591118950846,0.96819592684789,0.846192037190877,0.658983862681542,0.248216447128148,0.707079269660697,0.825072123423057,1.44531982653986,1.06912007622093,1.18402536556311,0.612390198309319,0.368161995820251,0.555205824916832,1.02437292491414,0.338556448958647,1.31741669961164,0.674455633122247,1.36743744776383,0.882483250536927,1.10236472232877,1.06904070303524,1.30496041233538,1.13313662788351,0.479474301149627,0.759404145607436,1.43990587401015,1.33766712906693,0.882267906584646,0.659183699663675,0.873347717346137,1.22681374538788
2013-08-01,0.882933342882822,0.830233506227763,1.0121717349247,0.474547432200239,0.935722321430637,0.636923316554806,0.635337289335403,0.785301574796489,0.6790793498573,0.904846185185852,0.662223024214091,1.07317393710104,0.805282662984962,0.684547490828219,0.415886562290314,0.279322839088269,0.392219524522829,0.683078109292321,0.784412444841095,0.915709513203652,0.729241877482547,0.895411951316968,0.86537422790568,0.873003659816499,1.14636825959428,0.926691927456398,0.65359281711889,0.764293348163883,0.353440972264283,1.45485149880215,1.09944796894096,0.434227482328921,0.689010533198698,0.774177979092682,0.869026573038858
2013-09-01,0.902052873044928,0.820508049312578,0.825876685309074,0.678549567928779,1.15470123776374,0.715430857044262,0.878805012205882,1.42215304463833,0.246893360083748,1.04173753186527,0.637229549081127,1.39070884557653,0.803721804578376,0.547392409867654,0.427109639151906,0.392456042592669,0.694240211348279,0.787471377174851,0.47516037626485,1.24346373056384,0.599734680306875,0.735569225698978,0.812481075613757,1.25842599838815,0.536095283274097,0.695351720387882,0.959828883789617,0.471137908092984,0.567301009244582,0.86683224422048,1.08327162930593,0.61530445972681,0.500164428607841,0.955344995247495,0.666574383429117
2013-10-01,0.87188634178409,0.831541578266712,0.920325757537526,0.659542337990097,0.840096628491932,0.62846972988079,0.705093234748939,0.634244521555192,0.634332258243606,0.669460518071243,0.591812169625253,1.10236751666256,0.914662907277716,0.580557651993142,0.418897368915591,0.264602386470012,0.638284403401831,1.14083224358007,0.956759687999108,0.831810202494465,0.759685710232988,0.736547569511181,1.42456883489265,0.836418161775424,0.632235460217033,0.733155665423172,1.1199152663993,0.741715219658271,0.546752034849028,1.1971652205461,0.87645932584928,0.633525498198511,0.46798118310945,0.721689977287729,0.598289517663376
2013-11-01,1.11002063920185,1.07260578467483,1.14813608771984,0.772600867587479,1.17829840093962,0.913208313204119,0.613500520414763,0.891314530367395,0.567977430044906,0.613375714564558,1.17835444686258,1.07846479014821,0.749326758846537,0.71282783383784,0.853454748809576,1.00020779080546,0.718570916626556,0.919638527569012,0.50014821447337,1.15105382032226,1.20281514548261,0.640318531009414,0.487069078008105,1.1364008514921,1.80119504123912,1.49335381683754,0.693217577790609,1.44501707861858,0.617641555273341,1.15803924817095,0.898094046272775,0.771094295123974,0.912072139257448,1.19217793641505,0.768279256559003
2013-12-01,0.711636063974013,0.596521221605183,0.750886660900423,0.587708960418775,0.751464155907999,0.573204322109881,0.589127163887993,0.70331382518671,0.320922198297641,0.624588145966532,0.555461271809004,0.674652585231706,0.691614873723023,0.629200277461159,0.369641454381821,0.26750371639878,0.494693476268046,0.816402983039681,0.592932119263119,0.729620094889498,0.343579065255533,0.843291255898641,0.744366186665884,0.831223546007004,0.683551978782089,0.559188669940866,0.482900865011597,0.693494411404237,0.63122083141516,0.938971899537426,0.756063906502423,0.525536736050825,0.576176343940786,0.612942897688275,0.624067183254489
2014-01-01,0.866746835338967,0.736183167281596,0.864357926101166,0.794796723965113,0.860277399108894,0.880084578974921,0.62743005928176,0.684707505193788,0.223887989729975,0.582221399318626,0.766164117321013,0.898332509460882,0.64123452319312,0.832833944685592,0.534249136827975,0.400666989376785,0.717984928875502,0.646282016541871,0.457358555472591,1.31852303752177,0.395588359768135,0.355478594408832,0.978270376985418,0.824550380421809,0.635342926826563,0.964590330834388,0.77170472656241,0.262333672086664,0.712350768476035,1.29157581907433,0.932588372095402,0.757672452610729,0.611269637726823,0.716894704329101,0.598421612789625
2014-02-01,1.0894042682915,1.05725189379828,1.17602893224431,0.812526817881739,0.842433666330722,0.848882543135874,1.0394030596201,0.689133743404282,0.274537143052017,0.903939336074342,0.699660004519085,1.00948126635245,0.777022025000809,1.02605683974538,0.774926356835179,0.485990407050298,0.632800432481252,1.00301461961007,0.745538124956888,1.3031814569008,1.07764915925869,0.929164507499571,0.586602013179528,0.802081081824014,1.2128855499869,0.950284311385325,1.52756773484491,0.523816141494434,0.778572081730402,1.31419583821363,0.951148945111587,0.707466985961264,0.996259562940917,0.710835979142289,1.51057373909498
2014-03-01,1.09650048208081,0.792727582476229,1.21087352664136,0.915649626291231,1.3493922484026,0.659892833710262,1.16594279953049,1.1328116325676,0.402225432401425,1.16922087099305,0.717745547113061,0.864352713993199,0.644601451770877,1.03946627790638,0.568832830389169,0.413636444958003,0.831223898633859,1.0545256832635,1.00692104308167,1.34459324265946,1.11482587061169,0.800295450994543,0.73490567612664,1.09837051708701,0.937509539939715,1.11908422356048,0.829806050204037,0.654948916679484,0.785457793284934,0.929961727724503,1.14160638029368,0.828705901303859,0.859683096190954,1.42102878368555,0.979485804974318
2014-04-01,1.1941833204078,0.956401657624015,1.12992808246921,0.985975810777172,1.51436285135032,1.01760913133936,1.03147084140853,0.754718870148066,0.470207736094231,0.919487458984496,0.759355280203715,1.00090922286568,1.1070504984131,0.785500779759197,0.56718325488022,0.623804711973488,0.820566315557551,0.921875483524829,0.910452916701788,1.15279146032054,1.18910847771507,0.692114236554123,0.634361528690248,1.25074176675951,1.08401803491925,1.10619523724041,0.729751119117626,0.670651012359164,0.856190314123981,1.36346822871838,1.05198427600992,1.03785646445333,0.622054782163175,1.72803143313191,1.29202260622939
2014-05-01,1.49239821150366,1.08238501400654,1.54711885378595,1.43821070500873,1.6497597254185,1.01242027385057,1.25683853452081,1.18248531215481,0.55014924894722,0.845301427587104,0.647251400547574,1.26300758873851,1.06978634717472,1.30951332607748,0.879521375928924,0.47738860147817,1.26510039706847,1.08781778202271,1.06101563374185,1.97091551691873,1.19450114213698,1.13601075984357,1.68654232405569,1.43332596258577,1.05614062472668,1.44849049865825,1.49072704421458,0.876114890408343,1.35801443797558,1.52362733215424,1.47453796937126,1.35939523261396,0.882873974035862,1.66093174821904,1.44166813464609
2014-06-01,1.3918338519597,1.40715250519863,1.30619827725273,1.14116838461505,1.21364617718665,1.35732543614646,0.663285419025256,0.828741161428566,0.333975155645257,1.00887476456621,1.01395819823131,2.22366126632652,1.39478254857941,1.14809195755485,1.09970929082651,0.608510171470327,1.0308378494667,1.25275905728535,0.637538119797767,1.24194452492069,0.73104779647778,1.43247104841441,0.892843295631817,1.15191919825554,1.17092779372046,1.76709783751252,1.82757379435741,0.982684873714337,1.19143143402731,1.43527981870729,1.10723157781216,0.984601850635325,0.743281378440437,1.10807081970243,0.854652973282707
2014-07-01,1.02008147761423,0.986936259067322,1.07275299865449,0.780393788987074,0.885384659602782,0.813803198334719,0.579162807993021,0.574540750478199,1.66230441966926,0.81080065300443,0.74519030904538,1.43016046644437,1.10081714567337,0.643868750630819,0.718682441500615,0.350391922169482,0.702029185174166,0.981593614623751,0.951395387701453,0.808857482435268,0.684553518943519,0.361277567579743,0.859683709844979,0.791355705017641,1.05974465838113,1.5816033793929,1.20089561242808,0.51198920739967,0.693293562339819,1.08149044395075,0.706924716854192,0.741433872058278,0.503566295805771,0.920139702803091,0.647142145738418
2014-08-01,0.933602343669334,0.765642932670063,0.967937423476205,0.862560329924885,0.974861219497003,0.901983369910475,1.26920040144135,0.720414233244378,1.13147544118181,0.713613214503144,0.805407558914428,0.800035007693722,0.8156692088807,0.649539015312917,0.492781635630483,0.459833160113154,0.581729507373333,0.765813698162557,0.826718411525773,0.872201897635173,0.613020294445919,0.827191955324984,0.855090186136251,0.908578993142735,0.756763461686528,0.754011869350629,0.816245691005947,0.691908804021819,0.846157738035568,0.729136663245485,0.856630245901313,1.00437989671392,0.562743526315966,0.959977958360882,0.727982487800632
2014-09-01,1.6188869216908,1.48292649745896,1.59605946258629,1.60095825403671,1.49038370644404,1.35189427833265,0.94948035633517,1.08532009256618,0.72503438386938,1.63026297071958,1.03771164918617,1.28039765740388,1.456117632911,1.89573776251209,0.904796992552438,1.28102554856987,1.08535732199428,1.71895830225208,1.85253361200106,1.56128286991194,0.955459002021011,1.56836795667579,1.05485095841679,1.46159883623298,1.5328455907697,1.49513508041318,0.981203194236289,1.86066724593257,1.47505219533853,1.48181771901786,1.69263261749655,1.71632051656518,0.886239590905596,1.22767464999024,1.0209760506345
2014-10-01,1.20996803884068,1.0126367322153,1.23330484622778,1.17188540408504,1.22491260813014,0.865719110530558,0.865409883084872,0.740319360306255,0.37893039918132,0.938096821424754,0.69972055644451,1.10511589657641,0.743172504366166,1.04310016756829,0.613151315940241,0.740126057910694,0.928988592955065,1.08832445613264,0.594604392459,0.998837040768415,1.099327999176,0.506568839088541,1.00318344215141,0.785129884151715,1.42620741002543,1.90261355021884,1.02897586867775,0.591701972872136,1.51232983472742,1.23863250198007,0.817330016926909,0.718712089718082,0.723944050983424,1.46110682304992,1.48937308619816
2014-11-01,1.24579212124585,1.32831370878752,0.868254186729377,1.2525374143932,1.11394995392855,1.74466540897235,0.855862871614501,0.971958673632442,0.344016110410248,1.53513336585311,0.817849061451151,1.21492319819768,0.990674696337132,0.914426244492072,0.878910424734197,0.994536983136297,0.821322953811059,0.995358601018972,0.603001199220042,0.838027053790068,1.14284077389374,0.598351844145157,0.587150787450433,1.21856710448336,1.1496179946353,0.731068292040163,1.26510332425889,0.774536901016453,1.66899138129475,1.41294355649618,0.844111970076095,1.00780158215856,0.729401571165398,1.02922113131951,0.715799011755378
2014-12-01,1.26711501498469,1.23578426720676,1.33281762405831,1.0175559827046,0.975958256086385,1.07568637053632,1.27070122813736,0.775226035853814,0.513201498433656,1.05063677240699,0.813446400865122,1.04087463759666,1.01861599508985,1.04983602549209,0.535950383306038,1.36393316220152,0.568802294521339,0.976266129149644,0.97157094430822,1.15559237008949,1.05598730062894,0.972417618508617,0.911586879237014,0.974794640399032,1.40282008245635,1.13725542715678,0.986502391091108,1.06112853758907,1.0145959546637,1.19661550212855,1.09876534705804,1.10514711334208,1.0921774670395,0.777753391163589,1.28148657544686
2015-01-01,1.02452593662412,1.06370507881439,0.952768638602567,1.15294932371522,0.87630979881851,0.758350212108896,0.817610408353561,0.822981525778575,0.404008796343853,1.37362013833831,0.500281989954174,1.06371236539586,0.88086035660376,1.02059197730529,0.837532279608154,0.440641114022392,0.998911068146755,1.14361912627823,0.549168002894104,1.26084018374668,0.731697155522883,0.576417598537713,0.740687795667765,0.945973594904859,1.05356274863761,1.09321654976247,1.06615019432741,0.442033549609544,1.16884522828519,1.86377027435497,1.06960825836293,1.17307081775044,0.718276781355859,0.647466827490848,0.5742964365053
2015-02-01,1.2525471430038,1.10559900104671,1.12575631655952,1.21618390212614,1.35063724047727,0.90396431669094,0.730777355450354,0.84162123950546,0.424170880477167,0.643121791825931,0.827901232307334,1.0358336257965,0.962941958993299,0.963443456683056,0.675682529232098,0.567355610332498,0.985849154151721,1.01240747300512,0.424294472867587,1.01196114108695,0.871356722499274,1.05442795745744,0.83195091128223,1.03750514222729,1.19849872486601,1.22770105220673,0.838005230518935,0.877291171324562,1.44613770215993,1.9794138819783,1.89201557574817,0.852081384441975,0.564791587992613,1.06847558596028,1.05090292678179
2015-03-01,0.994361663861012,0.829903490830757,1.17384747906265,0.970388905965821,0.821429507957157,0.742290274712064,0.901896201761492,0.612068989442879,0.883830138620444,0.525442682809534,0.547663858297519,0.805974196137399,1.13169985307633,0.691920106383664,0.542368690826171,0.405822539922325,1.03700704617242,0.776742994563845,0.497292241543786,1.03196712795604,0.966635835645314,0.768564305118905,1.335009132422,0.686241227562938,1.05925729587004,0.910057228175892,1.00213275127023,1.00461292667371,0.845114561696995,0.999406953839758,1.04549687047167,0.868078796384791,0.54894211553068,0.648485392439561,1.11011676730329
2015-04-01,1.30091440545145,1.22595982697043,1.0906850984382,1.49255850696327,1.10225515901051,1.18155447751353,1.00013958507687,1.08131671036678,0.722264316985213,1.02891954614553,0.76649993790177,1.18852392467385,1.30655380905495,0.921925703517967,0.998130867644964,0.629531526539822,1.48659151252504,1.36840635488711,0.89616300675216,1.15919877604873,0.930142538105724,0.559677703715046,1.12143817762455,0.954176882173098,1.18670559198401,0.882124039913882,1.52439404363335,0.699507570841359,1.39317364555059,1.2415850079891,1.19372612657104,1.31888401580335,0.953323224665161,1.04911964784875,1.48714901472024
2015-05-01,1.27557161776102,0.966186887396683,1.31618899923192,1.36163702614735,1.23098258393357,0.92099533434063,0.769928453994532,1.09968678856552,1.11400036233883,0.912850602674756,0.620806291742211,0.957948484915764,0.90335198149976,1.23168040354258,0.50991106363495,0.66399211895151,0.940935109857648,1.00643479097566,0.900722777509799,1.13591841255013,1.28881775131327,0.737916450957578,1.13776566687314,1.03747402361174,1.11982480359785,1.40753104091792,0.885302908600877,0.8413875724081,1.66249696836455,1.44592094329757,1.12337947513625,1.20621184765493,1.03075522368567,1.26901444131216,1.35036246261035
2015-06-01,1.81493695134264,1.62913129133057,1.18085849586245,2.23749346143257,1.37046262098878,1.37013484042468,0.980865149451234,1.85078357186035,0.724082831227197,2.2270707692051,1.19974221874681,1.25565885096152,1.46560287262353,1.65488033177584,1.10053754019929,1.51457256296742,1.63952602342532,1.71300936020711,0.773379859077682,1.05219841112443,1.61344080964952,1.21340992051184,0.869524684482025,1.31610441983075,1.79642627520653,1.04838611931034,1.49915756195175,0.821188805206965,2.74857042064805,1.47349260845641,1.12615374673373,1.89210006680209,0.872205005872762,1.37899989527309,0.883556989536935
2015-07-01,1.09300523716465,0.94877999405449,0.959724293939058,1.20836116245232,1.00117837660105,1.02236469877706,0.683024744496846,0.880522450283304,1.18534823570314,0.818754055662532,0.986072578923994,0.96593945258242,0.988772291763754,1.10970236742856,0.733831182410167,0.537314241697923,0.764021412777125,0.959704707874503,0.959147691950535,0.885237776442768,0.883081037793257,0.536714544912671,0.905777757443509,0.852635721952945,0.956234522519886,0.688690027055354,1.02356693154715,0.652451250869004,1.16373137458823,1.22229993279278,1.25157284433924,1.31539391599156,0.760473809115727,0.841280068482013,0.837286657029203
2015-08-01,1.43805319254396,1.54035308739634,1.39473768655822,1.1292532994779,0.941598706795229,1.49362561746323,0.81141823832552,0.93452637859043,1.01286113163179,1.47894328554589,1.12377249869499,1.90686238541199,1.07669463587321,1.22063592534237,1.1205285838977,0.712776267914433,0.670680002054873,1.01404150252145,0.868172524272102,1.3927347075689,1.09202625547237,1.36140033637451,1.07896943871537,0.9220719635816,1.18487804090137,1.11214238323082,1.95861054424811,0.774415525725733,1.3309194320644,2.44707011722958,0.981072820247623,1.01380720101913,1.47384919474098,0.84513221593051,1.18941848178253
2015-09-01,1.41116262411412,1.22718305227199,1.40212443348772,1.5703758284063,0.842793373314887,0.987580974622334,1.28552214301892,1.01428797803863,1.38412109770049,1.07713289853114,0.877508843661271,0.975947945956563,1.00350695749431,1.15228233678421,0.98610393446004,1.4556147115933,0.759189790420006,1.17818132028727,0.89620801676097,0.8188646983866,1.71108775675792,1.47917984662107,0.896044485058463,0.829937457769358,1.74736162379266,1.6286672637966,0.892056163426099,0.800481435073764,2.17427376031096,1.56211542425018,0.888737496186898,1.46439716193249,1.60304258692926,0.74842473543654,0.751786776868988
2015-10-01,1.31504300216405,1.30689865303893,1.18672578476294,1.30652794764482,1.01905837468344,1.00300456750238,1.19445723054699,1.12751120144683,0.542760031265607,1.29534555002169,1.6300363350746,1.0499534045591,1.66413647238547,1.43651036035821,0.989530604292005,0.63727800386087,1.15295681511743,2.08998879288954,0.637638947308975,1.15712908475843,1.27591596457902,0.765206124021388,0.768589575418422,0.978143208759214,1.236923307869,0.943181080366792,1.46171617535202,1.2665555250236,1.10213808939761,1.54108268026628,1.01162199207563,1.26407682020524,0.781263014536698,0.944029226931564,0.750931819071647
2015-11-01,1.9287693323521,1.79645074841843,1.61742121290992,2.11444820878686,1.54638521719799,1.52167593754526,2.08448463147747,1.36396014347323,1.22391237569153,1.07369753504977,1.03724972804886,1.45087004381611,1.24030731313504,2.56483781212239,0.918479737416656,1.67306472843689,1.65533107146272,2.88806988748739,1.61872105640438,1.55974468635825,1.56555618827729,0.995162109347294,1.02097126799938,1.51034736875685,1.70632321319812,1.62475354054897,1.66528027089551,1.72768386566905,2.36724762229193,2.61363053759769,1.32770318349594,1.47044919753988,1.3257013321745,1.49797146955576,1.25604708538416
2015-12-01,2.10294264550058,2.16557646203325,1.61439901411167,2.14931149389054,1.66143317297866,1.82897017101058,1.22269211101476,1.85924538705318,0.519770095281444,1.59117252848074,1.39369812456389,1.48588383004725,1.75918201268447,1.77648152300908,0.982501477941205,2.83852950270546,1.49902990209808,1.69707498088332,1.28982844174163,1.62225351763772,1.96460662619985,0.944030744805083,1.51191045485389,2.00623070542915,2.26208421152367,1.61717830806383,1.26411574142073,1.10607188021445,2.57548626057545,1.90600049398679,1.35750726771358,1.98633189134028,1.06986537653556,1.30660819321539,1.09753685128201
2016-01-01,1.00221975197528,1.03015606467189,0.927998555211709,0.93719482022506,0.727627893022508,0.629269321244983,0.965684215078926,0.652724874527932,0.627363024303113,1.81803372149024,0.515833872778759,1.14348319028898,0.844528356266099,0.743005176856014,0.621921974152146,0.330513621905207,0.773557836142176,1.20848428141669,0.829057364461087,1.07039791639113,0.646153921098974,0.490356641162783,0.559554185083321,0.699878853534287,0.984995719138921,0.736971864702812,1.33710440758401,0.675178814700387,0.916879315122238,1.37434074268945,0.824739089778735,0.975920651820788,0.618881030979717,0.591283749322874,0.726902753780018
2016-02-01,0.925386774649911,0.953009169102184,0.965796504061035,0.754334794480849,0.666663980951889,0.698048383668735,0.700935716951237,0.868057137276209,0.389369303152314,1.28519561001248,0.644124687652094,1.04687929398667,0.822782012998624,1.08873444670352,0.466890854201007,0.38222888666521,0.54750363478312,0.895571486359186,0.895434994297237,1.01843108891569,0.753005926520656,0.711645942103893,0.573591735788409,0.616644730476163,0.853798137292209,0.819338600014061,1.35162109111177,1.18376974274525,0.683610585982804,1.39356191041873,0.858269903781266,0.759706346230608,0.763886690203896,0.537983988978556,0.812246168960721
2016-03-01,1.0116428422901,0.852473805993521,0.854396356988477,1.1622665079514,0.830847229666772,0.819160921224036,0.954573914536936,0.544848863306667,0.777482194175676,0.950533778986235,0.582086653984565,0.976914743363728,0.722066246482004,0.963375370461527,0.431515544399819,0.401620564391719,0.950403052608748,1.1739153214329,0.610183732801502,0.906159074937745,0.652199734922325,0.357404304360792,0.800332191742282,0.707271692427275,0.891895261404645,0.77454741169329,0.945098167087354,0.651149932553135,1.27340043105821,1.14241122105258,1.07512378247697,1.03289869593935,0.435439918857527,0.692981554766297,0.640520066123728
2016-04-01,1.45391096437973,1.16375296018303,1.56637821639458,1.35121226454997,1.44758969639558,1.0386597629035,0.918904616660862,1.08710421748919,1.28201841278211,0.855818441138593,0.689011066902915,0.976196863800477,1.33308513604296,0.897767572974517,0.723393184063207,0.786640411247669,1.24739243362377,1.37437408303845,1.40657896244088,1.46721219344383,1.97117570851679,1.0840473442148,1.57661101670613,1.26152221628308,1.22638884693622,1.17686698236713,1.34544575310537,1.34220784115316,1.44447202522312,1.40510638435387,1.31348835680784,1.17394952011249,0.947830774282293,1.49582385375441,1.36577322269027
2016-05-01,1.30806539166053,1.09445595157049,1.42037675216788,1.22600240524823,1.06746684088072,0.859784653831272,1.28949745338869,1.16237935027983,1.49795558846266,1.23919628866943,0.702604248871793,1.0077622779459,0.832960485008108,1.06963955339468,0.79234946573695,0.527463334311026,1.04897212644184,1.98831584306863,0.924614504956928,1.32954155885914,1.1717848393859,0.944953133017327,1.31630968078245,1.10100444892293,1.17818636833294,1.048145179562,1.00653449396903,1.2988843360394,1.12968895522433,1.57520307472356,1.09846464733149,1.25411577106721,1.58690477113963,0.899418411479671,1.56060393875346
2016-06-01,1.19000149102512,1.08273229963111,1.26608731594108,1.13317517145613,0.845152627965934,0.843611072892314,0.700362511444815,1.21054506560889,0.529931767750795,1.41847586160688,0.7167632193315,1.42929920704766,0.713657292132232,1.53536590284617,0.765105375071062,0.628460265803249,0.950107414064254,1.13983955218285,0.592533755452023,1.51283769913396,0.686169520922543,0.761396496302637,0.729066589924927,0.799755127062606,1.10495972749596,1.64068943784978,1.14186898725071,1.51043293139823,1.10794029184005,1.70401138763625,1.02340300362227,0.912043372971909,1.08466407358569,0.688841894186736,1.38051945672744
2016-07-01,1.105136107268,0.970706528463348,1.19992620172071,0.919122747104287,0.975062981341963,0.66655850338181,0.719738440484166,1.01524060394347,0.535897103920093,1.55389723864462,0.569514204212105,0.809154244799509,0.9462478953345,0.659201556017285,0.752973460905883,0.491644278326902,0.971638746994657,1.24975694455453,0.556655337735116,1.26142929340661,0.915863031080274,1.01747189265986,1.1805850142985,0.898464530361175,1.04118567027475,1.88171916946099,0.970995566497199,0.812455905915001,0.911532127771291,1.09806888096117,1.15914340393914,0.695131414878447,0.769864315974777,0.852597037193724,0.691638897476603
2016-08-01,1.16684318506375,1.09171252827101,1.18477475788704,1.01765395133093,0.995358753460779,0.864421542088152,0.952578219197935,1.62803399953378,0.540142600808421,1.54209415459464,0.706323875990217,0.822569331082627,0.903183025063691,1.10498464544548,1.03626517780131,0.491529044666287,0.899725701814097,1.20475187842504,0.764821522677084,1.26247452298694,0.645268050929545,0.718466082683462,1.322056235372,1.08800378488802,0.970254956728038,1.21076104121841,0.964059110145653,0.890684575015261,0.98485578703231,1.09563316705158,1.07755729347338,0.852855043493178,1.14128976364391,0.783996203603116,0.889812968285973
2016-09-01,1.35931605943239,1.24427410083911,1.22147519763553,1.37670262420161,1.02293757783468,1.03532596921117,0.966205377749854,1.22271024730829,0.589071536874633,0.920274382967106,0.780367771724203,1.27328081145513,0.835441546774074,1.02009796777473,0.891341883930171,0.826847867669621,0.984528296873564,1.39368368332703,0.975451069276023,1.25197633246388,0.86781879724257,0.609985575649543,0.878639515068926,1.15850668703842,1.29179746295215,1.682774543175,1.45416219641401,0.968783966662441,1.45859410710411,1.01534879433155,0.995526401610803,1.35678874458261,1.05491159239906,0.817533787974685,1.08872860791671
2016-10-01,1.12908751406479,1.07664664370996,1.08318194383812,1.18563311000519,0.838993653247175,0.906096208205046,1.16083323737298,1.49564405055476,1.10785804097711,1.54981277979637,0.770394759229673,1.08217857374388,0.987019742723344,1.2233606945074,0.598314610974525,0.830366661659132,0.814674927924174,1.05561183591556,0.535121304716233,0.980328769039879,0.874382514783904,1.01862026090597,0.970610124055478,0.910899996745779,0.952801717133882,0.910509692335471,0.898918299238314,0.751360248293837,1.1275686961826,1.32426766912294,0.920147388018994,1.2496815240194,1.00721502752375,0.641092305706892,0.626223400396969
2016-11-01,1.54738764966688,1.31368992820904,1.46406702764209,1.74113009474251,1.17280610036448,1.19302902554763,1.23826588286045,1.44017398068846,1.07540585827801,1.00034687253257,0.988924571175967,1.09942619855489,1.09311364590798,1.13065954478771,0.68555831163731,1.11915716273766,1.06869606750002,1.42073278207893,1.09742614829172,1.24097249627692,1.20055114427681,0.708712495910508,1.85754614524112,1.24500238184894,1.49656205432317,1.71104373642173,1.47332511626683,1.1941828777753,2.3376282196744,1.73317719593995,1.30053100043972,1.55649145149148,1.05020165713466,0.882048237385876,1.14910295814585
2016-12-01,1.49064558228951,1.26554143797984,1.30035514909416,1.80470143611917,1.05608456478563,0.894138078053335,1.0361696141591,0.82914688846322,2.02212515689898,0.78994763311615,0.769489809069551,1.07253816705223,0.944809637732062,1.16554295632604,0.849919713423136,0.633569607979623,1.68932136586479,2.09384291263891,1.01916751264653,1.27131610374718,0.813946554165754,0.641249005150027,1.1022685755989,1.07632706082779,1.31923015562942,1.04336153866552,1.67310334515347,1.484766987834,2.29479309868907,1.79971195011529,1.25094513624292,1.24109567951422,0.980983826187976,0.854419824413892,0.95626670878598
2017-01-01,1.480202036939,1.24490439032386,1.2425440286383,1.88225060834727,1.0793796645136,0.856733879727733,0.887290833303617,0.629758590428986,0.956539326077634,0.911114857100945,0.6362020680004,1.00653276657295,1.1319436572003,1.22070251626275,0.813122815254962,0.723585385321713,1.74478563838032,1.4927597978539,1.44720416232858,1.34044870246357,1.15905659138983,0.670179348021368,0.756925989639327,1.00966087105939,1.27549340187245,0.792599544755749,1.80394137037512,0.54470549414438,2.10566725688607,2.08933464843687,1.04575994075656,1.59462899904209,0.909663057588534,1.02376982498048,0.919522053789592
2017-02-01,1.10199881364493,1.00412788196526,1.15190967059502,1.09601016602447,0.74180328719982,0.793834333818325,0.618849065911399,0.610378187742522,0.421021697837915,0.880827539679878,0.682363459493998,0.90981016644545,1.11112380696508,1.26926261119486,0.788330855474268,0.392315707793563,0.927551661194466,0.802747926905895,0.627905483145615,1.04720643184245,0.744095993089325,0.522901928008587,0.456543931565458,0.700470409800643,1.04588531756059,0.940697474758768,1.55537367412915,0.721425193295905,1.11939879245098,1.07605197368409,0.859357849341944,0.914968990888527,0.688141579687927,0.578707763867965,2.07623865148175
2017-03-01,1.44659531356282,1.57364732185261,1.06497225025633,1.50252900772398,1.00106682602309,1.03892022246841,0.931790652587171,1.4498811512269,0.690959542002924,1.77026985731552,0.67620146263833,1.6883526402377,0.997018981726999,1.46141177234647,0.810456045656366,0.690369450258855,1.47639059217651,1.51685866580046,0.611473671929671,1.04315295411882,0.89129515384573,0.755836873228298,0.600786142122631,0.981911383363269,1.87828304596107,0.86944430810101,2.50555788126139,1.20474199897205,1.60594497908596,1.89478171988932,1.17490682565246,1.2042515047078,0.778450819532104,0.781248570729303,1.1029369552411
2017-04-01,1.32867482259278,1.06286021499541,1.43590942064304,1.46367870971473,0.902196347320815,0.806877242011203,0.846420402949187,1.36733204398827,0.682520025583929,0.812938872847862,0.525754880449601,0.92586454568549,0.869144031304832,1.67213742603052,0.915305506847593,0.565587679192001,1.20293541606136,1.03792285416384,0.838863051393827,0.948677354062094,1.39725998978371,1.19593120975512,1.34067505376523,0.745844389027513,1.33997450978616,1.36346144873536,1.35449360658974,0.659723005488838,1.44480761554305,1.33869110793414,0.973008177097118,1.42015060455932,1.26487784124435,0.887056056383763,1.4334089462375
2017-05-01,1.61356804032153,1.46300378396561,1.18834037101465,1.97942642763615,1.09022400943855,0.944731625550128,1.22651370270316,0.98836212413217,0.527626006892603,1.27265017802183,0.740365870214727,0.982948665685848,1.11308428737307,1.41712067175471,0.915017472346898,1.70324317501843,1.3103968457322,1.67186593173699,1.07587520059057,1.03790744654214,1.03018440082663,0.758356586261806,1.19586419969027,1.07908478366946,1.49465407631745,1.16757317719299,1.50665733273662,0.664900686776654,2.78927409588056,1.52041697273821,1.1667269480917,1.45220265086611,0.955182827509073,0.927918523298669,0.665938334502953
2017-06-01,1.99219460874955,1.96400128050269,1.38547943228354,2.33238569922142,1.29552230609257,1.6260853050628,1.08938980640501,1.8377148586978,0.923791850679893,1.57042606667015,1.50136249422404,1.79171986127114,1.56071735886325,2.08883865594505,1.11930408758206,1.95092910735963,1.58270518242992,2.74497908063638,0.767030131425706,1.49663801901734,1.2337934359654,0.808107658362579,0.894156530741366,1.41715796073876,1.86822023023609,1.65731374742509,1.65923259040794,0.839461006610154,2.99834690333159,2.06580252043639,1.24712114250687,1.94822973420037,1.2798182520993,1.10725305334426,1.30306313348254
2017-07-01,1.5229296137592,1.3869142235922,1.45233381398555,1.62359218241694,1.1339032157569,0.972769686086634,1.30922727472546,2.61803248887854,0.474584789102567,1.47504776268519,1.02737793730792,0.904784010046961,1.35935895390376,1.8946536962366,1.64106569646283,0.829720456420195,0.893085915462293,1.0610422302699,1.12454686357075,1.92626911034816,1.3401057173378,1.11656311442715,1.17011722666934,1.06289788560197,1.45355093783553,1.32679593223263,1.09574146525587,0.945956122468213,1.85992389324338,1.05140873146139,1.30866506349292,1.62705466763966,1.05814865831808,0.961650285128664,1.12276779813581
2017-08-01,1.44426155627231,1.04709058646256,1.614299475658,1.47854968055559,1.39955724483335,0.890645669715939,1.05152026186915,0.782647405745582,0.474200754726522,0.726637395790309,0.472598339799258,0.748610617780272,0.876809349567789,1.17019045710108,0.979670069861055,0.582328655710438,1.52877235685629,1.40678125300993,0.740283544540872,2.06593108851862,1.06630486142041,0.746141800686526,0.743643102688191,1.22296475356631,1.43286267629585,2.21444651879405,1.16010654736976,0.878507250471335,1.25320368352919,1.08396928430268,1.40399930425475,1.32102231359395,1.1568457520642,1.32899334291132,1.3124179693356
2017-09-01,1.57120587391279,1.01314311601951,1.81618662580064,1.82052670644175,1.17966719902892,0.743811002948252,0.899104096388705,1.133404675873,0.783142009467158,0.905324294937114,0.493196791212227,0.644586771587472,0.951152270766531,1.62216106687806,0.802893971908092,0.918642194827332,1.49599257768786,0.892476756961295,1.05169466191484,2.03725269045416,0.972326895754933,0.926865390923005,1.01795690315596,1.21107610952125,1.34353229353487,2.58478447679843,1.19202851635309,0.958723496212927,1.78689117461345,0.9418194222311,1.27184356583875,1.83545704467031,0.997434452261337,0.951346008078584,1.36544400390382
2017-10-01,1.59168057175424,1.3791083264325,1.65281320849718,1.5150264290851,1.43760695841958,0.909659038587477,1.7541801222104,1.19512848103369,1.02553023027735,0.902967047817428,0.831994390700729,1.58210394341493,1.34460643336388,1.35120561291091,0.914754873540726,0.620894495061661,1.24425639309764,1.31620603069376,1.03623792246385,1.67486402830551,1.10632574669303,1.78182364595495,0.841420443617951,0.928634894397264,2.02557327781497,1.78931686633063,2.02704801775311,1.0392795148178,1.3437179562282,1.30175961454914,1.51812377601882,1.59154366790653,1.20810057791463,1.51863114146631,1.08625781716627
2017-11-01,1.40374323034088,1.22405933552515,1.3505953566837,1.50989910795646,1.26605236635957,1.06532291922696,1.02984623728541,1.91492407766151,0.539706164242437,1.1022687653565,0.7604088766391,1.07825477393723,0.98367444924337,1.34988281625485,0.64250042083696,1.02367705572199,1.10485225952322,1.19383830687731,0.682654425794918,1.27074786225232,1.18287489005648,0.554574998944562,1.00688803916111,1.21086827035366,1.27603058830987,1.76895313477734,1.51096880512932,0.823667775612629,1.45830778958108,1.24549067220653,1.32625614360082,1.48866656007667,0.90556060427056,1.1431230254811,1.20063856303859
2017-12-01,1.2748432397563,0.948729349999293,1.45269399288507,1.35589902762685,0.942770673259813,0.725092629260083,0.937146064117208,0.968541416499705,0.672774966327137,0.849252092260597,1.05136318238931,0.721922112759695,0.752494409712172,1.94904637343909,0.735804778999009,0.572706076388279,1.09411005906958,1.30061921098083,0.545669350847222,1.85745979019784,1.13710224839015,1.38546000731893,0.867169146123562,0.850245446006341,1.34178128287384,1.52664080630858,1.18791740445793,0.61787416832201,1.50401423574648,1.06533611711033,1.16483333785846,1.1418374621031,1.32095852057588,0.777309457628996,1.0769955330597
2018-01-01,1.45627960058106,1.01077301431374,1.71386326430811,1.63518487162418,1.068470681631,0.735850705788314,1.04064327436126,1.00872113613462,0.66391202715463,0.775935691497971,0.939444392931369,0.949004631014158,0.835461658203759,1.89294600391643,0.666761006715384,0.533630909541556,1.30480812335228,1.66602281856319,0.864811863904687,2.16081821539745,1.36020135161615,0.916440938690602,1.03169977607749,0.984675622819057,1.33876164859276,2.00153121976306,1.22406871375213,0.803968583475854,1.61626490067259,1.01561878012982,1.19609219942359,1.54693742240641,1.13776547585353,0.987547795256541,2.00159142746834
2018-02-01,1.04745867404601,0.866775559228263,1.1259239547751,0.974741974400164,0.984116085888675,0.75326015639875,0.782810881072062,1.1331019396017,0.503232049951988,1.14074035170783,0.645001643522007,0.825492907157051,0.565721361145289,1.12757442460495,0.521939876441659,0.423787849428515,0.816052385496991,0.992119222601539,0.536083018334476,1.17114088299627,0.722950969540659,0.785089721272933,0.757335466958152,0.738859059846526,1.11913669163984,1.1814704639801,0.980715369414738,0.670155603964513,0.929855195300472,0.826914471830594,1.0925430987173,0.93349515521131,1.14539204673331,0.966451562892709,1.33348837258788
2018-03-01,1.09046571312576,0.877460206817386,1.27112572287188,1.06718610137699,0.955034624132004,0.845070319201684,0.887668035845152,1.38193714633945,0.44331848723062,0.926078868866071,0.475642194203949,0.889572324797609,0.7592043349207,1.03298886080569,0.476164208037045,0.413108857002257,1.02312155695186,1.35201191964184,1.03219968250565,1.32250030310629,1.49056465333803,0.849418430804314,0.778142531640048,0.805882023202905,0.924306953512836,1.29196584027126,1.09473576512609,0.661592923920085,0.915343646621987,1.12744076754743,1.11317030309437,1.0136554617709,0.825316266192472,0.900938641586642,1.08117271538344
2018-04-01,1.28226787719656,1.18093680227545,1.08117683115076,1.43986900957257,0.959822451653108,0.825515189143629,0.918675866665603,1.00346828738067,0.513536325976662,2.14432580964379,1.17202504295182,0.822642217698647,0.871436783692874,1.31246431277466,0.547498348025246,0.578381369998635,1.08123891232785,1.52129450197152,1.15257334777825,1.07280275827581,0.91469578192057,0.756590302575221,0.622958750869463,0.810406081583678,1.44910070549851,0.816963175431067,1.46110530071489,0.779441333890177,1.40097597714393,1.21123935780012,1.25522843483116,1.54334808197803,0.799026019103579,0.785078913065295,0.983531863114806
2018-05-01,0.989690526514501,0.832015018122449,1.13997099004295,0.959877310739369,0.713531997498426,0.64348590456351,0.94466397051747,0.590876359092952,0.579042966375933,1.41006688292654,0.425436549481113,0.733135837274932,0.708822898891292,1.4524762544966,0.571687459671141,0.283302798869442,0.818208519311973,0.935986190684316,1.07383280176184,0.957778453571927,0.657764931933504,0.895699401656643,0.972882614881239,0.674663705105265,1.23865536709365,1.3010736947414,0.994577856017202,0.670649544648784,0.737186691264305,0.846288357788429,0.934260915729876,0.93998170217299,0.832431371380928,0.553113259541171,1.03703012779881
2018-06-01,1.1474399550286,0.913434498890941,1.22981690289175,1.17554181862347,1.03283033071151,0.731785493860232,0.973650556655869,0.592500828973647,0.397001506759139,1.30466195163535,0.527225123453099,0.823894426412007,0.804478033954209,1.41993198212083,0.544679127238408,0.448362878603881,0.825473509408259,1.14273771674115,0.9410052541108,0.968918445283736,1.23117776023703,1.20578238601569,1.81106132402004,0.841496689610181,0.977965993750596,0.860071106208189,1.17879977028086,0.847544790822028,1.17301024622256,1.21293626633953,1.79004625601748,1.16873991750036,0.759601088646614,0.731839425584822,1.07586265880412
2018-07-01,1.06663708163593,1.00786142123589,1.0255009400159,1.04299374542543,0.635979800503874,0.571752603956526,0.62984462749014,0.597168379336693,0.401293233793825,1.11111350830843,0.381727817830816,0.701129059911012,0.817279986096501,1.04162015378893,0.686321669808729,0.26123097315209,0.862110743168811,1.03597553975373,0.580949722583476,1.44912348762161,0.447700660532393,0.988293316366243,0.502391898686446,0.506895321935099,0.858824297759355,0.928229290742145,1.49909515318105,0.656008906731966,1.00581160476223,0.815640283980614,0.810716024351491,1.07346199452904,0.858820028174669,0.564513309976855,0.921117829743436
2018-08-01,1.78742734169499,1.79870947352032,1.89296466063089,1.58255250222351,1.17513078251431,1.35416620736953,1.31199224498708,1.19995042037356,0.506919314280903,3.68118460421264,0.934055794512564,1.57434049790625,1.4931517825856,1.78560044088455,1.19917530064934,0.613977631207746,1.101612913653,1.4827790106492,1.24460201612054,2.0114867392893,1.02813180520978,2.10284832217234,0.776783285628455,1.13538711685435,1.65886812719211,1.97524909551667,2.13555742961727,1.88655519265883,1.58491969283857,1.38268846358719,1.32375790331941,1.57413621943488,1.58468723936874,1.03823305693664,1.51954838271144
2018-09-01,1.53791078732946,1.27692434472421,1.69841694227101,1.42749216705887,1.2174103514536,1.07321978138926,1.40402922206208,1.14218729275258,0.671226494985938,1.67391709261684,0.698452200750219,1.12216198175888,1.26731711986362,1.66114642373894,1.10274091169792,1.02513834533786,0.846640184360401,1.3592869074851,0.741569426119095,2.13662125430775,1.1288029865488,1.13775465892832,1.12726864936784,1.32765142249785,1.50286227230088,1.92281458274619,1.27409359256711,0.984417203689346,1.6008448173751,1.34913064385041,1.24622450601948,1.4105485658375,1.02741120230465,0.942875048543675,1.39665300227305
2018-10-01,1.96346466243866,1.82689110179256,1.80621225246428,2.00302057124551,1.77031214479327,1.61326032016187,1.80905745313384,1.18624478473795,0.984579594123127,1.62167493229083,1.44167596669805,1.47080692278987,1.95261299479005,1.852868078707,1.75417793314353,1.05808673379616,1.55264685839924,3.00694934057921,1.20354218367981,2.03586871322431,1.35751420223594,1.10416723272266,0.931375676111028,1.8142586799898,2.00131372797829,2.10036885068799,2.22556943821998,1.62699682028599,1.88411064803959,1.54053253732233,1.47311090451721,2.10622881274778,1.47377214570278,1.69545288720743,1.32648942983431
2018-11-01,2.05428752238114,1.60070701713778,2.14609415078987,1.87456363194797,2.29290971141633,1.69633665823243,1.53914321805761,1.35827922452289,0.751976844832492,1.44466574098428,1.14812886499577,1.62914470745491,1.59629940182034,2.08760047106696,1.3063593010917,0.942873398887076,1.46778988769881,2.03800530027762,2.11050107452715,2.42755937533749,1.8517211315318,2.03044044128754,0.926842051003452,1.92341972008462,1.61750407718845,2.17743007534493,1.87750645865731,1.64786942834298,1.67784888754707,1.76756560946163,1.83961940456924,1.9275678715143,1.64234520152828,2.53717637317452,1.66069720329096
2018-12-01,1.99943764190449,1.8071360482773,1.86581500846526,1.99450875787353,1.68599407537476,1.60046991844838,1.35792324696005,1.1508845997036,0.639865025301709,1.43410203958019,1.08335678753392,1.59755385143384,2.29820164925469,2.48404598620008,1.35606730218221,1.54919604208466,1.36681979440939,2.25931871719109,1.41450633326468,2.01545477575878,1.60082492356218,1.71641144767225,1.07439322769257,1.65622944693327,2.02876209736054,1.72860487478107,1.28137382770107,1.17970385159561,1.96186613440495,1.94770470338132,1.4431519701519,1.98560620791,1.46521842544492,1.66509737026902,1.60278372064263
2019-01-01,2.1529985057073,1.81060035383284,2.09056715597628,2.27930499410303,1.8140941739663,1.54446918083588,1.94488370582857,2.13996098119614,0.805874686036257,1.33918735339607,1.5341205778915,2.0031951674439,1.96320249349739,2.27256851698021,1.54213743635737,0.88905089514196,1.98793802546856,2.95231395093924,1.34221592156377,2.40635993725925,1.76753867306914,1.64844139033101,1.30761886346952,1.32134016168523,2.25736792566926,2.39268421064224,1.61272333257171,1.47340526412545,2.45973905261424,1.8875364439993,1.90223983665613,2.24169408169567,1.80661300239864,2.0153174872321,1.57464233243304
2019-02-01,1.82830218451199,1.46849646731356,1.77919373497154,2.0275804015104,1.63484743774576,1.20645680980968,1.53207183107907,1.23339563573361,0.651095864053333,1.75991232510251,1.19754446942204,1.30673941674992,1.54739969120706,1.95345329273109,1.41439611812283,0.900170938960923,1.53892771987674,2.14261438126353,1.36485170353694,2.32831625971283,1.62147035074896,0.920942899385534,1.63173744692834,1.52318838457914,1.91403691208438,2.05260196017626,1.45059951350886,0.916478810283368,2.1689559707421,1.5140291068353,1.46156410194751,2.03815744489661,1.33044314402978,1.6204284301469,1.55393060118006
2019-03-01,1.7806353170831,1.41145233955076,1.99541238302357,1.92976966581078,1.24505700370179,1.0274499139513,1.49140652610346,1.58076559119012,1.08853363288624,1.28724438416138,0.924491748784858,1.37183333848227,1.03297676443306,2.30907786267785,1.62966970511493,1.14170123215814,1.30203392213567,1.66427818900189,0.943063103558995,1.76075441270409,1.36313991931332,1.17069004840839,1.02145471963811,1.06181161765771,1.94127856277498,2.56586206439039,1.35445349652685,1.01316014748037,1.75876382611655,1.49855331801579,1.31955398709826,2.08665903811983,1.541216871557,1.23937044598829,2.25188679473758
2019-04-01,1.56445150701231,1.27967186882522,1.57974830278642,1.82574988628047,1.17019267057975,1.10595541239805,2.06966974113851,1.83285461273245,0.684337309591995,1.23915868251545,1.56117852375546,1.25369168646097,1.38178484162833,2.63943865976352,1.15771501459774,0.676092894917344,1.20023534058861,1.98174132377746,1.67477489962854,1.49934089906471,1.43750421205577,1.33461332277785,1.26134431662694,0.931498549366977,1.81001534237044,1.51638697040127,1.02298665860325,1.28417431368497,1.58901393594458,1.25990360159344,1.17866841950595,1.86655560595948,1.28490576281887,1.17108644076387,1.13646500348918
2019-05-01,1.65483867497281,1.41595536970534,1.64438199255569,1.87217260916859,1.26868056472008,1.05338650915514,1.70435328375994,1.25413881192777,1.14460828288131,1.05707218962947,1.38353924179483,1.4415697047545,1.15338080647629,2.37618884070968,1.63126582269396,1.00989923960436,1.19496980260621,1.73924389214678,1.62091717625275,1.22133190100722,1.31202218391933,1.1800736474128,1.34650303913137,1.06761134761483,1.84950744489894,1.4757281294158,1.35410222564618,1.11930751485651,1.97436009300899,1.7113020634,1.29529828102705,1.82050308323337,1.13325807053858,1.223493650445,1.72302089555755
2019-06-01,2.00356844220692,1.92783621723342,1.564810942621,2.33075482273918,1.32651912947359,1.29246520997872,2.00386494882023,1.91128912943626,0.789565167022945,1.44952489716162,1.37611407324543,2.5245777127355,1.79492948172828,2.30632536895288,2.3153445166449,1.0624063975638,1.65999250770954,2.2445760082884,1.00304259848227,1.59047019477937,1.5053225687511,0.848144114519345,1.39529120975377,1.18755626895159,2.2255213827671,1.73213249154413,1.99397550514977,1.50826137442005,2.84064798522619,1.85818028217578,1.36360955433156,2.09435975448711,1.32958077480411,1.28542352253404,1.40729453074297
2019-07-01,1.46358900364938,1.10026771242448,1.53350136435246,1.56132364736009,0.987089794590438,0.806298693802288,1.26082996689541,1.40451871632198,0.4740637201399,1.45297287112267,0.645886951853883,1.06234770332327,0.798759064437739,2.15018080988324,0.726069615887578,0.456059436954197,0.862212148180138,1.84763805107272,0.848974947663502,2.1854647209758,1.04166311431654,0.92386299311656,0.778384053268276,0.858572293471102,1.4923044066727,1.7193934830801,0.931885060210839,0.775676035540713,1.49269686512616,1.27522966908716,1.12081932036279,1.62961747698991,1.25151003718307,0.855075762320843,1.3750809854481
2019-08-01,1.91678370565491,1.62343249995241,2.09180923571119,2.00300444409717,1.3985983567738,1.14237525350507,2.51390107905575,1.74948757051236,2.39265146902097,1.83788548545651,0.979150739589578,1.47548913747674,1.5329698369279,2.00193104590957,1.02742604302407,0.830108391833272,1.32320158428314,2.1318893921835,1.87829770226855,1.68354379415667,2.01212671360083,2.24065837509366,1.64613092485154,1.31321219174987,1.77753161766518,1.38521812072944,2.14626001694561,1.55375100080656,2.21839100121255,1.82043500440631,1.4074603222069,2.05845848831096,1.87218743386779,1.32381556811147,1.72689340551694
2019-09-01,2.31116077285557,2.03642818315141,2.00857240503528,2.86250596044929,1.71642062617379,1.61274985333211,2.02909654444454,2.66815078484969,0.920201250572168,2.37391344769447,1.78156242145784,2.19278813330872,1.90615164982,3.27244961975065,1.30643844053039,1.29563061892902,1.5724582368285,3.01364125940685,1.39515797415381,1.82114391149839,1.84500188628189,1.63255434273433,1.83822513923468,1.68120032664006,2.16236151296482,1.94323157928621,1.86152150102253,2.62655072103474,2.74251949634046,2.58166157842115,1.454111502198,3.29846807224306,1.98967818411446,1.70193107964954,1.51408964806218
2019-10-01,1.91403803417435,1.60799875951011,2.21157651912441,2.06625701121438,1.38406596614695,1.07823537633961,1.90280469322123,1.80641949303222,1.26944854134642,1.63767864212233,1.21548319517658,2.62986553286446,1.77837020177607,3.04153453620155,0.97801173790788,0.779601762901459,1.28095984141098,2.70986209885081,2.13084058120525,1.64848628756427,1.62124008861914,2.77602398685997,1.2041916987802,1.08056742893378,2.02313550436404,2.02004078076374,1.79836783468627,1.31112026999951,1.70962539975631,1.64476017716504,1.43320938612523,2.12324552453858,1.96814999829863,1.50093800887694,1.63709350025511
2019-11-01,2.10601851782861,1.73201760853657,2.31778667724315,2.06603690472131,1.77419849882133,1.65253812220149,1.82529255837723,1.50226587372079,3.81211719064309,1.30714731073791,1.62230764439188,1.71505700310626,1.77546415245073,2.67775245779272,1.4907201696705,1.06884847892093,1.37696113219984,1.96830034789338,1.70837260138336,1.83660305648449,2.03499719249104,2.42218567815795,1.19273350279906,1.42591820898824,2.11579501485772,2.44695470502244,1.95785667843995,1.78023550885009,1.85716609845605,1.68265692695784,2.05248626468284,2.19138143774254,1.81164177318246,1.72763734903999,2.12424951151941
2019-12-01,2.01776568736937,1.76061735853951,1.91901796357443,2.31004776155298,1.31393285918842,1.33150365368098,1.5271387214767,1.60125321256101,0.775433269416492,1.20469883245961,2.72521144101025,1.35632940023889,1.25429266577671,2.32336221728086,1.01883483369173,1.66589919623325,1.478750897169,2.81076593260902,1.45719439696546,1.658378725628,1.73049151583643,1.46511670178108,1.63717840386906,1.38314024344448,2.00721272805723,1.56400118081044,1.74296443347971,1.64017940817379,2.33367530253591,1.7160394888015,1.35579701537238,2.64797805358313,1.69013760750179,1.07335266625317,1.88280520308767
2020-01-01,2.20339956145378,1.97692991509944,2.19055507482402,2.41213042649909,1.49626342548829,1.44309093694722,2.00639963849814,2.02074939832225,0.888631076239083,1.94931882529809,1.46031513769994,1.67043923210729,1.8763273526014,2.56876939941765,1.63277687646183,0.870968893794003,1.58310519455023,3.12119628992652,1.56849431353583,2.66276381477197,1.83889053517269,2.59622331051373,1.05179913784372,1.50086646106417,2.77016304982617,2.54990189149165,2.26865076929871,1.08225128459803,2.46476024434451,2.24098426823898,1.47384917052264,2.61630017361705,1.9060901145166,1.40377472218902,1.82721893237069
2020-02-01,1.71898020344656,1.36036069680201,1.7450899865396,1.74527996834588,1.71098758301035,1.02351810185734,1.59795442993957,1.48898937784999,0.634288966774767,1.09879630678542,0.975616647480303,1.36207258480561,1.2665617336208,1.93153260201346,0.964207825270926,0.647861518195561,1.19233611840069,2.27716171873486,1.55541441588667,1.38088376218471,1.23286654762157,1.3261701167702,1.26320065265438,1.43482035308812,2.17722216567305,2.2818569731446,1.35822275485486,0.973468289999324,1.76515241417679,1.79916303058983,1.5952746436542,1.91344031881743,1.20962854797563,1.71631123408346,1.71448664167568
2020-03-01,1.23002790749328,1.0866166889832,1.16910118931516,1.37738938291363,0.823467040880327,1.04056220861757,1.04552486422619,1.31198156271448,0.710938712285267,1.28173643901553,0.860709123367851,1.02629819419909,0.889233916372826,1.70644292699152,0.812596610465155,0.52294068716771,0.666334577590778,1.64675093710566,0.923664794477032,1.20749191015268,1.15465100489062,0.830255727902159,0.809112201256676,0.741240219460591,1.38310002338344,1.12698211058261,0.999772699088111,0.587189456496773,1.43199033758392,1.40320628787763,0.951716450956593,1.50731828590826,1.14100565985585,0.747561019530876,0.867549317785018
2020-04-01,1.27951479197604,0.950717560339763,1.39027052891413,1.49233101578035,0.841440523408131,0.664224776872359,1.03839930050354,1.12241231996723,1.3550420571038,1.21715931833963,0.54293791346717,0.585366628865178,1.00570344287959,1.62641243701282,0.810898689183021,0.508977581593185,0.908322606996505,1.1949229960283,1.22068157809064,0.977615579683104,1.30775733857958,0.760491642417406,0.775232021542533,0.798788791941355,1.38638668861493,1.66280592680247,0.908537635318551,0.892117456856341,1.40266623520627,1.02579184238042,1.07812842735015,1.69126813541851,1.08048011230167,0.685949703905447,1.53862306566143
2020-05-01,1.04604330786629,0.829956401583362,1.0999891890471,1.15023600808051,0.786958760811431,0.816614028090162,1.0929768813376,0.536607869724233,0.305991624880762,1.05690361659842,0.637505351763687,0.745579647268317,0.650464217109017,1.27905586050426,0.526932841918149,0.467817436564321,0.698950249603129,1.33855705306927,0.936778515647812,1.2346037510113,0.989013027001246,0.732298384398699,0.473260199172346,0.714550238650774,1.17256203228706,1.10639207795406,1.01293466625983,0.501196095358185,1.07257329343777,0.841420519187073,1.02725231843899,1.24612133344788,0.874956916236442,0.608704717531621,1.12987240577268
2020-06-01,1.02515487805489,0.877862313904176,1.10238415850599,1.01813629450418,0.839973906043873,0.615495131458946,0.720469768836603,0.785774131644315,0.385723390427969,0.884126824067993,0.562259839577487,0.777006834218423,0.725225563092891,1.39385400820055,0.432371708688778,0.31720284432281,0.680498720767623,1.27871472700237,0.728256957893563,0.803645364378209,0.937645999330164,0.689394660803957,0.556405272779312,0.53163212888438,1.56010735544698,1.33069281900477,1.2601896906796,0.568068756925802,0.809256860939838,1.09241552442078,1.27968225027505,1.09426119466702,0.741003471734718,0.756393292137727,0.753926585702439
2020-07-01,1.31702298218556,0.958948483906683,1.47132738313103,1.2243384152329,1.11594406524412,0.701110142240037,0.821288212907732,2.24615799832624,0.866053079913572,0.824195598290285,0.648874082279223,0.784528245643266,0.857001774733183,2.06105830726163,0.743830395522249,0.33060573876478,0.768731650286809,1.14376548977587,0.701043900937933,1.7794408111921,1.1666903187825,0.874077487599335,1.03562125546658,0.768668315234814,1.61592873515846,2.48414186453068,0.840991011293646,0.658883815239557,1.20717646865737,1.08413750091757,1.43859133458743,1.24328830610091,0.90849033938021,0.946172017375358,1.16264238636606
2020-08-01,1.34779959492957,1.05614480565736,1.62584772506328,1.28497622212111,1.01408438485941,0.811190160660198,1.30999734484379,1.27388575218535,1.25640269092615,1.43874155356475,0.855944572620571,1.47366137396482,0.943963012293674,1.82995700936577,0.69047693827413,0.486320743517138,0.69773707983233,1.12082049958416,1.05972966982734,2.03207978788153,0.94809977278742,2.04916543562688,1.15675633090789,0.923835110162472,1.37375426052031,1.41578885032962,1.03691877194067,0.702577198716824,1.13100730190046,1.5098466708211,1.12478832717643,1.38114694751086,1.32238518689661,0.912048571562157,1.36684102578022
2020-09-01,2.37882078457744,1.73024819243594,2.76032733054686,2.62906466074366,1.60835975315663,1.25406267442282,1.90754546315494,2.09320705014074,1.19579992077435,1.85892213852641,1.21210243149823,1.52533127172891,1.47983289545092,3.01834882064479,1.17935192444142,0.864860835835286,1.81145522696005,2.77381755433637,1.85212995077185,3.31624519742602,1.96462877650217,3.79539078160236,1.52380363536793,1.36670933964404,2.54968880988762,2.89640936169243,2.11442989649213,1.35524666387478,2.78623108059164,1.53196793395992,1.75656583695184,2.59912223919014,2.08492502179167,1.56596301725689,2.07739951302749
2020-10-01,1.68669834652681,1.33760803015719,2.05258386860788,1.66364593014148,1.45509948642153,1.06049679838752,1.46082695534647,0.898480428480379,0.865505314988168,1.11041974373872,1.16965263231279,1.58834254472144,1.42182675597243,1.68117109597201,0.83351145400303,0.710372931309732,1.16363550162664,1.25121628925141,1.86967333315934,2.14286500450538,2.90257419348458,2.28528939948575,0.64050824785658,1.19922557789326,1.61284927463433,2.6093701666394,1.65115060325396,0.996026238135011,1.71018849066943,1.41592486993626,1.34258734426983,1.68203566863326,1.32168452651062,1.60960992839714,1.45678265469368
2020-11-01,1.48175722004142,1.2054698986417,1.4837597645898,1.67786483989602,0.900346257939412,0.924607344391998,0.999709520197536,1.05672750301457,1.09780072414079,0.932870936217798,0.783057624609821,0.792161868356819,1.09703414380675,1.27628495245878,0.964941915536029,0.798237143971667,0.985803658244502,1.61951314880703,1.1330479023827,1.21418265203677,0.883675379381106,1.52542652399256,0.817332985718352,0.817127474785955,1.85876851083381,1.57919167696353,1.57757115129287,1.39459559146365,2.22084336725599,1.32540035545934,0.96347533335926,1.48103240532847,1.23513507165657,0.840110970358074,1.25772482312577
2020-12-01,1.34024424053141,1.19356569136298,1.32677573000539,1.41875636394313,1.02698369164417,1.05876055608877,1.12780817268309,0.90776656384508,0.900578698953891,1.05447252835223,0.830786367200266,1.01283980704027,1.05342634863628,1.65224942499216,1.20672825306624,0.649221034993756,0.858196653476696,1.39386160961225,1.12319697881497,1.3964406988353,1.2976925707793,1.41800160162502,0.591608676008081,0.899249670220089,1.7003458105953,1.03595198621862,1.47781417820448,0.769444256160385,1.50720222413195,1.41358605742476,0.827441550898798,1.46923938048501,1.02444110901518,1.09102144311015,0.932128605432401
2021-01-01,2.16658462230824,1.8741059725396,2.42858430147933,2.22619590616929,1.67393216838491,1.47320734995136,1.76942327622575,1.57212680693134,0.995067392747529,1.69757596315714,1.5283429344498,1.60597477626343,1.904796264052,2.34240438768305,1.28477046044267,0.988699985453545,1.33935482512116,2.66808809909367,1.67930662105472,2.87258689718699,2.0089158068811,1.75245515167476,1.00548997442594,1.49415535350984,2.49976313447929,3.11152865030215,2.19319926531697,1.13481567886938,2.61748164663474,2.40866062232299,1.70374836241739,2.16177696722811,1.64067842230986,1.62737152027791,2.37462852755879
2021-02-01,1.81440381145751,1.50044031115022,2.04221347763946,1.77471437855019,1.27009057334482,1.10905954471962,1.42153179495445,1.09814957068448,0.818942801716557,1.40863243086126,1.13672716738242,2.02521907231879,1.6326063785988,2.04018300027161,1.09023393380299,0.694957564385004,1.09240359761329,1.78316713002335,1.71914057570042,2.06294843620774,1.63728305486459,1.15110977502717,1.15459045816006,1.021526062587,2.09255635673972,2.40167897319304,1.5249933895695,0.719275702185255,1.89563816134175,1.9146040223688,1.42538182171473,1.83355361162411,1.54856012053159,1.25560826906202,2.10563062387183
2021-03-01,1.68744187492976,1.59333672973066,1.48839289006872,1.75308434549403,1.38758132175086,1.14962212293222,1.6334618664756,1.56483007132828,0.812924778948158,1.33627731506385,1.2553747019777,1.56141986378884,1.72187315680287,1.7446862676974,1.3235724522628,0.806089374219697,1.27251490210008,2.00156620651432,1.25912948888388,1.32110023433137,1.52968534376733,0.852404589581671,0.790075380650875,0.97258399281,2.3686781399279,1.57346500097656,1.71801895974577,1.40090031094196,1.76888355798498,1.95451564435232,1.8287205717735,1.74855896686617,1.00281804794111,1.25408411870372,1.4515589298801
2021-04-01,1.90777374632801,1.89799613217016,1.83760297047839,1.95667781481766,1.41901823796543,1.90844236070048,2.11218427721466,1.82232208368926,0.562460588191479,1.71410643790201,1.25701900610438,2.74570687187749,1.71054954726665,2.19700513748326,1.22252828412012,1.34499990852854,1.24415535840218,2.25954717457224,1.10939687791762,1.7444501591528,1.73976956584651,1.41611207945154,1.18875210814686,1.32876804729281,2.98308012050009,2.06864995946955,1.76038822454022,1.34792272904368,2.11736175577063,1.98995511869304,1.58364719517625,1.98972418499209,1.39180357596385,1.23846545820712,1.79731018097329
2021-05-01,1.81376136041577,1.55036698408312,1.90933190215366,1.76731460545014,1.45148431144129,1.12032801891851,1.93789687601542,1.73978456265543,0.930584025504511,1.32717995196092,1.08130516438912,1.478488247014,1.37760338900787,2.24698798888113,0.974647787111143,0.913016842822552,1.36369217686286,2.33855978080338,1.33858724824288,2.00402152457656,1.49755799593235,1.4719089048589,1.43994396530688,1.12868195572373,2.30880585777311,1.92749696666659,1.73482526903408,0.914081355183387,1.72346127170389,1.62538306258828,1.81027891709909,1.67971780477982,1.08523175243888,1.26322458301541,1.74819717199869
2021-06-01,1.90481076854452,1.56821187842603,2.17552259665317,1.74737716020372,1.61758303106428,1.25170877991671,1.53121326664541,1.47424980109728,1.77767853505568,1.5031132883632,1.21645772320528,1.37564437638168,1.59501004357833,2.26694440852792,1.35167007458841,1.02457304140273,1.09613893386911,2.28019991137852,1.42614477315021,2.71590187395058,1.46290941866142,1.45146791826207,1.52910062433371,1.39336522552219,2.05777949360442,1.89359137052856,1.63527784463564,2.54513526932258,1.77163119830711,1.97415759218466,1.78752486517552,1.76109189375207,1.75970230581387,1.52363296652703,2.05237286279851
2021-07-01,1.98226819586899,1.28313870137748,2.68028318782697,1.59248765810015,1.26754745408795,1.08561387928744,1.52606718449655,1.91034250260201,0.78029426180855,1.23870043349373,1.30674727300902,1.30861798060211,1.19821800838477,2.67433019138754,0.912371974900873,0.747135349796847,0.816916454467274,1.26363540152049,1.21022512389826,3.53228319387789,1.24231741808383,3.42249719397008,1.26025704353491,1.11435638258977,1.87010045330767,2.55908938839955,1.17939461103801,1.5690792285707,1.21131296767321,1.20995351642276,1.62984486097613,1.64560542205459,2.67539219016242,1.05869997502366,2.50511587996323
2021-08-01,2.25953478426441,1.86288222942042,2.5795673457812,2.187086806653,1.8953015413017,1.60823100851245,1.98194316688677,1.54554452110287,0.835266375800003,1.80266470136806,1.69287009419687,1.87260597804316,1.5602016690361,2.84971322794921,1.37920215908149,0.983505731958792,1.34026440627642,2.37567642155897,1.44223930273181,3.14687117570375,1.98805258625212,2.42501267626763,1.29765395887539,1.90352559601676,3.42093753017854,3.01199735402474,1.46495370058555,1.20633176796473,1.78791467464024,2.08365363323068,1.63227123090578,2.46466362625871,2.04538556649094,1.85113622984564,2.48436583644764
2021-09-01,2.45842412481074,1.98936695265509,2.69046714861073,2.54963558659338,1.78460463962927,1.49552027579901,2.00907369455763,1.93511147315562,0.869800576098803,1.57006062446603,1.3676535121958,1.85920388728817,1.7165740862517,3.00807744997296,1.79045190074719,1.4624394940174,1.35672736057446,2.37793746471557,1.58025684794294,2.89229658460151,1.9763766356389,2.68290689623024,1.05258668373227,1.6454671403177,3.12695567642965,3.1623645043667,1.77699162926675,1.33208342420846,2.80456859357829,1.95406146475353,1.59919906866887,2.59529061370751,2.28763588223446,1.83743538280186,2.37843125416687
2021-10-01,2.7605099099482,2.47788301633854,2.814081271955,2.68189415689495,2.25145743459907,2.06160486108232,2.63627496608843,3.15171588129097,1.81500561374477,1.71283893813683,1.78806715861913,2.22274566845031,2.38621992843331,3.28124266447401,2.06048154737441,1.79682833092081,1.83617114265947,3.43671029668435,2.23579276741897,2.98534440975321,2.55296100672489,2.28300609961308,1.32428891241483,2.01786565508558,3.40573307820401,2.82109942242349,2.06614123444211,2.57205644761544,2.82960485629056,2.91798936836019,1.84924745269703,2.54672372766892,2.13368894725206,2.38859108342985,2.70611005876498
2021-11-01,2.54276841154948,2.63991775595906,2.46114576051843,2.75030026265611,1.89499047921906,1.90530843040821,2.40147662376892,2.79623674303538,0.910988606911142,2.37556164164947,1.9613485353444,2.33513696847368,2.19196530248038,3.5045624924954,1.51459634066556,2.63274706300025,1.49953960094809,2.59971195961093,1.54809725028357,2.261210558285,2.50564915190826,2.02524671270179,1.76782682353017,2.24547692636419,3.67028477869154,2.78982326942107,1.81724227201242,1.5709322794903,2.89350582783402,2.82768521398656,1.70841274085519,2.94557478023246,2.23213682253024,1.52441806680847,2.1919060845944
2021-12-01,1.86502313789585,1.35179309592414,2.25830893678349,1.77404315086034,1.34919755259322,0.918818857820793,1.94387459298302,1.40543838990866,0.748895601161458,1.35708258847072,0.92465291071427,1.29190621483674,1.24193155314976,2.30687354200464,1.44156566801402,0.69302061895524,1.02778380325684,1.53237880562684,1.0701429840084,3.08540847680595,1.88089731161097,1.88360096059083,1.55160868472522,1.21318341076792,2.04572921029656,2.25830204101809,1.12791576145981,1.3411635585869,1.56700449178025,1.62353292913211,1.7731032079819,2.02215705015381,1.5450502192172,1.11713605519432,2.02565115205318
2022-01-01,2.08576110595351,1.68898787538334,2.39000854945857,2.09507688366671,1.5296308688718,1.37096070899909,2.58113223046228,1.87436104226241,1.06337189425184,1.6049386084438,1.23653320606228,1.50683845819807,1.82347975746325,2.70352282289319,1.38176000623084,0.7974923229171,1.32199338498937,1.94974173460586,1.77369468449402,2.76828682671367,2.45662650676005,1.96257411202831,1.46354363036366,1.37600273558382,2.66571557548436,2.03670429847834,2.00259282976318,1.11111125974936,1.91950656608576,2.0084371497461,1.64054951132722,2.28521170121237,2.53727840159728,1.50761998359937,1.93667444335129
2022-02-01,1.68060190718891,1.46234135752572,1.85494609290352,1.59875065602608,1.35359046144062,1.01443370386883,1.83417098035231,1.63189492887665,1.10251907393592,1.4855612297835,1.15226639432965,1.51310714759698,1.54239486502925,1.65689048069376,0.880775106062039,0.593274577199232,1.22730067927995,1.83521593131769,1.59423854185239,1.48931955521309,1.33249113002037,1.68256280843637,1.10467738942988,1.03183501153789,2.02592842223525,1.69858856052337,1.75447792396725,0.855646884203056,1.65399775376932,1.93426815028563,1.37534745890775,1.55045201202601,1.20856733122906,1.37772402622903,1.6393562402434
2022-03-01,2.34896154805359,1.82399136246285,2.37113152904916,2.07872703179336,2.5584148399734,1.41273765998652,1.47626444558781,1.68004707419451,1.03645100800556,1.87130177669122,1.17489124505535,1.41439045720743,1.90836221122263,2.67889885609738,1.26190497938293,0.895307278363657,1.3536139103669,2.61445994066671,1.67031743031914,2.45163840292087,2.61849685622282,2.02218490410573,1.34235890608187,1.92792087172127,2.58428366448173,2.51895577503984,1.75956207211225,4.2066174582618,2.02144885659549,2.43903921118615,2.31385751583893,2.20778465369359,1.48382015087353,2.81096056301079,2.51351887221638
2022-04-01,2.29473466489157,2.09017083813719,2.19291187823763,2.2543903666045,1.86944948797261,1.61159177079441,1.93514429623102,3.41827623545233,1.49198678579896,1.80264734804034,1.73987820246001,2.01637453133501,2.11087647086554,2.90389340278143,1.35611469144995,0.879720991605846,1.40574338988928,3.38104168293578,1.9751241940197,2.02265258470887,1.9288087464623,2.07249125943354,1.25785909119142,1.73630242285013,2.92947220837475,1.7171859354736,1.75839873306104,2.7244409039511,1.98912534271343,2.51924980159804,1.84679217130375,2.37117961959148,1.83178208512383,1.80463758129564,2.23498226098674
2022-05-01,2.01780286559683,1.56617424119934,2.34273054519299,1.93633877064864,1.37445093256982,1.12649122301051,2.12611852557548,2.20556137887861,0.682716018838163,1.23962741054456,1.03134909737144,1.46924893413476,1.77177916290919,2.399215012858,1.14545050764017,0.761775859251781,1.15238416634366,2.54535335713136,2.27261919531891,2.56278576398225,2.12461900283215,1.8726159396512,1.59829015847812,1.15637300777856,2.33599957911952,2.14651319876359,1.59163980375279,1.84306186087873,1.89499365211182,2.11602907546543,1.5373087928258,2.0311296646973,1.87307826690523,1.27587114497363,2.0842202961124
2022-06-01,1.76679303701177,1.53417822848878,1.92467895719097,1.73412291763303,1.37498445354632,1.13538580623423,1.58535423681141,1.31460255967909,1.83143155856625,1.52336352422351,1.15158696072334,1.39538505115112,1.40143137499152,2.02336409620075,1.10078808206776,0.73440946361171,1.13591012818,2.54317639655449,1.62047193379724,2.07792575902776,1.38965321795204,1.55948724712734,1.17911896046152,1.14261771062991,1.91715971077425,1.63718904519245,1.82213751744862,1.24926839060585,1.6400869871933,2.32981521499019,1.45654727633436,1.81808001115866,1.50055457226462,1.36364843704271,2.02564200190666
2022-07-01,2.09206510340693,1.76929149003571,2.31625256863511,1.97738184983281,1.42213573438422,1.17235228897398,1.62469194373309,1.78765876244331,0.851094220611348,1.41149522343135,1.04304360873876,1.90274985192702,1.53611322593489,2.66879789299056,1.23708841972674,0.774464120058711,0.967285057722327,2.50017963360231,1.42084544958765,2.59961480726124,1.58716233616581,2.8438880621927,1.6066086868586,1.29880363678083,2.15337018574252,2.16903557443121,2.22278828556897,0.943217453634004,1.84031469136242,1.80886957929907,1.51788280550192,2.13399237651497,2.17081951376268,1.20532220826841,2.17296595148684
2022-08-01,2.28097120991651,1.8113296635129,2.63608325696921,2.09228351504295,1.73611385069202,1.27928011773968,2.42236856907279,1.66851743153553,0.760761165796592,1.68407872243277,1.17672336673328,1.98940730987615,2.03058158479725,2.8961053933782,1.69443665566214,0.899320238904877,1.11157262528047,1.89297862587501,1.76446337073271,3.00365369179049,2.0154181892174,1.99419092018379,1.99628706882642,1.54840632447379,2.7177691259825,2.88224371524298,1.34504210193587,1.12475168958457,2.09279387820755,2.396964303684,2.24836233384169,2.12674451155074,2.30288890921616,1.4015081984702,3.02670155779777
2022-09-01,2.67402634385656,1.54677614250538,2.3477592679567,2.33156090465001,0.986608595008685,2.1148402770696,1.61845469072775,1.93457763726173,1.89212911270211,3.83654455869618,1.81143615129379,1.24276281113027,2.10030889469172,3.08583562052214,2.10514754366726,2.63538599807609,1.49598763012091,2.62721109212864,1.59149149201045,3.59174649238359,2.74219598608697,2.20797357990667,1.79728973655861,1.86743311579245,3.25497904369513,3.25708547681519,1.70968863513666,1.52643635956759,2.425404843446,2.83311440219594,2.07210156184684,2.86813597379482,2.48097083838612,1.9842754499832,3.28201055603937
2022-10-01,2.49593498325134,2.03264205327883,2.5428625780193,1.50210691060229,1.51315296133363,1.8552076554294,1.66749919429083,2.83987230927773,1.70847838705391,3.09840136011177,1.62217102022301,1.43027737176649,2.03062115197931,2.74847069643446,1.75447358605922,2.63832297554825,1.52872444133208,2.75002034821167,2.2693638297243,2.02938041535472,2.21956463829398,2.17177800506531,1.2337665201779,1.56030164614881,3.67753894512478,3.58040460964826,1.68130958662193,1.51244986361498,2.73818669174344,2.09566777778643,1.80473777680462,2.75301698777431,2.08512516382997,1.69659112382827,2.36477744757051
2022-11-01,2.79099616878482,1.71540824731799,2.54592246948976,2.01938869949033,0.923319215714257,1.70427554144835,1.85892734841275,1.6101063870419,1.7174061547897,2.87915760695502,1.18132224474424,2.53522438120276,2.40741341010592,3.03117945089793,2.14932622010196,2.77443471769559,1.54878925820608,2.37056914654832,1.84026656286825,2.74647194205252,2.86940926067397,1.98253569713755,1.60678785112188,2.14470235047399,4.15747723685901,3.6400363474555,1.66140059227822,1.60458068572503,3.00318525664083,2.39561364233991,2.04501565264584,2.87105441013325,2.38981266247405,1.9943462873705,2.96436803433343
2022-12-01,1.73824656657446,1.00261585009433,2.34684489789767,1.3004228123634,1.25101907621207,1.49365980644863,1.29220142978714,1.49599884519321,1.44440244233935,2.2701434418693,1.37163168486258,0.995515610949369,1.5590550753469,1.90861164846574,1.07939569183275,1.66164027632117,0.97653297639299,2.08608036965309,1.97467273470101,1.58652242394763,1.52377661106162,1.61635396479589,0.803503055894744,0.887693102195816,2.18399267872958,1.72110340000136,1.54330630727635,0.907587279506766,1.7556677711575,1.89239938663385,1.12015609486143,1.690544266835,1.47664621329603,1.04371485907916,1.71719100636735
2023-01-01,2.32703194134669,1.20589904598118,2.14843853629047,1.78144116151258,0.900359556686616,1.95507272118422,1.25240182239328,1.5441738577902,1.74002153168394,2.50529233362714,1.01751277539536,0.903774718741193,1.69743100013549,2.64264635565993,1.63357228346394,2.61782749769669,1.67312307339901,2.61096115544295,1.71256983010062,3.08873572830373,1.85609018448701,2.09709669264919,1.33773628456001,1.51611573225259,2.43350811285274,2.60424927648482,1.46024691825289,1.33413336063313,2.3309751965803,2.41811762636365,1.77088475963089,3.05065614163426,2.03158336493278,1.43749290988887,2.99674723272025
2023-02-01,1.83310487962957,0.975738411940173,1.50318693137169,1.43348093307664,1.17287724153756,1.31721238584743,1.32657675973677,1.34288014193522,1.04444337930431,2.18081248643627,0.944716975356283,0.661723122965989,1.45650501311323,2.06095221882876,1.31929622354709,1.8018337382725,1.18840594041544,2.1357832913876,1.50441487756408,2.03444806320111,1.61614135340448,1.51260521205386,1.21321850594716,1.00837797824098,1.96941749046903,2.04202428685575,1.73891251941562,0.922585165338461,1.71510520184048,1.76600760577352,1.66505846991192,1.84640007534316,1.43919607013526,1.24301432753826,2.35664109071757
2023-03-01,2.09152468759352,1.25517631966213,1.66181895182856,1.90746450632804,1.27216544029982,1.49687953050969,1.63335620317008,1.51911063568209,2.00020710953474,2.33418017491898,1.11190331447433,0.914199638772594,1.92059535321214,2.16550274591475,1.74933866683074,1.99443969121059,1.24561814687643,3.99778789966378,2.03238434862286,2.2619623073663,1.73854810029773,1.59832081936888,1.50795654973594,1.68142373568804,3.11065982464281,2.32269750593723,1.58579315157477,2.17891192746568,1.77204370007058,2.40995965774974,1.38671908550425,2.33777828290026,1.51392692270808,1.80413552570927,2.02741072642167
2023-04-01,1.86546903842414,1.197084246618,2.45609051177529,1.91107220790717,0.744008055859937,2.29690726344508,1.75723626279223,1.70607916701404,1.89353857715744,2.37796475245316,1.11890216635062,0.747329578648089,1.63204898336992,2.09987745252105,1.35408921919745,1.75648703409763,1.01425307702365,2.15677769826869,2.11024009900344,2.01756373771739,2.38929700576112,1.42154818616171,1.06641154403252,1.24423374117591,2.19514629155073,1.60358569359255,1.61750685499547,1.7462858452923,1.3375527367623,1.95119002333488,1.56695209467578,1.98203046804625,1.82823639229367,1.17662535762827,2.04020625916509
2023-05-01,2.27951926953325,1.44149042680364,2.30196185996348,2.11087308141729,1.86374559453905,1.87889875923205,1.67359300695551,1.9305772020795,1.98573874833505,2.96897191884178,1.30395093465786,0.892591346125581,1.8508244988423,2.64840128502516,1.7175745536766,2.0179036117509,1.21611339488186,2.73124512285704,1.99819130206457,3.09995673575965,2.14025668519691,1.40612765184481,1.13776727179796,1.36341703172996,2.43000513306262,2.8566782665576,2.09299579650763,2.01899270574923,1.75922249940034,1.97248397808857,1.78460895685594,1.9187024305198,1.67830582997595,1.75614103424529,2.74151676969934
2023-06-01,2.32060268449499,1.25399691855864,2.16415804789986,4.07953628522635,1.05171819879892,1.43643239694611,1.64824642090435,1.66746341820367,1.58563061277574,2.93384960350987,1.33269928178454,0.898093951282875,1.82340966706198,2.95225285436094,1.72368240258932,2.07320160382655,1.29697157708474,2.26182813590259,1.99292308921659,3.42682734941123,1.89888337804704,4.4722981796382,1.39429002047263,1.45444826749439,2.5439172974045,3.15395291166323,2.05937747584198,2.48376704860172,1.90581623075691,1.84916739059874,2.14752672448474,2.18349594299883,2.06803207214741,1.48709847204911,2.19723134441123
2023-07-01,2.58692040555639,1.39098669799978,2.99007867279622,3.77503547691913,1.11299829752805,1.65911517344007,1.54028234865483,1.64502457160156,1.51933369214922,4.00953606606481,1.39787557555508,1.13867554492864,1.8274418982692,3.36949817140597,1.79246329975443,2.40272503025531,1.29380349821798,2.16579280521184,1.99917560505383,4.97114935834204,2.64086443239659,1.96627338161479,2.08524609443244,1.73473353545129,2.75481650923752,4.03050293112779,1.43047838823117,2.30293410443643,2.11380768370937,2.08485436858513,2.01531516457521,2.47679021046465,2.43187783388975,1.5043479297127,2.82063367126221
2023-08-01,2.62129430078428,1.30836846912717,2.26815593950874,2.70505205935617,2.98075196868613,1.59688904884645,1.25415366028207,1.80505034017049,1.53525243141804,3.47121693625731,1.10302946862513,0.93066763129055,1.86273135776598,3.41642377353736,1.90243713495866,2.30462485532858,1.43510659797512,2.53757733765846,2.55991612628894,4.55938833468817,2.14464124979121,4.13687381920102,2.3489285733963,1.66447547942826,2.82651874777712,3.31806595750662,2.11712205205175,2.75569791780922,1.79657369697106,2.07093214288689,2.28653961484002,2.47376273761406,3.10239532208779,1.6924356175538,2.45129813968527
2023-09-01,2.50508167496259,1.37895854330174,2.15864677949642,1.97167176421923,1.27013699757671,1.54701722214,1.4583700348533,1.43933636997738,1.95940828579389,2.83049548703831,1.50313655007976,1.45337889303638,2.05235751142815,2.91366170117278,1.77148040951974,2.32494952561376,1.49373802169076,2.90897415746924,1.84371174894399,3.61417672425182,2.3599026741816,1.90266606854686,1.25303947702663,1.55516216198276,3.29235505327363,3.29778330140223,1.89074741197417,2.29049914871111,2.20959488140302,2.22699063464905,2.06975560327643,2.39981087521662,2.00532261893741,1.61317193507112,2.64201683699776
2023-10-01,1.75711647979781,0.940598329286548,1.5891407191441,1.21425026455931,0.653173258975816,1.32700327855594,0.87739073363923,1.20395428132544,1.384759313993,2.10653448695292,0.980794787621861,0.749041801982838,1.28736022057734,2.09487633331502,1.45579497550347,1.67578860971428,0.991151142459223,1.60689302515254,2.49865154693997,2.08698011217471,1.58365771996941,1.25506911893417,1.32750144207457,1.27465812155992,2.13129558630629,2.02879798733355,1.21884614639044,1.2606023223787,1.71203279048112,1.6919791738538,1.89919065578439,1.71915627862305,1.59414492454236,1.20517130334561,1.74927821275374
2023-11-01,2.14099936807471,1.40334930818523,2.21221656283313,1.91440724089646,1.78455720150586,1.42878834523202,1.13159629443534,1.6125790075936,1.62930223508392,2.29988890726749,0.973973368021399,1.09839393893923,1.72162244382524,2.39544788300247,1.761320288693,1.98961936882162,1.22637594146362,2.62347438303705,1.66428731732087,2.67532336817976,2.04084450918919,2.10982697624015,1.16790200782467,1.73528472517,2.48597990612593,2.05632570695783,1.67491370322149,4.30522436512756,1.98152439482832,2.05476688347993,1.79274296893927,2.12897520870764,1.91357008656712,1.61988200633994,2.15605508315508
2023-12-01,2.09176081693562,1.20479473259818,2.01038325434812,1.82023550295145,3.03785367570154,1.43749573595016,1.28586042568514,1.65611801309262,1.41812339119494,2.36771234994868,0.821041788458475,1.63709050068148,1.847976497697,2.30682482769264,1.46844510374816,1.99427904505686,1.19790359598917,2.14257841228492,1.93642818839414,2.27763278495059,1.87430551190643,2.27307333076607,1.13123935241849,1.68298397191959,2.72130115550098,2.10331056118238,1.83212920452069,1.81376374439288,1.8240782120053,2.70563013375187,1.45056015497248,2.22356550949027,1.75383277935865,1.12719922235553,2.05894594627611
2024-01-01,1.99787947244131,0.954573170074896,1.99853929811515,1.77318060639958,0.678925214068458,1.16092806326336,0.942015272386758,1.10619739523905,1.28477367508938,2.19888418720603,0.846809938048923,0.903799760420032,1.35424024809302,2.10482617667574,1.44387674211329,2.56669827565709,1.42076795598848,2.01606010838799,1.16841297313977,2.60066800681844,2.22332498662416,1.51626426021424,1.48789166041623,1.34487872393976,1.96022852283372,2.40306070047445,1.28831387791588,0.878146656430698,2.22202007829276,1.73481987982025,1.6137183752195,3.14716048381304,1.49183427248258,1.28976277928513,1.97701855240245
2024-02-01,1.83552221396233,0.936779618879996,1.5198440157739,1.80464602828329,2.61599571925593,1.36634768017508,0.979905511162387,1.08278564150718,1.09561034452558,2.11523116984354,0.806992816042123,0.665705269552714,1.26388013843352,2.19854634265325,1.59021310343513,1.71642706751508,1.28917345697204,2.13178611147379,1.23232526615422,2.98401194568747,1.53217145665631,1.48547586337904,2.068246834243,1.29446718322828,1.85142982032077,2.32667728016525,1.2638256462545,1.44186222856362,1.4512800640532,1.33376396513936,2.25789791818395,1.8046456747484,1.5769025582304,1.25856457745997,2.00396795968139
2024-03-01,2.0262087378272,1.20608211723712,1.94190877545515,2.66935649335765,1.39073029089778,2.60896829475372,1.20339823236732,1.54537650980612,1.56250850135588,2.23868885934899,1.19011320470969,0.77782475454293,1.77121396332637,2.2622939537226,1.41235213960917,1.80862091158671,1.11862897420723,2.49948536759622,1.86271992373751,2.44370084741851,1.53229985207076,2.19240873045932,1.33521527067765,1.15107833143925,2.27552835241156,1.91418901328189,2.09688504304085,1.39116497838217,1.76756861315884,1.81120998077168,1.94105287027158,1.92981695666328,1.72810073154922,1.16233453392016,2.70855305855551
2024-04-01,2.04845137120498,1.30804459794752,1.86523918823298,2.11683217436188,1.25037511276519,1.51024670576057,1.27217269375927,1.73370003758212,1.53598478004404,3.23077011787898,1.25969555603779,0.733268313435243,1.75905415011867,2.20969753801304,1.40616109004608,2.07110681325381,1.06080628810329,2.59692018189659,1.52239527025265,2.65533903918622,1.49019297230697,1.89992211540544,1.14492643681447,1.28932062959955,2.99927489060337,2.4711961492913,2.40987848163501,1.60418936061697,2.08765304460639,1.88339170706677,1.55880784890825,2.10213649780078,1.67753919785567,1.26899217213163,2.2605076606567
2024-05-01,1.77741368860666,1.02866930809251,2.07749597115648,1.62625326969247,0.7526423307347,1.72967658356295,1.0905622165122,1.42238461534588,1.44191418729121,2.56070066243921,0.950043188823123,0.610282682624469,1.44829358377654,2.03978457785971,1.16172999626516,1.77075901646864,0.982170759550438,2.0565662144562,2.27690171094892,2.27394711797474,1.86331979515899,1.24978966099388,0.959423727130274,0.972981279029503,1.99784964424734,2.08996509960203,1.82825670451654,1.20030207816962,1.76990486656009,1.73634909610079,1.52904408204623,1.79763303367732,1.54969805354359,0.950396597218347,2.00876070815481
2024-06-01,1.75508431210826,0.970999246644326,2.12554169011344,2.12429293158211,0.974430752673588,1.62047667930102,0.932207800569744,1.19753469112379,1.04811797055341,2.62106259703084,0.90006218157819,0.572102211207505,1.44469103050226,2.09219584175571,1.37989665862109,1.76718789745348,1.14036012168494,1.936131738638,1.45590881117506,3.12107499962835,1.24880783153128,1.66709735519048,0.892125418774456,1.15427994106827,2.02651065569083,2.30309374154528,1.88122490989641,0.971378383627033,1.57715410987799,1.53864577385322,1.85703296357366,1.74942900846975,1.62453080519512,1.1201310719089,1.56172516540076
2024-07-01,3.68228108750029,1.7977344493584,3.09686948225132,3.33302635273575,2.0275472167661,2.65630476480438,1.87601489639064,2.40272731449977,1.96748449648151,4.91084764692885,2.05845460437057,1.23461873565821,1.67561491532982,2.82924269157137,2.84458265776831,7.78425360914214,3.77859605728478,4.1000868970272,3.72946140622291,2.38126482956264,3.2660565598034,5.89971230817865,3.42917661088946,2.21928834893644,3.12492140099577,3.1268505488596,2.99774195693338,3.19266094816288,3.48992435471987,2.05074699438554,4.94451875098644,2.61306482715371,4.91669650289637,2.50772624563608,3.23955901370336
2024-08-01,2.5149787792119,1.29852782181226,2.77955851860569,2.68654563043005,1.25281006035948,1.33773762484022,1.10881902742062,1.51413543937969,1.62162443593108,3.44951111895516,1.3427618125412,0.784962243627082,1.47097314510056,2.05652209098373,1.66074810786332,4.49368062547126,1.80062477803741,2.32588447531821,2.81822844053595,1.75184607332352,2.28882952378586,2.7672395075451,1.59162001038693,2.63053175029145,2.73130944854887,1.93639573492144,2.56909282170511,2.79160227150121,2.05307429493917,1.44912773245767,2.28132686339928,1.69755342469771,2.9542230779119,1.91282801309042,2.65808764149308
2024-09-01,2.77289353854116,1.42346085631913,3.31534383570468,2.28704551151155,1.18042872710379,2.02266174708712,1.33648063460527,1.86501146999901,1.89734626359191,3.77447990051284,1.46368724580409,1.13271976334408,1.34632770202418,2.49325768720627,2.28771325502446,4.1768501939792,2.14423398069288,2.50589161958338,1.57357164025172,1.89224392179143,2.76592787341513,3.3531554967653,1.77123758759078,1.9414158261154,2.60540590668252,2.20430809729206,2.91618167660881,3.15970063973385,2.51089091646557,1.25848041717629,2.98451127444124,1.98931546498284,3.26095502731568,2.02048300243763,2.79321593855849
2024-10-01,2.93559733431506,1.54768517317883,3.03116125426403,1.99731798006579,1.2390062263234,1.92105804395274,1.67945505710505,2.23438134148081,2.218275064544,3.54889918875164,1.53608933385106,0.957816039368669,1.66014181487308,2.89411981387428,2.48094152461183,3.50057263871998,2.4190025502853,2.25101848119907,1.71949878256571,1.59890706832807,3.69393050127343,5.12043941924946,2.10204961092982,1.76014465053796,2.6878010780513,2.40265488964085,2.64278783916957,3.21920476251431,2.65302617420589,1.63441750292528,2.76825880502408,2.22394818284535,3.59251908585053,1.98455344713116,2.90761509181329
2024-11-01,2.74294501759246,1.62063144224448,3.5088031727529,1.93129796068845,1.85663494491212,2.26294264308113,1.49524729779531,1.53696847813027,2.16503947959698,3.09819917344944,1.57908067971164,1.84412480437501,1.57615019393476,2.64197222893567,1.53264172011488,3.29212208020534,1.95009868217584,3.02878855346947,1.22155378345953,1.83167979291344,3.24289379182065,2.58914848284304,2.17242274010686,1.90950239623174,3.77156637859196,3.07545223184678,1.82641223262109,2.59430382718249,2.17957803458078,1.31364726427314,3.05080437320379,2.36152328758352,2.85737538508397,1.68909476768913,2.91570442172935
2024-12-01,1.92528702999834,1.06455428953837,1.85010289076027,1.46532844423907,1.20353382332256,2.06090748210886,1.05657447230147,1.37313278044238,1.30765097949475,2.00495298547323,1.04262132365029,0.86347957855619,1.20296982072669,1.81059238466446,1.84027295445508,2.48596120688437,1.3348569283589,1.62415004659319,1.34799697740302,1.16313163619883,2.31759699387102,2.31117493510733,2.31055254558768,1.38783325607823,1.70123596030081,1.96099426133626,1.36505795722668,1.85940375025412,1.76068097474923,0.982172902720563,2.18563069569693,1.70276849876673,2.21418410008412,1.19213096964519,1.75614794347805
2025-01-01,3.40243330762462,1.61092065573604,2.70454014953578,3.51634721694703,1.53573046256387,2.24117263375882,1.90446797801863,1.96629777850581,2.15520009735868,4.55470056986707,2.20793583715493,1.10349189580282,2.05045461184194,4.01111029295972,1.8471450675329,4.56152303479152,1.96514386865453,5.49508358700711,1.88450958570973,1.81207145946485,3.72546628531742,5.51815002082137,3.12480216248487,2.22447023534813,2.94450733219325,2.91545665049896,2.67273334658049,3.39102468311794,2.92554035878739,1.81751206043589,3.30923032323382,2.67542139398407,4.14776196314001,2.15180395265404,3.27114852841702
2025-02-01,2.40029836986885,1.26428568847609,2.10550068951384,1.96497822649383,1.12502134848488,1.75620333024814,1.39868323049598,1.31650771979188,1.97265280251255,3.13689029510887,1.19440931597681,0.778235389770352,1.71337333193787,2.44549179571059,1.66140846816717,2.33994834348638,2.3361806601911,2.63545419181118,1.14533604968881,1.02022155091046,3.74333367448865,3.15936002412229,2.39253546586411,1.92428935718647,2.14176441706175,2.10744629877542,1.81719017020616,2.52435917216618,2.04308772538242,1.25124347632532,2.06386082646932,2.0169011288448,2.72570348257742,1.39179926798313,2.42307750194728
2025-03-01,2.14513275584243,1.02568977525051,2.39756346650684,1.52723541681267,1.31730294665419,1.3724745452805,0.968727384181002,1.51721580907024,1.37387720280407,2.25877826760809,1.06241939183644,0.646321897531472,1.63457485927988,2.32009784308279,2.41697788577824,2.18707449268456,1.45323677832088,2.03882616415547,2.01798450536525,1.01732762536112,2.8091079519477,2.01658310006817,2.36123759520896,1.53826351923329,1.99722476329612,2.01559546122725,2.16664233484245,2.04416568230266,1.69834571179242,1.42213421332983,1.80787558314894,1.73164404902921,2.31104476340489,1.58761667914581,2.08818938610422
2025-04-01,2.4903733419741,1.4760114026334,2.39744040489389,3.21605102852277,1.34882232859778,1.92626144138554,1.38164450365067,1.60648624646265,1.85047499824258,2.96826457697411,1.41986547417649,0.815116488023062,1.79070588429728,2.77363596288965,2.07395453455455,2.61145634362072,1.53539570119373,1.80463809734366,1.90829859993256,1.11348468466037,3.84467230162372,2.68766298279508,2.68510959460973,1.64783862367635,2.40547697931974,2.14803302566955,2.47313741444929,2.37016189298496,1.55357249510896,1.87018404517211,2.02654713898718,2.32227797862411,2.43996742592063,1.89163900807053,2.43633160699479
2025-05-01,2.51324972922979,1.37787403715571,1.68132771899013,1.72521037603764,1.34477650789177,1.85357456313828,1.68550017372287,1.20565914175735,1.92821783810181,2.48157860950151,1.62984797220592,0.761082911276983,1.81511791469082,2.21274134603825,1.30710720379016,2.74720958930169,2.09886841562709,2.10404867156331,2.60175805709004,1.51912039441766,3.57159737690807,3.59132462851968,2.69448810305615,1.35402035306024,2.04179642122285,1.75394183891393,2.52214690444657,2.38740831073568,1.86424463680853,1.7690273848055,2.55901103234293,2.10178442653153,2.79713825170987,1.94577026742554,2.29234229959169
2025-06-01,2.04613547826133,1.13819169629981,2.02191817643148,3.44567589814422,0.933765907487087,1.81875250321056,1.17054715020225,1.53910683476813,1.34401461566279,2.32634437804995,1.03971832583525,0.925637853603608,1.12361784108399,2.21093919825666,1.78832011749303,2.93879992621425,2.01038317409532,1.80129345512061,1.42887343744456,1.36977089000601,2.57735703232278,1.88865763043016,2.02837331330879,1.46748666815017,1.55842136605353,1.561012750172,2.32038521503789,1.89665475890429,1.73463014187368,1.03212670648289,1.80361469923032,1.82481731177811,2.2393363960277,1.5755565976104,1.77082785608129
