month,strategy,method,n_industries,ic_used,lambda,exante_active_risk_ann,gross_exposure,net_exposure,beta_exposure,max_weight_frac_gross,n_at_cap,cap_converged,realized_active_return_next
1974-06-30,mom,mv,49,0.08603798895744301,4.521727125173657,0.05000000000000001,1.2158426607950834,3.469446951953614e-18,-0.02666084318238887,0.06990815673009383,0,True,0.029066306711075806
1974-06-30,mom,diag,49,0.08603798895744301,9.699376454848235,0.05,1.1861599696977843,1.3877787807814457e-17,-0.06252619844671346,0.04869420830029836,0,True,0.03272820149758247
1974-07-31,mom,mv,49,0.08639808065117917,4.419000249230609,0.05,1.0573764820653648,2.0816681711721685e-17,-0.08163390587408566,0.09029146916282763,0,True,0.014402262008112163
1974-07-31,mom,diag,49,0.08639808065117917,10.807175774839942,0.049999999999999996,0.9562961172608536,-2.42861286636753e-17,-0.1745316914277973,0.05654164772466219,0,True,0.009955084202337549
1974-08-31,mom,mv,49,0.0866413378101931,3.646252104863673,0.049999999999999996,0.9692015830469536,6.938893903907228e-18,-0.08299084239660835,0.09999999999206349,1,True,-0.008955884312136666
1974-08-31,mom,diag,49,0.0866413378101931,9.343743311155484,0.05,0.9149206406982487,1.734723475976807e-18,-0.15186485561734406,0.06751505230118943,0,True,0.006903799021407701
1974-09-30,mom,mv,49,0.08666598238484015,3.6002098751039107,0.05,0.9544030975242879,-6.938893903907228e-18,-0.09041049943588848,0.10000000000986253,1,True,0.02279007427695085
1974-09-30,mom,diag,49,0.08666598238484015,8.907578612933145,0.05,0.9437267134321897,-8.673617379884035e-18,-0.15608332961852459,0.06365945436073295,0,True,0.020675603983792024
1974-10-31,mom,mv,49,0.0868586874316619,4.179993823901538,0.05000000000000002,0.9512244212717829,0.0,-0.08640145238944642,0.10000000000971843,1,True,0.007910126184759628
1974-10-31,mom,diag,49,0.0868586874316619,10.037310025548875,0.05,0.9991135504079085,-3.9898639947466563e-17,-0.12849612968348437,0.057273053573840486,0,True,0.008098969897324292
1974-11-30,mom,mv,49,0.08708478851540526,4.209400664508023,0.05000000000000001,0.9317336327341925,-1.3877787807814457e-17,-0.040921975532506885,0.07570946328346956,0,True,0.001235201444562197
1974-11-30,mom,diag,49,0.08708478851540526,9.332540770065638,0.05,1.051280075256084,-3.469446951953614e-17,-0.07153727835899436,0.05773956701265499,0,True,0.0072049764919779775
1974-12-31,mom,mv,49,0.0873015222044012,4.092695918461364,0.049999999999999996,1.0207945326221295,3.8163916471489756e-17,-0.045480196504390204,0.07572548079150879,0,True,-0.04589336226809906
1974-12-31,mom,diag,49,0.0873015222044012,8.955131701785788,0.05,1.1224049840952113,4.336808689942018e-17,-0.06789963287786394,0.056074075747880536,0,True,-0.04930685997102661
1975-01-31,mom,mv,49,0.08636713096847524,3.7447564627333776,0.05,0.8602682065110145,2.42861286636753e-17,-0.07989069771475107,0.08782316614589904,0,True,-0.017759467612649446
1975-01-31,mom,diag,49,0.08636713096847524,10.424786255101079,0.05000000000000001,0.8843764534930785,-2.5153490401663703e-17,-0.13088185234549496,0.05378822927226613,0,True,-0.019467023916068246
1975-02-28,mom,mv,49,0.08577265439442588,3.7711948310829433,0.05000000000000001,0.9333960704366998,4.85722573273506e-17,-0.05867442131591859,0.08599564852177044,0,True,0.0035916794330237904
1975-02-28,mom,diag,49,0.08577265439442588,8.295736271468702,0.05,1.0118366191396984,-2.949029909160572e-17,-0.10434323813319235,0.07142913951867447,0,True,-0.006123217824021864
1975-03-31,mom,mv,49,0.08552350272917326,4.5150452398167396,0.05000000000000001,0.9674265961447974,5.898059818321144e-17,-0.04615961254345144,0.08694220475760392,0,True,0.030643846572672745
1975-03-31,mom,diag,49,0.08552350272917326,8.59709449390272,0.05,1.053131816713739,-3.469446951953614e-17,-0.09731514090997147,0.06311596092966378,0,True,0.023675731974921718
1975-04-30,mom,mv,49,0.085801514119569,4.3039547399960165,0.05,1.0612447456274032,3.469446951953614e-17,-0.005741816911631224,0.08827679327653289,0,True,0.010345877645294873
1975-04-30,mom,diag,49,0.085801514119569,8.28347785079497,0.05,1.093736183473939,0.0,0.031354282868349105,0.048939602580256425,0,True,0.008533718303868896
1975-05-31,mom,mv,49,0.08580437927691208,3.8685106353419663,0.04999999999999999,0.8748892823316406,3.469446951953614e-17,0.02282493116291737,0.0806804007267331,0,True,-0.006112248003719864
1975-05-31,mom,diag,49,0.08580437927691208,7.818169424173848,0.05,0.9181403732057435,2.42861286636753e-17,0.05398007242283071,0.06734916264581788,0,True,0.00043172742439145044
1975-06-30,mom,mv,49,0.08576579166782881,3.473242984839094,0.05,0.7675885203529846,1.3877787807814457e-17,0.043462309001858594,0.10000000000842267,1,True,-0.003753492424265047
1975-06-30,mom,diag,49,0.08576579166782881,7.3148573603822475,0.05,0.7810990593892038,-3.0357660829594124e-17,0.09415080413847328,0.07596800441826321,0,True,0.001694243220532067
1975-07-31,mom,mv,49,0.08578551787601355,3.546507523150069,0.049999999999999996,0.7958957209944785,-2.42861286636753e-17,0.06501493727759382,0.09999999999302514,1,True,0.007897124926120044
1975-07-31,mom,diag,49,0.08578551787601355,8.047288947056881,0.05,0.8102926940742489,9.107298248878237e-18,0.13147341250202793,0.06686932142081528,0,True,-0.00047632391641181315
1975-08-31,mom,mv,49,0.08564495630904485,3.64449378513957,0.05,0.8171454721441794,6.938893903907228e-18,0.0728568836108935,0.0956706164197926,0,True,0.01155384304702707
1975-08-31,mom,diag,49,0.08564495630904485,8.29081910016456,0.05,0.8212553422806519,-4.694595406862234e-17,0.13245540076933426,0.06597464436173703,0,True,0.008211493929187992
1975-09-30,mom,mv,49,0.08595552798355524,3.8120253275372176,0.05,0.8306042491289404,-1.734723475976807e-18,0.0828833802604894,0.09338915606668374,0,True,-0.019370036033556054
1975-09-30,mom,diag,49,0.08595552798355524,8.453926027233782,0.05,0.8728927213258629,8.673617379884035e-18,0.141892484373525,0.07893552761894367,0,True,-0.016783349047169733
1975-10-31,mom,mv,49,0.08552090347503302,3.9543248061435534,0.05,0.8502314675043114,-4.85722573273506e-17,0.058538069776373464,0.0862358311950671,0,True,-0.0013944345435689454
1975-10-31,mom,diag,49,0.08552090347503302,10.738227629224054,0.05,0.8078441027887618,-7.45931094670027e-17,0.11744122696879873,0.0724763802678049,0,True,-0.003205224485022861
1975-11-30,mom,mv,49,0.08512360445118672,3.630608847635073,0.049999999999999996,0.9649773092963182,2.42861286636753e-17,0.06593632545097859,0.07069388633238896,0,True,-0.003554805418116611
1975-11-30,mom,diag,49,0.08512360445118672,11.636406168082695,0.05,0.8506834775619181,-8.673617379884035e-18,0.1140971768082409,0.0622635594861833,0,True,-0.003664571057602516
1975-12-31,mom,mv,49,0.08480797724668052,3.453010931128757,0.05,0.896333412299597,-4.85722573273506e-17,0.0901348193542136,0.06478619633174754,0,True,0.014126366610527203
1975-12-31,mom,diag,49,0.08480797724668052,12.53577770917695,0.05,0.7800023746907435,-2.0816681711721685e-17,0.12919604813903088,0.06303925867026033,0,True,0.018771639667470495
1976-01-31,mom,mv,49,0.08540794956141123,3.805290781294052,0.049999999999999996,0.9699081449765565,-1.3877787807814457e-17,0.04290632335364002,0.06610221524178571,0,True,-0.012216705927877785
1976-01-31,mom,diag,49,0.08540794956141123,11.23042065551712,0.05000000000000001,0.8995431040386477,-6.938893903907228e-18,0.0868119456352733,0.06127227627004428,0,True,0.0011034264463388047
1976-02-29,mom,mv,49,0.08521059399674075,3.758290349742154,0.05000000000000001,0.8933931054271173,4.163336342344337e-17,0.05213026216150735,0.073271482322804,0,True,-0.0003818893416750734
1976-02-29,mom,diag,49,0.08521059399674075,11.527657120119894,0.049999999999999996,0.8753115005389938,1.734723475976807e-17,0.09400478995083096,0.0691491499079361,0,True,-0.0014769489914195919
1976-03-31,mom,mv,49,0.08486013461501643,3.7834843170164016,0.05,0.9684984421467554,-2.949029909160572e-17,0.03516241918752633,0.07906066734807375,0,True,0.00656872189554993
1976-03-31,mom,diag,49,0.08486013461501643,11.58961044356672,0.05,0.9418510325357891,1.5612511283791264e-17,0.07846751671917812,0.054636540858899234,0,True,0.006685727569371569
1976-04-30,mom,mv,49,0.0850714201692361,3.7047298125884636,0.05,1.042454923123775,2.2551405187698492e-17,0.015044600923625067,0.06975131379988901,0,True,0.0015876347021694345
1976-04-30,mom,diag,49,0.0850714201692361,11.568699295833978,0.05000000000000001,0.9204130882955143,1.3877787807814457e-17,0.05811907492659233,0.06517979117997552,0,True,-0.0023881890250111934
1976-05-31,mom,mv,49,0.08496404360781283,3.547600867857611,0.05,0.9965974743838935,-1.3877787807814457e-17,-0.011065199239692418,0.075376809659288,0,True,-0.004287958141153878
1976-05-31,mom,diag,49,0.08496404360781283,11.62292522604881,0.05000000000000001,0.9570366562005004,-3.122502256758253e-17,0.02982117712000936,0.06737031596006726,0,True,-0.00954734347419782
1976-06-30,mom,mv,49,0.08437199036136055,3.7900539211110096,0.05,1.0842206784156496,0.0,-0.019072431089312173,0.06644149508193546,0,True,-0.002242746492087839
1976-06-30,mom,diag,49,0.08437199036136055,10.882520482899835,0.05000000000000002,1.13005774540168,2.2551405187698492e-17,0.0008966197583925483,0.051441479186846044,0,True,-0.0032404745488746264
1976-07-31,mom,mv,49,0.08406468196845295,4.3244982602977675,0.05000000000000002,1.0032750520465177,3.469446951953614e-17,-0.006051211879318271,0.08757079683477405,0,True,0.009544451008879814
1976-07-31,mom,diag,49,0.08406468196845295,10.02169072513786,0.05000000000000002,1.1578560430780207,-3.469446951953614e-17,0.010610023910069568,0.049879661282064496,0,True,0.002902418083482614
1976-08-31,mom,mv,49,0.08380390128991769,4.293097037025196,0.05,1.0508260211351874,1.3877787807814457e-17,-0.006456425407932893,0.07785429909099123,0,True,-0.003385940825683472
1976-08-31,mom,diag,49,0.08380390128991769,9.729040259133507,0.05,1.1277751450408853,1.3877787807814457e-17,0.006910613849264987,0.06098578607703145,0,True,-0.0031881351088383636
1976-09-30,mom,mv,49,0.08371959913142724,4.4703671582134,0.05,0.988912301001849,-3.469446951953614e-18,-0.019648462169846195,0.08884042990491912,0,True,-0.009352622750083856
1976-09-30,mom,diag,49,0.08371959913142724,9.744044239316947,0.05,1.0809091102028598,-4.85722573273506e-17,-0.03311135791916212,0.06708240290630074,0,True,-0.003417151540057131
1976-10-31,mom,mv,49,0.08352802231270691,4.381275247311374,0.05,0.9860759948147791,-5.0306980803327406e-17,-0.009626915539389965,0.06451325144025316,0,True,0.01556907398339638
1976-10-31,mom,diag,49,0.08352802231270691,9.145833114710864,0.05,1.1384465501193024,1.734723475976807e-17,-0.005161261991102366,0.050252550900228406,0,True,0.018338247897310762
1976-11-30,mom,mv,49,0.08374423154233049,4.132250238310156,0.05000000000000001,1.086771576362677,3.469446951953614e-18,-0.029681786777741956,0.05448822693978758,0,True,-0.0018181118796511252
1976-11-30,mom,diag,49,0.08374423154233049,9.897991442086395,0.05,1.1360353947860167,9.540979117872439e-18,-0.02447577062803145,0.04897033297205846,0,True,0.003692851672060273
1976-12-31,mom,mv,49,0.08380312596498277,4.132596120808255,0.05,1.0650452154596357,4.85722573273506e-17,-0.02272478033737028,0.07126095744667624,0,True,0.01677138180122176
1976-12-31,mom,diag,49,0.08380312596498277,9.967988508304009,0.049999999999999996,1.0806053565893645,2.688821387764051e-17,-0.004747007043482401,0.060396298961515923,0,True,0.022220610454431005
1977-01-31,mom,mv,49,0.08435145933528308,4.101701421292192,0.05000000000000001,1.026969762453106,6.071532165918825e-17,-0.04556508998291611,0.06864942686009741,0,True,-0.011876145353180548
1977-01-31,mom,diag,49,0.08435145933528308,9.821639271138372,0.05000000000000001,1.0754413929627578,-2.168404344971009e-17,-0.04597396412165918,0.05045241658023314,0,True,-0.009285847140428021
1977-02-28,mom,mv,49,0.08371684690180038,4.004906350910279,0.05000000000000001,1.0213905973011246,-2.6020852139652106e-18,-0.06508322400058171,0.08378581566719011,0,True,0.0051026576098410275
1977-02-28,mom,diag,49,0.08371684690180038,9.58619115675229,0.05,1.076235145955245,-1.0408340855860843e-17,-0.08510654992197339,0.05637483421127311,0,True,0.007583694029220845
1977-03-31,mom,mv,49,0.08387507906446783,4.09112558665837,0.05000000000000001,1.0304920881374011,-8.586881206085195e-17,-0.07383034371176327,0.06227378036347393,0,True,0.011194214126359564
1977-03-31,mom,diag,49,0.08387507906446783,9.722836208141704,0.05,1.0932370178662152,-3.5561831257524545e-17,-0.0945285846811203,0.05007144460197263,0,True,0.017502849526601853
1977-04-30,mom,mv,49,0.08422983713988388,3.9015974973418937,0.05,1.0673080709533729,-2.0816681711721685e-17,-0.06053444670919753,0.0630397270078295,0,True,0.011501888921175164
1977-04-30,mom,diag,49,0.08422983713988388,9.823524515870336,0.05000000000000001,1.1173996217317985,5.811323644522304e-17,-0.07232276404078233,0.05286376360631629,0,True,0.013607204758661466
1977-05-31,mom,mv,49,0.0847121967862382,3.990610167316022,0.049999999999999996,1.0931710964921852,-3.0357660829594124e-17,-0.05107810078861846,0.06506608123551953,0,True,0.0013666408601415274
1977-05-31,mom,diag,49,0.0847121967862382,10.375433703222374,0.05,1.1680104753563738,-1.734723475976807e-17,-0.0497506948321265,0.0493187165611386,0,True,0.0031973884393847974
1977-06-30,mom,mv,49,0.08464090775077814,3.935474753002388,0.049999999999999996,1.2377646797903326,-4.87890977618477e-17,-0.07161924839644104,0.06465666786824857,0,True,0.014948566863267052
1977-06-30,mom,diag,49,0.08464090775077814,10.112051129252624,0.049999999999999996,1.2021014251000932,-1.734723475976807e-17,-0.06291176734939681,0.04927662031704182,0,True,0.011358244648826786
1977-07-31,mom,mv,49,0.08507241970433214,3.902764943739108,0.04999999999999999,1.2881269788627878,-2.2551405187698492e-17,-0.03463267171191448,0.04834442615951481,0,True,-0.008325843043725386
1977-07-31,mom,diag,49,0.08507241970433214,10.352863687273492,0.049999999999999996,1.2466788042611097,1.734723475976807e-17,0.009543039423302091,0.053865308123907586,0,True,-0.010991709955603389
1977-08-31,mom,mv,49,0.08459132592674327,3.8792935891462563,0.05,1.1644543861466878,6.591949208711867e-17,-0.0025347223137908628,0.06485058660813221,0,True,0.01880857238205104
1977-08-31,mom,diag,49,0.08459132592674327,10.608360498184148,0.05000000000000001,1.147496258342776,2.0816681711721685e-17,0.05332934060306502,0.05850935511629589,0,True,0.0124712304577593
1977-09-30,mom,mv,49,0.0848915264557171,3.863366319907813,0.05,1.204387257902928,-3.642919299551295e-17,0.0133612848134975,0.05616674822075382,0,True,3.685243499733771e-05
1977-09-30,mom,diag,49,0.0848915264557171,10.679058627603544,0.049999999999999996,1.1388981240601854,-3.469446951953614e-18,0.07251361532537716,0.053358005798234465,0,True,0.0031231825473267316
1977-10-31,mom,mv,49,0.08484119706791422,3.9006526911461714,0.05,1.1147787283555164,-1.8648277366750676e-17,0.0260245711200541,0.06670288149376698,0,True,0.006818947770030768
1977-10-31,mom,diag,49,0.08484119706791422,10.613828063791484,0.049999999999999996,1.0770672136483495,-1.734723475976807e-17,0.08667784331785307,0.05164882432687751,0,True,0.013726064413399536
1977-11-30,mom,mv,49,0.08543145963456225,3.9606009526628205,0.049999999999999996,1.0660128212802975,3.209238430557093e-17,0.031018778673156448,0.07940199273037099,0,True,0.008241055985270392
1977-11-30,mom,diag,49,0.08543145963456225,10.72345224160817,0.05,1.081984880816345,7.632783294297951e-17,0.09018494721194467,0.055939296578478195,0,True,0.010331010609777603
1977-12-31,mom,mv,49,0.08575332298475401,3.9565979202623667,0.05,1.174424321861379,-3.5453411040275995e-17,0.034116292801986074,0.07214191570493354,0,True,0.007898485666500726
1977-12-31,mom,diag,49,0.08575332298475401,10.665336974137647,0.05,1.1167193199051073,0.0,0.0972582864303793,0.05855938492685781,0,True,0.00404263084348805
1978-01-31,mom,mv,49,0.0858023458531179,3.837106492982845,0.049999999999999996,1.206045480786333,1.3877787807814457e-17,0.04693730909564006,0.06538362992064534,0,True,0.012398439604740867
1978-01-31,mom,diag,49,0.0858023458531179,10.42299883883505,0.04999999999999999,1.1256244936460156,-1.734723475976807e-17,0.11150306742554981,0.061794846705331835,0,True,0.015841383736879586
1978-02-28,mom,mv,49,0.08633617030328085,3.7037324047620377,0.05,1.1400825575005353,-3.5561831257524545e-17,0.046394766937646846,0.08222313494450456,0,True,0.01238955461541306
1978-02-28,mom,diag,49,0.08633617030328085,10.046891882099358,0.049999999999999996,1.073938673235651,0.0,0.11189498509354472,0.058859674945215226,0,True,0.015667450896660384
1978-03-31,mom,mv,49,0.08681463858475982,3.597989281350949,0.05,1.0918440433034924,5.919743861770854e-17,0.04827117320495918,0.07168634093029906,0,True,-0.013361123366887684
1978-03-31,mom,diag,49,0.08681463858475982,10.723229353501244,0.05000000000000002,0.9989544982048023,1.0408340855860843e-17,0.1181310802014677,0.060432707783678555,0,True,-0.0075903828708133855
1978-04-30,mom,mv,49,0.08642138666194278,3.420237116913336,0.05,1.0701441367771867,-1.734723475976807e-17,0.05737397503356045,0.07452920150987903,0,True,0.016030863525250197
1978-04-30,mom,diag,49,0.08642138666194278,11.23490506573095,0.05,1.008055204450508,3.469446951953614e-18,0.11941153034707333,0.05206713516512588,0,True,0.017690258977360738
1978-05-31,mom,mv,49,0.08706353743697083,3.2890344894493806,0.05,1.0798689865121125,-9.638557313396134e-17,0.11138917554462373,0.07785318906956509,0,True,0.01778394080013094
1978-05-31,mom,diag,49,0.08706353743697083,11.434166629600723,0.049999999999999996,0.97733132176418,6.938893903907228e-17,0.16176840731499567,0.053890678590160286,0,True,0.01577290036516952
1978-06-30,mom,mv,49,0.08778349895155013,3.6664037421748565,0.05,0.9784126231400301,-4.640385298237959e-17,0.10169188199103782,0.07867838237479989,0,True,0.017716345637821457
1978-06-30,mom,diag,49,0.08778349895155013,11.870673851140241,0.049999999999999996,0.9795762213461296,-1.0408340855860843e-17,0.16198376171802745,0.05446110972187253,0,True,0.011818038304691211
1978-07-31,mom,mv,49,0.08788249713883162,3.632875901569308,0.05,1.0590849837240757,-1.1058862159352145e-17,0.11375941273449765,0.06977586380684485,0,True,0.01739950244497656
1978-07-31,mom,diag,49,0.08788249713883162,12.010776422872844,0.05,0.9754889836665135,8.153200337090993e-17,0.16780486566225938,0.053806328836879594,0,True,0.018152532644733304
1978-08-31,mom,mv,49,0.08842309018560339,3.6523227860444263,0.05,0.9225658067922885,8.326672684688674e-17,0.11313995599617253,0.08375931997881028,0,True,-0.01452797038683375
1978-08-31,mom,diag,49,0.08842309018560339,11.409412668864356,0.05,0.923410544236487,1.214306433183765e-17,0.1735545714073866,0.07269298003435026,0,True,-0.01715844153027741
1978-09-30,mom,mv,49,0.08737190487455615,3.581655631102203,0.049999999999999996,0.9168348771686746,-3.469446951953614e-18,0.13429725009031235,0.07450192601687067,0,True,-0.025862316876267853
1978-09-30,mom,diag,49,0.08737190487455615,11.671554087980743,0.05,0.8684684939021364,1.3877787807814457e-17,0.19157739931899018,0.07360855083151926,0,True,-0.03897798101549917
1978-10-31,mom,mv,49,0.08610563057894081,3.5550950391353324,0.049999999999999996,0.9014639478944594,-2.949029909160572e-17,0.12704182270695535,0.08072356193839023,0,True,0.021214501411379483
1978-10-31,mom,diag,49,0.08610563057894081,12.272650575911808,0.049999999999999996,0.8089132688916535,4.5102810375396984e-17,0.19302941824481418,0.06472882945323453,0,True,0.02056158415288884
1978-11-30,mom,mv,49,0.08683619540088856,4.425591778574314,0.05000000000000001,1.125321759137601,5.377642775528102e-17,0.05103457932317764,0.0685069911256148,0,True,0.023534537913499118
1978-11-30,mom,diag,49,0.08683619540088856,10.5075188894483,0.05,0.8770864712029893,1.9081958235744878e-17,0.14077771998808608,0.09863913035856213,0,True,0.02024173854052731
1978-12-31,mom,mv,49,0.08757607474919304,4.105616721956529,0.04999999999999999,1.1227452609172168,8.673617379884035e-17,0.07236618416512099,0.07204252299380164,0,True,-0.018195529241467605
1978-12-31,mom,diag,49,0.08757607474919304,10.278979581917053,0.05,0.8812215718635894,8.673617379884035e-18,0.1586447246461506,0.109007565416148,1,True,-0.010999603201665343
1979-01-31,mom,mv,49,0.0869058183796617,4.255525333388322,0.049999999999999996,1.115974166812574,1.214306433183765e-17,0.07154945277139457,0.06205186935775771,0,True,-0.01381096914300305
1979-01-31,mom,diag,49,0.0869058183796617,10.601097941297853,0.05,0.953183306426464,-2.1250362580715887e-17,0.14993550453477553,0.09120801413455347,0,True,-0.015986858020499133
1979-02-28,mom,mv,49,0.08628691221772802,4.085801426025419,0.05,1.155482257013118,4.6471615618159934e-17,0.08989015841140278,0.05733914113343347,0,True,0.011908391457338352
1979-02-28,mom,diag,49,0.08628691221772802,10.231263229590574,0.05,1.0233384624432937,6.245004513516506e-17,0.1638736907518231,0.07807806940261287,0,True,0.014765635209705008
1979-03-31,mom,mv,49,0.08671306424264097,4.334474507844598,0.049999999999999996,1.3244310320043402,5.2909066017292616e-17,0.05284805550997215,0.05996749872688118,0,True,-0.007090222036464794
1979-03-31,mom,diag,49,0.08671306424264097,9.732365752678282,0.05,1.3093505150279217,-1.734723475976807e-17,0.09587255277240218,0.05310810052595157,0,True,-0.010973471586980347
1979-04-30,mom,mv,49,0.08631304971509852,4.304068462850799,0.049999999999999996,1.2297850892167914,3.0357660829594124e-17,0.05200190039788519,0.0648553789299372,0,True,-0.005609371604901411
1979-04-30,mom,diag,49,0.08631304971509852,10.15329068115129,0.049999999999999996,1.206896258037203,-6.938893903907228e-17,0.10606278134754177,0.06521610514039346,0,True,-0.00425250903182732
1979-05-31,mom,mv,49,0.08572832031531523,4.388797932107278,0.05,1.3000645934062272,-3.729655473350135e-17,0.0395703127074818,0.10000000000953425,1,True,0.0024743373145509557
1979-05-31,mom,diag,49,0.08572832031531523,9.40696949998236,0.05,1.255135562991234,1.7694179454963432e-16,0.09138181793174345,0.06047356140716343,0,True,0.0064339081500463455
1979-06-30,mom,mv,49,0.08575266333940437,4.478057459004592,0.05000000000000001,1.254145194500894,-9.172350379227368e-17,0.014617028452795134,0.09944638191938629,0,True,-0.00946900551960184
1979-06-30,mom,diag,49,0.08575266333940437,9.527533733722752,0.049999999999999996,1.3087805666172245,-5.204170427930421e-17,0.04103280583723589,0.0855835452053311,0,True,-0.0034691032176288866
1979-07-31,mom,mv,49,0.08550027246612049,3.6876588750625103,0.05,1.2960084857777996,0.0,0.012375566336691159,0.0999999999968258,1,True,-0.0036768318392782794
1979-07-31,mom,diag,49,0.08550027246612049,10.201155990233891,0.05,1.2349444594498042,6.938893903907228e-18,0.008200550211186748,0.08548504557919129,0,True,-0.005269790070141209
1979-08-31,mom,mv,49,0.08524045916003585,3.691739225174811,0.05,1.2701322366121723,1.3010426069826053e-17,-0.011251878448925558,0.10000000000993721,1,True,0.02584522249495168
1979-08-31,mom,diag,49,0.08524045916003585,10.359731711874664,0.05,1.240084708475462,-3.8163916471489756e-17,-0.03466793842793434,0.08363939719023399,0,True,0.02196105970636193
1979-09-30,mom,mv,49,0.08564605568197121,4.0544173368514755,0.05,1.3469350670990796,3.469446951953614e-18,0.04337308750528373,0.09999999996844328,1,True,-0.001198303387919345
1979-09-30,mom,diag,49,0.08564605568197121,10.316216749530911,0.04999999999999999,1.2906309162148726,-9.540979117872439e-18,0.04795984288699649,0.07628222753923092,0,True,-0.000998285594736464
1979-10-31,mom,mv,49,0.08533760020913499,3.767765811309217,0.05,1.167175596638116,4.336808689942018e-17,0.10521313950313828,0.1000000000093852,2,True,0.037771063534326695
1979-10-31,mom,diag,49,0.08533760020913499,11.758405678082378,0.04999999999999999,1.128974913895706,-6.245004513516506e-17,0.14489833422234216,0.05501702428530416,0,True,0.039518345778597544
1979-11-30,mom,mv,49,0.08622541882597912,3.8639871212578085,0.05,1.0885001611018075,2.42861286636753e-17,0.05789539033526044,0.09999999999046483,3,True,0.04454587362565854
1979-11-30,mom,diag,49,0.08622541882597912,10.618145182288245,0.05000000000000002,1.1046669223089305,-4.336808689942018e-17,0.09923572719390791,0.07051432580061678,0,True,0.03644047279816155
1979-12-31,mom,mv,49,0.08694731563445099,3.947066437646152,0.05,1.0404710681848772,1.0408340855860843e-17,0.07206839968634168,0.1000000000049718,2,True,0.03855490080310939
1979-12-31,mom,diag,49,0.08694731563445099,11.772274023389727,0.049999999999999996,1.0468843327452741,-2.0816681711721685e-17,0.11417913208600457,0.06954253417417337,0,True,0.04329652561401964
1980-01-31,mom,mv,49,0.08763589655054038,3.7777995589670432,0.05,1.0316953716594153,1.3877787807814457e-17,0.08159812910220918,0.0991604121438558,0,True,0.02772387481874901
1980-01-31,mom,diag,49,0.08763589655054038,11.496437049947547,0.05,1.0174747458133262,-2.688821387764051e-17,0.13353942212714026,0.060694742843448155,0,True,0.021056187122738827
1980-02-29,mom,mv,49,0.08804279531923787,3.7010765413339652,0.05,0.9595595936189718,-2.42861286636753e-17,0.0992407668718313,0.10000000000322923,2,True,-0.03338706596816376
1980-02-29,mom,diag,49,0.08804279531923787,12.853786522661904,0.05,1.0128707698468995,-4.423544863740858e-17,0.14585324348916665,0.06088126081820561,0,True,-0.0400578615195025
1980-03-31,mom,mv,49,0.08689125267857367,3.273790291558185,0.049999999999999996,0.936177085398592,4.163336342344337e-17,0.08215836818465438,0.1000000000099442,2,True,0.005624915712182948
1980-03-31,mom,diag,49,0.08689125267857367,11.462070761443114,0.05000000000000002,0.9740139088850648,-2.688821387764051e-17,0.13539373035975266,0.05881087260147397,0,True,-0.0015225959084403087
1980-04-30,mom,mv,49,0.0866177166140256,4.0019925068645685,0.049999999999999996,1.0832215981702549,2.42861286636753e-17,0.047054904025626836,0.08064777709616026,0,True,-0.009921433322797176
1980-04-30,mom,diag,49,0.0866177166140256,11.443971318277718,0.05000000000000001,1.038573648798185,3.122502256758253e-17,0.10385107768212307,0.06613345629788903,0,True,-0.013143252496418907
1980-05-31,mom,mv,49,0.08629119982395975,4.128415144370987,0.05000000000000002,1.0540982848297493,-5.898059818321144e-17,0.037604968402830556,0.08967978503788614,0,True,0.03183585629694999
1980-05-31,mom,diag,49,0.08629119982395975,11.103780934388256,0.05,1.0520745575567716,-1.1405806854547507e-16,0.09189204533250873,0.06054985358335509,0,True,0.027840827911227228
1980-06-30,mom,mv,49,0.08660919342442351,4.21098694291997,0.04999999999999999,1.0475449800177414,2.7755575615628914e-17,0.04171003239710184,0.08188754135265028,0,True,0.0025438379459573625
1980-06-30,mom,diag,49,0.08660919342442351,10.577586334556607,0.05,1.0885490745906206,9.90960785651751e-17,0.10597668499284993,0.06169444213360897,0,True,0.011663547209267865
1980-07-31,mom,mv,49,0.08662517300052884,3.3952093730467214,0.04999999999999999,0.9571804780496661,-1.3877787807814457e-17,0.03812874307139784,0.09999999999021886,1,True,0.00658811985442645
1980-07-31,mom,diag,49,0.08662517300052884,8.541576530022628,0.05000000000000001,1.0330237067745638,-8.586881206085195e-17,0.09104767886460274,0.05857197077165051,0,True,0.013924174226607461
1980-08-31,mom,mv,49,0.08696746548941514,3.6995635879100086,0.05,0.8977792350881358,2.42861286636753e-17,0.05937194743328527,0.09999999999025154,1,True,0.027651192030487232
1980-08-31,mom,diag,49,0.08696746548941514,9.91667138587954,0.05000000000000001,0.9432287782727289,-1.8214596497756474e-16,0.12575363700381653,0.07006795368267728,0,True,0.02958322623431055
1980-09-30,mom,mv,49,0.08791024776908325,4.045414597808713,0.05,0.813540548045376,6.245004513516506e-17,0.057024302823709135,0.09999999999012046,1,True,0.015772932937581665
1980-09-30,mom,diag,49,0.08791024776908325,10.975509163356856,0.05,0.9055441215246477,-1.1622647289044608e-16,0.1359676243134334,0.06836663166505279,0,True,0.01816290716115661
1980-10-31,mom,mv,49,0.08843656884085475,3.4458254220771445,0.05,0.7787241783937653,1.9081958235744878e-17,0.08678785699485901,0.09999999999012855,1,True,0.013391730529447227
1980-10-31,mom,diag,49,0.08843656884085475,10.588063950301713,0.05,0.879486389502335,-7.806255641895632e-17,0.1548429930988433,0.060051327153415386,0,True,0.03042510737531185
1980-11-30,mom,mv,49,0.08920404182928751,3.760374238402774,0.049999999999999996,0.8564144936607695,-8.673617379884035e-19,0.0762646478233675,0.09999999999013387,1,True,-0.023016660279432062
1980-11-30,mom,diag,49,0.08920404182928751,10.527520997115618,0.05,0.8337932850915967,6.938893903907228e-18,0.16007856380086377,0.07763790704611694,0,True,-0.025696028570277328
1980-12-31,mom,mv,49,0.0882116693745892,3.9256107036544368,0.049999999999999996,0.9047175730868063,3.0791341698588326e-17,0.08348192144643325,0.08868884402963877,0,True,-0.03184227157206265
1980-12-31,mom,diag,49,0.0882116693745892,12.337774570958102,0.05,0.8943398363529029,-2.42861286636753e-17,0.16390489335068523,0.06870479590466187,0,True,-0.035450738677832536
1981-01-31,mom,mv,49,0.08710152331817778,3.55808064770454,0.05,1.0160295829596435,-1.734723475976807e-17,0.07023526322368984,0.07875033998080663,0,True,-0.012391011005751662
1981-01-31,mom,diag,49,0.08710152331817778,10.07189703807236,0.05,0.9863992461114899,5.551115123125783e-17,0.1507708726009603,0.062111852409703745,0,True,-0.019556566212816404
1981-02-28,mom,mv,49,0.08634528125758689,3.6806296342904763,0.05,1.056090035922952,4.5102810375396984e-17,0.06170062106391933,0.0904148661414679,0,True,0.0018663952343275655
1981-02-28,mom,diag,49,0.08634528125758689,8.937607104665743,0.05,1.092966058651819,-6.938893903907228e-17,0.12714459022234942,0.06743961869742839,0,True,0.0011602539981677232
1981-03-31,mom,mv,49,0.08633251994964258,3.5565730875387525,0.05,1.156191911870167,4.163336342344337e-17,0.1245628501271501,0.05889090405020468,0,True,0.002162405778671106
1981-03-31,mom,diag,49,0.08633251994964258,10.328418573718233,0.05000000000000001,1.0093774511466067,-4.85722573273506e-17,0.1857873431430625,0.07955948845398768,0,True,0.00608023610609323
1981-04-30,mom,mv,49,0.08645571785583037,3.496119155654999,0.05,1.0855519957529978,1.3877787807814457e-16,0.16788514081216396,0.08497938483908496,0,True,0.011921629672029414
1981-04-30,mom,diag,49,0.08645571785583037,11.32786453928134,0.05,0.9625456291983325,-1.734723475976807e-17,0.2241919106304194,0.05931226153634494,0,True,0.011158342430759017
1981-05-31,mom,mv,49,0.08665827640286633,3.4820985526947212,0.05,1.0457856784686166,-3.469446951953614e-18,0.14721405687951197,0.07659573719404097,0,True,-0.02368531945140322
1981-05-31,mom,diag,49,0.08665827640286633,11.012674596594369,0.05,1.0115243786202148,2.7755575615628914e-17,0.21456009130113166,0.06303651285951868,0,True,-0.026055302960401143
1981-06-30,mom,mv,49,0.08578534074261282,3.418497647304226,0.05,0.9543186260632429,-1.0408340855860843e-17,0.11776109314453725,0.08054477708226994,0,True,-0.008725870027339136
1981-06-30,mom,diag,49,0.08578534074261282,9.946971143895388,0.05,0.9977393674115967,-8.673617379884035e-17,0.19253913147050067,0.06172260820974948,0,True,-0.011172649136058655
1981-07-31,mom,mv,49,0.08537941244277841,4.2650367630536,0.05,1.0637296682224204,2.7755575615628914e-17,0.06721146827606084,0.07224680325747908,0,True,-0.00808236801536699
1981-07-31,mom,diag,49,0.08537941244277841,9.740579927481487,0.05,1.1087704068715107,-2.0816681711721685e-17,0.13505363579043794,0.0711441266518956,0,True,-0.006176516360739647
1981-08-31,mom,mv,49,0.08527804380197164,4.376121328099967,0.05,1.1522000860209214,-5.204170427930421e-17,0.0438011365473113,0.06931623335017724,0,True,0.007094869005368481
1981-08-31,mom,diag,49,0.08527804380197164,8.913191858631313,0.05,1.2530711214364778,-5.551115123125783e-17,0.08228525191842599,0.06683293552242066,0,True,0.007662038994610349
1981-09-30,mom,mv,49,0.08541555205783243,4.414573098087254,0.05,1.2344309049068838,-2.7755575615628914e-17,-0.03489033090323258,0.07101473136094497,0,True,0.026963539995171804
1981-09-30,mom,diag,49,0.08541555205783243,9.556676029256295,0.05,1.2229685719782097,2.949029909160572e-17,-0.06044532747204035,0.056370327090319354,0,True,0.021315385349027705
1981-10-31,mom,mv,49,0.08558472955255463,3.887667551262027,0.05000000000000002,1.1652892347860566,-2.3418766925686896e-17,-0.0633676555508577,0.10000000000989126,1,True,-0.000856198738300083
1981-10-31,mom,diag,49,0.08558472955255463,11.43293230910045,0.05,1.0121115854513134,3.642919299551295e-17,-0.11692485381417482,0.06420895986555542,0,True,0.0029085306982513433
1981-11-30,mom,mv,49,0.08545788490136652,3.6167841592907592,0.05000000000000001,1.1445128945513472,-1.9081958235744878e-17,-0.06197104199687152,0.10000000000978614,1,True,-0.00766139970848134
1981-11-30,mom,diag,49,0.08545788490136652,11.939217041931004,0.05000000000000001,1.005668594237717,-4.85722573273506e-17,-0.11601497225995464,0.05661386060558288,0,True,-0.0027551859656828504
1981-12-31,mom,mv,49,0.08514598224007135,3.6023931985868027,0.04999999999999999,1.2122985849253232,4.163336342344337e-17,-0.06718693535457242,0.10000000000990655,1,True,-0.0025550226403298682
1981-12-31,mom,diag,49,0.08514598224007135,11.920077077080883,0.05,1.037367665975171,2.7755575615628914e-17,-0.11930483404048385,0.054677086663246804,0,True,0.010131163379241493
1982-01-31,mom,mv,49,0.08543367598835469,3.8500523356014247,0.05000000000000001,1.1906473140455538,3.3393426912553537e-17,-0.06226760777170824,0.10000000000997827,1,True,0.00455268990310339
1982-01-31,mom,diag,49,0.08543367598835469,11.477680057828476,0.05,1.090217346737127,6.938893903907228e-17,-0.11551887828262473,0.05938194147430624,0,True,0.019013344981977626
1982-02-28,mom,mv,49,0.08595925736130923,3.8132333214024836,0.05000000000000001,1.2142276302951909,-2.6020852139652106e-17,-0.06749564740901397,0.09999999999010356,1,True,0.012041856313481458
1982-02-28,mom,diag,49,0.08595925736130923,11.48618684092586,0.05,1.1268681612055302,3.469446951953614e-18,-0.11440758806421308,0.05091514685122742,0,True,0.026218906477648504
1982-03-31,mom,mv,49,0.08658403967264264,3.561240214333808,0.05,1.173015074651078,-8.586881206085195e-17,-0.12077081143090909,0.09999999999012246,1,True,0.00273235935819385
1982-03-31,mom,diag,49,0.08658403967264264,12.866732685260262,0.05000000000000001,1.047221739965703,5.898059818321144e-17,-0.16969329872033018,0.046838602635446654,0,True,0.0055582050510954405
1982-04-30,mom,mv,49,0.08671158703496633,3.492270825385652,0.05,1.108339518476623,1.734723475976807e-18,-0.13702862803578075,0.09787253045524968,0,True,0.014508522372148709
1982-04-30,mom,diag,49,0.08671158703496633,13.390510375471552,0.049999999999999996,0.9901738782910335,3.469446951953614e-18,-0.17865596536096365,0.04769187153100398,0,True,0.011798942137557755
1982-05-31,mom,mv,49,0.08720939351902969,3.51765356648925,0.05,1.0635305544593137,4.336808689942018e-18,-0.10924617085322644,0.10000000000991627,1,True,0.017043091064001537
1982-05-31,mom,diag,49,0.08720939351902969,13.43507377994608,0.05,1.0015071469956502,-6.591949208711867e-17,-0.17595819199934581,0.061390944755975556,0,True,0.025642165423586192
1982-06-30,mom,mv,49,0.0879262284023637,3.5021053204201826,0.05,1.1677630010732518,9.71445146547012e-17,-0.12895370553021768,0.09481018258194884,0,True,0.016310106978536864
1982-06-30,mom,diag,49,0.0879262284023637,13.468786736368724,0.05000000000000002,0.9728123728198262,3.9898639947466563e-17,-0.17338444513207188,0.061337107517303556,0,True,0.02076065044043487
1982-07-31,mom,mv,49,0.08830557369886202,3.341939563409778,0.05,1.015346750885444,-1.496198998029996e-17,-0.10448336782269516,0.07817458633498209,0,True,-0.04419138498775035
1982-07-31,mom,diag,49,0.08830557369886202,13.985637760173187,0.05000000000000001,0.9356865120509781,-3.642919299551295e-17,-0.15568181561906194,0.051140770289940025,0,True,-0.02429208845669181
1982-08-31,mom,mv,49,0.08763808578002473,3.2413302289814947,0.05,0.894071326826164,-2.7321894746634712e-17,-0.09300155097700338,0.0999999999900976,1,True,0.0014748906140869345
1982-08-31,mom,diag,49,0.08763808578002473,13.709543347759967,0.05,0.8817511853334925,9.540979117872439e-18,-0.13713788831768944,0.06037990738203812,0,True,0.013130652125636603
1982-09-30,mom,mv,49,0.08780032710106941,3.4218282358135963,0.05,1.0857547627130175,-4.8138576458356397e-17,-0.059681498694517825,0.07537740123704714,0,True,-0.016141847345382068
1982-09-30,mom,diag,49,0.08780032710106941,13.226947214387074,0.05,0.9400282039309912,3.122502256758253e-17,-0.11570152215609028,0.0562037831149133,0,True,-0.009603928571652664
1982-10-31,mom,mv,49,0.08732939594702613,3.2902696782576384,0.05,1.0791602398923876,1.952919163189515e-17,-0.07096212300050041,0.07952576083378338,0,True,0.013463018908461523
1982-10-31,mom,diag,49,0.08732939594702613,13.449418240603835,0.05000000000000001,0.939653017879169,1.214306433183765e-17,-0.12463715067928516,0.06069920581592926,0,True,0.010862053715743843
1982-11-30,mom,mv,49,0.08730556713963783,3.3665004618915675,0.05000000000000001,1.1025178042239532,-1.2874900798265365e-17,-0.008347455400461773,0.0654871443543684,0,True,-0.012757382626295888
1982-11-30,mom,diag,49,0.08730556713963783,12.580103726158917,0.05,0.9668571160651384,5.551115123125783e-17,-0.04909212204971563,0.07173398070585267,0,True,-0.016296916546645467
1982-12-31,mom,mv,49,0.08679272444719366,3.3323756613985447,0.05,1.0417234482004873,4.5102810375396984e-17,0.021577929990184663,0.07077360246611133,0,True,-0.02256446721712236
1982-12-31,mom,diag,49,0.08679272444719366,12.410493575943233,0.049999999999999996,0.9454198522579765,3.642919299551295e-17,-0.009322724845302936,0.07124584224181472,0,True,-0.021272480706665393
1983-01-31,mom,mv,49,0.08609487408162403,3.7812522997423046,0.049999999999999996,1.0390179834971636,1.0408340855860843e-17,0.025547744289693166,0.06255978394790612,0,True,0.006540503707429219
1983-01-31,mom,diag,49,0.08609487408162403,11.198350818722542,0.049999999999999996,1.0507215246777248,-4.4885969940899884e-17,0.006065057760598537,0.06691977952290733,0,True,0.021428801258707157
1983-02-28,mom,mv,49,0.08646718103414756,4.1699962742309555,0.05,0.8940042573450636,2.6020852139652106e-17,0.048088354861234986,0.08665736610526541,0,True,0.010182246506111247
1983-02-28,mom,diag,49,0.08646718103414756,9.857000944110382,0.05,1.1223760991614162,3.122502256758253e-17,0.08762919642191071,0.06296481958412062,0,True,0.00782463936201541
1983-03-31,mom,mv,49,0.08656924630268273,3.799540722115015,0.049999999999999996,1.0424604814838057,2.0816681711721685e-17,0.08197701574135405,0.07160491849387532,0,True,0.009493024568877989
1983-03-31,mom,diag,49,0.08656924630268273,10.984217999921501,0.049999999999999996,1.1251680898949339,-7.546047120499111e-17,0.12233428193787983,0.05994639035452122,0,True,0.005781577584760817
1983-04-30,mom,mv,49,0.0867359719387586,3.9345874357405286,0.05000000000000001,1.0228266578462555,2.2985086056692694e-17,0.07539803283001749,0.0646967094576356,0,True,-0.00699186077487196
1983-04-30,mom,diag,49,0.0867359719387586,10.686517842428009,0.05000000000000002,1.1221256597805367,3.5561831257524545e-17,0.10763035942518756,0.058411437641323845,0,True,-0.007898376906645596
1983-05-31,mom,mv,49,0.0865280845768741,4.119397233678598,0.05,1.0139597776845297,3.469446951953614e-17,0.09726551227451043,0.0662970719060712,0,True,0.0012654002714760299
1983-05-31,mom,diag,49,0.0865280845768741,10.165314660645983,0.05,1.1584808016253492,-2.949029909160572e-17,0.12632622624854936,0.049420623837963085,0,True,0.008826783572312482
1983-06-30,mom,mv,49,0.08658686248415261,3.894613479464807,0.05,1.0192411872277753,1.3877787807814457e-17,0.12416390444712593,0.07530250223917367,0,True,-0.011058509608614913
1983-06-30,mom,diag,49,0.08658686248415261,9.533053152084529,0.05,1.1490580285317635,3.122502256758253e-17,0.1958672972754392,0.03819672684240645,0,True,-0.014126337873485368
1983-07-31,mom,mv,49,0.08601556678639001,4.0542725655841245,0.05000000000000001,1.0576879429116475,1.1275702593849246e-16,0.14398072332666806,0.06769861692273452,0,True,-0.015164827694062402
1983-07-31,mom,diag,49,0.08601556678639001,10.738571509382437,0.05,1.1276418761296874,3.122502256758253e-17,0.21387476337462966,0.04475579989861293,0,True,-0.02053331101175894
1983-08-31,mom,mv,49,0.08525220355657147,3.8094093556166606,0.05,1.231517091535743,-6.245004513516506e-17,0.13371768803229023,0.07356216857599518,0,True,-0.011285940350467693
1983-08-31,mom,diag,49,0.08525220355657147,10.839774654075956,0.05000000000000001,1.2187415838964581,0.0,0.19415077317791904,0.05367251266500136,0,True,-0.009439881163169824
1983-09-30,mom,mv,49,0.08486898134174074,3.852091188532859,0.049999999999999996,1.2702620718029944,-5.637851296924623e-17,0.12486690850096274,0.07776456396419995,0,True,-0.017406716562148206
1983-09-30,mom,diag,49,0.08486898134174074,10.702769658290991,0.05,1.210594749308161,5.204170427930421e-17,0.19387768537759448,0.05113961126780852,0,True,-0.02762953993013613
1983-10-31,mom,mv,49,0.08400384714762517,4.09275312388512,0.05,1.4006078844879204,2.168404344971009e-17,0.06312499029668804,0.07907980362396852,0,True,-0.004551056466471131
1983-10-31,mom,diag,49,0.08400384714762517,9.22916836911432,0.05,1.3474995171506294,-1.0408340855860843e-17,0.12552165675551924,0.0774499581954471,0,True,0.004343138981130848
1983-11-30,mom,mv,49,0.08402340556832172,4.312919846880846,0.05000000000000001,1.2937735554125684,-3.469446951953614e-18,-0.025338052129355693,0.07662614839107035,0,True,-0.00509373105623866
1983-11-30,mom,diag,49,0.08402340556832172,8.433275662939632,0.049999999999999996,1.3265789881352514,4.163336342344337e-17,-0.07863825627733378,0.06402969783840703,0,True,-0.0052168053116569656
1983-12-31,mom,mv,49,0.08386975220413116,4.365457931835566,0.04999999999999999,1.2345256946417997,0.0,0.016989459043871148,0.08228237894502595,0,True,-0.011678929986226423
1983-12-31,mom,diag,49,0.08386975220413116,8.40522035563644,0.05000000000000001,1.3605130446909903,0.0,0.008111392807022607,0.07254251609586948,0,True,-0.012092403082000304
1984-01-31,mom,mv,49,0.08343259618663838,4.500900211453212,0.05,1.3228478939646797,4.336808689942018e-17,-0.007335953548855856,0.07733899262006383,0,True,-0.023675656668047437
1984-01-31,mom,diag,49,0.08343259618663838,9.053990385875032,0.05,1.3060376461455474,-3.469446951953614e-17,-0.06798675067008383,0.06599524848169955,0,True,-0.01992573490742867
1984-02-29,mom,mv,49,0.08280950051088791,4.20328825707466,0.05,1.3876034337910272,-6.245004513516506e-17,-0.052611750217009805,0.08434974923862311,0,True,-0.0025757910634222037
1984-02-29,mom,diag,49,0.08280950051088791,9.748036087399408,0.04999999999999999,1.2642292882109418,6.938893903907228e-18,-0.14408023521205598,0.06666474201785501,0,True,-0.0022461117224053884
1984-03-31,mom,mv,49,0.08260998402777384,4.133914283954185,0.05,1.2793134748975603,9.367506770274758e-17,-0.08410429964621835,0.0921267253179477,0,True,0.008684463948399418
1984-03-31,mom,diag,49,0.08260998402777384,9.917822158577474,0.05,1.2099820789446998,1.3877787807814457e-17,-0.16073330261771807,0.06464777380745519,0,True,0.0069142656478866004
1984-04-30,mom,mv,49,0.08271786590282286,4.0656747582006725,0.05000000000000001,1.2922868136940626,-6.938893903907228e-18,-0.08518055375920017,0.09170539518076568,0,True,0.013572405485308218
1984-04-30,mom,diag,49,0.08271786590282286,9.850492942138303,0.05,1.2126506343135,-3.469446951953614e-17,-0.13734813623717962,0.06844516793002288,0,True,0.007911059303607377
1984-05-31,mom,mv,49,0.08273779074134324,4.05414213451401,0.05,1.2101317107322471,-3.469446951953614e-18,-0.12009476452342535,0.09933347505479452,0,True,0.004228939487368999
1984-05-31,mom,diag,49,0.08273779074134324,9.919099688462829,0.05,1.0704787030588505,4.163336342344337e-17,-0.21775611577020842,0.0597409829817058,0,True,-0.0014852117721291024
1984-06-30,mom,mv,49,0.08254007075666812,3.610002885951425,0.05,1.0838396874422789,-6.938893903907228e-18,-0.15860658766839233,0.09999999998515728,3,True,0.014014519171153457
1984-06-30,mom,diag,49,0.08254007075666812,10.500309459115979,0.05000000000000002,1.034267267335064,2.7755575615628914e-17,-0.23714231266295033,0.06413115629774277,0,True,0.012056755932573885
1984-07-31,mom,mv,49,0.08263468481070192,3.9164321185139728,0.05,1.2544254952888345,-2.0816681711721685e-17,-0.14214419316634608,0.09999999999016926,1,True,-0.013267423453629728
1984-07-31,mom,diag,49,0.08263468481070192,10.307152635846318,0.05,1.038612369427399,-6.938893903907228e-18,-0.23150933265349602,0.0725838883224599,0,True,-0.019968105963376243
1984-08-31,mom,mv,49,0.0819699449319976,3.8649280748136476,0.049999999999999996,1.1889230480426936,-1.734723475976807e-18,-0.1183786836931557,0.09999999999110509,1,True,0.00956705214990676
1984-08-31,mom,diag,49,0.0819699449319976,10.555344961846655,0.05,1.013260064745217,1.3877787807814457e-17,-0.18759582065564331,0.05773447873076489,0,True,0.013573894184935096
1984-09-30,mom,mv,49,0.0822017564965739,4.221777436323722,0.05,1.3230976952665787,-2.7755575615628914e-17,-0.09831212926154753,0.09731016844195305,0,True,0.012176234941589316
1984-09-30,mom,diag,49,0.0822017564965739,9.549632748843612,0.049999999999999996,1.1668589739350204,6.938893903907228e-18,-0.17422816257507198,0.05548753533047967,0,True,0.022095174471264478
1984-10-31,mom,mv,49,0.08282772810987565,4.521455995639328,0.05,1.324763412150383,-7.979727989493313e-17,-0.09380887071500234,0.09866373704032912,0,True,-0.012475213976341357
1984-10-31,mom,diag,49,0.08282772810987565,8.981536435442223,0.05,1.2727741274768485,-3.469446951953614e-17,-0.17416792189096852,0.06693117606093538,0,True,-0.0006187530759893728
1984-11-30,mom,mv,49,0.08275816385889422,4.025244893830755,0.05000000000000002,1.258036033659487,-5.551115123125783e-17,-0.12390293085759883,0.07792125193945784,0,True,0.009365940621971337
1984-11-30,mom,diag,49,0.08275816385889422,10.317421578863152,0.05,1.1077164074504335,9.020562075079397e-17,-0.19808742136827537,0.04730663565397892,0,True,0.012177945521395072
1984-12-31,mom,mv,49,0.08310409865529898,3.764105070451325,0.05000000000000001,1.2693186783155885,1.3183898417423734e-16,-0.1513047418225854,0.0686798127153869,0,True,-0.027341909818356467
1984-12-31,mom,diag,49,0.08310409865529898,11.19131663939957,0.05,1.066711726977433,-3.469446951953614e-17,-0.21567969963545577,0.043810949779480364,0,True,-0.03385431358926827
1985-01-31,mom,mv,49,0.08212748679924566,3.7038030019360924,0.049999999999999996,1.1958089607066524,-1.3877787807814457e-17,-0.11521687338081776,0.0758278771862965,0,True,0.01227013250052278
1985-01-31,mom,diag,49,0.08212748679924566,11.443213414764381,0.05,1.0376251369351546,2.7755575615628914e-17,-0.17337074882155887,0.042794845052392824,0,True,0.013025077639475984
1985-02-28,mom,mv,49,0.08262635883967379,3.70872064329696,0.05,1.1117678646388074,-2.168404344971009e-17,-0.035237654006707426,0.0837686103899387,0,True,-0.01869216516994496
1985-02-28,mom,diag,49,0.08262635883967379,10.380186422451928,0.05,1.0678627745679714,3.469446951953614e-17,-0.07781617276272651,0.06853370049608613,0,True,-0.004692561627382045
1985-03-31,mom,mv,49,0.08255520561836029,3.7311389909514747,0.05,1.067657330258595,-1.5612511283791264e-17,-0.05610793926735183,0.09080513209413058,0,True,-0.0030265416163310476
1985-03-31,mom,diag,49,0.08255520561836029,10.470341070170887,0.05000000000000001,1.01696341021256,3.946495907847236e-17,-0.10304240819233516,0.05287329970887461,0,True,0.0043743824045517615
1985-04-30,mom,mv,49,0.08273901385507765,3.6578509400000385,0.05000000000000001,1.3008821079294735,6.938893903907228e-18,-0.09922289836319986,0.08254920265229793,0,True,0.004804902430713816
1985-04-30,mom,diag,49,0.08273901385507765,11.2944347853583,0.05,1.1256548374766782,2.949029909160572e-17,-0.14877390561093515,0.04837031788671835,0,True,0.018121898897952456
1985-05-31,mom,mv,49,0.08317450903408517,3.6998091245495206,0.05,1.2567463385853088,-2.0816681711721685e-17,-0.08112966395627731,0.09591986460280746,0,True,0.012951939124178807
1985-05-31,mom,diag,49,0.08317450903408517,11.487499281689098,0.05,1.0929296645242017,-1.0581813203458523e-16,-0.12550133486905063,0.055079596018842686,0,True,0.014168592775635563
1985-06-30,mom,mv,49,0.08373733008315067,3.639287190010513,0.05,1.3609097879767464,1.0408340855860843e-17,-0.07312363929454502,0.07052076937089331,0,True,-0.028608061691073494
1985-06-30,mom,diag,49,0.08373733008315067,11.7671985109563,0.05,1.1104693606016196,2.0816681711721685e-17,-0.12815120034640423,0.05857966291869039,0,True,-0.030236758444910892
1985-07-31,mom,mv,49,0.08276519377050925,3.574095517661654,0.05,1.4822955409548926,6.245004513516506e-17,-0.05082930364578888,0.06608882624460657,0,True,0.016187035370157865
1985-07-31,mom,diag,49,0.08276519377050925,11.514530853701892,0.04999999999999999,1.1667661681509078,-4.5102810375396984e-17,-0.11589924368915956,0.06332867268907234,0,True,0.012981213298222709
1985-08-31,mom,mv,49,0.08319677512815012,3.6422153727239737,0.05,1.4732974087674653,0.0,-0.07188889999730944,0.06297905601803079,0,True,-0.0025226269452431355
1985-08-31,mom,diag,49,0.08319677512815012,11.495427288489408,0.05000000000000001,1.1679380442033491,5.551115123125783e-17,-0.13929133516122658,0.06245399020221129,0,True,0.004874545824456705
1985-09-30,mom,mv,49,0.08317599786671893,3.9427322885472553,0.049999999999999996,1.534201878936861,1.734723475976807e-17,-0.051446489004272414,0.07777855795374888,0,True,0.02447207248423977
1985-09-30,mom,diag,49,0.08317599786671893,10.813464126519722,0.05,1.2458749294771858,-3.469446951953614e-17,-0.12579938498449772,0.04858132060647678,0,True,0.02810628983610857
1985-10-31,mom,mv,49,0.08379604225801972,3.9977880499677645,0.05,1.396545874287884,-5.551115123125783e-17,-0.061231249905378295,0.10000000000762657,1,True,-0.008517429374482443
1985-10-31,mom,diag,49,0.08379604225801972,10.856749316046477,0.05000000000000001,1.202138811244739,-4.163336342344337e-17,-0.1516734856910792,0.057648275543085555,0,True,-0.0028009302923885
1985-11-30,mom,mv,49,0.08353704634905285,3.8938204502257623,0.04999999999999999,1.3855056360892464,3.469446951953614e-17,-0.05852041933873668,0.09999999999010432,1,True,-0.003906683227130688
1985-11-30,mom,diag,49,0.08353704634905285,11.040783681422006,0.049999999999999996,1.2283619639012118,6.938893903907228e-17,-0.12277440092983882,0.051080672874061164,0,True,0.005313356922222274
1985-12-31,mom,mv,49,0.08354822180083081,3.996747613038517,0.05,1.3645071206476866,5.551115123125783e-17,-0.05236557796006404,0.09984232026241213,0,True,0.002398186340497236
1985-12-31,mom,diag,49,0.08354822180083081,10.644819531514557,0.05,1.2373375825731086,-1.3877787807814457e-17,-0.12159045708066998,0.054389480334350176,0,True,0.00544439284695141
1986-01-31,mom,mv,49,0.08358752206221537,3.7777034444627438,0.05000000000000001,1.3791375409159228,-6.938893903907228e-18,-0.10962622890982868,0.09827463756402013,0,True,0.011003287346045538
1986-01-31,mom,diag,49,0.08358752206221537,11.640427116538424,0.05000000000000001,1.1179280305293577,5.898059818321144e-17,-0.1779020119206542,0.05540874163376065,0,True,0.01210384663664046
1986-02-28,mom,mv,49,0.08377354303871219,3.939208773863747,0.05,1.429784863102325,-3.469446951953614e-18,-0.08624695468646403,0.08459971431985053,0,True,0.0029512758205596824
1986-02-28,mom,diag,49,0.08377354303871219,11.236955856916799,0.05,1.1795472535153884,-2.7755575615628914e-17,-0.15513449744904878,0.04908602297443504,0,True,0.012822807358508301
1986-03-31,mom,mv,49,0.08395215344227575,3.9025862885698417,0.05000000000000001,1.3567747287698178,5.551115123125783e-17,-0.030558456697008227,0.07325892624066414,0,True,0.00605891094650777
1986-03-31,mom,diag,49,0.08395215344227575,11.839648587051693,0.05,1.196795527638974,-9.020562075079397e-17,-0.06818579044583946,0.046271760356470654,0,True,0.0007069142700371328
1986-04-30,mom,mv,49,0.08388549265450257,3.97090736753573,0.049999999999999996,1.3759539559780878,-4.85722573273506e-17,-0.012373897875779834,0.07745419725472494,0,True,0.009750041033686667
1986-04-30,mom,diag,49,0.08388549265450257,11.644909599882524,0.05,1.1751266455651699,-5.551115123125783e-17,-0.05931612128964756,0.04798873633696068,0,True,0.01773707662041512
1986-05-31,mom,mv,49,0.08446020070114776,4.156317941932248,0.05,1.3337824725135459,4.163336342344337e-17,-0.013097938388746753,0.06811142074966703,0,True,0.027965581204791166
1986-05-31,mom,diag,49,0.08446020070114776,10.837130562388161,0.049999999999999996,1.1911492817658735,1.0408340855860843e-17,-0.050048148430125096,0.048009064585715584,0,True,0.03230825935671756
1986-06-30,mom,mv,49,0.08522412990177636,4.1052729780220805,0.05,1.3696969956508318,3.469446951953614e-18,-0.009711481792075326,0.06928596699294923,0,True,-0.021701072159510285
1986-06-30,mom,diag,49,0.08522412990177636,11.320023758817014,0.05000000000000002,1.2365108668976101,1.0408340855860843e-17,-0.0654683049583303,0.04896865954975538,0,True,-0.004121194925285441
1986-07-31,mom,mv,49,0.08514710326566378,3.701038158365179,0.05,1.2059879936720674,1.0408340855860843e-17,-0.03528884672676829,0.0605860090219746,0,True,-0.029482207956751952
1986-07-31,mom,diag,49,0.08514710326566378,12.149276191905702,0.04999999999999999,1.1368507340514842,-6.071532165918825e-17,-0.09587608436361802,0.03805022839069822,0,True,-0.029322771099543423
1986-08-31,mom,mv,49,0.08421720542727343,3.528871184270384,0.049999999999999996,1.1794059288020848,6.938893903907228e-18,-0.07647194735370517,0.0942838941558612,0,True,-0.038815020277742446
1986-08-31,mom,diag,49,0.08421720542727343,12.466020633748741,0.05,1.0927530335577544,4.85722573273506e-17,-0.13072777903691202,0.045625324288787586,0,True,-0.03705017131572824
1986-09-30,mom,mv,49,0.0831551060057634,3.4101195121021988,0.049999999999999996,1.1657201174673641,3.469446951953614e-17,-0.024399696231162504,0.09999999999003399,1,True,0.024673177961168143
1986-09-30,mom,diag,49,0.0831551060057634,12.298079960141331,0.05,1.0973060136942445,2.7755575615628914e-17,-0.06882461449894002,0.05486361942551596,0,True,0.027414059047042028
1986-10-31,mom,mv,49,0.08381768607497657,3.4183731445646,0.049999999999999996,1.301996753927321,5.551115123125783e-17,-0.020699766658240068,0.09999999999003993,1,True,0.0017628266443795824
1986-10-31,mom,diag,49,0.08381768607497657,10.4448356384815,0.05,1.178791571089342,7.632783294297951e-17,-0.06327700495194002,0.06311698649197783,0,True,0.004607810521548496
1986-11-30,mom,mv,49,0.08354863115605275,3.2769807028779008,0.05,1.3278533734220126,-4.163336342344337e-17,-0.02353542694558183,0.09999999999016436,1,True,0.007819126255955586
1986-11-30,mom,diag,49,0.08354863115605275,10.898992911369488,0.05000000000000001,1.1892108604881861,2.0816681711721685e-17,-0.06213219174760831,0.06028986445006941,0,True,0.009587926012556794
1986-12-31,mom,mv,49,0.08373745288684087,3.441037131239542,0.049999999999999996,1.4139117204357554,-2.0816681711721685e-17,-0.03954359372175166,0.09999999999012875,1,True,0.03445600804916101
1986-12-31,mom,diag,49,0.08373745288684087,11.006849800734203,0.05,1.231309310219856,4.85722573273506e-17,-0.08138243072101481,0.05901096832905817,0,True,0.021226071205589038
1987-01-31,mom,mv,49,0.08398354578846909,3.6318732925178896,0.05,1.32545848463065,1.249000902703301e-16,-0.035831314590014395,0.08854567649954322,0,True,-0.02882327033875655
1987-01-31,mom,diag,49,0.08398354578846909,11.390236661084707,0.05,1.2262886075910526,-6.245004513516506e-17,-0.06875926969879793,0.05590273336791425,0,True,-0.023555848911176486
1987-02-28,mom,mv,49,0.08328719668337098,3.731465315267104,0.05,1.3221762299167954,-2.42861286636753e-17,-0.004858029851003194,0.09290399345085519,0,True,0.011681889784645048
1987-02-28,mom,diag,49,0.08328719668337098,10.37499616405837,0.05,1.3278278254278522,-1.3877787807814457e-17,-0.04757598889406218,0.056200162523317276,0,True,0.006781109523528643
1987-03-31,mom,mv,49,0.08327030673118377,4.220007970504363,0.05000000000000001,1.258754498531534,-3.122502256758253e-17,0.01773867531835488,0.06295090903508914,0,True,0.014951217440849882
1987-03-31,mom,diag,49,0.08327030673118377,9.234644771737392,0.04999999999999999,1.4261326277332418,5.551115123125783e-17,-0.005234791715489695,0.04120250551176699,0,True,0.016336995948579777
1987-04-30,mom,mv,49,0.08351219395066907,3.8642161142943947,0.04999999999999999,1.1989372467635833,6.938893903907228e-18,0.0006571669959454994,0.06898572103794964,0,True,-0.004703153468117408
1987-04-30,mom,diag,49,0.08351219395066907,8.27354192974353,0.049999999999999996,1.344174406743198,1.3877787807814457e-17,-0.022657760338590863,0.05347903210937803,0,True,0.0009124091619744901
1987-05-31,mom,mv,49,0.08339611443433957,3.640103683612506,0.049999999999999996,1.1251749245546212,3.469446951953614e-18,0.001301718837761118,0.07478021443021055,0,True,-0.011884803620816226
1987-05-31,mom,diag,49,0.08339611443433957,8.32137745785381,0.04999999999999999,1.2259921227355657,-6.938893903907228e-18,-0.006165763715608562,0.0492663697751059,0,True,-0.016076026883310376
1987-06-30,mom,mv,49,0.08297898264274992,3.6182593250438058,0.05,1.098004079334509,1.3877787807814457e-17,0.015315597798214526,0.07247755109508419,0,True,0.01808068376535689
1987-06-30,mom,diag,49,0.08297898264274992,9.364713225148744,0.05000000000000002,1.0761545316695982,-3.469446951953614e-17,0.0235267739159806,0.05480590327983079,0,True,0.020391172849839472
1987-07-31,mom,mv,49,0.08318828158154327,4.092511937667743,0.05,1.1979973189118553,1.734723475976807e-17,0.03800620640564029,0.07179332355399685,0,True,-0.007052597930014321
1987-07-31,mom,diag,49,0.08318828158154327,10.368112355471883,0.049999999999999996,1.1115026378167714,-2.7755575615628914e-17,0.05006375183711385,0.06338694024139055,0,True,-0.007325549054320364
1987-08-31,mom,mv,49,0.08297582678484772,3.975029747770734,0.05,1.2006267085674276,4.85722573273506e-17,0.04141589412477244,0.09266160124662323,0,True,0.013721038925721202
1987-08-31,mom,diag,49,0.08297582678484772,9.780488576275973,0.05,1.1836150577997724,2.0816681711721685e-17,0.0501615470194932,0.06813929625210832,0,True,0.013500635922862754
1987-09-30,mom,mv,49,0.08328899389572463,4.190177440423085,0.05000000000000001,1.2439969862019074,2.0816681711721685e-17,0.06262556729908986,0.0999999999901342,1,True,-0.017411904780465396
1987-09-30,mom,diag,49,0.08328899389572463,9.414075702841314,0.05000000000000001,1.4060556338942292,4.85722573273506e-17,0.06045430514839685,0.054216625462881564,0,True,-0.014319422500924911
1987-10-31,mom,mv,49,0.08306359755169229,3.7251993553657905,0.05,1.0081566689173558,2.862293735361732e-17,0.039477273007720026,0.10000000000986506,1,True,0.011933055705103916
1987-10-31,mom,diag,49,0.08306359755169229,10.558142248344335,0.05,1.168097113308097,-3.469446951953614e-18,0.048277625339470095,0.054197027069116784,0,True,0.013144187346723013
1987-11-30,mom,mv,49,0.08300244288705051,3.98944083655856,0.05,1.0919715438542412,1.8648277366750676e-17,-0.02683519283078837,0.07997169792785133,0,True,-0.00020619357024028703
1987-11-30,mom,diag,49,0.08300244288705051,10.346885071679539,0.049999999999999996,1.240762474744721,7.632783294297951e-17,-0.0643266225232351,0.06047529073950526,0,True,0.0024754523147930115
1987-12-31,mom,mv,49,0.08296050062556246,3.5115652617535877,0.05000000000000001,0.9460280740512157,-1.3660947373317356e-17,-0.03378152328812736,0.0885698719491232,0,True,-0.03246820529144832
1987-12-31,mom,diag,49,0.08296050062556246,9.0134473782053,0.05000000000000001,1.1407566402085159,-5.2909066017292616e-17,-0.05931987424421941,0.05758536742258551,0,True,-0.03338857831052665
1988-01-31,mom,mv,49,0.08225351175515143,3.499474707111736,0.049999999999999996,0.970374976786372,-6.071532165918825e-18,-0.03932598537984018,0.09999999998299111,1,True,0.001324965152330954
1988-01-31,mom,diag,49,0.08225351175515143,9.387230046566701,0.05,1.0463653068269974,-8.673617379884035e-18,-0.040195737909389996,0.06345395397677464,0,True,0.0021607820184264197
1988-02-29,mom,mv,49,0.08228994307170215,3.6197676159819,0.05,1.1570811423337621,-6.938893903907228e-17,-0.09358867554715807,0.09999999999026404,1,True,-0.010692597241922973
1988-02-29,mom,diag,49,0.08228994307170215,10.06297248704158,0.05000000000000001,1.1784975167277891,-6.7220534694101275e-18,-0.12287798468919302,0.06851932668364587,0,True,-0.00619955283960706
1988-03-31,mom,mv,49,0.08196366172058264,3.6976192749178396,0.05,1.2507439522450023,-8.673617379884035e-17,-0.06104488609555321,0.09999999999015219,1,True,0.0013352046881586822
1988-03-31,mom,diag,49,0.08196366172058264,9.309856633225042,0.05,1.234077643014807,6.591949208711867e-17,-0.08238333831151529,0.07057643745661493,0,True,0.0006884710881357028
1988-04-30,mom,mv,49,0.08184306485767802,3.6047102239874698,0.05,1.259848569407426,2.42861286636753e-17,-0.06878432873980672,0.10000000000987395,1,True,-0.003732574663820552
1988-04-30,mom,diag,49,0.08184306485767802,9.664290339357274,0.05000000000000001,1.21318131029262,-1.734723475976807e-17,-0.08836038825827727,0.08939259369485796,0,True,0.0006335485534637375
1988-05-31,mom,mv,49,0.0817853368188562,3.552493796691601,0.05,1.2789818685448315,0.0,-0.08012122453169955,0.09999999999008599,1,True,-0.02388833472854934
1988-05-31,mom,diag,49,0.0817853368188562,10.096360672444185,0.049999999999999996,1.2342951799254755,-4.163336342344337e-17,-0.08586012931318372,0.08133649528469337,0,True,-0.0197313098136385
1988-06-30,mom,mv,49,0.081125347928923,3.5982554120904497,0.049999999999999996,1.2589597382597564,5.551115123125783e-17,-0.1033144992948537,0.09999999999013054,1,True,0.011734489262676942
1988-06-30,mom,diag,49,0.081125347928923,10.49598092539747,0.049999999999999996,1.2521040230105893,4.163336342344337e-17,-0.09622171418324509,0.07267934887145272,0,True,0.012109776737641523
1988-07-31,mom,mv,49,0.08148194191207488,3.9623105583115072,0.049999999999999996,1.3523168411153608,0.0,-0.09840825182777477,0.09999999999003242,1,True,0.0017213237161739611
1988-07-31,mom,diag,49,0.08148194191207488,9.494285713804546,0.05000000000000001,1.3382757531667924,2.0816681711721685e-16,-0.0820177327436816,0.059691147469689086,0,True,-0.0007989429457439898
1988-08-31,mom,mv,49,0.08140554711827817,3.769842646785136,0.05,1.3625007376724259,1.3877787807814457e-17,-0.1181515921409956,0.09999999999014665,1,True,0.000269167685464296
1988-08-31,mom,diag,49,0.08140554711827817,9.869856119647634,0.05,1.2670453293663682,1.3877787807814457e-17,-0.1090252909156826,0.06162144411838105,0,True,-0.007857282768704062
1988-09-30,mom,mv,49,0.08112000298919875,3.7102108441329733,0.05,1.3427270068972579,-1.0408340855860843e-16,-0.12032988461283249,0.09999999999037121,1,True,0.010153817889495808
1988-09-30,mom,diag,49,0.08112000298919875,10.255927534471907,0.05,1.2504593279905745,2.42861286636753e-17,-0.14583136306483846,0.05337706468081173,0,True,0.01300873399955629
1988-10-31,mom,mv,49,0.0813635407363264,3.615182421804202,0.049999999999999996,1.2228399503857985,1.7835125737386548e-17,0.03177628812084535,0.0830080656688867,0,True,-0.00430222686975011
1988-10-31,mom,diag,49,0.0813635407363264,9.687278080258865,0.05,1.2980721820517949,1.5178830414797062e-17,0.053494495344156984,0.06862250805786367,0,True,-0.0007170142124982448
1988-11-30,mom,mv,49,0.08126324986643194,4.154830571661668,0.05000000000000001,1.13793101724668,-8.413408858487514e-17,0.03497763743965068,0.09411432426599697,0,True,-0.0005796958628304774
1988-11-30,mom,diag,49,0.08126324986643194,8.73899578419814,0.05,1.2650910490416614,-4.5102810375396984e-17,0.03913978050401295,0.07651560361741473,0,True,-0.0022064681556676095
1988-12-31,mom,mv,49,0.08103504827175553,3.816373647033453,0.05,1.263928458731918,-3.122502256758253e-17,-0.02375532159378781,0.08876318424993263,0,True,0.004112640226111609
1988-12-31,mom,diag,49,0.08103504827175553,9.987623683905557,0.049999999999999996,1.237697943225061,0.0,-0.06527891462003566,0.05234738971823796,0,True,0.0015650884370715826
1989-01-31,mom,mv,49,0.08089308181920252,3.8942592875407347,0.05,1.3232380864457343,-1.734723475976807e-18,0.008437055085802971,0.09715650257862071,0,True,-0.0010421058304943406
1989-01-31,mom,diag,49,0.08089308181920252,9.051094551462189,0.05,1.3655319204518959,6.418476861114186e-17,-0.009056109214695442,0.0690279021364765,0,True,0.0035839810936140943
1989-02-28,mom,mv,49,0.08081355325045231,4.027644882783378,0.04999999999999999,1.293804967902209,3.35831622927385e-17,-0.017300812055651562,0.08933577652884142,0,True,0.016798810087152033
1989-02-28,mom,diag,49,0.08081355325045231,8.952842557171623,0.05,1.3360785500793406,-4.006127027333939e-17,-0.07072389645722517,0.056184867502217545,0,True,0.01684442871027813
1989-03-31,mom,mv,49,0.08121910382718886,3.896683134855619,0.05,1.2813282173852618,7.979727989493313e-17,-0.027812001333204522,0.09632367418544459,0,True,0.008209181917292599
1989-03-31,mom,diag,49,0.08121910382718886,9.448435106522599,0.05,1.2864014746511312,7.979727989493313e-17,-0.08861569241622659,0.06079117130536973,0,True,0.0008668238585640014
1989-04-30,mom,mv,49,0.08120233821479003,3.736741095283093,0.05,1.3645019040976762,-2.862293735361732e-17,-0.021084244949187984,0.07902350432401685,0,True,0.012852011563709322
1989-04-30,mom,diag,49,0.08120233821479003,10.129649365559153,0.05,1.2597359660233514,-2.2551405187698492e-17,-0.09111561697803632,0.05984120725997125,0,True,0.008888872200699853
1989-05-31,mom,mv,49,0.08141425832649495,4.066951876068934,0.05000000000000002,1.3132190646476303,6.938893903907228e-17,0.009669856141509633,0.07361864705334152,0,True,0.007163763919955682
1989-05-31,mom,diag,49,0.08141425832649495,9.355099559481463,0.05,1.2697238043351244,-3.469446951953614e-18,-0.04791475731859251,0.05722250167029324,0,True,0.01589065221589661
1989-06-30,mom,mv,49,0.08178866998179578,4.026070407703328,0.05,1.2346512055778562,1.734723475976807e-17,-0.008022580391214132,0.08967596803892737,0,True,0.038911914876936626
1989-06-30,mom,diag,49,0.08178866998179578,9.720597055482402,0.049999999999999996,1.1892606382948785,-2.0816681711721685e-17,-0.07504220658935624,0.0695898217928165,0,True,0.03885749104826085
1989-07-31,mom,mv,49,0.08258611416854841,3.828491819333657,0.049999999999999996,1.2974280456831575,-3.642919299551295e-17,0.0030577971903836716,0.0821154533498908,0,True,-0.010384873733450898
1989-07-31,mom,diag,49,0.08258611416854841,10.114542115969162,0.05,1.2434578032769679,-2.0816681711721685e-17,-0.03855044079251338,0.05509643309794523,0,True,-0.016873187107469455
1989-08-31,mom,mv,49,0.08201513097671555,3.8285863231760757,0.04999999999999999,1.2345544668086808,-6.418476861114186e-17,0.027828850466298485,0.07970961489076046,0,True,0.003016653696131654
1989-08-31,mom,diag,49,0.08201513097671555,9.880853599404775,0.05,1.233170126630846,1.3877787807814457e-17,-0.00870801932211495,0.05375666020714058,0,True,0.011681841319022054
1989-09-30,mom,mv,49,0.08217061710031583,3.9734969900156996,0.05,1.379162116407517,-1.0408340855860843e-17,0.03722976794126919,0.07285908020080459,0,True,0.01355631101678676
1989-09-30,mom,diag,49,0.08217061710031583,9.30503367264213,0.05000000000000001,1.3524320541490442,1.8214596497756474e-17,0.0050722777216520385,0.05716037100183082,0,True,0.015343193800349864
1989-10-31,mom,mv,49,0.08236020893015562,3.7938692471844253,0.049999999999999996,1.3506540630386248,-6.245004513516506e-17,0.04280707277677088,0.08594737865833221,0,True,0.008422856221996483
1989-10-31,mom,diag,49,0.08236020893015562,9.619582179241691,0.05,1.3285312568107854,-5.551115123125783e-17,0.014751963991641638,0.060163250300541926,0,True,0.015066663784577421
1989-11-30,mom,mv,49,0.08258376311176563,3.7687070651643673,0.049999999999999996,1.3539669913384629,6.245004513516506e-17,0.02727332922612679,0.08036547960749969,0,True,0.002032680157347665
1989-11-30,mom,diag,49,0.08258376311176563,9.713627520459678,0.05,1.2621357300705487,1.3877787807814457e-17,-0.004474224795920643,0.0596450072334278,0,True,-0.0021903257982003542
1989-12-31,mom,mv,49,0.08261664462489551,3.776538998545034,0.05,1.4059691766569087,-3.469446951953614e-18,-9.196646669616902e-05,0.07397589301482513,0,True,-0.011207017938583417
1989-12-31,mom,diag,49,0.08261664462489551,9.804229784566717,0.05,1.381594360154546,2.7755575615628914e-17,-0.03448053686237328,0.047624061865614846,0,True,-0.014669399080294363
1990-01-31,mom,mv,49,0.08222944018905178,3.7482600186372808,0.05000000000000001,1.3147795790962475,4.163336342344337e-17,-0.018962036029515714,0.0781987451106062,0,True,-0.004567057009562336
1990-01-31,mom,diag,49,0.08222944018905178,9.836096485148875,0.049999999999999996,1.3686449092950295,0.0,-0.03838664752375448,0.051052598366343904,0,True,-0.006642312915917869
1990-02-28,mom,mv,49,0.08174732600678397,3.815149487020456,0.05000000000000001,1.3058600004319068,7.632783294297951e-17,-0.03648134578764339,0.07739649326108325,0,True,-0.014554748907098165
1990-02-28,mom,diag,49,0.08174732600678397,9.45053803888684,0.05,1.4463345891483492,4.85722573273506e-17,-0.04949116574182162,0.050397141284768535,0,True,-0.007289836019635968
1990-03-31,mom,mv,49,0.08162114721245564,3.7451590386372304,0.05,1.3287943129023283,4.163336342344337e-17,-0.039982234296154585,0.07716827225903854,0,True,-0.002307948351768835
1990-03-31,mom,diag,49,0.08162114721245564,8.90442062081294,0.05000000000000002,1.401742926982156,0.0,-0.03250579377615467,0.06116819370124947,0,True,0.0038240383357272716
1990-04-30,mom,mv,49,0.08156080411135105,3.7495725968534663,0.05,1.409555854577204,6.938893903907228e-18,-0.02532831667036629,0.06838255632265433,0,True,0.023263013310961034
1990-04-30,mom,diag,49,0.08156080411135105,9.105772195558558,0.05,1.467985782817856,9.020562075079397e-17,-0.01980192064336341,0.057014111386830886,0,True,0.02299329541116687
1990-05-31,mom,mv,49,0.08182918837521723,3.8548487305312373,0.049999999999999996,1.3181179010028508,3.469446951953614e-17,-0.019749471616658357,0.07330302184809055,0,True,-0.00010623091575776345
1990-05-31,mom,diag,49,0.08182918837521723,9.269754714389991,0.05,1.4446092383388562,-5.551115123125783e-17,-0.02499616841850131,0.05197879058463109,0,True,0.0004953863764590859
1990-06-30,mom,mv,49,0.08170043204169809,3.7292398004757734,0.05,1.3562315358743404,2.7755575615628914e-17,0.023840935160967303,0.07557506647071029,0,True,0.01988014023529291
1990-06-30,mom,diag,49,0.08170043204169809,9.461772174774588,0.05000000000000001,1.3810110366457637,-5.551115123125783e-17,0.024384895718240172,0.06420236809666248,0,True,0.02598040703450489
1990-07-31,mom,mv,49,0.08206712329961621,3.840596363257969,0.05,1.313362890106296,2.0816681711721685e-17,0.011585201070544747,0.06787827994212248,0,True,0.013884132137512096
1990-07-31,mom,diag,49,0.08206712329961621,9.484786892828383,0.05,1.368522322912218,8.326672684688674e-17,0.016237737278606466,0.059973615160170114,0,True,0.01259880237031105
1990-08-31,mom,mv,49,0.08228907448582909,3.609759195181953,0.05,1.312691907046016,-4.85722573273506e-17,-0.04019453583401537,0.0572705421861439,0,True,0.01784968862378151
1990-08-31,mom,diag,49,0.08228907448582909,10.253684239973078,0.04999999999999999,1.3577947576030245,1.3877787807814457e-16,-0.047034307479032166,0.05862682557408939,0,True,0.020513552556154065
1990-09-30,mom,mv,49,0.08261336654274778,3.627818768286742,0.05000000000000001,1.3169781106272764,-1.3877787807814457e-17,-0.06610812791147005,0.06985440437705999,0,True,0.03542290748789671
1990-09-30,mom,diag,49,0.08261336654274778,10.32867043868869,0.05,1.3573854620387065,-6.245004513516506e-17,-0.08526911699929383,0.05491614319714005,0,True,0.03427247407346736
1990-10-31,mom,mv,49,0.08293981512060507,3.5380562378347213,0.05,1.3202270691160176,5.551115123125783e-17,-0.0803596869217341,0.0677739853935908,0,True,-0.02173817402136647
1990-10-31,mom,diag,49,0.08293981512060507,10.662504085829715,0.05,1.2620929193706172,-6.938893903907228e-18,-0.10213257541179384,0.0647511510086294,0,True,-0.02254558583887948
1990-11-30,mom,mv,49,0.08239637163265874,3.528566718616031,0.05,1.2637342494578956,-6.071532165918825e-18,-0.09191579271793233,0.09062240551763577,0,True,-0.01022042638385324
1990-11-30,mom,diag,49,0.08239637163265874,10.5809516254407,0.05,1.2338655372921328,2.42861286636753e-17,-0.12434368082187956,0.0628204326768939,0,True,-0.0083161301741272
1990-12-31,mom,mv,49,0.08197172314613509,3.61118881726183,0.049999999999999996,1.2646367824249314,-2.7755575615628914e-17,-0.05532749082028397,0.09999999999018772,1,True,0.01377255507081027
1990-12-31,mom,diag,49,0.08197172314613509,10.069149104988231,0.049999999999999996,1.216186528954259,1.3877787807814457e-17,-0.097764672756367,0.06255745521656929,0,True,-0.0029304625074222136
1991-01-31,mom,mv,49,0.08181146384653466,3.387710119529557,0.05,1.1784507168357479,-1.734723475976807e-18,-0.03075402481086861,0.1000000000099306,1,True,-0.003994004329504467
1991-01-31,mom,diag,49,0.08181146384653466,10.041182083365085,0.049999999999999996,1.1517060293947476,2.2768245622195593e-17,-0.07776075952250139,0.06766522385544671,0,True,-0.010552491750807226
1991-02-28,mom,mv,49,0.08142016237927108,3.5877123856540685,0.05000000000000001,1.133916067212462,6.418476861114186e-17,0.0031229011710846542,0.10000000000474563,1,True,0.009558011633872552
1991-02-28,mom,diag,49,0.08142016237927108,9.858331335576457,0.05,1.160923410202874,-9.020562075079397e-17,-0.03829349248900866,0.06791796778574956,0,True,0.012815289416115408
1991-03-31,mom,mv,49,0.08176791246713064,3.745667008493374,0.049999999999999996,1.211807802442567,1.1882855810441129e-16,0.006821391587026444,0.10000000000371642,1,True,-0.015599954234930536
1991-03-31,mom,diag,49,0.08176791246713064,9.686558860488553,0.05000000000000001,1.118735454606447,4.0766001685454967e-17,-0.034680942201686056,0.08158889918512036,0,True,-0.014331908780867413
1991-04-30,mom,mv,49,0.0811698528785117,3.6643419526400627,0.049999999999999996,1.191318731699822,-2.0816681711721685e-17,0.0092255678739676,0.08531251927525087,0,True,0.007741437486472815
1991-04-30,mom,diag,49,0.0811698528785117,10.111321256526868,0.05000000000000001,1.1282311487906256,-7.632783294297951e-17,-0.026381872344618,0.09296232112352246,0,True,0.0012089259678505753
1991-05-31,mom,mv,49,0.08105577612789944,3.8853763165192823,0.05,1.292841701538934,-6.245004513516506e-17,-0.010039966374103896,0.09999999999002526,1,True,-0.009944417092873513
1991-05-31,mom,diag,49,0.08105577612789944,9.779413537813566,0.05,1.1810667322315311,6.938893903907228e-18,-0.044748577144556906,0.08244674652695884,0,True,-0.004862782095737961
1991-06-30,mom,mv,49,0.08091615297555704,3.885882821968699,0.05,1.3792452342825179,6.938893903907228e-18,0.018757675610246022,0.071819021563651,0,True,0.02337002575493891
1991-06-30,mom,diag,49,0.08091615297555704,9.602806051951879,0.05,1.3043056241291517,-1.3877787807814457e-17,0.0031818415363748147,0.07233746919541811,0,True,0.020623648718095702
1991-07-31,mom,mv,49,0.08124258031305334,3.802035786154408,0.05,1.3897138500673891,1.3877787807814457e-17,0.035137780648130626,0.05650310056003991,0,True,0.026590925606886643
1991-07-31,mom,diag,49,0.08124258031305334,9.801011514214027,0.05000000000000001,1.331926518193553,-2.0816681711721685e-17,0.03202784180868025,0.06463400324648212,0,True,0.024061268435092764
1991-08-31,mom,mv,49,0.08169844179970742,3.7804474036911975,0.05000000000000001,1.3712795915680076,2.7755575615628914e-17,0.07144662991335457,0.051569446544379845,0,True,0.017276020553690832
1991-08-31,mom,diag,49,0.08169844179970742,10.082467467680901,0.05,1.3196747728080225,2.0816681711721685e-17,0.08469046899321193,0.0579574828202003,0,True,0.011905190198551335
1991-09-30,mom,mv,49,0.08183038639678064,3.69024317734178,0.05,1.2235351282296636,4.85722573273506e-17,0.09902274644528745,0.05861679354542436,0,True,0.009459265538323552
1991-09-30,mom,diag,49,0.08183038639678064,10.292600703992667,0.04999999999999999,1.2363119411527443,2.0816681711721685e-17,0.11779214988948744,0.04938571209536684,0,True,0.006146760542392735
1991-10-31,mom,mv,49,0.08180422760329388,3.607350475111997,0.049999999999999996,1.266138137328788,-5.551115123125783e-17,0.114669877455094,0.05662416057886606,0,True,0.002919413988973087
1991-10-31,mom,diag,49,0.08180422760329388,10.062536611973302,0.05,1.2437331031702503,-7.632783294297951e-17,0.14147456133566494,0.062056299277192924,0,True,0.006467042378205836
1991-11-30,mom,mv,49,0.08193595193162725,3.7175089421466256,0.05,1.3145858634326895,-9.367506770274758e-17,0.09750232625811461,0.06594676830820523,0,True,0.020756927285178205
1991-11-30,mom,diag,49,0.08193595193162725,9.595416056054441,0.05,1.345185330413617,3.469446951953614e-18,0.12210105741973534,0.05615275919161937,0,True,0.024909524435671928
1991-12-31,mom,mv,49,0.08241901653500124,3.7485064988461616,0.049999999999999996,1.3399671975653695,0.0,0.06754495436766378,0.06398030452314242,0,True,-0.02544678115855208
1991-12-31,mom,diag,49,0.08241901653500124,9.809607864773216,0.049999999999999996,1.3335318808945051,-3.122502256758253e-17,0.09922913413680609,0.05342436438880506,0,True,-0.019804851454418133
1992-01-31,mom,mv,49,0.08204472998305351,3.580722138203008,0.05,1.3707042099688855,0.0,0.06923161502956232,0.06340658887206829,0,True,-0.0057284259276529645
1992-01-31,mom,diag,49,0.08204472998305351,10.1695275232147,0.05,1.349750192383294,-1.0061396160665481e-16,0.07699709244746085,0.04860990806419542,0,True,-0.009765339405156311
1992-02-29,mom,mv,49,0.08180605988603137,3.739373366080352,0.05,1.3340946082362763,2.0816681711721685e-17,0.0701272849004489,0.06187683585804571,0,True,0.013464767078699461
1992-02-29,mom,diag,49,0.08180605988603137,9.793516174725784,0.05,1.3010339048873718,3.122502256758253e-17,0.10639188905696459,0.050954899442279045,0,True,0.011847553302816768
1992-03-31,mom,mv,49,0.08184346908034665,3.820975120790561,0.05000000000000002,1.3451190386222966,9.71445146547012e-17,0.0767546666769125,0.06992469009432455,0,True,-0.012883281496703512
1992-03-31,mom,diag,49,0.08184346908034665,9.392438766094756,0.05,1.2794108507557698,6.071532165918825e-17,0.13602744968325434,0.0629548571135379,0,True,-0.0158872340545578
1992-04-30,mom,mv,49,0.08151031364051942,3.911556225269196,0.05000000000000002,1.3488289975906311,-2.0816681711721685e-17,0.06239812265898276,0.07589440896274857,0,True,0.013339463811250622
1992-04-30,mom,diag,49,0.08151031364051942,9.309391012763742,0.05000000000000002,1.3257443260179054,-9.71445146547012e-17,0.12163193661066042,0.06683986379130004,0,True,0.008588244372327757
1992-05-31,mom,mv,49,0.08163957276789806,4.0073995972772725,0.05,1.388780698557457,-5.551115123125783e-17,0.025994210822275383,0.07511869561909222,0,True,-0.0008448785903772842
1992-05-31,mom,diag,49,0.08163957276789806,8.564252163117139,0.049999999999999996,1.3315391414363014,4.163336342344337e-17,0.06378883911671757,0.07546379329321423,0,True,-0.00604349684052333
1992-06-30,mom,mv,49,0.08140466714154679,4.087751388943239,0.05,1.3321848279069413,2.0816681711721685e-17,0.03734275612853032,0.06817940539007408,0,True,0.0027471711808488043
1992-06-30,mom,diag,49,0.08140466714154679,8.734788967187246,0.05000000000000001,1.3143802932126412,-4.85722573273506e-17,0.08191131969262376,0.0657938262167783,0,True,0.004155800689351202
1992-07-31,mom,mv,49,0.0812579068340033,4.017279067067785,0.05000000000000001,1.3809701150142701,4.163336342344337e-17,-0.0023319864900100363,0.07984897658661606,0,True,-0.0045912975514955014
1992-07-31,mom,diag,49,0.0812579068340033,8.360850148167943,0.05000000000000001,1.3638671993606974,6.938893903907228e-18,0.03642408410663072,0.07259983472255956,0,True,-0.006549925764104923
1992-08-31,mom,mv,49,0.08098664264940834,4.053573706746202,0.05,1.3860274088276914,-6.938893903907228e-18,-0.019194872014653398,0.08260567112939605,0,True,-0.0052191686859612
1992-08-31,mom,diag,49,0.08098664264940834,8.0980243505355,0.05,1.397233768774422,-6.938893903907228e-18,0.01491212062093273,0.07423806180580743,0,True,0.0038323726105397313
1992-09-30,mom,mv,49,0.0809761369380714,4.2655206552435105,0.05,1.435080763960021,3.469446951953614e-17,-0.008619527435860098,0.08468632596265335,0,True,0.005603386450538528
1992-09-30,mom,diag,49,0.0809761369380714,8.299063247724053,0.049999999999999996,1.5260274578788444,-2.0816681711721685e-17,0.02472301737967643,0.06045156375430855,0,True,0.007258551265473342
1992-10-31,mom,mv,49,0.08104173030525738,4.088375203940946,0.05,1.5919191740521426,-5.551115123125783e-17,0.0018762777030959306,0.06453883017840427,0,True,0.014495462446822675
1992-10-31,mom,diag,49,0.08104173030525738,8.85031404916158,0.049999999999999996,1.5627940486335437,6.245004513516506e-17,0.05357444136105342,0.053226367900028014,0,True,0.015755925160545706
1992-11-30,mom,mv,49,0.08119159256800873,4.054128577749982,0.05000000000000001,1.5353566163153847,-1.1796119636642288e-16,0.05237254197427488,0.055602446738002353,0,True,0.006663729201144662
1992-11-30,mom,diag,49,0.08119159256800873,9.49655366853328,0.05,1.454287203359361,6.938893903907228e-17,0.11314099966139987,0.04590000852112682,0,True,0.0044913378192162606
1992-12-31,mom,mv,49,0.08127790659043074,4.08854410518942,0.05,1.4347610243945894,3.469446951953614e-18,0.036640850871518166,0.0559188968761143,0,True,0.0396059393408742
1992-12-31,mom,diag,49,0.08127790659043074,9.483400697720652,0.05,1.3312450462933798,-8.326672684688674e-17,0.09528611855856672,0.054093460240900386,0,True,0.03924856471248773
1993-01-31,mom,mv,49,0.08200498175172684,4.355426474314528,0.05000000000000002,1.5058977095087882,-5.898059818321144e-17,-0.0020899813887119653,0.056434613539498094,0,True,0.018183475512752074
1993-01-31,mom,diag,49,0.08200498175172684,9.157587909483691,0.05000000000000001,1.516475656016562,-6.245004513516506e-17,0.02234229478244007,0.05467875232935393,0,True,0.020036563840850112
1993-02-28,mom,mv,49,0.08209050255852622,4.546101816151031,0.05,1.4696085659528393,-6.591949208711867e-17,-0.011824414249048738,0.06280218265656792,0,True,-0.004008988696800036
1993-02-28,mom,diag,49,0.08209050255852622,9.01578405284942,0.05000000000000001,1.468402769152761,-6.245004513516506e-17,0.015659503701177826,0.06118105886256443,0,True,0.007738288808096825
1993-03-31,mom,mv,49,0.08226529279609462,4.276324434016046,0.05,1.4961870084103697,-3.382710778154774e-17,-0.04500932215032921,0.06947718313325968,0,True,0.0023793809501180367
1993-03-31,mom,diag,49,0.08226529279609462,9.255296318768362,0.05,1.3940402532336769,-7.979727989493313e-17,-0.020821771927404458,0.07083000838912402,0,True,0.0039614865258118396
1993-04-30,mom,mv,49,0.0822105007695638,4.0511496852813,0.05,1.483156580941597,-1.1102230246251565e-16,-0.034325083674628644,0.06159513292434161,0,True,-0.016389960051899508
1993-04-30,mom,diag,49,0.0822105007695638,9.384162538647516,0.05,1.3966045028008724,3.469446951953614e-17,0.00832369762889697,0.07827782697776303,0,True,-0.007018555639557224
1993-05-31,mom,mv,49,0.08184723409198497,4.003351889082458,0.05,1.3697297581340775,4.0332320816460765e-17,-0.04014425239059294,0.07148700023086155,0,True,0.03127341021305481
1993-05-31,mom,diag,49,0.08184723409198497,9.299709651726188,0.05000000000000001,1.2780804328972688,-1.0061396160665481e-16,0.00010904970333254354,0.0844032728193856,0,True,0.030279162473019854
1993-06-30,mom,mv,49,0.0822796195771151,3.827002298481351,0.05000000000000001,1.4670684011786725,8.543513119185775e-17,0.01180320493093705,0.06475585234670599,0,True,0.01493508963912306
1993-06-30,mom,diag,49,0.0822796195771151,9.188553476019765,0.05,1.3230653497858846,-1.6479873021779667e-17,0.06630638612529687,0.09088750086257084,0,True,0.021991048374410845
1993-07-31,mom,mv,49,0.08253911718734548,3.656125792550754,0.05,1.3670530148705418,1.0408340855860843e-17,0.003185213906412347,0.07155048930376483,0,True,0.015956198565974244
1993-07-31,mom,diag,49,0.08253911718734548,9.727868193658088,0.05,1.2884515486512123,-3.469446951953614e-18,0.03316990290221867,0.0895476462051204,0,True,0.016234640576851964
1993-08-31,mom,mv,49,0.08266007615821269,3.531310521126923,0.05,1.3278700639361607,-2.7755575615628914e-17,0.0020899574482707854,0.0774067223538211,0,True,0.013434676625596683
1993-08-31,mom,diag,49,0.08266007615821269,10.237262211317299,0.05000000000000001,1.2810334461099548,-1.0408340855860843e-17,0.021148363679422758,0.08233470539790615,0,True,0.016492021172234108
1993-09-30,mom,mv,49,0.08297749561744185,3.612298477473899,0.049999999999999996,1.2860906887965167,3.122502256758253e-17,0.004328530666650681,0.07831787856649508,0,True,-0.020582710276329578
1993-09-30,mom,diag,49,0.08297749561744185,10.15600586470326,0.05,1.269959945794551,-1.3877787807814457e-17,0.021284019173688242,0.08490203393804972,0,True,-0.021411284598702736
1993-10-31,mom,mv,49,0.08243950390196018,3.573871539414254,0.05,1.2982356522501468,0.0,-0.009367309491039935,0.07443436161744883,0,True,-0.033135572899968165
1993-10-31,mom,diag,49,0.08243950390196018,10.172270275281555,0.05000000000000001,1.2665984988467163,2.0816681711721685e-17,4.516378280172228e-05,0.079607471791274,0,True,-0.02806477582297084
1993-11-30,mom,mv,49,0.08165106509849894,3.656075774797905,0.05,1.2584506488591476,-2.7755575615628914e-17,-0.030689122417285965,0.06698993908112201,0,True,-0.0003254391710465463
1993-11-30,mom,diag,49,0.08165106509849894,9.832201906356046,0.05,1.1949272886643283,-6.938893903907228e-18,-0.03188746259686947,0.07386361296792801,0,True,0.006985473640425071
1993-12-31,mom,mv,49,0.08177507660200703,3.7909313776202933,0.05,1.3459417052517786,6.938893903907228e-17,-0.008867833903602492,0.06583610613676415,0,True,-0.005693337319053132
1993-12-31,mom,diag,49,0.08177507660200703,9.545002871229608,0.05,1.2562621512128085,2.7755575615628914e-17,-0.0009726863056859613,0.06358827321099124,0,True,0.0010293742778408094
1994-01-31,mom,mv,49,0.08162649856431965,4.1272913902800346,0.05,1.282388833279274,0.0,-0.014009965408143163,0.07220133257361987,0,True,0.018119287806108955
1994-01-31,mom,diag,49,0.08162649856431965,8.984473043943556,0.04999999999999999,1.288264784040309,-5.551115123125783e-17,-0.026946306039830857,0.055626943445622336,0,True,0.015861643612717025
1994-02-28,mom,mv,49,0.08183398378428974,4.174173975743827,0.04999999999999999,1.3383172576165734,0.0,0.03672926852421342,0.08436275024865846,0,True,-0.0062785539142630326
1994-02-28,mom,diag,49,0.08183398378428974,8.637966861863285,0.05,1.3324209267417537,4.85722573273506e-17,0.03424543944933711,0.06435358916394138,0,True,-0.005842898706552093
1994-03-31,mom,mv,49,0.08155881655897584,3.8916394114513047,0.05,1.39007111674795,2.7755575615628914e-17,0.07133855375574674,0.0869842917429134,0,True,-0.013357521732204445
1994-03-31,mom,diag,49,0.08155881655897584,8.777158366362194,0.049999999999999996,1.3676507362334565,-1.3877787807814457e-17,0.07604654216573493,0.06113294225630414,0,True,-0.01775361220289014
1994-04-30,mom,mv,49,0.08100582704268013,3.891439947210852,0.05,1.4327723960791967,-8.326672684688674e-17,0.08874888109724274,0.08557007597598049,0,True,0.004909103113865697
1994-04-30,mom,diag,49,0.08100582704268013,8.33032898777259,0.05000000000000001,1.3547301936583658,-4.163336342344337e-17,0.09743321713037045,0.06536762337964838,0,True,0.0006975492741938087
1994-05-31,mom,mv,49,0.08087190868740295,4.326125760041199,0.05000000000000001,1.5432005794082402,0.0,0.07864522824833943,0.07622457455542168,0,True,-0.0012562852169015583
1994-05-31,mom,diag,49,0.08087190868740295,7.8798500222046926,0.05,1.5729480329780434,1.3877787807814457e-17,0.07132735923067858,0.05795322254737453,0,True,-0.005992839970337724
1994-06-30,mom,mv,49,0.08063120598850755,4.149749991737983,0.05000000000000002,1.493242937283225,4.163336342344337e-17,0.11211821836492485,0.0999999999901945,1,True,-0.0021250274443762956
1994-06-30,mom,diag,49,0.08063120598850755,7.846755554981007,0.04999999999999999,1.500072815544327,4.163336342344337e-17,0.13592594064656285,0.0627263201093212,0,True,0.00022349394182364683
1994-07-31,mom,mv,49,0.0805580426194256,4.492879281869817,0.05,1.554447448901018,-2.7755575615628914e-17,0.10512757680000236,0.09999999999008218,1,True,0.014014615638307587
1994-07-31,mom,diag,49,0.0805580426194256,7.8047626712843075,0.05000000000000001,1.569459068251278,-3.469446951953614e-17,0.13221698679829197,0.0644335429949214,0,True,0.021767198863063025
1994-08-31,mom,mv,49,0.08098121211128888,4.119411558417528,0.05,1.5887088488926038,4.163336342344337e-17,0.09016357003852364,0.09695719640228694,0,True,0.004093770337155076
1994-08-31,mom,diag,49,0.08098121211128888,7.886958228230393,0.05,1.6010736090475999,-6.938893903907228e-18,0.0950164131975539,0.06329161820065715,0,True,0.007102294358688848
1994-09-30,mom,mv,49,0.0810032620469677,4.043234640989597,0.05,1.5685439056156563,1.3877787807814457e-17,0.08372677963926131,0.09276015906076002,0,True,-0.0056150397224178986
1994-09-30,mom,diag,49,0.0810032620469677,8.768890961661114,0.049999999999999996,1.5271492804966813,6.245004513516506e-17,0.07834752912391615,0.06226879957585731,0,True,-0.007239214125250684
1994-10-31,mom,mv,49,0.08078341561737834,4.034251915478794,0.049999999999999996,1.653228909871188,0.0,0.05274813818759694,0.08925942376840684,0,True,-0.013748974602442928
1994-10-31,mom,diag,49,0.08078341561737834,8.70742398817406,0.05,1.5614725184646232,-2.42861286636753e-17,0.03989131770806654,0.06683401342825535,0,True,-0.008828103152671957
1994-11-30,mom,mv,49,0.08060611268141368,4.202098354642265,0.05,1.713826307578307,-6.245004513516506e-17,0.05454635260162378,0.07354913476887558,0,True,0.0009776688706761261
1994-11-30,mom,diag,49,0.08060611268141368,8.191636278057866,0.05,1.6128495441153459,-8.847089727481716e-17,0.05606994586860698,0.06376625833185245,0,True,0.006643637188433358
1994-12-31,mom,mv,49,0.08063535332673621,4.232807003042818,0.05,1.5745434735145476,-3.469446951953614e-17,0.03423593292921767,0.054909820100059195,0,True,-0.005424621100747736
1994-12-31,mom,diag,49,0.08063535332673621,8.30224257327664,0.05,1.52233230594689,0.0,0.0387875440622584,0.05452882522111211,0,True,-0.004631458929489254
1995-01-31,mom,mv,49,0.08052850281935027,4.159826718242982,0.05000000000000001,1.5905790227319256,5.551115123125783e-17,0.011142200571769262,0.06429923515357144,0,True,0.0191611597168144
1995-01-31,mom,diag,49,0.08052850281935027,8.37003114891305,0.05,1.5334187851543695,-4.85722573273506e-17,0.013859409253483198,0.057049118325769095,0,True,0.01474768479102896
1995-02-28,mom,mv,49,0.08072235003672162,4.15891209262265,0.05,1.4542564448967896,-6.938893903907228e-17,-0.006113110365185175,0.05895311819736661,0,True,-0.0026016372879099224
1995-02-28,mom,diag,49,0.08072235003672162,8.71960576159112,0.05,1.4684764413843276,-6.938893903907228e-18,-0.026880735875702853,0.05753887431807772,0,True,0.0024115820885254485
1995-03-31,mom,mv,49,0.08091288129971572,4.294588833589644,0.05,1.5054911548986305,-3.469446951953614e-17,0.026235198724221684,0.060256166344384875,0,True,0.03064972561401799
1995-03-31,mom,diag,49,0.08091288129971572,8.517179257241509,0.05,1.543529986346028,-2.0816681711721685e-17,0.019499316542336744,0.0537123182708804,0,True,0.025917432226814165
1995-04-30,mom,mv,49,0.08132368380727009,4.068802731385255,0.05,1.6549722096638406,0.0,0.031367818880649476,0.05227759022444433,0,True,0.0037048720874920033
1995-04-30,mom,diag,49,0.08132368380727009,8.51600155334619,0.05000000000000001,1.5668755487166885,-2.7755575615628914e-17,0.0314294581846417,0.05466992278821675,0,True,0.0006250015831082647
1995-05-31,mom,mv,49,0.0811965424931967,4.0778580148456545,0.049999999999999996,1.5913654128228465,-4.163336342344337e-17,0.020117688720498024,0.05679671820185213,0,True,0.019700526038158476
1995-05-31,mom,diag,49,0.0811965424931967,8.417822116347873,0.05000000000000002,1.5764506710984652,-4.85722573273506e-17,0.028241707537841682,0.06141512133296299,0,True,0.02125300562283067
1995-06-30,mom,mv,49,0.08133888983490706,4.122099535267442,0.05,1.5885793578828318,-1.3877787807814457e-17,0.019548453724829,0.0691570750090881,0,True,0.0063550195077763435
1995-06-30,mom,diag,49,0.08133888983490706,8.340804663160561,0.05,1.5399649390562167,2.7755575615628914e-17,0.039402812202931924,0.06134075176817716,0,True,0.0025702238665626935
1995-07-31,mom,mv,49,0.08119037097287263,3.9941847441960747,0.05,1.5028889659719968,-1.3877787807814457e-17,0.03962029808579062,0.06303598869450816,0,True,-0.008807565566592651
1995-07-31,mom,diag,49,0.08119037097287263,8.515771561499696,0.05000000000000001,1.4147425935208875,-3.122502256758253e-17,0.06628019556478026,0.07266225572774469,0,True,-0.006517042322177019
1995-08-31,mom,mv,49,0.0808992595468542,4.025618903493362,0.05,1.4265148731692199,5.551115123125783e-17,0.0540418138787395,0.07012304266852333,0,True,0.01818574470391235
1995-08-31,mom,diag,49,0.0808992595468542,8.45266253408886,0.05,1.3940986785969043,2.42861286636753e-17,0.09572518556660024,0.08548753295709809,0,True,0.014216794842087337
1995-09-30,mom,mv,49,0.08118368358085733,4.029066826986269,0.04999999999999999,1.4826162608268632,-4.85722573273506e-17,0.0766788082000201,0.06815193682381418,0,True,0.034913470409387734
1995-09-30,mom,diag,49,0.08118368358085733,8.534564993594937,0.05000000000000001,1.4599344112806345,2.0816681711721685e-17,0.10382599777809065,0.08086606086009741,0,True,0.03289297140553659
1995-10-31,mom,mv,49,0.0816754260041179,4.003136711146337,0.05000000000000002,1.611415176701623,1.3877787807814457e-17,0.06062661707010172,0.06066526557425634,0,True,-0.015731028751379824
1995-10-31,mom,diag,49,0.0816754260041179,8.758891088564802,0.05,1.4663476521465124,3.469446951953614e-17,0.050394211591131485,0.06304372570628891,0,True,-0.015890115982280878
1995-11-30,mom,mv,49,0.0813332637597892,3.9123885835293195,0.05,1.5918446268906647,4.85722573273506e-17,0.05714032714381843,0.048610223550967446,0,True,-0.013035196760671861
1995-11-30,mom,diag,49,0.0813332637597892,8.955337225916779,0.049999999999999996,1.466063931398706,-5.551115123125783e-17,0.035953380351309,0.049282086157710875,0,True,-0.008151963185261348
1995-12-31,mom,mv,49,0.08102601057037978,3.9438645855692913,0.05,1.6181412899496888,6.938893903907228e-18,0.055434712879731084,0.06161123200530962,0,True,0.010335856363709085
1995-12-31,mom,diag,49,0.08102601057037978,8.852164339175626,0.049999999999999996,1.5399306360918514,-2.7755575615628914e-17,0.02743057286960739,0.05154445904516535,0,True,0.005604407378236307
1996-01-31,mom,mv,49,0.08113294728222054,4.0945289280069534,0.05,1.6953985690879687,1.3877787807814457e-17,0.04490697102121197,0.06949417789947122,0,True,0.0025704813678947055
1996-01-31,mom,diag,49,0.08113294728222054,8.49551503094549,0.049999999999999996,1.6444047066818526,6.245004513516506e-17,0.00685294601180407,0.0705523449637002,0,True,-0.001255828990354228
1996-02-29,mom,mv,49,0.08096699437908925,4.213410909104119,0.05000000000000001,1.7110786988250828,6.938893903907228e-18,0.025459206651842214,0.051616508285616695,0,True,-0.021081845888099558
1996-02-29,mom,diag,49,0.08096699437908925,8.359925603969021,0.05,1.6198770988529572,-2.7755575615628914e-17,-0.03115822840590736,0.05708298202575901,0,True,-0.023722409795708523
1996-03-31,mom,mv,49,0.08043867322325561,4.086085712631111,0.05000000000000002,1.730120609971779,-2.0816681711721685e-17,0.03635217831203536,0.053570512784295844,0,True,-0.006261137028819432
1996-03-31,mom,diag,49,0.08043867322325561,8.44122856225805,0.05000000000000001,1.6352131558016532,-4.163336342344337e-17,-0.020955627801796856,0.04729299373050342,0,True,-0.009814602865272143
1996-04-30,mom,mv,49,0.08005535095545892,4.236644594820527,0.05000000000000001,1.8401398946971752,9.020562075079397e-17,0.06252407242140842,0.062187255784721555,0,True,-0.0069948083679111555
1996-04-30,mom,diag,49,0.08005535095545892,8.226139081841684,0.05,1.7257761632684476,3.122502256758253e-17,-0.0016022937984142326,0.05808421863318233,0,True,-0.006451473991295677
1996-05-31,mom,mv,49,0.07983466857269314,4.3178378269458735,0.05000000000000001,1.7515609997900177,-2.0816681711721685e-17,0.0866625544664752,0.08535756582476675,0,True,-0.012444598290324845
1996-05-31,mom,diag,49,0.07983466857269314,8.029198637141715,0.05000000000000001,1.7407343783524112,7.632783294297951e-17,0.06728535873487833,0.08014896426346148,0,True,-0.0057113332058096895
1996-06-30,mom,mv,49,0.07965432501654453,4.481143031296102,0.05,1.8821150687458537,1.0061396160665481e-16,0.07514434157279833,0.09072336614245938,0,True,0.009644603542629294
1996-06-30,mom,diag,49,0.07965432501654453,8.03234299166886,0.05,1.8246941306018631,-6.245004513516506e-17,0.021763184763208265,0.08746411081368072,0,True,0.005956653798554981
1996-07-31,mom,mv,49,0.07969579569963724,3.8801049969507884,0.05,1.709807795795721,2.7755575615628914e-17,-0.0023336235365773034,0.0755620695147509,0,True,0.0029565539608381367
1996-07-31,mom,diag,49,0.07969579569963724,9.289547007960875,0.05,1.5086584903122682,0.0,-0.08298599000491626,0.07627432295051326,0,True,-0.005452864221132046
1996-08-31,mom,mv,49,0.07939045937473566,3.8753227911758485,0.05,1.7616424822950858,6.938893903907228e-18,-0.030382988408702488,0.08038500426511669,0,True,0.010097725668386513
1996-08-31,mom,diag,49,0.07939045937473566,9.026257076323615,0.049999999999999996,1.521277374198677,0.0,-0.1099273352455565,0.06318896690185537,0,True,0.007172366919151131
1996-09-30,mom,mv,49,0.07949888216239345,4.410343531328451,0.04999999999999999,1.7659025892171023,5.2909066017292616e-17,-0.0014412458243942706,0.06598793118825859,0,True,0.004555683054454922
1996-09-30,mom,diag,49,0.07949888216239345,7.685149355321242,0.049999999999999996,1.6819707335322198,4.336808689942018e-18,-0.04784428088809703,0.055546510299790956,0,True,0.0073587554101994124
1996-10-31,mom,mv,49,0.07942185004833445,4.522631483286334,0.049999999999999996,1.7441518105515765,-1.5612511283791264e-17,0.04991724306485934,0.07636884745242041,0,True,-0.00901848698649579
1996-10-31,mom,diag,49,0.07942185004833445,7.443025254543583,0.05,1.7734858987273387,1.3877787807814457e-17,0.0192412378028118,0.0585140465483561,0,True,-0.016892973250389486
1996-11-30,mom,mv,49,0.07908750603691929,4.3415762573868415,0.05,1.8470975224919426,-4.163336342344337e-17,0.023487354009638955,0.060111326209745033,0,True,0.007202780472459544
1996-11-30,mom,diag,49,0.07908750603691929,7.628274260982312,0.05000000000000001,1.7613240145014937,-2.0816681711721685e-17,-0.027749581847079666,0.07163713434059624,0,True,0.013405349386304131
1996-12-31,mom,mv,49,0.0791160068004927,4.439776211314606,0.05000000000000002,1.8562163373491243,-1.0408340855860843e-17,0.07342149517268695,0.06465366683433568,0,True,0.033633800458241984
1996-12-31,mom,diag,49,0.0791160068004927,7.369708496980085,0.05,1.8669791589130418,-9.367506770274758e-17,0.07544050806992553,0.058475315197630905,0,True,0.030448981496963515
1997-01-31,mom,mv,49,0.07950310971303763,4.436058122839641,0.05000000000000001,1.5235939692875173,6.245004513516506e-17,0.04371973821847741,0.07263602644642304,0,True,-0.018729240266616872
1997-01-31,mom,diag,49,0.07950310971303763,7.46077967537405,0.04999999999999999,1.6416670783584941,5.637851296924623e-18,0.019535934903266654,0.0475364903792687,0,True,-0.009720518454369305
1997-02-28,mom,mv,49,0.07935088697170528,4.367532494168013,0.05,1.4437772899520136,-4.7271214720367993e-17,0.06256067969205092,0.08024960124827268,0,True,0.010119673002645168
1997-02-28,mom,diag,49,0.07935088697170528,7.6127096040364295,0.05,1.617251169161111,-1.0408340855860843e-16,0.03885813934922253,0.0491949182156015,0,True,0.003958937457692121
1997-03-31,mom,mv,49,0.07931594364076959,4.233397507398664,0.05,1.5871995612114291,6.245004513516506e-17,0.03416713785745617,0.06908405063135427,0,True,0.024221808599920482
1997-03-31,mom,diag,49,0.07931594364076959,8.03601164960524,0.05000000000000002,1.721086024080235,-2.1250362580715887e-17,-0.024402755031127002,0.0553921260415257,0,True,0.02204302065779298
1997-04-30,mom,mv,49,0.07958398705528555,4.279260102713089,0.05,1.5659283422720132,4.163336342344337e-17,-0.012736422557368678,0.07820425090491535,0,True,-0.01368927993211265
1997-04-30,mom,diag,49,0.07958398705528555,8.09305094167008,0.05,1.6468113925734447,9.367506770274758e-17,-0.08064491343537385,0.060589606744431854,0,True,-0.016360230696094862
1997-05-31,mom,mv,49,0.07923103634297811,4.1706883243240895,0.049999999999999996,1.5422682880128156,3.469446951953614e-17,-0.00643178375921909,0.06968468667381322,0,True,0.011766144486213131
1997-05-31,mom,diag,49,0.07923103634297811,8.333098497237819,0.05000000000000001,1.6493294550829751,-3.469446951953614e-17,-0.06467475457953138,0.05957119481506049,0,True,0.011299928276786313
1997-06-30,mom,mv,49,0.07927289652787774,4.279012868065439,0.05,1.7236356912787023,1.3877787807814457e-17,0.04027623342684139,0.08319470489712177,0,True,0.05895627786400259
1997-06-30,mom,diag,49,0.07927289652787774,8.053320286035195,0.05,1.8127679353954917,5.204170427930421e-17,0.008756723692855016,0.051681456018364505,0,True,0.055751300299516235
1997-07-31,mom,mv,49,0.0797732879003967,4.176039859475087,0.049999999999999996,1.5431911879032219,3.8163916471489756e-17,0.09374716401239204,0.09881818861627281,0,True,-0.025501333606671794
1997-07-31,mom,diag,49,0.0797732879003967,8.090086830006692,0.05,1.6103711116800088,6.245004513516506e-17,0.0896845007871808,0.0607982242182666,0,True,-0.03206722118632927
1997-08-31,mom,mv,49,0.07911695722253738,4.011618903001741,0.05,1.3974310042982285,1.3877787807814457e-17,0.11205823185238986,0.09313116607754877,0,True,-0.01767653325974957
1997-08-31,mom,diag,49,0.07911695722253738,8.759243700587428,0.049999999999999996,1.4779895088074495,-8.326672684688674e-17,0.1136590608112734,0.06194388935983044,0,True,-0.0016981245454566233
1997-09-30,mom,mv,49,0.07891440726965036,4.132721816815898,0.05,1.5912719129891886,-8.326672684688674e-17,0.06390506255710728,0.08296326439694733,0,True,0.00951310401839477
1997-09-30,mom,diag,49,0.07891440726965036,8.391590539684296,0.05,1.5251612724798382,-1.0408340855860843e-16,0.07508778072709954,0.06522810540786485,0,True,-0.0002967086607080041
1997-10-31,mom,mv,49,0.07885155686625314,4.012027797569831,0.049999999999999996,1.6335896198502622,-2.7755575615628914e-17,0.10537128204230997,0.0999999999905961,1,True,0.00956432450325742
1997-10-31,mom,diag,49,0.07885155686625314,8.479676908209424,0.05,1.5259505132420004,-6.938893903907228e-18,0.1252266113716877,0.09563101427949669,0,True,0.0075557567906489554
1997-11-30,mom,mv,49,0.07883782117523885,4.2571872494671625,0.05,1.4171000545378751,-6.938893903907228e-18,0.036788682362573835,0.08869390562603634,0,True,0.012293415718527248
1997-11-30,mom,diag,49,0.07883782117523885,8.000975159510798,0.05000000000000001,1.519300924197819,1.0408340855860843e-16,0.030092534530579272,0.09093779543967787,0,True,0.025449104017233205
1997-12-31,mom,mv,49,0.07896258469051877,4.072006530340547,0.05,1.337959808356233,1.3877787807814457e-17,0.04907912193563995,0.07131190191743907,0,True,0.008899829700332842
1997-12-31,mom,diag,49,0.07896258469051877,8.55596570001189,0.05,1.3506698980162224,4.163336342344337e-17,0.036716013298854926,0.07947521947091435,0,True,0.008389909837568998
1998-01-31,mom,mv,49,0.0790788065324603,3.988792847820973,0.049999999999999996,1.260596740321861,2.0816681711721685e-17,0.01523272199297498,0.08052047742316652,0,True,-0.0008771914527358834
1998-01-31,mom,diag,49,0.0790788065324603,9.126736798654084,0.05,1.338488568437107,-6.938893903907228e-18,-0.010056017204829768,0.07650058051277832,0,True,-0.0035106887848553895
1998-02-28,mom,mv,49,0.0788431376721768,3.929036823070563,0.05,1.3293041330661015,4.163336342344337e-17,0.02721967272335648,0.06691176119575877,0,True,-0.0008220261636888597
1998-02-28,mom,diag,49,0.0788431376721768,8.691646097741334,0.049999999999999996,1.355475023507479,-3.469446951953614e-17,0.02489033549233309,0.051066437604058025,0,True,0.00493946288549753
1998-03-31,mom,mv,49,0.0789493054627122,3.9928817180197274,0.049999999999999996,1.3997621184192062,-2.0816681711721685e-17,0.06571653300189603,0.057412788928995324,0,True,0.0009251854098535573
1998-03-31,mom,diag,49,0.0789493054627122,8.73473259821391,0.05,1.4154271731808994,6.938893903907228e-18,0.06390001060011288,0.06509723109939095,0,True,-0.001402600633048951
1998-04-30,mom,mv,49,0.07881416702411259,4.069169610030935,0.05,1.4121216039191082,4.85722573273506e-17,0.048694769091900104,0.07346152697486492,0,True,0.022815771118911622
1998-04-30,mom,diag,49,0.07881416702411259,8.686623017885593,0.05,1.456383097101693,2.7755575615628914e-17,0.03769366262668294,0.06728849832330805,0,True,0.02053900327508869
1998-05-31,mom,mv,49,0.07901556527864673,4.133405844725308,0.05,1.3826506335671924,-7.112366251504909e-17,0.031120400362205917,0.0669039008269752,0,True,0.036879247269781895
1998-05-31,mom,diag,49,0.07901556527864673,8.531841382891109,0.049999999999999996,1.4505849505943935,0.0,0.022745996732832445,0.0770673353933188,0,True,0.05290041042234685
1998-06-30,mom,mv,49,0.07962910340019738,4.110782824330941,0.05000000000000001,1.3071456018380467,-7.28583859910259e-17,0.00025626155621211167,0.07091751488974736,0,True,-0.004180830790386683
1998-06-30,mom,diag,49,0.07962910340019738,9.000564525328475,0.05,1.3470210395360827,-2.949029909160572e-17,-0.014782430353060948,0.06731654169603202,0,True,0.008660934259986071
1998-07-31,mom,mv,49,0.07986018505354558,3.9156711248173175,0.05,1.320548076394188,-6.5052130349130266e-18,-0.013994434429947411,0.08331672418514872,0,True,0.011322712142097659
1998-07-31,mom,diag,49,0.07986018505354558,9.614888809779998,0.05,1.3720633509666584,4.0766001685454967e-17,-0.03835945538104675,0.05453807237285519,0,True,0.017064228886927237
1998-08-31,mom,mv,49,0.07994434724186408,3.5257812966698276,0.049999999999999996,1.2475455097385415,-2.168404344971009e-17,-0.010427113526569543,0.09621133443026995,0,True,-0.04557025498281188
1998-08-31,mom,diag,49,0.07994434724186408,10.33509727173608,0.049999999999999996,1.291885812914887,4.336808689942018e-17,-0.033999313642975725,0.04785844770517625,0,True,-0.03222953834291927
1998-09-30,mom,mv,49,0.07973740382960164,3.7526763813676247,0.05,1.132367987283115,-2.1467203015212988e-17,-0.12439136129115555,0.07712864336061195,0,True,-0.01134002928317174
1998-09-30,mom,diag,49,0.07973740382960164,10.030888911923041,0.04999999999999999,1.2247358057124005,-3.2959746043559335e-17,-0.13417962876052233,0.054674178552856646,0,True,-0.0014677848608807258
1998-10-31,mom,mv,49,0.07966356411980642,3.6136051505324795,0.05,1.2677171388291266,5.551115123125783e-17,-0.10523123127955707,0.0781512300139614,0,True,0.00999932143000527
1998-10-31,mom,diag,49,0.07966356411980642,9.584613418328924,0.05000000000000001,1.2697741420195903,9.020562075079397e-17,-0.11395131509672818,0.05356320946266682,0,True,0.00793872718686151
1998-11-30,mom,mv,49,0.07974015987048223,3.6480825145253437,0.05,1.347290821978573,-7.28583859910259e-17,-0.043403600562494135,0.062060326024883775,0,True,0.03683348086807568
1998-11-30,mom,diag,49,0.07974015987048223,9.196107121646461,0.05,1.3649810918601104,-6.245004513516506e-17,-0.06021097685108674,0.05095546652040906,0,True,0.04271308993777545
1998-12-31,mom,mv,49,0.08011615844729461,3.767143982032174,0.049999999999999996,1.239338532855335,-8.673617379884035e-18,-0.015840450323582656,0.06540644482792968,0,True,0.03223359404311783
1998-12-31,mom,diag,49,0.08011615844729461,9.177230770897209,0.049999999999999996,1.208981303113468,-5.637851296924623e-17,-0.02090614217094502,0.061351369811455184,0,True,0.03629398541390513
1999-01-31,mom,mv,49,0.0802776967389979,3.6891802928063893,0.049999999999999996,1.166217486992491,2.0816681711721685e-17,-0.021625983883185693,0.07216369000345192,0,True,-0.00994693620261
1999-01-31,mom,diag,49,0.0802776967389979,9.562314478367364,0.05,1.1745309814008824,-3.729655473350135e-17,-0.004621617433684563,0.06175158837380058,0,True,-0.0018178462176585994
1999-02-28,mom,mv,49,0.08016631545897392,3.531348140959406,0.049999999999999996,1.1047842865770094,3.903127820947816e-17,-0.008962045590560436,0.0772345876321006,0,True,0.025195057665186173
1999-02-28,mom,diag,49,0.08016631545897392,9.708590027344574,0.05,1.0510208363109523,-2.9788454689039234e-17,0.02095522070566127,0.05747601213915137,0,True,0.027070526403440733
1999-03-31,mom,mv,49,0.0805345832667558,3.61146863234378,0.05,1.142440686004879,-8.673617379884035e-19,-0.0207594277677896,0.07458191096040033,0,True,-0.036109363728724954
1999-03-31,mom,diag,49,0.0805345832667558,9.586364538672397,0.049999999999999996,1.0913425783744397,2.5587171270657905e-17,0.008648509452134766,0.054890998175087316,0,True,-0.05843556211924594
1999-04-30,mom,mv,49,0.07988561327338323,3.67341778904174,0.05,1.0309793641928242,5.204170427930421e-17,-0.03446931454787255,0.08414710419956208,0,True,-0.008268478395793507
1999-04-30,mom,diag,49,0.07988561327338323,9.906623857575722,0.05,0.9578440095682357,4.683753385137379e-17,-0.04233000664251511,0.04998131659237034,0,True,-0.010913577364676075
1999-05-31,mom,mv,49,0.07966771190770593,3.4180616140303877,0.04999999999999999,1.1211803776223899,-1.1275702593849246e-17,0.004438425279691031,0.07661953083427414,0,True,-0.008507650693394705
1999-05-31,mom,diag,49,0.07966771190770593,8.523918492983901,0.05,0.9471684612787171,-3.5561831257524545e-17,0.022662016375151476,0.05598552872458386,0,True,0.004125522601857323
1999-06-30,mom,mv,49,0.07985997626527944,3.743686635956637,0.05,1.1472910873365787,-3.729655473350135e-17,-0.014880688214525097,0.07069622757483925,0,True,0.008482411913396003
1999-06-30,mom,diag,49,0.07985997626527944,7.865443344962677,0.05,1.033234116682699,2.5973418294605866e-17,0.01969684058774484,0.06288889118240502,0,True,0.007969629300890888
1999-07-31,mom,mv,49,0.07997834033660188,3.787440309488986,0.05000000000000001,1.35564553644441,2.6020852139652106e-17,-0.003388678300900508,0.05431985472704845,0,True,0.016937740784797536
1999-07-31,mom,diag,49,0.07997834033660188,9.009645599429476,0.05,1.1065168577780973,-1.214306433183765e-17,0.036906273711426026,0.05389077433544287,0,True,0.023193361340306175
1999-08-31,mom,mv,49,0.08016972133588326,3.757152440297508,0.05,1.2205851339926297,-4.85722573273506e-17,0.061044411117320035,0.05728175053599929,0,True,0.01970355544148037
1999-08-31,mom,diag,49,0.08016972133588326,9.172434168762079,0.05000000000000001,1.042594921158626,3.469446951953614e-18,0.08826260971492675,0.0650982849915337,0,True,0.027559628599739937
1999-09-30,mom,mv,49,0.08060182952436322,3.84311738663916,0.05,1.1154990687465238,2.7755575615628914e-17,0.03260759284704684,0.064658040854558,0,True,0.0663845405713718
1999-09-30,mom,diag,49,0.08060182952436322,8.795966910381035,0.05,1.0519202801019112,1.3877787807814457e-17,0.06329180470908537,0.06691484254365808,0,True,0.040393000006268484
1999-10-31,mom,mv,49,0.08086177246493893,3.755010308719427,0.05,1.099165036433873,-2.0816681711721685e-17,-0.0016478970421213404,0.05902668445876759,0,True,0.02047514046589612
1999-10-31,mom,diag,49,0.08086177246493893,9.201112562464719,0.05,0.9687891173573159,-6.938893903907228e-18,0.02444011530901892,0.06687697902271753,0,True,0.02476552740168062
1999-11-30,mom,mv,49,0.08107262010270909,3.9291258722006286,0.05000000000000001,1.042156516481568,1.3877787807814457e-17,-0.010557043984252685,0.06622483920963426,0,True,0.05587752347220539
1999-11-30,mom,diag,49,0.08107262010270909,8.961516062679795,0.049999999999999996,0.9267664978677927,2.7755575615628914e-17,0.011577973523384317,0.057538370745031854,0,True,0.05988689844387478
1999-12-31,mom,mv,49,0.08165231612933277,3.811834920299536,0.05,1.086117612859983,-5.551115123125783e-17,-0.002964167411871712,0.05446502803053329,0,True,0.017652656893300013
1999-12-31,mom,diag,49,0.08165231612933277,9.53957157461681,0.05,0.9364528464393118,-3.469446951953614e-18,0.04664153293525286,0.05944273377312299,0,True,0.01482877153131878
2000-01-31,mom,mv,49,0.0816551052413003,3.7033063110533413,0.049999999999999996,1.090006062554278,-1.3877787807814457e-17,0.011396130807057587,0.05008862524032488,0,True,0.04687102068956969
2000-01-31,mom,diag,49,0.0816551052413003,9.766164701230315,0.049999999999999996,1.014648934054448,-6.938893903907228e-18,0.05994042801354243,0.05154591853030041,0,True,0.06029954990800579
2000-02-29,mom,mv,49,0.08200145657633064,3.902388061217886,0.05000000000000001,0.9736723742206987,2.0816681711721685e-17,-0.009861200915943438,0.06389127692477624,0,True,-0.0086829875862561
2000-02-29,mom,diag,49,0.08200145657633064,10.193750341394203,0.049999999999999996,0.8137311786534631,4.85722573273506e-17,0.018241232964133228,0.059458332469962454,0,True,-0.022743397874527217
2000-03-31,mom,mv,49,0.08166545041553135,3.4798491332100627,0.049999999999999996,0.9533267837364849,0.0,-0.014700358476350754,0.1000000000096801,1,True,-0.029739341779372944
2000-03-31,mom,diag,49,0.08166545041553135,10.691486301856674,0.05,0.7323718650159031,1.3010426069826053e-17,-0.004051660678438628,0.08302484203267899,0,True,-0.025934668496693094
2000-04-30,mom,mv,49,0.08108597516520767,3.5120202691709523,0.05,0.9399852561601723,0.0,-0.015143443700312063,0.0926106950280648,0,True,-0.024775878768992055
2000-04-30,mom,diag,49,0.08108597516520767,9.971915803872099,0.05,0.7980583595500574,6.938893903907228e-18,-0.0035605875944035694,0.07110100718673944,0,True,-0.02653654821862683
2000-05-31,mom,mv,49,0.08061638624290403,3.5998619534543885,0.05,1.06638654150264,7.979727989493313e-17,-0.012121369961514252,0.0712633786964364,0,True,0.027592726583407865
2000-05-31,mom,diag,49,0.08061638624290403,9.79006044422076,0.05,0.7972149266078952,3.469446951953614e-17,0.011874525696321813,0.06655783235344093,0,True,0.0374759575399008
2000-06-30,mom,mv,49,0.08088360715559852,3.978080793244403,0.05,1.1869417806171068,6.938893903907228e-17,-0.044026315741350505,0.06249688868334053,0,True,-0.008727356191436433
2000-06-30,mom,diag,49,0.08088360715559852,9.663702812671811,0.05000000000000001,0.8935268470023576,2.6020852139652106e-17,-0.025575677044939737,0.06113074777505582,0,True,-0.023524788481462756
2000-07-31,mom,mv,49,0.08049863759911828,3.763040636536442,0.05,1.1595142823144182,4.981908982570893e-17,-0.011306103473281015,0.05292163218634,0,True,0.03635892680033433
2000-07-31,mom,diag,49,0.08049863759911828,10.62115089615347,0.049999999999999996,0.8143373712945169,1.3877787807814457e-17,-0.0024740292835474255,0.05480979408541037,0,True,0.03273694834523987
2000-08-31,mom,mv,49,0.08084475276711706,4.046835662807056,0.05,1.1462918494920404,-3.9898639947466563e-17,0.027486287723382307,0.05578885733950786,0,True,-0.004794231659206063
2000-08-31,mom,diag,49,0.08084475276711706,9.685021795394531,0.05,0.8968151826339539,2.7755575615628914e-17,0.041626828845865604,0.049461241088521034,0,True,-0.025402174123190163
2000-09-30,mom,mv,49,0.08050017305256228,4.10752290683436,0.05,1.0762035592955053,1.734723475976807e-17,0.04336843168852706,0.05159799739410895,0,True,-0.007485061422984553
2000-09-30,mom,diag,49,0.08050017305256228,9.68938045644859,0.05,0.8504013538949021,-2.0816681711721685e-17,0.07169243592496305,0.05510574621767613,0,True,-0.02589511568577624
2000-10-31,mom,mv,49,0.08005793027706193,4.323530206373252,0.05,1.1297910422814117,-2.0816681711721685e-17,0.017498273202599078,0.0553376500452128,0,True,-0.02619295079132219
2000-10-31,mom,diag,49,0.08005793027706193,8.749256894130202,0.05000000000000001,1.03223850318683,4.85722573273506e-17,0.035504579239382814,0.06237400949948722,0,True,-0.02835643837011228
2000-11-30,mom,mv,49,0.07965820643098287,4.614156594011205,0.05,1.098284015723867,3.8163916471489756e-17,0.005422589518642899,0.05700304474753248,0,True,0.019614138237778394
2000-11-30,mom,diag,49,0.07965820643098287,7.561066200512726,0.04999999999999999,1.1315738272820617,-4.163336342344337e-17,0.007585014888578366,0.05424453902710803,0,True,0.008492453720467965
2000-12-31,mom,mv,49,0.07965836256696514,4.114048821590672,0.05,1.06824359718471,8.673617379884035e-18,-0.03949268658122185,0.06738094064406368,0,True,-0.04093983841903721
2000-12-31,mom,diag,49,0.07965836256696514,9.191149940101955,0.05,0.902724459818803,-6.938893903907228e-18,-0.08053828865747255,0.05080923353930979,0,True,-0.05513985691934346
2001-01-31,mom,mv,49,0.07882277748443615,3.839713352480268,0.05000000000000001,1.007044524868341,1.734723475976807e-18,-0.005098618939468491,0.0912240812560086,0,True,0.019566373027611435
2001-01-31,mom,diag,49,0.07882277748443615,9.576390999536022,0.05,0.7507640198992988,4.9873299934333204e-18,-0.0533232882324233,0.05528519131366721,0,True,0.03852684254259444
2001-02-28,mom,mv,49,0.07930199264519115,3.9170207090754925,0.049999999999999996,1.0371550434539176,2.42861286636753e-17,0.01298165944107213,0.09271032672672752,0,True,0.013309107936325126
2001-02-28,mom,diag,49,0.07930199264519115,10.070090033333738,0.05,0.689357251505584,-1.3010426069826053e-17,-0.05172299692862147,0.05574437471314057,0,True,0.015349704273585054
2001-03-31,mom,mv,49,0.07959098425571087,3.745628115271447,0.05,0.86493726712859,1.8648277366750676e-17,-0.0390635089603095,0.10000000000978662,1,True,0.00154694797258351
2001-03-31,mom,diag,49,0.07959098425571087,9.936754226939554,0.049999999999999996,0.609312887878541,1.3877787807814457e-17,-0.09990368859706128,0.06719207223102376,0,True,-0.013773889059851219
2001-04-30,mom,mv,49,0.07906850447056614,3.3796688962733956,0.05,0.7951003107526848,-1.0408340855860843e-17,-0.05050152882136715,0.10000000000964407,2,True,-0.008981178144941416
2001-04-30,mom,diag,49,0.07906850447056614,8.544708672819104,0.05,0.5805055368392258,3.469446951953614e-18,-0.11215420993640314,0.08241284104996643,0,True,0.0005071337635449212
2001-05-31,mom,mv,49,0.07913507410284772,3.3700559835228776,0.05,0.8125810987918444,6.938893903907228e-18,-0.016911688009835342,0.09999999999023368,1,True,-0.011547652874484731
2001-05-31,mom,diag,49,0.07913507410284772,6.911733236786489,0.05,0.6205388605232168,-8.673617379884035e-18,-0.07446221147313235,0.07280709575330088,0,True,0.0007554517911652754
2001-06-30,mom,mv,49,0.07905767893298563,3.8651362736263817,0.05,0.8761410909599419,-1.0408340855860843e-17,-0.018617873852031886,0.09783216871370767,0,True,-0.01171122512915429
2001-06-30,mom,diag,49,0.07905767893298563,9.30349593009728,0.05,0.6402189691764508,-2.0816681711721685e-17,-0.08207114180293207,0.05753177963610198,0,True,0.0065917955192678025
2001-07-31,mom,mv,49,0.07931258712669069,4.046925931524144,0.049999999999999996,0.9308701557385431,-2.0816681711721685e-17,-0.024345988985597013,0.10000000000980237,1,True,0.01031999046152698
2001-07-31,mom,diag,49,0.07931258712669069,9.65716634628012,0.05,0.6295392770592977,-5.2909066017292616e-17,-0.0941647665476293,0.06751258724636673,0,True,0.017206956119961765
2001-08-31,mom,mv,49,0.07969815785436951,3.5426241548098996,0.05,1.0563040633535663,-1.734723475976807e-17,-0.05507663130342861,0.06806716860906743,0,True,0.029445883840741767
2001-08-31,mom,diag,49,0.07969815785436951,11.533713673764742,0.05,0.6316941649150485,-1.734723475976807e-17,-0.123149012826544,0.049571980825286084,0,True,0.02619646287553039
2001-09-30,mom,mv,49,0.08003080932407029,3.9271824655570886,0.05,0.9391969091048414,-3.469446951953614e-18,-0.04731594770323361,0.08207395461984973,0,True,0.0024808589444876078
2001-09-30,mom,diag,49,0.08003080932407029,10.641235408800933,0.04999999999999999,0.6752143643622938,0.0,-0.1307672422733341,0.04397059683697669,0,True,-0.006323211092931945
2001-10-31,mom,mv,49,0.07977686970744688,3.9469243876680373,0.05,0.9157934070766167,-2.42861286636753e-17,-0.08061079511819998,0.07684581695271064,0,True,-0.028656310644235773
2001-10-31,mom,diag,49,0.07977686970744688,9.726398856730553,0.05,0.6574481136077627,-1.0408340855860843e-17,-0.17294242142189736,0.05562599522705358,0,True,-0.03221486771617685
2001-11-30,mom,mv,49,0.07902078344431951,4.332765644031136,0.05,0.9668449978265475,-2.7755575615628914e-17,-0.06546257853366161,0.06331102789984594,0,True,0.00991082711772682
2001-11-30,mom,diag,49,0.07902078344431951,8.899244244456193,0.05000000000000001,0.7441155254664273,-6.245004513516506e-17,-0.15551745533742026,0.06020493381193823,0,True,0.009475251921248536
2001-12-31,mom,mv,49,0.07917573896665044,4.250951206822353,0.05,1.1005659435028674,-4.163336342344337e-17,-0.0671727437419786,0.0678168826187212,0,True,0.033064817767944975
2001-12-31,mom,diag,49,0.07917573896665044,8.718948828360764,0.05,0.8393885217779242,1.3877787807814457e-17,-0.14349503525101368,0.061820121300241566,0,True,0.02466559164645081
2002-01-31,mom,mv,49,0.07962843103345912,3.8445242303020097,0.049999999999999996,1.0589671233143119,2.6020852139652106e-17,-0.08562329004561559,0.07803168972682083,0,True,0.0192770951941318
2002-01-31,mom,diag,49,0.07962843103345912,10.310891025660194,0.05,0.7236374847959675,3.469446951953614e-18,-0.16842281586741875,0.05093890613090415,0,True,0.020120295800161527
2002-02-28,mom,mv,49,0.07990626920035417,4.3303309065429065,0.05000000000000001,1.1074619753056714,-4.85722573273506e-17,-0.04556410357215903,0.05925014080234277,0,True,0.002836538810052921
2002-02-28,mom,diag,49,0.07990626920035417,8.66222463432624,0.05,0.9504064467632429,-2.0816681711721685e-17,-0.1063640321067211,0.046271354027223086,0,True,-0.0033617331443959895
2002-03-31,mom,mv,49,0.07969501155717128,4.5278183095411535,0.05,1.0240398294000546,-1.0408340855860843e-17,-0.022093535179936445,0.06008268449918229,0,True,0.030733937872199097
2002-03-31,mom,diag,49,0.07969501155717128,8.276583442589182,0.05,0.8412263290827311,2.0816681711721685e-17,-0.09668333450325468,0.05766353058230803,0,True,0.0372306965944881
2002-04-30,mom,mv,49,0.08035998006845937,4.369093619209443,0.05,1.0244907048183733,3.469446951953614e-18,-0.043909138053648135,0.07257364624890558,0,True,0.008830429622225572
2002-04-30,mom,diag,49,0.08035998006845937,9.100767147536557,0.05,0.7922624698176344,1.3877787807814457e-17,-0.1274914204839114,0.0639667348242003,0,True,0.008731115761258037
2002-05-31,mom,mv,49,0.0804531690119638,4.153657049946688,0.05,1.0549720009728034,6.938893903907228e-18,-0.05177355281765664,0.07306301682300308,0,True,0.01062393033449084
2002-05-31,mom,diag,49,0.0804531690119638,9.586891281906261,0.05000000000000001,0.8197954085432948,6.938893903907228e-18,-0.13354782567632512,0.053587095314860694,0,True,0.018853107680072506
2002-06-30,mom,mv,49,0.08080919612810375,4.353725478567572,0.05,1.023818640558275,0.0,-0.05189980797003511,0.07844184171272948,0,True,-0.006940143229317675
2002-06-30,mom,diag,49,0.08080919612810375,9.343260812851224,0.05,0.7720801195454597,-3.469446951953614e-17,-0.14176574723673172,0.053182060105514184,0,True,-0.004751006419510631
2002-07-31,mom,mv,49,0.08072347163580999,4.211359666335309,0.05000000000000001,1.0094926574803174,-6.938893903907228e-18,-0.036733770267813576,0.09886547615555395,0,True,0.020268425702282038
2002-07-31,mom,diag,49,0.08072347163580999,9.463372099881287,0.05000000000000001,0.7667324010845432,-4.5102810375396984e-17,-0.10458882135284496,0.06104312702236143,0,True,0.012632260914982232
2002-08-31,mom,mv,49,0.08087822581661086,4.175262289418715,0.05,1.0407769259301611,3.469446951953614e-18,-0.05110527922276208,0.09836244845862922,0,True,0.02979638614254837
2002-08-31,mom,diag,49,0.08087822581661086,9.330603874459337,0.05,0.7411996922826843,1.734723475976807e-17,-0.12640957857528912,0.062383635872391686,0,True,0.02398391739810158
2002-09-30,mom,mv,49,0.08137039402993573,4.450060373462149,0.05,1.1334202297675218,6.938893903907228e-18,-0.0017186216810415693,0.06594888746131608,0,True,-0.01528629501732281
2002-09-30,mom,diag,49,0.08137039402993573,8.848467489089892,0.05,0.9559620575196092,-2.7755575615628914e-17,-0.03220444973954307,0.0641633782456935,0,True,-0.022997731241966524
2002-10-31,mom,mv,49,0.08099366761447031,4.325615296806595,0.05,1.1255927700158546,3.122502256758253e-17,-0.05102230237973647,0.05121946658097065,0,True,-0.03610104416338684
2002-10-31,mom,diag,49,0.08099366761447031,9.757564212240766,0.05,0.7690756785734693,5.204170427930421e-17,-0.12153336731348952,0.04947372803727452,0,True,-0.03382886158938818
2002-11-30,mom,mv,49,0.08032045327884942,4.295312438830703,0.05,1.0060818985486586,0.0,-0.05316104813867623,0.05807129199630642,0,True,0.02144378715092203
2002-11-30,mom,diag,49,0.08032045327884942,9.488484593030536,0.05000000000000001,0.7502230123713183,-4.163336342344337e-17,-0.14864823871018532,0.048763724599737504,0,True,0.02513756541340982
2002-12-31,mom,mv,49,0.0807456075291836,4.596165183600534,0.05000000000000001,1.04857717834769,1.734723475976807e-17,-0.03761730793285591,0.060960050942323485,0,True,-0.0014079299161324223
2002-12-31,mom,diag,49,0.0807456075291836,8.605316980755214,0.05,0.9022992268488481,2.0816681711721685e-17,-0.11386932036556094,0.055882695624484655,0,True,-0.004673030584253823
2003-01-31,mom,mv,49,0.08055977073754525,4.301439519917696,0.05000000000000002,0.9808076593491201,-1.3877787807814457e-17,-0.06289545765246464,0.06738160979968176,0,True,-0.0052355253513328625
2003-01-31,mom,diag,49,0.08055977073754525,9.16105359509065,0.05,0.7640257693173477,-1.3877787807814457e-17,-0.16765517615950828,0.04774370207186945,0,True,-0.006368980436210562
2003-02-28,mom,mv,49,0.08026010634420339,4.604705611013114,0.05000000000000002,1.123175553114367,5.551115123125783e-17,-0.06859869869330927,0.061789161162271525,0,True,-0.0006634274047198513
2003-02-28,mom,diag,49,0.08026010634420339,8.398554328787558,0.05,0.8890593292907507,3.469446951953614e-17,-0.1830449523486689,0.05814961468183348,0,True,0.0035592783056750867
2003-03-31,mom,mv,49,0.08039924810611691,4.646373148710875,0.05,1.2464891507831797,-6.938893903907228e-18,-0.08212785084196308,0.0583201612516788,0,True,-0.008522362933354864
2003-03-31,mom,diag,49,0.08039924810611691,8.67792281783714,0.05000000000000001,0.9899050658485031,3.469446951953614e-18,-0.19418155200289738,0.06117788620708248,0,True,-0.01826986473041047
2003-04-30,mom,mv,49,0.07982424108308035,4.694223321254604,0.049999999999999996,1.2372967580361283,-5.724587470723463e-17,-0.08670281561312142,0.059195511554989214,0,True,-0.031134221710563938
2003-04-30,mom,diag,49,0.07982424108308035,7.8382620679340285,0.049999999999999996,1.0966027400260479,6.071532165918825e-17,-0.17353445419283933,0.0678245327039421,0,True,-0.02509307576440797
2003-05-31,mom,mv,49,0.07939364479254807,4.7655323463567285,0.049999999999999996,1.213605801112267,6.938893903907228e-18,-0.07021474488726318,0.06766014817811902,0,True,-0.0023102275161741826
2003-05-31,mom,diag,49,0.07939364479254807,7.572003415291025,0.049999999999999996,1.1687577108111962,-6.938893903907228e-17,-0.10532770272065269,0.05885903580517485,0,True,-0.006641420604615727
2003-06-30,mom,mv,49,0.07916985414963361,4.662311497555029,0.05,1.1750525188586989,-3.0791341698588326e-17,-0.026211570530603016,0.05972831644140435,0,True,-0.017450262754726817
2003-06-30,mom,diag,49,0.07916985414963361,7.508059160460481,0.05,1.0117905269044192,-1.9081958235744878e-17,-1.2808329694401229e-05,0.07075300018959009,0,True,-0.01976153482290587
2003-07-31,mom,mv,49,0.07883491164447384,4.781813027385226,0.05,1.0925989195168975,-4.163336342344337e-17,0.022071471225278624,0.06708242781150593,0,True,-0.000513290616367626
2003-07-31,mom,diag,49,0.07883491164447384,7.405191629327736,0.05,0.8977084065677302,-3.122502256758253e-17,0.0926057092094201,0.06739781442256852,0,True,0.002417226000293104
2003-08-31,mom,mv,49,0.07874826824883627,4.670084794764138,0.05,1.228943341736639,0.0,0.04527277177538423,0.06290869401325704,0,True,0.010968886545262145
2003-08-31,mom,diag,49,0.07874826824883627,8.618034444042916,0.049999999999999996,0.9192417364095692,3.122502256758253e-17,0.16828709370167835,0.05433645823806824,0,True,0.003434365603953891
2003-09-30,mom,mv,49,0.07868512251600578,4.026771371118716,0.05000000000000001,1.1085413110797593,2.7755575615628914e-17,0.10900355027337598,0.05962808118600929,0,True,0.020455437672489956
2003-09-30,mom,diag,49,0.07868512251600578,10.43254157952919,0.05,0.7015770438451882,-3.5344990823027445e-17,0.21718912538162732,0.047151286212118705,0,True,0.02221826936176552
2003-10-31,mom,mv,49,0.07918561140564001,4.519613439039623,0.05000000000000002,1.1262978371523662,2.7159264420761886e-17,0.07902135855019489,0.06244351297359752,0,True,0.012494280941899446
2003-10-31,mom,diag,49,0.07918561140564001,8.635838338271013,0.05,0.9245845690428263,-3.382710778154774e-17,0.1877735411582393,0.0781050996599652,0,True,0.014094355372383084
2003-11-30,mom,mv,49,0.07948561151783202,4.47385498609103,0.05000000000000001,1.1028519005246316,-3.469446951953614e-17,0.06879802630980393,0.06943864663719096,0,True,-0.027149138692006185
2003-11-30,mom,diag,49,0.07948561151783202,7.3392706264960434,0.05,1.0004791582544768,-3.642919299551295e-17,0.137315320027001,0.09415188149329658,0,True,-0.01850973770104998
2003-12-31,mom,mv,49,0.07893428443223391,4.153761308391731,0.05,0.9441609666436249,-2.0816681711721685e-17,0.09414271854652785,0.08908826598744865,0,True,-0.008358346919615574
2003-12-31,mom,diag,49,0.07893428443223391,8.89309916206831,0.05,0.8901069392717231,-1.734723475976807e-17,0.19040473393631852,0.08736705526041418,0,True,-0.0067129914960519345
2004-01-31,mom,mv,49,0.07876933225298552,4.117320688222545,0.05,1.0610662757071663,4.5319650809894085e-17,0.13106955478893162,0.060824840558621966,0,True,0.010772847611877407
2004-01-31,mom,diag,49,0.07876933225298552,9.592463045620471,0.05,0.8669245209419005,-1.8431436932253575e-17,0.22597133572390604,0.06893245415403097,0,True,0.0038589494043012548
2004-02-29,mom,mv,49,0.07870539819344405,3.950084647665105,0.05000000000000001,1.2514708990563508,-3.9898639947466563e-17,0.14478490811362418,0.06421194238359017,0,True,0.008485618702792585
2004-02-29,mom,diag,49,0.07870539819344405,9.494291350022305,0.05,0.9466191338885583,-1.5395670849294163e-17,0.23186808553937,0.072751434497571,0,True,-0.0004832796200618897
2004-03-31,mom,mv,49,0.07861695031045354,4.154910049411759,0.05000000000000001,1.1589830120143192,1.3877787807814457e-17,0.15266515551896287,0.06213695142975785,0,True,-0.02540752165675836
2004-03-31,mom,diag,49,0.07861695031045354,9.057033098937465,0.05,0.9850548156639751,3.8163916471489756e-17,0.22938594118316322,0.07630628146192661,0,True,-0.030133354108240473
2004-04-30,mom,mv,49,0.07808460612019996,4.323886583229766,0.05000000000000001,1.0726815836371812,7.632783294297951e-17,0.11324078060559303,0.06903617383039783,0,True,-0.0034616877529391158
2004-04-30,mom,diag,49,0.07808460612019996,8.483724549312779,0.05,0.9897165679739708,-1.734723475976807e-17,0.17087981997045465,0.07118280179066168,0,True,0.002523095321056612
2004-05-31,mom,mv,49,0.07815588775064439,4.753262892073805,0.05,1.3971336101483174,0.0,0.08393721708515485,0.06609100922234941,0,True,0.004954419166920968
2004-05-31,mom,diag,49,0.07815588775064439,7.108810998274757,0.049999999999999996,1.3278432839677172,4.163336342344337e-17,0.1163336732499427,0.06255503368018238,0,True,0.010309151548859858
2004-06-30,mom,mv,49,0.07829073538515757,4.848139063758421,0.05,1.3328228604121437,6.938893903907228e-18,0.08071031916274848,0.06373167705252857,0,True,-0.01346965715367744
2004-06-30,mom,diag,49,0.07829073538515757,7.225091231197416,0.05000000000000001,1.2224990949370644,-1.3877787807814457e-17,0.1604919110581479,0.05680265843429774,0,True,-0.00846476657840814
2004-07-31,mom,mv,49,0.07814906275459443,4.058717884202465,0.05000000000000001,1.2589252540558544,2.0274580625478933e-17,0.07946225337617034,0.060745677989264606,0,True,-0.0099342483729394
2004-07-31,mom,diag,49,0.07814906275459443,6.148183557110458,0.05,1.1685237878495496,-2.7755575615628914e-17,0.12230672439301286,0.0483474818987301,0,True,-0.004742439577987878
2004-08-31,mom,mv,49,0.07789198372584519,3.8726271234339347,0.05,1.2953103450176393,-2.47198095326695e-17,0.021462498035504905,0.05851440659281335,0,True,0.02034153642670857
2004-08-31,mom,diag,49,0.07789198372584519,6.175230071057164,0.05,1.1468555183729017,-3.0466081046842675e-17,-0.0037647443754698826,0.05323474487758237,0,True,0.01653676607083723
2004-09-30,mom,mv,49,0.07804061024515989,3.9161804082609613,0.05,1.2656702812844982,3.469446951953614e-17,0.02015590635797289,0.0796729483826051,0,True,-0.017459172402008165
2004-09-30,mom,diag,49,0.07804061024515989,6.984305134706401,0.05,1.089895237888228,-1.9081958235744878e-17,-0.0012420941928928861,0.05356274154263054,0,True,-0.01655099320805952
2004-10-31,mom,mv,49,0.07752924111973802,3.9053527367555523,0.05000000000000001,1.233536218241636,2.0816681711721685e-17,-0.016419756701878126,0.08065421622925274,0,True,0.023181182181662322
2004-10-31,mom,diag,49,0.07752924111973802,6.917402436573372,0.049999999999999996,1.086996029650166,-4.336808689942018e-17,-0.055739921450585414,0.08151984447539648,0,True,0.0215588883265975
2004-11-30,mom,mv,49,0.07783951603481593,4.1012066697164595,0.05,1.2748639967871371,2.0816681711721685e-17,-0.015545165337812819,0.08231730545177096,0,True,-0.00570494783982723
2004-11-30,mom,diag,49,0.07783951603481593,6.532797288321097,0.049999999999999996,1.127425076733057,3.8163916471489756e-17,-0.044178964848277706,0.08958864905715232,0,True,-0.008520226391824141
2004-12-31,mom,mv,49,0.07758458879314577,4.145081983980075,0.05,1.195206482086496,-4.163336342344337e-17,0.00503616835127113,0.09554369232140197,0,True,0.02367375899742621
2004-12-31,mom,diag,49,0.07758458879314577,6.373505905407942,0.05,1.1344113475952604,-1.2576745200831851e-17,-0.009478788928895542,0.07075636739933003,0,True,0.021517872262169935
2005-01-31,mom,mv,49,0.0779609975303466,3.9717726319651128,0.05,1.1977554170505373,1.6046192152785466e-17,0.0099894168134956,0.0999999999902264,1,True,0.025480119299300323
2005-01-31,mom,diag,49,0.0779609975303466,6.865847600073784,0.05,1.1650024127955956,-1.5612511283791264e-17,-0.00479975354400686,0.07587299113891292,0,True,0.03312810659706043
2005-02-28,mom,mv,49,0.07830095996870158,4.096687919687222,0.05,1.25055493869743,1.5612511283791264e-17,-0.0041775499429551,0.09999999999008143,1,True,-0.0009662055148853961
2005-02-28,mom,diag,49,0.07830095996870158,6.607322704909088,0.05,1.1702461503099504,-8.657354347296753e-17,-0.029749562008620115,0.09022420762319855,0,True,-0.0016494135084940808
2005-03-31,mom,mv,49,0.07827385739794282,3.9276258200307823,0.04999999999999999,1.115494254044864,-4.163336342344337e-17,0.02222082420481954,0.09999999999010058,1,True,-0.0032089001632916907
2005-03-31,mom,diag,49,0.07827385739794282,7.195964528462246,0.05,1.125262811544356,-1.431146867680866e-17,0.02471507646861097,0.08104745789470963,0,True,-0.007558273909030778
2005-04-30,mom,mv,49,0.07807063757468757,4.012179153906433,0.05,1.2324045819665144,-3.8163916471489756e-17,0.03502928854456292,0.0999999999918687,1,True,0.008385242986239057
2005-04-30,mom,diag,49,0.07807063757468757,7.7235308934391576,0.05,1.157915574910949,-1.3877787807814457e-17,0.06392334412839559,0.07707828696235124,0,True,0.006603040908122087
2005-05-31,mom,mv,49,0.0780173160430505,4.381421053401519,0.049999999999999996,1.2661759495785658,6.938893903907228e-18,0.0017424732447653744,0.09999999999883719,1,True,0.012851186273537565
2005-05-31,mom,diag,49,0.0780173160430505,7.662132130112978,0.05,1.152806929125589,2.7755575615628914e-17,-0.03864010837606234,0.09288449322305752,0,True,0.01577630321054257
2005-06-30,mom,mv,49,0.07812692600977582,4.30020339427748,0.05,1.2818241678733429,7.719519468096792e-17,-0.0015280709537222562,0.10000000000649244,1,True,-0.001240468008014195
2005-06-30,mom,diag,49,0.07812692600977582,7.536947136575725,0.05,1.1355285773417405,-2.3310346708438345e-17,-0.048247950630942484,0.11209801879909774,1,True,-0.0009320161000399853
2005-07-31,mom,mv,49,0.07801887930697073,4.273845405232872,0.049999999999999996,1.1856320685430037,-2.7755575615628914e-17,0.021946406450153697,0.09999999999009826,1,True,0.002188973506622539
2005-07-31,mom,diag,49,0.07801887930697073,7.41429683059774,0.05,1.076162427053815,4.5102810375396984e-17,-0.01934268516670992,0.11673436228058853,1,True,0.004422376241117842
2005-08-31,mom,mv,49,0.07794783373367133,4.016296236622254,0.05,1.1045495879483767,-9.020562075079397e-17,0.06312354431488623,0.09154269934364818,0,True,0.004450701076950807
2005-08-31,mom,diag,49,0.07794783373367133,6.415110681310925,0.05,1.0725408847075566,1.734723475976807e-17,0.10369519202045274,0.09905758671620112,0,True,0.014673111849914735
2005-09-30,mom,mv,49,0.07819531194385168,3.9020904943639447,0.05,1.1280328433493054,-1.734723475976807e-17,0.052128247101895765,0.08363890844212808,0,True,-0.013784882668728744
2005-09-30,mom,diag,49,0.07819531194385168,6.143791630521594,0.05,1.1068880537743453,-2.7755575615628914e-17,0.05141857143298539,0.07823559927574109,0,True,-0.022831894625114642
2005-10-31,mom,mv,49,0.07787699734799304,3.5213087073039704,0.05,1.1648137282191362,-2.0816681711721685e-17,0.06058126327358001,0.05805193904209669,0,True,-0.004668128612263842
2005-10-31,mom,diag,49,0.07787699734799304,6.46763119018158,0.05,1.088108697588703,2.0816681711721685e-17,0.055321145313154636,0.06439203434711223,0,True,-0.004221113800522001
2005-11-30,mom,mv,49,0.07770092125867949,4.099788664234187,0.05000000000000002,1.2404464747276323,-1.734723475976807e-17,0.0390038687968469,0.0675140205795385,0,True,-4.4526056083501545e-05
2005-11-30,mom,diag,49,0.07770092125867949,6.909505103431056,0.05000000000000001,1.1299245569595897,-3.9898639947466563e-17,-0.00353867609067946,0.06264627043031956,0,True,0.004763601153744424
2005-12-31,mom,mv,49,0.07780063647290726,3.8818965021458856,0.05,1.27198239911449,-9.71445146547012e-17,0.06286336364154237,0.06580807711206067,0,True,0.024310808394117502
2005-12-31,mom,diag,49,0.07780063647290726,6.919092570936913,0.05000000000000001,1.1524489799278026,3.8163916471489756e-17,0.06577109978868624,0.07270523156683366,0,True,0.036016103730105775
2006-01-31,mom,mv,49,0.07803508455272336,3.9789914868973946,0.05,1.27284510588953,-9.367506770274758e-17,0.06967163319034377,0.06788619106866216,0,True,-0.014351661352521935
2006-01-31,mom,diag,49,0.07803508455272336,7.536754220475813,0.05,1.1248224866301033,4.336808689942018e-17,0.11068878887025639,0.06934268855951459,0,True,-0.019330399961183044
2006-02-28,mom,mv,49,0.07769948010912504,3.9522164460401537,0.04999999999999999,1.2707004145620737,-2.7755575615628914e-17,0.08326447632841995,0.06488102072824808,0,True,0.007738661994344785
2006-02-28,mom,diag,49,0.07769948010912504,8.182163490153814,0.05000000000000001,1.1095615757151727,4.85722573273506e-17,0.15701286000717332,0.07246576325175887,0,True,0.013510598540301417
2006-03-31,mom,mv,49,0.07784882681074007,4.17177008369821,0.05000000000000001,1.420331042180773,-6.938893903907228e-18,0.10049308390239332,0.058178460293068675,0,True,0.02446341400340614
2006-03-31,mom,diag,49,0.07784882681074007,8.396712769001123,0.05,1.1844481596962009,8.673617379884035e-17,0.19609238383601785,0.06423062472759522,0,True,0.023568027074941683
2006-04-30,mom,mv,49,0.07816520527832159,3.8395881901466398,0.05,1.285758875076541,2.2898349882893854e-16,0.1499329586098589,0.0696258778277315,0,True,-0.024355797290436226
2006-04-30,mom,diag,49,0.07816520527832159,9.194325186437002,0.049999999999999996,1.0003123414899513,6.938893903907228e-18,0.2590228520831757,0.07705570794354201,0,True,-0.02169501760576987
2006-05-31,mom,mv,49,0.07753680768453852,3.7698809742411976,0.05,1.075269736921742,9.020562075079397e-17,0.13378254285905553,0.07337968022648882,0,True,-0.0008753720294204115
2006-05-31,mom,diag,49,0.07753680768453852,8.951555141738275,0.05,0.9020059723424021,8.500145032286355e-17,0.22973469195383864,0.08549351410504898,0,True,-0.0007519729886874646
2006-06-30,mom,mv,49,0.07736933358981433,3.836964332086871,0.05000000000000001,1.2245553063263104,1.734723475976807e-18,0.12150596391008925,0.06434524164751154,0,True,-0.01728857014210613
2006-06-30,mom,diag,49,0.07736933358981433,8.50706342523478,0.049999999999999996,1.0082461402104186,-2.6020852139652106e-17,0.22325666191288546,0.07156539618405855,0,True,-0.01441211240365164
2006-07-31,mom,mv,49,0.07708318189232867,4.117907450697789,0.049999999999999996,1.2737646795809874,5.2909066017292616e-17,0.07687622297999065,0.06314784097226343,0,True,-0.0197163075340943
2006-07-31,mom,diag,49,0.07708318189232867,8.19234033806941,0.05,1.0887890624889176,1.3444106938820255e-17,0.16829976018446854,0.06931617317480208,0,True,-0.01695132158746749
2006-08-31,mom,mv,49,0.07658730518046854,4.20524376868557,0.05,1.3205147281905196,4.9439619065339e-17,0.023638786035228412,0.06729481748199823,0,True,0.0019425990935337347
2006-08-31,mom,diag,49,0.07658730518046854,7.496246308730538,0.049999999999999996,1.2603160443425552,-7.101524229780054e-17,0.062468880608537454,0.0641849174524958,0,True,-0.007060481946055441
2006-09-30,mom,mv,49,0.07646342095499256,4.617923466648102,0.05,1.3157155771780629,-6.071532165918825e-17,0.0024226791664718546,0.07546235102188503,0,True,-0.0046834422550624515
2006-09-30,mom,diag,49,0.07646342095499256,6.598677786826335,0.049999999999999996,1.3405708293156195,-1.1275702593849246e-17,0.012111810044617258,0.06754522663666618,0,True,-0.001030277334862867
2006-10-31,mom,mv,49,0.07635769921715183,4.700053056016217,0.05,1.3959056515805026,4.163336342344337e-17,0.00689097072027767,0.07888981773050364,0,True,0.0049357091091775255
2006-10-31,mom,diag,49,0.07635769921715183,6.540684706627517,0.05,1.3221762996089375,-5.984795992119984e-17,0.073425936125017,0.06453498011014892,0,True,0.0017617860139383659
2006-11-30,mom,mv,49,0.076231748358175,4.609324069951346,0.05,1.4862230357753268,-6.938893903907228e-18,0.005804672463219551,0.07113670554705499,0,True,0.002807218643586181
2006-11-30,mom,diag,49,0.076231748358175,6.592100643024158,0.05,1.4259908725520065,4.163336342344337e-17,0.07744850605331162,0.054577330870266526,0,True,0.0009610124870058613
2006-12-31,mom,mv,49,0.0761522687092307,4.680757161691887,0.05,1.4820133388158478,-3.469446951953614e-17,0.031196458832460066,0.06152746365601141,0,True,0.00867469985114216
2006-12-31,mom,diag,49,0.0761522687092307,6.687886665924705,0.05,1.4131292740838761,1.3877787807814457e-17,0.1466335732640159,0.056962348735880866,0,True,0.005098411774655418
2007-01-31,mom,mv,49,0.07616864126120808,4.717142396553089,0.05,1.311744066834285,-1.734723475976807e-17,-0.02372932796720555,0.05529808986842986,0,True,-0.0009315486776753113
2007-01-31,mom,diag,49,0.07616864126120808,6.950759348096903,0.05000000000000001,1.1993565928593828,3.8163916471489756e-17,-0.0697979956998171,0.06968745971286422,0,True,-0.0063204597647532786
2007-02-28,mom,mv,49,0.07586016396902817,4.84986832444309,0.05,1.3367440180539976,-2.42861286636753e-17,0.005633597873992119,0.059806924804200856,0,True,0.02702675338473276
2007-02-28,mom,diag,49,0.07586016396902817,6.28309423354547,0.05000000000000001,1.350123211955263,3.9898639947466563e-17,0.022369133237231508,0.06553728222483221,0,True,0.022753656926141702
2007-03-31,mom,mv,49,0.07633925508949382,4.8626133544033445,0.049999999999999996,1.37680018287042,-5.551115123125783e-17,-0.02421295098724925,0.08663872680339584,0,True,-0.0077807935697413655
2007-03-31,mom,diag,49,0.07633925508949382,6.563021257536517,0.05,1.3848116272789746,6.938893903907228e-18,-0.06910805021886796,0.06132718624775015,0,True,-0.006011965172918922
2007-04-30,mom,mv,49,0.07612471832103153,4.820330492908406,0.05,1.3103447577093328,7.28583859910259e-17,-0.03644723861651899,0.09173528746033524,0,True,0.0009367186057628336
2007-04-30,mom,diag,49,0.07612471832103153,6.5755104901094095,0.05,1.2839573939614715,1.0061396160665481e-16,-0.09518807388640464,0.061281407035694166,0,True,-0.005075773420953182
2007-05-31,mom,mv,49,0.07594616859704544,4.842936750187393,0.05,1.3234539039531141,-2.0816681711721685e-17,0.0015562909104406952,0.08583366486726642,0,True,0.005601692259449177
2007-05-31,mom,diag,49,0.07594616859704544,6.260865461006968,0.05,1.3500167369795144,1.2836953722228372e-16,0.02031800002893773,0.08110902227534902,0,True,0.008898867107064657
2007-06-30,mom,mv,49,0.07589384371904256,4.66778532429122,0.05,1.306209641375623,1.734723475976807e-17,0.03530989074321073,0.08926459925705493,0,True,0.011524734396151827
2007-06-30,mom,diag,49,0.07589384371904256,6.135269258855973,0.05,1.325954968958231,-2.42861286636753e-17,0.11557779279321762,0.08662486451971625,0,True,0.011251159469329848
2007-07-31,mom,mv,49,0.07592089523898002,4.176196728475013,0.05,1.1774809992765918,-6.245004513516506e-17,0.0848349579242077,0.09999999998961119,1,True,-0.0007730756128052323
2007-07-31,mom,diag,49,0.07592089523898002,7.254342203020589,0.05,1.2045193358276447,2.0816681711721685e-17,0.22215139519185345,0.07068430031323414,0,True,-0.006408934352707347
2007-08-31,mom,mv,49,0.07566944123537492,3.740520591035387,0.05000000000000001,1.2487642817940807,-1.214306433183765e-17,0.0834714543982693,0.09999999999008838,1,True,0.02754763170812177
2007-08-31,mom,diag,49,0.07566944123537492,7.0408575520493715,0.05000000000000001,1.2077188314773895,-5.377642775528102e-17,0.23241015008030322,0.07313384745137876,0,True,0.020631048226158973
2007-09-30,mom,mv,49,0.07583108504720223,3.685967419958649,0.05000000000000001,1.3993233403606264,-3.469446951953614e-18,0.0836091831769116,0.0829353341523499,0,True,0.019305625764477658
2007-09-30,mom,diag,49,0.07583108504720223,7.0474007822516445,0.05,1.2184261189792447,-1.8214596497756474e-17,0.20700830479932658,0.07435522767573417,0,True,0.017982984396238827
2007-10-31,mom,mv,49,0.07590707503771496,3.7123570272915143,0.05,1.2475787930101812,3.0357660829594124e-18,0.053112434181144474,0.09999999999032974,1,True,-0.001905035771484585
2007-10-31,mom,diag,49,0.07590707503771496,6.937227294243979,0.05,1.2764593375874804,-2.0816681711721685e-17,0.13031897596832,0.07620373515134213,0,True,0.005339121701385634
2007-11-30,mom,mv,49,0.07594849383565946,3.583128918944091,0.05000000000000001,1.2391627624994257,3.5561831257524545e-17,0.060783764653931066,0.09999999999076413,1,True,0.02218613290508925
2007-11-30,mom,diag,49,0.07594849383565946,6.931262870774244,0.05,1.2748764518236306,2.2551405187698492e-17,0.11693904376580068,0.07816279551176111,0,True,0.032111799521429014
2007-12-31,mom,mv,49,0.07632605699643635,3.9414690842371907,0.05,1.2613556368161654,1.474514954580286e-17,0.027351026902570554,0.09652547980098915,0,True,-0.00666865220931206
2007-12-31,mom,diag,49,0.07632605699643635,8.074242030080876,0.05000000000000001,1.2386269433242878,-1.6306400674181987e-16,0.05516966851417658,0.0686637851456771,0,True,-0.020736619736083563
2008-01-31,mom,mv,49,0.07590042130689073,3.505408713374704,0.05000000000000001,1.1418291455267315,2.42861286636753e-17,0.039238581000364266,0.09999999999026679,1,True,0.047863802799199676
2008-01-31,mom,diag,49,0.07590042130689073,8.363043691586963,0.05000000000000001,1.1807003161704548,7.28583859910259e-17,0.07819282587388944,0.0697737329304224,0,True,0.05676274805549337
2008-02-29,mom,mv,49,0.07662317912399338,3.4031725774982506,0.049999999999999996,1.2251215442969694,6.938893903907228e-18,-0.00691271501140727,0.09999999999000199,1,True,-0.013766853299117372
2008-02-29,mom,diag,49,0.07662317912399338,7.735073214664181,0.05,1.1203020405994355,-4.5102810375396984e-17,0.0013512088360295256,0.08086726533829348,0,True,-0.010721650416276386
2008-03-31,mom,mv,49,0.07633686384468007,3.414151352603889,0.05,1.152951704573906,3.469446951953614e-17,-0.0042324899609699354,0.09999999998823578,1,True,0.010773932271856544
2008-03-31,mom,diag,49,0.07633686384468007,8.426035743620117,0.05000000000000001,1.0890199943255479,1.4224732503009818e-16,0.019550132000038883,0.0765717239959453,0,True,0.01486083127773164
2008-04-30,mom,mv,49,0.07638724571260982,3.4488910406759836,0.049999999999999996,1.3261101605535899,2.7755575615628914e-17,-0.039422892144346494,0.09999999999017639,1,True,0.03584663531997655
2008-04-30,mom,diag,49,0.07638724571260982,8.230177502071147,0.05000000000000001,1.1847404857341026,5.204170427930421e-17,-0.010612525151499458,0.07156755029210049,0,True,0.03145259923015411
2008-05-31,mom,mv,49,0.07676178227380084,3.497558809343467,0.05,1.2433118661409077,-4.85722573273506e-17,-0.022772359229937204,0.09999999998882332,1,True,0.05523954112320286
2008-05-31,mom,diag,49,0.07676178227380084,8.61259119125719,0.05,1.1572308253233237,-6.591949208711867e-17,0.02725276047563145,0.07033101047445159,0,True,0.0584121790207558
2008-06-30,mom,mv,49,0.07735151515499249,3.2198662555228323,0.049999999999999996,1.0969890564514937,-6.938893903907228e-18,-0.04353956737082988,0.09999999999017853,1,True,-0.02428124389741589
2008-06-30,mom,diag,49,0.07735151515499249,8.640170356682205,0.05,1.0393860225511362,-5.860112742284151e-17,-0.04397219568308473,0.07868464142345154,0,True,-0.028011825757223965
2008-07-31,mom,mv,49,0.0770376739052021,2.6192356370333036,0.05000000000000001,0.8919408315071141,-2.5153490401663703e-17,-0.07047422762861451,0.10000000003021962,2,True,-0.01913719480202778
2008-07-31,mom,diag,49,0.0770376739052021,7.447009945421555,0.05,0.8973367385086661,8.933825901280557e-17,-0.06493907924296949,0.09029872041209924,0,True,-0.026156581280077147
2008-08-31,mom,mv,49,0.07646241417211416,3.215236846687748,0.05000000000000001,1.0272181475501148,-9.107298248878237e-18,-0.08892603745905629,0.10000000002445963,1,True,-0.030546418576719112
2008-08-31,mom,diag,49,0.07646241417211416,7.982630371658677,0.05,0.9766087229766088,2.7755575615628914e-17,-0.10381686459240469,0.07723876579384151,0,True,-0.038597440198801305
2008-09-30,mom,mv,49,0.07606865889645884,3.502292465347135,0.05000000000000001,1.162404362140165,-6.938893903907228e-17,-0.06840370042238154,0.06733806411905069,0,True,0.04101065648222286
2008-09-30,mom,diag,49,0.07606865889645884,7.781750332008632,0.049999999999999996,1.0094729887578064,-3.122502256758253e-17,-0.05570615417314969,0.06567898065458669,0,True,0.03287244175507771
2008-10-31,mom,mv,49,0.07630844719760624,3.547724687305128,0.049999999999999996,1.3254790808624635,1.457167719820518e-16,-0.15675962880160596,0.050142779440909495,0,True,-0.0028113770770121327
2008-10-31,mom,diag,49,0.07630844719760624,9.34346901191136,0.05,1.022839723448556,-5.984795992119984e-17,-0.24843836409811776,0.06777161026432117,0,True,0.017649801041641242
2008-11-30,mom,mv,49,0.07634867626382974,3.2684040597262856,0.05000000000000001,1.1490137742762672,4.163336342344337e-17,-0.19543253288533724,0.060093426855026014,0,True,-0.037376256158378286
2008-11-30,mom,diag,49,0.07634867626382974,10.159502211904599,0.04999999999999999,0.960798367312704,8.977193988179977e-17,-0.26817089967505875,0.05496935702361696,0,True,-0.02158469795487402
2008-12-31,mom,mv,49,0.07598852998478654,3.04890805457816,0.05,1.1304497980450423,1.3183898417423734e-16,-0.23702494134664098,0.06260646398487303,0,True,0.028065843950603145
2008-12-31,mom,diag,49,0.07598852998478654,10.692855073031328,0.05,0.9024195690096907,-7.979727989493313e-17,-0.28415015818540945,0.0532851624927482,0,True,0.020599895724053303
2009-01-31,mom,mv,49,0.07620880737290671,3.1858021208819425,0.05,1.1344738917780757,2.7755575615628914e-17,-0.21066824493181915,0.05660205061753946,0,True,0.020606589962954544
2009-01-31,mom,diag,49,0.07620880737290671,10.340656755439179,0.05000000000000002,0.9249965281015969,5.204170427930421e-18,-0.26851502349140316,0.057826014489449774,0,True,0.020423657133943812
2009-02-28,mom,mv,49,0.07637819250347237,3.1621063080071496,0.05,1.046207000168814,1.3183898417423734e-16,-0.20787317709538655,0.0805998727016013,0,True,-0.023305230022314525
2009-02-28,mom,diag,49,0.07637819250347237,10.423115100767106,0.05,0.9189796399328699,0.0,-0.26084544271014704,0.04988970436414921,0,True,-0.02790199841854877
2009-03-31,mom,mv,49,0.07585233318805766,3.164001374125317,0.05,0.9663794595676883,6.938893903907228e-17,-0.20565758978751342,0.09544232309296986,0,True,-0.12089578156592373
2009-03-31,mom,diag,49,0.07585233318805766,10.154556642539024,0.05,0.9492452661929405,0.0,-0.2603595958036089,0.05037824881063138,0,True,-0.12499022162854005
2009-04-30,mom,mv,49,0.07492364196385434,3.08403455478764,0.049999999999999996,0.916600839315733,2.0816681711721685e-17,-0.16667701675002797,0.08992277781720324,0,True,-0.00889203162541338
2009-04-30,mom,diag,49,0.07492364196385434,11.788950969601691,0.05000000000000001,0.7066762222603725,-2.0816681711721685e-17,-0.2463641496558549,0.046748400384514936,0,True,-0.003449635627214918
2009-05-31,mom,mv,49,0.07483294098505791,3.3300812148477954,0.049999999999999996,0.868627754194457,-4.85722573273506e-17,-0.13553817683484165,0.09499861081370967,0,True,0.0054548061350726445
2009-05-31,mom,diag,49,0.07483294098505791,10.82962670821152,0.05,0.7615115422766693,3.122502256758253e-17,-0.2271162357370727,0.05896991528322026,0,True,0.011904992305543973
2009-06-30,mom,mv,49,0.07507391028632975,3.4355882655820333,0.049999999999999996,0.9648763474446966,-1.3877787807814457e-17,-0.10915500291071442,0.08612679479630761,0,True,-0.016393396652127513
2009-06-30,mom,diag,49,0.07507391028632975,10.536298565908723,0.05,0.7758585400723368,1.3877787807814457e-17,-0.20686454870923107,0.06691096685822599,0,True,-0.024077591073961364
2009-07-31,mom,mv,49,0.07452322922129236,3.4137863033641547,0.04999999999999999,0.9795143728638548,-7.632783294297951e-17,-0.11040246015278107,0.09288295276661766,0,True,-0.009942601210950471
2009-07-31,mom,diag,49,0.07452322922129236,10.386953821884125,0.05000000000000001,0.8151527194227755,4.5102810375396984e-17,-0.21018218038584782,0.054681491356528555,0,True,-0.0123731633614172
2009-08-31,mom,mv,49,0.07405654042847373,3.647521200633165,0.05,1.0534671455068805,-1.3877787807814457e-17,-0.09608348642464017,0.07872605078476791,0,True,0.0005275121783083667
2009-08-31,mom,diag,49,0.07405654042847373,9.547296817922089,0.05,0.8494195772512995,3.122502256758253e-17,-0.20105620717799802,0.05473847325907485,0,True,-0.004975222209809427
2009-09-30,mom,mv,49,0.07382694816825423,4.051267398673364,0.05,1.2427232145906346,1.3877787807814457e-17,-0.03191009698249634,0.0645184256216194,0,True,0.016822842923827432
2009-09-30,mom,diag,49,0.07382694816825423,7.712209889821302,0.05,1.0440570541857723,1.3877787807814457e-17,-0.10894502857257037,0.06433113658566521,0,True,0.015618263355316174
2009-10-31,mom,mv,49,0.0740962595874987,3.997462853112482,0.05,0.9083481193267976,2.0816681711721685e-17,0.06047142816988609,0.08359901569946912,0,True,0.0040499285697435175
2009-10-31,mom,diag,49,0.0740962595874987,8.13430682419971,0.05,0.8550657219241193,2.0816681711721685e-17,0.1609199055581784,0.07018444676979765,0,True,-0.0010129804183935272
2009-11-30,mom,mv,49,0.07398445293222905,3.6850311481795965,0.049999999999999996,1.04001037295799,-6.938893903907228e-18,0.09433485930633619,0.07105642061045292,0,True,0.0009220441040365453
2009-11-30,mom,diag,49,0.07398445293222905,9.21015193883394,0.05,0.876503973919708,5.551115123125783e-17,0.19395926436500954,0.06084482136164392,0,True,0.00494521489739348
2009-12-31,mom,mv,49,0.07414657954130595,3.739875362035062,0.049999999999999996,0.9675276263423803,7.632783294297951e-17,0.08654097692100808,0.06868282703606239,0,True,-0.011083114561833727
2009-12-31,mom,diag,49,0.07414657954130595,9.169727008906198,0.05,0.8593776889333141,6.245004513516506e-17,0.18148738077669446,0.06188351443171276,0,True,-0.018028878092218367
2010-01-31,mom,mv,49,0.07372495611401544,3.388663287838838,0.05000000000000002,0.8926930375890189,-2.0816681711721685e-17,0.13532465123001258,0.07840588569062158,0,True,0.018084439426249987
2010-01-31,mom,diag,49,0.07372495611401544,10.427311302922039,0.05000000000000001,0.7829573248470046,-1.3877787807814457e-17,0.23413899315353454,0.05081860757962006,0,True,0.017255529277277096
2010-02-28,mom,mv,49,0.07419085302237034,3.0482602342469387,0.05000000000000001,0.8241974132158232,-4.336808689942018e-17,0.15552188811943732,0.09256412961141315,0,True,0.009078466222110667
2010-02-28,mom,diag,49,0.07419085302237034,11.442905111823709,0.049999999999999996,0.7076793799211667,2.2551405187698492e-17,0.236605250649779,0.05223874712229845,0,True,0.011912930311631148
2010-03-31,mom,mv,49,0.07456815269876038,3.21268539242267,0.05,0.7588154378660171,-3.469446951953614e-18,0.13851374578602407,0.09999999999013974,1,True,0.005666575622439236
2010-03-31,mom,diag,49,0.07456815269876038,11.232483338144643,0.04999999999999999,0.7052772813319677,2.8189256484623115e-17,0.2313828828159809,0.053904537320295015,0,True,0.015365530452531665
2010-04-30,mom,mv,49,0.0747730794124663,3.9889527530032547,0.05000000000000001,0.9599276602873226,3.209238430557093e-17,0.09542697816754987,0.09999999999023508,1,True,0.006896972039218879
2010-04-30,mom,diag,49,0.0747730794124663,8.661671473936567,0.049999999999999996,0.8603389928558982,-5.377642775528102e-17,0.21796128560848183,0.05975424515812505,0,True,-0.002300421325985599
2010-05-31,mom,mv,49,0.07452317036481255,3.2394116549392424,0.05,0.9422966930712878,-1.734723475976807e-17,0.10707415340155167,0.1000000000098784,1,True,-0.011365218810325888
2010-05-31,mom,diag,49,0.07452317036481255,10.25820305254265,0.049999999999999996,0.7787650250342499,-2.2551405187698492e-17,0.20602854292809186,0.060017216506851476,0,True,-0.017247948246260983
2010-06-30,mom,mv,49,0.07405307324968108,3.302525433978609,0.049999999999999996,0.9867715761776606,-3.469446951953614e-18,0.10159604414570511,0.09999999999021143,1,True,-0.006472550079516991
2010-06-30,mom,diag,49,0.07405307324968108,10.147930500811432,0.05,0.8154769137210052,-1.7780915628762273e-17,0.20389831268975736,0.052781207598990805,0,True,0.008801433677487588
2010-07-31,mom,mv,49,0.07423712993733304,3.9701973608332906,0.05,0.9938748705642404,2.6020852139652106e-17,0.02011858012291014,0.08887506524312645,0,True,0.024233797596979408
2010-07-31,mom,diag,49,0.07423712993733304,7.096145298803989,0.05,1.0014421885297553,1.734723475976807e-18,0.08558357946617934,0.061985470106884495,0,True,0.015133529995762904
2010-08-31,mom,mv,49,0.07430097969057566,3.9485328000305784,0.05000000000000001,1.1713325699014359,-1.3010426069826053e-18,0.027864087466859686,0.08381713767482016,0,True,0.017772784887975537
2010-08-31,mom,diag,49,0.07430097969057566,7.447223957686218,0.05,1.1451415568918346,3.0357660829594124e-18,0.10990648370302744,0.05856475381728604,0,True,0.01838223143938607
2010-09-30,mom,mv,49,0.07443752954645524,4.2955453351241895,0.05000000000000001,1.0864598515708566,-2.7755575615628914e-17,-0.01578108593497984,0.08297699051322735,0,True,0.0017442161917816167
2010-09-30,mom,diag,49,0.07443752954645524,7.019294189978032,0.05000000000000001,1.1286116336053078,3.5128150388530344e-17,-0.0020743630313857244,0.06721691008649816,0,True,0.008535135690939675
2010-10-31,mom,mv,49,0.07454135732303124,3.988360380780777,0.05,1.0570312454477775,-2.6454533008646308e-17,0.0410638939249592,0.08665193443615053,0,True,0.0029183089757343563
2010-10-31,mom,diag,49,0.07454135732303124,7.9874619150743635,0.05000000000000001,1.0216016006108248,3.382710778154774e-17,0.13959191084362824,0.05754223636330471,0,True,0.0126166423402484
2010-11-30,mom,mv,49,0.0746962587581665,3.8754518742408344,0.05000000000000001,1.1161731839653346,-3.469446951953614e-18,0.05088908064655922,0.08619112192806394,0,True,-0.032533135317704465
2010-11-30,mom,diag,49,0.0746962587581665,8.137960314884873,0.05,1.009747695058482,5.204170427930421e-18,0.15858245331486112,0.06154721873084552,0,True,-0.02311522485604362
2010-12-31,mom,mv,49,0.0742759744965031,3.492413225506573,0.05,1.0429268658521653,-2.2985086056692694e-17,0.04095290448432922,0.077033507354272,0,True,-0.019357328513775803
2010-12-31,mom,diag,49,0.0742759744965031,7.805467845842375,0.05000000000000002,1.0069886930734082,-3.2959746043559335e-17,0.13042086960194763,0.064959668385911,0,True,-0.01298835557796234
2011-01-31,mom,mv,49,0.07394035175866455,3.521037984967649,0.05000000000000001,0.9631038526330695,4.85722573273506e-17,0.08578687895169074,0.06804938505289694,0,True,0.004658157662028747
2011-01-31,mom,diag,49,0.07394035175866455,9.406961282855653,0.05,0.9344599736510089,-4.85722573273506e-17,0.18558675115899537,0.05056999615005678,0,True,0.0017806961035771167
2011-02-28,mom,mv,49,0.07399740767304429,3.3744734741559754,0.049999999999999996,1.0815883846268446,3.2959746043559335e-17,0.09480595928327787,0.0634189760160155,0,True,0.015951748573943044
2011-02-28,mom,diag,49,0.07399740767304429,9.23764156321738,0.05,0.882622749997949,-6.418476861114186e-17,0.19847673845917818,0.0694436114853538,0,True,0.01375283095887206
2011-03-31,mom,mv,49,0.07419665571508928,3.5710584480678524,0.05000000000000002,1.1320885082793837,1.7780915628762273e-17,0.07136133712656122,0.058737249988173826,0,True,0.0019397871075043501
2011-03-31,mom,diag,49,0.07419665571508928,8.934731915858533,0.05000000000000001,0.9799354628590757,1.3877787807814457e-17,0.16703159826413078,0.07273666367468709,0,True,-0.0026065713712139864
2011-04-30,mom,mv,49,0.07412650261180646,3.584390459466349,0.04999999999999999,1.1413332319807208,-5.898059818321144e-17,0.05371549767859251,0.07986619437001982,0,True,-0.001525897769131283
2011-04-30,mom,diag,49,0.07412650261180646,8.29187255600219,0.05000000000000001,0.9620307497051599,-4.5102810375396984e-17,0.12075622926355992,0.0778189740741235,0,True,-0.01025374834329223
2011-05-31,mom,mv,49,0.07383152708794602,3.6609104577437277,0.05,1.1275148727198798,1.3617579286417936e-16,0.06325959485337491,0.0935332918872819,0,True,0.0027606359228497506
2011-05-31,mom,diag,49,0.07383152708794602,8.908572440347195,0.04999999999999999,0.9602716325012143,1.734723475976807e-17,0.14065485448753542,0.07849743541014735,0,True,0.005272916028313819
2011-06-30,mom,mv,49,0.07389778135877374,3.7805001255707302,0.05,1.1521975301453045,3.469446951953614e-17,0.085871924028069,0.07531579854444859,0,True,0.003243164145247347
2011-06-30,mom,diag,49,0.07389778135877374,9.017553749050013,0.05000000000000002,0.9739843401945586,7.632783294297951e-17,0.18796658772493655,0.053774964763475014,0,True,0.0011222933674385322
2011-07-31,mom,mv,49,0.07372897426978726,3.6449649859813205,0.05,1.3065151558984212,7.632783294297951e-17,0.05279174986403946,0.052042509833692796,0,True,-0.004600097570451894
2011-07-31,mom,diag,49,0.07372897426978726,7.732801026399306,0.05,1.076720540663573,0.0,0.13462762972458664,0.06227362237859046,0,True,-0.005870024818552958
2011-08-31,mom,mv,49,0.07354443760098107,3.6232657581967174,0.05,1.1647148834111745,2.7755575615628914e-17,0.06596893407144958,0.05864534747659677,0,True,-0.02151397354362527
2011-08-31,mom,diag,49,0.07354443760098107,7.800258783093739,0.05,0.9962432650133287,6.938893903907228e-18,0.1569579348401139,0.06860969030441476,0,True,-0.03284039097638703
2011-09-30,mom,mv,49,0.07309182173080887,3.831644256560207,0.05,1.1892197740744375,-5.551115123125783e-17,-0.029967180944589066,0.06775745806553743,0,True,0.008814581339398333
2011-09-30,mom,diag,49,0.07309182173080887,6.995348930853234,0.05,1.1764376164001733,-2.7755575615628914e-17,-0.05650231806397654,0.06359458561796169,0,True,0.001086192208170643
2011-10-31,mom,mv,49,0.07289950707273012,3.3394487002271283,0.05,1.0899390437552354,6.245004513516506e-17,-0.12320800854177102,0.07323921099651096,0,True,0.017050853653593885
2011-10-31,mom,diag,49,0.07289950707273012,10.045248677355461,0.05000000000000002,0.8548632891270102,2.8189256484623115e-17,-0.22999187047766492,0.06040536244859351,0,True,0.009700972509444452
2011-11-30,mom,mv,49,0.07315703521007597,3.815679713539522,0.05000000000000001,1.1712838583698333,7.979727989493313e-17,-0.07854486211758796,0.07218953268617229,0,True,0.0042802163037084645
2011-11-30,mom,diag,49,0.07315703521007597,8.603127412358424,0.05,0.9661463886540652,4.5102810375396984e-17,-0.1960037627839449,0.06480472570739432,0,True,0.013478692771381442
2011-12-31,mom,mv,49,0.07339106880834381,3.7616709567909417,0.04999999999999999,1.1198638511438135,-6.938893903907228e-17,-0.08958672953729672,0.09759564320335036,0,True,-0.01743416801556393
2011-12-31,mom,diag,49,0.07339106880834381,9.02535245733222,0.049999999999999996,0.8784404899852473,8.673617379884035e-18,-0.21057877044387582,0.06942045305903907,0,True,-0.029908552763918638
2012-01-31,mom,mv,49,0.07278402824593085,3.3154158725633907,0.05,1.0719053640435094,1.3877787807814457e-17,-0.11391127068981437,0.10000000001283589,1,True,0.011087640252195765
2012-01-31,mom,diag,49,0.07278402824593085,10.08790383906606,0.05000000000000001,0.8212360571468431,6.938893903907228e-18,-0.23055777772032862,0.06533948176429041,0,True,0.004461408221121286
2012-02-29,mom,mv,49,0.07273965961105729,3.520155387055978,0.05000000000000001,1.256059140094246,-1.3877787807814457e-17,-0.09303173043685503,0.06885350359990995,0,True,0.01277751539837569
2012-02-29,mom,diag,49,0.07273965961105729,9.021539882834281,0.05000000000000001,0.9160954690125696,-2.0816681711721685e-17,-0.21397934829839593,0.07072210024468174,0,True,0.010502824233588703
2012-03-31,mom,mv,49,0.07292601026908473,3.3710675438553936,0.05,1.1816392839233865,-1.3877787807814457e-17,-0.08677682387330364,0.08643932174864509,0,True,0.0059526697054249405
2012-03-31,mom,diag,49,0.07292601026908473,9.128063309934898,0.05000000000000001,0.8477171128296739,6.938893903907228e-18,-0.20405924505130268,0.07692875542201741,0,True,0.009855239417560101
2012-04-30,mom,mv,49,0.07315996045622453,3.5331337612967206,0.04999999999999999,1.1993449006227055,8.326672684688674e-17,-0.06732086737973168,0.08285174108840064,0,True,0.0176549618305172
2012-04-30,mom,diag,49,0.07315996045622453,8.707378496977304,0.05,0.8803580202888271,-7.806255641895632e-17,-0.1883243952347022,0.07751655989177543,0,True,0.02557023479279576
2012-05-31,mom,mv,49,0.07353728440202263,3.6290719253279358,0.05,1.2491877122432258,-1.3877787807814457e-17,-0.06082071340283628,0.07287688577626225,0,True,-0.01036170111593547
2012-05-31,mom,diag,49,0.07353728440202263,8.60090813511714,0.05,0.8984517875547028,-3.469446951953614e-18,-0.17902434929000766,0.06887268092666476,0,True,-0.012204387592569919
2012-06-30,mom,mv,49,0.07341981972050401,3.412008820727145,0.05000000000000001,1.169507066659465,7.28583859910259e-17,-0.08929017554941623,0.09788523368473195,0,True,0.030141163465652685
2012-06-30,mom,diag,49,0.07341981972050401,9.443953379248553,0.04999999999999999,0.8185356969181711,2.6020852139652106e-18,-0.21271795070125324,0.05925181728094562,0,True,0.01851193703815814
2012-07-31,mom,mv,49,0.07382453356314919,3.3965533980540976,0.05,1.1729871953766433,1.0603497246908233e-16,-0.07608944222531906,0.09303856619479421,0,True,-0.02064848661115712
2012-07-31,mom,diag,49,0.07382453356314919,9.500347066316266,0.05,0.8078662970680138,3.642919299551295e-17,-0.20697464118672443,0.058047773234179,0,True,-0.01260365472155915
2012-08-31,mom,mv,49,0.07341511559715867,3.765998536943985,0.05000000000000001,1.1037804863016503,2.4882439858542327e-17,-0.04084708198052407,0.09999999998280579,1,True,-0.009739924861595755
2012-08-31,mom,diag,49,0.07341511559715867,8.670694137417394,0.05,0.8287715979307515,1.214306433183765e-16,-0.16967797299185053,0.05609733416150955,0,True,-0.010008177535978689
2012-09-30,mom,mv,49,0.07321796953487165,3.9699638717785017,0.05,1.1893012452677776,-1.1622647289044608e-16,0.034326584426511215,0.07128858965619833,0,True,-0.019380491822227244
2012-09-30,mom,diag,49,0.07321796953487165,6.852986061958735,0.05,1.070671733356099,1.0625181290357943e-16,0.04997378498729542,0.06388214616308022,0,True,-0.010336162760429483
2012-10-31,mom,mv,49,0.07314751395515481,3.5703085520424853,0.05000000000000001,1.2412136252310004,1.0408340855860843e-17,-0.009675787529320563,0.07094724952064047,0,True,0.01186027811144064
2012-10-31,mom,diag,49,0.07314751395515481,7.468602097675075,0.05,1.0148432003065846,4.5102810375396984e-17,-0.10916494611851497,0.061974882391305545,0,True,0.006132538060685751
2012-11-30,mom,mv,49,0.07302478168668688,3.669710168789267,0.049999999999999996,1.2032947418590765,1.5612511283791264e-17,0.004863172076903296,0.07470165854836695,0,True,-0.005881842213113728
2012-11-30,mom,diag,49,0.07302478168668688,8.056571218925017,0.05,1.0224337354235578,4.85722573273506e-17,-0.052021833113507755,0.056719773886935346,0,True,-0.005093479254807031
2012-12-31,mom,mv,49,0.0727893077975464,3.831945193687594,0.05,1.1801804304849373,-5.551115123125783e-17,0.02899367053956892,0.06360991740739386,0,True,0.017586619284128316
2012-12-31,mom,diag,49,0.0727893077975464,7.313771043478978,0.05,1.0306835492972952,-4.897883314203266e-17,0.02491678866567764,0.05704490289629816,0,True,0.015269108018488837
2013-01-31,mom,mv,49,0.07293622518955246,3.806077168019536,0.05,1.152904833788189,3.469446951953614e-18,0.011750816057152105,0.06134744928993255,0,True,0.0123585831523136
2013-01-31,mom,diag,49,0.07293622518955246,8.236862024973755,0.05000000000000001,0.9793317585764789,-6.418476861114186e-17,-0.02268471121836627,0.056969399820098895,0,True,0.01090270185750967
2013-02-28,mom,mv,49,0.0731158931655425,3.9555286311499684,0.05000000000000001,1.0691450015488675,2.2551405187698492e-17,0.011771187338266972,0.07165919848632891,0,True,0.00816226752144417
2013-02-28,mom,diag,49,0.0731158931655425,8.111415249918222,0.05000000000000001,1.0851747280932103,-1.214306433183765e-17,-0.014952659947329135,0.053699305381247536,0,True,0.008435790014518368
2013-03-31,mom,mv,49,0.07333019981053553,3.9419641281347553,0.05000000000000001,1.0831922486942613,3.903127820947816e-17,0.008088409957020308,0.06739993199940063,0,True,0.014423684150600488
2013-03-31,mom,diag,49,0.07333019981053553,8.055371962331943,0.05,1.0836397492764362,-3.469446951953614e-17,-0.02122124120709373,0.06331469804750088,0,True,0.008233115983934948
2013-04-30,mom,mv,49,0.07320481345103891,3.939034670468067,0.05,1.1111682490381218,-5.074066167232161e-17,0.01632613138141159,0.06385602485666073,0,True,-0.006833122408489631
2013-04-30,mom,diag,49,0.07320481345103891,7.924197582322182,0.049999999999999996,1.0619005712550786,1.3183898417423734e-16,0.005027967431037597,0.062200781969743026,0,True,-0.0034179799525657414
2013-05-31,mom,mv,49,0.07300232121411586,3.8678738204981253,0.05,1.1274531065580389,-1.0408340855860843e-17,0.04698294465887155,0.07581228685294304,0,True,0.020954721226973613
2013-05-31,mom,diag,49,0.07300232121411586,7.275889913143294,0.049999999999999996,1.041834540950429,-5.377642775528102e-17,0.07885056083440264,0.07242503120407125,0,True,0.018062463149974745
2013-06-30,mom,mv,49,0.07306754501281584,3.783294042095179,0.05000000000000001,1.1464797132586235,-2.7755575615628914e-17,0.06871440521892054,0.0740894534611623,0,True,0.018015184559367247
2013-06-30,mom,diag,49,0.07306754501281584,7.904916093137687,0.05,0.9950487917699417,4.0766001685454967e-17,0.14699317048100266,0.05923251148537473,0,True,0.014399857702700882
2013-07-31,mom,mv,49,0.07335973011932301,3.868391018519738,0.05,1.027698526618312,3.122502256758253e-17,0.06379843534917644,0.06826367874989966,0,True,-0.0041820150033224
2013-07-31,mom,diag,49,0.07335973011932301,8.110147941836233,0.05,0.9668008154603007,4.683753385137379e-17,0.12211340079241588,0.06250493873368786,0,True,-0.007356924836887693
2013-08-31,mom,mv,49,0.07311588559289806,3.764608556804281,0.05,0.9838543019078768,-3.642919299551295e-17,0.060574531852382596,0.07980422886327902,0,True,0.02043614144057057
2013-08-31,mom,diag,49,0.07311588559289806,7.775035380247673,0.049999999999999996,1.032568787212428,-3.6591823321385775e-18,0.10643437884098625,0.06561093657955175,0,True,0.02014377435740522
2013-09-30,mom,mv,49,0.07342412421275309,3.795057602408734,0.05,1.1050231277584812,2.7755575615628914e-17,0.0577520107177616,0.07480394516958734,0,True,0.001179869922758285
2013-09-30,mom,diag,49,0.07342412421275309,7.6872787022004,0.05,1.0973920925734855,1.3530843112619095e-16,0.11310174593591435,0.06474912404397237,0,True,0.0004957201177834241
2013-10-31,mom,mv,49,0.07338782501373892,3.8150425879567043,0.05,1.0558769213463985,-3.469446951953614e-17,0.06110736765978847,0.06847907946997772,0,True,0.019953001981001754
2013-10-31,mom,diag,49,0.07338782501373892,7.537159963425941,0.05,1.0065655858204943,-3.8163916471489756e-17,0.11171723287829814,0.06648302907424274,0,True,0.022509599113859424
2013-11-30,mom,mv,49,0.07381147914710938,3.779528452590329,0.05,1.0836188633551003,-2.2551405187698492e-17,0.06628872207603546,0.07712296892038836,0,True,0.0013203990463968402
2013-11-30,mom,diag,49,0.07381147914710938,7.570378481899006,0.05,1.0510830338148442,6.852157730108388e-17,0.11336000262922048,0.06722837729068894,0,True,0.0016438634250476667
2013-12-31,mom,mv,49,0.07371884097955386,3.7696048181931157,0.05,1.0400338251423307,-2.7755575615628914e-17,0.04801840840849795,0.07217761055127743,0,True,0.009852862798412765
2013-12-31,mom,diag,49,0.07371884097955386,7.669740417747182,0.05,1.0772450435278689,-3.8163916471489756e-17,0.04390567695515867,0.0630941568802925,0,True,0.004518538802672094
2014-01-31,mom,mv,49,0.07383292275180978,3.666212488489965,0.05,1.1450956165554744,8.326672684688674e-17,0.059187238624627755,0.0999999999957887,1,True,0.010265089449826124
2014-01-31,mom,diag,49,0.07383292275180978,7.40937519672781,0.05,1.1557092179726964,7.632783294297951e-17,0.07581407319266181,0.06213912132119111,0,True,0.0054872031581979204
2014-02-28,mom,mv,49,0.0739658253602826,3.6728501356221175,0.05,1.095606085776855,3.469446951953614e-17,0.060248547130221444,0.09999999999000563,1,True,-0.009421598544579699
2014-02-28,mom,diag,49,0.0739658253602826,7.286637148891974,0.05,1.1798779411850961,0.0,0.09003014566412637,0.07598637982185133,0,True,-0.01018494031545852
2014-03-31,mom,mv,49,0.0736305056041091,3.735353493019083,0.049999999999999996,1.0870393327594992,5.204170427930421e-17,0.07050325539256753,0.09999999998983736,1,True,-0.01091475970380867
2014-03-31,mom,diag,49,0.0736305056041091,7.369421769608478,0.05,1.2253973256273907,4.163336342344337e-17,0.12876746342193482,0.06830745021200073,0,True,-0.015090056004446102
2014-04-30,mom,mv,49,0.0732511743577892,3.7997892607586223,0.049999999999999996,1.1403367184864173,5.0306980803327406e-17,0.0794512892582678,0.09999999999837805,1,True,0.013697645667365452
2014-04-30,mom,diag,49,0.0732511743577892,7.658077567845236,0.049999999999999996,1.2626273401030237,3.122502256758253e-17,0.1501235845008103,0.06864145749625988,0,True,0.010897668914760829
2014-05-31,mom,mv,49,0.07337206663549913,3.819668240537784,0.05,1.1659265968968564,-3.469446951953614e-18,0.04258599669188415,0.09999999999142721,1,True,-0.013902517538858477
2014-05-31,mom,diag,49,0.07337206663549913,6.518663878249325,0.05,1.2989901330602895,-1.734723475976807e-17,0.06608423323392268,0.0802606581482388,0,True,-0.013810514915620792
2014-06-30,mom,mv,49,0.07325931657465326,3.7654476416164733,0.05000000000000002,1.1589153222576059,-2.7755575615628914e-17,0.05996359049288102,0.10000000000341039,1,True,0.018275706777886105
2014-06-30,mom,diag,49,0.07325931657465326,6.372406783278215,0.05,1.294961697533542,1.3877787807814457e-17,0.12900079714318086,0.07447999657356652,0,True,0.015370527997023558
2014-07-31,mom,mv,49,0.07335551704767,3.8033178986807896,0.05,1.2764098162838362,-1.0408340855860843e-17,0.058907652649745255,0.0815355031543206,0,True,-6.248409769856286e-05
2014-07-31,mom,diag,49,0.07335551704767,6.460442140648966,0.05000000000000001,1.2653326554055078,2.0816681711721685e-17,0.15453692874086117,0.07765589460143432,0,True,0.0016772204629189697
2014-08-31,mom,mv,49,0.07316563768390903,3.964500148697292,0.05,1.2431367495202839,1.734723475976807e-17,0.03430868843673881,0.07071074556021341,0,True,0.020846454384379712
2014-08-31,mom,diag,49,0.07316563768390903,6.659169010216887,0.05,1.318082158361191,5.898059818321144e-17,0.056684805726861236,0.06995281283662645,0,True,0.018222537349878526
2014-09-30,mom,mv,49,0.0732130100429908,3.654809501398782,0.05,1.3976805495388906,3.122502256758253e-17,-0.002494296280132626,0.06823853628492028,0,True,0.00590089971992904
2014-09-30,mom,diag,49,0.0732130100429908,6.472242127523602,0.049999999999999996,1.2589872617274562,-1.5612511283791264e-17,-0.03671020270387328,0.07778768800231792,0,True,0.007446773316292824
2014-10-31,mom,mv,49,0.07325853925322275,3.90574067565035,0.05000000000000001,1.309019314419281,0.0,-0.028969427978278492,0.07537774019131517,0,True,-0.0013209111839503932
2014-10-31,mom,diag,49,0.07325853925322275,7.485157820423023,0.05,1.1526364496277144,-5.767955557622884e-17,-0.11567451847162219,0.06878866366909206,0,True,0.009916638205063043
2014-11-30,mom,mv,49,0.07329453722167847,4.157755651291413,0.049999999999999996,1.3708031441197368,7.979727989493313e-17,-0.04357706819198929,0.06071944323860356,0,True,0.004037261995792943
2014-11-30,mom,diag,49,0.07329453722167847,8.370718269391354,0.05,1.1619927978799194,1.1600963245594897e-17,-0.15534789965200882,0.05582817081930862,0,True,0.010355907518775806
2014-12-31,mom,mv,49,0.07326700803145408,3.732796232607841,0.049999999999999996,1.39237692756295,6.245004513516506e-17,-0.0764256633009072,0.06475444093339605,0,True,0.0018230905830720185
2014-12-31,mom,diag,49,0.07326700803145408,9.67366338092683,0.05,1.0234054859714756,9.107298248878237e-18,-0.19973620327419453,0.06370212725025008,0,True,0.010105863990647472
2015-01-31,mom,mv,49,0.0735002148239444,3.63116412766066,0.049999999999999996,1.2004004974135252,4.85722573273506e-17,-0.07059161557645567,0.060681111453440656,0,True,-0.010702832639380662
2015-01-31,mom,diag,49,0.0735002148239444,10.412064925227657,0.05,0.9834293518878235,-3.642919299551295e-17,-0.1909345018476141,0.06173957612916981,0,True,-0.014089351800928254
2015-02-28,mom,mv,49,0.07326942972022797,3.320054782438398,0.049999999999999996,1.2351139436404797,-4.683753385137379e-17,-0.11292439566285307,0.06147162060241039,0,True,0.009029361334247211
2015-02-28,mom,diag,49,0.07326942972022797,10.508923863356184,0.05000000000000001,0.960127114825343,2.949029909160572e-17,-0.23195298660524022,0.058399043829020544,0,True,0.011724696807835182
2015-03-31,mom,mv,49,0.073393464023457,3.4969291162344174,0.05,1.2943092260515903,-3.122502256758253e-17,-0.06483442555815014,0.06052647803570604,0,True,-0.026596075832377688
2015-03-31,mom,diag,49,0.073393464023457,9.875339991444672,0.05,1.0289526445257955,-5.204170427930421e-18,-0.18914712037846632,0.06518944103679587,0,True,-0.026717065923617903
2015-04-30,mom,mv,49,0.07292302527239887,3.248569674402745,0.05,1.2063532699005481,1.0408340855860843e-17,-0.044872213176753016,0.07542100152239162,0,True,0.03166197288165828
2015-04-30,mom,diag,49,0.07292302527239887,9.961289161554362,0.05,1.0519583224072677,1.457167719820518e-16,-0.140086758290791,0.07629200770730375,0,True,0.02601913974245142
2015-05-31,mom,mv,49,0.07333657941534599,3.2517282972057457,0.05,1.2433761417457838,-6.765421556309548e-17,-0.06916003186059468,0.0813801001882051,0,True,0.01655469812956983
2015-05-31,mom,diag,49,0.07333657941534599,9.502483290422404,0.05000000000000001,1.0364856581435142,-3.870601755773251e-17,-0.17120940072954025,0.079587333148532,0,True,0.017378060259336463
2015-06-30,mom,mv,49,0.07361608794826754,3.240824824570313,0.05,1.1818455459047252,-9.540979117872439e-18,-0.07629256102852026,0.07526360029107604,0,True,0.04973482074456667
2015-06-30,mom,diag,49,0.07361608794826754,10.014340729970726,0.05000000000000001,1.0100156005571994,-1.9949319973733282e-17,-0.18133591235095659,0.07447065123796505,0,True,0.05029256988617871
2015-07-31,mom,mv,49,0.07405791382206711,3.083620801672965,0.05,1.1935250939755244,2.7755575615628914e-17,-0.05902076248509596,0.06813365080563615,0,True,-0.010754590850992608
2015-07-31,mom,diag,49,0.07405791382206711,10.500393877736064,0.05000000000000002,0.9527373526222287,1.8187491443444337e-17,-0.15316912432701657,0.07105728117225427,0,True,-0.010167254554697403
2015-08-31,mom,mv,49,0.07378431639570852,3.0980597033195854,0.05,1.0582571457107262,6.938893903907228e-18,-0.05372380583107057,0.07715422281330721,0,True,0.026542890307966575
2015-08-31,mom,diag,49,0.07378431639570852,11.27789354497486,0.05000000000000002,0.9024959929174813,4.119968255444917e-17,-0.1530356413804497,0.07361099342167576,0,True,0.03391065868048713
2015-09-30,mom,mv,49,0.07414960410039621,3.165593231740821,0.05,1.19312430924735,-6.938893903907228e-18,-0.05409139181235795,0.09164451236619124,0,True,0.022073820133614946
2015-09-30,mom,diag,49,0.07414960410039621,10.959421184847173,0.049999999999999996,0.9263338267897078,-5.377642775528102e-17,-0.15107284155080866,0.07566692419517508,0,True,0.006410726034685896
2015-10-31,mom,mv,49,0.07389068360365153,3.0563053997827203,0.05,1.137249025939666,2.42861286636753e-17,-0.07714709986052977,0.09233616901038894,0,True,-0.011303513339526589
2015-10-31,mom,diag,49,0.07389068360365153,10.385404448898154,0.05,0.8986465975183344,-4.163336342344337e-17,-0.17709181183910142,0.06527545204385532,0,True,-0.005900556532115454
2015-11-30,mom,mv,49,0.07376775925114333,3.093405859496565,0.04999999999999999,1.1727368243523453,-1.0408340855860843e-16,-0.053306573485614364,0.0902228910897308,0,True,0.011658593653046202
2015-11-30,mom,diag,49,0.07376775925114333,8.811324801023554,0.05000000000000002,0.9062448711580348,-9.71445146547012e-17,-0.1676741621954588,0.06942015877389547,0,True,0.01862453287338932
2015-12-31,mom,mv,49,0.07414198688903341,3.2038467357626237,0.05,1.3269342867911538,7.979727989493313e-17,-0.04053599660837301,0.09085823333109282,0,True,0.0034235190217705544
2015-12-31,mom,diag,49,0.07414198688903341,8.756958945027481,0.05,1.0112602553883903,6.591949208711867e-17,-0.15867261138636232,0.0760137685971861,0,True,0.007767011405496827
2016-01-31,mom,mv,49,0.0743207718619569,3.358615005717949,0.05,1.290063308116705,-2.1250362580715887e-17,-0.03432987745778524,0.08842340166069562,0,True,-0.030334262194292735
2016-01-31,mom,diag,49,0.0743207718619569,9.56013614659989,0.05,1.0028072469311407,-1.7694179454963432e-16,-0.14717753976080425,0.06788993639554149,0,True,-0.028249353104395598
2016-02-29,mom,mv,49,0.07393415382794517,3.1505011410259542,0.05000000000000001,1.2644496896035868,-6.440160904563896e-17,-0.12054888749929296,0.08610723825926127,0,True,-0.014704273233899052
2016-02-29,mom,diag,49,0.07393415382794517,10.45516167794146,0.05,0.9580026783833226,-4.163336342344337e-17,-0.2332760288139297,0.044961528612125344,0,True,-0.02175924784203319
2016-03-31,mom,mv,49,0.07341144091163647,3.412066571443536,0.05,1.2328803613383263,-1.9081958235744878e-17,-0.11808999878926885,0.09999999997297952,1,True,-0.01405849953565027
2016-03-31,mom,diag,49,0.07341144091163647,9.010153628353326,0.05,0.9923335736795758,2.0816681711721685e-17,-0.25887296817297817,0.05643732099463404,0,True,-0.028764626598328517
2016-04-30,mom,mv,49,0.07296804849162011,3.2862884994519224,0.05000000000000001,1.3445471984747719,5.4643789493269423e-17,-0.10940090128642713,0.09162133371973165,0,True,-0.002301620713260488
2016-04-30,mom,diag,49,0.07296804849162011,9.49636511919674,0.05,1.0105692862484814,-7.28583859910259e-17,-0.22818463602005548,0.03964974351020433,0,True,0.007200854112736679
2016-05-31,mom,mv,49,0.07310309008488018,4.026136651008824,0.05000000000000002,1.2737562037994354,-3.65376132127615e-17,-0.10335351200441942,0.08183386883432722,0,True,0.028232005466326718
2016-05-31,mom,diag,49,0.07310309008488018,7.676164078078198,0.05,1.1406319586957567,1.3877787807814457e-17,-0.2621408290519543,0.050641440607958665,0,True,0.030886731310277686
2016-06-30,mom,mv,49,0.0735151437053126,4.325550577424438,0.05,1.247167597860397,1.8214596497756474e-17,-0.09459931614403251,0.07653138791554256,0,True,-0.00946290608000171
2016-06-30,mom,diag,49,0.0735151437053126,8.273422912986987,0.05,1.1237137068677805,1.734723475976807e-17,-0.257798085173069,0.05124870295202512,0,True,-0.020887707798100685
2016-07-31,mom,mv,49,0.07304119656980458,2.7947344771375358,0.05000000000000002,1.0872772475147534,-4.380176776841438e-17,-0.08909778344703564,0.08062828008712315,0,True,-0.007873842211661864
2016-07-31,mom,diag,49,0.07304119656980458,5.230057951100704,0.05000000000000001,1.0619687371938218,-2.42861286636753e-17,-0.2058822645386595,0.050689000771073515,0,True,-0.013067887309622394
2016-08-31,mom,mv,49,0.07279245043149704,2.62675128029778,0.05000000000000002,0.9618521468437541,8.673617379884035e-19,-0.05918730303007274,0.09941068474540057,0,True,-0.00036038814721137157
2016-08-31,mom,diag,49,0.07279245043149704,4.218608450977899,0.04999999999999999,1.0519355641636188,-8.673617379884035e-18,-0.15050961510749436,0.0629893035038864,0,True,0.003130945618107788
2016-09-30,mom,mv,49,0.07274363463027357,2.771004100189968,0.05,1.1193160706421097,1.734723475976807e-17,-0.008594334420218383,0.07746818037286866,0,True,-0.002127453168496985
2016-09-30,mom,diag,49,0.07274363463027357,5.612572150058567,0.05,1.0505748856589998,1.1622647289044608e-16,0.04337123586235603,0.05637607997004665,0,True,0.00015514784522064815
2016-10-31,mom,mv,49,0.07261647354353488,3.156033072653413,0.05,0.9203619169436468,-4.336808689942018e-18,-0.0070764028886187835,0.07898493815062291,0,True,-0.020289501983473537
2016-10-31,mom,diag,49,0.07261647354353488,7.212627757263445,0.05,0.7981969832725617,7.806255641895632e-17,0.05785190264220246,0.06681965654968296,0,True,-0.008280987490390737
2016-11-30,mom,mv,49,0.07235940369871278,3.184431478604992,0.05,0.9607976055876651,-4.7704895589362195e-18,-0.015180026871194173,0.07092906748263915,0,True,-0.008251825984122729
2016-11-30,mom,diag,49,0.07235940369871278,7.566138064579146,0.05,0.9037549604839148,1.726049858596923e-16,0.016958178556698653,0.07009258168998501,0,True,-0.00895921771202322
2016-12-31,mom,mv,49,0.07210342533849873,3.119283015697663,0.05,0.9923649823480348,-1.3010426069826053e-17,0.04843216986781477,0.07296943024435139,0,True,0.0034329339518225062
2016-12-31,mom,diag,49,0.07210342533849873,9.24533216634578,0.05,0.7716663757004009,-2.3332030751888055e-16,0.14329619393568316,0.07314558837560259,0,True,0.005453512944910932
2017-01-31,mom,mv,49,0.0721451856545467,3.1354891196094603,0.05,1.1191205595815932,7.806255641895632e-17,0.09350529689905454,0.05778751515929241,0,True,-0.01410992765724482
2017-01-31,mom,diag,49,0.0721451856545467,10.176911456616704,0.049999999999999996,0.8186566022021227,-4.336808689942018e-18,0.20209562441728904,0.05826982012662626,0,True,-0.012014510494628337
2017-02-28,mom,mv,49,0.07185280614673442,3.0343778213919124,0.05000000000000001,1.2250533043430563,5.204170427930421e-18,0.12044388877822057,0.07498376671192426,0,True,-0.006407097649917642
2017-02-28,mom,diag,49,0.07185280614673442,10.337956576085663,0.05,0.886165407007149,-3.469446951953614e-17,0.22706195035547033,0.053830598811745775,0,True,-0.005577696742430683
2017-03-31,mom,mv,49,0.0715458511818486,3.4742755594340062,0.05000000000000001,1.4380484723766231,3.469446951953614e-17,0.10203981882743192,0.07593804210834451,0,True,0.010431632891288728
2017-03-31,mom,diag,49,0.0715458511818486,10.13103520020611,0.05,1.0918770714598083,4.163336342344337e-17,0.21811119487918465,0.053974705860309516,0,True,0.002057474111501776
2017-04-30,mom,mv,49,0.07159927427665913,3.7245480338137664,0.05,1.500389229966837,-2.42861286636753e-17,0.09319300708676272,0.08890728651893812,0,True,0.01639692989432039
2017-04-30,mom,diag,49,0.07159927427665913,7.988488301471346,0.05,1.354159426227782,0.0,0.2101584664425341,0.0813012245016414,0,True,0.00722583136575544
2017-05-31,mom,mv,49,0.07153424118782865,3.769051538604266,0.05,1.6385659428565895,4.5102810375396984e-17,0.11254287561714696,0.07026596272435603,0,True,-0.01956838303113933
2017-05-31,mom,diag,49,0.07153424118782865,8.05742984540912,0.05,1.4382707585854753,-6.245004513516506e-17,0.24559859487539998,0.06394053709638926,0,True,-0.0047531545495007625
2017-06-30,mom,mv,49,0.07147476143163145,3.655085945881751,0.05,1.4703826403545053,-2.7755575615628914e-17,0.11788660493564286,0.07318188547921384,0,True,-0.0014924745365539065
2017-06-30,mom,diag,49,0.07147476143163145,8.36911934938585,0.04999999999999999,1.406054327409236,-3.469446951953614e-17,0.21073735550796555,0.0573143126018724,0,True,0.003059311676590657
2017-07-31,mom,mv,49,0.07144375809270953,3.834947774762391,0.05000000000000001,1.4027832970646297,3.469446951953614e-17,0.0901733413367107,0.08255357911860761,0,True,0.018980701485116235
2017-07-31,mom,diag,49,0.07144375809270953,8.464273773688458,0.05000000000000001,1.3528780751302918,-1.1449174941446927e-16,0.15690704291069385,0.04916757925539856,0,True,0.013206787817024565
2017-08-31,mom,mv,49,0.07160034749534945,3.8138731284446004,0.05,1.581423076803468,8.326672684688674e-17,0.09179947513765012,0.08090039968289695,0,True,-0.0019355029246638478
2017-08-31,mom,diag,49,0.07160034749534945,7.86630172351551,0.05,1.4794493655952283,6.938893903907228e-17,0.18520358386137986,0.07464509551584175,0,True,0.01028510555858679
2017-09-30,mom,mv,49,0.07176908514597623,3.937398306267884,0.05,1.5636008773279642,-3.469446951953614e-17,0.07545992399999667,0.08553276993999065,0,True,0.023333745905226376
2017-09-30,mom,diag,49,0.07176908514597623,7.629639263370239,0.05,1.5355830727259001,2.42861286636753e-17,0.1482527283212509,0.08044257561164682,0,True,0.030252586184847923
2017-10-31,mom,mv,49,0.07215451798761859,3.6271117064552483,0.05,1.4589580469244812,5.204170427930421e-17,0.12379596496170116,0.0999999999863165,1,True,-0.015632133729849736
2017-10-31,mom,diag,49,0.07215451798761859,8.89796419907108,0.05,1.3767666531474114,1.457167719820518e-16,0.24054211610017076,0.05858513892905039,0,True,-0.007541220026793273
2017-11-30,mom,mv,49,0.07197369928310261,3.6589449483142635,0.05000000000000001,1.4160255352195392,-6.938893903907228e-18,0.04385292870763122,0.07597441008136255,0,True,-0.017762466338701922
2017-11-30,mom,diag,49,0.07197369928310261,8.429554562622643,0.05,1.4304959616179693,5.551115123125783e-17,0.09333262033551518,0.06252603496441007,0,True,-0.02209431999971883
2017-12-31,mom,mv,49,0.07144677334993317,3.473842022055316,0.049999999999999996,1.5180725269411723,1.1102230246251565e-16,0.06515103830263715,0.08153268293958024,0,True,0.021240463430943254
2017-12-31,mom,diag,49,0.07144677334993317,8.570308247264373,0.05,1.4805697572114482,2.7755575615628914e-17,0.12253760300817398,0.059168080410876976,0,True,0.024740681697732282
2018-01-31,mom,mv,49,0.07167637944415842,3.747385574144707,0.05,1.641554031764131,4.163336342344337e-17,0.07093459968372719,0.08103044932083593,0,True,0.003394613618309141
2018-01-31,mom,diag,49,0.07167637944415842,8.034464555670674,0.05,1.5419836065319237,0.0,0.15584505948604477,0.06055648311067336,0,True,0.008642188268857565
2018-02-28,mom,mv,49,0.07182105339012249,3.619134897551559,0.05,1.6452092971960568,9.71445146547012e-17,0.09575509239800321,0.07265219598914029,0,True,0.009623945335756334
2018-02-28,mom,diag,49,0.07182105339012249,7.871628863954992,0.05,1.5277580769061139,-2.7755575615628914e-17,0.17050437975133445,0.0694564883018084,0,True,0.0018914802474023094
2018-03-31,mom,mv,49,0.07178265021896535,3.434639934014792,0.05,1.5925382396154792,-1.3877787807814457e-17,0.09246735437254804,0.07449077644506974,0,True,0.0015842801772398267
2018-03-31,mom,diag,49,0.07178265021896535,8.165642734045104,0.05,1.4727444869801243,-1.3877787807814457e-17,0.17182207020068452,0.08061072357879182,0,True,0.007929716256368197
2018-04-30,mom,mv,49,0.07181181423580246,3.700211727293589,0.05,1.5558811038491915,1.1796119636642288e-16,0.07624152939357637,0.07557064066115252,0,True,0.019640918901331742
2018-04-30,mom,diag,49,0.07181181423580246,7.880915002952365,0.05000000000000001,1.4870310047920885,-5.551115123125783e-17,0.17962683590871892,0.06000764539473991,0,True,0.024673379045018966
2018-05-31,mom,mv,49,0.07211861423397763,3.5866925341316205,0.05,1.3903456065473008,4.85722573273506e-17,0.07301081855101502,0.07555647318895817,0,True,-0.007159330477923894
2018-05-31,mom,diag,49,0.07211861423397763,8.407926640625828,0.05,1.37891278287148,4.85722573273506e-17,0.1859738333993811,0.04462614320100904,0,True,-0.012259430162732166
2018-06-30,mom,mv,49,0.07185773589706504,3.5900233645087365,0.05,1.2762570337883674,-1.1796119636642288e-16,0.06889748410909546,0.0774981013943665,0,True,-0.009049794008602464
2018-06-30,mom,diag,49,0.07185773589706504,8.492322763185939,0.05,1.2946519611173222,2.7755575615628914e-17,0.17089979306667838,0.05845216654677712,0,True,-0.00862016461803632
2018-07-31,mom,mv,49,0.07168378707811987,3.6905914066762415,0.05,1.367861072899253,-4.163336342344337e-17,0.051849078873409345,0.07766950155695576,0,True,0.027922718859857056
2018-07-31,mom,diag,49,0.07168378707811987,7.645428037617222,0.05000000000000001,1.420949781481055,-1.1102230246251565e-16,0.13626594526881106,0.059151493641382544,0,True,0.024466620816380326
2018-08-31,mom,mv,49,0.07186679521724369,3.7908839276791304,0.05000000000000001,1.3992279522393172,4.163336342344337e-17,0.05813079991995811,0.07950483506707426,0,True,0.012687423673402453
2018-08-31,mom,diag,49,0.07186679521724369,7.461728049505714,0.05,1.4468606651103522,-5.551115123125783e-17,0.1415709779985125,0.0555107868586413,0,True,0.006431515638868434
2018-09-30,mom,mv,49,0.0718947731347585,3.74242338294792,0.05,1.3803633396030122,-6.245004513516506e-17,0.017351001485207563,0.08127278238809321,0,True,-0.02546751666504968
2018-09-30,mom,diag,49,0.0718947731347585,7.489854164166316,0.049999999999999996,1.4950160099423389,1.5265566588595902e-16,0.007245619806163365,0.0689717996372485,0,True,-0.023462951672438018
2018-10-31,mom,mv,49,0.07164129399198324,3.6322519453424476,0.05,1.3378756654989068,-2.7755575615628914e-17,0.004615856118182999,0.07202979412876205,0,True,-0.006869846927145708
2018-10-31,mom,diag,49,0.07164129399198324,7.70015860999389,0.05,1.4895391167661372,3.469446951953614e-18,-0.03785322066030059,0.06274342102602419,0,True,-0.015209374622382716
2018-11-30,mom,mv,49,0.0713552908166903,3.4126575458227215,0.05,1.4174905149975532,-3.469446951953614e-17,-0.07707943475390895,0.0736001855044564,0,True,0.004597904310396384
2018-11-30,mom,diag,49,0.0713552908166903,7.922486187875253,0.05,1.3782423550523826,4.683753385137379e-17,-0.1872992668340684,0.05300823921561334,0,True,0.004038838036807042
2018-12-31,mom,mv,49,0.07148239744376703,3.4483540224341827,0.05,1.4313694307589293,-1.3877787807814457e-17,-0.08732911456471813,0.07690841669207185,0,True,-0.0067441855939144495
2018-12-31,mom,diag,49,0.07148239744376703,8.871050640381279,0.05,1.3167992752096074,-3.5561831257524545e-17,-0.16673877589967695,0.06131832172429082,0,True,-0.009555395641725013
2019-01-31,mom,mv,49,0.07126740352583152,3.5533992289489635,0.05,1.4902024373653222,-5.898059818321144e-17,-0.1584562105949877,0.08427063607726205,0,True,-0.0001671809633309056
2019-01-31,mom,diag,49,0.07126740352583152,8.655429514728812,0.05000000000000002,1.3069412490962562,-5.204170427930421e-17,-0.24781997748249232,0.05512217902280616,0,True,-0.0022356106865509353
2019-02-28,mom,mv,49,0.07119083329998357,3.6892652254077927,0.05,1.5272226253937229,-1.0408340855860843e-17,-0.13209491624333616,0.07791514055380902,0,True,0.004913846973867574
2019-02-28,mom,diag,49,0.07119083329998357,8.602575269262195,0.05000000000000002,1.344117292279704,-9.432558900623889e-17,-0.22337406081731853,0.05840824011137759,0,True,0.018341134411137813
2019-03-31,mom,mv,49,0.07137182807755531,3.7640986042752878,0.05,1.551963144935564,-1.0408340855860843e-17,-0.09553094619024906,0.06674854820126061,0,True,-0.0017554517961944933
2019-03-31,mom,diag,49,0.07137182807755531,8.58224518683101,0.05000000000000001,1.3853365301939888,-5.5077470362263625e-17,-0.17377379456466518,0.0716085967144304,0,True,-0.004021688346724356
2019-04-30,mom,mv,49,0.07126807942805348,3.45886088192365,0.05000000000000001,1.4395942993884179,-3.469446951953614e-17,-0.12607151103580996,0.10000000000998834,1,True,-0.002302058881875191
2019-04-30,mom,diag,49,0.07126807942805348,9.436616295675615,0.05,1.2381173114264996,-5.811323644522304e-17,-0.22195787584784776,0.08179266752064672,0,True,0.019165834786939867
2019-05-31,mom,mv,49,0.07143335898303386,3.506497314581938,0.05,1.3578434372936963,3.469446951953614e-18,-0.11494086362727451,0.09999999999012403,1,True,-0.02094465987679261
2019-05-31,mom,diag,49,0.07143335898303386,9.821427692902187,0.05,1.1227192395799364,3.469446951953614e-17,-0.2172739034972421,0.07270436709487885,0,True,-0.021388147347207846
2019-06-30,mom,mv,49,0.0709265129176349,3.2408543665068636,0.05000000000000001,1.4434206994658316,1.5612511283791264e-17,-0.16138325329705674,0.0897578924634726,0,True,0.024057012382209936
2019-06-30,mom,diag,49,0.0709265129176349,10.178552578577161,0.05,1.1559119237437856,-3.469446951953614e-18,-0.24335977187027819,0.06738031874157607,0,True,0.014018007696434262
2019-07-31,mom,mv,49,0.0710816445247461,3.352273199837905,0.05,1.5121627089694227,-3.469446951953614e-18,-0.15640934554396824,0.09999999999018008,1,True,0.04435927215171036
2019-07-31,mom,diag,49,0.0710816445247461,9.905372573942111,0.05000000000000001,1.2000386686155964,4.85722573273506e-17,-0.2451922139436191,0.0753105191907731,0,True,0.038762866589772176
2019-08-31,mom,mv,49,0.07159895831348491,3.5454731743415047,0.05,1.4033742275765497,4.85722573273506e-17,-0.14275381911092505,0.09999999999010505,1,True,-0.007981415681452556
2019-08-31,mom,diag,49,0.07159895831348491,9.239566381251084,0.05,1.0947672622426219,-1.4690939437178585e-17,-0.26370814539116805,0.07936221565294203,0,True,-0.016517643591873625
2019-09-30,mom,mv,49,0.07124040964166413,3.580531372114201,0.05000000000000001,1.3105910960197642,6.938893903907228e-18,-0.15451538619422875,0.09999999999014635,1,True,-0.007486522513201466
2019-09-30,mom,diag,49,0.07124040964166413,9.174910209852577,0.05000000000000001,1.0838888626083387,-8.673617379884035e-18,-0.2737074752799357,0.06913230694575445,0,True,-0.009077918371195565
2019-10-31,mom,mv,49,0.07103778715451241,3.757196289186734,0.05,1.439177094629135,2.42861286636753e-17,-0.07205596481553067,0.09548880045608582,0,True,0.000643333634365531
2019-10-31,mom,diag,49,0.07103778715451241,7.750350059255978,0.05,1.3042186257884696,1.491862189340054e-16,-0.14780383031804084,0.0531734500008484,0,True,0.0005298003811630423
2019-11-30,mom,mv,49,0.07088774225321,3.8193582833032904,0.05,1.4448568948831122,8.673617379884035e-18,-0.044973346475912376,0.07416426620455414,0,True,-0.0004913157257263964
2019-11-30,mom,diag,49,0.07088774225321,6.992048097870882,0.05,1.4144588847726747,1.474514954580286e-17,-0.10967578745479362,0.051163836423801595,0,True,-0.009851926689760091
2019-12-31,mom,mv,49,0.0707230770714587,3.5026797575980098,0.05000000000000001,1.3517613810431466,-1.3877787807814457e-17,0.02421224374166636,0.07602270531897666,0,True,0.03522024880519439
2019-12-31,mom,diag,49,0.0707230770714587,6.86224780648921,0.05,1.3823304528302245,-6.938893903907228e-18,0.012569373026513618,0.053333658932580734,0,True,0.04047710298054512
2020-01-31,mom,mv,49,0.07097867635181836,3.549406007597188,0.05000000000000002,1.3488861272135129,-1.3877787807814457e-17,-0.024554121977113413,0.08399283735151797,0,True,-0.006150774075919641
2020-01-31,mom,diag,49,0.07097867635181836,6.274652928840925,0.05,1.3614979726090028,-2.7755575615628914e-17,-0.09471363977562468,0.07007364218299608,0,True,6.887512336252707e-05
2020-02-29,mom,mv,49,0.07094173394675006,3.436045509491837,0.05,1.1931858235589725,2.7755575615628914e-17,-0.05789325182322232,0.0816115019912294,0,True,0.045568975937773454
2020-02-29,mom,diag,49,0.07094173394675006,7.503101466026246,0.05,1.1898588545235673,-4.5102810375396984e-17,-0.158667591256016,0.05668600590944641,0,True,0.04896412034299006
2020-03-31,mom,mv,49,0.07114927845848723,3.4525347693509247,0.05000000000000001,1.17195145348078,-3.9898639947466563e-17,-0.051032391391016896,0.0672348541093775,0,True,0.025321611564499347
2020-03-31,mom,diag,49,0.07114927845848723,7.571809109432553,0.049999999999999996,1.1122160798228493,6.938893903907228e-17,-0.13467007473218437,0.055201626637541794,0,True,0.00753211543499387
2020-04-30,mom,mv,49,0.07133291583824723,3.261477812763778,0.05,0.8391903492686721,2.7755575615628914e-17,-0.10496362191600486,0.09999999999011733,1,True,0.0026523191745496154
2020-04-30,mom,diag,49,0.07133291583824723,9.293314713814713,0.05,0.8756161895155815,-1.3010426069826053e-18,-0.2237687487540879,0.04825622797962162,0,True,-0.006584403627794089
2020-05-31,mom,mv,49,0.07101744657129946,3.422877539019337,0.05,0.8439744497056645,0.0,-0.05752378966897262,0.09999999999003414,1,True,0.019666418783554032
2020-05-31,mom,diag,49,0.07101744657129946,8.00945315883348,0.05,0.9205239703091512,5.377642775528102e-17,-0.16763969067127305,0.06866904545185928,0,True,0.007870360743151748
2020-06-30,mom,mv,49,0.0710402163964404,3.5797810143454094,0.04999999999999999,0.9428968845099432,5.551115123125783e-17,-0.06497104401698801,0.08980362224632389,0,True,0.03087792706779188
2020-06-30,mom,diag,49,0.0710402163964404,8.487686036930503,0.05,0.9569098512831685,-3.469446951953614e-18,-0.1680592041081783,0.0623436652366883,0,True,0.03171088123989783
2020-07-31,mom,mv,49,0.07132898210269535,3.6925600582590845,0.05,0.9289211207628263,-3.122502256758253e-17,-0.038769685560631435,0.09258673635261241,0,True,0.03342767999374859
2020-07-31,mom,diag,49,0.07132898210269535,7.914668161967941,0.04999999999999999,1.0445000562268958,6.591949208711867e-17,-0.10855291531858303,0.0630115588195787,0,True,0.027392861413492006
2020-08-31,mom,mv,49,0.07131976155355454,3.7178143734493934,0.05,0.9022976780838441,-1.734723475976807e-17,-0.011844813729343106,0.08719120245061496,0,True,-0.01864870214699396
2020-08-31,mom,diag,49,0.07131976155355454,7.501873352068293,0.049999999999999996,1.0355130026737793,-2.0816681711721685e-17,-0.05741066041126998,0.06573079906407912,0,True,-0.009620377763321232
2020-09-30,mom,mv,49,0.07111138900383711,3.1670975368367205,0.05,0.8521081780611238,0.0,0.002440700210249389,0.08416407918742351,0,True,-0.0020669578315473296
2020-09-30,mom,diag,49,0.07111138900383711,6.555449303147672,0.049999999999999996,1.003676252435749,-2.42861286636753e-17,-0.03678649631904888,0.07397455192447962,0,True,-0.003344453147734604
2020-10-31,mom,mv,49,0.07099701034956266,3.2718162226247776,0.05,0.8909531527408647,2.0816681711721685e-17,-0.001292515811479516,0.07881567436222728,0,True,-0.015573809079911264
2020-10-31,mom,diag,49,0.07099701034956266,7.052063139996091,0.049999999999999996,1.0365247414692527,2.42861286636753e-17,-0.047171265979028494,0.057803973925378394,0,True,-0.031852402305417006
2020-11-30,mom,mv,49,0.07055300347692472,3.420035446475067,0.05000000000000001,0.839065864932582,1.214306433183765e-17,-0.012137794652729591,0.08164973018486434,0,True,-0.0026018749093995415
2020-11-30,mom,diag,49,0.07055300347692472,7.209158856961718,0.05,1.0169150776465035,1.3877787807814457e-17,-0.07148640378856097,0.04916999841059872,0,True,-0.0028947918455853204
2020-12-31,mom,mv,49,0.07042213853970611,2.923305674426382,0.049999999999999996,0.9327836830358488,5.204170427930421e-18,0.020185408861313772,0.08461458664755656,0,True,0.01032292699519808
2020-12-31,mom,diag,49,0.07042213853970611,6.01770660450804,0.05000000000000001,1.0767543948333933,3.122502256758253e-17,-0.006938077455038449,0.05261572180225147,0,True,0.013513276150278796
2021-01-31,mom,mv,49,0.07056088130240419,2.8594020414139965,0.05,0.9714802645752434,-4.85722573273506e-17,0.04899301565926204,0.080482636943297,0,True,-0.03011185700312943
2021-01-31,mom,diag,49,0.07056088130240419,6.066593016826359,0.05000000000000001,1.083884772564706,-6.938893903907228e-18,0.07797411199611291,0.055833771751094885,0,True,-0.024654397573953397
2021-02-28,mom,mv,49,0.07030854363226584,2.7349508621209875,0.05000000000000002,0.8446062974799212,-1.214306433183765e-17,0.07162028296333532,0.09999999999010185,1,True,-0.029524629839582067
2021-02-28,mom,diag,49,0.07030854363226584,6.129431212650576,0.049999999999999996,0.9731417709454477,-1.734723475976807e-17,0.11094255764325898,0.07985824506767905,0,True,-0.030697080165638768
2021-03-31,mom,mv,49,0.06986962991547706,2.692333181252208,0.05000000000000001,0.756292582535391,-3.122502256758253e-17,0.13978007831658756,0.09999999999010284,1,True,0.009421125579959833
2021-03-31,mom,diag,49,0.06986962991547706,9.215539775550456,0.05,0.7914472958076574,-4.5102810375396984e-17,0.22604818077145733,0.05586134584526933,0,True,0.0013315864256144136
2021-04-30,mom,mv,49,0.06992556909215705,2.96975562187117,0.05000000000000001,0.7764620248348171,-6.071532165918825e-18,0.13432789256283492,0.09597772421519038,0,True,-0.023273280848656163
2021-04-30,mom,diag,49,0.06992556909215705,9.529730421281824,0.05,0.8194877074140325,2.42861286636753e-17,0.23466648808096938,0.053506124001222614,0,True,-0.00014734165320843238
2021-05-31,mom,mv,49,0.06982993140118128,3.091397036717239,0.05,0.8013339741061447,-6.938893903907228e-18,0.12390075399742492,0.10000000000845811,1,True,-0.005126586816410021
2021-05-31,mom,diag,49,0.06982993140118128,9.085565721910866,0.05,0.8009624527547614,5.637851296924623e-18,0.22734633190694517,0.06556169991470347,0,True,-0.0025986689302694545
2021-06-30,mom,mv,49,0.06965168276226373,3.0606911343997467,0.05,0.891977758002882,1.0755285551056204e-16,0.14454582807330002,0.07601211077852957,0,True,0.012835304604973043
2021-06-30,mom,diag,49,0.06965168276226373,10.614157264870707,0.05,0.8367113560741791,-1.1275702593849246e-17,0.23098166360911637,0.053446586398634005,0,True,0.003513046437338585
2021-07-31,mom,mv,49,0.06963789419660295,3.064857929660621,0.05,0.8466495843573227,-5.204170427930421e-17,0.14890869770891998,0.0832840989603785,0,True,0.0034681661603135684
2021-07-31,mom,diag,49,0.06963789419660295,10.811713093887331,0.05000000000000001,0.8106541970228052,-1.517069889850342e-16,0.23907093076102554,0.05441910177318718,0,True,0.0038385756333314727
2021-08-31,mom,mv,49,0.0696334301172685,3.263492578024577,0.05,0.8173890135271861,-3.729655473350135e-17,0.11216105641703528,0.07504350421404549,0,True,-0.004088703545880392
2021-08-31,mom,diag,49,0.0696334301172685,10.316693915847365,0.05,0.8372737197985265,3.903127820947816e-17,0.21979073927075793,0.05864723134066074,0,True,0.0030655025031619313
2021-09-30,mom,mv,49,0.06944847439064251,3.148752850293071,0.05,0.8134561578482302,2.6020852139652106e-18,0.11181797415535248,0.08350641536180983,0,True,0.0011774652062761539
2021-09-30,mom,diag,49,0.06944847439064251,10.07745421585229,0.05,0.8237638185135097,5.898059818321144e-17,0.2117468477581522,0.06349542713726518,0,True,0.01039687712444798
2021-10-31,mom,mv,49,0.06957786962146291,2.6492257777588706,0.05000000000000001,0.7950049019495761,-2.42861286636753e-17,0.10553199986620329,0.09264114770060815,0,True,-0.011111980969732945
2021-10-31,mom,diag,49,0.06957786962146291,7.871569499083833,0.049999999999999996,0.7805979257025256,7.719519468096792e-17,0.2100211218422308,0.05371983951971462,0,True,-0.01151177806292589
2021-11-30,mom,mv,49,0.06935808036918877,2.608528468096987,0.049999999999999996,0.8273964812563518,-3.0466081046842675e-17,0.09607185830817275,0.09173858512523611,0,True,0.008110134730539993
2021-11-30,mom,diag,49,0.06935808036918877,7.047700904575088,0.05000000000000001,0.8313448371737013,-1.5612511283791264e-17,0.20710587754001702,0.0546214807629887,0,True,-0.005204536906098237
2021-12-31,mom,mv,49,0.0691913678842503,3.3487464733179273,0.04999999999999999,0.9282928501420984,2.688821387764051e-17,0.07972659058807621,0.07980570798081568,0,True,0.013824281666119551
2021-12-31,mom,diag,49,0.0691913678842503,8.098312002390575,0.05,0.9771365741981807,-2.949029909160572e-17,0.18986273930681766,0.06494826698574567,0,True,-0.005663112007821099
2022-01-31,mom,mv,49,0.0689144573920031,3.4423938246098444,0.05,1.0219288031961669,1.8214596497756474e-17,0.05967069299817626,0.08013205778272342,0,True,0.025804981660025123
2022-01-31,mom,diag,49,0.0689144573920031,7.063328057771195,0.05,0.9873396975115787,-6.938893903907228e-17,0.14833095778260025,0.07258455753067833,0,True,0.032121756930256345
2022-02-28,mom,mv,49,0.06885186192819666,3.4809234369806945,0.05,1.0393841372247465,-6.071532165918825e-18,-0.007162147835421837,0.07065493080766395,0,True,0.03181587229320475
2022-02-28,mom,diag,49,0.06885186192819666,6.2256541816093165,0.05,1.095705469022641,7.979727989493313e-17,-0.03263365403928641,0.05709793803559812,0,True,0.032218294678040285
2022-03-31,mom,mv,49,0.0690242470059498,2.5205485265826235,0.05,0.8726128707173824,-1.734723475976807e-17,0.010348442854801639,0.09086394558089683,0,True,0.020323289136431718
2022-03-31,mom,diag,49,0.0690242470059498,4.889690678965968,0.05,0.8621131060748488,-1.9081958235744878e-17,0.025038325995578117,0.06732668165776233,0,True,0.01801784389427709
2022-04-30,mom,mv,49,0.06908061415257925,2.0923993871510214,0.05,0.7460731951209202,-3.4003876103749775e-13,0.008043311896051052,0.10000000000216228,1,True,0.002725155845717756
2022-04-30,mom,diag,49,0.06908061415257925,4.900335754580835,0.05,0.7678247250481824,-7.632783294297951e-17,0.021238302445226887,0.07703361499577459,0,True,0.001332425111263868
2022-05-31,mom,mv,49,0.0690075556558677,2.6069360679385176,0.05,0.8328480772379925,-1.0408340855860843e-17,-0.02226121424597558,0.09134262068064561,0,True,0.0027055295632012833
2022-05-31,mom,diag,49,0.0690075556558677,5.307604166607714,0.05000000000000001,0.8852297086799733,-2.5587171270657905e-17,-0.04704429058379376,0.06123401638527879,0,True,0.0037848677236912657
2022-06-30,mom,mv,49,0.06910375382580794,2.648654929491956,0.049999999999999996,0.770123719423247,3.469446951953614e-18,-0.023222343044976158,0.09377210084492564,0,True,0.0030120893109695937
2022-06-30,mom,diag,49,0.06910375382580794,6.058719970047816,0.05000000000000001,0.8463136945040862,-2.5153490401663703e-17,-0.04088084434540743,0.06312819864357004,0,True,-0.018572222205165564
2022-07-31,mom,mv,49,0.06877856317783598,2.898656651855055,0.05000000000000001,0.8226145054439699,-6.938893903907228e-18,-0.052440524348862066,0.08318913343798243,0,True,0.026072999957571164
2022-07-31,mom,diag,49,0.06877856317783598,6.939161879034519,0.05000000000000001,0.9045554976285887,-2.2551405187698492e-17,-0.1063505824922406,0.05939909214918273,0,True,0.02483636950857973
2022-08-31,mom,mv,49,0.0692081684247048,3.3479088923685145,0.05,0.8945690640680447,0.0,-0.030417017833224348,0.08320966165814593,0,True,0.006651782454268316
2022-08-31,mom,diag,49,0.0692081684247048,7.274521353447465,0.049999999999999996,0.9277853206744494,4.9439619065339e-17,-0.06798168881942822,0.0657978234816737,0,True,0.010930584121004895
2022-09-30,mom,mv,49,0.06936037096521527,3.34223665906486,0.05000000000000001,0.9182926863711574,-1.734723475976807e-17,-0.036220464475043686,0.07078145959243537,0,True,0.01655025627050605
2022-09-30,mom,diag,49,0.06936037096521527,7.5548283295002046,0.049999999999999996,0.9408364247398148,2.7755575615628914e-17,-0.08205128275628126,0.05840645560830415,0,True,0.02609542054285648
2022-10-31,mom,mv,49,0.06967231512503233,3.1808705086334323,0.05,0.9113374242652768,-8.673617379884035e-18,-0.05766584855445393,0.07539174550108221,0,True,-0.017427266533485305
2022-10-31,mom,diag,49,0.06967231512503233,8.121563571660335,0.05000000000000001,0.9213993469832269,3.9898639947466563e-17,-0.10238489438711151,0.061771957814429644,0,True,-0.019000029704003486
2022-11-30,mom,mv,49,0.06940105151928223,2.968594071613556,0.05,0.7867100883817868,-5.551115123125783e-17,-0.04022531396556173,0.08239048840702314,0,True,-0.0005676504040317421
2022-11-30,mom,diag,49,0.06940105151928223,7.744831896107855,0.05000000000000001,0.8840537763758418,1.734723475976807e-18,-0.07567502203316048,0.05722892047976762,0,True,0.0035719273778853987
2022-12-31,mom,mv,49,0.069471026026451,2.985289173595692,0.049999999999999996,0.765892501909827,1.3877787807814457e-17,-0.02807134226032368,0.08875120763508534,0,True,-0.03470103232070349
2022-12-31,mom,diag,49,0.069471026026451,7.2577761963594964,0.049999999999999996,0.8671821001362877,-5.551115123125783e-17,-0.05750461620967247,0.06301204164627357,0,True,-0.03192818493555161
2023-01-31,mom,mv,49,0.06893711753515214,2.951580502605938,0.05,0.8486121652353554,1.734723475976807e-18,-0.03125389961600335,0.07604090435858313,0,True,0.0072657815730016355
2023-01-31,mom,diag,49,0.06893711753515214,7.398338426149347,0.05,0.9069332364650531,-2.2551405187698492e-17,-0.07863361693688257,0.04384962988934894,0,True,0.001547695957009578
2023-02-28,mom,mv,49,0.0689792863689852,3.3928511388157947,0.05,0.9843540579025817,-1.214306433183765e-17,-0.013554327135605749,0.07080419662826891,0,True,-0.0053662693276752774
2023-02-28,mom,diag,49,0.0689792863689852,7.603356407764138,0.05,1.035933016003175,2.7755575615628914e-17,-0.03447307789404484,0.056142267358340006,0,True,-0.01014025554398689
2023-03-31,mom,mv,49,0.06880557746448829,3.757403053004608,0.049999999999999996,1.0077710534336797,-1.0408340855860843e-17,-0.008384919380974142,0.08002055973196438,0,True,0.011436517557056233
2023-03-31,mom,diag,49,0.06880557746448829,7.731347715191103,0.05000000000000001,1.106125951049859,-6.678685382510707e-17,-0.01457985905679492,0.07969743124434825,0,True,0.009144440068120359
2023-04-30,mom,mv,49,0.06883958210680606,3.877845884394149,0.049999999999999996,1.1229667662495355,-2.688821387764051e-17,0.009266970226586551,0.07275049061157565,0,True,0.024297060656187065
2023-04-30,mom,diag,49,0.06883958210680606,6.835626751689767,0.05,1.2023198461801718,2.2551405187698492e-17,0.01649693816838034,0.0753259773266256,0,True,0.025684140068966115
2023-05-31,mom,mv,49,0.06903811152180928,3.8410028542412955,0.05,1.1260610177251287,-1.0408340855860843e-17,-0.013093185021625143,0.07102592109391269,0,True,-0.011860581534397988
2023-05-31,mom,diag,49,0.06903811152180928,7.189284577542419,0.05,1.1679474528167775,-8.326672684688674e-17,-0.03917842124628881,0.06921158674741974,0,True,-0.011110942817530238
2023-06-30,mom,mv,49,0.06887206182828241,3.5822862594751363,0.05,1.0145770226015913,-3.122502256758253e-17,0.02814427467193218,0.07999449489525279,0,True,-0.0071110367920551925
2023-06-30,mom,diag,49,0.06887206182828241,7.46050679644109,0.05,1.1073683140472235,-1.3877787807814457e-17,0.0762384909993597,0.065238573484468,0,True,-0.0054115821675537025
2023-07-31,mom,mv,49,0.06875006737255623,3.5118335815339807,0.049999999999999996,1.2605806485177993,1.734723475976807e-17,0.0341899019846597,0.07324349302182598,0,True,0.0018952855444940868
2023-07-31,mom,diag,49,0.06875006737255623,7.282132471796525,0.05,1.2355963400070757,6.938893903907228e-17,0.09359859620487379,0.0737219732646668,0,True,0.0012443390261434254
2023-08-31,mom,mv,49,0.06875429116787911,3.2878331718632734,0.05,1.2137150580705984,-3.469446951953614e-17,0.05563433815470543,0.07719920001882942,0,True,-0.012088167277594276
2023-08-31,mom,diag,49,0.06875429116787911,7.749975804646444,0.049999999999999996,1.119922304035161,-2.7755575615628914e-17,0.13381443222607575,0.07711495442274827,0,True,-0.015615932661161855
2023-09-30,mom,mv,49,0.06844919681663159,3.33212412980195,0.05,1.1668332639395724,-2.42861286636753e-17,0.0773821512240276,0.07721754333143066,0,True,0.017493547776382144
2023-09-30,mom,diag,49,0.06844919681663159,8.112767657094716,0.05,1.1045056431337803,3.8163916471489756e-17,0.15816748776667175,0.07365549968973426,0,True,0.004794230588109398
2023-10-31,mom,mv,49,0.06847013646031394,3.5663304252107135,0.049999999999999996,1.172810830056073,-1.3877787807814457e-17,0.05262011438407621,0.07631770252373288,0,True,0.02185603477093702
2023-10-31,mom,diag,49,0.06847013646031394,7.7830300238081636,0.049999999999999996,1.1323870235747306,3.122502256758253e-17,0.1385639338773147,0.06442509588095642,0,True,0.0256392610237167
2023-11-30,mom,mv,49,0.06880165822337896,3.4887731535497437,0.05000000000000001,1.3098514051727945,-6.938893903907228e-18,0.02306170269819037,0.09056423514995146,0,True,-0.01423528968466232
2023-11-30,mom,diag,49,0.06880165822337896,7.4233723085444785,0.05,1.244926239001611,4.163336342344337e-17,0.05716036935982962,0.07389682507013358,0,True,-0.005068734606939189
2023-12-31,mom,mv,49,0.06863165573398933,3.348738218677736,0.05000000000000001,1.008828412709363,-2.0816681711721685e-17,0.05489998014416933,0.09793792314548318,0,True,0.022070536384805488
2023-12-31,mom,diag,49,0.06863165573398933,8.278727452048782,0.05,0.9937881379480838,3.8163916471489756e-17,0.13538840263055124,0.07311973852171713,0,True,0.011752800512702334
2024-01-31,mom,mv,49,0.06890238572438877,3.5414118216881616,0.05000000000000001,1.0187618337227937,3.122502256758253e-17,0.03647834678187936,0.09653187230151647,0,True,0.004438118557585888
2024-01-31,mom,diag,49,0.06890238572438877,7.7151260291916905,0.05,1.070075210410467,-2.7755575615628914e-17,0.11288261030218139,0.0701607202546604,0,True,0.015224925693758835
2024-02-29,mom,mv,49,0.06915641076132588,3.8117602179622927,0.049999999999999996,1.0661147162314697,1.734723475976807e-17,0.016304116068657247,0.09721136302395277,0,True,-0.013662573655817871
2024-02-29,mom,diag,49,0.06915641076132588,7.091319032895444,0.05,1.1869285595783095,-4.85722573273506e-17,0.0487935989613374,0.07665464902052645,0,True,-0.012414487247221277
2024-03-31,mom,mv,49,0.06884327408945469,3.630672236397202,0.049999999999999996,1.106080474317008,-2.0816681711721685e-17,0.04439138034150304,0.06583096607943884,0,True,-0.01657609827321003
2024-03-31,mom,diag,49,0.06884327408945469,7.883525569324927,0.049999999999999996,1.150423468449373,1.3877787807814457e-17,0.13850494179481387,0.06044834614210479,0,True,-0.019907345460902608
2024-04-30,mom,mv,49,0.0684932149854214,3.343681612283702,0.049999999999999996,1.1883284070919344,4.163336342344337e-17,0.07594828312435853,0.05599366096204997,0,True,0.012954624091781785
2024-04-30,mom,diag,49,0.0684932149854214,8.518041495101414,0.05,1.1025509270959375,-2.0816681711721685e-17,0.18338428994589198,0.05793299919951033,0,True,0.009732103997288081
2024-05-31,mom,mv,49,0.06861436248337205,3.6211533485409113,0.05000000000000001,1.19074275823089,4.163336342344337e-17,0.06626027875452685,0.0644019913569691,0,True,0.00030936954820480554
2024-05-31,mom,diag,49,0.06861436248337205,7.437387285482063,0.05000000000000001,1.1110989775796474,-2.7755575615628914e-17,0.16339059285375543,0.06975106313586096,0,True,-0.006243865825695628
2024-06-30,mom,mv,49,0.06846748851321838,3.9348002272236506,0.04999999999999999,1.2340276789749463,-5.898059818321144e-17,0.03026658411231462,0.06365475826978773,0,True,-0.011095032887376425
2024-06-30,mom,diag,49,0.06846748851321838,6.568083004739345,0.04999999999999999,1.3541653248805403,-9.71445146547012e-17,0.07489966097676869,0.0449580914762737,0,True,-0.0025986667496043156
2024-07-31,mom,mv,49,0.06830693749005809,3.757861443611555,0.05,1.2863745794585721,3.122502256758253e-17,-0.001898751579306457,0.08837455716698785,0,True,0.003625604825618072
2024-07-31,mom,diag,49,0.06830693749005809,6.845005760326834,0.05,1.3306007891804585,-6.938893903907228e-18,-0.02988390889558886,0.05494876847109696,0,True,0.003542599429307349
2024-08-31,mom,mv,49,0.0682661204645214,3.8499984142724624,0.05,1.364579654451391,0.0,0.0329255546303592,0.08006026478360476,0,True,-0.0025163920471384326
2024-08-31,mom,diag,49,0.0682661204645214,6.576327293548909,0.05,1.3526036967020452,-6.938893903907228e-17,0.06936884121752067,0.053696930563827086,0,True,-0.0018509840285325467
2024-09-30,mom,mv,49,0.06826288594923832,3.800247513347187,0.049999999999999996,1.209263203543642,-1.3877787807814457e-17,0.021972299219855575,0.09003794589085459,0,True,0.004520480790810124
2024-09-30,mom,diag,49,0.06826288594923832,6.646259878643629,0.05,1.2249211138614748,-3.469446951953614e-17,0.008875876893543277,0.05617011672520803,0,True,0.0025686406731183936
2024-10-31,mom,mv,49,0.06823764075528616,3.5679509880046036,0.04999999999999999,1.2393593646929755,-5.551115123125783e-17,0.06243939603252547,0.08897597944372883,0,True,1.9114090409357718e-05
2024-10-31,mom,diag,49,0.06823764075528616,7.214580537743081,0.049999999999999996,1.1725165674737594,-6.591949208711867e-17,0.1430962230343669,0.07525721517038768,0,True,0.007959902952615769
2024-11-30,mom,mv,49,0.06824862095720573,3.8543684824874624,0.05,1.3799938867755204,-4.85722573273506e-17,0.018820261517152926,0.08360848219310227,0,True,-0.005098838160696784
2024-11-30,mom,diag,49,0.06824862095720573,6.555125979578939,0.05,1.3678239023926864,6.938893903907228e-17,0.06683145569388241,0.05757833616783338,0,True,-0.0031412357526687485
2024-12-31,mom,mv,49,0.06815444186629578,3.7947178889487865,0.049999999999999996,1.3607184757510216,3.469446951953614e-17,0.017517978184806566,0.08235200477411724,0,True,0.017186250114917662
2024-12-31,mom,diag,49,0.06815444186629578,6.724808518467904,0.05000000000000001,1.394504195916037,-2.7755575615628914e-17,0.046000563283389445,0.05185281577040777,0,True,0.016824361415840428
2025-01-31,mom,mv,49,0.06833735603957437,3.7392107348505674,0.05,1.1522851148720692,1.0408340855860843e-17,0.010125416656771583,0.08050825596360758,0,True,-0.0053738330403358
2025-01-31,mom,diag,49,0.06833735603957437,6.426237799181263,0.05000000000000001,1.228274260733391,1.0408340855860843e-17,0.039489669504440265,0.049827420066402096,0,True,-0.014313372211178134
2025-02-28,mom,mv,49,0.06809646661402126,4.083853410367454,0.05,1.1389687845461882,-1.0408340855860843e-17,0.008515964783537054,0.09107191027615791,0,True,0.006975020290175213
2025-02-28,mom,diag,49,0.06809646661402126,6.413759650856461,0.05,1.2899482750551519,1.214306433183765e-17,0.026363208804945516,0.058460780535816326,0,True,-0.004441812096950021
2025-03-31,mom,mv,49,0.06792950022983128,3.6739695576593716,0.05,1.1712630529093648,-1.734723475976807e-17,-0.01845328639795103,0.10000000000984353,1,True,0.035386753115224386
2025-03-31,mom,diag,49,0.06792950022983128,6.672460536997963,0.05000000000000001,1.237075434414281,2.0816681711721685e-17,-0.08428905708013242,0.06284976250097492,0,True,0.02697206626604991
2025-04-30,mom,mv,49,0.06819514453829595,3.5608175195211227,0.049999999999999996,1.1759108425247624,-1.1102230246251565e-16,-0.02516429280729375,0.09999999999461157,1,True,0.01883187303320523
2025-04-30,mom,diag,49,0.06819514453829595,6.826399717429806,0.05,1.2147265376542247,1.3877787807814457e-17,-0.10440703192568444,0.06157373164987378,0,True,0.006915005279569899
2025-05-31,mom,mv,49,0.068250485762418,3.584252252263607,0.05000000000000001,1.1108060522566492,2.0816681711721685e-17,-0.03389878138054785,0.10000000000366413,1,True,0.0008961189774405894
2025-05-31,mom,diag,49,0.068250485762418,6.7992345622796675,0.05000000000000001,1.1938068763683243,-5.551115123125783e-17,-0.10891553132347445,0.06392197807614652,0,True,-0.004581823567943145
2025-06-30,mom,mv,49,0.06811149378334057,3.736134561114604,0.049999999999999996,1.1468126196299615,2.0816681711721685e-17,-0.0034704747485292168,0.09999999999155523,1,True,-0.029015837775049954
2025-06-30,mom,diag,49,0.06811149378334057,6.396102969627267,0.05,1.2731391087867385,7.632783294297951e-17,-0.03582498014021656,0.06533485622836196,0,True,-0.024384857573266285
2025-07-31,mom,mv,49,0.0677794933117961,3.5070183163667106,0.05,1.1366183082185244,-2.0816681711721685e-17,-0.005168518521482842,0.09999999999012897,1,True,-0.01116279965132136
2025-07-31,mom,diag,49,0.0677794933117961,6.743321886346851,0.049999999999999996,1.1917255399118747,2.42861286636753e-17,-0.03261694550425302,0.061536792030828354,0,True,-0.015514475004568611
2025-08-31,mom,mv,49,0.06745974380062199,3.5363900029402338,0.05,1.2066403860570536,6.938893903907228e-18,0.02551161578952906,0.08239694479150414,0,True,0.014917321413891694
2025-08-31,mom,diag,49,0.06745974380062199,7.665794484883999,0.05,1.1290221599568449,6.071532165918825e-18,0.08888939529809342,0.06315260353136205,0,True,0.023032652264918706
2025-09-30,mom,mv,49,0.0676714463021621,3.8217660601001167,0.05000000000000002,1.1857470699139079,2.7755575615628914e-17,0.03230079470135891,0.09176313722631232,0,True,-0.00883444740281835
2025-09-30,mom,diag,49,0.0676714463021621,7.404752713063947,0.04999999999999999,1.163085637594874,-1.5612511283791264e-17,0.09283883652583616,0.0634133589652449,0,True,0.004857205911846592
2025-10-31,mom,mv,49,0.06765041815800218,3.6240622048566644,0.05,1.0932490387624187,-2.42861286636753e-17,0.039113359017164624,0.0824559864080645,0,True,0.0016698545177377068
2025-10-31,mom,diag,49,0.06765041815800218,7.527256995028743,0.05000000000000001,1.0454860994038329,-1.2663481374630692e-16,0.102862726967119,0.07128915051746751,0,True,-0.013551233770936949
2025-11-30,mom,mv,49,0.0673389410201608,3.2044065750041977,0.049999999999999996,1.1213084989862068,5.898059818321144e-17,0.011722045053811081,0.08581708854865353,0,True,0.006616385532373006
2025-11-30,mom,diag,49,0.0673389410201608,6.952656159999378,0.04999999999999999,1.1168967369137848,4.640385298237959e-17,0.05219174242418687,0.05766421719945698,0,True,0.00556024594491867
2025-12-31,mom,mv,49,0.06738945022092761,2.9436496468484616,0.05,1.1635065886334965,3.469446951953614e-17,0.029584342376356373,0.08634897420885783,0,True,0.014763174175209007
2025-12-31,mom,diag,49,0.06738945022092761,5.521678372101509,0.05000000000000002,1.181282109024998,4.85722573273506e-17,0.08032986793508565,0.051801487504019667,0,True,0.027422525269874043
2026-01-31,mom,mv,49,0.06753760204764238,2.895712943658595,0.049999999999999996,1.1291158517383575,-5.551115123125783e-17,0.02089599469678004,0.08727712516889616,0,True,0.0036493910637743305
2026-01-31,mom,diag,49,0.06753760204764238,5.970105579033391,0.05,1.0941944502119605,-1.9168694409543718e-16,0.0752433043847341,0.05444902190588181,0,True,0.0058570629555890034
2026-02-28,mom,mv,49,0.06749891715898522,2.8301754069911658,0.05,0.9619288154325477,6.245004513516506e-17,0.046221018706165226,0.10000000000584384,1,True,-0.005112455308137558
2026-02-28,mom,diag,49,0.06749891715898522,7.367150679679242,0.05,0.9513624489660658,-3.122502256758253e-17,0.12621238463434026,0.05269016168900527,0,True,-1.9775624720025974e-05
2026-03-31,mom,mv,49,0.0674242173063926,2.842086445353316,0.05,0.9997278068484086,0.0,0.07545113451836966,0.09757688787277492,0,True,0.025966935803326815
2026-03-31,mom,diag,49,0.0674242173063926,7.857397116147096,0.05,0.9249308795394672,8.326672684688674e-17,0.14769418167916562,0.05307071205470904,0,True,0.03508407581032018
2026-04-30,mom,mv,49,0.06759907288095345,3.3516491213136326,0.05,0.9408854910696476,-4.423544863740858e-17,0.0588561211149718,0.09467349908938615,0,True,0.01964384799653431
2026-04-30,mom,diag,49,0.06759907288095345,9.088032497075318,0.05,0.9213461833477792,-6.245004513516506e-17,0.1375431992081632,0.05181449032349331,0,True,0.029681774704628915
2026-05-31,mom,mv,49,0.06782151060646337,3.3800886272212085,0.05000000000000001,0.9558283307088848,5.117434254131581e-17,0.06373056258456615,0.09642544458335077,0,True,-0.014954095047440491
2026-05-31,mom,diag,49,0.06782151060646337,9.230679708964246,0.05,0.862890112602538,2.42861286636753e-17,0.14112207302389218,0.05615653392689642,0,True,-0.0021176565033941383
2026-06-30,mom,mv,49,0.06776004125272674,3.3051096576214816,0.05,1.0033841294032153,-6.938893903907228e-18,0.05670238611480531,0.07875962680683997,0,True,-0.04459357304632762
2026-06-30,mom,diag,49,0.06776004125272674,9.291437524385715,0.05,0.8753746954285272,6.938893903907228e-18,0.12287496075932867,0.05926674780230447,0,True,-0.055583020933254935
2026-07-31,mom,mv,49,0.06723103828296337,3.0581369364746203,0.05,1.0706582839904777,2.7755575615628914e-17,0.06452684170151464,0.08107055593334951,0,True,0.013098322748236807
2026-07-31,mom,diag,49,0.06723103828296337,9.259119362357996,0.05,0.8527873165342861,-1.0755285551056204e-16,0.1310067252575085,0.0667634162835845,0,True,0.009383688342601056
2026-08-31,mom,mv,49,0.06716853921117696,3.4362884616666878,0.05,1.1992504292570436,1.691355389077387e-17,0.022052985510600386,0.07744409792374675,0,True,
2026-08-31,mom,diag,49,0.06716853921117696,7.394161987979817,0.05,0.9690937958609388,-1.3877787807814457e-17,0.08790189539923071,0.06997405535372432,0,True,
1990-01-31,rev,mv,46,0.06439329886639285,2.4983672942115303,0.05000000000000002,1.4421257061330983,-2.7755575615628914e-17,-0.009801054296155867,0.09999999999979792,1,True,-0.009082605488604104
1990-01-31,rev,diag,46,0.06439329886639285,6.5739835962254505,0.05000000000000002,1.3870055786082278,-5.551115123125783e-17,-0.021383694042792088,0.07731338817459821,0,True,-0.012570989854760021
1990-02-28,rev,mv,46,0.05895873922045152,2.808026100288837,0.04999999999999999,1.4688909326846193,-3.122502256758253e-17,-0.020679839315591905,0.06380667935625248,0,True,0.014950674243724484
1990-02-28,rev,diag,46,0.05895873922045152,6.683078228780547,0.05,1.4662729772920908,7.632783294297951e-17,-0.03961138103854814,0.07175594223944085,0,True,0.019461788344354882
1990-03-31,rev,mv,45,0.06347564813945362,2.5719234137214917,0.05,1.319187494547053,-1.3877787807814457e-17,-0.049571113113043345,0.09668107985177447,0,True,-0.004045897470313978
1990-03-31,rev,diag,45,0.06347564813945362,5.820024833749151,0.05000000000000002,1.3417993156689039,-5.377642775528102e-17,-0.06749701243865468,0.09281401433929523,0,True,-6.566123118477433e-05
1990-04-30,rev,mv,46,0.062399085056494726,2.7877331035518984,0.05000000000000002,1.4340167715599939,0.0,0.023360346222647554,0.08658749942229525,0,True,-0.0010377677049273636
1990-04-30,rev,diag,46,0.062399085056494726,7.064387924036152,0.05,1.4270419418396048,-2.7755575615628914e-17,0.009587901429481818,0.06388142713779678,0,True,0.00927997808880994
1990-05-31,rev,mv,46,0.06545983897018177,2.84473804685816,0.05,1.4053358857216924,-3.382710778154774e-17,0.06476388910228857,0.0999999999991492,1,True,0.022102804345079156
1990-05-31,rev,diag,46,0.06545983897018177,6.919611145458447,0.05000000000000001,1.5111691703202752,-7.28583859910259e-17,0.07655160485853707,0.06456899004257179,0,True,0.015522900292232114
1990-06-30,rev,mv,46,0.06727644798104615,2.8483604814706713,0.04999999999999999,1.4787697511280382,-4.163336342344337e-17,0.03313329864973173,0.09135107622355791,0,True,0.010573832171003408
1990-06-30,rev,diag,46,0.06727644798104615,6.69344844063336,0.05,1.4626966539783992,4.9439619065339e-17,0.02830170636890006,0.0819371778135048,0,True,0.0018493568770380974
1990-07-31,rev,mv,46,0.06625617344660584,2.839978597105893,0.05000000000000002,1.4172603617382413,4.85722573273506e-17,0.04168939515922281,0.07332243246777342,0,True,0.011469719275527564
1990-07-31,rev,diag,46,0.06625617344660584,7.9697749954689865,0.05000000000000002,1.3889749125144253,-3.8163916471489756e-17,0.02788230174509447,0.084690716291163,0,True,0.011749410091245673
1990-08-31,rev,mv,46,0.0681382120487508,3.051020468428334,0.05000000000000002,1.4272929639584433,3.2959746043559335e-17,-0.04221717322563726,0.08654299335274564,0,True,0.0035021149187559044
1990-08-31,rev,diag,46,0.0681382120487508,7.875168561556919,0.05000000000000002,1.4057362985780497,8.673617379884035e-17,-0.09185623816502582,0.06237507469268692,0,True,0.012758714071225353
1990-09-30,rev,mv,45,0.07063704022412284,2.9264610436717553,0.05,1.3393293097330343,-5.898059818321144e-17,-0.08056409161426972,0.1000000000099202,1,True,-0.006678154486926776
1990-09-30,rev,diag,45,0.07063704022412284,8.440712069270536,0.05,1.24599963368821,2.7755575615628914e-17,-0.13846402238236527,0.07771307461137278,0,True,0.009209367482892644
1990-10-31,rev,mv,45,0.07190084054242668,2.8849792379013595,0.049999999999999996,1.3265630466401472,-7.45931094670027e-17,-0.0847871668891077,0.09071757654739811,0,True,-0.006045414783541696
1990-10-31,rev,diag,45,0.07190084054242668,8.855599273916022,0.05000000000000002,1.2894401284760963,-6.938893903907228e-18,-0.13332651620464026,0.07987326544411637,0,True,-0.013817211449426822
1990-11-30,rev,mv,46,0.06709992320812022,3.1724364082471506,0.05000000000000001,1.4590165561237467,2.0383000842727483e-17,-0.03392467224936201,0.0677700136659322,0,True,0.001766459753778273
1990-11-30,rev,diag,46,0.06709992320812022,7.577341884132576,0.05,1.4153697978189266,1.8214596497756474e-17,-0.0796207997331015,0.057431353882049785,0,True,-0.0014043572786917675
1990-12-31,rev,mv,46,0.06399970017046099,2.7282254683515976,0.05,1.3936371646829244,-3.642919299551295e-17,-0.08441129869541183,0.09135640166418067,0,True,0.00042172049567008223
1990-12-31,rev,diag,46,0.06399970017046099,7.334179626447571,0.05,1.3999317033857237,-5.551115123125783e-17,-0.12914196083194127,0.07894065117811636,0,True,-0.0138289598938718
1991-01-31,rev,mv,45,0.06036901258843472,2.7788904082480475,0.04999999999999999,1.3256466450856965,-1.1275702593849246e-17,-0.06697523205628166,0.10000000000996759,1,True,-3.436002011795975e-05
1991-01-31,rev,diag,45,0.06036901258843472,6.6971783120946435,0.05,1.3308864474988658,9.020562075079397e-17,-0.11179131231912477,0.08644567565434576,0,True,-0.004085948782484547
1991-02-28,rev,mv,45,0.05959437977029583,2.736679082826532,0.05,1.3930068884026636,0.0,-0.03429308698898574,0.08554698560017339,0,True,0.009063481798416487
1991-02-28,rev,diag,45,0.05959437977029583,6.309246731003149,0.05,1.4144127336982757,-7.28583859910259e-17,-0.035781504136819624,0.07784523539525781,0,True,0.01328063005493082
1991-03-31,rev,mv,46,0.06331848093032762,2.6881808489735346,0.05,1.2436728690732306,1.8214596497756474e-17,0.018031877736906454,0.08444253022150569,0,True,-0.002914644384683518
1991-03-31,rev,diag,46,0.06331848093032762,7.394756223584447,0.05,1.2492469057217344,-2.6020852139652106e-18,0.0353951286778452,0.0829750072999915,0,True,-0.004127672586494442
1991-04-30,rev,mv,46,0.060398661963504914,2.5956625220842056,0.04999999999999999,1.435287079870384,-1.6653345369377348e-16,-0.010900096327167019,0.09121401574827231,0,True,-0.0064031422812927076
1991-04-30,rev,diag,46,0.060398661963504914,7.049810773345999,0.049999999999999996,1.437904975998895,-1.249000902703301e-16,-0.008095854321441692,0.07194628837547548,0,True,-0.013076741271247394
1991-05-31,rev,mv,46,0.05757103641716392,2.739751816607654,0.05,1.442835909500788,-4.5102810375396984e-17,0.005008538308871252,0.09305913115579241,0,True,-0.010619586608701959
1991-05-31,rev,diag,46,0.05757103641716392,6.2536852256741176,0.05000000000000001,1.4403381335643741,4.5102810375396984e-17,0.011044450966734572,0.08813193162049424,0,True,-0.007863516630116514
1991-06-30,rev,mv,46,0.05535762107915583,2.352846357831904,0.05000000000000001,1.229451440402688,-3.903127820947816e-17,0.021307895947673,0.1000000000098382,1,True,0.0008191174545580913
1991-06-30,rev,diag,46,0.05535762107915583,5.708138186610948,0.05,1.231179616572495,3.2959746043559335e-17,0.029248592065756168,0.09639198737776913,0,True,0.0027557751149796697
1991-07-31,rev,mv,47,0.056905235407611984,2.767663120522179,0.04999999999999999,1.3550252502689313,0.0,-0.01419332152491536,0.08899721476170193,0,True,0.004262406690788074
1991-07-31,rev,diag,47,0.056905235407611984,6.326817113258607,0.05,1.3654019016405488,6.938893903907228e-17,-0.002778734332891571,0.07671679972487018,0,True,0.011139548827328953
1991-08-31,rev,mv,47,0.06038663816029014,2.9295504939086645,0.04999999999999999,1.500832849446397,1.3010426069826053e-17,-0.005850489324554678,0.08424563218230653,0,True,0.00513499414621535
1991-08-31,rev,diag,47,0.06038663816029014,6.673839201548762,0.05000000000000001,1.4173401839687445,5.204170427930421e-18,0.010245784577602484,0.08457743780956004,0,True,0.0052358333741738825
1991-09-30,rev,mv,47,0.06132449093344179,2.744357128382957,0.049999999999999996,1.4566277705634878,3.0791341698588326e-17,-0.017215510929549177,0.08470153870500183,0,True,0.001002074166261233
1991-09-30,rev,diag,47,0.06132449093344179,6.038149312276248,0.049999999999999996,1.4118452385317501,6.938893903907228e-18,-0.03581218833882554,0.08802675729690145,0,True,0.00028827053039841034
1991-10-31,rev,mv,46,0.06021762205924854,3.037676992364972,0.05000000000000002,1.5693972616417067,6.938893903907228e-18,-0.006508581992391582,0.0841364936528754,0,True,0.019530199799557835
1991-10-31,rev,diag,46,0.06021762205924854,6.463523861815399,0.05000000000000002,1.6430991714081804,-5.724587470723463e-17,-0.0007564751225745424,0.059443958685100974,0,True,0.012880333616819662
1991-11-30,rev,mv,47,0.06325134253189257,3.252611478111567,0.049999999999999996,1.603314879501392,-4.163336342344337e-17,-0.0032698660516555984,0.06446064524043107,0,True,0.016183705659770065
1991-11-30,rev,diag,47,0.06325134253189257,6.382925511754634,0.05,1.560316110721732,4.163336342344337e-17,0.0025687131353562894,0.0634710007252827,0,True,0.016925057137420572
1991-12-31,rev,mv,46,0.06505419075989691,3.1226776868035153,0.05,1.3898164445261825,6.938893903907228e-17,-0.012525143293183858,0.07476353022224701,0,True,0.0012298652958199815
1991-12-31,rev,diag,46,0.06505419075989691,7.09779125101077,0.05,1.3979633920932388,6.938893903907228e-18,-0.01199653153745949,0.06615904757478017,0,True,-0.006787324403271102
1992-01-31,rev,mv,46,0.06327610924867734,2.603123182345679,0.04999999999999999,1.39380633892916,1.734723475976807e-17,0.0023206759068131093,0.10000000000573736,2,True,-0.006827759630230913
1992-01-31,rev,diag,46,0.06327610924867734,7.4555334897945835,0.049999999999999996,1.3212902937506055,4.85722573273506e-17,0.017362560797832566,0.09117363219631414,0,True,-0.010786037588024405
1992-02-29,rev,mv,46,0.06011489533166709,2.8434046390036776,0.049999999999999996,1.331203274119621,2.42861286636753e-17,0.07071394825773716,0.07892111677073965,0,True,-0.007115249124627023
1992-02-29,rev,diag,46,0.06011489533166709,6.616161111716288,0.05,1.287136382122662,7.28583859910259e-17,0.0975217633578467,0.06506316957404264,0,True,-0.004817382811564519
1992-03-31,rev,mv,46,0.0572658623981632,2.048554967797824,0.05000000000000001,1.3275284193864934,-1.9081958235744878e-17,0.048889087698557106,0.10000000000328345,2,True,-0.011294111017560426
1992-03-31,rev,diag,46,0.0572658623981632,4.9828796969600235,0.05,1.1755031414952377,6.071532165918825e-17,0.09002317573935836,0.1290746422263623,1,True,-0.013091881386063563
1992-04-30,rev,mv,46,0.05545781891882659,2.706120410658333,0.04999999999999999,1.299695961915928,-1.3877787807814457e-16,0.06195575329213519,0.09989447690144986,0,True,-0.013082978289007199
1992-04-30,rev,diag,46,0.05545781891882659,5.844810009626584,0.05,1.2394458154046843,6.938893903907228e-18,0.10977051029148029,0.06928456810728152,0,True,-0.01042384731544354
1992-05-31,rev,mv,46,0.05171022068412934,2.5488683057832193,0.05000000000000001,1.4304738930994976,3.8163916471489756e-17,0.03955737122032948,0.08660855446465102,0,True,0.006242903644320452
1992-05-31,rev,diag,46,0.05171022068412934,5.240292314520787,0.05,1.428481355179636,2.0816681711721685e-17,0.04821351534951663,0.06160512617635895,0,True,0.004105441166498408
1992-06-30,rev,mv,47,0.0520737368051815,2.2853757930330563,0.05,1.5101865200271731,-5.724587470723463e-17,0.0023161604097964752,0.10000000000149326,1,True,-0.012887121801566951
1992-06-30,rev,diag,47,0.0520737368051815,4.62214250610908,0.05,1.5344362506472509,-5.204170427930421e-18,0.002442541899811588,0.0849871803354678,0,True,-0.013971046068490964
1992-07-31,rev,mv,46,0.04813652685840752,2.260316820653912,0.049999999999999996,1.3680897037320412,6.938893903907228e-17,-0.019371857024778737,0.07994104342630111,0,True,-0.01143380942402279
1992-07-31,rev,diag,46,0.04813652685840752,5.035961277304875,0.05000000000000001,1.3696553691747844,0.0,-0.03313753634391847,0.07691849152609849,0,True,-0.004772481775336139
1992-08-31,rev,mv,47,0.04612671965776767,2.1905065325506663,0.05,1.5817484056790438,1.3877787807814457e-17,0.03908935883454498,0.08024866634266807,0,True,-0.006723862370985161
1992-08-31,rev,diag,47,0.04612671965776767,5.162852581937954,0.05000000000000002,1.4186531702491165,-3.469446951953614e-17,0.03455928303480868,0.07615747536591672,0,True,-0.005321350431125323
1992-09-30,rev,mv,47,0.045399711351236716,2.2313858710865846,0.05000000000000002,1.586157505853035,-5.0306980803327406e-17,-0.001590839470113067,0.061386227585711134,0,True,-0.010043345845974947
1992-09-30,rev,diag,47,0.045399711351236716,5.0921674412061675,0.05,1.3878862249272217,8.673617379884035e-18,-0.017439962348947614,0.08580180624986958,0,True,-0.0005363052429272073
1992-10-31,rev,mv,47,0.044935788882959016,2.1309924794143673,0.05,1.4377346425652837,-1.734723475976807e-17,0.013619383268007944,0.10000000000480955,2,True,-0.004637622151935766
1992-10-31,rev,diag,47,0.044935788882959016,4.781614553011808,0.049999999999999996,1.331570399938446,2.7755575615628914e-17,0.05047910071515538,0.09964858745623394,0,True,0.004779697739810072
1992-11-30,rev,mv,47,0.045858965262233,2.3132429228562703,0.05,1.635444862384961,-1.3877787807814457e-17,0.01093903247840623,0.06540704484524199,0,True,-0.001966150463443248
1992-11-30,rev,diag,47,0.045858965262233,4.80393701028041,0.049999999999999996,1.5415690932435702,-7.632783294297951e-17,0.013724978724401853,0.056010771737040804,0,True,0.0003002538413462256
1992-12-31,rev,mv,47,0.045757841463112174,2.0639812855823685,0.05000000000000002,1.5727153281450228,-1.3010426069826053e-17,-0.020773956126778327,0.07526804002832527,0,True,0.013051193124731776
1992-12-31,rev,diag,47,0.045757841463112174,5.025317362894805,0.05,1.4556601834614944,2.2985086056692694e-17,-0.027483818078739036,0.08786541237164568,0,True,0.010707652624590214
1993-01-31,rev,mv,47,0.04641528321925394,2.0757961318562193,0.049999999999999996,1.5889888417816862,6.938893903907228e-18,0.011819077427429502,0.10000000001258823,1,True,0.01604034381771188
1993-01-31,rev,diag,47,0.04641528321925394,5.208040329044894,0.05000000000000001,1.3671145205082913,3.469446951953614e-18,0.06174675191256532,0.10226247083769349,1,True,0.005645509675901993
1993-02-28,rev,mv,47,0.046803481750593665,2.310485426037476,0.05000000000000001,1.7336711549020212,1.3877787807814457e-17,0.009220759416603283,0.054137645110125296,0,True,0.022495520252108395
1993-02-28,rev,diag,47,0.046803481750593665,5.0079576991861705,0.05000000000000001,1.5028497936876972,-6.938893903907228e-18,0.07169556143467753,0.06554410125244503,0,True,0.019682827893219974
1993-03-31,rev,mv,47,0.05097602074724839,2.599495521171554,0.05000000000000001,1.8181434631814788,6.938893903907228e-18,0.02446246517515103,0.06366488864150725,0,True,0.010723518253463486
1993-03-31,rev,diag,47,0.05097602074724839,5.308290706086033,0.05,1.686954876936777,0.0,0.086961912731368,0.06568084800127008,0,True,-0.002163248926188625
1993-04-30,rev,mv,47,0.0504085506865323,2.6231495183631486,0.049999999999999996,1.7406241967680722,-5.551115123125783e-17,0.0027154470225362695,0.060173056620717175,0,True,0.0020603563017601335
1993-04-30,rev,diag,47,0.0504085506865323,5.084953513576647,0.05,1.6058664508817657,5.551115123125783e-17,0.07311126019995058,0.056574024448084854,0,True,0.0028362509116482046
1993-05-31,rev,mv,47,0.049961135509554604,2.6018149477569916,0.050000000000000024,1.624111850016235,0.0,0.0010403358301136984,0.06795149417330253,0,True,0.0083290095697027
1993-05-31,rev,diag,47,0.049961135509554604,4.9076984562583315,0.05,1.537004708865493,6.938893903907228e-18,0.05381989496785059,0.08036704057065054,0,True,0.011193705307825222
1993-06-30,rev,mv,47,0.05111000481825661,2.0355844225397832,0.05000000000000001,1.5226660840229929,-4.185020385794047e-17,0.0020867247249036313,0.10000000001201188,2,True,0.01236964530406741
1993-06-30,rev,diag,47,0.05111000481825661,4.2396190736791395,0.04999999999999999,1.4042023246161097,9.465084965798454e-17,0.05742401700942408,0.1053888074200953,1,True,0.013112358975586028
1993-07-31,rev,mv,47,0.05232415914877359,2.3894854480161514,0.05,1.4351688265763025,1.3877787807814457e-17,-0.03299257229961809,0.10000000000420231,1,True,-0.0015417689126210575
1993-07-31,rev,diag,47,0.05232415914877359,5.229243199803992,0.05,1.4431908894048888,5.551115123125783e-17,-0.02009136767039377,0.078868151522763,0,True,0.0051761897128076075
1993-08-31,rev,mv,47,0.05257287218372969,2.654812384175834,0.05,1.4136919909894166,-3.474867962816042e-17,-0.004307741735950556,0.08949420518876969,0,True,0.004114848051119533
1993-08-31,rev,diag,47,0.05257287218372969,5.404807953759494,0.05000000000000002,1.451815461911358,-2.42861286636753e-17,0.01789824737567118,0.06785263386704425,0,True,0.016665383003430272
1993-09-30,rev,mv,47,0.05480040018189759,2.3855690455853504,0.05,1.477836325737227,-7.112366251504909e-17,-0.027991084085806226,0.10000000000809066,1,True,-0.0016191830307362813
1993-09-30,rev,diag,47,0.05480040018189759,4.7078906491846535,0.05,1.5453330089591495,3.642919299551295e-17,0.0006227228300096067,0.09297207790994041,0,True,-0.0031827961180043436
1993-10-31,rev,mv,47,0.053473460993345275,2.7418376919036906,0.05,1.4958660802151251,-4.683753385137379e-17,-0.017081092036829074,0.0812878777720821,0,True,-0.013089186811089119
1993-10-31,rev,diag,47,0.053473460993345275,5.28983174807417,0.05000000000000001,1.4986717147129822,-1.1622647289044608e-16,0.004721138965716591,0.07451475498680954,0,True,-0.018193757848802585
1993-11-30,rev,mv,47,0.050041438696110656,2.671451223973568,0.05000000000000001,1.5786075674824782,2.7755575615628914e-17,-0.0005341855674233613,0.08128948779970162,0,True,-0.009170563838107418
1993-11-30,rev,diag,47,0.050041438696110656,4.813508812497516,0.05000000000000001,1.626791800402933,0.0,-0.0046722254227787845,0.0589799782586251,0,True,-0.005576823501461332
1993-12-31,rev,mv,47,0.04899235127073873,3.0093248360403866,0.05,1.7024386503335331,-3.469446951953614e-18,-0.00463580295432029,0.07927773593493793,0,True,-0.003231304412897677
1993-12-31,rev,diag,47,0.04899235127073873,4.081061083759369,0.05,1.7711261635527251,-2.0816681711721685e-17,-0.008343633538549214,0.05576817113886886,0,True,0.0022794506817254943
1994-01-31,rev,mv,47,0.04923787383451996,2.5785117326018825,0.05,1.5494234987430384,-6.938893903907228e-18,0.03190807435226703,0.08283037447705685,0,True,-0.007484381079287426
1994-01-31,rev,diag,47,0.04923787383451996,4.88597078800133,0.04999999999999999,1.4732832620817122,-8.673617379884035e-17,0.0878815737047089,0.11133259030604332,1,True,-1.3046399534666012e-05
1994-02-28,rev,mv,47,0.0490874517063562,2.7033273868274397,0.05,1.5504098206789865,0.0,0.04383065198768348,0.09964272012410887,0,True,-0.022600990105103514
1994-02-28,rev,diag,47,0.0490874517063562,4.443215609227418,0.05,1.5647297836319158,-1.3877787807814457e-17,0.10002330048265519,0.07885498698292506,0,True,-0.01944700740212673
1994-03-31,rev,mv,47,0.04592162979096078,2.353644345764052,0.05,1.620705770163322,6.938893903907228e-18,0.052376741334049265,0.0739531674890534,0,True,-0.004867418225374151
1994-03-31,rev,diag,47,0.04592162979096078,4.532475578043414,0.05,1.5100958989050768,2.0816681711721685e-17,0.10096519773924532,0.09675199444448541,0,True,-0.008163898805234153
1994-04-30,rev,mv,47,0.04399739145805224,2.068142946045873,0.05,1.6678761199978658,-3.469446951953614e-18,0.03414704468071833,0.1000000000167328,1,True,-0.009880501319446162
1994-04-30,rev,diag,47,0.04399739145805224,4.5909427155054825,0.04999999999999999,1.486708348380451,-6.938893903907228e-17,0.07125950892055347,0.13674403004091,1,True,-0.0009500455044977163
1994-05-31,rev,mv,47,0.04311208205401039,2.25111632245686,0.05,1.7141562998312772,4.163336342344337e-17,0.0381769158797833,0.07480539472949319,0,True,-0.005740708367245484
1994-05-31,rev,diag,47,0.04311208205401039,4.291000199210493,0.05,1.6544835251899395,5.551115123125783e-17,0.05675512681306108,0.08261442058934332,0,True,-0.006449224091429902
1994-06-30,rev,mv,47,0.04073408756594717,2.2356590168297727,0.05,1.4762547345545947,3.122502256758253e-17,0.03414168732939852,0.10000000000334777,1,True,0.012173228758622479
1994-06-30,rev,diag,47,0.04073408756594717,3.1767845409818793,0.05000000000000001,1.5786356388483551,-9.367506770274758e-17,0.044502668110088316,0.08841943215941177,0,True,0.015846195168604988
1994-07-31,rev,mv,48,0.043513080792988504,2.2934944543790503,0.05,1.756273510544032,2.7755575615628914e-17,0.03859963945086127,0.07256292143891518,0,True,0.003383945405938859
1994-07-31,rev,diag,48,0.043513080792988504,4.291807433990639,0.049999999999999996,1.6565519104851436,-2.7755575615628914e-17,0.03921479960508546,0.08888927448316288,0,True,0.0005096646199516698
1994-08-31,rev,mv,48,0.04384266743775713,2.513246451904071,0.05000000000000001,1.6012735371169533,-6.938893903907228e-18,0.027229303434915836,0.08810417324483975,0,True,0.0017218464940864982
1994-08-31,rev,diag,48,0.04384266743775713,4.183818826377443,0.05000000000000002,1.6463289296488812,-8.326672684688674e-17,0.027985716982486614,0.07077421523046776,0,True,0.0034543635951305154
1994-09-30,rev,mv,48,0.044043044520463516,2.4203201509688954,0.05,1.7711795572372608,2.7755575615628914e-17,0.03131303481298486,0.08203848412646664,0,True,-0.006506772097116066
1994-09-30,rev,diag,48,0.044043044520463516,4.420999537817338,0.05000000000000001,1.7448005563706792,-5.551115123125783e-17,0.023605115056933024,0.06977007743389531,0,True,-0.0005620916908318264
1994-10-31,rev,mv,47,0.04370186511667349,2.2026028421733814,0.049999999999999996,1.6057340037970436,-4.85722573273506e-17,0.06366185015220287,0.10000000002548592,1,True,-0.00572287194628216
1994-10-31,rev,diag,47,0.04370186511667349,4.229883396427278,0.049999999999999996,1.667017335247383,-1.734723475976807e-17,0.08004969201867612,0.06488650979323914,0,True,-0.008933344805166565
1994-11-30,rev,mv,48,0.0428513227209906,2.3176612121034967,0.05000000000000001,1.6997623758128484,0.0,0.044683418914829534,0.08227441180063604,0,True,0.012555475014940854
1994-11-30,rev,diag,48,0.0428513227209906,4.333179500707283,0.049999999999999996,1.6603428030151828,-2.7755575615628914e-17,0.050342570719161664,0.1050449378612622,1,True,0.01570626627127266
1994-12-31,rev,mv,47,0.045427363763491775,1.7025502585426133,0.05000000000000001,1.5414990433247675,1.3877787807814457e-17,0.06254934419707543,0.10000000000661062,1,True,0.008480254200824523
1994-12-31,rev,diag,47,0.045427363763491775,3.534069929818714,0.04999999999999999,1.47853488926586,-9.71445146547012e-17,0.07168196992695189,0.14466149420501404,1,True,0.0001310923279941173
1995-01-31,rev,mv,48,0.04474430039447903,2.3179479678200368,0.05,1.593862124486853,-4.163336342344337e-17,0.007374121088522589,0.08380470023728442,0,True,-0.009371433627411115
1995-01-31,rev,diag,48,0.04474430039447903,4.490034590150758,0.05,1.6067933408168877,-6.938893903907228e-17,-0.01856831073384782,0.06558828907330284,0,True,0.0005487896605414987
1995-02-28,rev,mv,48,0.04563602997163066,2.303081042356358,0.05,1.6728280299156173,5.551115123125783e-17,0.029264556150413484,0.07260128507858227,0,True,-0.00012647470462202827
1995-02-28,rev,diag,48,0.04563602997163066,4.722589152475934,0.05000000000000001,1.7269095540446788,5.551115123125783e-17,0.0395106715980853,0.05649110687707886,0,True,0.008041896546687053
1995-03-31,rev,mv,48,0.04685832935378142,2.324590495844552,0.05,1.4878194664076714,5.551115123125783e-17,0.017395880686489784,0.09317671539526025,0,True,0.006391556273619153
1995-03-31,rev,diag,48,0.04685832935378142,4.198543824504488,0.05,1.4675084801965894,8.326672684688674e-17,0.039967263922928764,0.1284802459326064,1,True,0.01514013643583699
1995-04-30,rev,mv,48,0.048648448524951725,2.56735217159301,0.05000000000000001,1.755040708260342,4.85722573273506e-17,0.042955563097461846,0.0689487119001857,0,True,-0.013028900186329137
1995-04-30,rev,diag,48,0.048648448524951725,4.867000857362827,0.05,1.6754430932366469,-5.551115123125783e-17,0.06568579027837168,0.06441832743731327,0,True,-0.011838053989370344
1995-05-31,rev,mv,48,0.04575412633316484,2.5013479122252247,0.05,1.8048943685163286,5.551115123125783e-17,0.03421561185283398,0.07415032173184567,0,True,-0.0004819236577812691
1995-05-31,rev,diag,48,0.04575412633316484,4.623959147068417,0.05,1.744073498881211,2.7755575615628914e-17,0.04653248242036166,0.07053065620477353,0,True,0.005706381457252008
1995-06-30,rev,mv,47,0.046479742575215165,2.3182301631995634,0.05,1.779490501939978,4.5102810375396984e-17,0.023792837734116324,0.06133700167466896,0,True,-0.0013272576785456807
1995-06-30,rev,diag,47,0.046479742575215165,4.822740362225839,0.049999999999999996,1.6678221360349132,-4.163336342344337e-17,0.037269072925873115,0.07500029855946884,0,True,0.0023190488310936806
1995-07-31,rev,mv,47,0.04676383776507554,2.5090750192719034,0.05,1.649190730258694,-8.500145032286355e-17,0.02284284665791538,0.07221422119400317,0,True,0.004577448096751193
1995-07-31,rev,diag,47,0.04676383776507554,4.33456728941044,0.04999999999999999,1.6106387225764767,-6.938893903907228e-17,0.04203092360468522,0.07195444055846727,0,True,0.0015782188858643842
1995-08-31,rev,mv,47,0.046926440862061804,2.599506951587679,0.05000000000000001,1.7133669632588162,4.163336342344337e-17,0.05057118213679524,0.10000000000996216,1,True,0.014040842403811678
1995-08-31,rev,diag,47,0.046926440862061804,4.274420113782825,0.05,1.7139954055325004,-5.204170427930421e-18,0.07745188853833561,0.08449611355050873,0,True,0.006406106216908478
1995-09-30,rev,mv,47,0.04654040407633019,2.3160610217880553,0.049999999999999996,1.5962076667093412,-4.0766001685454967e-17,0.04340718479542276,0.08350822613175957,0,True,0.022942845853494178
1995-09-30,rev,diag,47,0.04654040407633019,4.165221583538403,0.05,1.5125870608039487,3.382710778154774e-17,0.05961321421304167,0.12709048070503637,1,True,0.024394233923136326
1995-10-31,rev,mv,47,0.049394565483426925,2.446702578422656,0.05000000000000001,1.5594200558950322,-1.734723475976807e-17,-0.011609123123018704,0.09816419316008689,0,True,-0.026994503218145314
1995-10-31,rev,diag,47,0.049394565483426925,5.092285865372077,0.05,1.5277938936615274,-4.5102810375396984e-17,-0.04095104243390824,0.08661779901190816,0,True,-0.02270901748199091
1995-11-30,rev,mv,46,0.04690556602856643,2.4694112087324593,0.050000000000000024,1.6198782879692741,-6.938893903907228e-18,-0.04498681861007155,0.0754825231305835,0,True,0.020472380534557643
1995-11-30,rev,diag,46,0.04690556602856643,4.509151272110746,0.049999999999999996,1.7217423606638236,9.71445146547012e-17,-0.07154999397380549,0.055880988368746706,0,True,0.017077834065439345
1995-12-31,rev,mv,47,0.04809122126796967,2.279550808461971,0.05000000000000002,1.6304081181131627,-1.3877787807814457e-17,-0.06084825280598984,0.07881097575196244,0,True,0.004464900602710019
1995-12-31,rev,diag,47,0.04809122126796967,5.071756512305452,0.05,1.5916602721149584,1.1102230246251565e-16,-0.08376154322641191,0.12397136575949251,1,True,0.007587940803884017
1996-01-31,rev,mv,47,0.0484509392377212,2.363798782276858,0.049999999999999996,1.597272355341148,-5.377642775528102e-17,-0.053839749041148945,0.08153466370581822,0,True,0.0010444328243619104
1996-01-31,rev,diag,47,0.0484509392377212,5.017691808917274,0.05,1.5796631263283556,9.389190813724468e-17,-0.09215045973644614,0.09355184735350439,0,True,-0.002710490097484328
1996-02-29,rev,mv,47,0.047543255143239094,2.497623475038211,0.05000000000000002,1.6131354395508617,1.3877787807814457e-17,0.0028514818801446307,0.0777616356094657,0,True,-0.013965022873846386
1996-02-29,rev,diag,47,0.047543255143239094,4.5578974674558355,0.04999999999999999,1.5921456765013726,0.0,-0.009990808613854823,0.07509315272712153,0,True,-0.021587880649169004
1996-03-31,rev,mv,47,0.04489045122474294,1.765488772637041,0.05,1.7827115324550817,6.938893903907228e-17,-0.012058007040913645,0.1000000000133901,1,True,-0.008679720210909618
1996-03-31,rev,diag,47,0.04489045122474294,3.5219305532663,0.04999999999999999,1.5478479391916895,4.163336342344337e-17,-0.007573757372986552,0.1476134139114512,2,True,-0.0040117161646737
1996-04-30,rev,mv,47,0.04302291067676916,2.236617302558169,0.04999999999999999,1.7213920632096593,-6.245004513516506e-17,-0.01710287756944265,0.09174193423772237,0,True,-0.007241542944367566
1996-04-30,rev,diag,47,0.04302291067676916,4.055370128126723,0.05,1.6187701585152214,9.020562075079397e-17,-0.04177450953403103,0.11172649112534429,1,True,-0.00046931777336417204
1996-05-31,rev,mv,47,0.042181112733405246,2.391939084941692,0.05000000000000001,1.8566512889272244,5.551115123125783e-17,-0.007466421081687932,0.09359304130340873,0,True,0.006124077517956058
1996-05-31,rev,diag,47,0.042181112733405246,3.7794862047106035,0.049999999999999996,1.8067384021151085,2.7755575615628914e-17,-0.01646480769969684,0.08120253917816643,0,True,0.010063499570175254
1996-06-30,rev,mv,47,0.04283711668443187,2.332312415200777,0.05,1.7760520154049697,4.163336342344337e-17,-0.053284001051964305,0.09596003579992034,0,True,0.002249591093759843
1996-06-30,rev,diag,47,0.04283711668443187,4.102114951977193,0.05,1.6484665021295777,-1.3877787807814457e-17,-0.09993295706223301,0.11403412239031009,1,True,0.005591627368067008
1996-07-31,rev,mv,47,0.04310237402453691,2.1566829774316183,0.04999999999999999,1.6562549099558057,-6.245004513516506e-17,-0.03654290231639667,0.08985701470257544,0,True,0.00729175047682489
1996-07-31,rev,diag,47,0.04310237402453691,3.9415540117836914,0.05,1.504533207636245,1.734723475976807e-17,-0.09405619582311968,0.13195137740107094,1,True,0.0035219763259737766
1996-08-31,rev,mv,48,0.04263878670793812,2.3510535292491883,0.049999999999999996,1.7729094084838963,-2.0816681711721685e-17,-0.03257351312215316,0.06569301926901992,0,True,-0.0019532810708654206
1996-08-31,rev,diag,48,0.04263878670793812,4.114048650704876,0.05000000000000001,1.7388129784180348,-9.71445146547012e-17,-0.06211229068159215,0.06821061258704908,0,True,-0.004438146776443319
1996-09-30,rev,mv,48,0.041458812991083144,2.331078909304963,0.05,1.8418102858426018,-5.551115123125783e-17,-0.010213658135651948,0.07540006763573348,0,True,0.004479663569649883
1996-09-30,rev,diag,48,0.041458812991083144,4.046051201522974,0.05,1.8275934834551957,-5.551115123125783e-17,-0.01109444117560393,0.09932297715653829,0,True,0.0032312056381590126
1996-10-31,rev,mv,48,0.04165057752171859,2.2623482537697317,0.05,1.8659097518836112,8.326672684688674e-17,-0.004483827539341401,0.07255203513382472,0,True,-0.0008660897458817075
1996-10-31,rev,diag,48,0.04165057752171859,3.8678226736937775,0.05,1.8931124637853332,-2.7755575615628914e-17,0.02783181018419928,0.08018255445682756,0,True,-0.004215936489518214
1996-11-30,rev,mv,48,0.04110077855659617,2.3325840675368306,0.05000000000000002,1.9264903733993424,4.163336342344337e-17,-0.026402777417613307,0.08261238339155948,0,True,0.026050149647584307
1996-11-30,rev,diag,48,0.04110077855659617,3.754754394671907,0.05,1.863610208264399,-2.0816681711721685e-17,-0.042358130580966144,0.05205051441684699,0,True,0.025029962305600038
1996-12-31,rev,mv,48,0.043236469330819385,2.5194362555770335,0.05000000000000001,1.6805733530318352,-1.3877787807814457e-17,-0.003922632399881741,0.0858034626443892,0,True,-0.0006535078240445915
1996-12-31,rev,diag,48,0.043236469330819385,3.7546559267299537,0.05,1.704579364233743,-1.3877787807814457e-17,0.04358955202821686,0.0787856374292833,0,True,0.0017653862426526916
1997-01-31,rev,mv,48,0.04306286247481974,2.1582943593036727,0.05,1.7698239694119908,0.0,-0.026286711654156594,0.08000861389099484,0,True,-0.02531316451391325
1997-01-31,rev,diag,48,0.04306286247481974,3.5550230450582943,0.05,1.5711428991090868,-5.551115123125783e-17,-0.04556589500014318,0.0787648252029844,0,True,-0.021000553810208898
1997-02-28,rev,mv,47,0.04261165558641478,2.477063320775725,0.049999999999999996,1.8359954110116004,-4.163336342344337e-17,0.034198815947801185,0.06326789778603029,0,True,0.0019493582063001764
1997-02-28,rev,diag,47,0.04261165558641478,3.83041062319758,0.05,1.7607904391456275,-4.163336342344337e-17,0.06676183859663899,0.09498492547216214,0,True,-0.003378318835132427
1997-03-31,rev,mv,48,0.04219623757273191,2.3157060213096248,0.05,2.1801562676409247,5.551115123125783e-17,0.014074075031089456,0.06467224144013793,0,True,-0.010817557621293768
1997-03-31,rev,diag,48,0.04219623757273191,4.067871677134544,0.05,1.984848348149568,8.326672684688674e-17,0.07449580259757499,0.07518432168553531,0,True,-0.011524670010886848
1997-04-30,rev,mv,48,0.041210583387123426,2.2533135136248843,0.05,1.9481018898809355,-3.469446951953614e-17,0.06796075845877256,0.08360577591330004,0,True,0.002007575163361369
1997-04-30,rev,diag,48,0.041210583387123426,3.91165113836239,0.05,1.7424103560602244,-8.326672684688674e-17,0.11501438292894,0.1043885466661087,1,True,0.005753718352648218
1997-05-31,rev,mv,48,0.041700855324429596,2.3798512470723354,0.049999999999999996,1.9362459323639798,4.85722573273506e-17,0.04921012292495347,0.06771913377677757,0,True,0.004280920235958054
1997-05-31,rev,diag,48,0.041700855324429596,3.855411481471756,0.05000000000000001,1.8321500702123314,9.71445146547012e-17,0.10478738096692877,0.05420870482711654,0,True,0.002726055182578402
1997-06-30,rev,mv,47,0.042217697288308216,2.025034057103775,0.05,1.775142677141396,6.245004513516506e-17,0.006289722745102731,0.10000000000979532,1,True,0.006179775743756236
1997-06-30,rev,diag,47,0.042217697288308216,3.3500669239399765,0.05000000000000001,1.6524304961802088,-6.938893903907228e-17,-0.014474330007092868,0.13556003923393004,1,True,0.0024804028482346696
1997-07-31,rev,mv,47,0.04217330185473958,1.9152855381963045,0.05,1.7658763836500881,-8.933825901280557e-17,0.03799535382983355,0.10000000000955675,1,True,-0.009519519845652481
1997-07-31,rev,diag,47,0.04217330185473958,3.744419405577093,0.05000000000000001,1.7223731497600347,-8.153200337090993e-17,0.018784062714506992,0.12897781445152698,1,True,-0.011657856291916709
1997-08-31,rev,mv,46,0.040256758187758604,2.3674562023858754,0.049999999999999996,1.8898960710223676,-6.938893903907228e-18,0.0744662778214543,0.0883608886884442,0,True,0.03167006092373923
1997-08-31,rev,diag,46,0.040256758187758604,3.382726235423912,0.04999999999999999,1.8750541094418942,2.0816681711721685e-17,0.12036413894878338,0.06801708475883642,0,True,0.024659561683323478
1997-09-30,rev,mv,46,0.04082569073315414,1.7802212902311365,0.04999999999999999,1.7987372970704307,3.469446951953614e-17,0.0006106518158128574,0.08980790354572947,0,True,0.03223894826492748
1997-09-30,rev,diag,46,0.04082569073315414,3.634862498820113,0.049999999999999996,1.593850346609927,0.0,-0.030044062137457382,0.12544944534851377,2,True,0.03136454633321681
1997-10-31,rev,mv,47,0.04269289508593301,2.3586768708765615,0.05,1.805987701809459,-4.163336342344337e-17,-0.0064591290312377425,0.08646240378727706,0,True,-0.011027899035731011
1997-10-31,rev,diag,47,0.04269289508593301,4.0067765017926105,0.05,1.7376646132833824,7.632783294297951e-17,-0.019202744729045526,0.07619016527136357,0,True,-0.00179503569565787
1997-11-30,rev,mv,47,0.04278884989216165,2.403749728636024,0.05,1.747237448636166,6.245004513516506e-17,-0.021219000088571315,0.08713161251418867,0,True,-0.0010347102399179632
1997-11-30,rev,diag,47,0.04278884989216165,4.000173895731041,0.05,1.7060758749047102,-4.85722573273506e-17,-0.033084891173286536,0.09290728695666967,0,True,0.016103061300658052
1997-12-31,rev,mv,47,0.04385041327890972,2.6495716383751167,0.05,1.8190069817537469,-6.938893903907228e-18,0.01131597284368731,0.08291273888448021,0,True,0.012286782827853702
1997-12-31,rev,diag,47,0.04385041327890972,3.6734748789553073,0.05,1.83696286259681,-5.984795992119984e-17,-0.0007757052917379299,0.07633218100749396,0,True,0.004531198057888407
1998-01-31,rev,mv,47,0.04340920809546349,1.9233612453179696,0.05000000000000001,1.717750052125117,-2.211772431870429e-17,0.06481638271823308,0.10000000002318032,1,True,-0.014833151069134935
1998-01-31,rev,diag,47,0.04340920809546349,3.5330599093086503,0.05000000000000002,1.634677028237549,-7.697835424647081e-17,0.04986597473996656,0.08099650939013671,0,True,-0.012231584606866052
1998-02-28,rev,mv,47,0.04224815555534555,2.3056758890542715,0.04999999999999999,1.7502741267204596,-3.469446951953614e-17,0.02595500196339562,0.06686420292286603,0,True,0.00994157587433988
1998-02-28,rev,diag,47,0.04224815555534555,3.9563464560493333,0.05000000000000002,1.7469506802859254,-5.2909066017292616e-17,0.033057155810064645,0.05657277368967751,0,True,0.005857795344907017
1998-03-31,rev,mv,47,0.04267895535302861,2.418297746387692,0.05,1.8640295884281468,-5.551115123125783e-17,0.0458355364046631,0.08684578007248947,0,True,-0.0402911746638887
1998-03-31,rev,diag,47,0.04267895535302861,3.896481181933443,0.05,1.7748004990520168,-6.938893903907228e-18,0.023963251008165213,0.0610308975090394,0,True,-0.03456216134859584
1998-04-30,rev,mv,47,0.039838230478339884,2.3305534227137135,0.05000000000000001,1.7955567072640213,1.3877787807814457e-16,0.0628569504137218,0.07240155713574307,0,True,0.002358744607100382
1998-04-30,rev,diag,47,0.039838230478339884,3.3748687940395294,0.05,1.8643963320562764,-1.734723475976807e-16,0.08046157718651079,0.05697453121054433,0,True,0.0036361306752149816
1998-05-31,rev,mv,47,0.0395335928329474,2.2669854980210733,0.049999999999999996,1.8391817172132556,-2.0816681711721685e-17,0.053514697823915304,0.05993345967272904,0,True,0.022008848540755896
1998-05-31,rev,diag,47,0.0395335928329474,3.410706156155002,0.049999999999999996,1.843102717338464,-9.020562075079397e-17,0.04636816777835429,0.06422983692672551,0,True,0.03254890614069069
1998-06-30,rev,mv,47,0.04010971179474744,2.082859054322464,0.05,1.6098676393891558,7.28583859910259e-17,0.043715817174431265,0.09634403723068691,0,True,0.011687419708167942
1998-06-30,rev,diag,47,0.04010971179474744,3.6908468506868917,0.049999999999999996,1.5298550718406314,7.979727989493313e-17,0.008393475303126641,0.11579656724921249,1,True,0.017407512411015083
1998-07-31,rev,mv,47,0.04117235479601086,2.0982652235783674,0.049999999999999996,1.8124192678704938,6.245004513516506e-17,0.015755128660077358,0.09224876913978954,0,True,-0.006196670858147477
1998-07-31,rev,diag,47,0.04117235479601086,4.31040276144698,0.05000000000000001,1.5562607097238828,6.591949208711867e-17,-0.02177472709142056,0.08248363142768429,0,True,-0.004728523149937874
1998-08-31,rev,mv,47,0.04084811334986927,2.072666971473744,0.05000000000000001,1.7213490861777476,2.42861286636753e-17,-0.008716082306162698,0.07415151733178592,0,True,0.0033336375378623896
1998-08-31,rev,diag,47,0.04084811334986927,4.173283337165286,0.04999999999999999,1.649836421992846,-6.938893903907228e-18,-0.008093345369969248,0.07432585238480571,0,True,0.0015058775235248783
1998-09-30,rev,mv,48,0.0405228882826789,1.8485908970447777,0.04999999999999999,1.3804891013692964,4.17792189733035e-12,-0.026374591030286387,0.10000000000938186,2,True,-0.02465545882664215
1998-09-30,rev,diag,48,0.0405228882826789,3.378847078542259,0.05000000000000002,1.4332318706356983,-5.551115123125783e-17,-0.013078008499253002,0.09257220326276935,0,True,-0.025898370316266447
1998-10-31,rev,mv,48,0.039227939107781835,1.9702925090713677,0.05,1.4612152221976005,-5.551115123125783e-17,-0.04842026539721714,0.10000000000237973,1,True,0.0036075609167994203
1998-10-31,rev,diag,48,0.039227939107781835,3.6890023407350667,0.05,1.4762731187918638,5.551115123125783e-17,-0.052180297299664974,0.09111108760409305,0,True,0.006960745469271325
1998-11-30,rev,mv,48,0.03926758895223506,2.0712114821097978,0.05,1.6009281410994496,0.0,0.01931153918729045,0.07597812712658487,0,True,0.03611257127397943
1998-11-30,rev,diag,48,0.03926758895223506,4.075805442961798,0.05000000000000001,1.460915165392685,-5.551115123125783e-17,0.050294012676289496,0.050965097765839615,0,True,0.04601297272560062
1998-12-31,rev,mv,48,0.04147004485495762,1.9993406618597986,0.05,1.4374876941110033,1.0310086118181516e-12,0.001886521958003734,0.1000000000089819,1,True,0.03382368552481331
1998-12-31,rev,diag,48,0.04147004485495762,3.9106577868781605,0.05,1.2336608435861045,-5.551115123125783e-17,0.023427887983662514,0.09448023990208523,0,True,0.03480571125732723
1999-01-31,rev,mv,47,0.043327726571091435,1.9444063934360822,0.05000000000000001,1.4098908689416252,2.7755575615628914e-17,0.04554366565346019,0.10000000001651624,1,True,-0.019711136872802855
1999-01-31,rev,diag,47,0.043327726571091435,3.852612522507514,0.05000000000000001,1.0760111910838432,-1.0408340855860843e-17,0.07511809947064302,0.08861057425063847,0,True,-0.017985578507197644
1999-02-28,rev,mv,47,0.041915696988449075,2.235347548939003,0.05000000000000002,1.4212651651775348,-1.8648277366750676e-17,0.032519293690095256,0.10000000000987919,1,True,-0.012789903913036483
1999-02-28,rev,diag,47,0.041915696988449075,4.187320221135458,0.049999999999999996,1.3017168070015663,7.632783294297951e-17,0.09401391104060082,0.07381070618897692,0,True,-0.0006926484564043199
1999-03-31,rev,mv,47,0.04232892619645629,2.2447886044984635,0.04999999999999999,1.4962427900208888,1.0408340855860843e-17,0.00661416323008094,0.07642181144133602,0,True,-0.040497654464753875
1999-03-31,rev,diag,47,0.04232892619645629,4.2316648061211355,0.049999999999999996,1.246670052163116,7.979727989493313e-17,0.026214653465610898,0.08953149432087103,0,True,-0.06904481504675389
1999-04-30,rev,mv,47,0.03984918538240406,1.9636746162301388,0.05000000000000001,1.4394752680446727,2.42861286636753e-17,-0.024745436728278548,0.08441183470309886,0,True,-0.010468968971366047
1999-04-30,rev,diag,47,0.03984918538240406,3.733331677598162,0.04999999999999999,1.3257135035687475,6.245004513516506e-17,-0.04054262293739083,0.08520625407408756,0,True,-0.010510189632042047
1999-05-31,rev,mv,47,0.03823057229052973,2.2456939024521425,0.04999999999999999,1.5027459928386755,-2.0816681711721685e-17,0.024850921872829657,0.06612281053630567,0,True,0.03244313323608334
1999-05-31,rev,diag,47,0.03823057229052973,3.255777536766653,0.04999999999999999,1.4510059417373118,4.163336342344337e-17,0.049762155300912984,0.06741955630584834,0,True,0.03694338567996927
1999-06-30,rev,mv,47,0.03932441051729222,1.6250075668218313,0.05,1.3710471881609012,5.2475385148298415e-17,0.038011231369980636,0.10000000000962754,1,True,0.007466179777362255
1999-06-30,rev,diag,47,0.03932441051729222,2.682301195205218,0.05,1.347168850439095,1.5178830414797062e-17,0.07963466058927578,0.08948728233483792,0,True,0.0034618685837808313
1999-07-31,rev,mv,47,0.03966527897790663,2.3642656455316917,0.05,1.4405611887455914,-4.163336342344337e-17,-0.014478922771240387,0.07730544851840558,0,True,-0.00446930910422866
1999-07-31,rev,diag,47,0.03966527897790663,3.3077339834830153,0.05,1.3733613092391068,6.938893903907228e-17,-0.028043325228461556,0.08004039841881164,0,True,-0.010648972585723324
1999-08-31,rev,mv,47,0.038248584559642494,2.096063181202656,0.05,1.3564323947021524,-2.7755575615628914e-17,0.016256424250084972,0.06912500801078449,0,True,0.01333594698744051
1999-08-31,rev,diag,47,0.038248584559642494,3.5454428568419636,0.05,1.3192319896937557,-2.7755575615628914e-17,0.04599105412162343,0.06715883551942169,0,True,0.016448325353094102
1999-09-30,rev,mv,47,0.039262534459680504,1.8221826894268918,0.05000000000000002,1.371427716578972,-6.938893903907228e-18,-0.04900773695738565,0.07958063012812604,0,True,-0.014823674114411812
1999-09-30,rev,diag,47,0.039262534459680504,2.5696839309759856,0.05,1.352893705415169,-4.163336342344337e-17,-0.05778639456826108,0.06919670600393601,0,True,-0.014575381467567958
1999-10-31,rev,mv,47,0.03837955596192842,2.1937830490124397,0.049999999999999996,1.515999621272804,6.938893903907228e-18,-0.025516559304562095,0.08017902466266198,0,True,-0.012358771105082648
1999-10-31,rev,diag,47,0.03837955596192842,3.4470313667344414,0.049999999999999996,1.3257896223984285,-3.469446951953614e-17,-0.020816295889964694,0.0963665769901432,0,True,-0.010115782127901702
1999-11-30,rev,mv,46,0.038451084079175864,2.2326438795302392,0.04999999999999998,1.5755286068442982,-4.163336342344337e-17,0.0012956740780728393,0.06105191475531023,0,True,-0.0011504140387987277
1999-11-30,rev,diag,46,0.038451084079175864,3.2685650347033284,0.049999999999999996,1.4848033893682282,4.163336342344337e-17,0.008136911306308484,0.07586787453551369,0,True,0.014139954296685424
1999-12-31,rev,mv,47,0.03864798972094703,2.2910119260658415,0.05,1.5994930731469927,-6.938893903907228e-17,-0.008392479944102454,0.05723920261382967,0,True,-0.011070633170080259
1999-12-31,rev,diag,47,0.03864798972094703,3.4136589702808022,0.05,1.3874510031921252,-2.7755575615628914e-17,-0.00994232773221659,0.06274238585825491,0,True,-0.006503589029256267
2000-01-31,rev,mv,47,0.038203296140474505,1.9910173860061426,0.05000000000000001,1.3875554376113988,8.326672684688674e-17,0.06432037133281963,0.0983872258203225,0,True,0.028027484508408182
2000-01-31,rev,diag,47,0.038203296140474505,3.4168409768476935,0.05,1.1281863918951247,-1.3877787807814457e-17,0.12954748798188329,0.11865873878543554,1,True,0.05145138781185808
2000-02-29,rev,mv,47,0.039500576829381066,2.261411738978494,0.05,1.5150047994659626,-1.3877787807814457e-17,-0.027832535329184924,0.056548741756607575,0,True,0.011616806865120356
2000-02-29,rev,diag,47,0.039500576829381066,3.585318259547033,0.05000000000000001,1.3510392935052744,-3.469446951953614e-17,0.01618990966514107,0.058192108136336164,0,True,-0.0009946643431517914
2000-03-31,rev,mv,47,0.03973718048517108,2.4522676638062784,0.05,1.3789111950179211,-6.938893903907228e-17,-0.005472541069650638,0.09280960924753978,0,True,-0.019897956477056326
2000-03-31,rev,diag,47,0.03973718048517108,3.5107759332583504,0.05,1.1885746141225422,2.7755575615628914e-17,0.03147851644689929,0.09926227938432612,0,True,-0.028059402110895314
2000-04-30,rev,mv,45,0.03799089268191024,2.1620800053703246,0.05,1.3303519330677158,0.0,0.019696909518310143,0.08740695960737553,0,True,-0.003361227407541611
2000-04-30,rev,diag,45,0.03799089268191024,3.0690467616326766,0.049999999999999996,1.2073344209056274,6.938893903907228e-17,0.05225243437657744,0.09279176088735035,0,True,-0.01747006952542163
2000-05-31,rev,mv,45,0.036353762250381554,2.196558528379706,0.05000000000000001,1.5046245146145762,-1.0408340855860843e-16,0.004514959253291537,0.07352554590722928,0,True,0.011372241894834713
2000-05-31,rev,diag,45,0.036353762250381554,2.901857881022518,0.05000000000000001,1.468565672279881,4.85722573273506e-17,0.0375203510637612,0.0648951349478262,0,True,0.014773936767463813
2000-06-30,rev,mv,45,0.03665292896655832,2.2154490291439872,0.05000000000000001,1.5258717850287666,1.3877787807814457e-17,-0.05802820034368299,0.0892155024942139,0,True,-0.004344241739540094
2000-06-30,rev,diag,45,0.03665292896655832,3.021216573735829,0.05,1.3542529880006715,3.426078865054194e-17,-0.0782380337695577,0.08222949264539524,0,True,-0.01681527953276185
2000-07-31,rev,mv,45,0.035539979180580605,2.109998825380778,0.05000000000000002,1.4601291609153135,-4.640385298237959e-17,-0.01841714189806665,0.07319893156520296,0,True,0.02895297040208596
2000-07-31,rev,diag,45,0.035539979180580605,2.9519321079926075,0.05,1.2633091789169015,-6.049848122469115e-17,-0.009254344993756193,0.07574521139072166,0,True,0.030986658325133868
2000-08-31,rev,mv,45,0.03710357014111789,2.1542199712317123,0.05,1.4484835523816182,-1.0408340855860843e-17,0.014688831155141505,0.07557481069605124,0,True,0.004029690280053931
2000-08-31,rev,diag,45,0.03710357014111789,3.130054763344717,0.05,1.3021273108094586,3.469446951953614e-17,0.03788314927123195,0.0982144687993017,0,True,-0.00026153850340948154
2000-09-30,rev,mv,45,0.037184432349671226,2.1220918054983193,0.05,1.4333767895394196,3.469446951953614e-18,-0.024527083966654144,0.09769777797754196,0,True,-0.014682127953698684
2000-09-30,rev,diag,45,0.037184432349671226,3.387908093010175,0.05000000000000001,1.201875927722155,-1.5612511283791264e-17,-0.014675523826859396,0.08475991577972078,0,True,-0.02638860607380594
2000-10-31,rev,mv,45,0.03526584701981364,2.132972288235921,0.049999999999999996,1.37852648550419,-3.729655473350135e-17,-0.005000177278063795,0.07407958018773018,0,True,0.0027136287141623547
2000-10-31,rev,diag,45,0.03526584701981364,2.813847536382231,0.049999999999999996,1.2058141309245347,-2.949029909160572e-17,-0.0255564854439468,0.08377597004620363,0,True,0.001501277566860902
2000-11-30,rev,mv,45,0.03525429476198498,2.034760506194525,0.049999999999999996,1.4724374512853062,3.9898639947466563e-17,-0.03176281801639058,0.07748268261080117,0,True,-0.011679976426406792
2000-11-30,rev,diag,45,0.03525429476198498,3.0424586763395376,0.05,1.223991880414239,5.898059818321144e-17,-0.032623124602091394,0.08842570819903998,0,True,-0.020717443148843905
2000-12-31,rev,mv,45,0.03476206532172985,1.776418504983625,0.04999999999999999,1.3968300624373444,9.134403303190375e-18,-0.046430636538182725,0.08625898685088712,0,True,-0.030258527167727152
2000-12-31,rev,diag,45,0.03476206532172985,2.413292746342272,0.05,1.2532351271038715,-3.8163916471489756e-17,-0.09639843389732773,0.10176739793043099,1,True,-0.042654668156584634
2001-01-31,rev,mv,45,0.032741970298267004,1.7818798042666413,0.049999999999999996,1.3895366571009538,-8.630249292984615e-17,-0.04618030566457214,0.07393217864486529,0,True,0.008932408788793365
2001-01-31,rev,diag,45,0.032741970298267004,3.016867132298342,0.04999999999999999,1.123246238244021,0.0,-0.09721575276418226,0.08962887164959295,0,True,0.01901655832713041
2001-02-28,rev,mv,44,0.034521301191408484,2.0094804803916713,0.050000000000000024,1.4038391048416903,-3.469446951953614e-17,-0.029107477322240886,0.07065155291162795,0,True,-0.0013931631075284816
2001-02-28,rev,diag,44,0.034521301191408484,2.923654431859507,0.05,1.201531176531324,-1.0408340855860843e-17,-0.043427150693178596,0.06888540495681439,0,True,-0.0020324683009122933
2001-03-31,rev,mv,45,0.034091609276889964,1.9665952290033952,0.05,1.3409294599099006,-2.0816681711721685e-17,-0.0356542482524073,0.0661183829055405,0,True,-0.002116922507168599
2001-03-31,rev,diag,45,0.034091609276889964,3.376902396987415,0.05,0.9720047852716984,3.122502256758253e-17,-0.07916377227594,0.0597531271188163,0,True,-0.01376513927041539
2001-04-30,rev,mv,45,0.03292759215710477,1.6792594592576189,0.04999999999999999,1.30606352559254,9.107298248878237e-18,-0.04503803063088675,0.09999999999024,1,True,0.012608569353184404
2001-04-30,rev,diag,45,0.03292759215710477,3.3925734660156617,0.05,1.0230193305440547,2.42861286636753e-17,-0.10173507709023807,0.09566642803875304,0,True,0.010487962831416913
2001-05-31,rev,mv,45,0.03354136939859302,1.9312999751059925,0.05,1.346843639711212,4.163336342344337e-17,0.012434707603932896,0.08964449918892284,0,True,0.0036453708755835377
2001-05-31,rev,diag,45,0.03354136939859302,2.8946709759020885,0.05000000000000001,1.2052815269572592,-1.3877787807814457e-17,-0.021192624796000658,0.07589734475719544,0,True,0.006573625837601947
2001-06-30,rev,mv,45,0.03354566372539537,1.9740224561063948,0.04999999999999999,1.4428089074753463,3.2742905609062234e-17,0.003704569562944253,0.08742865805392254,0,True,0.001891463040793992
2001-06-30,rev,diag,45,0.03354566372539537,2.8059348449034385,0.05,1.287476171382388,5.898059818321144e-17,-0.04030995554799314,0.09787480992416087,0,True,0.0031215702251503226
2001-07-31,rev,mv,45,0.033703303763582715,1.8466553049860162,0.049999999999999996,1.3250739301056205,5.204170427930421e-17,-0.01825540890488602,0.07621520736830498,0,True,-0.008134089471191567
2001-07-31,rev,diag,45,0.033703303763582715,3.2104153222399043,0.04999999999999999,1.0651190942705515,-1.0408340855860843e-17,-0.09246296913239815,0.09090157997220713,0,True,0.0007293186305334856
2001-08-31,rev,mv,44,0.03384115190313224,1.8643246324189402,0.05,1.2676505645514478,3.382710778154774e-17,-0.001709703781630301,0.09800350912716652,0,True,0.021995629343269135
2001-08-31,rev,diag,44,0.03384115190313224,3.0017576274653766,0.05,1.0821431716379382,-8.673617379884035e-19,-0.07872660446460725,0.10401357575065187,1,True,0.030505777084597327
2001-09-30,rev,mv,43,0.03577455723058389,1.7017856973231162,0.05,1.0713754034393492,8.153200337090993e-17,-0.12121179928035411,0.09801271336063062,0,True,-0.00392677616005428
2001-09-30,rev,diag,43,0.03577455723058389,3.696583964009231,0.05,0.8445472017949723,4.683753385137379e-17,-0.19796245924365224,0.08661806078078275,0,True,-0.015612672386194652
2001-10-31,rev,mv,43,0.034014271803156484,1.8936065072110952,0.04999999999999999,1.4570833659745752,9.71445146547012e-17,-0.0792244291756844,0.06379550439044243,0,True,-0.02618761497069944
2001-10-31,rev,diag,43,0.034014271803156484,3.187336245955811,0.05,1.0801383884699547,2.42861286636753e-17,-0.17522648618870404,0.07549281379903848,0,True,-0.0375439826302694
2001-11-30,rev,mv,43,0.030744162186636316,1.7600995581627354,0.05,1.370946663646814,-1.3877787807814457e-17,-0.02459856264320338,0.07113039464660732,0,True,-0.006841510558190028
2001-11-30,rev,diag,43,0.030744162186636316,2.5743780804737053,0.05,1.1745864058713003,1.3877787807814457e-17,-0.1010922594353544,0.08802684885170269,0,True,-0.005757331266307342
2001-12-31,rev,mv,42,0.029920227160384144,1.633339246833393,0.05,1.2317653924120775,2.7755575615628914e-17,0.0032782333938165442,0.09806150211351104,0,True,0.016946561894845984
2001-12-31,rev,diag,42,0.029920227160384144,2.232388027768006,0.05000000000000002,1.053461844375737,6.938893903907228e-18,-0.04341816483631412,0.11555849874986682,2,True,0.013566936425900228
2002-01-31,rev,mv,43,0.030567709614124517,1.665116738272412,0.049999999999999996,1.2045516672851715,-1.0408340855860843e-16,0.06982572865468382,0.07898673453653067,0,True,-0.025031053357421482
2002-01-31,rev,diag,43,0.030567709614124517,2.673292204686442,0.05000000000000001,1.0603981365260788,3.8106318231076464e-17,0.0799786626681392,0.09323870886432845,0,True,-0.021003070879652336
2002-02-28,rev,mv,43,0.029063912682194194,1.6239198995253727,0.05,1.4139448002762276,-4.85722573273506e-17,0.04887616459632539,0.05604474407752449,0,True,-0.0008269990576246919
2002-02-28,rev,diag,43,0.029063912682194194,2.4111239236544795,0.049999999999999996,1.1771634873961816,0.0,0.03105857411234258,0.0759224188063886,0,True,-0.005014547901593364
2002-03-31,rev,mv,43,0.028503511467515927,1.499185786527721,0.05,1.211224730085398,-2.5153490401663703e-17,0.02527653300744342,0.09999999999015415,2,True,0.01614495665206902
2002-03-31,rev,diag,43,0.028503511467515927,2.13607620571679,0.05000000000000001,1.0545780563946467,-2.6020852139652106e-17,-0.03481559820421668,0.12501731936058127,1,True,0.022221150257498587
2002-04-30,rev,mv,42,0.029538160826235373,1.6850720602305682,0.05,1.2839563375952632,1.214306433183765e-17,-0.0004701227273895601,0.0969324992599579,0,True,0.004127042706548236
2002-04-30,rev,diag,42,0.029538160826235373,2.800757954380678,0.05000000000000002,0.9241927671023135,-9.71445146547012e-17,-0.06963115804804695,0.0837419903004364,0,True,0.004038108580509231
2002-05-31,rev,mv,42,0.030049876599385825,1.6680887062281886,0.05000000000000001,1.328660582796713,3.469446951953614e-18,0.0251282614238241,0.09584047738699789,0,True,0.0064142577276177495
2002-05-31,rev,diag,42,0.030049876599385825,2.910076754403939,0.05,1.055010941962356,-3.469446951953614e-17,-0.03441004833826537,0.05445631265661927,0,True,0.014599505335896318
2002-06-30,rev,mv,42,0.0314065831999155,1.7150973623663683,0.05000000000000002,1.4321238217184933,2.7755575615628914e-17,-0.039466789814877105,0.10000000000986807,1,True,0.009781748811319971
2002-06-30,rev,diag,42,0.0314065831999155,2.8072257122121007,0.04999999999999999,1.0642712032919852,1.2663481374630692e-16,-0.12888148118775408,0.09711388573833316,0,True,0.006414479821956161
2002-07-31,rev,mv,42,0.031369313455135175,1.4756328356956245,0.05000000000000001,1.270224737653152,4.5374988488777745e-13,-0.031409876826063075,0.10000000000160754,1,True,0.0019875845009240597
2002-07-31,rev,diag,42,0.031369313455135175,2.8602205862427565,0.04999999999999999,1.0326351907313946,1.734723475976807e-18,-0.08922168449061178,0.09231734654159399,0,True,0.0003969255088987206
2002-08-31,rev,mv,42,0.0312290927651307,1.6679170678814406,0.04999999999999999,1.371834579773514,3.469446951953614e-17,-0.0031487026180367556,0.06834741017882452,0,True,0.017187400200282706
2002-08-31,rev,diag,42,0.0312290927651307,2.9508404858628547,0.05,1.1529319348685103,9.020562075079397e-17,-0.06385749967382036,0.069816524558961,0,True,0.017912326220890305
2002-09-30,rev,mv,42,0.03246351222831964,1.7302866712175171,0.04999999999999999,1.3793756589839872,1.5612511283791264e-17,-0.07930555184406882,0.09954173203517022,0,True,-0.02714488618926524
2002-09-30,rev,diag,42,0.03246351222831964,3.100380197872249,0.05000000000000001,1.0166076629284997,-3.122502256758253e-17,-0.15797114783023483,0.08136018894756962,0,True,-0.027564558589428124
2002-10-31,rev,mv,42,0.030613191915278528,1.4952891647294315,0.04999999999999999,1.2151910189173238,6.938893903907228e-18,-0.0672202441486883,0.09960974916526592,0,True,-0.0042213660656676396
2002-10-31,rev,diag,42,0.030613191915278528,2.55906922937786,0.04999999999999999,0.953088457902309,5.204170427930421e-18,-0.15449641039019418,0.10763768296079121,1,True,-0.025180501890787018
2002-11-30,rev,mv,42,0.028715105299724396,1.6499059652574983,0.05000000000000002,1.2845707645237103,1.2576745200831851e-17,-0.06099950710141394,0.09073553283253022,0,True,-0.0003918910417044229
2002-11-30,rev,diag,42,0.028715105299724396,2.374380244980643,0.05,1.169299885526268,7.112366251504909e-17,-0.11836225638879609,0.08043566058848672,0,True,0.005649824565469101
2002-12-31,rev,mv,43,0.029426150496203556,1.3361462131427448,0.05000000000000002,1.291596570302784,4.5102810375396984e-17,-0.04362788591066106,0.100000000003923,2,True,0.01266255609242904
2002-12-31,rev,diag,43,0.029426150496203556,2.19274230279496,0.05,1.10681868654894,1.5612511283791264e-17,-0.09410523973779704,0.11718417882987484,3,True,0.013930445528543925
2003-01-31,rev,mv,43,0.030706352873949832,1.7757831993807662,0.049999999999999996,1.4026213402094847,3.8163916471489756e-17,-0.03127953398081727,0.06307811058153764,0,True,0.0017301572727317003
2003-01-31,rev,diag,43,0.030706352873949832,2.652572915189547,0.049999999999999996,1.2449446483529742,-3.8163916471489756e-17,-0.055032188457266054,0.09648550321569074,0,True,0.005701888700260385
2003-02-28,rev,mv,42,0.03117587819607215,1.7446365556923638,0.05,1.3803799962633472,-2.7755575615628914e-17,-0.06711530075982361,0.08773215210848684,0,True,0.0069667745588944925
2003-02-28,rev,diag,42,0.03117587819607215,2.5079012476917573,0.05,1.2641380297335671,3.469446951953614e-17,-0.09359777573521028,0.08591581609669628,0,True,0.005282305728941948
2003-03-31,rev,mv,42,0.03150903722311886,1.6344779647238956,0.049999999999999996,1.3276167715145237,-4.85722573273506e-17,-0.07123863339099044,0.10000000000999759,2,True,-0.02917538604365764
2003-03-31,rev,diag,42,0.03150903722311886,2.5585416857533665,0.05,1.1161812712583952,-5.204170427930421e-18,-0.12736985662130457,0.10978058430927289,2,True,-0.030768021144805736
2003-04-30,rev,mv,41,0.029744176124789936,1.6318256001262206,0.05,1.395459179702886,-1.3877787807814457e-17,-0.0022397997752904106,0.09961389165052752,0,True,-0.012496051694917359
2003-04-30,rev,diag,41,0.029744176124789936,2.3643001645425206,0.05,1.2909790783994177,6.591949208711867e-17,-3.52513101478886e-05,0.09707846675331451,0,True,-0.006393036909946395
2003-05-31,rev,mv,42,0.028837673455359866,1.6681396929204373,0.05,1.2255787636077355,1.0408340855860843e-17,-0.02017633306206568,0.07989257958029511,0,True,-0.024141229028952934
2003-05-31,rev,diag,42,0.028837673455359866,2.2352339921376276,0.05,1.187680100557432,3.469446951953614e-18,-0.06832385486171312,0.07404625284444723,0,True,-0.022978099567102582
2003-06-30,rev,mv,42,0.026107654391033783,1.4360152595807252,0.05,1.339225521841779,2.7755575615628914e-17,-0.002967505359028279,0.0794586956546996,0,True,-0.009543130234173698
2003-06-30,rev,diag,42,0.026107654391033783,2.153046276084438,0.05000000000000002,1.163438912223252,9.540979117872439e-18,-0.04297354091001856,0.07285743689731197,0,True,-0.0182536368693104
2003-07-31,rev,mv,43,0.025338521630302962,1.4687291638124784,0.05,1.3461979715328511,-1.734723475976807e-17,0.038789534568761455,0.09042738446227061,0,True,0.0007229175187384243
2003-07-31,rev,diag,43,0.025338521630302962,2.045216968006566,0.05000000000000001,1.2283959580018782,6.938893903907228e-18,0.054255374152091126,0.08892113831334929,0,True,0.0003167615870728611
2003-08-31,rev,mv,43,0.025138213293446156,1.4341418010251827,0.04999999999999999,1.42280527611437,-4.163336342344337e-17,-0.012842361243336984,0.06993093771908145,0,True,-0.010602997307857763
2003-08-31,rev,diag,43,0.025138213293446156,2.087874686129682,0.05,1.2375017356116664,-3.469446951953614e-17,-0.06090657792319095,0.07729798493121588,0,True,-0.005763172725745087
2003-09-30,rev,mv,42,0.024557430426668386,1.455214413155409,0.05,1.4577846815719278,1.3877787807814457e-17,0.022196664400109176,0.09999999999016937,1,True,0.008545634260702517
2003-09-30,rev,diag,42,0.024557430426668386,1.8828776148544437,0.05,1.2787433874942684,6.938893903907228e-18,0.07256482804658157,0.1184313171650167,1,True,0.01523079644342945
2003-10-31,rev,mv,42,0.025674700120617098,1.5020898533995575,0.05,1.3354558870893927,0.0,0.06348262787119176,0.07017280270433057,0,True,-0.0012634514787187186
2003-10-31,rev,diag,42,0.025674700120617098,2.014229182035503,0.05,1.233900283712001,0.0,0.11653891811421334,0.08179648496644469,0,True,-0.002759280499182922
2003-11-30,rev,mv,41,0.025676904631306865,1.4107391049369336,0.04999999999999999,1.4915945458143558,4.85722573273506e-17,0.011326304376344817,0.06768517387838689,0,True,-0.019955257667017945
2003-11-30,rev,diag,41,0.025676904631306865,2.114451924506706,0.05000000000000002,1.3726667617527757,1.3877787807814457e-17,0.03006757972874827,0.07595759729066551,0,True,-0.018842695953234165
2003-12-31,rev,mv,41,0.023890702669201767,1.3462498047325966,0.05000000000000001,1.2628351968504856,-3.122502256758253e-17,0.0416081526046811,0.09687585404208204,0,True,-0.007739007807618562
2003-12-31,rev,diag,41,0.023890702669201767,1.9196070130276626,0.05,1.0908520838712634,-1.3877787807814457e-17,0.1310288867234961,0.10651463918252284,2,True,-0.007280968180481249
2004-01-31,rev,mv,41,0.022400093047320675,1.2129983988096866,0.05000000000000001,1.5250637817888935,6.938893903907228e-18,0.025767426125800758,0.10000000000959333,1,True,0.010008612958753462
2004-01-31,rev,diag,41,0.022400093047320675,1.66139220658872,0.05,1.3972398579368914,8.326672684688674e-17,0.09205038132901558,0.09053975147711388,0,True,0.008627629435453707
2004-02-29,rev,mv,43,0.02273327027665088,1.3218317956246013,0.05,1.4243419877807981,-1.474514954580286e-17,0.09401904802038924,0.10000000000142623,1,True,0.009141411147272354
2004-02-29,rev,diag,43,0.02273327027665088,1.9559834410279797,0.05,1.1012624919367235,-5.898059818321144e-17,0.212014860850245,0.05554377963341543,0,True,0.002293762823179266
2004-03-31,rev,mv,42,0.022709935860559603,1.3472176111047733,0.05,1.4934960035142035,-4.163336342344337e-17,-0.010273123795035916,0.10000000000974749,1,True,0.0010199921551375555
2004-03-31,rev,diag,42,0.022709935860559603,1.668783274268449,0.05,1.4537852915243827,-4.5102810375396984e-17,-0.01994278284018643,0.09454078809896742,0,True,-0.001959340729294491
2004-04-30,rev,mv,42,0.022196281381981223,1.3386607936812003,0.05000000000000001,1.4092944526690132,-5.811323644522304e-17,0.02309173165312026,0.09653157208326552,0,True,-0.005891262969932772
2004-04-30,rev,diag,42,0.022196281381981223,1.7195198265394913,0.05,1.4135505181170531,-8.500145032286355e-17,0.0007563139157018562,0.07497340114901922,0,True,-0.007530033819118412
2004-05-31,rev,mv,43,0.02143454928469162,1.3442643504822949,0.04999999999999999,1.4519570382434823,-2.7755575615628914e-17,0.024636904808680977,0.09422899737838718,0,True,0.01134910605292504
2004-05-31,rev,diag,43,0.02143454928469162,1.6149501583305559,0.049999999999999996,1.339013288921084,3.8163916471489756e-17,0.08858734578181515,0.09393510048575685,0,True,0.014613464486985507
2004-06-30,rev,mv,43,0.022798879404630473,1.214846575190086,0.05000000000000002,1.3140208565625355,-2.2436774660405945e-12,0.040393307731013184,0.09999999999481973,2,True,0.01822701617644768
2004-06-30,rev,diag,43,0.022798879404630473,1.6962007343044772,0.05,1.252123651421255,-6.071532165918825e-17,0.11135687247284878,0.11267174750361901,1,True,0.018257294297152397
2004-07-31,rev,mv,42,0.02342846193559002,1.3674658607237478,0.05,1.3673103643661277,-2.0816681711721685e-17,0.03851048538929938,0.10000000000212479,2,True,-0.006795269125178716
2004-07-31,rev,diag,42,0.02342846193559002,1.932103960986844,0.049999999999999996,1.2590073695790414,-3.469446951953614e-17,0.02375021025456508,0.09475925835281196,0,True,0.00032548878128819367
2004-08-31,rev,mv,43,0.02368877876828867,1.4041052394538838,0.05,1.3508651052472702,6.938893903907228e-18,0.03429360784063853,0.07590460428558635,0,True,0.015657908069390245
2004-08-31,rev,diag,43,0.02368877876828867,1.9668658695156975,0.05,1.2425166213507195,1.0408340855860843e-17,0.09937637282616094,0.0790209636946976,0,True,0.016357100670897833
2004-09-30,rev,mv,43,0.025099857200032587,1.248327500127034,0.05000000000000001,1.411278696163427,-3.8163916471489756e-17,-0.023864774173613636,0.10000000000867754,1,True,-0.011062394802265145
2004-09-30,rev,diag,43,0.025099857200032587,1.69766315905518,0.05000000000000002,1.21350259782502,5.984795992119984e-17,0.024050151762480293,0.10599046872128762,1,True,-0.009714563812506604
2004-10-31,rev,mv,43,0.02389409403473272,1.418858311205366,0.049999999999999996,1.55613828598271,1.214306433183765e-17,0.013152531037015537,0.10000000000337625,2,True,-0.0009376460917430379
2004-10-31,rev,diag,43,0.02389409403473272,1.8272435368893931,0.05,1.4723418800515238,-1.734723475976807e-17,0.07461397786904599,0.09161880288452483,0,True,0.0030673089215050467
2004-11-30,rev,mv,43,0.023923459499872114,1.359061155189674,0.05,1.5218268656592482,-8.326672684688674e-17,0.01871923753466275,0.1000000000098841,1,True,-0.0260689167407397
2004-11-30,rev,diag,43,0.023923459499872114,1.768320251812242,0.05,1.3596799182772865,2.7755575615628914e-17,0.12515942029707441,0.09745401201714958,0,True,-0.02335827477315305
2004-12-31,rev,mv,42,0.022778836988766628,1.324015971320426,0.049999999999999996,1.6357061406983284,-3.8163916471489756e-17,0.03341499639733788,0.09999999999291942,1,True,0.0003914182236823053
2004-12-31,rev,diag,42,0.022778836988766628,1.8097676616769947,0.05,1.466980898956314,8.673617379884035e-18,0.10719506877788827,0.07930802978968868,0,True,-0.0010933227275771046
2005-01-31,rev,mv,42,0.022432719787116726,1.3392319380187847,0.05,1.551584385389024,1.3877787807814457e-17,0.044774058898685805,0.058560674697749324,0,True,0.01208712090420263
2005-01-31,rev,diag,42,0.022432719787116726,1.8502391873256132,0.05,1.2560236932196829,-5.551115123125783e-17,0.12438823484027212,0.07351567224940497,0,True,0.010507967411264287
2005-02-28,rev,mv,43,0.022470771811205405,1.319006122254042,0.05,1.5737534229684391,5.551115123125783e-17,0.016070145106542057,0.10000000000207677,1,True,-0.006943830772011751
2005-02-28,rev,diag,43,0.022470771811205405,1.718846190779461,0.05,1.4794479510497427,-4.163336342344337e-17,0.07088899211683165,0.07367757756795174,0,True,-0.009050189204408608
2005-03-31,rev,mv,43,0.02154694647024564,1.1633593484258293,0.049999999999999996,1.363320112835793,-1.1500661534213918e-12,0.02510703802183238,0.10000000000345884,1,True,0.002742824444044605
2005-03-31,rev,diag,43,0.02154694647024564,1.6770941261932322,0.05,1.1922633217613967,6.938893903907228e-18,0.10934907621324004,0.10108165734436877,1,True,-0.004982282562858681
2005-04-30,rev,mv,43,0.020948980331799334,1.1885055154229136,0.05,1.5039460496020796,1.1796119636642288e-16,0.01230985681014205,0.09561551497301268,0,True,-0.008033286589237621
2005-04-30,rev,diag,43,0.020948980331799334,1.6214236430485258,0.05,1.3738995311935438,2.42861286636753e-17,0.049135037048471754,0.08791094670927217,0,True,-0.004168489513514458
2005-05-31,rev,mv,43,0.020494864015576066,1.2905103546230952,0.05000000000000001,1.5326917958388333,1.1102230246251565e-16,-0.004959556889508606,0.07132203726476133,0,True,0.004762681875141019
2005-05-31,rev,diag,43,0.020494864015576066,1.5470695652225235,0.05,1.4142027372713728,-2.7755575615628914e-17,-0.0434933319524944,0.08071110946637791,0,True,0.006665968444081961
2005-06-30,rev,mv,43,0.020854384852421002,1.227753400867268,0.05,1.452264275974138,-2.42861286636753e-17,0.024899550481501647,0.1000000000099074,1,True,-0.0007598293450291016
2005-06-30,rev,diag,43,0.020854384852421002,1.7456232799934563,0.049999999999999996,1.3496494140992155,3.859759734048396e-17,0.10876018962881484,0.0777561854491436,0,True,0.004704916383808892
2005-07-31,rev,mv,44,0.021114004452588906,1.213478444423118,0.05,1.477464995016358,-4.7704895589362195e-17,-0.013657986535712556,0.10000000000991172,1,True,0.007245399307030741
2005-07-31,rev,diag,44,0.021114004452588906,1.5969680506022224,0.05,1.3514681533248731,1.0364972768961422e-16,-0.07298853152321302,0.09274062915858833,0,True,0.009105044158787438
2005-08-31,rev,mv,43,0.02134266267794415,1.293040316083373,0.050000000000000024,1.5777129961291945,-1.3877787807814457e-17,0.05606821895067711,0.09999999998892278,1,True,0.0009682957080574452
2005-08-31,rev,diag,43,0.02134266267794415,1.6206767844100416,0.05,1.5213216705172683,4.85722573273506e-17,0.10567839490075012,0.07837989434978872,0,True,0.011963290355975969
2005-09-30,rev,mv,42,0.02193136163831231,0.9290473479801549,0.05,1.3110353767314988,3.469446951953614e-17,0.013185185723191679,0.1000000000080691,2,True,-0.016107031474264108
2005-09-30,rev,diag,42,0.02193136163831231,1.8834617201789954,0.05000000000000002,1.1409430230378386,6.158268339717665e-17,0.09919394882453102,0.11938616537159003,1,True,-0.017091866068405934
2005-10-31,rev,mv,43,0.020146845749954272,1.1752187212430185,0.05,1.6086246600273946,-6.938893903907228e-18,0.02913070564444159,0.09561389518897533,0,True,-0.003672371507159205
2005-10-31,rev,diag,43,0.020146845749954272,1.7560134453268172,0.05000000000000001,1.4185548180810372,-1.3877787807814457e-17,0.09283784685791477,0.07763440806396585,0,True,-0.0008648228203218977
2005-11-30,rev,mv,43,0.019837911315031067,1.128071546416806,0.05,1.4833093157247803,1.4311468676808659e-16,0.04941211889229847,0.10000000000980133,1,True,0.005962605325736758
2005-11-30,rev,diag,43,0.019837911315031067,1.5910378766217197,0.05,1.35265510854178,-1.4224732503009818e-16,0.13439183617644282,0.10663473752598056,1,True,0.00416391617086604
2005-12-31,rev,mv,44,0.019772713544513536,0.8436039773003778,0.049999999999999996,1.4206658458875527,8.500145032286355e-17,0.043485051782998385,0.09999999998495651,2,True,0.013896104268303958
2005-12-31,rev,diag,44,0.019772713544513536,1.5422902179293412,0.05000000000000002,1.1577779683315077,-6.245004513516506e-17,0.12781530310701095,0.13950030485277953,2,True,0.020792088200903617
2006-01-31,rev,mv,45,0.02074777162312711,1.1658664245844192,0.05,1.4139145034543026,-2.0816681711721685e-17,0.03068075244309178,0.07748657138812429,0,True,0.005687061003909357
2006-01-31,rev,diag,45,0.02074777162312711,1.577046826941837,0.049999999999999996,1.370842346565258,-1.1102230246251565e-16,0.1203677149253618,0.07980014742847143,0,True,0.0022655727311988207
2006-02-28,rev,mv,43,0.02146877669709091,1.1968774570813552,0.05,1.753141978306748,-4.85722573273506e-17,0.05385529114167448,0.10000000000863642,1,True,0.01236601448184913
2006-02-28,rev,diag,43,0.02146877669709091,1.9583700333038028,0.05,1.4867609979404368,-1.5265566588595902e-16,0.1736030613411952,0.07540113978890327,0,True,0.01601815262851975
2006-03-31,rev,mv,45,0.022903884296379292,1.1963111975997776,0.049999999999999996,1.3365960569788418,1.0234868508263162e-16,0.11113238092340648,0.09999999998699903,1,True,0.002372475077740019
2006-03-31,rev,diag,45,0.022903884296379292,2.2033572394085073,0.05,1.1891041838069214,0.0,0.22771049365462176,0.08953247654765838,0,True,0.011196088347381615
2006-04-30,rev,mv,45,0.023896500751565672,1.188866872035381,0.049999999999999996,1.4265680741494589,5.204170427930421e-17,0.06033800227317689,0.10000000000953588,1,True,-0.012869787236927718
2006-04-30,rev,diag,45,0.023896500751565672,1.9680426081395388,0.05000000000000001,1.3066834243792353,3.469446951953614e-18,0.12144849256189778,0.09583292140547926,0,True,-0.012129293777286384
2006-05-31,rev,mv,46,0.02312198348151335,1.434319319640771,0.05000000000000002,1.6325195726604524,-3.469446951953614e-17,-0.030096153747812895,0.07487974658879379,0,True,-0.0037170918962145783
2006-05-31,rev,diag,46,0.02312198348151335,1.9012446483812377,0.05000000000000001,1.430234312805833,2.0816681711721685e-17,-0.02380973102745484,0.06437460637043126,0,True,-0.0002891472771692959
2006-06-30,rev,mv,47,0.022738047116312193,1.2156053396093671,0.05000000000000001,1.411456656990866,-2.3852447794681098e-18,0.0034028588079417425,0.10000000000615866,1,True,0.011363158354054555
2006-06-30,rev,diag,47,0.022738047116312193,1.7619142455949688,0.05,1.2434966391361517,-5.648693318649478e-17,0.0741313636469282,0.12414250398682412,1,True,0.007667332312247869
2006-07-31,rev,mv,46,0.022923544600111253,1.381977952564048,0.05,1.60486246686657,2.0816681711721685e-17,0.009204582175679609,0.08419723082553861,0,True,-0.013194390473724952
2006-07-31,rev,diag,46,0.022923544600111253,1.6697905913335944,0.05,1.4125847573351182,1.3877787807814457e-17,-0.045782857790518404,0.07363993437093364,0,True,-0.011075190887307122
2006-08-31,rev,mv,46,0.02212827344691292,1.4092991687918268,0.05,1.6299836863634547,6.245004513516506e-17,-0.02154697450593228,0.08749258691137994,0,True,0.01174269110053794
2006-08-31,rev,diag,46,0.02212827344691292,1.6544239726359906,0.05,1.5524755586841836,-2.0816681711721685e-17,-0.05213288790928674,0.05490896418093751,0,True,0.012246843575735133
2006-09-30,rev,mv,45,0.022500746470700658,1.2279832712146255,0.05000000000000002,1.4706710208662779,8.239936510889834e-18,0.01077903197776122,0.10000000000247429,2,True,-0.008279513195216793
2006-09-30,rev,diag,45,0.022500746470700658,1.6298747438265073,0.05,1.2128940404556952,-3.707971429900425e-17,0.011036134468859043,0.13206808103674916,2,True,-0.007963406825398069
2006-10-31,rev,mv,45,0.02170125699033346,1.2247741783473365,0.05,1.5355076703192791,-3.122502256758253e-17,-0.03432811753044129,0.06736912554030285,0,True,-0.0005149206856312947
2006-10-31,rev,diag,45,0.02170125699033346,2.0107233352216003,0.05,1.257975561766815,-1.0408340855860843e-17,-0.09901617392359834,0.07386200266945099,0,True,-0.009702975899767216
2006-11-30,rev,mv,45,0.020733374108801595,1.1930771539781697,0.05000000000000001,1.5000443568224744,4.163336342344337e-17,-0.06192546755832812,0.08626643769762121,0,True,0.011177142569731673
2006-11-30,rev,diag,45,0.020733374108801595,1.7941933089740651,0.05000000000000001,1.390719909620478,-1.3877787807814457e-17,-0.1608358754341708,0.0826496950005097,0,True,0.010937548852102293
2006-12-31,rev,mv,46,0.02149164303906014,1.3297669443302558,0.05,1.698763289896834,-2.42861286636753e-17,-0.02647370435164058,0.09999999999590958,1,True,-0.0005702579264865014
2006-12-31,rev,diag,46,0.02149164303906014,1.7339372039142664,0.05,1.4663906294796565,-3.0357660829594124e-18,-0.07760823064436399,0.07710348084121309,0,True,-0.005558400293811784
2007-01-31,rev,mv,47,0.02119998577604061,1.1243118378894144,0.05,1.6519864872144394,2.6020852139652106e-17,-0.012006018663399854,0.0999999999950452,1,True,-0.003998161717091478
2007-01-31,rev,diag,47,0.02119998577604061,1.6048062756851202,0.05,1.3788287714677623,-6.559423143537302e-17,-0.003901487493070738,0.09685794597151086,0,True,-0.0078310292560119
2007-02-28,rev,mv,47,0.020293266359843267,1.2662459290107086,0.049999999999999996,1.6014854658328725,3.469446951953614e-18,-0.04352678803466385,0.08166786942960966,0,True,0.011521340923328476
2007-02-28,rev,diag,47,0.020293266359843267,1.6898218273919146,0.05000000000000002,1.4422009069571373,8.673617379884035e-19,-0.0809838493353232,0.07252325547866291,0,True,0.010251273144993188
2007-03-31,rev,mv,46,0.02144420631576484,1.3200549389073548,0.049999999999999996,1.6329815502776694,-2.7755575615628914e-17,-0.006289196512138034,0.08162219761909957,0,True,-0.0014388832778128864
2007-03-31,rev,diag,46,0.02144420631576484,1.4590248614174954,0.05,1.57972493770139,4.5102810375396984e-17,-0.06206802517927142,0.05829219312037442,0,True,-0.0030337873151685796
2007-04-30,rev,mv,46,0.0212830459257377,1.3588286220300567,0.05,1.7305959116626264,9.71445146547012e-17,-0.0019261578307853513,0.09676267619658806,0,True,-0.0003646223289478316
2007-04-30,rev,diag,46,0.0212830459257377,1.6307603903650196,0.05000000000000001,1.6166002451573112,-1.3877787807814457e-17,-0.03586824072174882,0.09542911687276161,0,True,-0.006086366020311177
2007-05-31,rev,mv,46,0.021182230056532945,1.3042582219820438,0.05000000000000002,1.7684736790376658,5.204170427930421e-17,0.015081464705170375,0.08709802251974863,0,True,0.0024957842726124942
2007-05-31,rev,diag,46,0.021182230056532945,1.7842934760634914,0.05000000000000002,1.6465376353014107,5.204170427930421e-17,0.10811414429439244,0.05978394568709851,0,True,0.010641224432968263
2007-06-30,rev,mv,47,0.0221670289174787,1.3504565595217246,0.05,1.6245940958614349,6.938893903907228e-18,0.017963526750110554,0.08586674417350647,0,True,0.008225791641366545
2007-06-30,rev,diag,47,0.0221670289174787,1.898099693871142,0.05000000000000002,1.2962895370830434,2.2551405187698492e-17,0.12356105119043997,0.08853288245611791,0,True,0.015037710447071844
2007-07-31,rev,mv,47,0.02234725352136724,1.368974249424091,0.049999999999999996,1.7100612483833186,7.632783294297951e-17,0.031724761595225956,0.0721621010354868,0,True,0.0013688826620804919
2007-07-31,rev,diag,47,0.02234725352136724,1.8322271937403802,0.05,1.6314935542314117,3.469446951953614e-17,0.046879217165470784,0.0970289090958451,0,True,-0.0002879705435921986
2007-08-31,rev,mv,48,0.022314930601158182,1.3497898357366604,0.05,1.6368585609995083,5.551115123125783e-17,-0.04017341402376631,0.08621386206784468,0,True,0.0070184358592531755
2007-08-31,rev,diag,48,0.022314930601158182,1.8760405869658376,0.05,1.4875729677695388,-2.0816681711721685e-17,-0.06556053366574563,0.10543340118346761,1,True,0.01729266358146707
2007-09-30,rev,mv,48,0.02326478063244293,1.4702639763171617,0.05000000000000001,1.6437122075982444,-5.551115123125783e-17,-0.046045087519091955,0.08134033979182373,0,True,0.007253256880400302
2007-09-30,rev,diag,48,0.02326478063244293,1.9268515482166,0.05,1.4609376602951525,0.0,-0.0475607726127107,0.06827328001954062,0,True,0.012791089279569344
2007-10-31,rev,mv,48,0.023288913951226592,1.477755120614626,0.05,1.6427211143924862,2.7755575615628914e-17,0.0026677526315288247,0.09999999996253449,1,True,0.013236512773180106
2007-10-31,rev,diag,48,0.023288913951226592,1.8938393390446209,0.049999999999999996,1.6229290605630655,0.0,-0.04399488173281413,0.08217818123321212,0,True,0.018779944068379864
2007-11-30,rev,mv,48,0.02366133567052266,1.3726883372080214,0.05,1.5921298755218654,-4.163336342344337e-17,-0.09877868484202676,0.06977657716504365,0,True,0.008814746178046028
2007-11-30,rev,diag,48,0.02366133567052266,2.1203076825813416,0.05000000000000001,1.3718362811558593,6.938893903907228e-17,-0.1662428927845,0.06663931419093844,0,True,0.007004201324084952
2007-12-31,rev,mv,48,0.02412674907430553,1.2769675324544187,0.049999999999999996,1.6187040277159737,2.7755575615628914e-17,0.01222169117955979,0.09999999997905692,1,True,-0.04298776473579865
2007-12-31,rev,diag,48,0.02412674907430553,1.980763174297634,0.05,1.4294938017299843,0.0,0.07982728192092409,0.112181509821442,1,True,-0.044856712705542694
2008-01-31,rev,mv,48,0.022474345619583388,1.3646901224278403,0.05,1.7676754878845422,-1.3877787807814457e-16,-0.038684855565497306,0.10000000000161739,1,True,0.036081046880276704
2008-01-31,rev,diag,48,0.022474345619583388,1.9641657030526354,0.05,1.5189867189301327,-8.326672684688674e-17,-0.11068946541428837,0.11632399734830275,1,True,0.042444690151028544
2008-02-29,rev,mv,48,0.02327793080193228,1.4504324618720001,0.05,1.8100377601376783,1.3877787807814457e-17,-0.04500689873512474,0.09999999996378883,1,True,-0.0036218501732353837
2008-02-29,rev,diag,48,0.02327793080193228,2.0154140848280053,0.05,1.5952809379863626,-6.938893903907228e-17,-0.045090824810323574,0.055003836004297056,0,True,0.0010648231370106133
2008-03-31,rev,mv,48,0.02341833403787906,1.3300313982164835,0.04999999999999999,1.6244421067044006,0.0,0.01355036209654023,0.08842713643330578,0,True,-0.019843422738598737
2008-03-31,rev,diag,48,0.02341833403787906,2.296864918834013,0.05,1.3161759248534142,2.7755575615628914e-17,0.081822816890774,0.06921062728296867,0,True,-0.006306373761752131
2008-04-30,rev,mv,48,0.02329315459562245,1.3674423220702447,0.05000000000000001,1.6565074114957814,0.0,-0.013544340611460065,0.08107578862521884,0,True,-0.0024895238952818907
2008-04-30,rev,diag,48,0.02329315459562245,2.1878963904075017,0.049999999999999996,1.431357260564111,-2.7755575615628914e-17,0.002604650355309407,0.0897389294026166,0,True,0.009807451652604087
2008-05-31,rev,mv,48,0.023638571079833567,1.3474028461890555,0.05,1.8342244985648892,8.326672684688674e-17,0.010652668563843198,0.06310943760634614,0,True,0.01934580270657663
2008-05-31,rev,diag,48,0.023638571079833567,2.4049654181507485,0.05,1.4138807816238979,0.0,0.11874698068124445,0.06850394390813695,0,True,0.03749987374461824
2008-06-30,rev,mv,48,0.024861223990478905,1.3602409500219315,0.049999999999999996,1.6256447647587127,-1.1102230246251565e-16,0.010498463697326904,0.08483907610860164,0,True,-0.028321778439865816
2008-06-30,rev,diag,48,0.024861223990478905,2.5084991839164874,0.05000000000000001,1.2936433731035135,0.0,0.026994863327460233,0.09128024030876439,0,True,-0.03249875445263638
2008-07-31,rev,mv,48,0.023885383968598604,1.2334331067610829,0.04999999999999999,1.6369274135507195,0.0,-0.09086254561365673,0.10000000000981087,1,True,-0.010839513895999358
2008-07-31,rev,diag,48,0.023885383968598604,2.343182872205715,0.05000000000000001,1.2961628373608152,-5.551115123125783e-17,-0.12996351018450966,0.09430941589928132,0,True,-0.01653718095818775
2008-08-31,rev,mv,47,0.022981649495235876,1.5150010575511068,0.05000000000000001,1.5423979536789512,-3.469446951953614e-17,-0.00543082777452896,0.06684871615340568,0,True,-0.012037871463730249
2008-08-31,rev,diag,47,0.022981649495235876,1.8773218731855774,0.05000000000000001,1.5212837207007803,-2.7755575615628914e-17,-0.08543028494218247,0.06682815047973414,0,True,-0.005876811278849025
2008-09-30,rev,mv,47,0.02293818698952146,1.3877904709294115,0.05000000000000001,1.4341130157012176,-3.382710778154774e-17,-0.027016383950162426,0.09148652832946311,0,True,0.023690425028299364
2008-09-30,rev,diag,47,0.02293818698952146,2.1017627173487123,0.04999999999999999,1.399327049518349,-3.122502256758253e-16,-0.08153324843212846,0.07158729171757128,0,True,0.03549689528093407
2008-10-31,rev,mv,47,0.023503222028112523,1.3975198189253306,0.05000000000000001,1.4911962533009,-7.632783294297951e-17,-0.0505267654088705,0.09999999999659263,1,True,-0.0019645491618561603
2008-10-31,rev,diag,47,0.023503222028112523,2.3372541433571405,0.05,1.2980548918280808,-6.245004513516506e-17,-0.15357770809036483,0.07582312423973513,0,True,-0.0019419946040212632
2008-11-30,rev,mv,47,0.023344223357455368,1.2387126019239125,0.05,1.410043720098255,-5.2909066017292616e-17,-0.06810010183101987,0.07719618381655757,0,True,0.006715009350863613
2008-11-30,rev,diag,47,0.023344223357455368,2.4257098273700826,0.05000000000000001,1.1622740087123913,-4.336808689942018e-17,-0.16835645971661614,0.08011819473145537,0,True,0.009649867087334412
2008-12-31,rev,mv,47,0.023385572653097132,1.2134786786826979,0.04999999999999999,1.4970978584583117,0.0,-0.05358282482060646,0.08605844920884109,0,True,0.03479154871491832
2008-12-31,rev,diag,47,0.023385572653097132,2.4712569283738937,0.049999999999999996,1.31216815583732,2.7755575615628914e-17,-0.12958211750519796,0.07743128514982539,0,True,0.021870126457746795
2009-01-31,rev,mv,44,0.024307564008882215,1.143224644584937,0.04999999999999999,1.3051325427708405,1.1857667625569945e-12,-0.08532139541121313,0.10000000000463369,1,True,-0.019315436588890907
2009-01-31,rev,diag,44,0.024307564008882215,2.281458274787859,0.05,1.0990891246796095,6.938893903907228e-18,-0.1798167066839252,0.09766323459344013,0,True,-0.015611145309056022
2009-02-28,rev,mv,45,0.024041293679606425,1.2723850611993381,0.05000000000000001,1.3308463768973797,-9.020562075079397e-17,-0.03839708758424385,0.06501070430732703,0,True,-0.01891516128232846
2009-02-28,rev,diag,45,0.024041293679606425,2.3120918941389137,0.049999999999999996,1.2838070104288613,4.683753385137379e-17,-0.09945766157538882,0.06242795900362657,0,True,-0.024235232384032353
2009-03-31,rev,mv,46,0.02314788882792853,1.1893815205002185,0.05000000000000002,1.324198527307486,-2.0816681711721685e-16,-0.06808044088328226,0.08697655095751623,0,True,-0.0720487684923035
2009-03-31,rev,diag,46,0.02314788882792853,2.130616693890036,0.049999999999999996,1.168508326570068,-4.163336342344337e-17,-0.1354406507611207,0.08535781755066006,0,True,-0.10232519955999368
2009-04-30,rev,mv,46,0.021429497109822525,1.0671880136439855,0.05,1.1411937778941896,-5.204170427930421e-17,-0.0583994827293268,0.07924282295489317,0,True,-0.024657175406204625
2009-04-30,rev,diag,46,0.021429497109822525,2.3035588014417154,0.05,1.031003043311082,3.122502256758253e-17,-0.11976819230604187,0.0664880826638374,0,True,-0.017347012349247307
2009-05-31,rev,mv,45,0.020260141974165934,1.0100890066875117,0.049999999999999996,1.138199108712483,5.204170427930421e-17,-0.05307672476837257,0.08037069157691346,0,True,0.0030074804118023616
2009-05-31,rev,diag,45,0.020260141974165934,2.2333526128096812,0.05,0.9175391382637903,9.020562075079397e-17,-0.15263654909340804,0.07637670675017234,0,True,0.011246643374524093
2009-06-30,rev,mv,46,0.021001545426810344,1.0580740049358373,0.04999999999999999,1.1912156444317135,-1.0408340855860843e-17,-0.04854397561823999,0.07732958082369752,0,True,-0.03164372600426999
2009-06-30,rev,diag,46,0.021001545426810344,2.0819531111088065,0.05,0.9041544221950032,2.5153490401663703e-17,-0.12408920013315519,0.10377365452537289,1,True,-0.03564194597704142
2009-07-31,rev,mv,46,0.019308827871029135,1.139560337602809,0.05,1.2142929765399784,2.42861286636753e-17,-0.052847522002510396,0.09999999998692685,1,True,-0.013519083786978227
2009-07-31,rev,diag,46,0.019308827871029135,1.7819396631325861,0.050000000000000024,1.1876980408782076,4.85722573273506e-17,-0.11956439467560327,0.060527493632412804,0,True,-0.0173583175535293
2009-08-31,rev,mv,45,0.01805858517516283,0.9838636306540747,0.05,1.025789847938642,6.938893903907228e-17,-0.03248712185170896,0.0617456140740194,0,True,-0.009483830306250616
2009-08-31,rev,diag,45,0.01805858517516283,1.7803432981263618,0.05000000000000001,0.9107168628758184,-5.898059818321144e-17,-0.09354935197658422,0.08363137472204808,0,True,-0.011945287279418907
2009-09-30,rev,mv,44,0.017075310301805518,0.7405914975922414,0.05,1.2069650746016438,6.938893903907228e-17,-0.040277169125146166,0.10000000000987987,2,True,0.010129037210918058
2009-09-30,rev,diag,44,0.017075310301805518,1.5092994864774039,0.05,1.0103554468050981,2.7755575615628914e-17,-0.10313928404196533,0.114333459172782,2,True,0.011668598405974891
2009-10-31,rev,mv,44,0.017715445491231704,0.8732881059652986,0.05,1.256824967497881,5.551115123125783e-17,-0.030128174794328316,0.07905497335843084,0,True,-0.007546453685182075
2009-10-31,rev,diag,44,0.017715445491231704,1.5279523766284822,0.05000000000000002,1.0455214504110166,7.632783294297951e-17,-0.03661901478594311,0.12163466172518712,1,True,-0.011934941897468791
2009-11-30,rev,mv,44,0.01701463110336395,0.8731350382514103,0.049999999999999996,1.125460660688024,-3.469446951953614e-18,-0.04173135881335575,0.08617018874125097,0,True,-0.011479597924211375
2009-11-30,rev,diag,44,0.01701463110336395,1.6459476618396134,0.05,0.9621863854362086,1.734723475976807e-17,-0.12754400855311632,0.0937894840330033,0,True,-0.011230014375243891
2009-12-31,rev,mv,44,0.016233206147884746,0.8865223864856492,0.05000000000000001,1.2425023954097678,1.734723475976807e-17,-0.025386057888093706,0.10000000000976735,1,True,-0.00133717027740202
2009-12-31,rev,diag,44,0.016233206147884746,1.3361314553171673,0.05,1.1743514387320662,1.214306433183765e-17,-0.06276940341712185,0.07697362623555137,0,True,-0.0023097261078129498
2010-01-31,rev,mv,43,0.01594911319670178,0.926283763633688,0.05,1.19330321387377,4.9873299934333204e-17,-0.0150427189384505,0.10000000000993049,1,True,0.010030234000667838
2010-01-31,rev,diag,43,0.01594911319670178,1.3108136915701343,0.049999999999999996,1.170997635900756,-6.418476861114186e-17,0.0008721187244973022,0.07596889164075911,0,True,0.008863777552827194
2010-02-28,rev,mv,47,0.016544371796632356,0.809482244919252,0.05000000000000001,1.3641107860750248,-3.7730235602495554e-17,0.02056706151457769,0.058165288873357306,0,True,0.0009783317590970682
2010-02-28,rev,diag,47,0.016544371796632356,1.700067834466635,0.05000000000000002,1.2217806967797067,-1.474514954580286e-17,0.05911425583151062,0.06427013363077022,0,True,0.0024816368239900057
2010-03-31,rev,mv,47,0.016782327698662208,0.9602786248151934,0.049999999999999996,1.243287166546848,-6.938893903907228e-17,0.022542336682580415,0.09625393086917897,0,True,0.009830908344889496
2010-03-31,rev,diag,47,0.016782327698662208,1.4984274213428406,0.05,1.1247188447910508,5.551115123125783e-17,0.04493024564219988,0.10876183575147103,1,True,0.007704283029989272
2010-04-30,rev,mv,48,0.016699463170211735,0.5793439759143167,0.049999999999999996,1.2488686690681683,6.245004513516506e-17,0.03851985284521861,0.09999999996858061,1,True,0.006658832115480273
2010-04-30,rev,diag,48,0.016699463170211735,1.423518002797864,0.049999999999999996,1.0664171365334392,2.0816681711721685e-17,0.09219667329646924,0.08941166519091878,0,True,0.001566988058743412
2010-05-31,rev,mv,48,0.016706667014113923,0.8598170706029726,0.05000000000000002,1.2267175273915387,0.0,0.069137815139213,0.09999999994800833,1,True,-0.011775766478719082
2010-05-31,rev,diag,48,0.016706667014113923,1.9419681699188354,0.05000000000000002,1.0417019364712639,8.326672684688674e-17,0.14978296436023283,0.05532493037848177,0,True,-0.014425541473158662
2010-06-30,rev,mv,48,0.015840182953629996,0.8350287101305143,0.05,1.4140367672776946,2.0816681711721685e-17,0.035980786433192385,0.1000000000223097,1,True,-0.005330453947985137
2010-06-30,rev,diag,48,0.015840182953629996,1.692294458201517,0.049999999999999996,1.187201922535213,0.0,0.13156551669397135,0.07204859386559032,0,True,0.007573925876798896
2010-07-31,rev,mv,48,0.016061051830056083,0.8289573035502682,0.05000000000000001,1.3273920950311426,0.0,0.0028756694084055706,0.09044681231261982,0,True,-0.000944149000076942
2010-07-31,rev,diag,48,0.016061051830056083,1.63094879448223,0.05,1.1059479209983443,1.3877787807814457e-17,0.017834111390097385,0.0904412383546842,0,True,0.0007404298110166192
2010-08-31,rev,mv,47,0.015904424795831328,0.8706874983369733,0.05000000000000002,1.1989765747987229,1.214306433183765e-17,0.050515868819697794,0.08177346486214526,0,True,0.02363141411596869
2010-08-31,rev,diag,47,0.015904424795831328,1.6131351159993812,0.05,1.0540365883972191,6.938893903907228e-18,0.11759736614434627,0.061132496443001574,0,True,0.023557330243501626
2010-09-30,rev,mv,47,0.016929907203882155,0.9867085351673208,0.049999999999999996,1.2705063805552348,-6.938893903907228e-18,-0.01739578809466885,0.0966826685936202,0,True,0.007983742353032898
2010-09-30,rev,diag,47,0.016929907203882155,1.4892346754728725,0.04999999999999999,1.2625518716066555,-9.020562075079397e-17,-0.022987339335679764,0.07315847880686582,0,True,0.007934827041347953
2010-10-31,rev,mv,47,0.017166260246021022,0.85082073058805,0.049999999999999996,1.115706566022866,3.469446951953614e-18,-0.001996973440891739,0.10000000000940484,1,True,4.8772059322610124e-05
2010-10-31,rev,diag,47,0.017166260246021022,1.5134772495676851,0.04999999999999999,1.0584525992030767,-5.421010862427522e-17,0.032730453153846054,0.09853039071961392,0,True,0.009635767150698098
2010-11-30,rev,mv,47,0.01736342153382211,0.9752174201824835,0.050000000000000024,1.3406230095105252,-2.7755575615628914e-17,0.022999288422730694,0.08399207761765647,0,True,-0.010043577509257903
2010-11-30,rev,diag,47,0.01736342153382211,1.6851948336267941,0.05,1.1955649722860078,-1.1102230246251565e-16,0.045226638662962136,0.07311492932296444,0,True,-0.011943970394150119
2010-12-31,rev,mv,46,0.0167610262921944,0.8492325107763876,0.05,1.1576379316139274,-6.245004513516506e-17,-0.009350128222840232,0.10000000000592803,2,True,-0.011925888163980049
2010-12-31,rev,diag,46,0.0167610262921944,1.6228135063734683,0.05000000000000001,1.065109369341268,3.8163916471489756e-17,-0.027074773303781552,0.11883151342586423,1,True,-0.013285607698891009
2011-01-31,rev,mv,47,0.016188040681900044,0.7867901546278744,0.04999999999999999,0.96159286402431,8.673617379884035e-19,-0.014240526848493132,0.08016614937146387,0,True,0.004843262412964473
2011-01-31,rev,diag,47,0.016188040681900044,1.097109267989801,0.05000000000000001,0.9901912869053355,-4.0766001685454967e-17,-0.025281875569922965,0.09967433516879305,0,True,-7.298478839767202e-05
2011-02-28,rev,mv,47,0.016102702966623,0.7935842149898631,0.05,1.3167915118197528,6.938893903907228e-18,0.042824111618206234,0.10000000001477995,1,True,0.0013355491828369803
2011-02-28,rev,diag,47,0.016102702966623,1.5379344805686481,0.05,1.2715631799183922,2.0816681711721685e-17,0.11008693771622895,0.08018470840501221,0,True,0.008682340761282048
2011-03-31,rev,mv,47,0.016443076415577927,0.9300437443245754,0.05,1.359768094568666,-7.632783294297951e-17,0.019449554233272714,0.09613695917270726,0,True,-0.004360192787896353
2011-03-31,rev,diag,47,0.016443076415577927,1.5492120461579562,0.049999999999999996,1.379445958364182,1.0408340855860843e-17,0.03305127630371662,0.06604025160659718,0,True,5.933988595373039e-06
2011-04-30,rev,mv,46,0.015757791098255695,0.8204749016040683,0.05,1.2060704402642595,-2.0816681711721685e-17,0.01216997078163216,0.09923969626268074,0,True,-0.005589414683322
2011-04-30,rev,diag,46,0.015757791098255695,1.563954034651912,0.049999999999999996,1.061238206541565,-4.85722573273506e-17,0.03718920888419412,0.09284512362463558,0,True,-0.012198576766735417
2011-05-31,rev,mv,47,0.015066016017792396,0.8232522192773875,0.049999999999999996,1.3381817709910537,3.469446951953614e-17,0.029890873410591944,0.07908245600313361,0,True,0.008599976740407266
2011-05-31,rev,diag,47,0.015066016017792396,1.432219191418404,0.05,1.266105304122147,7.979727989493313e-17,0.061385218820954095,0.08388043441077334,0,True,0.006348145598274972
2011-06-30,rev,mv,45,0.015336764535042869,0.7827352069715804,0.05,1.4135496351070833,-5.551115123125783e-17,-0.02870726447315818,0.10000000001111586,2,True,0.016698383759230096
2011-06-30,rev,diag,45,0.015336764535042869,1.4553252621611497,0.05,1.2548870409319417,-3.2959746043559335e-17,-0.07211772272932762,0.09690075394689329,0,True,0.019402619218551315
2011-07-31,rev,mv,45,0.01613746802489588,0.7803364149405159,0.049999999999999996,1.480975918411534,-6.938893903907228e-17,-0.014864195848674487,0.09999999999431645,1,True,0.006075803980609541
2011-07-31,rev,diag,45,0.01613746802489588,1.6462342401462882,0.05,1.2936858876582988,3.8163916471489756e-17,-0.033476798778169496,0.10306764992761795,1,True,0.008108078913237107
2011-08-31,rev,mv,45,0.01646520358591332,0.8630582327716653,0.05,1.32015044046834,0.0,-0.01281241488244966,0.09732220563515478,0,True,0.01810076073543493
2011-08-31,rev,diag,45,0.01646520358591332,1.5640425027240008,0.049999999999999996,1.3267740495676779,1.3877787807814457e-17,-0.04271419060012682,0.060321430184281,0,True,0.026723195162731216
2011-09-30,rev,mv,45,0.017118259345967425,0.93921980130675,0.05,1.0955743444491606,4.163336342344337e-17,-0.03681277144465529,0.09999999994734174,1,True,-0.0068338509726943554
2011-09-30,rev,diag,45,0.017118259345967425,1.4627799716683025,0.05,1.1341222677002267,-5.637851296924623e-18,-0.11641936391813397,0.09261733903613813,0,True,-0.02181252544344941
2011-10-31,rev,mv,44,0.016354864491926857,0.8084059344924344,0.05000000000000001,1.3462153008792317,-7.632783294297951e-17,-0.012742251590712935,0.08195893848881194,0,True,3.613022095720671e-06
2011-10-31,rev,diag,44,0.016354864491926857,1.6275159447158467,0.05000000000000002,1.21385188085834,-3.122502256758253e-17,-0.02901357946369268,0.08831808273624862,0,True,-0.003500092459868014
2011-11-30,rev,mv,45,0.016425757841030977,0.9071994747289032,0.04999999999999999,1.3280023951879807,-5.204170427930421e-18,-0.0064233486821402026,0.1000000000298034,1,True,0.017788714046086965
2011-11-30,rev,diag,45,0.016425757841030977,1.6209721553068956,0.05,1.1850218062092326,3.469446951953614e-17,-0.07062644771966918,0.06322874400365158,0,True,0.01780988363395054
2011-12-31,rev,mv,45,0.017371441207071167,0.8481172710996279,0.04999999999999999,1.2006910556155987,-1.3877787807814457e-17,-0.0421360043513215,0.10000000002943646,1,True,-0.00869404676030227
2011-12-31,rev,diag,45,0.017371441207071167,1.8664283737566336,0.05,1.0790101496813083,-4.163336342344337e-17,-0.11698518180002866,0.08533563861727277,0,True,-0.018872035552690958
2012-01-31,rev,mv,45,0.016665163763244145,0.8306550002857255,0.04999999999999999,1.4139597160477906,-7.28583859910259e-17,-0.01098772577989881,0.09621755223970208,0,True,0.0010781210774444005
2012-01-31,rev,diag,45,0.016665163763244145,1.7962122788486836,0.05000000000000001,1.1520078386881492,-2.7755575615628914e-17,-0.06761956231730913,0.08398195254794276,0,True,0.0019277002933330983
2012-02-29,rev,mv,45,0.016891597952627405,0.8598903314458703,0.05000000000000002,1.323960848695324,1.4496997352564378e-13,0.002421422693787379,0.09999999999101351,1,True,0.015489954859337489
2012-02-29,rev,diag,45,0.016891597952627405,1.7162596637443783,0.04999999999999999,1.1994310245118167,-6.879262784420526e-17,-0.0021624573411302295,0.08026823524830076,0,True,0.018436222313037546
2012-03-31,rev,mv,45,0.017759280912365352,0.8434677094910449,0.05,1.2450842180733424,0.0,0.018021523205336943,0.09999999990809783,1,True,0.0015306002373762274
2012-03-31,rev,diag,45,0.017759280912365352,1.7151664668571227,0.05000000000000002,1.1723479647299282,5.551115123125783e-17,0.03854578870265493,0.08602561619151324,0,True,-0.0018732002943248193
2012-04-30,rev,mv,45,0.017155161199473138,0.8889083496836738,0.05,1.2733867572587885,-4.163336342344337e-17,-0.006637103178546624,0.08950910520042353,0,True,0.008183188247414801
2012-04-30,rev,diag,45,0.017155161199473138,1.925869345901114,0.04999999999999999,1.100137718146005,6.938893903907228e-18,-0.08713127390653287,0.06387809154260474,0,True,0.014021680304336481
2012-05-31,rev,mv,45,0.017454733938995614,0.8752507045042011,0.05,1.286254200056072,1.3877787807814457e-17,0.033334924065290004,0.10000000004913853,1,True,-0.0025541377113368177
2012-05-31,rev,diag,45,0.017454733938995614,1.7457968009918574,0.049999999999999996,1.2063853070027317,7.632783294297951e-17,0.027541609088142564,0.06573955625296063,0,True,-0.005245540824714964
2012-06-30,rev,mv,45,0.01699699891083596,0.9860681055787552,0.049999999999999996,1.4663178509972234,-2.6020852139652106e-18,0.03067277488227492,0.10000000000518648,2,True,0.0010102469191535506
2012-06-30,rev,diag,45,0.01699699891083596,1.5219378737467304,0.05,1.3280389404534365,2.168404344971009e-17,0.13113876679205158,0.08761305675532616,0,True,-0.004385368131851708
2012-07-31,rev,mv,45,0.016601739110567167,0.9080905690823676,0.05,1.403190933541189,1.4772254600114998e-17,0.005438191106809994,0.1000000000283328,1,True,-0.004676250675738209
2012-07-31,rev,diag,45,0.016601739110567167,1.5524139837741573,0.05,1.3560278335389935,3.382710778154774e-17,-0.024429630178368383,0.0637418357773803,0,True,-0.0015445796322129202
2012-08-31,rev,mv,44,0.01659576705179128,0.8910468075227786,0.05,1.3980421242577366,-6.245004513516506e-17,-0.006989454395000168,0.08244079004147634,0,True,-0.002991476375677747
2012-08-31,rev,diag,44,0.01659576705179128,1.728461657455045,0.05,1.1780446284885293,-6.418476861114186e-17,-0.08372895005850604,0.05690453856456258,0,True,-0.006685311503492586
2012-09-30,rev,mv,43,0.016265589272075182,0.7750996231969374,0.05,1.1907101212757152,4.85722573273506e-17,-0.029322082586490817,0.09120381318879878,0,True,-0.0228154952733118
2012-09-30,rev,diag,43,0.016265589272075182,1.4612288459814482,0.05,1.113629472083383,9.71445146547012e-17,-0.08054184177530846,0.0885279172539775,0,True,-0.01741413463312223
2012-10-31,rev,mv,44,0.016094523805904773,0.7463683123114296,0.04999999999999999,1.2632255859158388,-4.163336342344337e-17,-0.026902276669134088,0.10000000000700872,1,True,-0.0002029493362678052
2012-10-31,rev,diag,44,0.016094523805904773,1.6501207680712087,0.049999999999999996,1.1135548263931938,1.0408340855860843e-16,-0.09271391824085592,0.06909903245825773,0,True,-0.0006602499092928771
2012-11-30,rev,mv,44,0.015433186587570659,0.8158081226047866,0.05000000000000002,1.4651256052621888,2.7755575615628914e-17,-0.04330511565270932,0.08365975392346389,0,True,0.0025599705434589276
2012-11-30,rev,diag,44,0.015433186587570659,1.5038031900757458,0.05,1.2820681091215498,4.163336342344337e-17,-0.12717737142844798,0.07373760562660846,0,True,-0.0008310116548389185
2012-12-31,rev,mv,44,0.015501555752806291,0.7240087845366023,0.05,1.2489301982426313,1.0408340855860843e-17,-0.06530289640143837,0.09999999997871592,1,True,0.008362885014470647
2012-12-31,rev,diag,44,0.015501555752806291,1.6420448003573922,0.05000000000000001,1.1039406170677692,6.765421556309548e-17,-0.11256357680654687,0.12959724909526854,1,True,0.004075314101813069
2013-01-31,rev,mv,45,0.015695780584987672,0.8902212557073265,0.04999999999999999,1.462436397930961,-6.678685382510707e-17,-0.009208204391166675,0.08251843086671677,0,True,0.010028946100351262
2013-01-31,rev,diag,45,0.015695780584987672,1.4669419604320961,0.05,1.3881262385007451,-1.9949319973733282e-17,-0.02603128314278919,0.06228443662842088,0,True,0.006222228063275301
2013-02-28,rev,mv,46,0.016031611310479848,0.810263944737456,0.04999999999999999,1.3511067771394163,5.0306980803327406e-17,-0.020465532040847646,0.10000000004866859,1,True,-0.0025596233826161883
2013-02-28,rev,diag,46,0.016031611310479848,1.7388140624036785,0.04999999999999999,1.2337813254400083,9.128982292327947e-17,-0.10116977694309778,0.09541989940094123,0,True,0.0010916131288182204
2013-03-31,rev,mv,45,0.01628927151380181,0.8456476154583357,0.05,1.284536732983594,8.326672684688674e-17,-0.0009999135678002739,0.10000000000883928,1,True,0.015367864414455298
2013-03-31,rev,diag,45,0.01628927151380181,1.4470576010744565,0.050000000000000024,1.2359091518630778,-1.3877787807814457e-16,-0.03510405077727832,0.08146956876598863,0,True,0.012006939160126035
2013-04-30,rev,mv,45,0.01664406942411437,0.8205474041992274,0.05,1.3547140173101337,0.0,-0.001799572054388653,0.06120903506199123,0,True,-0.0038939090098282798
2013-04-30,rev,diag,45,0.01664406942411437,1.809944303219048,0.05000000000000001,1.06466599929488,-1.214306433183765e-17,-0.047971883622337376,0.09108692091512802,0,True,0.0001542636794884579
2013-05-31,rev,mv,44,0.016420732483172044,0.8324417702598048,0.05,1.2735322922348795,-5.204170427930421e-17,0.04241482974664549,0.07619959249628808,0,True,0.01984268151692865
2013-05-31,rev,diag,44,0.016420732483172044,1.6108670802958047,0.04999999999999998,1.2053104956172294,6.418476861114186e-17,0.03055035762618155,0.07263131908322892,0,True,0.01919230269143765
2013-06-30,rev,mv,44,0.017101323770907666,0.8641708568345631,0.05000000000000002,1.4358851175975982,3.469446951953614e-17,-0.011156517769016291,0.05877842954832745,0,True,-0.004963305828322231
2013-06-30,rev,diag,44,0.017101323770907666,1.934909240466281,0.05,1.1379451166230024,-1.2576745200831851e-16,-0.07724531374028447,0.10043109785071756,1,True,0.00013386294825338358
2013-07-31,rev,mv,44,0.016848316058556457,0.9173852973978238,0.05000000000000002,1.315338534494711,-5.898059818321144e-17,0.00998321227691739,0.08156208270485044,0,True,-0.009091180618307508
2013-07-31,rev,diag,44,0.016848316058556457,1.560413747868188,0.049999999999999996,1.2051561359637653,-6.331740687315346e-17,-0.004809561952537556,0.062363651049125016,0,True,-0.01114109704642643
2013-08-31,rev,mv,45,0.015832720218495206,0.7859995392883857,0.049999999999999996,1.2732278001604902,-2.0816681711721685e-17,0.03638800170442923,0.07255537969960354,0,True,0.011811901005355487
2013-08-31,rev,diag,45,0.015832720218495206,1.5483642267937463,0.05000000000000002,1.3362346761694202,-2.7755575615628914e-17,0.056883211835518616,0.0818191951116077,0,True,0.011416031706261159
2013-09-30,rev,mv,44,0.01633745014677508,0.6767081059486802,0.049999999999999996,1.3500166134862277,4.163336342344337e-17,0.014014025898548273,0.10000000005202786,1,True,-0.008206504373270872
2013-09-30,rev,diag,44,0.01633745014677508,1.0269431849065724,0.05,1.3173367850275464,-1.3877787807814457e-17,0.05717686037858737,0.09231164680034917,0,True,-0.008736074276755856
2013-10-31,rev,mv,44,0.015500955640472198,0.8186606938758872,0.05,1.5624018188965243,-4.597017211338539e-17,-0.013923372475112886,0.1000000000230047,1,True,0.007604068329790647
2013-10-31,rev,diag,44,0.015500955640472198,1.4248791156933096,0.05,1.3639121986538738,7.513521055324546e-17,-0.056231243128683314,0.10442237930662804,1,True,0.010001650436692096
2013-11-30,rev,mv,44,0.016170678488152533,0.8974596072002525,0.05000000000000001,1.6095164471754573,-1.3877787807814457e-17,0.031331408580480245,0.0823432145529032,0,True,0.0005110573610300373
2013-11-30,rev,diag,44,0.016170678488152533,1.4090676860719986,0.05,1.5535814009731075,3.469446951953614e-17,0.0501576987831127,0.06441961383369675,0,True,-0.0007365052289386398
2013-12-31,rev,mv,45,0.015616758767980462,0.8326114197066206,0.05000000000000002,1.545338259405323,2.42861286636753e-17,0.031330632337278216,0.09999999998153904,1,True,0.0206829193949696
2013-12-31,rev,diag,45,0.015616758767980462,1.4824154376333956,0.05,1.4251575279852178,6.938893903907228e-18,0.018297061277193497,0.08313901380775204,0,True,0.012638446073172013
2014-01-31,rev,mv,45,0.01627666749475715,0.8904371060562594,0.05,1.4458344471208127,-4.5102810375396984e-17,0.04282954751436016,0.10000000006710097,1,True,-0.0074807010274389124
2014-01-31,rev,diag,45,0.01627666749475715,1.4519393941005647,0.04999999999999999,1.3895603311349358,2.0816681711721685e-17,0.0759914764462466,0.08257448420650555,0,True,-0.010694641479976045
2014-02-28,rev,mv,45,0.015458718034576996,0.7903824399704065,0.05,1.5514204463156358,6.938893903907228e-17,-0.0028578427877215366,0.09999999996273297,1,True,-0.002257202645020036
2014-02-28,rev,diag,45,0.015458718034576996,1.2972840497906386,0.05,1.5496223812987984,-9.71445146547012e-17,-0.04405730853787544,0.06917339669642449,0,True,-0.0023504730969972905
2014-03-31,rev,mv,45,0.015253812455852191,0.6510954590622027,0.05,1.380856712635919,-6.938893903907228e-17,0.007566237297868791,0.09999999997330346,1,True,0.0007368939580630592
2014-03-31,rev,diag,45,0.015253812455852191,1.1883565392987006,0.05,1.403192551532279,-5.0306980803327406e-17,0.047735015282764796,0.11812611348141343,1,True,0.00027812334465660156
2014-04-30,rev,mv,46,0.015407795077858234,0.6921460258861961,0.049999999999999996,1.5374062532167447,2.7755575615628914e-17,-0.07212914375604126,0.09999999998686157,1,True,0.006590107225162683
2014-04-30,rev,diag,46,0.015407795077858234,1.544189512974792,0.05,1.3672961561084516,-1.734723475976807e-17,-0.1779152395367087,0.0978917561784085,0,True,0.006981088120669955
2014-05-31,rev,mv,46,0.016137390766062517,0.8702582528142845,0.05,1.5422489168098084,1.3877787807814457e-17,0.008496241407147184,0.07740931349519649,0,True,-0.0003837805474847534
2014-05-31,rev,diag,46,0.016137390766062517,1.5201144364998243,0.04999999999999999,1.4741950730192455,6.938893903907228e-18,0.03420069642831981,0.07705959479091742,0,True,0.00018814997061780968
2014-06-30,rev,mv,46,0.016216769281578978,0.8279701534136269,0.05,1.675138381096804,-1.734723475976807e-17,-0.018660604508899472,0.10000000000433883,2,True,0.007606150981604926
2014-06-30,rev,diag,46,0.016216769281578978,1.3991563923120434,0.05000000000000002,1.5276504328929825,-1.214306433183765e-16,-0.049736481281143594,0.10133468502938478,1,True,0.010019285203687387
2014-07-31,rev,mv,45,0.016754259256629496,0.8988101501858955,0.05,1.6621339451284682,2.0816681711721685e-17,-0.01918797054518912,0.09372150690849934,0,True,0.004906287988712444
2014-07-31,rev,diag,45,0.016754259256629496,1.36965697877089,0.05,1.5196123412315978,-3.122502256758253e-17,-0.10427679394013964,0.08015567508842293,0,True,0.004600310000370343
2014-08-31,rev,mv,45,0.016941628103754155,0.870107966803683,0.05000000000000002,1.3148619313654815,1.1102230246251565e-16,0.012205351668238837,0.09999999998216481,1,True,0.020726867037997476
2014-08-31,rev,diag,45,0.016941628103754155,1.573246349433176,0.05,1.273804900269545,2.0816681711721685e-17,-0.01706058268697828,0.0931350085171649,0,True,0.024888840581093054
2014-09-30,rev,mv,46,0.017891532393297913,0.9523408289522775,0.05,1.4541446078329963,3.9898639947466563e-17,0.02285155544684998,0.09999999999064145,1,True,0.018925657036791044
2014-09-30,rev,diag,46,0.017891532393297913,1.673678355604276,0.05,1.406392051601442,-3.8163916471489756e-17,0.06793692841759928,0.09320145197142962,0,True,0.022135599934807765
2014-10-31,rev,mv,46,0.01834865321466726,1.0310989967620028,0.05,1.725312174444517,6.938893903907228e-17,0.0065950850806173215,0.0727534109704827,0,True,0.012630315660832074
2014-10-31,rev,diag,46,0.01834865321466726,1.7057427253997088,0.05,1.5661942769969408,3.469446951953614e-18,-0.019607968445867825,0.07122959029707586,0,True,0.020646998503550593
2014-11-30,rev,mv,45,0.018796799645764087,0.9982684457953436,0.05000000000000001,1.5827827875587364,4.163336342344337e-17,0.043656548983531725,0.06437961631731849,0,True,0.014919993230298
2014-11-30,rev,diag,45,0.018796799645764087,1.8252306431799716,0.05000000000000001,1.4715300092629608,7.632783294297951e-17,0.06945015199727289,0.0696220078619572,0,True,0.018386824494578673
2014-12-31,rev,mv,46,0.01925256643159821,0.992349585745059,0.049999999999999996,1.7560733181460386,1.3877787807814457e-17,0.05128641367988918,0.08653971237073922,0,True,0.004654923277619461
2014-12-31,rev,diag,46,0.01925256643159821,1.5933555722972874,0.05,1.5275250866535655,8.326672684688674e-17,0.11350231139993751,0.08962812798049465,0,True,0.0025584078703938377
2015-01-31,rev,mv,45,0.019324656683304728,1.0256556552144218,0.05,1.601363867991303,2.0816681711721685e-17,0.013401336744925883,0.10000000000244016,2,True,0.005329120561288884
2015-01-31,rev,diag,45,0.019324656683304728,1.8115596205011042,0.05,1.4886735328942289,5.0306980803327406e-17,-0.03096849687597688,0.08963857539369961,0,True,0.00140863361809991
2015-02-28,rev,mv,46,0.019254702360761114,1.0895828132040382,0.05,1.6230270669941722,1.3877787807814457e-17,-0.0020127164495468497,0.07387772132398178,0,True,-0.0014860274640243647
2015-02-28,rev,diag,46,0.019254702360761114,1.6930271582621774,0.05,1.6640534215419087,0.0,-0.02437339030967782,0.0651173985484288,0,True,0.005847749618973951
2015-03-31,rev,mv,46,0.019784323321030875,1.1240947669128831,0.049999999999999996,1.4744513163306385,-8.847089727481716e-17,0.05755639504837262,0.09999999997179103,1,True,-0.007324804448280064
2015-03-31,rev,diag,46,0.019784323321030875,1.644927283715595,0.049999999999999996,1.3631940970503804,1.5395670849294163e-17,0.14234261259651007,0.07835210516559847,0,True,-0.011404834371639689
2015-04-30,rev,mv,46,0.01927569608446532,0.9609954640261786,0.04999999999999999,1.6401098220456007,2.0816681711721685e-17,-0.020271313573751698,0.0945252439266353,0,True,0.01112923862016959
2015-04-30,rev,diag,46,0.01927569608446532,1.9836641801963635,0.05000000000000001,1.4735556937506977,-2.0816681711721685e-17,-0.08061122153486477,0.0957578611159959,0,True,0.013821426884094021
2015-05-31,rev,mv,46,0.020195479129541907,1.049770834387177,0.04999999999999999,1.7929887115426268,4.85722573273506e-17,-0.00719229595275054,0.07750481842632481,0,True,0.0011207200198525876
2015-05-31,rev,diag,46,0.020195479129541907,1.9780711399082154,0.05,1.6475240346300786,-9.020562075079397e-17,-0.06638573860200633,0.08307482559203777,0,True,0.003793674159396814
2015-06-30,rev,mv,46,0.020389215052699302,1.0686028977644568,0.05,1.5555106317778975,3.469446951953614e-17,-0.016965656273273604,0.10000000000856024,2,True,0.0060114196438836595
2015-06-30,rev,diag,46,0.020389215052699302,1.6376434401982949,0.05,1.4819666982471023,-2.42861286636753e-17,-0.08535978540661451,0.13472689636720503,1,True,0.009449906792323257
2015-07-31,rev,mv,45,0.02084761860230816,1.0698745715818014,0.05000000000000002,1.667794466295685,-3.469446951953614e-17,-0.04387299500151846,0.10000000000283632,2,True,0.0025250817891720894
2015-07-31,rev,diag,45,0.02084761860230816,1.9867606188332267,0.05000000000000002,1.2259648172075295,-3.621235256101585e-17,-0.16377011400168934,0.09112443553563443,0,True,0.0014083623821422894
2015-08-31,rev,mv,44,0.020630699945825726,1.0437015531351825,0.049999999999999996,1.661030383733294,2.7755575615628914e-17,0.00929741835683416,0.09999999992735839,1,True,-0.01125581023076185
2015-08-31,rev,diag,44,0.020630699945825726,2.0315088801425807,0.049999999999999996,1.4585109833818277,-4.163336342344337e-17,-0.03900787667785606,0.10057137974286597,1,True,0.004436628062086002
2015-09-30,rev,mv,45,0.020578085390652864,0.8906080850523987,0.04999999999999999,1.5623185109116355,-5.551115123125783e-17,0.024748486169098416,0.0999999999523031,1,True,-0.025067898771917764
2015-09-30,rev,diag,45,0.020578085390652864,1.6884787810736912,0.04999999999999999,1.2993618314123463,-6.245004513516506e-17,-0.008400064241126532,0.10856318480971992,1,True,-0.014485222788732252
2015-10-31,rev,mv,45,0.020249887302269898,0.9901767868552154,0.05,1.5905047725331865,-3.469446951953614e-17,-0.06311838855834265,0.10000000005672935,2,True,-0.0028875639424678595
2015-10-31,rev,diag,45,0.020249887302269898,2.2655150332753116,0.04999999999999999,1.2492645946149055,3.8163916471489756e-17,-0.17282337179608906,0.08283251877067398,0,True,-0.0027804542561344287
2015-11-30,rev,mv,46,0.02003491330821977,1.1194562458013468,0.05,1.7766792242024967,7.849623728795052e-17,-0.02013885974706899,0.07750721815351239,0,True,-0.006363339131387332
2015-11-30,rev,diag,46,0.02003491330821977,2.0571892085921974,0.049999999999999996,1.4314856439012804,7.047314121155779e-17,-0.13623104415053458,0.07442614402339932,0,True,0.001210933900506931
2015-12-31,rev,mv,45,0.020165764192775874,0.963216475046268,0.05000000000000001,1.6401914436916079,-6.938893903907228e-18,0.0063540907229248855,0.062289590450238554,0,True,-0.012091327671170318
2015-12-31,rev,diag,45,0.020165764192775874,2.301506931336921,0.05000000000000002,1.273473609644075,-4.5102810375396984e-17,-0.07759773692329093,0.10421317948527017,1,True,-0.008093108034347722
2016-01-31,rev,mv,44,0.019743557421495223,0.8380484249972188,0.05,1.5985604813315077,5.551115123125783e-17,-0.011386261781151433,0.1000000000842447,1,True,-0.021265537352598708
2016-01-31,rev,diag,44,0.019743557421495223,1.8620317591856606,0.05,1.3483063106021846,4.683753385137379e-17,-0.1258379487100194,0.08618837560708548,0,True,-0.019366939535403985
2016-02-29,rev,mv,45,0.018915242900297644,1.0630320810588052,0.049999999999999996,1.8501885124145805,1.3877787807814457e-17,0.0017199126872094533,0.07760425955189487,0,True,-0.015761025143351544
2016-02-29,rev,diag,45,0.018915242900297644,1.6134236097123946,0.05,1.8543233989398324,-4.0766001685454967e-17,-0.026765059915492998,0.05654302323291855,0,True,-0.016150689189476392
2016-03-31,rev,mv,44,0.018276009355733216,0.8882748022960457,0.05,1.5117665034845362,-2.0816681711721685e-17,-0.012882180218164278,0.09100722145483049,0,True,0.0070942646891742666
2016-03-31,rev,diag,44,0.018276009355733216,1.4594479055629306,0.05,1.4450675202985452,-5.551115123125783e-17,-0.060985509672598526,0.10440629240420349,1,True,-9.90842751662559e-07
2016-04-30,rev,mv,44,0.01843136071626733,0.8980654545505804,0.05,1.7811850163126686,-6.938893903907228e-17,-0.04411478075441869,0.0999999999388875,1,True,-0.018457453355448777
2016-04-30,rev,diag,44,0.01843136071626733,1.701781210750255,0.05,1.5974922782086998,-3.469446951953614e-17,-0.13267844208012514,0.0838963687566748,0,True,-0.00783747872970839
2016-05-31,rev,mv,44,0.018065006614159516,0.9314581724035301,0.05000000000000001,1.5199118381063643,0.0,0.01575191069357446,0.08600993406161689,0,True,0.019274344830876287
2016-05-31,rev,diag,44,0.018065006614159516,1.7424978302637666,0.05,1.4796081668051824,6.938893903907228e-17,0.06542969133691642,0.09029259886231224,0,True,0.017433903927943535
2016-06-30,rev,mv,44,0.018594906154245597,0.9527212844557671,0.05,1.8482003787641035,3.469446951953614e-18,0.01182855971721953,0.10000000000210818,2,True,0.004802002740704749
2016-06-30,rev,diag,44,0.018594906154245597,1.4269894954409978,0.05,1.7268518251526377,-1.5439038936193583e-16,0.08425667089697189,0.10847164446973495,1,True,0.00807430496930772
2016-07-31,rev,mv,45,0.01861861422782008,0.912406799275102,0.04999999999999999,1.4445580318376745,-4.85722573273506e-17,-0.04504444428065068,0.0861562258907957,0,True,-0.02495799769783186
2016-07-31,rev,diag,45,0.01861861422782008,1.8259187234041847,0.05,1.288964822135476,5.377642775528102e-17,-0.08121157274965549,0.0792261394171044,0,True,-0.02743421302307761
2016-08-31,rev,mv,44,0.017178221853920213,0.9455743681632783,0.049999999999999996,1.7894448756579917,6.245004513516506e-17,0.03139661428192381,0.07063420805116097,0,True,0.0028072748056401165
2016-08-31,rev,diag,44,0.017178221853920213,1.5329411635997254,0.05000000000000001,1.6139627849918912,4.4885969940899884e-17,0.10022483405321396,0.08071458664122017,0,True,0.010227182484744
2016-09-30,rev,mv,44,0.01754991448993017,0.8792061846031279,0.05,1.6142666026615446,5.898059818321144e-17,0.013128386653318462,0.10000000010434523,1,True,0.008609191677218849
2016-09-30,rev,diag,44,0.01754991448993017,1.6022207834325135,0.05,1.508127054549359,-6.418476861114186e-17,-0.0007284700387395469,0.08474470521849611,0,True,0.011935356280273588
2016-10-31,rev,mv,44,0.0177885249017917,0.9046448238367114,0.049999999999999996,1.6744365931770362,-5.204170427930421e-17,-0.0014913214036958494,0.09337229502425536,0,True,-0.01823870036104751
2016-10-31,rev,diag,44,0.0177885249017917,1.7403688862791236,0.05,1.5546393634622948,5.551115123125783e-17,-0.028480476667900243,0.06414911449811177,0,True,-0.01864422449071948
2016-11-30,rev,mv,45,0.01734384570355896,0.8777155702251039,0.05,1.8086182655930907,-1.249000902703301e-16,-0.05440779604492499,0.06600597699788507,0,True,0.0041235020967186386
2016-11-30,rev,diag,45,0.01734384570355896,1.689490080201575,0.05,1.6206298640019179,-5.551115123125783e-17,-0.1026004240461259,0.09608667588448794,0,True,0.0024360453134614547
2016-12-31,rev,mv,45,0.017740789103421816,1.016869422187649,0.04999999999999999,1.5625686521453936,-3.69712940817557e-17,-0.030336535333608233,0.10000000001604713,3,True,-0.009412836238178087
2016-12-31,rev,diag,45,0.017740789103421816,1.4679683843848768,0.04999999999999998,1.4631243275664305,-1.0408340855860843e-17,0.0004758826893333232,0.11689369131782447,1,True,-0.009041933455101297
2017-01-31,rev,mv,44,0.01703168850888855,0.8673245851985635,0.05,1.4637861497856393,-6.938893903907228e-17,0.007597973690340869,0.10000000000438244,2,True,0.005309379151743823
2017-01-31,rev,diag,44,0.01703168850888855,1.2566849030143767,0.05000000000000001,1.463413794247326,-4.163336342344337e-17,0.03261292695867,0.09721093316334296,0,True,0.00566433355450588
2017-02-28,rev,mv,44,0.016983057132182476,0.8889184669654162,0.05000000000000001,1.6890807222040183,2.211772431870429e-16,0.03642453519891886,0.09763724030735023,0,True,-0.004700587043970841
2017-02-28,rev,diag,44,0.016983057132182476,1.6660785015849573,0.05,1.5381525479064913,-1.0408340855860843e-16,0.14047234761854532,0.08116337811869186,0,True,-0.0013061686568417324
2017-03-31,rev,mv,44,0.01693832924188826,0.9038780357409754,0.05,1.8606184955306784,8.326672684688674e-17,0.05734515707469685,0.07661567210286191,0,True,0.004719786818768047
2017-03-31,rev,diag,44,0.01693832924188826,1.634183232069907,0.049999999999999996,1.4936015171681034,-5.551115123125783e-17,0.16643260084650377,0.09212908088270626,0,True,0.0024462845921179675
2017-04-30,rev,mv,46,0.017063918627605125,0.9724398032089199,0.04999999999999998,1.8442854611068809,-2.0816681711721685e-17,0.002219762312676509,0.10000000000618099,1,True,0.0016197636881153184
2017-04-30,rev,diag,46,0.017063918627605125,1.3740639915224095,0.04999999999999999,1.8363947412973594,-7.28583859910259e-17,0.031097343637558252,0.06456182090864293,0,True,-0.006696096836987649
2017-05-31,rev,mv,46,0.016636083347088704,0.9096780648595274,0.05,1.930043534589456,1.249000902703301e-16,0.10333208673474503,0.10000000001485859,1,True,0.0032964137594919817
2017-05-31,rev,diag,46,0.016636083347088704,1.6851771711849322,0.05000000000000001,1.6921113628667075,2.0122792321330962e-16,0.20900247766584618,0.08474006755004858,0,True,0.0014406642347702266
2017-06-30,rev,mv,46,0.016758518782993975,0.8852353963495825,0.05,1.694858775674054,4.85722573273506e-17,-0.013140528094056544,0.07108133481617243,0,True,-0.011411939665559324
2017-06-30,rev,diag,46,0.016758518782993975,1.7301281062438802,0.04999999999999999,1.4312366852851075,-1.4224732503009818e-16,-0.04404376801412831,0.07901161616749942,0,True,-0.011262273972413925
2017-07-31,rev,mv,46,0.016270077999278515,0.9361677979939631,0.05000000000000001,1.7573864516184357,-3.469446951953614e-17,-0.031713386926417925,0.09999999999585081,1,True,0.027630764959199344
2017-07-31,rev,diag,46,0.016270077999278515,1.628876665859676,0.05,1.4108860984415135,4.85722573273506e-17,-0.11356261790811101,0.08204038739580283,0,True,0.016422486115005852
2017-08-31,rev,mv,46,0.016780370651508072,0.9442197288696428,0.05,1.7663155862886672,-4.85722573273506e-17,-0.020187101793813344,0.09999999999317999,1,True,0.011927933891353033
2017-08-31,rev,diag,46,0.016780370651508072,1.6349886591950418,0.05000000000000001,1.609393373848902,4.163336342344337e-17,-0.0851219827689118,0.12547058241291983,1,True,0.0034042806445459548
2017-09-30,rev,mv,45,0.01679955143644711,0.8944251675796308,0.05000000000000002,1.7637909238074823,-4.336808689942018e-18,-0.026154256358039127,0.09999999993236255,1,True,0.005550539817993818
2017-09-30,rev,diag,45,0.01679955143644711,1.4463236007259062,0.05000000000000002,1.5873766738331805,-1.734723475976807e-17,-0.05194274259446596,0.11288567769151374,1,True,0.006907918825179088
2017-10-31,rev,mv,45,0.01683861028915177,0.9619991243274204,0.05000000000000002,1.9581115540096494,-9.71445146547012e-17,-0.03781046015677732,0.09999999992960422,1,True,-0.012801206653198983
2017-10-31,rev,diag,45,0.01683861028915177,1.4278444436901274,0.05,1.7041005839398535,4.163336342344337e-17,-0.10588956290702907,0.07886284077291054,0,True,-0.01786545205785228
2017-11-30,rev,mv,45,0.016130401317252668,0.8844813656571998,0.05000000000000001,1.8231531901091667,-1.0408340855860843e-17,0.005173385254342536,0.09329814525376337,0,True,-0.0002805271442749942
2017-11-30,rev,diag,45,0.016130401317252668,1.4459279604894217,0.05000000000000001,1.7659612788102574,4.336808689942018e-18,0.0025638959847672483,0.06606433700402349,0,True,-0.00047734669370431856
2017-12-31,rev,mv,46,0.015792361893202336,0.9717831536464155,0.04999999999999998,1.7729987308292248,-1.0408340855860843e-17,-0.02887071680712468,0.10000000003634461,1,True,0.019419052386191307
2017-12-31,rev,diag,46,0.015792361893202336,1.1299501899956252,0.05,1.7232800993328243,1.0408340855860843e-17,-0.10175562585457167,0.11296315452588422,1,True,0.014055842170914004
2018-01-31,rev,mv,46,0.016101496401682267,0.8565331150035819,0.05000000000000001,1.721458437225813,-2.7755575615628914e-17,-0.05653989770039138,0.10000000000878657,1,True,-0.016771745074791077
2018-01-31,rev,diag,46,0.016101496401682267,1.3775550595406607,0.05000000000000001,1.602058711243826,-4.85722573273506e-17,-0.1136070904608664,0.08493614098027787,0,True,-0.016968841049011255
2018-02-28,rev,mv,46,0.015512110580307915,0.9685941519678778,0.04999999999999999,2.015627992241701,6.245004513516506e-17,0.003949103882975204,0.09309572922972892,0,True,-0.015033329421106943
2018-02-28,rev,diag,46,0.015512110580307915,1.44126715914914,0.049999999999999996,1.8586831222088513,-6.591949208711867e-17,-0.0804563912913911,0.06284602656775286,0,True,-0.015038741358129132
2018-03-31,rev,mv,46,0.014809781656462713,0.8043571629683367,0.05,1.5428392076987285,-7.632783294297951e-17,0.05580799598204378,0.09592174480703913,0,True,0.011842943101237204
2018-03-31,rev,diag,46,0.014809781656462713,1.2161172707593482,0.05,1.4415834704525294,-1.3877787807814457e-17,0.18388865462896775,0.07973964841105156,0,True,0.005761099853656366
2018-04-30,rev,mv,46,0.014865557758827854,0.9102722891494331,0.05,1.6386789648502365,-6.938893903907228e-18,0.006050154520010451,0.10000000000994083,1,True,0.01713286542807576
2018-04-30,rev,diag,46,0.014865557758827854,1.2472794803108782,0.05000000000000002,1.4949812493147032,4.163336342344337e-17,0.08118470576881254,0.07945885868963183,0,True,0.025311069657347186
2018-05-31,rev,mv,45,0.015616090441674078,0.8302375537615059,0.05,1.7540415432036305,1.0061396160665481e-16,0.018058584899109057,0.09467325064931313,0,True,-0.038154684488506736
2018-05-31,rev,diag,45,0.015616090441674078,1.4386706322965177,0.05000000000000002,1.6416376587481853,-2.688821387764051e-17,0.06590656616886263,0.09532100639662927,0,True,-0.03300567656022438
2018-06-30,rev,mv,45,0.014246274024639299,0.8564555061092446,0.05,1.7843993443253985,-4.85722573273506e-17,0.01781218172730008,0.09272283348621903,0,True,0.010374201082386467
2018-06-30,rev,diag,45,0.014246274024639299,1.211063667031787,0.05,1.598888712216055,9.226560487851643e-17,0.11478449500002283,0.07371536873910826,0,True,0.016263277640089367
2018-07-31,rev,mv,45,0.014596436759618752,0.8138958650550195,0.05,1.7581721280357006,-4.5102810375396984e-17,0.0657164914085351,0.09422948746235837,0,True,0.030002850417541676
2018-07-31,rev,diag,45,0.014596436759618752,1.382141074428245,0.05,1.4475799314993933,-5.724587470723463e-17,0.18655775890485468,0.06253930306893628,0,True,0.016381527459003793
2018-08-31,rev,mv,46,0.014843183508903008,0.8167605651188303,0.05,1.770973939293136,1.3877787807814457e-17,0.027677081286258558,0.050357543782528595,0,True,0.01443008380419659
2018-08-31,rev,diag,46,0.014843183508903008,1.4527695955267386,0.05000000000000002,1.6023324160714816,1.1796119636642288e-16,0.009722418519734745,0.055043656254682945,0,True,0.012978177018340187
2018-09-30,rev,mv,46,0.015261359087968763,0.8439071886433481,0.05000000000000001,1.7055424493700966,-2.0816681711721685e-17,0.04511385230291052,0.09999999991963601,1,True,-0.02099484036212903
2018-09-30,rev,diag,46,0.015261359087968763,1.3361568497266931,0.05000000000000002,1.4452495553353377,9.540979117872439e-18,0.06802976256712918,0.09262053506659085,0,True,-0.029007232078459132
2018-10-31,rev,mv,46,0.014783450287230016,0.8441551344643666,0.05,1.589247155335937,-4.163336342344337e-17,-0.02535916887533189,0.10000000000798524,1,True,0.0051528769210070395
2018-10-31,rev,diag,46,0.014783450287230016,1.5012423498594012,0.05,1.506095818146547,-1.6306400674181987e-16,-0.03199934654503638,0.0671230120108967,0,True,0.00678023473847743
2018-11-30,rev,mv,46,0.014559582015313922,0.7573320295222324,0.049999999999999996,1.7460799670638654,-3.469446951953614e-18,-0.07445653225690131,0.09286957755350132,0,True,0.020611944527137084
2018-11-30,rev,diag,46,0.014559582015313922,1.601829269252693,0.05,1.492328379702974,1.734723475976807e-16,-0.19250159178400944,0.06613492418554717,0,True,0.01330959585525834
2018-12-31,rev,mv,46,0.015248863465607797,0.8975675785071513,0.05000000000000001,1.6793318059061475,2.4069288229178198e-17,-0.009916387913773498,0.08840738369267039,0,True,-0.001113169515609341
2018-12-31,rev,diag,46,0.015248863465607797,1.345828879807946,0.05,1.6246477300257374,-5.637851296924623e-17,-0.034781419516442764,0.0743449831562485,0,True,-0.003752110004758865
2019-01-31,rev,mv,46,0.015148154801835022,0.6537385158196936,0.05,1.7738761090167945,6.350567641200122e-12,-0.0549816374262493,0.10000000000995461,2,True,0.0006510886967100208
2019-01-31,rev,diag,46,0.015148154801835022,1.2469193021352682,0.05000000000000001,1.7656194034841808,5.551115123125783e-17,-0.09323380945751503,0.07913212890094568,0,True,0.002827721444161052
2019-02-28,rev,mv,46,0.01526930155147276,0.7455973582271126,0.050000000000000024,1.8461977334909934,9.020562075079397e-17,-0.048928662799698236,0.0915164153957599,0,True,-0.013663287502388054
2019-02-28,rev,diag,46,0.01526930155147276,1.4789014047550977,0.049999999999999996,1.5891670183918987,1.3877787807814457e-16,-0.08954207279846974,0.08844708233984439,0,True,-0.011311412875333458
2019-03-31,rev,mv,46,0.015066143419067817,0.7308129488156565,0.05,1.6358318299281973,-1.3877787807814457e-17,0.030790904988163347,0.1000000000393712,1,True,-0.019736096441774924
2019-03-31,rev,diag,46,0.015066143419067817,1.1841930383099435,0.049999999999999996,1.5546277008102807,9.71445146547012e-17,0.08563378344926903,0.08587748663586244,0,True,-0.02327271938712032
2019-04-30,rev,mv,46,0.014270374052362936,0.7127418402467631,0.05,1.7772222366556079,7.979727989493313e-17,-0.07646006613685942,0.10000000000579073,1,True,0.024659666419756247
2019-04-30,rev,diag,46,0.014270374052362936,1.2370286209756687,0.04999999999999999,1.6303991204130504,4.5102810375396984e-17,-0.14713693436045336,0.09114639079880651,0,True,0.03557180172058401
2019-05-31,rev,mv,46,0.015130120643937461,0.8598428651810519,0.05,1.869561536817428,5.551115123125783e-17,-0.03226843270021386,0.10000000003352492,1,True,-0.010509278127319333
2019-05-31,rev,diag,46,0.015130120643937461,1.2922331026534455,0.05000000000000002,1.70579574040594,-5.551115123125783e-17,-0.13798068915948128,0.07292276104656038,0,True,-0.017183346956999405
2019-06-30,rev,mv,47,0.014390889415466708,0.7818507455667774,0.05,1.783431913000807,-6.938893903907228e-17,-0.042426422438820034,0.10000000000776345,1,True,0.013219920764182162
2019-06-30,rev,diag,47,0.014390889415466708,1.3567988689931443,0.05000000000000001,1.616371883612755,-4.163336342344337e-17,-0.13384872698062292,0.1028178852292846,1,True,0.006755086049819886
2019-07-31,rev,mv,47,0.014646050919490717,0.8006787956572579,0.049999999999999996,1.6396276342224325,-5.551115123125783e-17,-0.08175081375411218,0.07045893958365372,0,True,0.017191456601325053
2019-07-31,rev,diag,47,0.014646050919490717,1.496313328578426,0.05,1.4668491557383752,2.179246366695864e-17,-0.19500063609010151,0.0868420312738857,0,True,0.025132926314857078
2019-08-31,rev,mv,47,0.015695657350242906,0.8645832047573262,0.05,1.7011682374443557,3.9898639947466563e-17,-0.02414331032830692,0.0834634443165088,0,True,-0.0034676278937800973
2019-08-31,rev,diag,47,0.015695657350242906,1.504623313728222,0.05000000000000002,1.495307527974383,-5.767955557622884e-17,-0.1054025967158539,0.0876233949317011,0,True,-0.008916999901201766
2019-09-30,rev,mv,47,0.015228041240256309,0.8561023612053584,0.05000000000000002,1.5781243127967859,-7.632783294297951e-17,-0.05519591570613775,0.10000000000594883,1,True,0.019064517441926276
2019-09-30,rev,diag,47,0.015228041240256309,1.4661849162777751,0.05,1.272051337741441,2.7755575615628914e-17,-0.1646106451052112,0.1043592797184026,1,True,0.007208306513159974
2019-10-31,rev,mv,47,0.015397556294083995,0.8545654839685757,0.049999999999999996,1.5864668535891875,1.5178830414797062e-18,-0.06701534589733701,0.0978615417422404,0,True,0.007173322377668786
2019-10-31,rev,diag,47,0.015397556294083995,1.5874634586237493,0.049999999999999996,1.370565735155572,2.2551405187698492e-17,-0.17449089443581514,0.0841153713656208,0,True,0.003888683491620038
2019-11-30,rev,mv,46,0.01549309398691191,0.8818334343674148,0.05,1.8104308619497638,9.71445146547012e-17,-0.03821782547675072,0.09460682856857566,0,True,0.0007003623721130252
2019-11-30,rev,diag,46,0.01549309398691191,1.4051870592510964,0.05000000000000001,1.7261923347417205,-1.734723475976807e-17,-0.12337781764828241,0.08835085880523803,0,True,-7.380556919962304e-05
2019-12-31,rev,mv,45,0.015362356711441724,0.753859679040434,0.05,1.918789679757708,1.1796119636642288e-16,-0.06659360540075422,0.10000000001527695,1,True,-0.0031778983644651444
2019-12-31,rev,diag,45,0.015362356711441724,1.5955025001612813,0.05,1.421319034199248,-2.7755575615628914e-17,-0.20951691239897138,0.08924384130006144,0,True,0.013168307551249776
2020-01-31,rev,mv,45,0.015722605068477974,0.7303723496738974,0.05000000000000002,1.484955528244872,-5.551115123125783e-17,-0.026499995236899762,0.09999999991210103,1,True,0.012542395781873704
2020-01-31,rev,diag,45,0.015722605068477974,1.4141725466180761,0.05000000000000001,1.2994995632383453,-2.42861286636753e-17,-0.11486876341348122,0.09755684509920216,0,True,0.01338293256828772
2020-02-29,rev,mv,46,0.01614359082224405,0.7892329836654102,0.05,1.6133880080197947,2.5898879395247487e-17,-0.041246757808636014,0.10000000000636564,1,True,0.04692436793186032
2020-02-29,rev,diag,46,0.01614359082224405,1.5877918058310105,0.05000000000000002,1.425948126307915,0.0,-0.09739128623216528,0.08646679649147249,0,True,0.05075864160034107
2020-03-31,rev,mv,45,0.01675580724387947,0.8938505178369567,0.049999999999999996,1.390928877602092,5.898059818321144e-17,-0.07784247726334384,0.06561795454187686,0,True,0.006128213851023511
2020-03-31,rev,diag,45,0.01675580724387947,1.681567009071459,0.05,1.4106675006208627,2.0816681711721685e-17,-0.14410709695258125,0.06976278053720976,0,True,-0.0015085454176846681
2020-04-30,rev,mv,46,0.016965847773813908,0.9298225946444422,0.05,1.5474817914968038,6.245004513516506e-17,-0.07182658907876611,0.0977436352437417,0,True,-0.009151140166591376
2020-04-30,rev,diag,46,0.016965847773813908,1.8250817684994876,0.05,1.3577554093027024,3.8163916471489756e-17,-0.15902431908630726,0.0621024695772693,0,True,-0.018202783599290916
2020-05-31,rev,mv,45,0.016406848238046525,0.8106661634159258,0.049999999999999996,1.4358554081133923,2.0816681711721685e-17,-0.04179429528425291,0.09013248149878914,0,True,0.009949247578587466
2020-05-31,rev,diag,45,0.016406848238046525,1.608409797278808,0.05,1.485471669077691,-1.3530843112619095e-16,-0.07388226149384969,0.06958842293895835,0,True,0.010198006317482288
2020-06-30,rev,mv,45,0.01661345818050122,0.8317717774839256,0.05000000000000001,1.4645771676836408,-4.85722573273506e-17,0.005898074636693553,0.10000000002420328,1,True,0.005744765213955767
2020-06-30,rev,diag,45,0.01661345818050122,1.7020067217889046,0.05,1.3543343140792239,3.729655473350135e-17,0.04552531104920355,0.08911276442187421,0,True,0.011609022869052354
2020-07-31,rev,mv,45,0.016776424451303742,0.8245409043436521,0.05,1.4836007235953532,4.163336342344337e-17,6.113623815222506e-05,0.09999999998788739,1,True,0.011050558697414909
2020-07-31,rev,diag,45,0.016776424451303742,1.5879391962623781,0.04999999999999999,1.3568151396931143,2.7755575615628914e-17,-0.007257052119092617,0.0925675768231559,0,True,0.00810550943889649
2020-08-31,rev,mv,45,0.016673573398801714,0.7825986448645628,0.05000000000000001,1.3788892089810822,-5.551115123125783e-17,-0.004525448348966309,0.07135176353116135,0,True,-0.005485049157611624
2020-08-31,rev,diag,45,0.016673573398801714,1.749140553756627,0.05000000000000002,1.3719974051731099,6.245004513516506e-17,0.008618853169012205,0.05990556710205778,0,True,-0.0009065936900819994
2020-09-30,rev,mv,45,0.01639494517413988,0.6472779460892982,0.05000000000000002,1.512148419825445,-4.915859386223076e-13,0.031940178263829076,0.10000000000134494,1,True,0.005947864014160238
2020-09-30,rev,diag,45,0.01639494517413988,1.1100370319999053,0.05,1.5293317620308726,1.249000902703301e-16,0.01900449434364138,0.11253486321204532,1,True,0.006646188199270376
2020-10-31,rev,mv,45,0.016553602159596545,0.8166534192664688,0.050000000000000024,1.3593726278829068,2.0816681711721685e-17,-0.013606558124656784,0.0932631670179037,0,True,-0.008778745573648147
2020-10-31,rev,diag,45,0.016553602159596545,1.6124790481780245,0.05000000000000002,1.285159604414595,1.3877787807814457e-17,0.02922027097007784,0.09178678743163715,0,True,-0.0030388316910559842
2020-11-30,rev,mv,45,0.01650621978977354,0.777258863926409,0.04999999999999999,1.48872517631548,-2.7755575615628914e-17,-0.006899942517229843,0.06789854972954926,0,True,-0.004364724588250141
2020-11-30,rev,diag,45,0.01650621978977354,1.7934011229589952,0.05000000000000001,1.3476276804729972,0.0,-0.04772955142630106,0.10478038903093628,1,True,-0.007674994311688936
2020-12-31,rev,mv,45,0.016284814103269322,0.7532425359754887,0.049999999999999996,1.416417163784602,1.9081958235744878e-17,0.02448428599365475,0.10000000001147351,1,True,0.012051062029199935
2020-12-31,rev,diag,45,0.016284814103269322,1.5654198573558105,0.05,1.3219022964671547,2.7755575615628914e-17,0.08319917845936105,0.09095685630479103,0,True,0.017531787126413612
2021-01-31,rev,mv,45,0.016816843269424547,0.8062289453711141,0.05,1.262350510010886,2.7755575615628914e-17,-0.0006710282305219214,0.09999999996745002,1,True,-0.007699310745127945
2021-01-31,rev,diag,45,0.016816843269424547,1.539695983241884,0.05000000000000002,1.242827167288725,-4.85722573273506e-17,0.008569204950498085,0.09995623844023754,0,True,-0.0008922433274864528
2021-02-28,rev,mv,45,0.016641380042819107,0.858053462029354,0.049999999999999996,1.5665709733152353,7.806255641895632e-18,-0.0031802128849282075,0.09999999998188314,1,True,0.008001709215041874
2021-02-28,rev,diag,45,0.016641380042819107,1.7142760955240492,0.049999999999999996,1.5035546326007048,-2.5153490401663703e-17,0.011309795687309918,0.054191454167043046,0,True,0.01443770007967239
2021-03-31,rev,mv,44,0.016759377870871724,0.8315104663512599,0.04999999999999999,1.3119247152080349,-7.632783294297951e-17,0.033138505548682265,0.08276951890899324,0,True,0.009660066084788184
2021-03-31,rev,diag,44,0.016759377870871724,1.5997239223725024,0.05000000000000001,1.134548901533397,-6.938893903907228e-18,0.08889356194264701,0.10442996246794631,1,True,0.009622431571690728
2021-04-30,rev,mv,44,0.0174233041307459,0.7732942361193564,0.05000000000000001,1.273547265769568,1.942890293094024e-16,0.08570140148991821,0.07544326274572744,0,True,-0.0035072654335411508
2021-04-30,rev,diag,44,0.0174233041307459,1.8983601244729364,0.049999999999999996,1.0418456916982846,2.6020852139652106e-17,0.1740630125378676,0.115040896420128,1,True,0.006720349401380063
2021-05-31,rev,mv,45,0.017479194409221768,0.9637351081712106,0.05000000000000001,1.4060886343981847,6.938893903907228e-18,0.05521136703020426,0.08727526349779449,0,True,-0.0043051356190183625
2021-05-31,rev,diag,45,0.017479194409221768,1.8822484571174072,0.05000000000000002,1.3266959920972072,-2.0816681711721685e-17,0.06621452912382021,0.06255864066546013,0,True,-0.01357009652132158
2021-06-30,rev,mv,45,0.016980746415156605,0.8617936539147952,0.05,1.2055827939504586,-2.6020852139652106e-17,0.06698040553701547,0.10000000000723946,1,True,-0.006130305956960958
2021-06-30,rev,diag,45,0.016980746415156605,1.6442386184408744,0.05,1.2672411562146242,3.122502256758253e-17,0.10724928222482588,0.07580005964961775,0,True,-0.005431515052051402
2021-07-31,rev,mv,45,0.016787203552966756,0.8774762865958999,0.05000000000000001,1.1603082340442759,-5.898059818321144e-17,0.057176980007561815,0.10000000000637076,1,True,0.011889240770678497
2021-07-31,rev,diag,45,0.016787203552966756,1.640115748961555,0.05,1.0361828010057428,-7.632783294297951e-17,0.14754423163109878,0.10060914016909747,1,True,0.006006844821469484
2021-08-31,rev,mv,44,0.016842607252159355,0.9413229014293426,0.05,1.4586287387556676,-2.0816681711721685e-17,0.05938829463885696,0.09999999998749626,1,True,-0.007115237148631395
2021-08-31,rev,diag,44,0.016842607252159355,1.4399321954419546,0.05000000000000001,1.4609045135131487,3.122502256758253e-17,0.0742679926633968,0.07172158465941914,0,True,-0.006358488885443678
2021-09-30,rev,mv,44,0.01667875116706015,0.8872845874339463,0.05,1.317610100806072,-1.0061396160665481e-16,0.014341208883055331,0.09303494676715977,0,True,0.012193111638891084
2021-09-30,rev,diag,44,0.01667875116706015,1.4864563948881782,0.04999999999999999,1.2996065884952754,6.072887418634432e-17,0.02319315446457455,0.0977239107453222,0,True,0.005235061862997157
2021-10-31,rev,mv,44,0.016938810102318038,0.9020935750172613,0.05,1.232471445517313,3.469446951953614e-17,0.02587541328874805,0.08123069678761695,0,True,-0.016294927833900578
2021-10-31,rev,diag,44,0.016938810102318038,1.5778389763014324,0.05,1.3153412912909372,-7.28583859910259e-17,0.043075433893149016,0.06399767039882824,0,True,-0.02033593823919397
2021-11-30,rev,mv,44,0.016160024876541664,0.9097225985116371,0.049999999999999996,1.3328763807105135,-1.734723475976807e-18,0.018777943811578095,0.07175801540389781,0,True,0.007228713813882239
2021-11-30,rev,diag,44,0.016160024876541664,1.3976105971447497,0.049999999999999996,1.395647444529472,-1.0711917464156784e-16,0.056657827053564716,0.09338353966657309,0,True,0.004119137553030178
2021-12-31,rev,mv,44,0.01588079113755622,0.8422383889406637,0.05,1.2856918053029134,-1.0408340855860843e-17,-0.012002048678258324,0.09999999999006505,1,True,-0.0034025141410268024
2021-12-31,rev,diag,44,0.01588079113755622,1.4512670924597497,0.05,1.3372929604176231,1.1102230246251565e-16,-0.037748033130922454,0.09677481336047834,0,True,-0.009409684828625921
2022-01-31,rev,mv,44,0.015551389575384865,0.7914342415904019,0.04999999999999999,1.1610448474064106,1.9081958235744878e-17,0.02911498341761979,0.08900153080809964,0,True,-0.013808594385677326
2022-01-31,rev,diag,44,0.015551389575384865,1.319296263353366,0.05000000000000001,1.164790116367928,7.025630077706069e-17,0.05826967626999001,0.09687647648870164,0,True,-0.014822048981792995
2022-02-28,rev,mv,46,0.014957218481389055,0.7985291441322273,0.04999999999999999,1.343547932649636,-6.938893903907228e-18,0.02312613089985074,0.07065397761756986,0,True,0.01826705555312394
2022-02-28,rev,diag,46,0.014957218481389055,1.4266466157943107,0.05000000000000002,1.26957516485398,-6.938893903907228e-18,0.027461378461246876,0.06661510376653665,0,True,0.011948052455314507
2022-03-31,rev,mv,47,0.015361893666576676,0.8662224252443282,0.05000000000000002,1.2440134697994902,0.0,0.04226425224576638,0.07838953878588273,0,True,0.017908140041496157
2022-03-31,rev,diag,47,0.015361893666576676,1.3950465235308673,0.04999999999999999,1.1960086266512653,1.734723475976807e-17,0.09887872023352429,0.05787440514861737,0,True,0.0180581973666993
2022-04-30,rev,mv,46,0.01564819897914607,0.7855911816480943,0.04999999999999999,1.3256092531621726,-6.938893903907228e-17,0.04645937602380994,0.1000000000085173,2,True,0.006060639176166046
2022-04-30,rev,diag,46,0.01564819897914607,1.4952443165378353,0.05,1.0719859971475367,-5.204170427930421e-17,0.13160514811779217,0.10586772413827873,1,True,-0.001396899769633203
2022-05-31,rev,mv,46,0.015503276923775757,0.7910339673765889,0.04999999999999999,1.6502628235143018,-5.551115123125783e-17,0.0690928416922826,0.07440880011865207,0,True,-0.019652535845838384
2022-05-31,rev,diag,46,0.015503276923775757,1.654842558523935,0.049999999999999996,1.3202223582553514,1.3877787807814457e-17,0.11715418230288496,0.06679930986606482,0,True,-0.02261103847700853
2022-06-30,rev,mv,46,0.014777727821227797,0.785123225587498,0.05,1.4900962142916128,3.469446951953614e-18,0.024217448527845055,0.10000000000504357,1,True,0.018443936106286526
2022-06-30,rev,diag,46,0.014777727821227797,1.3908851894859544,0.05000000000000001,1.2447359936500877,-1.0408340855860843e-17,0.03011060089346873,0.07633795355734017,0,True,-0.0005053740681115662
2022-07-31,rev,mv,46,0.014735980350556442,0.6975339785566816,0.05000000000000002,1.326077315645589,5.551115123125783e-17,0.007849799383833098,0.10000000002959743,2,True,-0.0010004974639166995
2022-07-31,rev,diag,46,0.014735980350556442,1.0238956314042587,0.05,1.2346074415290764,-2.42861286636753e-17,0.0491169573085516,0.10255977098539241,2,True,0.0014916090105990363
2022-08-31,rev,mv,46,0.014838545599893165,0.7991617063277192,0.05000000000000001,1.3681145858393622,-1.2836953722228372e-16,0.06420692858166588,0.08686185174127667,0,True,0.0017893970248097893
2022-08-31,rev,diag,46,0.014838545599893165,1.4971050895048588,0.049999999999999996,1.2979654967160656,0.0,0.12842505785615277,0.0740974241383081,0,True,0.00120741897846204
2022-09-30,rev,mv,45,0.014891950274376183,0.8258553581461716,0.049999999999999996,1.440852474606109,3.2959746043559335e-17,0.006928122654070668,0.09553406537617636,0,True,-0.003120425699919383
2022-09-30,rev,diag,45,0.014891950274376183,1.336193306400855,0.05,1.4345452536448333,7.979727989493313e-17,-0.005976656224520638,0.07975142245915107,0,True,0.010197023875938106
2022-10-31,rev,mv,46,0.014914918248798634,0.8223704306324721,0.05,1.4025387961207398,-1.3877787807814457e-17,-0.026822249658953037,0.10000000000442313,1,True,-0.026832095630149773
2022-10-31,rev,diag,46,0.014914918248798634,1.329036783265284,0.049999999999999996,1.3876812150964302,4.163336342344337e-17,-0.039503489103754626,0.06755496196082197,0,True,-0.029427345214918927
2022-11-30,rev,mv,46,0.014076646697819141,0.7560511157419423,0.05000000000000001,1.40945221973873,-1.214306433183765e-17,-0.0046413384303678066,0.0739288354315147,0,True,-0.005899857676060042
2022-11-30,rev,diag,46,0.014076646697819141,1.393943023306246,0.05,1.3491695465886995,-3.469446951953614e-17,-0.023084484683636147,0.08998200099427377,0,True,-0.0019913696642257324
2022-12-31,rev,mv,46,0.013988917207596055,0.7023235709386046,0.05000000000000001,1.4813721711127994,-7.806255641895632e-18,-0.03686233529334695,0.09999999999084107,1,True,-0.014581703831709853
2022-12-31,rev,diag,46,0.013988917207596055,1.4282609796625114,0.05000000000000002,1.3438492740228325,-6.418476861114186e-17,-0.04053465316486862,0.08205260154238951,0,True,-0.01816346808288587
2023-01-31,rev,mv,46,0.013393848885592924,0.5945328317738804,0.05,1.2649394958916984,-1.3877787807814457e-17,-0.0371418906877744,0.10000000000934878,1,True,-0.01725314439792939
2023-01-31,rev,diag,46,0.013393848885592924,1.2161359161484844,0.05,1.1669563601539457,1.2663481374630692e-16,-0.052482839011401015,0.0979485442434985,0,True,-0.017458377550499064
2023-02-28,rev,mv,46,0.01269749211248864,0.647897308763068,0.05,1.5030702774709157,-1.3877787807814457e-17,0.024231490298870943,0.07179540098658616,0,True,0.000931026220930983
2023-02-28,rev,diag,46,0.01269749211248864,1.2482617709720985,0.05,1.3715319342916932,6.245004513516506e-17,0.07112382141352516,0.06810890802141839,0,True,-0.0038910890219429244
2023-03-31,rev,mv,46,0.012863265375613112,0.7186250785739158,0.04999999999999999,1.410222385184497,2.2551405187698492e-17,0.05160008929241544,0.08048254574860457,0,True,-0.0007457091598814862
2023-03-31,rev,diag,46,0.012863265375613112,1.2229196645330067,0.049999999999999996,1.3270775119349503,-2.42861286636753e-17,0.11944001450077044,0.0668541951493403,0,True,-0.004750045981976986
2023-04-30,rev,mv,46,0.012596072455577624,0.7250943157499196,0.049999999999999996,1.3496041528063654,-1.734723475976807e-17,0.0016044568268206217,0.1000000000054515,2,True,-0.02019406493241494
2023-04-30,rev,diag,46,0.012596072455577624,1.0722641393965262,0.05,1.3225834161392573,7.979727989493313e-17,-0.03230629160496347,0.08395287263698986,0,True,-0.027867031980711554
2023-05-31,rev,mv,45,0.011930659953081653,0.6621011154997648,0.04999999999999999,1.518092384982761,1.691355389077387e-17,-0.01961223982889171,0.08834169100497706,0,True,0.0059095522666130825
2023-05-31,rev,diag,45,0.011930659953081653,1.0882138341155092,0.049999999999999996,1.4736631298725669,6.418476861114186e-17,-0.060121495018204255,0.07167653036870851,0,True,0.008061773509677175
2023-06-30,rev,mv,46,0.011938077512516337,0.6148484453477686,0.05,1.1196432795484625,-7.806255641895632e-18,0.0022029832900507737,0.0781477264558803,0,True,-0.007170236298593655
2023-06-30,rev,diag,46,0.011938077512516337,1.2039001103022822,0.049999999999999996,1.072173074505947,-3.8163916471489756e-17,0.052303327898616345,0.09165615800205702,0,True,-0.0066066652331612736
2023-07-31,rev,mv,46,0.011564502202542612,0.630103163664508,0.05000000000000002,1.2399672376788042,-4.683753385137379e-17,-0.02378104305516955,0.09904969143743049,0,True,-0.002355035917357144
2023-07-31,rev,diag,46,0.011564502202542612,1.1394307387672131,0.05,1.1816376923715426,-3.903127820947816e-18,-0.04190881344985831,0.0574435499033021,0,True,0.0004237845023132825
2023-08-31,rev,mv,47,0.011560437816409213,0.5924783723452708,0.049999999999999996,1.366809202037748,-2.0816681711721685e-17,-0.034892724134014244,0.07434203964189869,0,True,-0.018811274403857315
2023-08-31,rev,diag,47,0.011560437816409213,1.3038312723087424,0.05,1.2228870723870782,-4.85722573273506e-17,-0.08885068738233978,0.07509591514860803,0,True,-0.014489079143817307
2023-09-30,rev,mv,47,0.011298143215031716,0.6164274219400279,0.05,1.4078494988799999,-8.673617379884035e-19,0.0013984610792748754,0.08375908211948711,0,True,0.012102090921607888
2023-09-30,rev,diag,47,0.011298143215031716,1.1541883762250842,0.05,1.21375090089953,3.469446951953614e-18,0.04048027927244102,0.08331291173999555,0,True,-0.0026237820804090642
2023-10-31,rev,mv,47,0.011178849702946582,0.6493773311226749,0.05,1.3799242940879994,5.204170427930421e-17,-0.027893336021079358,0.1000000000271854,1,True,-0.011967441574182138
2023-10-31,rev,diag,47,0.011178849702946582,1.0847981356059748,0.05,1.1946004048655479,-7.45931094670027e-17,-0.120292810417807,0.06611440224240989,0,True,-0.016521180217461462
2023-11-30,rev,mv,46,0.010566022332547838,0.6024559643529356,0.05,1.2630213292928467,-5.551115123125783e-17,-0.004944664840225429,0.09197091574451159,0,True,-0.009778421016606649
2023-11-30,rev,diag,46,0.010566022332547838,0.9941981357599781,0.05000000000000002,1.2795472855047707,3.469446951953614e-17,-0.014660235054426367,0.0921059691789606,0,True,-0.007873403375359673
2023-12-31,rev,mv,46,0.010150259037779233,0.5351883781916331,0.05,1.550315301723649,-1.3877787807814457e-17,-0.009596070253255682,0.08859726191700683,0,True,0.01295679859529141
2023-12-31,rev,diag,46,0.010150259037779233,1.0628500859276178,0.049999999999999996,1.350897995492774,6.938893903907228e-18,-0.008842144830370007,0.07740296127533508,0,True,0.009933189174450664
2024-01-31,rev,mv,46,0.010395030274481383,0.5045602510663297,0.05000000000000001,1.220886835173669,-6.245004513516506e-17,-0.024416108140129424,0.09999999999002072,1,True,-0.005083032041097672
2024-01-31,rev,diag,46,0.010395030274481383,0.8508057057021562,0.05000000000000001,1.1119270368528753,-2.6020852139652106e-17,-0.04247419888123247,0.11444058485267423,1,True,0.00241108492480095
2024-02-29,rev,mv,46,0.010602588306194009,0.5525338874616464,0.05,1.313375942462315,-4.85722573273506e-17,-0.018448258543231875,0.0718573066125554,0,True,-0.003048201102156852
2024-02-29,rev,diag,46,0.010602588306194009,1.0970041569548818,0.05,1.2524659606023252,4.163336342344337e-17,-0.04780017095987337,0.05783503417282961,0,True,-0.007339066795144723
2024-03-31,rev,mv,46,0.010450778339863756,0.6301038761463121,0.05,1.0851915127583818,3.469446951953614e-18,0.008601326877570996,0.09999999997336838,1,True,-0.010574516075378954
2024-03-31,rev,diag,46,0.010450778339863756,0.9404697610252135,0.049999999999999996,1.0761103965365333,6.938893903907228e-17,0.05272408997973364,0.060960138583898364,0,True,-0.017126723123965622
2024-04-30,rev,mv,46,0.009814981573718838,0.5191992037529586,0.049999999999999996,1.265655826953464,0.0,0.02091590499224872,0.09999999999409163,1,True,-0.0005917351013646775
2024-04-30,rev,diag,46,0.009814981573718838,0.7545938662641116,0.04999999999999999,1.2912507339353076,-6.938893903907228e-17,0.011488984138757695,0.09667602271608379,0,True,-0.00023643390913662306
2024-05-31,rev,mv,45,0.010005463560185406,0.5694780226094348,0.05,1.329336672521309,7.632783294297951e-17,-0.01142320471472883,0.08078132334303806,0,True,0.017567714464532348
2024-05-31,rev,diag,45,0.010005463560185406,0.9162156632138221,0.05,1.2984840373943352,-2.7755575615628914e-17,-0.06492400674332778,0.05542235865342865,0,True,0.02029158874332475
2024-06-30,rev,mv,46,0.01048402206505528,0.5737790588873737,0.05000000000000001,1.238738942765543,-2.8189256484623115e-18,0.006888650955955362,0.09999999995744875,1,True,-0.0049501861624579035
2024-06-30,rev,diag,46,0.01048402206505528,0.9223618630652056,0.05000000000000001,1.1208780127279978,5.4643789493269423e-17,-0.00508591938727011,0.10822415583376646,1,True,-0.016423644980697653
2024-07-31,rev,mv,46,0.0101833336052689,0.6165365633176046,0.05,1.4152860386412298,0.0,-0.0053119809825187755,0.09689214089353526,0,True,0.0005656726923300228
2024-07-31,rev,diag,46,0.0101833336052689,0.8637666007286582,0.05000000000000001,1.3969009094765292,-3.469446951953614e-17,-0.003761464973507726,0.10170646394135226,1,True,0.002268580302728198
2024-08-31,rev,mv,46,0.010419616091672402,0.5533119862203439,0.05000000000000001,1.257371654289001,1.734723475976807e-17,-0.016500260932378042,0.09825167676440136,0,True,-0.008914229439083226
2024-08-31,rev,diag,46,0.010419616091672402,0.983139312965989,0.05,1.2353620620604762,-3.382710778154774e-17,-0.0694687405809516,0.07989628159698929,0,True,-0.01127493332187912
2024-09-30,rev,mv,46,0.010176039514693773,0.5109798559371884,0.05000000000000001,1.2295501936856983,-3.599551212651875e-17,0.014047035062833524,0.09999999997248968,1,True,-0.007324181796884237
2024-09-30,rev,diag,46,0.010176039514693773,0.9389904087903229,0.05,1.140366362610988,3.8163916471489756e-17,0.05538109384481653,0.10254841934472719,1,True,-0.00422789331524253
2024-10-31,rev,mv,46,0.010022826313088179,0.5647372955935868,0.05000000000000002,1.295446894779886,1.734723475976807e-17,0.0008537192133458375,0.10000000002086165,1,True,0.0034489242274415304
2024-10-31,rev,diag,46,0.010022826313088179,0.8827019358361932,0.049999999999999996,1.2020175571681133,-1.0234868508263162e-16,0.010715752075721929,0.1131332027931112,1,True,0.010653679380546566
2024-11-30,rev,mv,45,0.010181458654976529,0.5342359125435595,0.05000000000000002,1.4065725411421182,-1.1102230246251565e-16,0.028750789275107144,0.05806329629934969,0,True,0.021000831957353194
2024-11-30,rev,diag,45,0.010181458654976529,1.0021781099594096,0.05,1.2901803781329457,1.3877787807814457e-17,0.03294035932664728,0.10583738095855251,1,True,0.02777674103719625
2024-12-31,rev,mv,45,0.01094444218739092,0.6400117971885407,0.05,1.4438364759798095,-7.546047120499111e-17,0.010559499074947472,0.1000000000010441,1,True,0.0031013184908043087
2024-12-31,rev,diag,45,0.01094444218739092,0.970749202097892,0.05,1.3009626519150692,5.551115123125783e-17,-0.0016819942762551158,0.0799077479949028,0,True,0.0018086698403533628
2025-01-31,rev,mv,45,0.011244708899017429,0.4685631153938822,0.049999999999999996,1.511424146629559,4.5102810375396984e-17,0.05302431273912576,0.09999999996612995,1,True,-5.2574207350016296e-05
2025-01-31,rev,diag,45,0.011244708899017429,1.0158130365140468,0.05,1.1544624507116918,7.979727989493313e-17,0.10785905129813685,0.11692622072026991,2,True,-0.010643996252790503
2025-02-28,rev,mv,44,0.01082592422802674,0.593618141085764,0.05000000000000002,1.5818300513481125,-2.0816681711721685e-17,0.0035654922384548236,0.08992237258320161,0,True,-0.025495530634613687
2025-02-28,rev,diag,44,0.01082592422802674,1.0072183718117393,0.05,1.4516461219021268,2.0816681711721685e-17,-0.0009004243316901308,0.06857957504715519,0,True,-0.02421934418839435
2025-03-31,rev,mv,45,0.01008587588225175,0.5986638815743364,0.049999999999999996,1.2162777575436972,1.3877787807814457e-17,0.01170025658287263,0.09258896467511224,0,True,-0.021285641239834844
2025-03-31,rev,diag,45,0.01008587588225175,0.8125216732419647,0.05,1.095357126245191,-4.85722573273506e-17,-0.013812677594678588,0.07625693653472504,0,True,-0.011134206960846472
2025-04-30,rev,mv,44,0.009737659230738977,0.5171686753091101,0.05,1.1217456670050747,-1.3010426069826053e-17,-0.0006099630995748656,0.1000000000533048,3,True,0.007654038347085134
2025-04-30,rev,diag,44,0.009737659230738977,0.7425454645238319,0.049999999999999996,1.1621433819755371,-7.45931094670027e-17,-0.007677203313001075,0.10209768642479275,1,True,0.0017560344706040762
2025-05-31,rev,mv,44,0.00938261631543662,0.5234058137275869,0.05000000000000002,1.2526205707897764,7.45931094670027e-17,0.0028428467414516843,0.09851315532424407,0,True,0.03739077534116213
2025-05-31,rev,diag,44,0.00938261631543662,0.8095362713590639,0.05000000000000002,1.2834962808842554,-7.806255641895632e-17,0.02411792108501539,0.10259937629399356,1,True,0.03333969444162715
2025-06-30,rev,mv,45,0.01014122527840371,0.5017208526233554,0.05,1.12745502794658,5.854691731421724e-18,0.07862859000083161,0.09999999996428725,1,True,0.005962818913743762
2025-06-30,rev,diag,45,0.01014122527840371,0.8770488160162444,0.05,1.1111179696724751,0.0,0.18333393364672715,0.09583183212559225,0,True,0.007976510752388644
2025-07-31,rev,mv,46,0.010516970953115648,0.5901681559172934,0.05,1.4372365317031224,-1.3877787807814457e-17,0.047678508712817744,0.09999999994250526,1,True,-0.0025053520786283154
2025-07-31,rev,diag,46,0.010516970953115648,0.9096978882390688,0.049999999999999996,1.294177405788975,-2.7755575615628914e-17,0.11818439751108364,0.09560013382672236,0,True,-0.008588800285273385
2025-08-31,rev,mv,46,0.01004656690856933,0.5922662607224505,0.05,1.2430182284708873,1.3877787807814457e-17,0.002493420251640932,0.09514894913515035,0,True,-0.007442085087044608
2025-08-31,rev,diag,46,0.01004656690856933,0.9031442629115851,0.05000000000000001,1.2537130611849352,-9.71445146547012e-17,0.02218549350904954,0.0888600362363941,0,True,-0.007235221766631913
2025-09-30,rev,mv,46,0.010225791825402912,0.5090937397473994,0.05,1.2808116427305019,-4.85722573273506e-17,0.04531321231914473,0.09999999990996726,1,True,-0.00896770825481616
2025-09-30,rev,diag,46,0.010225791825402912,0.8272212436822071,0.049999999999999996,1.282890089424661,4.85722573273506e-17,0.1008076595345712,0.09836774209680399,0,True,-0.005829506709050624
2025-10-31,rev,mv,46,0.009924260847946375,0.6146928739654697,0.05,1.5812792493960515,-3.8163916471489756e-17,0.02624241188266049,0.06986011795290066,0,True,-0.0015638024343815283
2025-10-31,rev,diag,46,0.009924260847946375,0.8938038186916399,0.05,1.3807342445668576,4.5102810375396984e-17,0.0912294868279629,0.09578630207727565,0,True,-0.003315776725248775
2025-11-30,rev,mv,46,0.009819051903135957,0.592228130980203,0.05000000000000001,1.5781106631610033,2.0816681711721685e-17,-0.0027227059222468156,0.09999999997501582,1,True,0.0080518860529506
2025-11-30,rev,diag,46,0.009819051903135957,0.8475837984819204,0.05000000000000001,1.5224818495156813,6.938893903907228e-17,0.014587781779110931,0.06062773273432718,0,True,0.0019431735621023587
2025-12-31,rev,mv,46,0.009836106850673364,0.605429891344209,0.05,1.5362012781468728,-3.122502256758253e-17,0.030119236200190684,0.07724801123437293,0,True,-0.005031658909644538
2025-12-31,rev,diag,46,0.009836106850673364,0.8873658223483945,0.049999999999999996,1.3774767679250046,2.7755575615628914e-17,0.07110761014608569,0.08529404274916888,0,True,-0.0067366857462994615
1990-01-31,rev_orth,mv,46,0.033278448784930324,1.1598852958873698,0.049999999999999996,1.6290909536707885,1.0408340855860843e-17,0.00013094120679815738,0.0763634998863231,0,True,-0.0032841770526383348
1990-01-31,rev_orth,diag,46,0.033278448784930324,2.713301700605548,0.049999999999999996,1.5983597213788725,2.0816681711721685e-17,0.00023094599783723692,0.0598791627942191,0,True,-0.005952343523599174
1990-02-28,rev_orth,mv,46,0.031041385114209865,1.4399879011165633,0.05,1.5080942031040014,-7.806255641895632e-17,-0.013053855845031773,0.07406370416346558,0,True,0.01707737112322187
1990-02-28,rev_orth,diag,46,0.031041385114209865,3.2180612692889046,0.049999999999999996,1.5209690294780087,-6.245004513516506e-17,-0.027802154454072355,0.0726674536472814,0,True,0.020896409524916677
1990-03-31,rev_orth,mv,45,0.03618960902115891,1.41004696652862,0.05,1.3574103303272642,-3.469446951953614e-17,-0.04332475493822614,0.0908962908059394,0,True,-0.0045172897734849365
1990-03-31,rev_orth,diag,45,0.03618960902115891,3.2469443072633033,0.05,1.3109598339233413,3.122502256758253e-17,-0.061705340477398486,0.09125385824313657,0,True,-0.0014103979884460785
1990-04-30,rev_orth,mv,46,0.035610988169849554,1.5791397415196036,0.05,1.4121445780799904,-3.122502256758253e-17,0.028043964546481538,0.07970042026053217,0,True,-0.00491846158968212
1990-04-30,rev_orth,diag,46,0.035610988169849554,3.930711586779153,0.05,1.4295251056454101,4.85722573273506e-17,0.01367736492550063,0.057324605470639084,0,True,0.005160477107308596
1990-05-31,rev_orth,mv,46,0.038529465491493026,1.6442716192845437,0.05000000000000001,1.3207191750703084,-7.979727989493313e-17,0.07124727883130852,0.10000000000276,2,True,0.022824512384055255
1990-05-31,rev_orth,diag,46,0.038529465491493026,3.6696631499776227,0.05,1.423862379811949,-8.847089727481716e-17,0.09521152984235932,0.07885736060846785,0,True,0.015679490249756862
1990-06-30,rev_orth,mv,46,0.04105262399715112,1.6892893537178588,0.04999999999999999,1.4595997007302122,-2.7755575615628914e-17,0.026184873145463652,0.08703848231716464,0,True,0.00483218610725597
1990-06-30,rev_orth,diag,46,0.04105262399715112,3.967275256667627,0.049999999999999996,1.4560703327855946,-5.204170427930421e-17,0.02201055222640189,0.07952057494755925,0,True,-0.00666320398143041
1990-07-31,rev_orth,mv,46,0.03872904753118357,1.6498584650866306,0.05,1.4546449902219936,-1.9081958235744878e-17,0.03735023140373215,0.06572857038952924,0,True,0.006558781772132983
1990-07-31,rev_orth,diag,46,0.03872904753118357,4.519836798679209,0.05000000000000002,1.4158233996131493,-8.673617379884035e-19,0.025123146065200337,0.08262011378922451,0,True,0.008080370282091512
1990-08-31,rev_orth,mv,46,0.04041443050924595,1.6742279304402576,0.049999999999999996,1.4934628111402066,9.020562075079397e-17,-0.027409755696801152,0.096431799881945,0,True,-0.006199023307517237
1990-08-31,rev_orth,diag,46,0.04041443050924595,3.9959735781379737,0.05,1.4314735413744601,5.551115123125783e-17,-0.079739983303834,0.06763948927934314,0,True,0.0019305227286794194
1990-09-30,rev_orth,mv,45,0.041199584880180266,1.4654773123507017,0.049999999999999996,1.4566252822800823,-6.938893903907228e-18,-0.05529012230478102,0.08438402357835947,0,True,-0.021153626518405737
1990-09-30,rev_orth,diag,45,0.041199584880180266,4.07650037233436,0.05,1.3287138670826442,-9.93129189996722e-17,-0.11170064741088723,0.0844426058530227,0,True,-0.006296331572828788
1990-10-31,rev_orth,mv,45,0.039252505677490675,1.2605060501827214,0.05,1.4602176094907864,-5.654114329511906e-17,-0.039093173294490025,0.08867216373782046,0,True,0.008919598014179193
1990-10-31,rev_orth,diag,45,0.039252505677490675,3.525257400484053,0.04999999999999999,1.4087625760982019,4.336808689942018e-18,-0.09116271269889449,0.08309701338259108,0,True,0.001222449910182857
1990-11-30,rev_orth,mv,46,0.03737987906711583,1.5348175727063078,0.05,1.5267515129382,-6.765421556309548e-17,0.012093155920678455,0.06048513130446212,0,True,0.008683940398985514
1990-11-30,rev_orth,diag,46,0.03737987906711583,3.315757335553048,0.05,1.4853933700143125,-9.020562075079397e-17,-0.003735896605687583,0.06633442145335589,0,True,0.0049442891238588105
1990-12-31,rev_orth,mv,46,0.03751271735696909,1.444185154936017,0.05000000000000002,1.4438593035049756,1.3877787807814457e-17,-0.06934490347906629,0.09094056240888758,0,True,-0.003462539157316708
1990-12-31,rev_orth,diag,46,0.03751271735696909,3.8721405999562464,0.05000000000000001,1.4971488754408544,6.245004513516506e-17,-0.0985672699345461,0.07487878685203424,0,True,-0.012749227896332153
1991-01-31,rev_orth,mv,45,0.034594235916650416,1.2729754424401158,0.049999999999999996,1.4075283682488229,-3.469446951953614e-18,-0.06512522163365034,0.10000000000982256,1,True,0.002472195795558531
1991-01-31,rev_orth,diag,45,0.034594235916650416,3.0772754394712254,0.05000000000000001,1.4230558631803238,1.734723475976807e-17,-0.09064129934504378,0.07481789582697723,0,True,0.0035430421106838338
1991-02-28,rev_orth,mv,45,0.0344307723640174,1.4567804290335267,0.05000000000000001,1.2572686799464579,-4.5102810375396984e-17,-0.04247652069609866,0.09394353048658466,0,True,0.003312795147751095
1991-02-28,rev_orth,diag,45,0.0344307723640174,3.1717991868661652,0.05,1.2962520842736924,-9.367506770274758e-17,-0.03165196425231477,0.088583159270149,0,True,0.005883573869085309
1991-03-31,rev_orth,mv,46,0.03664860955690474,1.4210440108353557,0.05,1.3305382632274183,-1.1275702593849246e-16,0.01108769213991625,0.07543786558258075,0,True,0.0027947515465245303
1991-03-31,rev_orth,diag,46,0.03664860955690474,3.733155145119511,0.049999999999999996,1.316583590488044,-7.806255641895632e-17,0.04603153247314257,0.08020855961677116,0,True,0.0009348254530649841
1991-04-30,rev_orth,mv,46,0.03634005270896335,1.382109020932934,0.05,1.3823167212549639,2.7755575615628914e-17,-0.022281042718571252,0.09999999999815025,1,True,-0.009917968862027999
1991-04-30,rev_orth,diag,46,0.03634005270896335,3.599682519036338,0.05000000000000001,1.431801094060468,6.938893903907228e-18,-0.0035349411328399376,0.0924789735285934,0,True,-0.014924158928533425
1991-05-31,rev_orth,mv,46,0.03342646424593811,1.4137448273763,0.049999999999999996,1.4377976098050456,-1.7433970933566911e-16,0.006098496152427697,0.09999999999017523,1,True,-0.006701769567004228
1991-05-31,rev_orth,diag,46,0.03342646424593811,3.337229916099032,0.05000000000000002,1.3774306472397357,3.0357660829594124e-17,0.023406083830111536,0.11266128867802636,1,True,-0.006241093348688692
1991-06-30,rev_orth,mv,46,0.03270241021486374,1.3831233352861412,0.05000000000000001,1.2546384167616285,4.163336342344337e-17,0.013504063903035175,0.10000000000986731,1,True,-0.007822534969178587
1991-06-30,rev_orth,diag,46,0.03270241021486374,3.151086202462981,0.04999999999999999,1.2782517949378052,-1.5612511283791264e-17,0.023307625136247078,0.09372189545693772,0,True,-0.004869656192413659
1991-07-31,rev_orth,mv,47,0.031955025645626634,1.4568697629362142,0.05000000000000001,1.3302980606315613,1.3877787807814457e-17,-0.03233180479392674,0.08230387845789398,0,True,-0.00442334410362658
1991-07-31,rev_orth,diag,47,0.031955025645626634,3.0147096404685483,0.049999999999999996,1.375632776827382,1.3877787807814457e-17,-0.02129065104870879,0.07874076968788248,0,True,0.0020587134143301056
1991-08-31,rev_orth,mv,47,0.03213530364599912,1.5747955539833904,0.05000000000000002,1.4697134341302325,-3.469446951953614e-18,-0.0183329865787427,0.09369364708955584,0,True,0.0033348691906351607
1991-08-31,rev_orth,diag,47,0.03213530364599912,3.3950539315916894,0.05,1.4457425109459057,-1.0408340855860843e-17,-0.007064060544401387,0.09565744145134412,0,True,0.003889577069469271
1991-09-30,rev_orth,mv,47,0.03315454325768514,1.4630787662458844,0.05,1.4495132954231895,2.0816681711721685e-17,-0.03791809486783074,0.08354982255973167,0,True,-0.0010726128824615749
1991-09-30,rev_orth,diag,47,0.03315454325768514,3.1804350206760157,0.04999999999999999,1.3778811820687522,-5.594483210025203e-17,-0.06745570348348381,0.09705892734748228,0,True,-0.0013146826452036223
1991-10-31,rev_orth,mv,46,0.03292511291121347,1.6287340460059756,0.05000000000000001,1.580534510327269,2.7755575615628914e-17,-0.038366570878497326,0.08033597146379824,0,True,0.018741897524453495
1991-10-31,rev_orth,diag,46,0.03292511291121347,3.3122855974623526,0.04999999999999999,1.6510263809792618,0.0,-0.053672281732005736,0.057947237544092194,0,True,0.01125652590227935
1991-11-30,rev_orth,mv,47,0.03600135358325543,1.771425333113327,0.049999999999999996,1.5731453491090623,6.938893903907228e-17,-0.036771427761104744,0.07429550005979761,0,True,0.009269226860600862
1991-11-30,rev_orth,diag,47,0.03600135358325543,3.3335796904876838,0.05,1.544278148174032,4.163336342344337e-17,-0.053479465718654,0.08277480893868969,0,True,0.006435799735148788
1991-12-31,rev_orth,mv,46,0.0365644491371855,1.6231585202256822,0.05000000000000001,1.4030283767225158,2.949029909160572e-17,-0.04782982938378638,0.07161999959727273,0,True,0.013019209418351274
1991-12-31,rev_orth,diag,46,0.0365644491371855,3.34821958658339,0.049999999999999996,1.4244902757547706,3.903127820947816e-17,-0.07440376671698286,0.07791182981154177,0,True,0.004128243096935387
1992-01-31,rev_orth,mv,46,0.03650726183063552,1.5243357511114732,0.05,1.4329864030580168,1.3357370765021415e-16,-0.01745973485722158,0.10000000000848094,1,True,-0.004204257387527071
1992-01-31,rev_orth,diag,46,0.03650726183063552,3.9219072615295167,0.04999999999999999,1.3876676866447863,-7.632783294297951e-17,-0.006949510223378277,0.0936839686332951,0,True,-0.00797484209600742
1992-02-29,rev_orth,mv,46,0.034168856758655136,1.4933724734014455,0.05000000000000002,1.3604044573408476,-6.418476861114186e-17,0.04212394188097968,0.08699847518693016,0,True,-0.01463800204079274
1992-02-29,rev_orth,diag,46,0.034168856758655136,3.1728157728155906,0.04999999999999999,1.3764818538577068,-3.2959746043559335e-17,0.05479538241513033,0.08176213064494078,0,True,-0.012802604629522438
1992-03-31,rev_orth,mv,46,0.030221640705847427,0.9522318623653138,0.05000000000000001,1.3515198788124188,-3.642919299551295e-17,0.014911773579667813,0.10000000000666835,1,True,-0.01140742586552301
1992-03-31,rev_orth,diag,46,0.030221640705847427,2.316382078278888,0.049999999999999996,1.2174187661490155,-3.122502256758253e-17,0.03523708263830086,0.1433566052231362,1,True,-0.010584384747531442
1992-04-30,rev_orth,mv,46,0.028897418846896766,1.3134669440652669,0.05,1.4022576266032514,3.469446951953614e-17,0.03844884372565354,0.08477598442579612,0,True,-0.01871798278665069
1992-04-30,rev_orth,diag,46,0.028897418846896766,2.6408037606271484,0.05000000000000002,1.362026249661875,5.551115123125783e-17,0.06741479745032129,0.07864780169413997,0,True,-0.015230069186473127
1992-05-31,rev_orth,mv,46,0.023579664014706795,1.0505639797574287,0.04999999999999999,1.4539775323905757,2.688821387764051e-17,0.030400515091664648,0.09999999997443662,1,True,0.005579120228927423
1992-05-31,rev_orth,diag,46,0.023579664014706795,1.96386182910253,0.049999999999999996,1.463541364619325,-8.673617379884035e-18,0.023285023971169955,0.09010628440890697,0,True,0.007864074651478812
1992-06-30,rev_orth,mv,47,0.024621681615845322,1.0844744765530014,0.05000000000000002,1.5105349295775266,-2.2551405187698492e-17,0.0009781332542694804,0.10000000000301829,1,True,-0.01286434353793142
1992-06-30,rev_orth,diag,47,0.024621681615845322,2.1934086789379235,0.049999999999999996,1.5322297831101326,4.336808689942018e-18,-0.00015941111688614804,0.08548435335716972,0,True,-0.014020245940510401
1992-07-31,rev_orth,mv,46,0.02095030640482577,0.848624751237268,0.05,1.5132291281111256,6.938893903907228e-17,-0.020982856507669637,0.0678868980149732,0,True,-0.011098456499035543
1992-07-31,rev_orth,diag,46,0.02095030640482577,1.8721042572435964,0.05,1.4074019373097502,-2.7755575615628914e-17,-0.05605752353219383,0.08825357422700005,0,True,-0.002358584031872309
1992-08-31,rev_orth,mv,47,0.019794985350885082,0.8985009336221375,0.05000000000000001,1.5708258195590437,-4.85722573273506e-17,0.047031765148224935,0.08008465555409797,0,True,-0.0050242333165834725
1992-08-31,rev_orth,diag,47,0.019794985350885082,2.1232488725162875,0.049999999999999996,1.408852595392687,-1.1102230246251565e-16,0.0337716753480196,0.07701362616682077,0,True,-0.00629883789764947
1992-09-30,rev_orth,mv,47,0.019438410330806337,0.9567203415449141,0.05,1.5904113936396918,1.5612511283791264e-17,-0.00014544606242676743,0.06778970796085648,0,True,-0.010763163423739341
1992-09-30,rev_orth,diag,47,0.019438410330806337,2.138802915186429,0.05,1.4163386461101075,-6.678685382510707e-17,-0.02054965285233584,0.08470276159203927,0,True,-0.0014217359390746316
1992-10-31,rev_orth,mv,47,0.019140491439021624,0.9078005821262639,0.05,1.4381080148569902,5.898059818321144e-17,0.013664994620412612,0.10000000000473094,2,True,-0.005110037194420905
1992-10-31,rev_orth,diag,47,0.019140491439021624,2.0329700529100254,0.05000000000000002,1.3346391583656263,-5.898059818321144e-17,0.04905364487977574,0.09954023383723958,0,True,0.004304366894721541
1992-11-30,rev_orth,mv,47,0.020218139759495525,1.000399776084801,0.04999999999999999,1.6404612361391688,4.163336342344337e-17,0.001734882284333319,0.06599576093690367,0,True,-0.0030740662047609633
1992-11-30,rev_orth,diag,47,0.020218139759495525,2.0974221813525498,0.05,1.5299321292444659,1.0408340855860843e-16,-0.007615193569104124,0.06402522820994604,0,True,-0.00038729294848111284
1992-12-31,rev_orth,mv,47,0.0203820504597527,0.8949055274974856,0.049999999999999996,1.6057951048572627,-2.7755575615628914e-17,-0.03006188692728024,0.07453633109471909,0,True,0.004443955650879561
1992-12-31,rev_orth,diag,47,0.0203820504597527,2.207663208224602,0.049999999999999996,1.4801634136846222,4.683753385137379e-17,-0.04757152941452135,0.08617368211046815,0,True,0.002561766330000596
1993-01-31,rev_orth,mv,47,0.019883656276098755,0.8756996602469769,0.05,1.6070538164981762,6.245004513516506e-17,0.012204845682658571,0.10000000003386895,1,True,0.01289625132752424
1993-01-31,rev_orth,diag,47,0.019883656276098755,2.194834263883168,0.05,1.3691217138144507,-7.28583859910259e-17,0.06060780935878841,0.10257078042522004,1,True,0.0028425793571996267
1993-02-28,rev_orth,mv,47,0.01995167674889523,0.9695720487697065,0.05000000000000001,1.6611140890464609,-6.591949208711867e-17,0.01452852312496645,0.05829104063307726,0,True,0.025035636892149743
1993-02-28,rev_orth,diag,47,0.01995167674889523,1.9530831429256952,0.05,1.5247629293889822,-1.2923689896027213e-16,0.07590942782227697,0.05858413642586162,0,True,0.019157161903019027
1993-03-31,rev_orth,mv,47,0.023743349589938522,1.183820724411181,0.05,1.6813271182086935,-5.551115123125783e-17,0.036459494565100316,0.07129017706616018,0,True,0.012311566138655918
1993-03-31,rev_orth,diag,47,0.023743349589938522,2.381514598264821,0.05,1.6019440964699374,2.0816681711721685e-17,0.09850362002257881,0.0727562656642073,0,True,-0.0015914935832519411
1993-04-30,rev_orth,mv,47,0.023234873890233577,1.1037759284248283,0.049999999999999996,1.5680415898204194,-6.938893903907228e-18,0.01882682292436018,0.07239255289146289,0,True,0.00800245580763958
1993-04-30,rev_orth,diag,47,0.023234873890233577,1.9744776392713463,0.05,1.5132213683612339,0.0,0.08651335170185881,0.07563664137388526,0,True,0.006133951627357623
1993-05-31,rev_orth,mv,47,0.02367389507989797,1.1987983404489715,0.05,1.5799624061307345,6.591949208711867e-17,0.012135589711716372,0.08970669236957718,0,True,0.00026189431778247805
1993-05-31,rev_orth,diag,47,0.02367389507989797,2.185673024713996,0.049999999999999996,1.478795081146563,-1.0755285551056204e-16,0.06107171393751776,0.08784329057794217,0,True,0.0015455811187986453
1993-06-30,rev_orth,mv,47,0.023812744307215482,0.9234246219839559,0.05,1.5326542898826951,1.870248747537495e-17,-0.001977287379271504,0.1000000000418195,2,True,0.0068643100408554555
1993-06-30,rev_orth,diag,47,0.023812744307215482,1.7033727818906301,0.05000000000000001,1.5167273074909642,-1.0581813203458523e-16,0.03279573171456922,0.09482965777924714,0,True,0.0037544992475179893
1993-07-31,rev_orth,mv,47,0.02409963755605824,1.0315549077116972,0.05,1.4343280970053798,-1.3877787807814457e-17,-0.037149518551522674,0.09999999998724036,1,True,-0.006470980707739406
1993-07-31,rev_orth,diag,47,0.02409963755605824,2.11282051323297,0.049999999999999996,1.4481699911434631,1.3877787807814457e-17,-0.036487728804793305,0.09003624346387964,0,True,-0.0012205581085380798
1993-08-31,rev_orth,mv,47,0.02375170421662215,1.0155906263774646,0.05000000000000002,1.6113324573068941,-1.3877787807814457e-17,-0.007188380017469624,0.0725372313301204,0,True,-0.0034576461508297692
1993-08-31,rev_orth,diag,47,0.02375170421662215,1.7664854962995098,0.05,1.6702376766797655,-1.8214596497756474e-17,0.012259499594638082,0.0664702172840979,0,True,0.007069377956452052
1993-09-30,rev_orth,mv,47,0.024673021233601652,1.0230718358900428,0.05,1.5304114512949258,9.107298248878237e-18,-0.03064637657867114,0.10000000000951198,1,True,0.0039088719762174415
1993-09-30,rev_orth,diag,47,0.024673021233601652,1.816191127021171,0.04999999999999998,1.5833823703254992,3.599551212651875e-17,-0.004801827379676794,0.1018976436536246,1,True,0.006871940951606614
1993-10-31,rev_orth,mv,47,0.025137348479506914,1.232742604695748,0.05000000000000002,1.4516304163598353,2.2551405187698492e-17,-0.014937539552444394,0.08306695830786781,0,True,-0.003525901973266359
1993-10-31,rev_orth,diag,47,0.025137348479506914,2.22603025301636,0.049999999999999996,1.4714437423897673,-4.85722573273506e-17,0.010194252529863923,0.08112807651583522,0,True,-0.006806461860000401
1993-11-30,rev_orth,mv,47,0.02352833810669925,1.107241601758667,0.05,1.7044982391949506,2.0816681711721685e-17,0.013806662213454925,0.06664804598697467,0,True,-0.009100055046432484
1993-11-30,rev_orth,diag,47,0.02352833810669925,1.995746108748719,0.05,1.7188767560587934,6.245004513516506e-17,0.02310983273096374,0.05393347806012303,0,True,-0.009846346487671293
1993-12-31,rev_orth,mv,47,0.022021347059180577,1.2848183909414792,0.049999999999999996,1.6807400705110436,6.938893903907228e-18,-0.002663883636506579,0.08555033326277657,0,True,-0.0027442394551224422
1993-12-31,rev_orth,diag,47,0.022021347059180577,1.7528237874270987,0.05,1.7590137568220854,-8.673617379884035e-17,-0.004582687221927104,0.06190748168082111,0,True,0.00045902474795940496
1994-01-31,rev_orth,mv,47,0.022208244683371365,1.126491052674982,0.049999999999999996,1.5347982645607001,-3.469446951953614e-17,0.03627603885446695,0.09285011692518629,0,True,-0.011884211983138413
1994-01-31,rev_orth,diag,47,0.022208244683371365,2.1517989227221612,0.05,1.419603582753096,6.938893903907228e-18,0.0994104045275142,0.11774886072134108,1,True,-0.0038695272575783794
1994-02-28,rev_orth,mv,47,0.021228966271653087,1.0688244800590798,0.05,1.5012143297785872,-9.71445146547012e-17,0.028431824193967257,0.10000000005519717,1,True,-0.020474713778378072
1994-02-28,rev_orth,diag,47,0.021228966271653087,1.6000263102774863,0.05,1.5266955823774757,9.71445146547012e-17,0.0985917148506139,0.08058353097900867,0,True,-0.01761430568726299
1994-03-31,rev_orth,mv,47,0.01849826880270091,0.8436599993807284,0.05,1.6915727460331167,2.200930410145574e-17,0.019350021538110742,0.08345001098451972,0,True,0.0005671189773834034
1994-03-31,rev_orth,diag,47,0.01849826880270091,1.5446832648825441,0.05,1.5599056757148313,-1.0842021724855044e-16,0.07099997411320559,0.1045498320664179,1,True,-0.0002549081975834358
1994-04-30,rev_orth,mv,47,0.018442042680944116,0.8474310688294595,0.049999999999999996,1.7395572348623707,-4.85722573273506e-17,0.00016595031749607137,0.10000000002514224,1,True,-0.01252706061408385
1994-04-30,rev_orth,diag,47,0.018442042680944116,1.729512878815806,0.05,1.5037437251064263,0.0,0.037235667489446865,0.1570859846880379,1,True,-0.0005966751926839011
1994-05-31,rev_orth,mv,47,0.017542281810238244,0.8583678193306595,0.05000000000000001,1.7369317872852303,2.6020852139652106e-18,0.006845304895819534,0.07724521261084273,0,True,-0.0050149361918681015
1994-05-31,rev_orth,diag,47,0.017542281810238244,1.5806150289869663,0.04999999999999999,1.648032818895421,3.642919299551295e-17,0.031632521327296735,0.09986734640459204,0,True,-0.004721075656888431
1994-06-30,rev_orth,mv,47,0.015661745051936217,0.8508554758633092,0.049999999999999996,1.4501143155549887,2.42861286636753e-17,0.02651072479377889,0.09999999997462511,1,True,0.012544151577738414
1994-06-30,rev_orth,diag,47,0.015661745051936217,1.2122492734983847,0.05,1.5405525556400241,-3.122502256758253e-17,0.03276299918530344,0.09052906569734843,0,True,0.015813230665878676
1994-07-31,rev_orth,mv,48,0.01865255646436182,0.9732244310094548,0.05,1.7359251188883549,2.7755575615628914e-17,0.018010141033393323,0.0713766471116939,0,True,0.0007896031199755068
1994-07-31,rev_orth,diag,48,0.01865255646436182,1.799790228803553,0.05,1.6360423144741307,-5.551115123125783e-17,0.016241803587151285,0.08734678217556795,0,True,-0.0033023203566989413
1994-08-31,rev_orth,mv,48,0.018771656928643098,0.9916663369874077,0.05000000000000001,1.5289519551948925,-1.3877787807814457e-17,-0.012496764782533129,0.10000000001118227,1,True,-0.0008268152994560232
1994-08-31,rev_orth,diag,48,0.018771656928643098,1.4737393955359914,0.05000000000000001,1.6585964134439104,0.0,-0.026761941806104056,0.06478937381559323,0,True,-0.00032497950579177606
1994-09-30,rev_orth,mv,48,0.017973480914199175,0.9881711603197713,0.049999999999999996,1.7419704276089756,-2.7755575615628914e-17,0.023595358328447474,0.08228247353465844,0,True,-0.006288278159476692
1994-09-30,rev_orth,diag,48,0.017973480914199175,1.7801208119831085,0.05,1.7580917640421827,2.7755575615628914e-17,0.014275007465891748,0.06380323500639214,0,True,5.67223008013794e-05
1994-10-31,rev_orth,mv,47,0.01793862141638547,0.9034729394802119,0.05,1.610903389614803,1.5265566588595902e-16,0.04614579881373419,0.10000000005953442,1,True,-0.000830136511316275
1994-10-31,rev_orth,diag,47,0.01793862141638547,1.4690834646489426,0.05,1.635266960494434,5.898059818321144e-17,0.07389689447970828,0.08523568322613488,0,True,-0.006056867179318085
1994-11-30,rev_orth,mv,48,0.018048742435185044,0.9133348360992821,0.05,1.811279029749288,-5.551115123125783e-17,0.023090171149614508,0.09243279366996433,0,True,0.012900000570065009
1994-11-30,rev_orth,diag,48,0.018048742435185044,1.5702202376169998,0.05,1.7330627775468201,-1.1102230246251565e-16,0.029352102638114948,0.08635042046972825,0,True,0.014742813275096394
1994-12-31,rev_orth,mv,47,0.020627948107915278,0.7669846417354655,0.05,1.5721590876950253,1.0408340855860843e-17,0.05617495973247799,0.09999999999709284,1,True,0.009266183421089001
1994-12-31,rev_orth,diag,47,0.020627948107915278,1.5498490346386518,0.05,1.4509400820872653,-1.1796119636642288e-16,0.0653989005214195,0.14985227464511264,1,True,0.0007560460623784807
1995-01-31,rev_orth,mv,48,0.020086984402205625,1.039262414392247,0.05,1.544576157550152,0.0,0.005289872132102837,0.09047444203845278,0,True,-0.012449631709522438
1995-01-31,rev_orth,diag,48,0.020086984402205625,1.9683574728109225,0.05,1.5712105059571169,-1.3877787807814457e-17,-0.02141978739456836,0.07081331676179738,0,True,-0.0019673685771542404
1995-02-28,rev_orth,mv,48,0.02104476735669734,0.9914877095552417,0.05,1.671950708117718,-4.163336342344337e-17,0.03348439235517467,0.0801637644025037,0,True,0.0007216471204820473
1995-02-28,rev_orth,diag,48,0.02104476735669734,2.156654876087265,0.049999999999999996,1.71482244409353,-2.7755575615628914e-17,0.04768115656678951,0.06606161556298275,0,True,0.007517217317007659
1995-03-31,rev_orth,mv,48,0.0225887622813732,1.0586283778465468,0.049999999999999996,1.4060375605404443,2.7755575615628914e-17,0.009584201004800286,0.10000000003277311,1,True,-0.0024354934779914515
1995-03-31,rev_orth,diag,48,0.0225887622813732,1.9413469448069647,0.05,1.3633465510117624,0.0,0.0334905908515197,0.13630356432366217,1,True,0.006807813715091008
1995-04-30,rev_orth,mv,48,0.022859628773880314,1.068173079637587,0.05000000000000001,1.667796271650667,5.551115123125783e-17,0.03076437908626703,0.10000000006493982,1,True,-0.01662337464810526
1995-04-30,rev_orth,diag,48,0.022859628773880314,1.9412336730957316,0.04999999999999999,1.5019215543732793,-6.938893903907228e-17,0.05735803748037532,0.09116598675059061,0,True,-0.01437782015771456
1995-05-31,rev_orth,mv,48,0.019974556970390314,0.8781928398938018,0.05,1.9233110373103879,0.0,0.028624962785059826,0.07847019220193487,0,True,-0.014333661608270116
1995-05-31,rev_orth,diag,48,0.019974556970390314,1.5776280280405701,0.05,1.7854768912061245,-5.551115123125783e-17,0.03675428279821963,0.08127183735131942,0,True,-0.009700383073461287
1995-06-30,rev_orth,mv,47,0.019022294370551595,0.9070906605707918,0.04999999999999999,1.8342380883495797,-4.9873299934333204e-17,0.017807024017310026,0.08400102519491474,0,True,-0.001931054053736424
1995-06-30,rev_orth,diag,47,0.019022294370551595,1.8012125490038746,0.04999999999999999,1.6876434117740016,-3.469446951953614e-17,0.03134216413210861,0.08421524053447585,0,True,0.003026519768055908
1995-07-31,rev_orth,mv,47,0.019277429965544855,0.9430199371595883,0.05,1.6585004084130393,-5.377642775528102e-17,0.005389706669304325,0.09121538823076038,0,True,0.00699877416400486
1995-07-31,rev_orth,diag,47,0.019277429965544855,1.4668402262996527,0.05,1.575397533926041,-7.979727989493313e-17,0.016835480729226984,0.08941012360332315,0,True,0.004324903036732267
1995-08-31,rev_orth,mv,47,0.020233719331670168,1.0573310133336458,0.05000000000000001,1.7749025838004502,6.938893903907228e-18,0.03634497766482336,0.10000000002977216,1,True,0.010883688691648857
1995-08-31,rev_orth,diag,47,0.020233719331670168,1.6914712951380346,0.049999999999999996,1.7373297794788651,-3.469446951953614e-17,0.05535584592546851,0.10243182144556447,1,True,0.0015152354596041368
1995-09-30,rev_orth,mv,47,0.019808225069947658,0.9598970849939797,0.05,1.550699984557113,-3.122502256758253e-17,0.019697136268379104,0.09311638507573497,0,True,0.014022703075623675
1995-09-30,rev_orth,diag,47,0.019808225069947658,1.6314326017155667,0.04999999999999999,1.4863635605579295,3.469446951953614e-18,0.03181559200874177,0.1252954176478932,1,True,0.015313100306735133
1995-10-31,rev_orth,mv,47,0.02114813679466309,0.9005552846661099,0.05000000000000002,1.7642298980333133,-2.42861286636753e-17,-0.0582353818225155,0.07086655457553155,0,True,-0.017625546789740223
1995-10-31,rev_orth,diag,47,0.02114813679466309,1.6089961769975296,0.05,1.679922033429879,4.163336342344337e-17,-0.08437752739817789,0.0964283621322855,0,True,-0.014885572843558735
1995-11-30,rev_orth,mv,46,0.020780425495759314,0.9815997244545044,0.049999999999999996,1.7428247981006202,4.85722573273506e-17,-0.08492653858508968,0.08920480101942946,0,True,0.02864620754997343
1995-11-30,rev_orth,diag,46,0.020780425495759314,1.4371486702955234,0.050000000000000024,1.8070165796449174,-2.7755575615628914e-17,-0.11954584203333496,0.08192345453708946,0,True,0.027479634093456627
1995-12-31,rev_orth,mv,47,0.02297338104853538,0.9859692965673257,0.05,1.6533819361474589,2.2659825404947043e-17,-0.10345772680048793,0.08546625161419388,0,True,0.002158355207104068
1995-12-31,rev_orth,diag,47,0.02297338104853538,1.9442011447501966,0.05,1.504224714093709,-1.1188966420050406e-16,-0.10998521418892675,0.14845308379427488,1,True,0.007573237830785024
1996-01-31,rev_orth,mv,47,0.024043314237174315,1.0866364366652166,0.05000000000000002,1.7552507011929026,-1.0408340855860843e-16,-0.0846900629282659,0.07872359163129068,0,True,-0.0025432002379640476
1996-01-31,rev_orth,diag,47,0.024043314237174315,1.9637439257078764,0.049999999999999996,1.6899798996517532,-8.326672684688674e-17,-0.10808709047186105,0.09048992912397726,0,True,-0.003513595777696789
1996-02-29,rev_orth,mv,47,0.022894866178843575,1.0543721544784501,0.05,1.8035388279854152,0.0,-0.013417693773533646,0.0720985892050838,0,True,-0.0013681313658249824
1996-02-29,rev_orth,diag,47,0.022894866178843575,1.6900737750143064,0.05,1.6867504171995438,-5.551115123125783e-17,0.022785887623550344,0.07451105296439692,0,True,-0.008280633871958813
1996-03-31,rev_orth,mv,47,0.02150640365561791,0.8073902795271402,0.05,1.8448783164815463,0.0,-0.030789748395660687,0.100000000041932,1,True,-0.005252670364360145
1996-03-31,rev_orth,diag,47,0.02150640365561791,1.4669533462631417,0.05000000000000002,1.5925840993059535,-2.7755575615628914e-17,0.00792161614706238,0.1606722120784141,2,True,0.001442713854655107
1996-04-30,rev_orth,mv,47,0.020344880519993006,1.0280647375958158,0.05,1.7577894217352348,1.5265566588595902e-16,-0.04395025784173905,0.08386724243694278,0,True,-0.0078076123442997036
1996-04-30,rev_orth,diag,47,0.020344880519993006,1.6392559555778432,0.05,1.68404103123462,-9.020562075079397e-17,-0.0397099490334987,0.11002014562924997,1,True,-0.0004066345014297526
1996-05-31,rev_orth,mv,47,0.01997592193152568,1.0714164773384072,0.05,2.0200953967156687,5.551115123125783e-17,-0.0508144438859558,0.093148379186238,0,True,0.00962264367118812
1996-05-31,rev_orth,diag,47,0.01997592193152568,1.4991942988526148,0.05000000000000002,1.9645714542531971,1.3877787807814457e-16,-0.050839489985129174,0.0675663749786878,0,True,0.011731104533456879
1996-06-30,rev_orth,mv,47,0.020845494092960555,1.0922834720426249,0.05,1.7373586545019108,0.0,-0.0836965414824671,0.09757182068535326,0,True,-0.002093216787112877
1996-06-30,rev_orth,diag,47,0.020845494092960555,1.8010375731795816,0.049999999999999996,1.6571360216424207,-2.7755575615628914e-17,-0.11535385663308804,0.11914715886302245,1,True,0.003231259835600752
1996-07-31,rev_orth,mv,47,0.02058802021574321,0.9744903964893883,0.05000000000000001,1.7530852139452036,1.0408340855860843e-17,-0.03648186170872863,0.08682401924702762,0,True,0.006770569745048027
1996-07-31,rev_orth,diag,47,0.02058802021574321,1.626305529150462,0.05,1.6597699532941657,6.938893903907228e-18,-0.06603544584574486,0.1302505015845867,1,True,0.005983264454914776
1996-08-31,rev_orth,mv,48,0.021051384556843147,1.1232316977972987,0.05,1.8691027596286505,-4.85722573273506e-17,-0.023332890391798936,0.058523881519469606,0,True,-0.005151748972184291
1996-08-31,rev_orth,diag,48,0.021051384556843147,1.7904288250765172,0.05,1.852411896672325,5.551115123125783e-17,-0.016362027558938716,0.059016499151924494,0,True,-0.00853472214152464
1996-09-30,rev_orth,mv,48,0.019996141896231494,1.1230986090381205,0.05,1.8422122073246316,-1.1102230246251565e-16,-0.010240006564747411,0.0758202244318794,0,True,0.00453106920410112
1996-09-30,rev_orth,diag,48,0.019996141896231494,1.9532658298987684,0.05,1.8270447094101296,-2.7755575615628914e-17,-0.011573000545968354,0.09914377749204159,0,True,0.0033027418161958337
1996-10-31,rev_orth,mv,48,0.020363990447806155,1.1109926625093436,0.05,1.8424981542260646,-2.7755575615628914e-17,-0.011071941819671083,0.07258765843821356,0,True,0.000585200743668645
1996-10-31,rev_orth,diag,48,0.020363990447806155,1.8555436012183348,0.049999999999999996,1.8766280916914064,0.0,0.024501345303581945,0.07960346847024086,0,True,-0.0018604159626128026
1996-11-30,rev_orth,mv,48,0.02008756150767675,1.1040023121382982,0.05,2.032636133796626,0.0,-0.0327944204029664,0.06624807607861213,0,True,0.027901079943154734
1996-11-30,rev_orth,diag,48,0.02008756150767675,1.7091545742340233,0.049999999999999996,1.924071896933127,6.245004513516506e-17,-0.03804046690754742,0.05882207547590583,0,True,0.02493539128113386
1996-12-31,rev_orth,mv,48,0.022415745013677803,1.2587038016991319,0.05,1.7263739078117994,-1.3877787807814457e-17,-0.023095576693347077,0.07990330014151564,0,True,-0.00861412700310877
1996-12-31,rev_orth,diag,48,0.022415745013677803,1.8609180414116444,0.05,1.7103516866621689,-1.3877787807814457e-17,0.020043925454000106,0.07671565068144812,0,True,-0.0067659409501575705
1997-01-31,rev_orth,mv,48,0.021733140618545546,0.9796990051339713,0.05,1.887685301357032,-1.3877787807814457e-17,-0.04824352358894021,0.06662740978690965,0,True,-0.020766763670803323
1997-01-31,rev_orth,diag,48,0.021733140618545546,1.606644225830679,0.049999999999999996,1.7522731996664982,2.7755575615628914e-17,-0.06610798509615623,0.06589563632725566,0,True,-0.018801258341084818
1997-02-28,rev_orth,mv,47,0.020829367660201825,1.1497970079570288,0.049999999999999996,1.9212918606131815,-2.7755575615628914e-17,0.01855199581614248,0.06255216521419779,0,True,-0.0020744828123495586
1997-02-28,rev_orth,diag,47,0.020829367660201825,1.7777341614377695,0.05000000000000002,1.7884417671224524,4.163336342344337e-17,0.053730515006603786,0.0965497891292134,0,True,-0.005331721953693659
1997-03-31,rev_orth,mv,48,0.020397212202601014,1.109218422774989,0.05,2.179218845760291,2.7755575615628914e-17,0.010025240864636326,0.06778741187853404,0,True,-0.01399673887179484
1997-03-31,rev_orth,diag,48,0.020397212202601014,1.955349239111276,0.05,1.994199074747321,9.71445146547012e-17,0.07821340465143778,0.07796013818883325,0,True,-0.015424159832594778
1997-04-30,rev_orth,mv,48,0.0191607006265621,1.0476519514862193,0.049999999999999996,1.9353091788734642,-2.7755575615628914e-17,0.06704985426031193,0.08411235487108246,0,True,0.0018988361530765524
1997-04-30,rev_orth,diag,48,0.0191607006265621,1.8108252230219908,0.05,1.7457661265654778,5.551115123125783e-17,0.11195084355704371,0.10474338883043341,1,True,0.005385539044844359
1997-05-31,rev_orth,mv,48,0.01974861233476701,1.1158365017410918,0.049999999999999996,1.9251623375196214,6.938893903907228e-18,0.05016759945073537,0.06701060690340338,0,True,0.0033520625073173707
1997-05-31,rev_orth,diag,48,0.01974861233476701,1.84080624658746,0.05,1.8336044465211754,0.0,0.10874714787227738,0.05396776535927032,0,True,0.0016086672867627397
1997-06-30,rev_orth,mv,47,0.0203206181175173,0.9736013181831572,0.04999999999999999,1.7909290282353776,-1.3877787807814457e-16,0.00377506570648728,0.09999999999667729,1,True,0.0014048118343779306
1997-06-30,rev_orth,diag,47,0.0203206181175173,1.6111134098955595,0.04999999999999999,1.6548263716743041,1.5265566588595902e-16,-0.014917827825987986,0.13523189271431224,1,True,-0.002868343990611255
1997-07-31,rev_orth,mv,47,0.02000090434517665,0.8957821652749094,0.04999999999999999,1.7116145483047325,6.765421556309548e-17,0.023218639813175863,0.09999999999003902,1,True,-0.005091567335733166
1997-07-31,rev_orth,diag,47,0.02000090434517665,1.7468660722099094,0.049999999999999996,1.667984739646882,-8.673617379884035e-18,0.004645530352911812,0.13589859335938592,1,True,-0.006637833874591705
1997-08-31,rev_orth,mv,46,0.018875989484659125,1.1047942302602514,0.05,1.8788604181362356,4.163336342344337e-17,0.06315934817852611,0.09297053481413683,0,True,0.03312463703220947
1997-08-31,rev_orth,diag,46,0.018875989484659125,1.5699228685057915,0.05000000000000001,1.8491560280561299,5.551115123125783e-17,0.10275448069947836,0.07241621617816299,0,True,0.024686260256511598
1997-09-30,rev_orth,mv,46,0.019586396446417347,0.8283472076116747,0.04999999999999999,1.7616389499897662,2.0816681711721685e-17,-0.015619026519373495,0.09570077409464008,0,True,0.03129984068882512
1997-09-30,rev_orth,diag,46,0.019586396446417347,1.7231776545750206,0.05,1.564049442039219,-7.632783294297951e-17,-0.05111535555002596,0.13212395181347195,2,True,0.03207357771323219
1997-10-31,rev_orth,mv,47,0.02178873194886489,1.1802917312715868,0.05,1.7447385659754533,1.3877787807814457e-17,-0.025976008821014855,0.08677910677778158,0,True,-0.012118447598236366
1997-10-31,rev_orth,diag,47,0.02178873194886489,2.012438796566067,0.049999999999999996,1.6947657177227098,5.551115123125783e-17,-0.0472668559527366,0.07458273581016836,0,True,-0.002957793450979449
1997-11-30,rev_orth,mv,47,0.022278726667339106,1.213215046917488,0.049999999999999996,1.6788563057221413,-2.42861286636753e-17,-0.03088081781439372,0.0861013679547275,0,True,-0.004461164121937233
1997-11-30,rev_orth,diag,47,0.022278726667339106,2.0281588392634258,0.05,1.6170561724681212,6.591949208711867e-17,-0.04107455860641255,0.09224378072912244,0,True,0.009717613521447068
1997-12-31,rev_orth,mv,47,0.023499470282704847,1.3951844553327968,0.049999999999999996,1.8515288806519286,1.734723475976807e-17,0.018278571732672277,0.08396120735410668,0,True,0.012700286241188935
1997-12-31,rev_orth,diag,47,0.023499470282704847,1.9862756368819752,0.05,1.9011302808572073,1.0928757898653885e-16,0.005183697484341906,0.07353067348149887,0,True,0.0048652354234036
1998-01-31,rev_orth,mv,47,0.02342703589070487,1.0053326131775986,0.05,1.7377779528815942,2.0816681711721685e-17,0.05995731788651948,0.10000000003167077,1,True,-0.015416294557328802
1998-01-31,rev_orth,diag,47,0.02342703589070487,1.5491357929986065,0.05000000000000002,1.7771095373095251,9.71445146547012e-17,0.06977522564162014,0.0832049999810037,0,True,-0.012469752449508698
1998-02-28,rev_orth,mv,47,0.022593591829132655,1.2073899140459396,0.05,1.7431463065939956,6.938893903907228e-18,0.01808933910294373,0.07380627129542848,0,True,0.011477848741218788
1998-02-28,rev_orth,diag,47,0.022593591829132655,2.0384919569268134,0.049999999999999996,1.7155221991442875,3.729655473350135e-17,0.028714543349941023,0.05973715696631063,0,True,0.005313105329017694
1998-03-31,rev_orth,mv,47,0.023217582316332197,1.2759557250842006,0.05000000000000001,1.8875554569777457,4.163336342344337e-17,0.03094872744679319,0.08443371047329797,0,True,-0.04081304630577745
1998-03-31,rev_orth,diag,47,0.023217582316332197,2.043010067958475,0.05,1.7628113595977504,-4.85722573273506e-17,0.006318544919947532,0.05759183959611447,0,True,-0.03427651685482147
1998-04-30,rev_orth,mv,47,0.020400349225122943,1.1816053717614923,0.05000000000000001,1.8044427212835188,3.469446951953614e-18,0.04954418699375006,0.07259739419037271,0,True,-0.0038606813777897126
1998-04-30,rev_orth,diag,47,0.020400349225122943,1.5982508847756984,0.05,1.8035672684994035,-1.734723475976807e-17,0.07488211193402422,0.06592379481632031,0,True,-0.004743373950276048
1998-05-31,rev_orth,mv,47,0.01951183293515788,1.1193317272836565,0.05,1.837636488175009,3.469446951953614e-17,0.05301923771019341,0.059833353256391476,0,True,0.02139997468658097
1998-05-31,rev_orth,diag,47,0.01951183293515788,1.6819645194858324,0.049999999999999996,1.8410768962236677,1.3877787807814457e-17,0.04623774097740917,0.06393596940919097,0,True,0.0315542857670761
1998-06-30,rev_orth,mv,47,0.020141922905548042,1.0215926162001538,0.05,1.6912571852372882,-6.938893903907228e-17,0.04465683795866513,0.08403484235141921,0,True,0.0057236675525507335
1998-06-30,rev_orth,diag,47,0.020141922905548042,1.703608161630477,0.05000000000000001,1.598330329542096,-6.591949208711867e-17,0.01974781659451775,0.11042069015924086,1,True,0.009628287131560578
1998-07-31,rev_orth,mv,47,0.02040126224445276,1.0441011058726928,0.04999999999999999,1.8098584403942253,3.469446951953614e-17,0.02662752306423704,0.08642426934418958,0,True,-0.010719391155661824
1998-07-31,rev_orth,diag,47,0.02040126224445276,1.7571123620588998,0.05000000000000002,1.717842245285441,-4.163336342344337e-17,0.0034152981043761746,0.07780740498763948,0,True,-0.014035840893026418
1998-08-31,rev_orth,mv,47,0.019946225925625876,1.002903338282427,0.05,1.7211352952991956,-1.3877787807814457e-17,-0.004193168222444968,0.07105361839261357,0,True,0.014686388607776433
1998-08-31,rev_orth,diag,47,0.019946225925625876,1.8270860362906909,0.05,1.6745444676942691,4.85722573273506e-17,0.006603368464042373,0.06945727884200775,0,True,0.01452478604885668
1998-09-30,rev_orth,mv,48,0.019999468327502087,0.9234441126511722,0.05,1.4114910137522436,-5.551115123125783e-17,-0.011431102102223312,0.10000000000612684,2,True,-0.022376120978136654
1998-09-30,rev_orth,diag,48,0.019999468327502087,1.6409854151703898,0.05000000000000001,1.431889346577738,-8.326672684688674e-17,0.008418624811331099,0.09520260753316048,0,True,-0.02590523767319896
1998-10-31,rev_orth,mv,48,0.01883087722615013,0.9426454347204868,0.05000000000000001,1.467899443455271,0.0,-0.025371697328041287,0.10000000000721541,1,True,0.0015367182272530908
1998-10-31,rev_orth,diag,48,0.01883087722615013,1.6575485599568776,0.05,1.4262302573289198,-1.1102230246251565e-16,-0.02001554330082625,0.09585297795995128,0,True,0.0047556164963614474
1998-11-30,rev_orth,mv,48,0.018886808697798362,0.952228984236631,0.05,1.5996680904718232,0.0,0.0359748965767466,0.0744017505523004,0,True,0.022248914970102437
1998-11-30,rev_orth,diag,48,0.018886808697798362,1.7294974312542917,0.05,1.5199373600064736,0.0,0.08671982419701948,0.05888884044459959,0,True,0.029070902475748294
1998-12-31,rev_orth,mv,48,0.02038512430168127,0.9945472661728311,0.05,1.4794107181312404,0.0,0.007194525066946775,0.10000000002332192,1,True,0.02283799068811125
1998-12-31,rev_orth,diag,48,0.02038512430168127,1.7038191982875395,0.049999999999999996,1.2962723995430774,5.551115123125783e-17,0.03413917977183037,0.09861489990035759,0,True,0.024002213705153944
1999-01-31,rev_orth,mv,47,0.02119812457754616,0.9309226162051732,0.05,1.441374204149318,-4.85722573273506e-17,0.05532730128508869,0.09891613436600397,0,True,-0.01802410685632431
1999-01-31,rev_orth,diag,47,0.02119812457754616,1.3536875431624065,0.05000000000000001,1.334889941042088,2.0816681711721685e-17,0.1026941616541048,0.08507584647159491,0,True,-0.024696992325286153
1999-02-28,rev_orth,mv,47,0.020003251472606468,1.0196271821366487,0.05,1.4237105769081415,-5.2475385148298415e-17,0.03590231364393198,0.10000000002253971,1,True,-0.02007735678642209
1999-02-28,rev_orth,diag,47,0.020003251472606468,1.618830245558685,0.05,1.4537028614940857,-1.9081958235744878e-17,0.10169488026960101,0.07481569422285843,0,True,-0.01487780093795189
1999-03-31,rev_orth,mv,47,0.019599902096528284,0.978985343508046,0.05,1.6084375278938678,-5.898059818321144e-17,0.014621013700049952,0.0731274199235133,0,True,-0.024913996083054786
1999-03-31,rev_orth,diag,47,0.019599902096528284,1.6305511034314368,0.05,1.4581039151411932,-5.551115123125783e-17,0.02754248195194277,0.06827774354447046,0,True,-0.04255264065415142
1999-04-30,rev_orth,mv,47,0.018443903512986148,0.8776794312544164,0.04999999999999999,1.495013750411023,-7.28583859910259e-17,-0.012972096591651943,0.07522537346751146,0,True,-0.010045336007784523
1999-04-30,rev_orth,diag,47,0.018443903512986148,1.540393616190161,0.05,1.445133518503581,6.245004513516506e-17,-0.018292993584282862,0.08574885764274914,0,True,-0.008572970528332466
1999-05-31,rev_orth,mv,47,0.016815281975555593,0.9399811990483223,0.05,1.5291316262825263,4.85722573273506e-17,0.02591569397473223,0.06306955785033529,0,True,0.029037863242363075
1999-05-31,rev_orth,diag,47,0.016815281975555593,1.4090525373552758,0.05,1.4987783061573572,2.7755575615628914e-17,0.04725450113573383,0.06104620859548326,0,True,0.029304000505169927
1999-06-30,rev_orth,mv,47,0.017455374655594526,0.6841005989812984,0.05,1.383599968743162,4.9439619065339e-17,0.04585744641290434,0.10000000002734075,1,True,0.00368395959146325
1999-06-30,rev_orth,diag,47,0.017455374655594526,1.1424235269214555,0.05,1.3621595941803164,-4.2500725161431774e-17,0.07834264622492426,0.08462735172256591,0,True,-0.001246968767096882
1999-07-31,rev_orth,mv,47,0.01707594064917913,0.9890551350695578,0.05,1.459692293819457,1.3877787807814457e-17,-0.013563748146622359,0.07604712310969622,0,True,-0.007047881386265106
1999-07-31,rev_orth,diag,47,0.01707594064917913,1.4005833449463914,0.05000000000000001,1.371968844668651,6.938893903907228e-17,-0.037363779162186285,0.08294511810954072,0,True,-0.01749786617004627
1999-08-31,rev_orth,mv,47,0.01546389311730778,0.7262195441848699,0.05,1.3885872430464161,-1.3877787807814457e-17,-0.01371392757521156,0.06478174406842425,0,True,0.0027076789101104764
1999-08-31,rev_orth,diag,47,0.01546389311730778,1.1639866311990656,0.05,1.3152953746643892,1.1102230246251565e-16,-0.009645738764616316,0.06914423132539747,0,True,-0.0046485335129300195
1999-09-30,rev_orth,mv,47,0.015418736940531606,0.6795262089542675,0.05,1.403094321380285,-3.469446951953614e-17,-0.06071009579056915,0.07997767901438389,0,True,-0.028071027307263414
1999-09-30,rev_orth,diag,47,0.015418736940531606,0.8946521224885821,0.05000000000000002,1.4208680869844401,0.0,-0.09393823754380068,0.0706013346620462,0,True,-0.031200441487655335
1999-10-31,rev_orth,mv,47,0.013782612078447033,0.7587255373485936,0.05,1.5616872476119066,-1.3877787807814457e-17,-0.023925529431370333,0.07605093679304299,0,True,-0.019994228005812766
1999-10-31,rev_orth,diag,47,0.013782612078447033,1.100597693829994,0.05000000000000002,1.4579968327276294,2.7755575615628914e-17,-0.028699415228790093,0.09072983889488827,0,True,-0.025143156301291863
1999-11-30,rev_orth,mv,46,0.013246206665532514,0.7482844747284789,0.05,1.588786946224051,1.5265566588595902e-16,0.007076631614155198,0.06318039294003583,0,True,-0.012482573331292567
1999-11-30,rev_orth,diag,46,0.013246206665532514,1.0542843342608905,0.05000000000000001,1.5307826615667546,0.0,0.013076550794067004,0.07517119189207586,0,True,-0.006244819214263637
1999-12-31,rev_orth,mv,47,0.012948604010882579,0.7509698188856082,0.05,1.5918941967988072,4.163336342344337e-17,-0.005260306822954922,0.05806875469454575,0,True,-0.009830128477919874
1999-12-31,rev_orth,diag,47,0.012948604010882579,1.032764424251203,0.05000000000000002,1.4507626318802773,-8.326672684688674e-17,-0.024428030517096355,0.06322731573467472,0,True,-0.008196806313821315
2000-01-31,rev_orth,mv,47,0.012422483952624979,0.570670201009153,0.05000000000000002,1.3917361267811252,6.938893903907228e-18,0.06877361659959315,0.09999999999361137,1,True,0.00909753648514813
2000-01-31,rev_orth,diag,47,0.012422483952624979,0.892635040667966,0.05,1.22434489350656,-4.163336342344337e-17,0.12480155364249486,0.12473401106594952,2,True,0.01773496703970195
2000-02-29,rev_orth,mv,47,0.013050208920028866,0.6981565998562809,0.05000000000000001,1.4901182448723072,-2.7755575615628914e-17,-0.02349306708210061,0.06537958918803446,0,True,0.012410913643308236
2000-02-29,rev_orth,diag,47,0.013050208920028866,1.0256610271592521,0.05000000000000001,1.3904779992547234,-6.245004513516506e-17,0.011911323910526742,0.07279801641480994,0,True,0.012073320809456795
2000-03-31,rev_orth,mv,47,0.014017936828444197,0.8185386827345235,0.04999999999999999,1.422170305782439,-2.0816681711721685e-17,-0.0008545177470495703,0.0958482351783065,0,True,-0.013360248909901151
2000-03-31,rev_orth,diag,47,0.014017936828444197,1.0610311153023504,0.05000000000000001,1.260972446799995,-2.0816681711721685e-17,0.04197208776838974,0.11293724373258811,1,True,-0.017234364112271416
2000-04-30,rev_orth,mv,45,0.013503444632331774,0.6865783520691624,0.05000000000000001,1.4003472477709284,0.0,0.03223536168977391,0.0827833875516089,0,True,0.00504664335778306
2000-04-30,rev_orth,diag,45,0.013503444632331774,0.9577728420772743,0.04999999999999999,1.2420777586129126,6.938893903907228e-17,0.07004348810710802,0.08202862949055628,0,True,-0.0010273449752789146
2000-05-31,rev_orth,mv,45,0.013268230144762748,0.7574979174586772,0.049999999999999996,1.5321945132670256,-2.0816681711721685e-17,0.010439835133217909,0.07302452351090506,0,True,0.0037910544205301665
2000-05-31,rev_orth,diag,45,0.013268230144762748,1.0086105198594781,0.049999999999999996,1.430445696905616,-4.85722573273506e-17,0.040005959610231005,0.06909113996726125,0,True,-0.004437902869357985
2000-06-30,rev_orth,mv,45,0.013034134167268356,0.7392196565917204,0.05,1.5420419930345275,3.903127820947816e-17,-0.04197304722473734,0.08107141633608794,0,True,-0.0010338385549476803
2000-06-30,rev_orth,diag,45,0.013034134167268356,0.8946910654265966,0.04999999999999999,1.4867006269093783,6.418476861114186e-17,-0.06731357114546885,0.07833943070452506,0,True,-0.002401405315389426
2000-07-31,rev_orth,mv,45,0.012856389626255446,0.7112556310431081,0.05,1.4791077074575032,-2.6020852139652106e-18,-0.013196827854389031,0.07122892394600988,0,True,0.019640762673020926
2000-07-31,rev_orth,diag,45,0.012856389626255446,0.9257029885760722,0.05000000000000001,1.340029756508252,1.9081958235744878e-17,-0.0040814087065637805,0.09037130205334169,0,True,0.01307226449212721
2000-08-31,rev_orth,mv,45,0.013578152713583072,0.6884508426411001,0.049999999999999996,1.5246703048040544,2.949029909160572e-17,0.007996571212219552,0.07273117181812483,0,True,0.005309124223063186
2000-08-31,rev_orth,diag,45,0.013578152713583072,0.9781177004579046,0.05000000000000001,1.3171700104092339,5.204170427930421e-18,0.02153896089938588,0.09069506098985983,0,True,0.015317814809899475
2000-09-30,rev_orth,mv,45,0.014543127499067825,0.7445641209239124,0.04999999999999999,1.521530957892805,-1.0408340855860843e-17,-0.04639857848113667,0.09591156108908912,0,True,-0.009491654755991343
2000-09-30,rev_orth,diag,45,0.014543127499067825,1.030400896158053,0.05000000000000001,1.3259157412312286,-1.3877787807814457e-17,-0.07090054433327826,0.09733736260681386,0,True,-0.009031279456226742
2000-10-31,rev_orth,mv,45,0.014255654886316485,0.8269433374073782,0.05,1.367848413673308,4.553649124439119e-18,-0.010260017694326202,0.07080144546088234,0,True,0.009900921603782198
2000-10-31,rev_orth,diag,45,0.014255654886316485,1.0666020629574897,0.05,1.17027094120945,2.2497195079074217e-17,-0.04339840765777519,0.08530348490273812,0,True,0.01595288850914269
2000-11-30,rev_orth,mv,45,0.015277672561945359,0.8144003065393624,0.04999999999999999,1.5042815630952089,-2.0816681711721685e-17,-0.04004035151607127,0.06923138288887587,0,True,-0.01424531966395673
2000-11-30,rev_orth,diag,45,0.015277672561945359,1.1226101875423475,0.05,1.3230992496523053,1.3010426069826053e-17,-0.04756360382527771,0.08005861606639397,0,True,-0.024199241210606987
2000-12-31,rev_orth,mv,45,0.014460975519994897,0.6878217010755323,0.05000000000000001,1.3771802536215856,-3.382710778154774e-17,-0.0364022719813464,0.08502355307829582,0,True,-0.012016902092985535
2000-12-31,rev_orth,diag,45,0.014460975519994897,0.951806813559626,0.04999999999999999,1.1640303594612897,-8.68445940160889e-17,-0.05763422287782189,0.10473459607896153,1,True,-0.01126311159563975
2001-01-31,rev_orth,mv,45,0.014391833828489653,0.7103691753653169,0.05000000000000002,1.5053036910982798,-6.895525817007808e-17,-0.0536193581371733,0.06696507939867664,0,True,0.00717495629362054
2001-01-31,rev_orth,diag,45,0.014391833828489653,1.1624909835063622,0.05,1.1551131599925186,1.734723475976807e-17,-0.07640618128191651,0.0991949017784557,0,True,-0.0027669889614923434
2001-02-28,rev_orth,mv,44,0.015139863333661966,0.8356959615646625,0.05,1.3661647725365818,5.724587470723463e-17,-0.03907570952964096,0.07516366903771775,0,True,-0.004111464274719212
2001-02-28,rev_orth,diag,44,0.015139863333661966,1.2964342042302095,0.05,1.128221368315476,3.469446951953614e-18,-0.022145992501323573,0.07577734299094369,0,True,-0.010108626582476635
2001-03-31,rev_orth,mv,45,0.014164905775635419,0.749697069523564,0.049999999999999996,1.3607196715471848,3.469446951953614e-17,-0.025921484040834827,0.07120996262550695,0,True,-0.0023902289963884703
2001-03-31,rev_orth,diag,45,0.014164905775635419,0.9657313809920822,0.049999999999999996,1.288171446694874,-1.734723475976807e-17,-0.010794446096007585,0.07067116089979018,0,True,-0.0019265868178064303
2001-04-30,rev_orth,mv,45,0.014162873281707497,0.6537247555385772,0.05000000000000001,1.380607380883761,-4.8138576458356397e-17,-0.02219815280862916,0.09999999998286632,1,True,0.011805049247767856
2001-04-30,rev_orth,diag,45,0.014162873281707497,1.0682179355404164,0.05000000000000001,1.1998278000294043,-7.28583859910259e-17,-0.02431833250292849,0.0954325085151578,0,True,0.007010222735444106
2001-05-31,rev_orth,mv,45,0.014427388750363786,0.7871902440421036,0.05,1.3245428621489157,3.903127820947816e-18,0.01232079975970383,0.0961965455874292,0,True,0.002256202590638447
2001-05-31,rev_orth,diag,45,0.014427388750363786,1.2497174486860585,0.05,1.1438551537952342,-3.122502256758253e-17,0.012565791757347648,0.07640221856523453,0,True,0.0025733030868864545
2001-06-30,rev_orth,mv,45,0.014232432870254866,0.8001922105312093,0.04999999999999999,1.4187174574558898,1.6479873021779667e-17,0.005465822463574824,0.09376060789208458,0,True,0.000295550906087996
2001-06-30,rev_orth,diag,45,0.014232432870254866,1.1558804334286872,0.05,1.2746723786039678,3.469446951953614e-17,0.0016026792547190567,0.11163694625052539,1,True,-0.00534245456451065
2001-07-31,rev_orth,mv,45,0.013882731696586957,0.6507216046461015,0.05000000000000002,1.3389451002523713,0.0,-0.0116209586454054,0.07373536781749039,0,True,-0.011287050888234765
2001-07-31,rev_orth,diag,45,0.013882731696586957,1.0396668668114222,0.05,1.1453608673911482,-4.163336342344337e-17,-0.025565412511247266,0.07813762613119427,0,True,-0.011422986490518112
2001-08-31,rev_orth,mv,44,0.012595709965253955,0.6244255785071515,0.05,1.2774322784112009,1.5178830414797062e-17,0.01403329504021711,0.09999999996520878,1,True,0.017173769086825993
2001-08-31,rev_orth,diag,44,0.012595709965253955,1.0026771621086776,0.04999999999999999,1.1601036766092234,-2.0816681711721685e-17,-0.004176180096726308,0.1098277588251641,1,True,0.019954276303423155
2001-09-30,rev_orth,mv,43,0.013704724791538505,0.6296498779469086,0.05000000000000002,1.099176669097651,9.128982292327947e-17,-0.10715044448506636,0.09453345323586175,0,True,-4.109938238427622e-05
2001-09-30,rev_orth,diag,43,0.013704724791538505,1.090466500775802,0.05000000000000001,1.0054332350953283,-3.122502256758253e-17,-0.16711439883011442,0.08959428128356467,0,True,-0.011582197766887563
2001-10-31,rev_orth,mv,43,0.012742458490817638,0.6539336568655577,0.04999999999999999,1.5371559752046922,4.85722573273506e-17,-0.05433972351478952,0.06676071371704287,0,True,-0.016511275098283623
2001-10-31,rev_orth,diag,43,0.012742458490817638,0.9408153557750688,0.04999999999999999,1.3237480807322048,-2.42861286636753e-17,-0.10335338146991074,0.07730860085585654,0,True,-0.026311198823181975
2001-11-30,rev_orth,mv,43,0.01096516904749326,0.6209623782179445,0.05000000000000002,1.3650422267716615,2.7755575615628914e-17,-0.01901844131347851,0.07029049309345228,0,True,-0.008575963146607284
2001-11-30,rev_orth,diag,43,0.01096516904749326,0.9041634107279134,0.05,1.1830184906029124,4.163336342344337e-17,-0.08204568330463817,0.08831822579690475,0,True,-0.008084598322420315
2001-12-31,rev_orth,mv,42,0.010092119108394526,0.544163833916958,0.05,1.2432844446257005,3.469446951953614e-17,0.01324387661039475,0.0945395449901846,0,True,0.012314304872189557
2001-12-31,rev_orth,diag,42,0.010092119108394526,0.705989705292798,0.05000000000000001,1.158187828368436,-6.938893903907228e-18,-0.013778547827202461,0.10125319874500593,1,True,0.008727580398921329
2002-01-31,rev_orth,mv,43,0.010417277086171416,0.5620730446517358,0.05000000000000001,1.2215857261153475,2.0816681711721685e-17,0.06491228154989978,0.07983630957987609,0,True,-0.023608307245938057
2002-01-31,rev_orth,diag,43,0.010417277086171416,0.9137358681365755,0.05,1.0703660285118568,-2.970713952610282e-17,0.06080675005266589,0.09196761714964782,0,True,-0.018202670900454555
2002-02-28,rev_orth,mv,43,0.009176782939635017,0.513384775872333,0.05,1.4088702342819064,3.469446951953614e-17,0.04931268326860914,0.056266121627810944,0,True,-0.0010022616967809658
2002-02-28,rev_orth,diag,43,0.009176782939635017,0.7593484656280802,0.05000000000000001,1.1739524395391188,6.938893903907228e-17,0.032864416581373256,0.07611695222715603,0,True,-0.005064250035151481
2002-03-31,rev_orth,mv,43,0.008716586524166231,0.4638573462657389,0.05,1.2133790359843488,2.2551405187698492e-17,0.025285936582009273,0.09999999999024152,2,True,0.014027173691507619
2002-03-31,rev_orth,diag,43,0.008716586524166231,0.6378042206644206,0.05000000000000001,1.0485091545627263,-7.979727989493313e-17,-0.030076985439383388,0.12784353115531352,1,True,0.019664673550303588
2002-04-30,rev_orth,mv,42,0.009639639649699312,0.4996137533953354,0.049999999999999996,1.2890542687832653,4.336808689942018e-18,0.01383810388399138,0.08671809563094693,0,True,0.0002587246919374716
2002-04-30,rev_orth,diag,42,0.009639639649699312,0.6587627282394509,0.05,1.1633880523264557,6.158268339717665e-17,-0.02294977256186222,0.06643906088228653,0,True,0.00020248848621780695
2002-05-31,rev_orth,mv,42,0.009395385281844684,0.5122718443415565,0.05,1.2034927144093273,6.7220534694101275e-18,0.041504262117825416,0.10000000000844345,1,True,0.006284640994649532
2002-05-31,rev_orth,diag,42,0.009395385281844684,0.6045251641207908,0.049999999999999996,1.19577520007871,-8.326672684688674e-17,0.03633245120704085,0.059991666811180996,0,True,0.00904494329406522
2002-06-30,rev_orth,mv,42,0.009759478479000334,0.5320484252490367,0.049999999999999996,1.4635199312539564,-7.632783294297951e-17,-0.03162880972347736,0.1000000000096276,1,True,0.015573952344647595
2002-06-30,rev_orth,diag,42,0.009759478479000334,0.7434275653152426,0.05000000000000001,1.2261759628522613,-3.469446951953614e-18,-0.10443591800730828,0.0908475611256986,0,True,0.013346099118635595
2002-07-31,rev_orth,mv,42,0.01033076747545067,0.4822798877583735,0.05000000000000002,1.2655829660179696,-3.0791341698588326e-17,-0.03054686679750778,0.09999999999030348,1,True,-0.003451145919285747
2002-07-31,rev_orth,diag,42,0.01033076747545067,0.8681818471618454,0.05,1.0537189832625624,1.7049079162334557e-17,-0.08061058274323239,0.10360024905832682,1,True,-0.003352731195265001
2002-08-31,rev_orth,mv,42,0.00990889650160533,0.515308295319445,0.04999999999999999,1.3279168684076004,3.469446951953614e-17,-0.00031550501949024123,0.0811436169793618,0,True,0.00840728430827168
2002-08-31,rev_orth,diag,42,0.00990889650160533,0.7572731894549791,0.05000000000000002,1.2521546649187436,1.734723475976807e-17,-0.03253423373164966,0.07930347012457548,0,True,0.011468192069177941
2002-09-30,rev_orth,mv,42,0.01037165612792903,0.5404861692014867,0.05,1.3790363131807626,-1.3877787807814457e-17,-0.08641006294930885,0.09588659847945101,0,True,-0.023878972323650507
2002-09-30,rev_orth,diag,42,0.01037165612792903,0.946949207123959,0.05,1.093605280077839,1.5612511283791264e-17,-0.16633320836956286,0.07484983213251642,0,True,-0.02330621353082568
2002-10-31,rev_orth,mv,42,0.009021092827442796,0.44246972567233245,0.05,1.1947003600473654,-1.3877787807814457e-17,-0.06376240260793689,0.1000000000016029,1,True,-0.00012842993365528836
2002-10-31,rev_orth,diag,42,0.009021092827442796,0.7026575570919846,0.05,0.9996910358789786,-4.163336342344337e-17,-0.14825904307950472,0.10906320241712443,1,True,-0.02099023716950786
2002-11-30,rev_orth,mv,42,0.007552570491901638,0.43563484174406797,0.05000000000000002,1.2624075954920444,-1.2576745200831851e-16,-0.058431654482039644,0.08957635319170423,0,True,-0.0018671326746906869
2002-11-30,rev_orth,diag,42,0.007552570491901638,0.6164673122924266,0.05000000000000002,1.1637013752974106,1.8106176280507924e-17,-0.10751352901880924,0.07974751912679708,0,True,0.003281461957771942
2002-12-31,rev_orth,mv,43,0.008264809230068589,0.3750658825975677,0.05000000000000001,1.3001018592184896,-6.938893903907228e-18,-0.04490141579950408,0.10000000000716178,2,True,0.012393922526280793
2002-12-31,rev_orth,diag,43,0.008264809230068589,0.6167172817111737,0.05,1.1018907066542802,-4.423544863740858e-17,-0.10057262857735529,0.11678879453418911,2,True,0.013546330089485355
2003-01-31,rev_orth,mv,43,0.009674441567618007,0.5555913706180287,0.05,1.4019185444873221,0.0,-0.027767548481799895,0.06320081313425881,0,True,0.0021164149263540946
2003-01-31,rev_orth,diag,43,0.009674441567618007,0.8435978385822516,0.05,1.2282622426454295,-6.938893903907228e-18,-0.03823849189943275,0.09912341943008955,0,True,0.006322653814145569
2003-02-28,rev_orth,mv,42,0.010387382055300353,0.5750179418942921,0.05000000000000001,1.3385826327456125,-8.673617379884035e-18,-0.05728265051124833,0.08500484272922856,0,True,0.010150120567154171
2003-02-28,rev_orth,diag,42,0.010387382055300353,0.8230592221437616,0.05,1.2562016232490312,1.214306433183765e-17,-0.05594876011819469,0.09023535510994322,0,True,0.006448755750887185
2003-03-31,rev_orth,mv,42,0.010915149213046847,0.5754839284466176,0.05000000000000001,1.3336189010892485,4.163336342344337e-17,-0.05665304861385676,0.09999999999878373,1,True,-0.028042262651172503
2003-03-31,rev_orth,diag,42,0.010915149213046847,0.8459736875504033,0.04999999999999999,1.1465315116577404,-2.3852447794681098e-18,-0.08568967539097508,0.11377610397305515,2,True,-0.027670396202899097
2003-04-30,rev_orth,mv,41,0.009642447624571776,0.491509747781337,0.05000000000000001,1.3616587135529925,6.938893903907228e-18,0.019481178185024366,0.10000000000988397,1,True,-0.007593121764830257
2003-04-30,rev_orth,diag,41,0.009642447624571776,0.7677520262841314,0.04999999999999999,1.244363663354679,3.8163916471489756e-17,0.052973397861706135,0.1094420139773005,1,True,-0.0004967764028500203
2003-05-31,rev_orth,mv,42,0.00927552677458362,0.5417765281662323,0.05000000000000001,1.227109186315226,-6.245004513516506e-17,-0.010680067217984087,0.07520871599759874,0,True,-0.024005445454714613
2003-05-31,rev_orth,diag,42,0.00927552677458362,0.69745282636057,0.05,1.18951152265767,7.632783294297951e-17,-0.05134464079952025,0.0725958332797102,0,True,-0.023106056432762957
2003-06-30,rev_orth,mv,42,0.006645391891633824,0.3597302278454887,0.05,1.4095719443885126,-7.45931094670027e-17,0.012641829003579505,0.08254220127190645,0,True,-0.008099535133637191
2003-06-30,rev_orth,diag,42,0.006645391891633824,0.5168434265009769,0.05,1.2369890921548499,-2.7321894746634712e-17,-0.03995600148175493,0.07108323768508484,0,True,-0.01698889231827428
2003-07-31,rev_orth,mv,43,0.005921586608674343,0.3375975991393601,0.05,1.3463492155659402,-5.551115123125783e-17,0.04076816602901333,0.08961730379431819,0,True,0.0024904450417342857
2003-07-31,rev_orth,diag,43,0.005921586608674343,0.4621261612336048,0.05,1.248663709788273,1.1275702593849246e-17,0.03941474679320286,0.08936890386738791,0,True,0.0006936997023982513
2003-08-31,rev_orth,mv,43,0.005869975696643984,0.3335067386421213,0.05000000000000001,1.4251889502760673,2.7755575615628914e-17,-0.008713857810479541,0.07217452164703222,0,True,-0.009072792100478939
2003-08-31,rev_orth,diag,43,0.005869975696643984,0.47362428389997213,0.05,1.2717980800510136,-2.7755575615628914e-17,-0.03725092700427495,0.07556334045995255,0,True,-0.005271289914250058
2003-09-30,rev_orth,mv,42,0.005403190432690373,0.2938654824470071,0.04999999999999999,1.451961739700363,-1.3183898417423734e-16,-0.00041580730668274487,0.09999999999677557,2,True,0.00412530356523733
2003-09-30,rev_orth,diag,42,0.005403190432690373,0.39267306554186565,0.05000000000000001,1.313540502988911,-1.0408340855860843e-16,-0.048767491881527354,0.10874160563840775,1,True,0.003269024705667835
2003-10-31,rev_orth,mv,42,0.0059500619855145445,0.34266572140192175,0.05000000000000001,1.3104799471397341,-1.0408340855860843e-17,0.053855378608741004,0.07953008703033149,0,True,-0.003420680102042661
2003-10-31,rev_orth,diag,42,0.0059500619855145445,0.44844407242503853,0.049999999999999996,1.2478466989685342,-9.194034422677078e-17,0.07556860366478556,0.08186504010540673,0,True,-0.00650540215140292
2003-11-30,rev_orth,mv,41,0.005655185595008463,0.3077404387012391,0.05000000000000001,1.4939750478276308,2.7755575615628914e-17,0.0028281704822730913,0.06734747892776342,0,True,-0.016694698804479633
2003-11-30,rev_orth,diag,41,0.005655185595008463,0.4621386803908603,0.05,1.3797812247714436,6.245004513516506e-17,0.006726532246176378,0.07342600734998425,0,True,-0.016040273980543994
2003-12-31,rev_orth,mv,41,0.00424882420395461,0.2221601596273013,0.049999999999999996,1.2871210473539885,2.42861286636753e-17,0.004510129421650242,0.0880259694879773,0,True,-0.0029370745094971368
2003-12-31,rev_orth,diag,41,0.00424882420395461,0.2709070433097939,0.05,1.2162219153559986,8.59772322781005e-17,0.012341615565066799,0.10344728410077297,1,True,-0.0030410696581887834
2004-01-31,rev_orth,mv,41,0.0034182563091487463,0.16940843456946084,0.049999999999999996,1.4995638099272466,3.469446951953614e-17,-0.016169135525653168,0.09999999995486838,1,True,0.00726266428345312
2004-01-31,rev_orth,diag,41,0.0034182563091487463,0.21796082751417525,0.05,1.3692909404701155,6.245004513516506e-17,-0.058003782672998126,0.12336657192939453,1,True,0.008333487147204558
2004-02-29,rev_orth,mv,43,0.0041561428239846,0.22283176904716312,0.05000000000000001,1.4630379111262304,-6.548581121812447e-17,0.04840408495086299,0.09999999999622974,1,True,0.006620454384605968
2004-02-29,rev_orth,diag,43,0.0041561428239846,0.2639376017232881,0.049999999999999996,1.3142704066710549,2.905661822261152e-17,0.10312514792067558,0.071632521711584,0,True,0.003042714892333391
2004-03-31,rev_orth,mv,42,0.0043796914840633725,0.25349185160085635,0.049999999999999996,1.4757360747245019,-7.979727989493313e-17,-0.03196576685744258,0.1000000000097585,1,True,0.005790661150414842
2004-03-31,rev_orth,diag,42,0.0043796914840633725,0.32681637944577613,0.05000000000000001,1.3713163597406428,3.8163916471489756e-17,-0.08230028167873243,0.09160837586868083,0,True,0.006902529808490287
2004-04-30,rev_orth,mv,42,0.004393005059595888,0.2641500918147668,0.049999999999999996,1.4091041693859774,1.240327285323417e-16,0.018061762374681756,0.09640823463974442,0,True,-0.006041058096533376
2004-04-30,rev_orth,diag,42,0.004393005059595888,0.3432149368519375,0.05,1.406585994403324,8.673617379884035e-17,-0.012505316421551805,0.0748894815655303,0,True,-0.00793759381036207
2004-05-31,rev_orth,mv,43,0.0036605104609073015,0.22870607873328724,0.05000000000000002,1.4460719800504642,-4.85722573273506e-17,0.009018841971864863,0.0959345678415393,0,True,0.010906734945028373
2004-05-31,rev_orth,diag,43,0.0036605104609073015,0.26458628515914023,0.05,1.3754668073806677,6.245004513516506e-17,0.060393849798117974,0.08895942847833295,0,True,0.01365330381465201
2004-06-30,rev_orth,mv,43,0.004819192147344545,0.25184864428808706,0.05000000000000001,1.3512554279503795,7.979727989493313e-17,0.011223822854263474,0.10000000005200257,2,True,0.024617692664138387
2004-06-30,rev_orth,diag,43,0.004819192147344545,0.3376359024697896,0.04999999999999999,1.2597350680111576,3.8163916471489756e-17,0.062374692856998,0.11578924418034027,1,True,0.022902233720382165
2004-07-31,rev_orth,mv,42,0.0055782089172286,0.3255761667847993,0.04999999999999999,1.4515640869847979,6.938893903907228e-18,-0.0014340194095791865,0.10000000000380224,2,True,-0.0050445679204096615
2004-07-31,rev_orth,diag,42,0.0055782089172286,0.41674514262112705,0.05,1.3411133796794457,9.020562075079397e-17,-0.03560849805947541,0.08256642333788851,0,True,0.001985233615264673
2004-08-31,rev_orth,mv,43,0.0060344884118774,0.34176844741775275,0.05000000000000001,1.4403287054965959,4.163336342344337e-17,0.029306676157639235,0.0927089725588904,0,True,0.008940428165419968
2004-08-31,rev_orth,diag,43,0.0060344884118774,0.4569936090237459,0.05000000000000001,1.3502611483982074,-4.85722573273506e-17,0.11543387903088778,0.0983339721234731,0,True,0.010676135653339532
2004-09-30,rev_orth,mv,43,0.006872149821292879,0.34623319911893335,0.05,1.4090030055023057,3.8163916471489756e-17,-0.028611617928684305,0.10000000000357025,1,True,-0.00723089248929759
2004-09-30,rev_orth,diag,43,0.006872149821292879,0.43174299762032364,0.05000000000000002,1.2442562185514339,-1.0451708942760263e-16,0.027658544804988035,0.10453006417278693,1,True,-0.004583595587542032
2004-10-31,rev_orth,mv,43,0.00621612044833726,0.35933082862172977,0.05,1.5523568933959957,8.847089727481716e-17,0.018715776127283926,0.09999999988371312,1,True,-0.0040208294663977625
2004-10-31,rev_orth,diag,43,0.00621612044833726,0.4706626756774443,0.05,1.4310704857533483,1.214306433183765e-17,0.09912093049990392,0.09641985106804088,0,True,-0.0014642720243559042
2004-11-30,rev_orth,mv,43,0.005839426001451447,0.32673782174203364,0.05,1.544002483114253,-6.938893903907228e-17,0.024290268943274098,0.10000000002313703,2,True,-0.02512018353645969
2004-11-30,rev_orth,diag,43,0.005839426001451447,0.43744634540409194,0.05,1.327222380105694,1.3877787807814457e-17,0.14548712434390307,0.1174323639052642,1,True,-0.02256155637873274
2004-12-31,rev_orth,mv,42,0.004789425787304501,0.2785166509772974,0.05,1.6336735753083729,1.3877787807814457e-17,0.03386767402464091,0.10000000000876633,1,True,-0.0003774159250845069
2004-12-31,rev_orth,diag,42,0.004789425787304501,0.3812681477526557,0.05000000000000002,1.4606560766614765,-6.071532165918825e-17,0.10954175233779168,0.07913650571007433,0,True,-0.0019067948174819717
2005-01-31,rev_orth,mv,42,0.004425413014400705,0.2636725871823702,0.05000000000000001,1.5415983637852735,5.551115123125783e-17,0.04402299815547733,0.06396407125021085,0,True,0.015030564043398281
2005-01-31,rev_orth,diag,42,0.004425413014400705,0.3541439449799816,0.05,1.282793554675165,2.7755575615628914e-17,0.12190784327565574,0.07165975447051356,0,True,0.014757708842538622
2005-02-28,rev_orth,mv,43,0.004586266565003755,0.26921420062595225,0.05000000000000002,1.6026023133014784,0.0,0.015834292695190533,0.09999999999010747,1,True,-0.006299667892852349
2005-02-28,rev_orth,diag,43,0.004586266565003755,0.34450376047163,0.05000000000000001,1.4951248363677045,-9.71445146547012e-17,0.0800632423028403,0.07575720646602892,0,True,-0.008632316844846949
2005-03-31,rev_orth,mv,43,0.003629313337378806,0.20242950072482033,0.04999999999999999,1.3831301975958739,1.3877787807814457e-17,0.018678385445839735,0.09999999996938592,1,True,0.002136813382225677
2005-03-31,rev_orth,diag,43,0.003629313337378806,0.2694567807129963,0.05,1.2485750720068358,4.85722573273506e-17,0.1122625605323954,0.08305917036401882,0,True,-0.003631126316287316
2005-04-30,rev_orth,mv,43,0.003119686885853572,0.17263941838602057,0.05000000000000002,1.5850911541167196,-4.163336342344337e-17,0.001135403347487434,0.08373869081964533,0,True,-0.01103146489282066
2005-04-30,rev_orth,diag,43,0.003119686885853572,0.20329708611626549,0.05000000000000001,1.5342568664946055,9.367506770274758e-17,0.029133248572672236,0.07068230190679942,0,True,-0.008750009290133288
2005-05-31,rev_orth,mv,43,0.002602787604475889,0.15570009987096067,0.049999999999999996,1.4855427818908526,5.551115123125783e-17,-0.002784677824685223,0.07010809465869929,0,True,0.0006359509664590105
2005-05-31,rev_orth,diag,43,0.002602787604475889,0.1709932985186737,0.05,1.4804219321851848,5.551115123125783e-17,-0.024366451195634103,0.07200574430802564,0,True,-0.0008623191089462993
2005-06-30,rev_orth,mv,43,0.0024479323233678697,0.1425712273378244,0.05,1.4126554822189807,-2.6020852139652106e-17,0.026726495888555316,0.09999999948255722,1,True,-0.0005495975033930188
2005-06-30,rev_orth,diag,43,0.0024479323233678697,0.20090993594437592,0.05,1.3187870027421418,-4.5102810375396984e-17,0.12265359680160837,0.07675355694933249,0,True,0.004824478713631904
2005-07-31,rev_orth,mv,44,0.0029413729802338392,0.1647486512528093,0.05,1.5418534840613853,-2.0166160408230382e-17,-0.022715187700023544,0.0976652750718621,0,True,0.00812765902013259
2005-07-31,rev_orth,diag,44,0.0029413729802338392,0.18743946847366708,0.05,1.563434558722461,-3.122502256758253e-17,-0.0774057394698215,0.07861812318184824,0,True,0.009386649648619703
2005-08-31,rev_orth,mv,43,0.0032892562054218327,0.19461830392753887,0.049999999999999996,1.5796970669880757,-2.0816681711721685e-17,0.04079989264612766,0.09999999997585168,1,True,-0.00040340597597855944
2005-08-31,rev_orth,diag,43,0.0032892562054218327,0.23431843526050317,0.05,1.4809190668812555,3.469446951953614e-17,0.07583415632102497,0.07285349749272103,0,True,0.007775872135054869
2005-09-30,rev_orth,mv,42,0.003744608911022918,0.1588606188172598,0.05,1.303254278031947,1.734723475976807e-17,0.0048848223503732,0.1000000000048825,2,True,-0.014846792478179507
2005-09-30,rev_orth,diag,42,0.003744608911022918,0.3149234932565202,0.05,1.1253897098670766,3.8163916471489756e-17,0.09567341609219047,0.13086048690283186,1,True,-0.014874418298115158
2005-10-31,rev_orth,mv,43,0.002270041255888669,0.13059006857500907,0.05000000000000002,1.5613716541916758,4.5102810375396984e-17,0.014064012538850467,0.09860935006836742,0,True,-0.0025709195566969083
2005-10-31,rev_orth,diag,43,0.002270041255888669,0.18130225803895164,0.05000000000000002,1.3838870294074215,-6.938893903907228e-17,0.0780733763738674,0.07803657643889626,0,True,-0.0003403794113851439
2005-11-30,rev_orth,mv,43,0.002296602561932522,0.13108160467054722,0.05000000000000001,1.53539963427449,7.676151381197371e-17,0.0556599191217135,0.10000000000997734,1,True,0.005856899440990705
2005-11-30,rev_orth,diag,43,0.002296602561932522,0.18123903442720515,0.05,1.4013133023663462,7.892991815694472e-17,0.13922887418551239,0.09918618729560316,0,True,0.004931549711997375
2005-12-31,rev_orth,mv,44,0.0024432776542752505,0.10395790594368712,0.05,1.4227695661830124,-2.2551405187698492e-17,0.03983612449580016,0.09999999987832828,2,True,0.012531775369959138
2005-12-31,rev_orth,diag,44,0.0024432776542752505,0.18795146300775795,0.05,1.1625858971708471,-1.3877787807814457e-17,0.12365303147169193,0.1408258789367124,2,True,0.018919222308107702
2006-01-31,rev_orth,mv,45,0.003442879728121845,0.19478790174104674,0.05000000000000001,1.4553096358036446,-1.734723475976807e-17,0.02177334915369207,0.07597258283743703,0,True,0.007277430039227851
2006-01-31,rev_orth,diag,45,0.003442879728121845,0.24884554050204769,0.05000000000000002,1.3859239709637372,4.163336342344337e-17,0.10489978961445069,0.07836224199716078,0,True,0.005915272997655887
2006-02-28,rev_orth,mv,43,0.0046061893371161814,0.24362853335916987,0.050000000000000024,1.7667979543145769,4.163336342344337e-17,0.02252752816475434,0.09999999999787657,1,True,0.010037441387110466
2006-02-28,rev_orth,diag,43,0.0046061893371161814,0.33424447820276315,0.04999999999999999,1.620691446637708,4.85722573273506e-17,0.11667796924494586,0.07174043223010397,0,True,0.011450841118595944
2006-03-31,rev_orth,mv,45,0.005611248715785717,0.2776348509043196,0.05,1.3400383869804176,4.163336342344337e-17,0.07220880570748107,0.0999999999296507,1,True,-0.009155770358558532
2006-03-31,rev_orth,diag,45,0.005611248715785717,0.4586435214625501,0.05000000000000002,1.3139931411279075,1.0408340855860843e-17,0.16044853734600545,0.08195546324998193,0,True,-0.00019806414330795369
2006-04-30,rev_orth,mv,45,0.005865665322904056,0.2522451128746424,0.05000000000000001,1.417216355714148,0.0,-0.009637932357559038,0.100000000513769,1,True,-0.0014401002480844177
2006-04-30,rev_orth,diag,45,0.005865665322904056,0.3979827226581502,0.05,1.2522677132063493,2.0816681711721685e-17,-0.05462788174971288,0.10370990261686473,1,True,0.0026003114891863435
2006-05-31,rev_orth,mv,46,0.006242139899551661,0.36516584343974756,0.05,1.676645295620006,-5.551115123125783e-17,-0.06914484016353241,0.07549294970294837,0,True,-0.004041067726843387
2006-05-31,rev_orth,diag,46,0.006242139899551661,0.48357074302317327,0.05000000000000001,1.467857620859328,8.326672684688674e-17,-0.13986489321904527,0.060304483769706894,0,True,-0.0005076397438095539
2006-06-30,rev_orth,mv,47,0.005849492069414735,0.27747294407938716,0.04999999999999999,1.4406394977253272,-1.214306433183765e-17,-0.05706439588962121,0.1000000000094723,1,True,0.021894313581572143
2006-06-30,rev_orth,diag,47,0.005849492069414735,0.3664826022466404,0.05000000000000002,1.224917690855586,-6.591949208711867e-17,-0.10616499968312204,0.12067270790682427,1,True,0.02175817777741906
2006-07-31,rev_orth,mv,46,0.00699032742525437,0.3942443840146116,0.049999999999999996,1.6031601707585954,-3.469446951953614e-17,-0.013055113229337865,0.08497520668996267,0,True,-0.008709926697227779
2006-07-31,rev_orth,diag,46,0.00699032742525437,0.4875888734241602,0.05000000000000002,1.3618067575591921,4.85722573273506e-17,-0.13494915275907557,0.07330581809662137,0,True,-0.0038569498769198186
2006-08-31,rev_orth,mv,46,0.006892375664837626,0.43103272913773416,0.05000000000000001,1.6564507011186167,-4.85722573273506e-17,-0.024491704249319093,0.08629579153345686,0,True,0.011611745080038396
2006-08-31,rev_orth,diag,46,0.006892375664837626,0.5132846112663055,0.049999999999999996,1.5175491592784893,2.7755575615628914e-17,-0.06679624392817456,0.05438608478488652,0,True,0.013629656315726138
2006-09-30,rev_orth,mv,45,0.007504203768301954,0.37039676584135983,0.05,1.7270806378982626,8.890457814381136e-17,0.014786248858072159,0.09358598737768695,0,True,-0.005569119763633203
2006-09-30,rev_orth,diag,45,0.007504203768301954,0.4667384746187262,0.04999999999999999,1.4556649763851446,1.734723475976807e-17,-0.0018750435993279153,0.11395825426514755,1,True,-0.007070234153964825
2006-10-31,rev_orth,mv,45,0.006728350832849775,0.33796520741206026,0.04999999999999998,1.5595159547047777,6.938893903907228e-18,-0.041781926140700525,0.07716172381647843,0,True,-0.0029460464713083213
2006-10-31,rev_orth,diag,45,0.006728350832849775,0.5809581229612724,0.049999999999999996,1.2283024082452554,-3.469446951953614e-18,-0.13521667754368205,0.07394546160552194,0,True,-0.011320986267334873
2006-11-30,rev_orth,mv,45,0.005808564762980154,0.3005090221614796,0.05000000000000001,1.6754072441962227,-1.3877787807814457e-17,-0.07051585893768599,0.07639778066860028,0,True,0.010743471085284798
2006-11-30,rev_orth,diag,45,0.005808564762980154,0.47073160470797737,0.04999999999999999,1.436271755689455,6.245004513516506e-17,-0.2071927844291266,0.07522893104809351,0,True,0.010839475977269492
2006-12-31,rev_orth,mv,46,0.006703735511688421,0.3965130926419612,0.049999999999999996,1.7487299571847188,-5.551115123125783e-17,-0.03557191271835121,0.10000000053080578,1,True,-0.0034700187446355486
2006-12-31,rev_orth,diag,46,0.006703735511688421,0.5373034713035405,0.05000000000000001,1.4987965366079359,1.3010426069826053e-17,-0.11949097522014153,0.07270755933519285,0,True,-0.0077661422183615825
2007-01-31,rev_orth,mv,47,0.006250601597616742,0.3105641151212986,0.04999999999999999,1.636962767204502,1.3877787807814457e-17,-0.004893030180685078,0.10000000013338628,1,True,-0.005233122091558648
2007-01-31,rev_orth,diag,47,0.006250601597616742,0.42499673108334374,0.05,1.521756275615027,9.194034422677078e-17,0.01842696826706264,0.10045898767803514,1,True,-0.0065448111590781155
2007-02-28,rev_orth,mv,47,0.00564728530289263,0.31405039189070794,0.049999999999999996,1.6905415605086194,-1.734723475976807e-17,-0.05141208623072838,0.07573218189424165,0,True,0.00156347142604969
2007-02-28,rev_orth,diag,47,0.00564728530289263,0.43110538894546285,0.05,1.602371952605275,-1.5612511283791264e-17,-0.10554281304620028,0.06503832204769455,0,True,0.0021471786901491267
2007-03-31,rev_orth,mv,46,0.005645834922818941,0.32632023190181036,0.05000000000000002,1.6176552499311,-1.0408340855860843e-17,0.0015006704090980792,0.08723207206648012,0,True,0.0008181980453295782
2007-03-31,rev_orth,diag,46,0.005645834922818941,0.378605546034768,0.05,1.598125655843505,5.377642775528102e-17,-0.043312249410720975,0.0583506682832579,0,True,-0.0003765647395420605
2007-04-30,rev_orth,mv,46,0.005832807629444602,0.33656091067355043,0.05000000000000001,1.784665506839674,4.163336342344337e-17,0.021192604107259615,0.09999999992457555,1,True,-0.0003696264748434874
2007-04-30,rev_orth,diag,46,0.005832807629444602,0.4165448351504089,0.05,1.615941402608675,6.938893903907228e-17,0.0113235754118878,0.09329858580838722,0,True,-0.003659992297862629
2007-05-31,rev_orth,mv,46,0.005908615937397718,0.3346489006706536,0.05000000000000002,1.791768197238053,-1.3877787807814457e-17,0.018897969162359946,0.09228727863973968,0,True,0.0029546607381225327
2007-05-31,rev_orth,diag,46,0.005908615937397718,0.4783513362457285,0.05,1.6878602061173709,-1.0408340855860843e-16,0.10270665632823625,0.05692282013591931,0,True,0.009958208761743576
2007-06-30,rev_orth,mv,47,0.006817222473998736,0.4032054919876586,0.05,1.7017164863245795,1.5265566588595902e-16,0.00513015395463414,0.08160025282123501,0,True,0.004498225276011622
2007-06-30,rev_orth,diag,47,0.006817222473998736,0.5571019311694285,0.05,1.411628842671769,8.239936510889834e-17,0.08841961760303174,0.08391170675540986,0,True,0.012318683653445031
2007-07-31,rev_orth,mv,47,0.007130532986016229,0.39293517992257054,0.04999999999999999,1.7374065241661405,-6.938893903907228e-18,-0.007692503481257094,0.07605536348365059,0,True,0.00463699819568471
2007-07-31,rev_orth,diag,47,0.007130532986016229,0.5681648813134699,0.05000000000000001,1.4992315426915885,-1.8388068845354155e-16,-0.07787461122313898,0.11342288147000217,1,True,0.004939374434499618
2007-08-31,rev_orth,mv,48,0.00757553019330144,0.44463067613146573,0.05,1.6916487219474483,8.326672684688674e-17,-0.06363220158961558,0.08526958239391728,0,True,0.002602460725528527
2007-08-31,rev_orth,diag,48,0.00757553019330144,0.6289042416562559,0.05,1.5087273001095254,-6.938893903907228e-18,-0.14488231421073186,0.10169112366682784,1,True,0.012280235332515954
2007-09-30,rev_orth,mv,48,0.008168888464273726,0.5131479253201122,0.05,1.5934618026101615,-5.551115123125783e-17,-0.0628942007765752,0.08724942008628482,0,True,0.005319164099651118
2007-09-30,rev_orth,diag,48,0.008168888464273726,0.6508909064640515,0.05000000000000002,1.463554542538828,0.0,-0.11190136389329418,0.06886338793298825,0,True,0.00998070530301054
2007-10-31,rev_orth,mv,48,0.008230622901736833,0.5226102046889913,0.049999999999999996,1.68684031166464,0.0,-0.0046394687122290335,0.09899090279578557,0,True,0.014356173329913253
2007-10-31,rev_orth,diag,48,0.008230622901736833,0.6638080482435668,0.05,1.6251589470701893,-5.551115123125783e-17,-0.07129955143030547,0.07704715144522103,0,True,0.01895955126656417
2007-11-30,rev_orth,mv,48,0.008679396914750935,0.49807152481923744,0.05,1.594780992868181,0.0,-0.09246501480595999,0.07360290651965908,0,True,0.009864490255389177
2007-11-30,rev_orth,diag,48,0.008679396914750935,0.7705506746888761,0.05,1.3648836596697778,2.7755575615628914e-17,-0.1483113877449865,0.07140685169784433,0,True,0.0097841743845965
2007-12-31,rev_orth,mv,48,0.009314949512398793,0.4991791946185948,0.05000000000000001,1.6346697738670009,-5.551115123125783e-17,0.001961400781893219,0.09999999989956591,1,True,-0.039327971443910946
2007-12-31,rev_orth,diag,48,0.009314949512398793,0.700948869924582,0.049999999999999996,1.4689344447701964,0.0,0.05845059109841755,0.10425389023356728,2,True,-0.03987293546929753
2008-01-31,rev_orth,mv,48,0.007995856695960476,0.47993314445635277,0.05,1.7744401652054278,-2.7755575615628914e-17,-0.053257122102376875,0.09449914493698897,0,True,0.024415069234070153
2008-01-31,rev_orth,diag,48,0.007995856695960476,0.6740926270344024,0.05,1.5694219314223363,2.7755575615628914e-17,-0.15959509143319162,0.10570703596291756,1,True,0.020516573476473274
2008-02-29,rev_orth,mv,48,0.00815529996204416,0.48343810739515075,0.049999999999999996,1.7688760786456328,6.938893903907228e-18,-0.05170505213988652,0.10000000000973616,1,True,0.000598465794322621
2008-02-29,rev_orth,diag,48,0.00815529996204416,0.6173914307123916,0.05,1.6783440984706974,-9.71445146547012e-17,-0.06679302415271447,0.06965851087312282,0,True,0.005560679840688215
2008-03-31,rev_orth,mv,48,0.008592981097671775,0.49044099122016865,0.05000000000000001,1.6806203681490637,6.938893903907228e-17,0.0099456949882058,0.08408840120490182,0,True,-0.024769915082266312
2008-03-31,rev_orth,diag,48,0.008592981097671775,0.6773505997105947,0.05000000000000001,1.4705727845267247,-2.7755575615628914e-17,0.07589443037667558,0.08917744317979262,0,True,-0.017892961425687512
2008-04-30,rev_orth,mv,48,0.007922919084950426,0.458092177044271,0.05,1.7322291268703252,1.1102230246251565e-16,-0.004415839941627392,0.07976180256399076,0,True,-0.012459648206910048
2008-04-30,rev_orth,diag,48,0.007922919084950426,0.5777917566626686,0.04999999999999999,1.674202221979119,5.551115123125783e-17,-0.00691321981095494,0.09537218358444842,0,True,-0.006068054085780615
2008-05-31,rev_orth,mv,48,0.007795176973758876,0.3907471064369795,0.05,1.8467092077430434,-2.7755575615628914e-17,0.017903424281481298,0.0719214551894603,0,True,-0.012493340466770846
2008-05-31,rev_orth,diag,48,0.007795176973758876,0.5226152464367559,0.05,1.7305376187043577,5.551115123125783e-17,0.12328400902941256,0.0657537849854403,0,True,-0.005546290795857384
2008-06-30,rev_orth,mv,48,0.007690941929105206,0.418069915334991,0.05,1.6139561121264685,0.0,0.02225969484468667,0.09069475109360614,0,True,-0.021009753776722137
2008-06-30,rev_orth,diag,48,0.007690941929105206,0.6228693003874164,0.049999999999999996,1.5235169696850224,-5.551115123125783e-17,0.045861411327194374,0.1004251222519773,1,True,-0.02491941171171941
2008-07-31,rev_orth,mv,48,0.0070774001731120535,0.3730533188358829,0.05,1.6620583419422377,5.551115123125783e-17,-0.06682074497511734,0.10000000001232329,1,True,-0.00501557394856839
2008-07-31,rev_orth,diag,48,0.0070774001731120535,0.5151436574496926,0.05,1.5082348166514152,5.551115123125783e-17,-0.14083146700237367,0.09306665444836297,0,True,-0.004202448862590146
2008-08-31,rev_orth,mv,47,0.0073373940471361376,0.4821427412922723,0.05000000000000002,1.5308407297283484,-4.85722573273506e-17,0.010318098855984541,0.06906787198142145,0,True,-0.005746082880399707
2008-08-31,rev_orth,diag,47,0.0073373940471361376,0.5581798637681243,0.049999999999999996,1.5280377030893575,1.3877787807814457e-17,-0.05600212708123234,0.06300604253643034,0,True,0.010195186492785871
2008-09-30,rev_orth,mv,47,0.007566033664323684,0.44500472207651603,0.05000000000000002,1.424471306235576,-2.2551405187698492e-17,-0.015589687504024174,0.08955205406870495,0,True,0.01749159780511912
2008-09-30,rev_orth,diag,47,0.007566033664323684,0.7212371043846194,0.05000000000000001,1.293405473151755,6.830473686658678e-17,-0.0662773683737584,0.07347733541356939,0,True,0.026656742524921277
2008-10-31,rev_orth,mv,47,0.008121306130068092,0.4566181639759887,0.04999999999999999,1.4933759105179139,6.938893903907228e-17,-0.00628376033808077,0.10000000000051319,1,True,-0.0018934510249551451
2008-10-31,rev_orth,diag,47,0.008121306130068092,0.6786326302380377,0.05000000000000001,1.358124316507912,-2.7755575615628914e-17,-0.04393322075142035,0.08261431646835747,0,True,-0.012970461497624583
2008-11-30,rev_orth,mv,47,0.00807512015901499,0.3781546798959709,0.05,1.5239643119997173,7.632783294297951e-17,0.018565651858584744,0.0755060667465586,0,True,0.0213749127894776
2008-11-30,rev_orth,diag,47,0.00807512015901499,0.6219511712462159,0.04999999999999999,1.368463406031436,6.591949208711867e-17,0.014424802863551658,0.08592218102700593,0,True,0.028328619781777312
2008-12-31,rev_orth,mv,47,0.008644508917773344,0.44535819414725,0.05,1.4817228843976715,1.734723475976807e-17,-0.011169163803921276,0.08719245343259732,0,True,0.030075026869917216
2008-12-31,rev_orth,diag,47,0.008644508917773344,0.8355460354669743,0.049999999999999996,1.362694900991173,-6.245004513516506e-17,-0.050040632080907095,0.08533002571076656,0,True,0.01747377869608011
2009-01-31,rev_orth,mv,44,0.0092631446453877,0.41334497261790015,0.05000000000000001,1.3559093332433332,1.3877787807814457e-17,-0.008171402701628224,0.09999999999824508,1,True,-0.024912141820226382
2009-01-31,rev_orth,diag,44,0.0092631446453877,0.6680136555844621,0.05000000000000001,1.2440212257794645,-6.938893903907228e-18,-0.04447743226077332,0.13299849163854982,1,True,-0.03118390300086722
2009-02-28,rev_orth,mv,45,0.008718505018408125,0.4463151097265012,0.049999999999999996,1.3528002972454127,3.469446951953614e-17,0.01586487873151881,0.06448907682373307,0,True,-0.012927193690919648
2009-02-28,rev_orth,diag,45,0.008718505018408125,0.7303152368471569,0.05000000000000001,1.358361116100118,6.938893903907228e-18,0.01790808698286355,0.06314846540545668,0,True,-0.012771103535007624
2009-03-31,rev_orth,mv,46,0.008338616120543547,0.38527241625900055,0.05000000000000001,1.4168182518737809,0.0,0.0161464686615807,0.08706082199396648,0,True,-0.02588669101411659
2009-03-31,rev_orth,diag,46,0.008338616120543547,0.6030633954978926,0.049999999999999996,1.3647145033248682,2.7755575615628914e-17,0.04943223096370505,0.08914747677385017,0,True,-0.021285738686569734
2009-04-30,rev_orth,mv,46,0.008340690763916138,0.35280802158263747,0.05000000000000001,1.258320326689137,3.7730235602495554e-17,0.015069074522380923,0.07686332430529874,0,True,-0.023458624472401646
2009-04-30,rev_orth,diag,46,0.008340690763916138,0.7751223519687576,0.04999999999999999,1.106800750198091,6.071532165918825e-18,0.0615415290861861,0.07315326427432524,0,True,-0.014441248467927418
2009-05-31,rev_orth,mv,45,0.0071416033301194715,0.3304561055281627,0.05000000000000001,1.2104298962984386,0.0,0.00865140513307593,0.08166149841483776,0,True,0.0010355914770209837
2009-05-31,rev_orth,diag,45,0.0071416033301194715,0.5396719905255707,0.049999999999999996,1.1314882653520186,-6.938893903907228e-18,-0.015842844631105104,0.10111474680332073,1,True,0.004924254284104886
2009-06-30,rev_orth,mv,46,0.007434704314509446,0.3350296254056161,0.05,1.2311870845425676,3.469446951953614e-17,0.002892807292126441,0.07765813728424618,0,True,-0.026103116867418966
2009-06-30,rev_orth,diag,46,0.007434704314509446,0.5319250998994499,0.05000000000000002,1.103056399266508,-6.938893903907228e-18,0.023055719350107057,0.09206927769874884,0,True,-0.02562668691496132
2009-07-31,rev_orth,mv,46,0.006780746605396617,0.3971870657472286,0.049999999999999996,1.2399542451151875,-2.0816681711721685e-17,-0.031912106296648556,0.10000000000992415,1,True,-0.012050220488363728
2009-07-31,rev_orth,diag,46,0.006780746605396617,0.5825958252076809,0.05,1.2483153088034054,-2.7755575615628914e-17,-0.04806752493206715,0.059572952362676755,0,True,-0.014061043215280048
2009-08-31,rev_orth,mv,45,0.0057134657589717995,0.2645819460764719,0.05,1.1155632348535407,-5.204170427930421e-17,0.018118708826186394,0.06586377102834745,0,True,-0.008254719904982721
2009-08-31,rev_orth,diag,45,0.0057134657589717995,0.42061956080582813,0.05000000000000002,1.1358413012718667,9.020562075079397e-17,0.049641665937174374,0.06657531374364703,0,True,-0.009572700736027038
2009-09-30,rev_orth,mv,44,0.004856022997732529,0.2049674447661778,0.05,1.2581664632606275,2.7755575615628914e-17,-0.02943409797332499,0.10000000001535451,2,True,0.006740281979080721
2009-09-30,rev_orth,diag,44,0.004856022997732529,0.39164697704673407,0.05,1.0523446108298826,9.71445146547012e-17,-0.0845595552881239,0.12784981321959962,2,True,0.009076320340983806
2009-10-31,rev_orth,mv,44,0.005232385009311763,0.24983636014014798,0.05000000000000001,1.2414210517912647,1.0408340855860843e-17,-0.041490234203379,0.08369974902144188,0,True,-0.01022617151718559
2009-10-31,rev_orth,diag,44,0.005232385009311763,0.45859098466295245,0.049999999999999996,1.0047163721731933,2.5153490401663703e-17,-0.06993222295333427,0.12348029343786664,1,True,-0.01246243496988183
2009-11-30,rev_orth,mv,44,0.004479336229026781,0.221888729503305,0.05,1.192748024452549,1.9081958235744878e-17,-0.014397135245601088,0.09637454553089951,0,True,-0.012140762631713117
2009-11-30,rev_orth,diag,44,0.004479336229026781,0.3794033111412372,0.05000000000000001,1.112508882225236,1.6479873021779667e-17,-0.06049989829337794,0.08518522125893774,0,True,-0.011144391970851701
2009-12-31,rev_orth,mv,44,0.003993912233823156,0.21676830357964935,0.04999999999999999,1.2437034337348731,-8.673617379884035e-18,-0.019879523340592505,0.10000000000978872,1,True,-0.002126474728013799
2009-12-31,rev_orth,diag,44,0.003993912233823156,0.3279730234762541,0.050000000000000024,1.1878082269132606,1.214306433183765e-17,-0.04493670794201616,0.07429907347249372,0,True,-0.0042296823396684915
2010-01-31,rev_orth,mv,43,0.0036350385082854746,0.21019626304965972,0.05,1.1591058253671243,-1.8214596497756474e-17,-0.028267306110661455,0.10000000000971102,1,True,0.008646849705011091
2010-01-31,rev_orth,diag,43,0.0036350385082854746,0.29232526570194983,0.05000000000000002,1.1313370101469624,-1.5612511283791264e-17,-0.045578702997598954,0.08085371379855512,0,True,0.005819487205214492
2010-02-28,rev_orth,mv,47,0.004074777170488367,0.1981852843261297,0.05,1.3723600516976509,9.540979117872439e-18,-0.0020382068333688773,0.058901805130721345,0,True,-6.532311223908855e-05
2010-02-28,rev_orth,diag,47,0.004074777170488367,0.40760365765392165,0.05000000000000001,1.2333088714210738,-8.543513119185775e-17,-0.0008656221078617125,0.06439338883931774,0,True,-0.00042805037058986334
2010-03-31,rev_orth,mv,47,0.004077175507291897,0.2241018559410442,0.05,1.2584478847337834,-1.3877787807814457e-17,0.0004516461478601363,0.08771371407623596,0,True,0.009095596567728384
2010-03-31,rev_orth,diag,47,0.004077175507291897,0.36295405328079655,0.04999999999999999,1.0932785932592097,6.938893903907228e-18,-0.03300928402276795,0.10937367865560343,1,True,0.0029468697904724015
2010-04-30,rev_orth,mv,48,0.003898474003295833,0.13263381647790934,0.05,1.2054860635160094,-1.3877787807814457e-17,0.0029951426781599927,0.09999999974589835,1,True,0.0038084355737297007
2010-04-30,rev_orth,diag,48,0.003898474003295833,0.3198476843759541,0.049999999999999996,1.0440630915268705,-2.7755575615628914e-17,0.023391242731176473,0.08369350974795105,0,True,0.002669513738884326
2010-05-31,rev_orth,mv,48,0.004009386995075663,0.1846139560222724,0.05,1.2584687792314413,-1.3877787807814457e-17,0.018085296187638975,0.09999999969977731,1,True,-0.00724635495076547
2010-05-31,rev_orth,diag,48,0.004009386995075663,0.33031344137960833,0.05,1.2058778635415446,8.500145032286355e-17,0.024556663441682718,0.056750518964598554,0,True,-0.004725080309761583
2010-06-30,rev_orth,mv,48,0.0036650446255764133,0.19300522638294065,0.05000000000000001,1.420192324153698,2.0816681711721685e-17,0.014586284661252419,0.10000000010307641,1,True,-0.0037738404652271663
2010-06-30,rev_orth,diag,48,0.0036650446255764133,0.35088336169570356,0.05,1.286736757418243,-4.163336342344337e-17,0.07860007763348034,0.06929734980473563,0,True,0.005300186196843602
2010-07-31,rev_orth,mv,48,0.00381466119951308,0.19152309826579828,0.05,1.314058338663742,-2.7755575615628914e-17,-0.0033657826675057706,0.08330999948481298,0,True,-0.00892942970280754
2010-07-31,rev_orth,diag,48,0.00381466119951308,0.363380671187959,0.05,1.1223363620736366,-2.7755575615628914e-17,-0.005779031630555487,0.09532740303903493,0,True,-0.004008128877794375
2010-08-31,rev_orth,mv,47,0.0034755126243753137,0.18566475201362984,0.05000000000000001,1.2062931454394896,6.591949208711867e-17,0.039006082105805175,0.0749024617466712,0,True,0.01766550506490766
2010-08-31,rev_orth,diag,47,0.0034755126243753137,0.29456328433568785,0.05,1.1139290089825775,-1.0408340855860843e-16,0.08247676705850379,0.05834022912668526,0,True,0.018892275090462797
2010-09-30,rev_orth,mv,47,0.004379161154635445,0.24571241042340522,0.04999999999999999,1.2809869815509172,4.163336342344337e-17,-0.014517676644709543,0.09347667715239533,0,True,0.008083844428200522
2010-09-30,rev_orth,diag,47,0.004379161154635445,0.3776472974743543,0.05,1.2647835587670102,-1.3877787807814457e-17,-0.027206612666449807,0.07072024436441789,0,True,0.005871949291540643
2010-10-31,rev_orth,mv,47,0.0046127220933319035,0.20331889951991913,0.05,1.1480410729332247,6.418476861114186e-17,-0.020498876299081925,0.09999999991941984,1,True,-0.001617866502031554
2010-10-31,rev_orth,diag,47,0.0046127220933319035,0.39405948224191395,0.049999999999999996,1.0649746952563934,-7.762887554996212e-17,-0.030770672912677637,0.09153993277158377,0,True,0.0038020597452239975
2010-11-30,rev_orth,mv,47,0.004428303559078621,0.20264231685507056,0.05,1.3813177448790834,1.3877787807814457e-17,-0.009558626240621008,0.1000000000004001,1,True,0.008103641895373824
2010-11-30,rev_orth,diag,47,0.004428303559078621,0.3700216969349358,0.05,1.301670974315714,-5.551115123125783e-17,-0.06565957873066114,0.056372374473935054,0,True,0.0033034400279990488
2010-12-31,rev_orth,mv,46,0.004891843641509847,0.23138519440912214,0.05,1.217751999095242,3.469446951953614e-17,-0.0237020627082688,0.10000000000791075,2,True,-0.0077614771625579065
2010-12-31,rev_orth,diag,46,0.004891843641509847,0.47127539643709887,0.05,1.0495466898639674,6.245004513516506e-17,-0.0727104546122069,0.12320058023282045,1,True,-0.009225130871903532
2011-01-31,rev_orth,mv,47,0.004501195293460975,0.21825359444023051,0.049999999999999996,0.9631039092441324,1.214306433183765e-17,-0.015893323738548557,0.08091483298542072,0,True,0.004825878916491235
2011-01-31,rev_orth,diag,47,0.004501195293460975,0.30785293955972665,0.05,0.9881521350081099,2.3418766925686896e-17,-0.03358607030674131,0.09841510224729932,0,True,-6.565984796902552e-06
2011-02-28,rev_orth,mv,47,0.004468342645155119,0.21826144528309396,0.05000000000000001,1.315745342655944,-9.71445146547012e-17,0.010323678426633962,0.10000000004957964,1,True,-0.003923646236959958
2011-02-28,rev_orth,diag,47,0.004468342645155119,0.3653380769035651,0.05,1.310124300247777,4.163336342344337e-17,0.017066090389163964,0.07514314012069637,0,True,0.00203862967282451
2011-03-31,rev_orth,mv,47,0.0047072983950962035,0.25941516028610306,0.05000000000000001,1.3899630479795333,1.734723475976807e-17,0.006681565636982672,0.09063060399267213,0,True,-0.004727097435071463
2011-03-31,rev_orth,diag,47,0.0047072983950962035,0.43504122444866405,0.05,1.400573451470278,-1.3530843112619095e-16,-0.012383933587572336,0.06894122154534643,0,True,0.0007584380180341257
2011-04-30,rev_orth,mv,46,0.0041003860879087785,0.2055562184129659,0.05000000000000002,1.2919176205737521,3.469446951953614e-18,-0.0069991576442670995,0.08361049058510302,0,True,-0.004636592055667983
2011-04-30,rev_orth,diag,46,0.0041003860879087785,0.34286220909847104,0.05,1.2231824020400557,3.469446951953614e-17,-0.02315214752145899,0.09274399206116908,0,True,-0.008459148353103773
2011-05-31,rev_orth,mv,47,0.0038559405375738344,0.2123474494407371,0.049999999999999996,1.3239384698733074,3.122502256758253e-17,0.023682001805717886,0.07693910912572731,0,True,0.00782447652220332
2011-05-31,rev_orth,diag,47,0.0038559405375738344,0.3556557230131591,0.05,1.2875783360532487,-3.469446951953614e-17,0.04241616904903378,0.08419095932184555,0,True,0.005573127021061038
2011-06-30,rev_orth,mv,45,0.004155485929278545,0.2118517092728727,0.05000000000000001,1.4137339975487735,-5.898059818321144e-17,-0.031115518119417138,0.10000000003634864,2,True,0.016747676395955122
2011-06-30,rev_orth,diag,45,0.004155485929278545,0.39519063228640405,0.04999999999999999,1.245668576793059,-3.122502256758253e-17,-0.07827699000788382,0.09832235444085972,0,True,0.01938868322062158
2011-07-31,rev_orth,mv,45,0.0050153809673527975,0.24204058566122363,0.05,1.4868712033989249,-6.938893903907228e-18,-0.025758046983365847,0.09999999980949278,1,True,0.0069951881600104765
2011-07-31,rev_orth,diag,45,0.0050153809673527975,0.4997588476908883,0.05000000000000002,1.3073119044459482,-3.469446951953614e-18,-0.06141035862800426,0.10237244428369177,1,True,0.009376067580873079
2011-08-31,rev_orth,mv,45,0.00558862048745134,0.29111254998995845,0.049999999999999996,1.3170954392467125,-4.163336342344337e-17,-0.01999337314214052,0.1000000000600797,1,True,0.020280004358307235
2011-08-31,rev_orth,diag,45,0.00558862048745134,0.5312239076268712,0.05,1.3169295253722453,-1.3877787807814457e-17,-0.061978847317027214,0.06345100892493565,0,True,0.0306334478723843
2011-09-30,rev_orth,mv,45,0.006363368975899937,0.34741761362823537,0.049999999999999996,1.102437086585671,1.5612511283791264e-17,-0.03456802789873756,0.099999999844004,1,True,-0.006603969464133481
2011-09-30,rev_orth,diag,45,0.006363368975899937,0.5390749744754343,0.05000000000000002,1.1672204132571502,-2.7321894746634712e-17,-0.11597382498010242,0.0883626070733957,0,True,-0.022118812500464168
2011-10-31,rev_orth,mv,44,0.005596128111125791,0.27758385984190603,0.05,1.3511249424128902,2.42861286636753e-17,0.0034263754384821015,0.0889974600851324,0,True,-0.0008125844830696443
2011-10-31,rev_orth,diag,44,0.005596128111125791,0.5412919644979788,0.05000000000000001,1.233971323219969,-6.938893903907228e-17,0.012192286959228478,0.08222106987614075,0,True,-0.004690415319331007
2011-11-30,rev_orth,mv,45,0.005523596703324638,0.3065446905719235,0.049999999999999996,1.316292685578962,-4.163336342344337e-17,0.0030214542160271313,0.10000000009783432,1,True,0.016911768991703893
2011-11-30,rev_orth,diag,45,0.005523596703324638,0.5241643988008018,0.050000000000000024,1.2143188413240962,-1.0408340855860843e-16,-0.04706643961444092,0.06356359308985206,0,True,0.0164168689516394
2011-12-31,rev_orth,mv,45,0.006371684159988612,0.3131921054337053,0.05,1.1637310896424014,-4.163336342344337e-17,-0.014692150247661427,0.10000000020020289,1,True,-0.00400121957841537
2011-12-31,rev_orth,diag,45,0.006371684159988612,0.6046522785168417,0.05,1.1303295154202053,5.551115123125783e-17,-0.06440179512046094,0.0870344222698272,0,True,-0.012135322624781304
2012-01-31,rev_orth,mv,45,0.006004338772631012,0.2920868207692252,0.05,1.4203424965721705,-6.938893903907228e-18,0.02009974690840613,0.09124528499732248,0,True,0.0005413200014306524
2012-01-31,rev_orth,diag,45,0.006004338772631012,0.5820142686419566,0.049999999999999996,1.2158679818809282,-8.673617379884035e-18,0.00739719879099659,0.08316843966804054,0,True,0.0016158972791369597
2012-02-29,rev_orth,mv,45,0.006371214090432556,0.31880796845821274,0.05000000000000001,1.3765768221751045,-5.898059818321144e-17,0.02480214125216725,0.10000000007074138,1,True,0.013609199892153163
2012-02-29,rev_orth,diag,45,0.006371214090432556,0.6236629984527294,0.04999999999999999,1.2160949185797452,-8.413408858487514e-17,0.055169482989613834,0.08022544099743864,0,True,0.016127030272632206
2012-03-31,rev_orth,mv,45,0.00708807698044189,0.30320609947221283,0.05000000000000002,1.2549909370969674,-4.163336342344337e-17,0.0487638819314687,0.09999999976173492,1,True,-0.0006175128910346747
2012-03-31,rev_orth,diag,45,0.00708807698044189,0.6561613623988247,0.05000000000000001,1.2131595412454508,-2.7755575615628914e-17,0.11652415119315265,0.09278288025429535,0,True,-0.005771733168885717
2012-04-30,rev_orth,mv,45,0.00613742551293023,0.26499305084157554,0.05,1.3150174470870182,-8.326672684688674e-17,0.0318947598975976,0.09618058024754259,0,True,0.0008420511368372321
2012-04-30,rev_orth,diag,45,0.00613742551293023,0.5389482803951212,0.049999999999999996,1.2504481925108228,-5.551115123125783e-17,0.013050797461353847,0.06057647372690895,0,True,-0.000635571293422791
2012-05-31,rev_orth,mv,45,0.005688108753216251,0.2574280581104014,0.05,1.4018182883224837,-2.7755575615628914e-17,0.06653168565965294,0.10000000025256424,1,True,0.004325665319382777
2012-05-31,rev_orth,diag,45,0.005688108753216251,0.49853875955413296,0.049999999999999996,1.299290167778387,2.7755575615628914e-17,0.1266604078573332,0.06940269250806293,0,True,0.0022547131772926335
2012-06-30,rev_orth,mv,45,0.005374267097347013,0.3122370473475623,0.04999999999999999,1.470803631042516,-1.6750923564901044e-17,0.028683793063134125,0.09999999939299711,1,True,0.001648453518581112
2012-06-30,rev_orth,diag,45,0.005374267097347013,0.4775760335034511,0.05,1.3474695203738436,-7.892991815694472e-17,0.12401146141618373,0.08551735800810202,0,True,-0.00368892732846039
2012-07-31,rev_orth,mv,45,0.005048563145868247,0.2657423610667052,0.05,1.4127128551725856,-3.5561831257524545e-17,0.0280540228357963,0.09674229353869564,0,True,-0.00021841523587358283
2012-07-31,rev_orth,diag,45,0.005048563145868247,0.4359866311863216,0.05,1.3669038764165025,-2.6020852139652106e-17,0.06799560493854957,0.0655970783559978,0,True,0.003698038360548769
2012-08-31,rev_orth,mv,44,0.005209649643848846,0.26015038194745277,0.05,1.397938852962282,0.0,0.007386356453270973,0.08958981597428774,0,True,-0.00032803234774448286
2012-08-31,rev_orth,diag,44,0.005209649643848846,0.44004121760247805,0.05000000000000002,1.326226158896684,5.898059818321144e-17,-0.01860171354020257,0.06475703348700089,0,True,-0.002705294524949906
2012-09-30,rev_orth,mv,43,0.005067023127541287,0.21804507236738843,0.05000000000000002,1.2411813976146753,-1.0408340855860843e-16,-0.05109438724337122,0.0858697620722026,0,True,-0.016901272160180423
2012-09-30,rev_orth,diag,43,0.005067023127541287,0.39354996837713835,0.05000000000000002,1.1790985532185836,1.3877787807814457e-17,-0.11104611502564217,0.10028677297470873,1,True,-0.014658682224629857
2012-10-31,rev_orth,mv,44,0.004535263568137481,0.19738085254703946,0.05000000000000001,1.3771690730872281,-1.3877787807814457e-17,-0.01761453385903825,0.09999999998922329,1,True,-0.0057584299004477466
2012-10-31,rev_orth,diag,44,0.004535263568137481,0.3918559869393958,0.05,1.2212078533780952,2.0816681711721685e-17,-0.06045424419320552,0.0735022164500035,0,True,-0.0031568870140828947
2012-11-30,rev_orth,mv,44,0.0042254486546174025,0.2243835573542255,0.05,1.455315481896898,-8.326672684688674e-17,-0.04317931716313562,0.08433305947850886,0,True,0.0026921682156846025
2012-11-30,rev_orth,diag,44,0.0042254486546174025,0.4071468140190957,0.05,1.288191117594071,0.0,-0.12611033558105383,0.07322147951491374,0,True,-0.0006926610208930698
2012-12-31,rev_orth,mv,44,0.0043272737539812554,0.20272571859090088,0.05000000000000001,1.2577659552551308,1.734723475976807e-18,-0.06881265105993462,0.09999999975482836,1,True,0.005014986683881466
2012-12-31,rev_orth,diag,44,0.0043272737539812554,0.44282009087071844,0.05000000000000001,1.1286390470682164,-4.683753385137379e-17,-0.11758186527258217,0.13171672261781484,1,True,0.001855760495707435
2013-01-31,rev_orth,mv,45,0.004336207775557274,0.2458316821500265,0.05,1.4439793930271838,-2.3418766925686896e-17,-0.008806586503718307,0.08382592808797812,0,True,0.011069024751483752
2013-01-31,rev_orth,diag,45,0.004336207775557274,0.4087578574352373,0.05000000000000001,1.380005629870968,-4.640385298237959e-17,-0.030642093377442396,0.062112863840414374,0,True,0.007623550696492091
2013-02-28,rev_orth,mv,46,0.004803107403373908,0.23354751331048143,0.05000000000000002,1.3886750906621435,-4.85722573273506e-17,-0.02099511107815835,0.1000000001188162,1,True,-0.004231547929641208
2013-02-28,rev_orth,diag,46,0.004803107403373908,0.4760548372488222,0.05,1.2782906644736685,-1.3682631416767066e-16,-0.09550145768760239,0.10547296610598418,1,True,-0.000955770654512161
2013-03-31,rev_orth,mv,45,0.00485038965145717,0.23802697810177278,0.049999999999999996,1.424588520167577,1.3877787807814457e-17,0.0006995900899372208,0.10000000005985679,1,True,0.011547003807004203
2013-03-31,rev_orth,diag,45,0.00485038965145717,0.39037122643947164,0.05000000000000001,1.3009296507289723,-1.249000902703301e-16,-0.013700647848309114,0.09146707732246054,0,True,0.00932977450873025
2013-04-30,rev_orth,mv,45,0.005093959399743794,0.24155202962012962,0.05,1.386752294206867,2.7755575615628914e-17,-0.002419578115327051,0.06056450967832747,0,True,-0.002037203216053478
2013-04-30,rev_orth,diag,45,0.005093959399743794,0.48975616882459233,0.05000000000000001,1.1585998795590495,5.898059818321144e-17,-0.03861795420919487,0.09555310308814385,0,True,0.00087627874898583
2013-05-31,rev_orth,mv,44,0.005063088864840316,0.20159942165162226,0.05000000000000001,1.5479855039677186,-1.3877787807814457e-17,0.022659276408708216,0.09999999920061367,1,True,0.010054474004607303
2013-05-31,rev_orth,diag,44,0.005063088864840316,0.3822189649780257,0.05,1.4509772820484135,-4.163336342344337e-17,0.01732216186341734,0.07088989360868193,0,True,0.009172491983885134
2013-06-30,rev_orth,mv,44,0.0056536003778005625,0.24707520806098465,0.05,1.6618128529690768,2.0816681711721685e-17,-0.049151040704010114,0.06701291633200973,0,True,-0.011260469804824355
2013-06-30,rev_orth,diag,44,0.0056536003778005625,0.5307113579064214,0.04999999999999998,1.2940473063849827,1.6653345369377348e-16,-0.14151984839746126,0.08051527130921166,0,True,-0.005134511263367188
2013-07-31,rev_orth,mv,44,0.004991785089865983,0.23116735275078112,0.05,1.4806869617298741,3.469446951953614e-18,-0.01819410466329014,0.08140834446490845,0,True,-0.007673079784323822
2013-07-31,rev_orth,diag,44,0.004991785089865983,0.3824724390774371,0.05000000000000001,1.3670410385227942,-2.2551405187698492e-17,-0.044381619608588496,0.06911777985026614,0,True,-0.006593271080922613
2013-08-31,rev_orth,mv,45,0.0043949632343677795,0.1900800063886155,0.05,1.3798998009266248,2.7755575615628914e-17,0.0104298405247847,0.06473966109723196,0,True,-0.00015702364348212924
2013-08-31,rev_orth,diag,45,0.0043949632343677795,0.34189596483304735,0.05,1.4079282032656728,-6.245004513516506e-17,0.03622812371698068,0.0813987756812808,0,True,-0.0006633817324978894
2013-09-30,rev_orth,mv,44,0.004325886047835296,0.1813967403179122,0.05,1.3565768137604208,6.938893903907228e-17,0.010405147134161012,0.10000000022798183,1,True,-0.008604808104405014
2013-09-30,rev_orth,diag,44,0.004325886047835296,0.2693667231388913,0.05,1.342960913701295,3.469446951953614e-17,0.05547067406332294,0.09455608108925717,0,True,-0.009324281402120037
2013-10-31,rev_orth,mv,44,0.0035035752340946283,0.18425096995518786,0.04999999999999999,1.5715558093142752,4.597017211338539e-17,-0.019138856052103692,0.10000000008458727,1,True,0.0057745913541832694
2013-10-31,rev_orth,diag,44,0.0035035752340946283,0.3211513957069684,0.049999999999999996,1.3781879112083946,5.702903427273753e-17,-0.06254392596174985,0.10219257778993904,1,True,0.007398740249421547
2013-11-30,rev_orth,mv,44,0.00401121389566987,0.22155742935581846,0.049999999999999996,1.5843276392311538,-2.7755575615628914e-17,0.021525454878432448,0.08644245816312875,0,True,-0.00035440552271512126
2013-11-30,rev_orth,diag,44,0.00401121389566987,0.3465478300702793,0.049999999999999996,1.4866012531633217,0.0,0.03768556750253854,0.0644669138465002,0,True,-0.0014087740073241272
2013-12-31,rev_orth,mv,45,0.0035053336079363825,0.1720375642257642,0.05000000000000001,1.546351132283937,4.85722573273506e-17,0.015720732880078494,0.09999999980686691,1,True,0.020242261810742374
2013-12-31,rev_orth,diag,45,0.0035053336079363825,0.2955073411859636,0.05000000000000002,1.3902329184614035,6.938893903907228e-18,0.01827225482780753,0.09030523532699736,0,True,0.013450103215226307
2014-01-31,rev_orth,mv,45,0.004183954310932279,0.217402606026583,0.04999999999999999,1.4896880608704606,-3.469446951953614e-17,0.03499291215781844,0.10000000030519762,1,True,-0.009471112573503993
2014-01-31,rev_orth,diag,45,0.004183954310932279,0.34931469997052284,0.05000000000000001,1.4301926970600514,1.734723475976807e-17,0.076753381525056,0.09638704642080369,0,True,-0.012490849482007035
2014-02-28,rev_orth,mv,45,0.003239445458839265,0.1334182094354265,0.049999999999999996,1.7237555471702188,5.204170427930421e-18,-0.038113211251301286,0.07374869051025885,0,True,0.0030272400204548315
2014-02-28,rev_orth,diag,45,0.003239445458839265,0.2283554188108173,0.05000000000000001,1.588631653178548,-5.551115123125783e-17,-0.08342026955617339,0.08506429156345491,0,True,0.0029198247031631775
2014-03-31,rev_orth,mv,45,0.003336721050394849,0.13375027596509012,0.05,1.3411979398939677,3.9898639947466563e-17,-0.02088774496479288,0.09999999980776166,1,True,0.005225415369779361
2014-03-31,rev_orth,diag,45,0.003336721050394849,0.23478380496774823,0.04999999999999999,1.333421950702481,1.1714804473705875e-16,0.0122076320715505,0.1335648322138752,1,True,0.006607597412656162
2014-04-30,rev_orth,mv,46,0.003984099437471677,0.17519009756063417,0.05000000000000002,1.5413060539418906,-3.469446951953614e-18,-0.08382295118095419,0.09999999995394973,1,True,0.004890704384006177
2014-04-30,rev_orth,diag,46,0.003984099437471677,0.3986415679724423,0.049999999999999996,1.3487428056125237,1.474514954580286e-17,-0.19352328940757255,0.09870989642591783,0,True,0.005501107092973869
2014-05-31,rev_orth,mv,46,0.004700419534951351,0.24251796548089602,0.05,1.5272451492426768,0.0,-0.005877527624755557,0.07463853808855701,0,True,0.004316283417602337
2014-05-31,rev_orth,diag,46,0.004700419534951351,0.4316807783256244,0.049999999999999996,1.4871831057030152,8.326672684688674e-17,0.011835454086459118,0.0757827489349888,0,True,0.004073536216747626
2014-06-30,rev_orth,mv,46,0.00490427041406805,0.23400691196108941,0.05000000000000001,1.6196816758135657,0.0,-0.042829238577768824,0.10000000000851612,2,True,0.0029720815307971785
2014-06-30,rev_orth,diag,46,0.00490427041406805,0.40490840712993803,0.05000000000000001,1.5170981944363249,6.245004513516506e-17,-0.10253437595070464,0.09446845842640009,0,True,0.006638633053141181
2014-07-31,rev_orth,mv,45,0.005217956599174506,0.27918191980149665,0.04999999999999999,1.647678268025664,9.321428177944124e-17,-0.02782578194701119,0.09160397116831863,0,True,0.005662398863952917
2014-07-31,rev_orth,diag,45,0.005217956599174506,0.4306827601340942,0.05000000000000002,1.477160143037137,1.0408340855860843e-17,-0.12615865433667675,0.0765116665316656,0,True,0.004974037481756297
2014-08-31,rev_orth,mv,45,0.005463802257132304,0.2591051913212653,0.049999999999999996,1.3797084924328635,-4.85722573273506e-17,-0.012394187554702361,0.09999999900847717,1,True,0.011221900979352864
2014-08-31,rev_orth,diag,45,0.005463802257132304,0.4507619786967386,0.05,1.2884356120110019,0.0,-0.06728295569029377,0.11273418028571376,1,True,0.0198428949182765
2014-09-30,rev_orth,mv,46,0.006411155662255895,0.32489833214962016,0.049999999999999996,1.4479378588252332,2.949029909160572e-17,0.02217747133637229,0.09999999989068781,1,True,0.017134102271459527
2014-09-30,rev_orth,diag,46,0.006411155662255895,0.5612153157678208,0.05,1.434028465821275,1.3877787807814457e-17,0.0732125985153458,0.08803984975228178,0,True,0.021634596021985003
2014-10-31,rev_orth,mv,46,0.006780881229379488,0.36346677243312897,0.05,1.6770918235713606,5.551115123125783e-17,0.016840943055113612,0.09234723520594791,0,True,0.017059907494123516
2014-10-31,rev_orth,diag,46,0.006780881229379488,0.5445678524909161,0.05,1.6227760548357544,-2.0816681711721685e-17,0.022662477315283834,0.07543031573032112,0,True,0.02358848743854358
2014-11-30,rev_orth,mv,45,0.0072230967810301624,0.3301309618509283,0.05,1.6718529785432632,-4.163336342344337e-17,0.06920910799306165,0.06749041621777273,0,True,0.01732928085008368
2014-11-30,rev_orth,diag,45,0.0072230967810301624,0.6333584324095373,0.05,1.49746880165284,-3.469446951953614e-17,0.1427722100034847,0.08719537426295725,0,True,0.016059149912055266
2014-12-31,rev_orth,mv,46,0.007858823880784939,0.3939232561433165,0.049999999999999996,1.747919312048275,5.551115123125783e-17,0.0685685886750324,0.09693753999689747,0,True,0.006318552098959404
2014-12-31,rev_orth,diag,46,0.007858823880784939,0.6375778146248926,0.05000000000000002,1.5287701270111775,-1.0408340855860843e-16,0.17976046450106836,0.07847178064627297,0,True,0.0015775731454232042
2015-01-31,rev_orth,mv,45,0.007706627555498523,0.33949322472596666,0.049999999999999996,1.715193614857865,-1.0408340855860843e-17,0.05394557793836387,0.10000000000299966,2,True,0.012041442202555345
2015-01-31,rev_orth,diag,45,0.007706627555498523,0.5548969963948123,0.049999999999999996,1.6306394358067522,9.627715291671279e-17,0.1227443899940981,0.10980676353292286,1,True,0.01236298526228117
2015-02-28,rev_orth,mv,46,0.008169222928785932,0.4175765137142609,0.05,1.6321604459538746,-6.938893903907228e-17,0.03840281613477886,0.07607368836569041,0,True,-0.00864602013466773
2015-02-28,rev_orth,diag,46,0.008169222928785932,0.6892928464944917,0.05,1.6063014038780496,-6.938893903907228e-17,0.11986444766440099,0.0671116582260334,0,True,-0.005515914268801501
2015-03-31,rev_orth,mv,46,0.008441213097191104,0.46653693634159626,0.050000000000000024,1.5180681147348523,2.7755575615628914e-17,0.06683512809052897,0.10000000004848922,1,True,-0.0026618763051361183
2015-03-31,rev_orth,diag,46,0.008441213097191104,0.7340962539296344,0.05000000000000002,1.3995105947378048,-2.168404344971009e-18,0.17784595546389162,0.07285188042029639,0,True,-0.0028066548047776156
2015-04-30,rev_orth,mv,46,0.00827507874545391,0.3873226559899992,0.05000000000000001,1.6943378866263092,-2.7755575615628914e-17,-0.00781682072282304,0.08134290869224722,0,True,0.0002548585107196013
2015-04-30,rev_orth,diag,46,0.00827507874545391,0.768335186446888,0.049999999999999996,1.6045483564584688,7.632783294297951e-17,-0.017145221166505693,0.10114422156542655,1,True,0.0008423074729496445
2015-05-31,rev_orth,mv,46,0.008448553146802837,0.4404658131274052,0.05,1.792564359877489,-4.163336342344337e-17,-0.0015845454449737665,0.07223212069344565,0,True,-0.0012221035486870673
2015-05-31,rev_orth,diag,46,0.008448553146802837,0.8130933748724043,0.05000000000000001,1.666022675000282,-2.0816681711721685e-17,-0.04672743311290635,0.0845488744309253,0,True,0.000409116629391036
2015-06-30,rev_orth,mv,46,0.008558050124853386,0.44664848594352297,0.049999999999999996,1.543371358358642,-1.0408340855860843e-17,-0.01097887420135139,0.10000000000206981,2,True,0.003362289000528184
2015-06-30,rev_orth,diag,46,0.008558050124853386,0.6731065215281858,0.04999999999999999,1.469441106337745,-1.3877787807814457e-17,-0.059676465516145645,0.1388217038825472,1,True,0.0024786691856713687
2015-07-31,rev_orth,mv,45,0.008926275404115084,0.42958438957230577,0.05000000000000001,1.746106695728552,-9.71445146547012e-17,-0.03136032726593832,0.10000000000312124,2,True,0.0059697466907204745
2015-07-31,rev_orth,diag,45,0.008926275404115084,0.6379287990123708,0.05,1.4896663191144501,-4.336808689942018e-18,-0.12691995882629636,0.08397063697068301,0,True,0.006136762105885452
2015-08-31,rev_orth,mv,44,0.009050219346446621,0.405101380463595,0.05,1.8145818564385197,2.7755575615628914e-17,0.03998239168164276,0.0999999998579679,1,True,-0.014238248445094758
2015-08-31,rev_orth,diag,44,0.009050219346446621,0.6792152711946312,0.05000000000000001,1.5741842733480362,-1.1102230246251565e-16,0.08573461511108978,0.12392204109406048,1,True,-0.01181457342231876
2015-09-30,rev_orth,mv,45,0.008552795101147885,0.3438158293624283,0.049999999999999996,1.6763743468262813,-1.0408340855860843e-17,0.05970939491856008,0.0999999998492886,1,True,-0.032339873265355236
2015-09-30,rev_orth,diag,45,0.008552795101147885,0.5362514510849969,0.05,1.5335971949692344,-9.540979117872439e-18,0.14061051437457514,0.08318000483929522,0,True,-0.01966045633788023
2015-10-31,rev_orth,mv,45,0.008342521379549536,0.36378723622275294,0.05000000000000001,1.8001712609852103,-1.3183898417423734e-16,-0.030169837926102987,0.10000000000949957,2,True,-0.0027451567726974116
2015-10-31,rev_orth,diag,45,0.008342521379549536,0.6403796654502383,0.05,1.6092665131261197,-1.734723475976807e-17,-0.07020563457266356,0.08688196020593157,0,True,-0.005693335253913155
2015-11-30,rev_orth,mv,46,0.008020494730131118,0.42617593179261176,0.05000000000000001,1.8376438272046014,7.112366251504909e-17,-0.0076998964020018905,0.07575410138662723,0,True,-0.00751514410990066
2015-11-30,rev_orth,diag,46,0.008020494730131118,0.7312587615162338,0.05000000000000001,1.6084227877754338,5.369511259234461e-17,-0.09192859685194392,0.07152102090346127,0,True,-0.0039554164956895526
2015-12-31,rev_orth,mv,45,0.008014668473200004,0.31755219615411295,0.05000000000000002,1.8729455009205045,2.7755575615628914e-17,0.03994829646248818,0.05956052447642254,0,True,-0.012346152093645736
2015-12-31,rev_orth,diag,45,0.008014668473200004,0.6142601084983595,0.05,1.6260631834250026,0.0,0.028319816185031033,0.10001510198410335,1,True,-0.015467625305200246
2016-01-31,rev_orth,mv,44,0.007254471825990166,0.2932545772311844,0.05000000000000001,1.640218451878195,5.204170427930421e-18,-0.004910163138501964,0.10000000000254439,2,True,-0.006333838646965664
2016-01-31,rev_orth,diag,44,0.007254471825990166,0.5441784951576044,0.049999999999999996,1.4233420617430819,7.979727989493313e-17,-0.066275568278692,0.09890848422229398,0,True,-0.004071762700668602
2016-02-29,rev_orth,mv,45,0.006786494914558221,0.38043824433099077,0.05000000000000002,1.840152643592961,5.551115123125783e-17,0.018048895457215004,0.08026876338092197,0,True,-0.014872192166720264
2016-02-29,rev_orth,diag,45,0.006786494914558221,0.570254318432078,0.05,1.8459826016315166,3.0357660829594124e-17,0.028336820108197838,0.05431972684764866,0,True,-0.012378955264117478
2016-03-31,rev_orth,mv,44,0.006347728208999438,0.30537095883455817,0.04999999999999999,1.493768131864133,-3.122502256758253e-17,0.0056208637371394045,0.09655656741977531,0,True,0.0076696461028237205
2016-03-31,rev_orth,diag,44,0.006347728208999438,0.49760153374301286,0.05,1.4012247215613538,6.938893903907228e-18,-0.00987501060052773,0.10841921122968712,1,True,0.0031640543057246248
2016-04-30,rev_orth,mv,44,0.006710035136265456,0.2934655525448008,0.05,1.8265773791866375,-9.71445146547012e-17,0.01249653638825267,0.09999999987095227,1,True,-0.01923559750357992
2016-04-30,rev_orth,diag,44,0.006710035136265456,0.5158721362737109,0.05,1.7042937844109365,0.0,0.020979562120509554,0.08475578027958536,0,True,-0.013652005974300633
2016-05-31,rev_orth,mv,44,0.00604571157855104,0.28755937649120067,0.05000000000000001,1.6490329267300923,-6.938893903907228e-18,0.05118082981209207,0.07815557209941465,0,True,0.010141319112498843
2016-05-31,rev_orth,diag,44,0.00604571157855104,0.5792946390673858,0.05,1.4958690562989267,-1.1102230246251565e-16,0.13095795769672278,0.08125880783801595,0,True,0.006651667970170325
2016-06-30,rev_orth,mv,44,0.006223340285435549,0.31743316654558124,0.05,1.849981445553018,-9.367506770274758e-17,0.005973235319853905,0.10000000000221737,2,True,0.005061105430466593
2016-06-30,rev_orth,diag,44,0.006223340285435549,0.47543296490494186,0.05,1.7411317970473996,-3.8163916471489756e-17,0.06606641499694886,0.10919785210111069,1,True,0.007257684285205407
2016-07-31,rev_orth,mv,45,0.006279963816679757,0.25043314278528306,0.05,1.7923696987540265,-4.683753385137379e-17,0.006428771889707534,0.07287557571861022,0,True,-0.02610020414859582
2016-07-31,rev_orth,diag,45,0.006279963816679757,0.434714018143636,0.05,1.6131221827836222,7.112366251504909e-17,0.014916942046868968,0.07612124033285095,0,True,-0.028547926169068347
2016-08-31,rev_orth,mv,44,0.005147634218524913,0.26484006532885646,0.05,1.8460389761127078,7.979727989493313e-17,0.0474949496938295,0.06878117920701773,0,True,0.0023440325711303763
2016-08-31,rev_orth,diag,44,0.005147634218524913,0.45941551434990296,0.049999999999999996,1.6099668406444554,4.683753385137379e-17,0.12557106492240508,0.0762132053270606,0,True,0.008820950045577064
2016-09-30,rev_orth,mv,44,0.005402623846216603,0.271256277785092,0.049999999999999996,1.6167155031893863,-3.8163916471489756e-17,0.012979156496439697,0.10000000032963313,1,True,0.008565896565347533
2016-09-30,rev_orth,diag,44,0.005402623846216603,0.49195684472260387,0.05,1.5126133790103646,-4.683753385137379e-17,-0.00010365005089771921,0.08449596231343579,0,True,0.012017696673201348
2016-10-31,rev_orth,mv,44,0.0056949437041801925,0.2901878408747586,0.05,1.6849333098599295,-5.204170427930421e-18,-0.0026490950427724438,0.09243489104783663,0,True,-0.020080013454900247
2016-10-31,rev_orth,diag,44,0.0056949437041801925,0.5498894811671234,0.05000000000000001,1.5852844409221531,3.469446951953614e-17,-0.027153218392108446,0.06417518524918377,0,True,-0.020000928047675882
2016-11-30,rev_orth,mv,45,0.005242074961137508,0.265264490246277,0.04999999999999999,1.8086372986667842,0.0,-0.054020131242879105,0.06600693489591235,0,True,0.004120113579526995
2016-11-30,rev_orth,diag,45,0.005242074961137508,0.5109055250565528,0.05000000000000001,1.6209161170623945,-1.3877787807814457e-17,-0.1022887414872701,0.09579691905303489,0,True,0.0025066843878798588
2016-12-31,rev_orth,mv,45,0.005679043970813236,0.3161145070278619,0.05000000000000002,1.5758373587448131,1.0381235801548705e-16,-0.025614612978252616,0.10000000005625685,3,True,-0.007941957478134481
2016-12-31,rev_orth,diag,45,0.005679043970813236,0.4673210589174691,0.049999999999999996,1.431442033450228,-2.7755575615628914e-17,0.030859979987882872,0.12061555216290135,1,True,-0.006664688859234128
2017-01-31,rev_orth,mv,44,0.0050694627493886825,0.2530499343307441,0.05000000000000002,1.5241771375628717,2.7755575615628914e-17,0.017929096047366925,0.10000000000525447,2,True,0.0046074846698398
2017-01-31,rev_orth,diag,44,0.0050694627493886825,0.37643355218377167,0.05,1.5304925995686085,0.0,0.0767876818473373,0.08961695145161093,0,True,0.0038856394399793214
2017-02-28,rev_orth,mv,44,0.005063434303870254,0.2654239058082119,0.049999999999999996,1.6895370031165033,2.42861286636753e-16,0.0267287689258295,0.09460766397790085,0,True,-0.0037799476227934107
2017-02-28,rev_orth,diag,44,0.005063434303870254,0.4902631134893476,0.049999999999999996,1.539206682098699,1.8388068845354155e-16,0.11300076136786963,0.08512078979072712,0,True,-0.0003295427512612813
2017-03-31,rev_orth,mv,44,0.005127914475096428,0.24245980088311395,0.049999999999999996,1.790349794473585,1.3877787807814457e-17,0.009888388421738344,0.0886483738327659,0,True,-0.0029572871924517727
2017-03-31,rev_orth,diag,44,0.005127914475096428,0.38129919796157097,0.049999999999999996,1.5223631827748259,5.551115123125783e-17,0.016915361475177235,0.11156631081912219,2,True,-0.0032622054065800836
2017-04-30,rev_orth,mv,46,0.00515563768195059,0.2946980979341891,0.05,1.8574718666244747,-4.85722573273506e-17,-0.004093868806674971,0.10000000001476314,1,True,0.0007361632822382187
2017-04-30,rev_orth,diag,46,0.00515563768195059,0.4105703892012412,0.05,1.8422089875744283,-5.204170427930421e-17,0.008959090547935582,0.06669663463225899,0,True,-0.00751800007641621
2017-05-31,rev_orth,mv,46,0.0047311550269994295,0.25378065452637866,0.05,1.9909818510465045,5.551115123125783e-17,0.07394989815102304,0.09964102666954171,0,True,0.010165564132082099
2017-05-31,rev_orth,diag,46,0.0047311550269994295,0.4244275507110344,0.049999999999999996,1.8370295428268313,-6.938893903907228e-17,0.14300037781766983,0.0847316023613839,0,True,0.003717269146078428
2017-06-30,rev_orth,mv,46,0.004887840878783694,0.24835747097484986,0.05,1.757546803023081,2.7755575615628914e-17,-0.04402030085404122,0.06377874957494216,0,True,-0.012660742468576609
2017-06-30,rev_orth,diag,46,0.004887840878783694,0.46757477591690944,0.049999999999999996,1.4716657477762776,1.3877787807814457e-16,-0.11394913776670801,0.06489310329144585,0,True,-0.013103965723366926
2017-07-31,rev_orth,mv,46,0.004505585063588109,0.23431962589094735,0.05,1.8671475294618505,1.457167719820518e-16,-0.07309858036513887,0.10000000025265561,1,True,0.02232895507273733
2017-07-31,rev_orth,diag,46,0.004505585063588109,0.39273670671304306,0.05,1.4922775688205605,2.7755575615628914e-17,-0.2180118228658447,0.07668383293472725,0,True,0.011429436013422056
2017-08-31,rev_orth,mv,46,0.004860630887810736,0.27286904621906105,0.05,1.798244246985271,6.938893903907228e-17,-0.03218466064834479,0.0999999999386135,1,True,0.01216045534333772
2017-08-31,rev_orth,diag,46,0.004860630887810736,0.46281086177263897,0.05,1.6562030861148018,-1.3877787807814457e-17,-0.1158011078707463,0.12218111764209132,1,True,0.0018713081429027783
2017-09-30,rev_orth,mv,45,0.004829509099680342,0.2571169043909598,0.05,1.7639763876959633,4.7271214720367993e-17,-0.026092872783371652,0.09999999969507696,1,True,0.005583198467595522
2017-09-30,rev_orth,diag,45,0.004829509099680342,0.4156371293025117,0.05,1.5867712216485501,2.6020852139652106e-17,-0.05189181690535319,0.1129664657342227,1,True,0.00696725570067349
2017-10-31,rev_orth,mv,45,0.00489902607537932,0.27968754897373216,0.05,2.0036594247035167,2.7755575615628914e-17,-0.02352160605152606,0.09999999968214289,1,True,-0.013962429691114988
2017-10-31,rev_orth,diag,45,0.00489902607537932,0.405471323774338,0.049999999999999996,1.7992964271050074,5.551115123125783e-17,-0.06080183957862192,0.07249523297041785,0,True,-0.019780993891017982
2017-11-30,rev_orth,mv,45,0.004148721343208101,0.21343946880555276,0.05,1.8759318358296748,2.0816681711721685e-17,-0.021080511102975617,0.0956290975108727,0,True,0.007000636481679894
2017-11-30,rev_orth,diag,45,0.004148721343208101,0.31672803173352093,0.05,1.830826553555634,0.0,-0.08691166038573452,0.07480340750351833,0,True,0.011326345547778494
2017-12-31,rev_orth,mv,46,0.004458603714613057,0.27225100362271243,0.05000000000000002,1.7683619526116232,4.683753385137379e-17,-0.03205619436132555,0.10000000014987998,1,True,0.018552668005075726
2017-12-31,rev_orth,diag,46,0.004458603714613057,0.32119198642986013,0.05,1.7054358343023603,5.377642775528102e-17,-0.11196978393733403,0.11315336743636634,1,True,0.011676239438369217
2018-01-31,rev_orth,mv,46,0.004778137199120355,0.25350509291001505,0.05,1.7218604249781573,-2.7755575615628914e-17,-0.06679527211349284,0.1000000000095522,1,True,-0.017708376240471686
2018-01-31,rev_orth,diag,46,0.004778137199120355,0.40237593778033043,0.049999999999999996,1.5980709379391969,1.1796119636642288e-16,-0.13698771627100567,0.08639524138764659,0,True,-0.01877178111324229
2018-02-28,rev_orth,mv,46,0.003980841183181551,0.24283665161000934,0.05000000000000002,2.031326609475898,-6.245004513516506e-17,-0.01504618449254647,0.09853347898042414,0,True,-0.017132818449992076
2018-02-28,rev_orth,diag,46,0.003980841183181551,0.36314857183415244,0.05,1.8802862985542155,-4.163336342344337e-17,-0.12488603953554508,0.06779513011967066,0,True,-0.015886618523064434
2018-03-31,rev_orth,mv,46,0.0032235007747277366,0.17638634368523984,0.05,1.577337976224198,5.551115123125783e-17,0.045124913174225324,0.0951532499538111,0,True,0.012589124575103198
2018-03-31,rev_orth,diag,46,0.0032235007747277366,0.2549331068542768,0.05,1.5096796316462564,-6.938893903907228e-18,0.1656620434767131,0.08078766352955456,0,True,0.0060787842835648195
2018-04-30,rev_orth,mv,46,0.0034053817699907615,0.18940736329598903,0.04999999999999999,1.754347028756897,1.5612511283791264e-17,-0.03213566522558316,0.10000000006568818,1,True,0.010619475204897385
2018-04-30,rev_orth,diag,46,0.0034053817699907615,0.22460373057435815,0.05000000000000001,1.7950359667903657,1.7694179454963432e-16,-0.034666514361339135,0.06409727822355023,0,True,0.013748553443555456
2018-05-31,rev_orth,mv,45,0.0038395140139931656,0.19911672935829464,0.05,1.8063366719037917,-9.71445146547012e-17,-0.0035329830866124724,0.09149845504004259,0,True,-0.03753507765509114
2018-05-31,rev_orth,diag,45,0.0038395140139931656,0.3472112807846374,0.05,1.6418707203442464,3.122502256758253e-17,0.007229346605690079,0.09921156518401253,0,True,-0.030159272939597036
2018-06-30,rev_orth,mv,45,0.002558372536980747,0.14252670891703617,0.05000000000000001,1.8783108812638314,-5.551115123125783e-17,-0.01170990655141509,0.09334956439118583,0,True,0.016530774374363802
2018-06-30,rev_orth,diag,45,0.002558372536980747,0.18776668647180672,0.05000000000000002,1.8414389811517329,4.85722573273506e-17,0.021267248691763156,0.09569558887478342,0,True,0.02802532238638962
2018-07-31,rev_orth,mv,45,0.003118037597486164,0.17037246601718098,0.05000000000000002,1.796163254220099,-9.367506770274758e-17,0.05098774139763645,0.09543343750645136,0,True,0.02405906798389983
2018-07-31,rev_orth,diag,45,0.003118037597486164,0.27374717295197387,0.05000000000000002,1.5764486916838116,-1.734723475976807e-17,0.16052476566341045,0.057653391921451386,0,True,0.010802121742521865
2018-08-31,rev_orth,mv,46,0.0033344176047446668,0.17753667132338882,0.049999999999999996,1.7808671702051078,1.3877787807814457e-17,0.00561781028241537,0.05480942916562577,0,True,0.011552162554542065
2018-08-31,rev_orth,diag,46,0.0033344176047446668,0.3190680073915732,0.05000000000000001,1.558179196312316,-1.0408340855860843e-17,-0.03367143549034244,0.0539623388780153,0,True,0.011932673411600411
2018-09-30,rev_orth,mv,46,0.0037577237958314183,0.17055673773604418,0.05,1.7748919645661807,-4.85722573273506e-17,0.0286543045187156,0.09999999950822192,1,True,-0.004676185586409997
2018-09-30,rev_orth,diag,46,0.0037577237958314183,0.2551101895005149,0.05,1.6410280396432582,-1.457167719820518e-16,0.09016066263926112,0.09133842176676694,0,True,-0.015910335677052367
2018-10-31,rev_orth,mv,46,0.0034769395058165476,0.18806495590220032,0.04999999999999999,1.8324138682267088,-7.632783294297951e-17,-0.03645021448270468,0.1000000002133743,1,True,0.013019027108307669
2018-10-31,rev_orth,diag,46,0.0034769395058165476,0.28915265857619277,0.05000000000000002,1.5991461845352688,-4.85722573273506e-17,-0.016955935157195245,0.0655152124612271,0,True,0.022377190127270963
2018-11-30,rev_orth,mv,46,0.0038002970049018057,0.19079808624740874,0.049999999999999996,1.809567660849676,5.204170427930421e-17,-0.05901887217098295,0.07483335895536751,0,True,0.01980205678622287
2018-11-30,rev_orth,diag,46,0.0038002970049018057,0.3708761879887265,0.05,1.5686791753060274,-1.3877787807814457e-17,-0.15156151652486952,0.0642611250108997,0,True,0.013411086089928758
2018-12-31,rev_orth,mv,46,0.0043363035969212855,0.25164540250057293,0.05000000000000002,1.632172221793959,-6.938893903907228e-18,0.002678955980507328,0.08736312751061423,0,True,0.00027274416006404346
2018-12-31,rev_orth,diag,46,0.0043363035969212855,0.3552149314563846,0.04999999999999999,1.6164870480349136,2.211772431870429e-17,0.015555734570517406,0.0769014113906634,0,True,-0.0005851139716113625
2019-01-31,rev_orth,mv,46,0.004323710385173497,0.17184304140941903,0.05,1.7494409290468673,3.8163916471489756e-17,-0.005966191310824051,0.1000000002230215,2,True,-0.002716044737458108
2019-01-31,rev_orth,diag,46,0.004323710385173497,0.32038185643020994,0.05000000000000001,1.7188161642125412,3.469446951953614e-17,0.011044472685676167,0.0966243337360504,0,True,0.002298463099665469
2019-02-28,rev_orth,mv,46,0.00447629899929831,0.19968527510974138,0.05,1.7926450850064772,8.326672684688674e-17,0.00052641045029555,0.08472046766086078,0,True,-0.015178840976141623
2019-02-28,rev_orth,diag,46,0.00447629899929831,0.3611312797537659,0.05,1.5566012516593783,-2.0816681711721685e-17,0.022732023894083873,0.10890118703492445,1,True,-0.0227963839312478
2019-03-31,rev_orth,mv,46,0.0040554800918886184,0.19549958245361446,0.05,1.6458997906381796,-4.163336342344337e-17,0.03897032673073737,0.10000000010603859,1,True,-0.019113347848866844
2019-03-31,rev_orth,diag,46,0.0040554800918886184,0.3166678616519098,0.05,1.5351028953688919,-4.163336342344337e-17,0.10855014596111266,0.08822045158725969,0,True,-0.022627525637779786
2019-04-30,rev_orth,mv,46,0.0032910022144479367,0.1647402782161059,0.04999999999999998,1.773655545115611,1.734723475976807e-17,-0.07476221526387493,0.0999999999612557,1,True,0.02451271492119832
2019-04-30,rev_orth,diag,46,0.0032910022144479367,0.28415009617682063,0.05,1.6264323561649305,-6.765421556309548e-17,-0.14366390473937155,0.09136656666607074,0,True,0.035223186791105275
2019-05-31,rev_orth,mv,46,0.004159734629761087,0.2327173709641649,0.05000000000000001,1.8464403661554114,6.938893903907228e-17,-0.01366552442616234,0.08904731600636194,0,True,-0.006237604973231601
2019-05-31,rev_orth,diag,46,0.004159734629761087,0.34038460733556586,0.05000000000000001,1.733120895019732,-8.326672684688674e-17,-0.07261064374968935,0.07574061998966432,0,True,-0.010025583906012613
2019-06-30,rev_orth,mv,47,0.003694505503228461,0.19726701123040277,0.05,1.7914406835786487,-4.163336342344337e-17,-0.003190035825333938,0.10000000011148345,1,True,0.006974159440784849
2019-06-30,rev_orth,diag,47,0.003694505503228461,0.3119890432531401,0.049999999999999996,1.7278860779243677,-5.551115123125783e-17,-0.03101910496870699,0.10240758387091084,1,True,-0.00019132114292988567
2019-07-31,rev_orth,mv,47,0.0036830678014024773,0.19073374023916587,0.05,1.6466805313020725,-5.551115123125783e-17,-0.026463774511750457,0.07849082364268986,0,True,0.005828676255846235
2019-07-31,rev_orth,diag,47,0.0036830678014024773,0.30735614008787426,0.04999999999999999,1.502787904341683,-9.367506770274758e-17,-0.06619794305155847,0.11538314780786443,1,True,0.006332969160403693
2019-08-31,rev_orth,mv,47,0.004258090206435355,0.22545979661760726,0.049999999999999996,1.7213896698093871,-5.377642775528102e-17,0.007311631281648605,0.07193926893029857,0,True,-0.0018601154204218125
2019-08-31,rev_orth,diag,47,0.004258090206435355,0.38546033492152215,0.05000000000000002,1.5217472826726948,2.168404344971009e-18,-0.024769731999791992,0.09985647585233581,0,True,-0.003987391910161186
2019-09-30,rev_orth,mv,47,0.003926099976632808,0.1887378358778445,0.05000000000000002,1.8021324890691481,5.551115123125783e-17,0.018145570050356916,0.09608246732876803,0,True,0.0228514753861367
2019-09-30,rev_orth,diag,47,0.003926099976632808,0.2841793181955089,0.05,1.712081612419446,7.632783294297951e-17,0.023741057605366718,0.1040116997713509,1,True,0.017053408899664283
2019-10-31,rev_orth,mv,47,0.0044884753549801065,0.23462641414332275,0.05,1.7259672410180895,-7.45931094670027e-17,-0.04494702436782104,0.09726522959042967,0,True,0.004992294337635095
2019-10-31,rev_orth,diag,47,0.0044884753549801065,0.42072275459061187,0.05000000000000001,1.5087213346832828,-7.632783294297951e-17,-0.12730866290688442,0.0814277686324685,0,True,0.0020408226379173187
2019-11-30,rev_orth,mv,46,0.0045524311416269905,0.2574659991259417,0.04999999999999999,1.8040661934888793,6.245004513516506e-17,-0.03557248114570993,0.09160949137708298,0,True,0.0013402435197542582
2019-11-30,rev_orth,diag,46,0.0045524311416269905,0.41149981759098403,0.049999999999999996,1.729000982666715,-1.3877787807814457e-17,-0.11680822058313371,0.08966940940865391,0,True,0.0007651382410145543
2019-12-31,rev_orth,mv,45,0.00445943335339681,0.21851351591151333,0.05,1.9133968121217608,9.367506770274758e-17,-0.06558926452051604,0.10000000005858538,1,True,-0.002437644245564045
2019-12-31,rev_orth,diag,45,0.00445943335339681,0.4631941297537121,0.05000000000000001,1.4141255389503335,-9.020562075079397e-17,-0.2083350044842006,0.08961626951338122,0,True,0.014042694933573702
2020-01-31,rev_orth,mv,45,0.00489332283857396,0.22404845429898812,0.05000000000000002,1.5102851520517093,9.367506770274758e-17,-0.01961793869242276,0.09999999979800323,1,True,0.014524967550532654
2020-01-31,rev_orth,diag,45,0.00489332283857396,0.40777867320135813,0.05,1.3890604563568516,3.122502256758253e-17,-0.10181014131906452,0.09550260725570323,0,True,0.014818164677744276
2020-02-29,rev_orth,mv,46,0.0054387705968532716,0.25405653455883387,0.049999999999999996,1.611716299188036,-3.469446951953614e-17,-0.022648742856997438,0.10000000002083176,1,True,0.03441802050079842
2020-02-29,rev_orth,diag,46,0.0054387705968532716,0.4872013114080093,0.049999999999999996,1.5056584803052495,-2.7755575615628914e-17,-0.04481239580162665,0.08489276789031748,0,True,0.03719448248023374
2020-03-31,rev_orth,mv,45,0.005592044266101076,0.28963853681598484,0.05,1.4344924892166087,8.326672684688674e-17,-0.06762769491974607,0.06645371478350082,0,True,0.00039793125646515973
2020-03-31,rev_orth,diag,45,0.005592044266101076,0.5433263933621475,0.05,1.4371989596749506,1.0755285551056204e-16,-0.11714869581835083,0.07618958312132948,0,True,-0.004125927547752396
2020-04-30,rev_orth,mv,46,0.005717122058906969,0.28593835033919185,0.05,1.6230731447179298,3.469446951953614e-17,-0.030560915632400203,0.09999999801915782,1,True,-0.010816713200272913
2020-04-30,rev_orth,diag,46,0.005717122058906969,0.5042553787224199,0.05,1.563096637051238,4.85722573273506e-17,-0.04054624042098275,0.07078341798681384,0,True,-0.017829908240531912
2020-05-31,rev_orth,mv,45,0.005108724689564142,0.23379022476701125,0.05000000000000001,1.5899043478487467,-4.85722573273506e-17,-0.02072910736384612,0.08270957258606323,0,True,0.005058372442246752
2020-05-31,rev_orth,diag,45,0.005108724689564142,0.44326654472129284,0.04999999999999999,1.5481005371105174,-2.42861286636753e-17,-0.009930977685802726,0.07488541013162268,0,True,0.007659668517166699
2020-06-30,rev_orth,mv,45,0.005237446623875917,0.25679829380570085,0.049999999999999996,1.5015076295248388,6.938893903907228e-18,0.019309563593931017,0.10000000005385863,1,True,0.0010624006762594731
2020-06-30,rev_orth,diag,45,0.005237446623875917,0.5342588381642288,0.04999999999999999,1.3042414996296325,1.734723475976807e-18,0.07855074295482885,0.09564802476796275,0,True,0.0054034938296287265
2020-07-31,rev_orth,mv,45,0.005321959261041231,0.25145637327289333,0.049999999999999996,1.5747754549521378,-6.245004513516506e-17,0.016216207784911788,0.09999999994426571,1,True,-0.005603063934189937
2020-07-31,rev_orth,diag,45,0.005321959261041231,0.4381089094385518,0.05,1.445196466371843,2.0816681711721685e-17,0.03428952527518211,0.10034271722065048,1,True,-0.006951017718265482
2020-08-31,rev_orth,mv,45,0.005140408388053754,0.21716523106134328,0.04999999999999999,1.516786680101999,-2.7755575615628914e-17,-0.0028826469990787546,0.07768600125364715,0,True,0.0005911776983423363
2020-08-31,rev_orth,diag,45,0.005140408388053754,0.4583674002759092,0.04999999999999999,1.3745879152480927,8.326672684688674e-17,0.01811940245023878,0.07019007542965665,0,True,0.0029671977872750867
2020-09-30,rev_orth,mv,45,0.0053542155344825015,0.19855848017658068,0.05,1.5346929606970294,4.163336342344337e-17,0.03209078063789135,0.1000000000903649,1,True,0.011002943572465758
2020-09-30,rev_orth,diag,45,0.0053542155344825015,0.34782696660120543,0.04999999999999999,1.5232771713315407,-6.938893903907228e-18,0.01887649211703521,0.12061125385463974,1,True,0.009563896582445483
2020-10-31,rev_orth,mv,45,0.005649944983839448,0.2506126112943438,0.05,1.4581959961718416,5.551115123125783e-17,-0.017752406227357055,0.08908405629978344,0,True,-0.0030676520787954616
2020-10-31,rev_orth,diag,45,0.005649944983839448,0.5577606620563795,0.05,1.2990255122888772,1.734723475976807e-18,0.03122071135937462,0.0865713533767344,0,True,0.006506172918799658
2020-11-30,rev_orth,mv,45,0.005895407776857391,0.2666683914154509,0.05000000000000002,1.5166322700909938,-1.3877787807814457e-17,-0.005074939902422554,0.06887413373542049,0,True,-0.009129891368980153
2020-11-30,rev_orth,diag,45,0.005895407776857391,0.6043512137696896,0.05,1.311247830886792,-4.163336342344337e-17,-0.03818555286723362,0.11646167330417247,1,True,-0.011595043508007791
2020-12-31,rev_orth,mv,45,0.005566868838082061,0.25440351782319354,0.04999999999999999,1.4199162344205796,1.734723475976807e-17,0.01793746679004338,0.10000000002953836,1,True,0.008010259790028134
2020-12-31,rev_orth,diag,45,0.005566868838082061,0.5210936817824784,0.05,1.308682074283103,-7.546047120499111e-17,0.07690914644836837,0.09310924467900025,0,True,0.013024691056779907
2021-01-31,rev_orth,mv,45,0.005992103913291761,0.2769145208272858,0.05000000000000002,1.2593338191172592,1.0408340855860843e-17,-0.014368308606322645,0.0999999999348862,1,True,-0.00024316663234158457
2021-01-31,rev_orth,diag,45,0.005992103913291761,0.5461687223309856,0.05,1.2337855567670875,1.734723475976807e-18,-0.019173824167020913,0.09868499503916492,0,True,0.0052249090489621215
2021-02-28,rev_orth,mv,45,0.005967310972984616,0.3066979616647531,0.05,1.5662873965053625,5.0306980803327406e-17,0.0002617157369241903,0.09999999994415089,1,True,0.006590767611441849
2021-02-28,rev_orth,diag,45,0.005967310972984616,0.6145480092490423,0.05000000000000001,1.5020737294036564,3.6239457615327986e-17,0.017596711234786636,0.052909532191887695,0,True,0.012899599638161525
2021-03-31,rev_orth,mv,44,0.00605677750052663,0.294185540099181,0.05,1.337776411521791,-1.3877787807814457e-17,0.007773304885934399,0.08262254884826285,0,True,0.008451581529503881
2021-03-31,rev_orth,diag,44,0.00605677750052663,0.5399674841060254,0.05,1.2057691021526389,1.3877787807814457e-17,0.026080446139327793,0.10953010937093417,1,True,0.010161275626868685
2021-04-30,rev_orth,mv,44,0.0065904306846967225,0.2809528915385252,0.05,1.302568714602517,-2.7755575615628914e-17,0.03692603469396164,0.08352887186757998,0,True,0.001450275075554327
2021-04-30,rev_orth,diag,44,0.0065904306846967225,0.6061201097313219,0.05000000000000002,1.12540018192861,-9.367506770274758e-17,0.08414458290466147,0.1280500896517328,1,True,0.008123365394597992
2021-05-31,rev_orth,mv,45,0.006851232958515821,0.37257331148903855,0.05000000000000002,1.4074184203579765,2.7755575615628914e-17,0.03988269753344565,0.08846185485853501,0,True,-0.003870832968804775
2021-05-31,rev_orth,diag,45,0.006851232958515821,0.7456894714930173,0.05,1.3114282789258016,2.5673907444456745e-16,0.02624897470615468,0.0636203364748117,0,True,-0.013205411402780556
2021-06-30,rev_orth,mv,45,0.0064194677561297655,0.3279096880736837,0.04999999999999999,1.2158184005664583,3.469446951953614e-17,0.054926370077226026,0.10000000000863606,1,True,-0.007160079225689457
2021-06-30,rev_orth,diag,45,0.0064194677561297655,0.6108972505813097,0.05,1.2766730523170164,3.8163916471489756e-17,0.07788488638625105,0.07896191233181873,0,True,-0.006100976274570244
2021-07-31,rev_orth,mv,45,0.00627801404997606,0.30803341521639555,0.05000000000000001,1.2237776886710092,5.551115123125783e-17,0.006968740984437265,0.10000000000800922,1,True,0.010564856736259941
2021-07-31,rev_orth,diag,45,0.00627801404997606,0.4894685106271269,0.05000000000000002,1.2294105291914847,-3.469446951953614e-18,0.015099500801258782,0.0987119884549418,0,True,0.00423657778028092
2021-08-31,rev_orth,mv,44,0.0061696228827117115,0.3417369461601072,0.04999999999999999,1.4593365916062417,2.7755575615628914e-17,0.049596679809356135,0.09999999990873909,1,True,-0.006188240311077835
2021-08-31,rev_orth,diag,44,0.0061696228827117115,0.5317505568764325,0.04999999999999999,1.4483987948135166,-1.0408340855860843e-17,0.040296448528038015,0.0683135431955137,0,True,-0.005968784284369067
2021-09-30,rev_orth,mv,44,0.006111392630761058,0.3212699056566607,0.05,1.3110942998443362,-2.6020852139652106e-17,-0.005772783776252281,0.09378829727700635,0,True,0.011302652830832637
2021-09-30,rev_orth,diag,44,0.006111392630761058,0.5353650271321057,0.05000000000000002,1.3021943028751237,-4.336808689942018e-19,-0.03511769943354038,0.09443854985150325,0,True,0.0010980645186646095
2021-10-31,rev_orth,mv,44,0.006171205373480418,0.29725896610287933,0.04999999999999999,1.2749875489358056,-1.0408340855860843e-17,-0.02590197100216657,0.07783466673488348,0,True,-0.017238767717509252
2021-10-31,rev_orth,diag,44,0.006171205373480418,0.5265266806709753,0.04999999999999998,1.3436815296913018,-6.938893903907228e-18,-0.0974111127028716,0.06375821386575052,0,True,-0.01928827159689478
2021-11-30,rev_orth,mv,44,0.005447075775801012,0.28936579035668625,0.05,1.3759339110449884,6.158268339717665e-17,-0.016648843562078956,0.06918760744431934,0,True,0.008121248046764902
2021-11-30,rev_orth,diag,44,0.005447075775801012,0.4481497184940648,0.05,1.3559903420537138,-2.3852447794681098e-17,-0.05028534880118696,0.0851761695711963,0,True,0.009789622324297264
2021-12-31,rev_orth,mv,44,0.0051700718122972235,0.25604600542830314,0.049999999999999996,1.3325752663191954,-3.122502256758253e-17,-0.03850360771117456,0.09999999994024836,1,True,-0.005825425504621554
2021-12-31,rev_orth,diag,44,0.0051700718122972235,0.4784436428280729,0.05,1.3024453029662664,1.1449174941446927e-16,-0.10368836385410429,0.09795607783468083,0,True,-0.0067694376790498135
2022-01-31,rev_orth,mv,44,0.005007007587551891,0.25138261288623287,0.05,1.1691123307921083,2.949029909160572e-17,0.01964315879179077,0.0907901958884548,0,True,-0.015662315559228614
2022-01-31,rev_orth,diag,44,0.005007007587551891,0.42004039102546686,0.04999999999999999,1.1513096815151176,-3.0357660829594124e-17,0.033960338609991064,0.10043044333536795,1,True,-0.017733708545849023
2022-02-28,rev_orth,mv,46,0.004436848485125801,0.19291282232038776,0.049999999999999996,1.4118788077291824,-3.469446951953614e-17,0.034629041118035615,0.08109684974157098,0,True,0.005608607734007133
2022-02-28,rev_orth,diag,46,0.004436848485125801,0.4009441431071374,0.05,1.2788715651521327,-1.3877787807814457e-17,0.061246861066669996,0.06986699983825574,0,True,-0.0004141431079087998
2022-03-31,rev_orth,mv,47,0.004523282044714387,0.17972604684488228,0.05,1.4525763611393414,-2.0816681711721685e-17,0.04780639850681173,0.08917398434264737,0,True,0.006012540453232442
2022-03-31,rev_orth,diag,47,0.004523282044714387,0.28552009081315327,0.049999999999999996,1.4928285138488278,4.85722573273506e-17,0.10347162359140609,0.07473686422218986,0,True,0.008052925175174051
2022-04-30,rev_orth,mv,46,0.004710036028852102,0.22653375490775515,0.049999999999999996,1.4155766253224193,-6.938893903907228e-18,0.04374249221661665,0.1000000000073174,2,True,0.005338978474669241
2022-04-30,rev_orth,diag,46,0.004710036028852102,0.3715730326712538,0.05,1.1641492560548787,-1.9081958235744878e-17,0.14090807985136394,0.12288384685704551,1,True,-0.0017588803433224972
2022-05-31,rev_orth,mv,46,0.004575625514506238,0.22315344999468667,0.05,1.6909637211954776,6.938893903907228e-17,0.07944146410225598,0.08316987520042644,0,True,-0.021986533244027474
2022-05-31,rev_orth,diag,46,0.004575625514506238,0.43818363856297926,0.049999999999999996,1.3874965369307737,0.0,0.14168490788492077,0.06707327723754132,0,True,-0.026277489061008425
2022-06-30,rev_orth,mv,46,0.003800518497272241,0.177248709796031,0.05,1.6213157315110922,-3.122502256758253e-17,0.03898979721689855,0.10000000000914924,1,True,0.019168310223696614
2022-06-30,rev_orth,diag,46,0.003800518497272241,0.27642056407549387,0.05,1.5691519668684564,3.8163916471489756e-17,0.05931782974621829,0.06886445822031854,0,True,0.011869556700624688
2022-07-31,rev_orth,mv,46,0.004058629929425834,0.17819722004148317,0.05000000000000001,1.347050695073659,-6.245004513516506e-17,0.01725776301014545,0.10000000006485217,2,True,-0.005965477077030618
2022-07-31,rev_orth,diag,46,0.004058629929425834,0.27902623971779794,0.04999999999999999,1.2226746589056163,2.7755575615628914e-17,0.08209430894287957,0.11084979974838909,1,True,-0.006985568722121386
2022-08-31,rev_orth,mv,46,0.0038575062149945956,0.19589640079518655,0.05,1.3859058713557146,4.85722573273506e-17,0.07688484812284634,0.09654490650561365,0,True,1.618430055133391e-05
2022-08-31,rev_orth,diag,46,0.0038575062149945956,0.3987578515563156,0.04999999999999999,1.265242092633643,1.3877787807814457e-17,0.1454403007389523,0.06876469349259279,0,True,-0.0022664356143093107
2022-09-30,rev_orth,mv,45,0.0038499270250420183,0.20282725894108372,0.05000000000000002,1.4512373052869834,5.0306980803327406e-17,0.01726148836899538,0.09903192383279481,0,True,-0.006897630195128319
2022-09-30,rev_orth,diag,45,0.0038499270250420183,0.32667990847017814,0.05000000000000002,1.425333612619305,3.122502256758253e-17,0.022050285520632092,0.07150805535888793,0,True,0.0012579099305299736
2022-10-31,rev_orth,mv,46,0.0036605233580466784,0.1994693095319825,0.05,1.419730466585105,8.33895452689859e-13,-0.021911119591194964,0.10000000000276095,1,True,-0.02552742496296557
2022-10-31,rev_orth,diag,46,0.0036605233580466784,0.3318139145275098,0.049999999999999996,1.3696511495420793,-3.469446951953614e-17,-0.025642237852003914,0.06755649711408387,0,True,-0.02630672289612092
2022-11-30,rev_orth,mv,46,0.0029360190687716115,0.1518544980362666,0.05000000000000001,1.432774218567287,4.683753385137379e-17,0.006141138841014068,0.06906525370186475,0,True,-0.006091944131598412
2022-11-30,rev_orth,diag,46,0.0029360190687716115,0.2710874716721293,0.05000000000000001,1.3957395882365793,-1.3183898417423734e-16,0.0044355685225264735,0.0851484071375951,0,True,-0.0027408051050877695
2022-12-31,rev_orth,mv,46,0.0028535276096762637,0.14425974973635614,0.05,1.4961910543512567,1.214306433183765e-17,-0.03894280966505122,0.10000000000494735,1,True,-0.017803531114619926
2022-12-31,rev_orth,diag,46,0.0028535276096762637,0.2840893496718822,0.05000000000000002,1.3793689350309497,-4.336808689942018e-17,-0.04804846460976036,0.08178395058961274,0,True,-0.022249565696334513
2023-01-31,rev_orth,mv,46,0.0021520939613943082,0.09544243167589947,0.05,1.2657037630216832,2.0816681711721685e-17,-0.03725460558351714,0.10000000013953438,1,True,-0.017247090857683254
2023-01-31,rev_orth,diag,46,0.0021520939613943082,0.1948186237727038,0.05,1.1689714285167205,-1.1102230246251565e-16,-0.052678717727309816,0.09790424543298329,0,True,-0.01751715436475372
2023-02-28,rev_orth,mv,46,0.001482765280588586,0.07558792679447289,0.05,1.4874489661019594,-2.7755575615628914e-17,0.02530708797657204,0.0755524385718369,0,True,0.001448203672049953
2023-02-28,rev_orth,diag,46,0.001482765280588586,0.145249370331941,0.05,1.3511188564493049,-2.0816681711721685e-17,0.07461965899097171,0.07132928939293527,0,True,-0.0029026160967118753
2023-03-31,rev_orth,mv,46,0.0017228466329639752,0.09055703896109576,0.05,1.4493733211564377,5.551115123125783e-17,0.056426836899908454,0.09347831053373691,0,True,-0.004163829366680232
2023-03-31,rev_orth,diag,46,0.0017228466329639752,0.15961617289549773,0.04999999999999999,1.3298977916327432,-2.42861286636753e-17,0.12579798312900184,0.05836037698509789,0,True,-0.008412126895102595
2023-04-30,rev_orth,mv,46,0.0014597701392385094,0.08436501736009885,0.05000000000000002,1.3311963808098406,3.469446951953614e-17,-0.0005833778144028175,0.10000000000690595,2,True,-0.022338925843355402
2023-04-30,rev_orth,diag,46,0.0014597701392385094,0.1225935784394891,0.05,1.3019000759968176,-4.163336342344337e-17,-0.03610097354181563,0.08723337239833524,0,True,-0.031033756142874038
2023-05-31,rev_orth,mv,45,0.0007365173576208777,0.04046201890301452,0.05000000000000002,1.4927776576852254,-2.881267273380228e-17,-0.01820606662276887,0.08939800692231317,0,True,0.006430690645641547
2023-05-31,rev_orth,diag,45,0.0007365173576208777,0.06321500241953219,0.05000000000000001,1.4615429174235888,-5.637851296924623e-17,-0.05868549501446094,0.0667356045504637,0,True,0.008384011499411124
2023-06-30,rev_orth,mv,46,0.0007740764415795328,0.03863628974393129,0.049999999999999996,1.1521047857243139,-6.938893903907228e-18,-0.013119292792048876,0.07532929846804641,0,True,-0.00395033979556037
2023-06-30,rev_orth,diag,46,0.0007740764415795328,0.06403558659958902,0.05000000000000001,1.1932457127067562,2.0816681711721685e-17,0.014571978051087836,0.08145612056549231,0,True,-0.005045757755423908
2023-07-31,rev_orth,mv,46,0.0004887397057128426,0.02480740841919646,0.05,1.3023573868100542,-6.938893903907228e-18,-0.04193430192793599,0.09999995973475968,1,True,-0.0033773826537110926
2023-07-31,rev_orth,diag,46,0.0004887397057128426,0.04359205204189539,0.05000000000000001,1.1264197935538094,0.0,-0.09822891932886173,0.06477229048546648,0,True,-0.00012737388001058989
2023-08-31,rev_orth,mv,47,0.0003931096683771369,0.01936298111403585,0.05,1.357442366757747,-7.632783294297951e-17,-0.050735938960426726,0.07545335852984658,0,True,-0.016357575584748853
2023-08-31,rev_orth,diag,47,0.0003931096683771369,0.04365654925025142,0.05,1.18800307598141,1.734723475976807e-17,-0.1256668342109189,0.07306312749458352,0,True,-0.010467887687982931
2023-09-30,rev_orth,mv,47,0.00033506698580009506,0.018113806585571997,0.049999999999999996,1.4191884750403263,1.3877787807814457e-17,-0.010397781811147913,0.08363084643740332,0,True,0.009518557330902084
2023-09-30,rev_orth,diag,47,0.00033506698580009506,0.03319764427156366,0.05,1.2538556583866798,1.3183898417423734e-16,0.010603919423274186,0.08121372860570576,0,True,-0.0036505150299716003
2023-10-31,rev_orth,mv,47,0.00018812154047861347,0.011045017807226267,0.05000000000000001,1.3902343259776162,2.7755575615628914e-17,-0.0227810220402058,0.10000000142513711,1,True,-0.009856021118226976
2023-10-31,rev_orth,diag,47,0.00018812154047861347,0.017649420921221792,0.05,1.2438649920993452,-2.6020852139652106e-18,-0.10679385483336122,0.06335519313072693,0,True,-0.01384034658786296
2023-11-30,rev_orth,mv,46,-0.00030236048694246237,0.015234325583652302,0.05,1.377681491023234,2.0816681711721685e-17,0.01804956505351683,0.07748142748171438,0,True,0.006267854308080246
2023-11-30,rev_orth,diag,46,-0.00030236048694246237,0.026857930138974757,0.049999999999999996,1.3790987871238651,-1.3877787807814457e-17,0.05063946400580522,0.08735535568938253,0,True,0.007070685247432168
2023-12-31,rev_orth,mv,46,-0.0005641131566298639,0.0284459530545368,0.05,1.5374729904481683,-2.42861286636753e-17,0.030804621157404614,0.08888033220991601,0,True,-0.005679537907575396
2023-12-31,rev_orth,diag,46,-0.0005641131566298639,0.05736841908481456,0.04999999999999999,1.297035965524074,2.7755575615628914e-17,0.06934115349747112,0.07776454900864938,0,True,-0.005652834130302314
2024-01-31,rev_orth,mv,46,-0.0005356292586209076,0.023921549344064576,0.05,1.319909231415919,-2.7755575615628914e-17,0.040365536428738524,0.09999999772559813,1,True,0.007537165160500072
2024-01-31,rev_orth,diag,46,-0.0005356292586209076,0.0409753591372302,0.05,1.1694827289579202,8.847089727481716e-17,0.09798314955639072,0.12333760964724973,1,True,0.004431898070674965
2024-02-29,rev_orth,mv,46,-0.0008407397273649976,0.03990874034969063,0.05,1.4513570355911882,-1.3877787807814457e-17,0.02986607624992469,0.06710736626199082,0,True,-0.004141426082480523
2024-02-29,rev_orth,diag,46,-0.0008407397273649976,0.07164818792878547,0.05000000000000001,1.3448468144683148,-6.938893903907228e-17,0.08525056084210017,0.053483528828419245,0,True,0.0021226510634830527
2024-03-31,rev_orth,mv,46,-0.0007968294402812699,0.0470731554015855,0.05,1.1033920874692031,-1.3877787807814457e-17,0.0020991434120882064,0.10000000000677023,2,True,0.005446542138613628
2024-03-31,rev_orth,diag,46,-0.0007968294402812699,0.06145371439257424,0.049999999999999996,1.135229978032735,1.1102230246251565e-16,-0.004407938787476241,0.05454751019893016,0,True,0.01009433134592465
2024-04-30,rev_orth,mv,46,-0.0011175242517607697,0.058946471970809496,0.05000000000000002,1.309049541224185,6.938893903907228e-18,-0.02640662169381728,0.10000000000941005,1,True,-0.00036435866479247276
2024-04-30,rev_orth,diag,46,-0.0011175242517607697,0.08619964186146033,0.05,1.332869751164254,-6.938893903907228e-18,-0.03531111429537329,0.08906586191731557,0,True,-0.0014448892039754019
2024-05-31,rev_orth,mv,45,-0.0008696473832326893,0.04913823682576823,0.05,1.3571112758120811,-1.3877787807814457e-17,0.006838406912921628,0.08081314884581813,0,True,-0.017914276881710194
2024-05-31,rev_orth,diag,45,-0.0008696473832326893,0.07902750259964698,0.05000000000000001,1.324911973136897,1.1102230246251565e-16,0.051641044654443476,0.05652267421592156,0,True,-0.02024596967310105
2024-06-30,rev_orth,mv,46,-0.000348598873415684,0.01678857500405767,0.04999999999999998,1.2423062170970842,5.551115123125783e-17,0.004627207091200925,0.09999988656982044,0,True,0.0005542382003838071
2024-06-30,rev_orth,diag,46,-0.000348598873415684,0.02870879086409868,0.05,1.0557912777489884,2.42861286636753e-17,0.0381124975612024,0.10468415508387562,1,True,0.016649318699002057
2024-07-31,rev_orth,mv,46,-0.0007012482308445414,0.04169063275759869,0.05000000000000001,1.3689029210039134,5.551115123125783e-17,0.004227984144662838,0.10000000043684855,1,True,-0.0010872434854524418
2024-07-31,rev_orth,diag,46,-0.0007012482308445414,0.05718962296618922,0.05,1.3597592013401218,-2.7755575615628914e-17,-0.0023402606790319113,0.10162135663548878,1,True,-0.0024044447217562315
2024-08-31,rev_orth,mv,46,-0.0004859348283662453,0.024316244788014443,0.05,1.343309032426381,-7.632783294297951e-17,0.0289962436159594,0.09774332686274219,0,True,0.008339396333235752
2024-08-31,rev_orth,diag,46,-0.0004859348283662453,0.04497262813122018,0.049999999999999996,1.275121795709887,6.245004513516506e-17,0.09622765363657354,0.07695429504021206,0,True,0.010880654360052526
2024-09-30,rev_orth,mv,46,-0.0007190388752659354,0.02915631334782132,0.05,1.4511894528516747,1.0408340855860843e-17,-0.006375482820700973,0.10000000056184702,1,True,0.007580407416072959
2024-09-30,rev_orth,diag,46,-0.0007190388752659354,0.05675854256679204,0.05,1.2648333648964738,4.85722573273506e-17,-0.04340126372750956,0.10238256766715771,1,True,0.0053931542026839155
2024-10-31,rev_orth,mv,46,-0.0008000209690890073,0.04206537495303402,0.05000000000000002,1.3871829825040218,1.734723475976807e-17,0.016432917455444875,0.09999999758306215,1,True,-0.002891078917418101
2024-10-31,rev_orth,diag,46,-0.0008000209690890073,0.06478091983784037,0.05000000000000002,1.2892728376518416,1.2793585635328952e-17,0.05190699111525625,0.10541036530951733,1,True,-0.006365124259188678
2024-11-30,rev_orth,mv,45,-0.0007432542855925717,0.03934193022164402,0.05,1.41708969564251,4.163336342344337e-17,-0.02435093678275779,0.06217423625560674,0,True,-0.02132244029541937
2024-11-30,rev_orth,diag,45,-0.0007432542855925717,0.07109722901738831,0.05,1.2929059497063145,-4.163336342344337e-17,-0.020286830223544765,0.10530277508703133,1,True,-0.02887573072555302
2024-12-31,rev_orth,mv,45,6.302967769237808e-05,0.003375364582134732,0.05000000000000002,1.4240480979456984,1.0408340855860843e-16,0.007102429162092027,0.10000000245195509,1,True,0.0008938693189974741
2024-12-31,rev_orth,diag,45,6.302967769237808e-05,0.005066842704990319,0.04999999999999999,1.3826148304310315,4.163336342344337e-17,-0.03051623758924644,0.06807996845329196,0,True,-0.005828978630647021
2025-01-31,rev_orth,mv,45,0.00012328483929380425,0.0050531779760939356,0.05000000000000001,1.5264427909253768,-7.632783294297951e-17,0.0502729584438838,0.0999998988005158,0,True,0.0025265795172560723
2025-01-31,rev_orth,diag,45,0.00012328483929380425,0.009372848185862469,0.05000000000000001,1.2464114542636617,1.3877787807814457e-17,0.1045232548982868,0.11102124904360358,1,True,-0.005663760068987845
2025-02-28,rev_orth,mv,44,-0.00020334993827143865,0.011018701800888193,0.049999999999999996,1.5905854956488477,-3.469446951953614e-17,-0.004435799478752401,0.08729393650175833,0,True,0.025407716476513395
2025-02-28,rev_orth,diag,44,-0.00020334993827143865,0.019095230813364946,0.05,1.4433029569776268,6.938893903907228e-17,-0.001589958901038682,0.0703988108515117,0,True,0.024328187495528703
2025-03-31,rev_orth,mv,45,-0.0009257794535890356,0.05502613109795313,0.049999999999999996,1.2129303371876508,2.42861286636753e-17,-0.011569271102648914,0.09283861396369339,0,True,0.021164804230936186
2025-03-31,rev_orth,diag,45,-0.0009257794535890356,0.07494807632544545,0.05000000000000002,1.089921163405851,7.19910242530375e-17,0.0145346032877677,0.07631389894846823,0,True,0.010943236778062488
2025-04-30,rev_orth,mv,44,-0.0012566532288646817,0.0645157913424916,0.05,1.1042918929426535,3.469446951953614e-18,-0.00146923618442864,0.10000000037977617,3,True,-0.0061852191004105085
2025-04-30,rev_orth,diag,44,-0.0012566532288646817,0.095106690263058,0.05,1.1528368946227463,-2.7755575615628914e-17,-0.0030756243892405477,0.10419369925855793,2,True,-0.0007184601413572282
2025-05-31,rev_orth,mv,44,-0.0015907161878145957,0.08897405582756944,0.05,1.2905885004418125,5.898059818321144e-17,-0.005716636158604963,0.09478791120055081,0,True,-0.03748809660688416
2025-05-31,rev_orth,diag,44,-0.0015907161878145957,0.13500850836033038,0.05,1.3076926730328986,3.469446951953614e-17,-0.03309654023713439,0.09907257445974495,0,True,-0.03408070608253817
2025-06-30,rev_orth,mv,45,-0.0008048320872493528,0.04006157311291101,0.05,1.1139392820656788,-5.377642775528102e-17,-0.07835545719922733,0.09999999747305476,1,True,-0.00885083345286804
2025-06-30,rev_orth,diag,45,-0.0008048320872493528,0.06861093731791698,0.049999999999999996,1.085357927331645,-1.3877787807814457e-17,-0.18497495121096066,0.0925201013745225,0,True,-0.010895557684715621
2025-07-31,rev_orth,mv,46,-0.0003203553619875502,0.01715591631403247,0.049999999999999996,1.4846782656132573,1.3877787807814457e-17,-0.05266002599800635,0.09999998802779712,1,True,-0.0004791456814242009
2025-07-31,rev_orth,diag,46,-0.0003203553619875502,0.026154904605635274,0.05000000000000001,1.346217028161951,-1.5265566588595902e-16,-0.12905079321371132,0.08086977285676872,0,True,0.0023027900195256197
2025-08-31,rev_orth,mv,46,-0.0003486978794673011,0.019811184453755546,0.05,1.2513718324060787,-2.7755575615628914e-17,0.004226588934032364,0.10000000104132177,1,True,0.01263960645515335
2025-08-31,rev_orth,diag,46,-0.0003486978794673011,0.029348756922555397,0.05000000000000001,1.2441339836601968,-1.1102230246251565e-16,0.008123575279085485,0.09630999196686828,0,True,0.016923293875011743
2025-09-30,rev_orth,mv,46,-0.00036125359088220056,0.01726420519187303,0.05,1.2343454763327366,3.469446951953614e-17,-0.03431377677994942,0.09999999320401994,1,True,0.010549768008961513
2025-09-30,rev_orth,diag,46,-0.00036125359088220056,0.02521694723528638,0.05,1.2620809753676276,0.0,-0.06743794827680025,0.09639451437871302,0,True,0.012907756388686575
2025-10-31,rev_orth,mv,46,-0.00045712355579278043,0.026100204442602297,0.05000000000000002,1.6558665495015765,2.7755575615628914e-17,-0.01335738892213484,0.08509917040891113,0,True,0.0008691307661644905
2025-10-31,rev_orth,diag,46,-0.00045712355579278043,0.034878480977697114,0.05,1.4638406404775826,1.3877787807814457e-17,-0.052565209013212204,0.09371074297577625,0,True,-0.005764006997540731
2025-11-30,rev_orth,mv,46,-0.00011146071419899537,0.006302492372838142,0.049999999999999996,1.5823709240180825,2.7755575615628914e-17,0.005595468934797607,0.09999969410014992,0,True,-0.006862043105148949
2025-11-30,rev_orth,diag,46,-0.00011146071419899537,0.008007457449633045,0.05000000000000002,1.6122999357162833,-4.163336342344337e-17,0.016321148643822257,0.05484447079188651,0,True,0.001111777611018109
2025-12-31,rev_orth,mv,46,-0.00022490482531524778,0.012840851043885828,0.05,1.5947791126604614,4.85722573273506e-17,-0.022821332228971845,0.06840654287930233,0,True,0.008944876239167244
2025-12-31,rev_orth,diag,46,-0.00022490482531524778,0.018559173041708985,0.05000000000000002,1.4711059218349496,1.3877787807814457e-17,-0.04382579187016233,0.08575370634627164,0,True,0.01777976344247876
1995-01-31,blend,mv,48,0.054087873026348425,2.7047509607630937,0.04999999999999999,1.575517813140712,0.0,0.013375819392673152,0.06415194042408849,0,True,0.014319128743782564
1995-01-31,blend,diag,48,0.054087873026348425,5.645538027745718,0.05000000000000001,1.556822804405637,0.0,0.006292535770931543,0.05643142640069259,0,True,0.012835474831026998
1995-02-28,blend,mv,48,0.056546260472275886,2.9308647007373,0.05,1.5096230478523243,2.7755575615628914e-17,0.0024229353957424815,0.0580657772002447,0,True,-0.0022961783215268393
1995-02-28,blend,diag,48,0.056546260472275886,5.831732690119882,0.05,1.484529372530302,-5.551115123125783e-17,-0.011231741203631955,0.053029312943878464,0,True,0.004023458852695415
1995-03-31,blend,mv,48,0.05925347274848856,3.1509112425926387,0.05,1.5292191947349871,0.0,0.027149657689824247,0.05689077298018332,0,True,0.029579631661747763
1995-03-31,blend,diag,48,0.05925347274848856,6.122781342214686,0.05,1.6408613174606372,-5.551115123125783e-17,0.02984965489504758,0.04698321034578733,0,True,0.028169273903307264
1995-04-30,blend,mv,48,0.06541203233784565,3.226861387736576,0.05,1.6570865133666137,5.551115123125783e-17,0.0388521833889581,0.05132802710519964,0,True,-0.0006317084258654396
1995-04-30,blend,diag,48,0.06541203233784565,6.744120456002196,0.05,1.5905529460029415,2.7755575615628914e-17,0.0434340201933085,0.05382300647605796,0,True,-0.002585530883446153
1995-05-31,blend,mv,48,0.06296010882453382,3.1719905381269053,0.049999999999999996,1.635394801062433,5.551115123125783e-17,0.025307638453398756,0.05571949833795963,0,True,0.01615322467993311
1995-05-31,blend,diag,48,0.06296010882453382,6.459434560644088,0.05,1.666710878906183,4.163336342344337e-17,0.03469885075551246,0.05642869546674523,0,True,0.019109307306533714
1995-06-30,blend,mv,47,0.06540769724031366,3.198930270088418,0.05,1.6395864271093967,2.0816681711721685e-17,0.022271881220795025,0.05630577427777275,0,True,0.0008804720575090837
1995-06-30,blend,diag,47,0.06540769724031366,6.596788377014124,0.05,1.5754640444955152,6.938893903907228e-18,0.030573177359574752,0.060971438097595865,0,True,-0.0004438061916921654
1995-07-31,blend,mv,47,0.06291426636160682,3.0344085304701753,0.05,1.4735552198112052,-4.163336342344337e-17,0.04019312953018609,0.08124373195609207,0,True,-0.002050364726920137
1995-07-31,blend,diag,47,0.06291426636160682,6.39067454707858,0.04999999999999999,1.4198765238001798,-3.469446951953614e-18,0.053323845699011656,0.0725323409356155,0,True,-0.0026539205295045376
1995-08-31,blend,mv,47,0.0607188099442915,2.957147389384742,0.05000000000000001,1.550307113038719,4.85722573273506e-17,0.06756923840310927,0.06771234152309792,0,True,0.02084374145601265
1995-08-31,blend,diag,47,0.0607188099442915,6.161081463457481,0.05,1.4341898773388582,-8.673617379884035e-17,0.08805004532075042,0.0833496172410848,0,True,0.014345726529496894
1995-09-30,blend,mv,47,0.06368368264602224,3.1096423652570153,0.05,1.518543661272481,-6.938893903907228e-18,0.08327278592387236,0.06254615559240792,0,True,0.034064932421483084
1995-09-30,blend,diag,47,0.06368368264602224,6.415656797600181,0.05000000000000001,1.480826374086937,-4.85722573273506e-17,0.0923713212853886,0.07174048133143018,0,True,0.032569977413527074
1995-10-31,blend,mv,47,0.06984579762670302,3.338013546012817,0.049999999999999996,1.5564591757826547,6.938893903907228e-17,0.049862281866597545,0.0713349179292826,0,True,-0.023773037397759735
1995-10-31,blend,diag,47,0.06984579762670302,7.289387912697598,0.05,1.5038543622071665,-6.938893903907228e-18,0.017287387718296424,0.05705060123131183,0,True,-0.021376964635414022
1995-11-30,blend,mv,46,0.06470571742834566,3.036928274396192,0.05,1.4490431914225221,-6.938893903907228e-18,0.037428867486659766,0.06859395019945017,0,True,-0.0025997930612496976
1995-11-30,blend,diag,46,0.06470571742834566,6.800741788265441,0.04999999999999999,1.4266961900868145,-4.163336342344337e-17,0.0023900171156504154,0.0606586931360295,0,True,0.00042400090355937555
1995-12-31,blend,mv,47,0.06359632016624431,2.9755921229604607,0.05,1.67287252886097,-1.3877787807814457e-17,0.03286613509162751,0.06082317297032647,0,True,0.005180662943449904
1995-12-31,blend,diag,47,0.06359632016624431,6.82660345836809,0.05,1.6029243852379815,-2.7755575615628914e-17,-0.01723630578786519,0.05773618442675115,0,True,0.0044092659865063956
1996-01-31,blend,mv,47,0.06415850063492506,3.079262802775003,0.05,1.6415725563170558,-1.3877787807814457e-17,0.024820601795698897,0.0635749456921928,0,True,0.005868084900699545
1996-01-31,blend,diag,47,0.06415850063492506,6.765030672348877,0.049999999999999996,1.5675222694766546,-6.938893903907228e-18,-0.03696030454839145,0.06545332791640217,0,True,-0.0006934874794733572
1996-02-29,blend,mv,47,0.06329545729369669,3.179195701907616,0.049999999999999996,1.6373417001480342,5.551115123125783e-17,0.022772481579212796,0.07193475604544754,0,True,-0.023170509295203718
1996-02-29,blend,diag,47,0.06329545729369669,6.490257133271394,0.05,1.5917665287185487,1.3183898417423734e-16,-0.03953579907080416,0.0608110041244371,0,True,-0.025944456027330136
1996-03-31,blend,mv,47,0.05725066156733614,2.8046742846850945,0.05,1.7300960986161353,-4.85722573273506e-17,0.03210746768216615,0.05568153295541392,0,True,-0.009844172709841604
1996-03-31,blend,diag,47,0.05725066156733614,5.961431888629567,0.05,1.6299365319904073,-2.0816681711721685e-17,-0.03343481434848038,0.053480449650618156,0,True,-0.012120919155976455
1996-04-30,blend,mv,47,0.05259871961861218,2.641175721546004,0.05000000000000001,1.7421638431592383,5.551115123125783e-17,0.05417237991333139,0.06412166505516546,0,True,-0.0012254584762297828
1996-04-30,blend,diag,47,0.05259871961861218,5.467563412091669,0.05,1.6077106197256572,9.71445146547012e-17,-0.025505011118813262,0.05926163944321882,0,True,-0.0003441063506651144
1996-05-31,blend,mv,47,0.05183816389647722,2.7059383803386305,0.049999999999999996,1.8408100202743287,1.3877787807814457e-17,0.08086812305404682,0.07936321673908092,0,True,-0.00431231419148458
1996-05-31,blend,diag,47,0.05183816389647722,5.165125208563302,0.04999999999999999,1.7204623687179612,5.551115123125783e-17,0.04026615466943395,0.07938346832527805,0,True,0.0028204367412503917
1996-06-30,blend,mv,47,0.052029940928661325,2.8084005721948655,0.05000000000000001,1.9752781741527539,2.0816681711721685e-17,0.05391435734165817,0.07862624803774432,0,True,0.011398671145730475
1996-06-30,blend,diag,47,0.052029940928661325,5.293274334238186,0.04999999999999998,1.7866534395400828,-6.245004513516506e-17,-0.016702062845167315,0.08677252432470925,0,True,0.007787979327702488
1996-07-31,blend,mv,47,0.053542944650466315,2.5319949921275033,0.05000000000000001,1.7703647487424576,4.85722573273506e-17,-0.014578657437011967,0.06627047934558289,0,True,0.004159266854903112
1996-07-31,blend,diag,47,0.053542944650466315,6.118835413841255,0.05000000000000002,1.5132682058275297,1.3877787807814457e-17,-0.08874167544702362,0.07539603111148757,0,True,-0.0023986240026990986
1996-08-31,blend,mv,48,0.05115546511139221,2.4558019189180733,0.05,1.8188420777860383,5.551115123125783e-17,-0.03720510980401985,0.06678443731847473,0,True,0.007320067766076419
1996-08-31,blend,diag,48,0.05115546511139221,5.739870239808827,0.05,1.5486667646611276,-2.7755575615628914e-17,-0.10949491061897404,0.061800465981081666,0,True,0.004961438961510898
1996-09-30,blend,mv,48,0.052480850282085136,2.80268438091825,0.049999999999999996,1.8523881408908105,-5.551115123125783e-17,-0.004634792525309465,0.057433174644889735,0,True,0.005907262738666464
1996-09-30,blend,diag,48,0.052480850282085136,5.165845796284502,0.05,1.7651402439952175,0.0,-0.04805902658207216,0.05682201633787199,0,True,0.007773026927011213
1996-10-31,blend,mv,48,0.052193445243034396,2.8102717015926495,0.05000000000000001,1.8984033573473864,-5.551115123125783e-17,0.043783751608450605,0.06898464746856678,0,True,-0.010157953687404816
1996-10-31,blend,diag,48,0.052193445243034396,4.957651495353255,0.05,1.888682209449974,0.0,0.033267719208256386,0.06202123426592466,0,True,-0.01701585220869113
1996-11-30,blend,mv,48,0.04919516299895652,2.611791489134047,0.05000000000000002,1.8427352042693605,-6.938893903907228e-17,0.007973719440676652,0.07645163707559441,0,True,0.005490316468535463
1996-11-30,blend,diag,48,0.04919516299895652,4.795446377553877,0.05,1.7714801299747331,0.0,-0.030909538937090364,0.06322221160159827,0,True,0.012054235205199507
1996-12-31,blend,mv,48,0.05017713800072689,2.749120259433243,0.05,1.8794124286211373,2.7755575615628914e-17,0.058942285754631465,0.061501818032972395,0,True,0.025104474487580245
1996-12-31,blend,diag,48,0.05017713800072689,4.671335095253603,0.05,1.8256184851609636,-1.3877787807814457e-17,0.08408351658661892,0.050231165815433694,0,True,0.024555549032218744
1997-01-31,blend,mv,48,0.053419244834382394,2.887821521250932,0.05,1.685543204903678,-1.3877787807814457e-17,0.024439399848821125,0.06746312205096204,0,True,-0.019931657925952778
1997-01-31,blend,diag,48,0.053419244834382394,5.055251461181589,0.05,1.6776372955835488,6.938893903907228e-17,0.011869827360252438,0.050161103916036634,0,True,-0.013057889177436317
1997-02-28,blend,mv,47,0.05217266354218764,2.7017016738938984,0.050000000000000024,1.6014071753247734,-3.122502256758253e-17,0.061348654277301844,0.06754404815320042,0,True,0.011550957482844272
1997-02-28,blend,diag,47,0.05217266354218764,4.865601190415709,0.049999999999999996,1.6227572453884722,-4.163336342344337e-17,0.05963007507540477,0.0615435610114879,0,True,0.0026125784492459663
1997-03-31,blend,mv,48,0.05168567552862347,2.6828214481689674,0.05000000000000001,1.740463281720709,1.3877787807814457e-17,0.029778089834102017,0.05768210952843604,0,True,0.014661504694685499
1997-03-31,blend,diag,48,0.05168567552862347,5.141266159279391,0.05,1.7606666753059084,-5.551115123125783e-17,0.0053874695966245195,0.05722294582653102,0,True,0.017418493639268624
1997-04-30,blend,mv,48,0.05358839844302485,2.8608493843853138,0.05,1.7380551360823486,0.0,-0.0005471053947873963,0.07217243591820008,0,True,-0.001989080903985277
1997-04-30,blend,diag,48,0.05358839844302485,5.306611921227772,0.05,1.733784945393428,2.7755575615628914e-17,-0.046112692686383794,0.05479998545129701,0,True,-0.007135334191153437
1997-05-31,blend,mv,48,0.051201770149364334,2.670647619637002,0.05000000000000001,1.6664273359423207,-6.938893903907228e-18,0.008396356919883274,0.06580293020103159,0,True,0.013461036839603141
1997-05-31,blend,diag,48,0.051201770149364334,5.049839851496456,0.05000000000000001,1.6836643634248927,-2.7755575615628914e-17,-0.029636265651473093,0.0682920696760101,0,True,0.013351483583894184
1997-06-30,blend,mv,47,0.05227316526826235,2.791345347343732,0.04999999999999999,1.6713746137309768,-3.469446951953614e-18,0.039142535966171454,0.08149830422204359,0,True,0.05536017000520651
1997-06-30,blend,diag,47,0.05227316526826235,5.140378298310946,0.05,1.8129487054902804,6.938893903907228e-17,0.0057962605158623426,0.0523223442872342,0,True,0.05345761008130629
1997-07-31,blend,mv,47,0.05730572471265549,2.9931628509911614,0.05000000000000002,1.6164959835100474,5.204170427930421e-17,0.09918354246132136,0.09314583661808411,0,True,-0.0294771925664252
1997-07-31,blend,diag,47,0.05730572471265549,5.871242503624324,0.05,1.6628991810885654,3.469446951953614e-17,0.09052244275666976,0.0721879744495964,0,True,-0.03418454720338456
1997-08-31,blend,mv,46,0.05117386178136091,2.5118029970905185,0.05,1.366970117280894,0.0,0.12394422629797455,0.09999999999018594,1,True,-0.0012164129528417728
1997-08-31,blend,diag,46,0.05117386178136091,5.400012126924941,0.05,1.4235650642546767,1.3877787807814457e-17,0.13820099133272798,0.06498321657396618,0,True,0.006958453874871926
1997-09-30,blend,mv,46,0.05078185748529528,2.496046517533546,0.05000000000000001,1.65400965728888,-1.5959455978986625e-16,0.06771739709156276,0.07257511015344978,0,True,0.0171726038227026
1997-09-30,blend,diag,46,0.05078185748529528,5.264318341088355,0.05,1.5533448958343061,-3.469446951953614e-17,0.07426548182908901,0.07056353829081068,0,True,0.007694135443221012
1997-10-31,blend,mv,47,0.051853958303103125,2.6233118226338417,0.049999999999999996,1.7536298939568506,4.163336342344337e-17,0.09212149159947822,0.09999999997133374,1,True,0.00020449434956375378
1997-10-31,blend,diag,47,0.051853958303103125,5.37741116242436,0.05000000000000002,1.6471918998486097,-2.7755575615628914e-17,0.10716619228714516,0.09385269682534558,0,True,0.004066950350750419
1997-11-30,blend,mv,47,0.05140442252136385,2.7799760738793498,0.05000000000000001,1.5537150370443553,-1.3877787807814457e-17,0.025381484611209884,0.08762078201748633,0,True,0.012094827929034038
1997-11-30,blend,diag,47,0.05140442252136385,5.086759001642786,0.05000000000000002,1.575644790959142,-1.3183898417423734e-16,0.01278856348629152,0.08521776227233932,0,True,0.028182435083023986
1997-12-31,blend,mv,47,0.05335614187726634,2.7081693195829017,0.05,1.6347120256158374,3.469446951953614e-17,0.05950548844072728,0.05971451763853811,0,True,0.007769942591594838
1997-12-31,blend,diag,47,0.05335614187726634,5.780018110992622,0.049999999999999996,1.469271865530173,-4.163336342344337e-17,0.03149290293816702,0.0860343479117589,0,True,0.003508850377461658
1998-01-31,blend,mv,47,0.05364413757987394,2.6024636593655894,0.05,1.4374784179305968,-3.469446951953614e-17,0.040306375497475386,0.06932977536254369,0,True,-0.004611183377694299
1998-01-31,blend,diag,47,0.05364413757987394,6.109592830253985,0.05,1.4080366346070443,2.0816681711721685e-17,0.0006866167115341316,0.06781245636823482,0,True,-0.006196924718548551
1998-02-28,blend,mv,47,0.051597404288593024,2.5321016726118106,0.05,1.4916567973169232,1.3877787807814457e-17,0.041668164757476665,0.052788418553696856,0,True,-0.0010610491136892708
1998-02-28,blend,diag,47,0.051597404288593024,5.39860381922056,0.05000000000000001,1.5137609288738358,4.85722573273506e-17,0.026745367855376935,0.04798923569771943,0,True,0.004249900905583757
1998-03-31,blend,mv,47,0.05240658707441143,2.7045401369243276,0.04999999999999998,1.5986680954300445,-5.551115123125783e-17,0.08001364243017695,0.05678748180747912,0,True,-0.018215799379488102
1998-03-31,blend,diag,47,0.05240658707441143,5.452925498195971,0.05000000000000002,1.5641410560981794,-6.938893903907228e-17,0.06368096606023907,0.0601647162323157,0,True,-0.015392803917462852
1998-04-30,blend,mv,47,0.04975844496294114,2.49849234210669,0.05000000000000002,1.655726765788806,-7.632783294297951e-17,0.07559492342226459,0.06188637447202477,0,True,0.024479571275311578
1998-04-30,blend,diag,47,0.04975844496294114,5.279201953340299,0.05,1.5641837142814268,1.0755285551056204e-16,0.04940025212585083,0.06603872786565486,0,True,0.021918590852429108
1998-05-31,blend,mv,47,0.05192621666502311,2.624350188988434,0.05,1.6328341483454294,1.5612511283791264e-17,0.05566650147128327,0.07172931825650182,0,True,0.05401903609428734
1998-05-31,blend,diag,47,0.05192621666502311,5.455612839763218,0.05,1.5069212612210479,1.0408340855860843e-17,0.021468883161185687,0.07504199641685132,0,True,0.06522353208720251
1998-06-30,blend,mv,47,0.05795703629071275,2.8339386920018983,0.05,1.4972098887757934,-3.9898639947466563e-17,0.013094391916340143,0.06509527888732551,0,True,0.02314937497852684
1998-06-30,blend,diag,47,0.05795703629071275,6.484833863297214,0.05,1.3528537208109743,2.0816681711721685e-17,-0.02290557247917638,0.06672118438031528,0,True,0.025286346461052565
1998-07-31,blend,mv,47,0.06158747404026291,2.759272045888588,0.05,1.3628327278831809,-7.37257477290143e-18,-0.02491101010369588,0.07659873984358126,0,True,0.010468764499010125
1998-07-31,blend,diag,47,0.06158747404026291,7.552982001752008,0.05,1.305930104433394,5.2475385148298415e-17,-0.05452273720036862,0.05671903018749393,0,True,0.012732056400240813
1998-08-31,blend,mv,47,0.062209865574193876,2.610011236936273,0.05000000000000002,1.2603620708066736,-5.984795992119984e-17,-0.019039923437334134,0.09709782756678362,0,True,-0.039456802386579226
1998-08-31,blend,diag,47,0.062209865574193876,7.930927424601781,0.05000000000000001,1.2714858992784999,-2.5587171270657905e-17,-0.035075995956100364,0.053501255030181584,0,True,-0.02721618154487369
1998-09-30,blend,mv,48,0.06065602057073767,2.8497592322645553,0.05,1.1904130607401002,2.7755575615628914e-17,-0.12490564090635897,0.08425135071127164,0,True,-0.01983725789833312
1998-09-30,blend,diag,48,0.06065602057073767,7.426025229298334,0.05,1.2519260202287834,4.85722573273506e-17,-0.13127272109226784,0.054343384863733926,0,True,-0.007998055574844865
1998-10-31,blend,mv,48,0.0599160300185618,2.6863392481757185,0.05,1.3025707828902517,2.0816681711721685e-17,-0.11098523467334186,0.08637410875079173,0,True,0.010494814772900995
1998-10-31,blend,diag,48,0.0599160300185618,7.1766650003920045,0.05,1.2915157539320425,-1.3877787807814457e-17,-0.11442500112528378,0.05105059390248425,0,True,0.00885736292914385
1998-11-30,blend,mv,48,0.06095656526326826,2.7504052217903605,0.05,1.4033383930696006,0.0,-0.03411798501354818,0.056665377403788644,0,True,0.04819097952623681
1998-11-30,blend,diag,48,0.06095656526326826,6.990084988365994,0.05,1.3630013162008152,-5.551115123125783e-17,-0.04250841851662429,0.046803084586475585,0,True,0.05046483573640469
1998-12-31,blend,mv,48,0.06514296589551427,2.91931702304055,0.05,1.256414933628262,2.7755575615628914e-17,-0.012350214110782664,0.06436975902723767,0,True,0.04639847682136623
1998-12-31,blend,diag,48,0.06514296589551427,7.602294745110468,0.049999999999999996,1.2109345146660861,-2.7755575615628914e-17,-0.012649362808844614,0.05861030330412674,0,True,0.041236564702433406
1999-01-31,blend,mv,47,0.06751698589174555,2.962977751779996,0.05,1.2071022619855936,2.5587171270657905e-17,-0.004676493080649464,0.07082434669886548,0,True,-0.009057362682107682
1999-01-31,blend,diag,47,0.06751698589174555,7.969793904243494,0.05000000000000002,1.1428841575889488,-3.7947076036992655e-17,0.01599888601221421,0.06753001684232869,0,True,-0.003478463745352811
1999-02-28,blend,mv,47,0.0665517238446351,2.893843505481484,0.05,1.1267555917148413,2.5478751053409354e-17,0.003861765969084814,0.07556327962714382,0,True,0.013179982440286113
1999-02-28,blend,diag,47,0.0665517238446351,7.8368251089046685,0.05,1.0356216082175411,5.421010862427522e-18,0.0386644009879647,0.06034563757406659,0,True,0.018796385479908362
1999-03-31,blend,mv,47,0.06941887199469776,3.07203623561372,0.05000000000000001,1.2169704181020329,-4.336808689942018e-18,-0.014943266968600188,0.06661505840804809,0,True,-0.05146979730433316
1999-03-31,blend,diag,47,0.06941887199469776,7.993122727333297,0.05,1.1020234350655929,-2.7755575615628914e-17,0.010980347107853389,0.07064046037332887,0,True,-0.07139963730291336
1999-04-30,blend,mv,47,0.06352120633122076,2.7533202020576124,0.05,1.2129954146639506,-6.938893903907228e-18,-0.044803197715973506,0.06195064392397124,0,True,-0.0052555640191362125
1999-04-30,blend,diag,47,0.06352120633122076,7.960168479852336,0.05,1.0161228196042384,-2.7755575615628914e-17,-0.05741011085252296,0.05958409580126917,0,True,-0.007686789022419278
1999-05-31,blend,mv,47,0.06180804041305594,2.923665415852981,0.05000000000000001,1.3356103307978466,5.551115123125783e-17,0.008623016870122343,0.055027307224870044,0,True,0.028923615555491836
1999-05-31,blend,diag,47,0.06180804041305594,6.793084519701245,0.05,1.0763772575133772,2.2551405187698492e-17,0.017750752982536,0.05753797224303042,0,True,0.02691056734426809
1999-06-30,blend,mv,47,0.06450769525813747,3.198704786561818,0.05000000000000001,1.3955264801790241,4.228388472693467e-17,-0.009255677241993722,0.05326050420881928,0,True,0.016268160684172778
1999-06-30,blend,diag,47,0.06450769525813747,6.757357909521757,0.05,1.143063984584444,-5.1770653736182837e-17,0.02190655669262287,0.06044245641365335,0,True,0.013695562871271477
1999-07-31,blend,mv,47,0.06646346380761207,3.1773297236956433,0.04999999999999999,1.399060745574767,-6.938893903907228e-18,-0.010706591984015032,0.046459092522129986,0,True,0.00988371265011927
1999-07-31,blend,diag,47,0.06646346380761207,7.1295257193053025,0.05,1.1631238848729166,3.122502256758253e-17,0.02035529060106603,0.0484891557443879,0,True,0.017612821112906667
1999-08-31,blend,mv,47,0.0678472710362166,3.143678590558531,0.05000000000000001,1.2766958080190738,-4.163336342344337e-17,0.055415564913328934,0.05504343268326646,0,True,0.023352075808037737
1999-08-31,blend,diag,47,0.0678472710362166,7.424302366490168,0.05000000000000001,1.081463641259986,4.85722573273506e-17,0.07852232158513336,0.06083480678617358,0,True,0.029435575647847784
1999-09-30,blend,mv,47,0.07170643089717249,3.32132215979222,0.05,1.209328183901101,4.85722573273506e-17,0.016146588595629046,0.05941553493725206,0,True,0.035612314002239485
1999-09-30,blend,diag,47,0.07170643089717249,7.702273954386802,0.049999999999999996,1.0894504489421755,6.938893903907228e-18,0.038395612765730246,0.06391040052583499,0,True,0.024817574673706534
1999-10-31,blend,mv,47,0.07263735899329718,3.2981913735010573,0.05,1.1793448605461447,-1.3877787807814457e-17,-0.013603226598442935,0.05907460003178074,0,True,0.01982015827854862
1999-10-31,blend,diag,47,0.07263735899329718,8.093436524179516,0.05000000000000002,1.0401822749418386,2.0816681711721685e-17,0.006928831835345795,0.05776095802399274,0,True,0.024160536879198592
1999-11-30,blend,mv,46,0.07433354848880275,3.426362528206116,0.05,1.1305680990410898,-2.0816681711721685e-17,-0.02338653787398475,0.06546449558923689,0,True,0.04631858783887432
1999-11-30,blend,diag,46,0.07433354848880275,7.996794486077452,0.05,1.0127036073753954,0.0,-0.009755889331091196,0.05806087853665483,0,True,0.05513269608530484
1999-12-31,blend,mv,47,0.07789788046238985,3.5706160127059565,0.049999999999999996,1.1127048981349754,-1.3877787807814457e-17,-0.013798562329391917,0.05871926653029258,0,True,-0.0076170952966218945
1999-12-31,blend,diag,47,0.07789788046238985,8.767568895040986,0.05000000000000001,0.9965864214952417,-3.469446951953614e-17,0.02632456918174401,0.06054431398877746,0,True,0.0012624748691624516
2000-01-31,blend,mv,47,0.07735087453593407,3.436000986799125,0.05,1.185110695623866,0.0,0.016727085504545804,0.055219011457195176,0,True,0.054415220090025335
2000-01-31,blend,diag,47,0.07735087453593407,8.99950501722732,0.049999999999999996,1.040860382219861,-2.7755575615628914e-17,0.06161721876533901,0.057007183787153706,0,True,0.0660293045185264
2000-02-29,blend,mv,47,0.08006307631288269,3.6509385886897916,0.04999999999999999,1.1037294313585562,6.938893903907228e-17,-0.021460502980033113,0.0662815327901537,0,True,0.0023118345545513593
2000-02-29,blend,diag,47,0.08006307631288269,9.687008922836606,0.04999999999999999,0.8544980530457195,-4.163336342344337e-17,0.011463039570978282,0.06282356495006984,0,True,-0.018786263455145575
2000-03-31,blend,mv,47,0.07814338154411798,3.374155129575589,0.049999999999999996,1.0235158270535452,-4.85722573273506e-17,-0.017226311956066706,0.10000000000988321,1,True,-0.029931620677105825
2000-03-31,blend,diag,47,0.07814338154411798,10.024189960327003,0.05000000000000001,0.7491684628266125,-5.724587470723463e-17,-0.003982879593161609,0.08787343874617451,0,True,-0.02580643896432401
2000-04-30,blend,mv,45,0.07403378827448147,3.2777527390199337,0.05,0.9204025250174462,-5.551115123125783e-17,-0.01925547634242382,0.09468836104651021,0,True,-0.02066485151863727
2000-04-30,blend,diag,45,0.07403378827448147,8.848776790017592,0.05,0.7875310590306123,3.469446951953614e-18,-0.00704874477435338,0.07613782880122748,0,True,-0.023825071212609437
2000-05-31,blend,mv,45,0.07106201253709005,3.2109997927905103,0.05000000000000001,1.123569657566799,2.7755575615628914e-17,-0.020428499840786908,0.06769874616373556,0,True,0.03290918615630779
2000-05-31,blend,diag,45,0.07106201253709005,8.400842765110797,0.05000000000000002,0.8268781759346231,-1.3877787807814457e-17,0.002429634993881501,0.06837552601951738,0,True,0.03943062973554123
2000-06-30,blend,mv,45,0.0732118300072808,3.5062622173305673,0.05,1.1792006831952857,-4.163336342344337e-17,-0.06400067497849744,0.06620365462794303,0,True,-0.010515424754431789
2000-06-30,blend,diag,45,0.0732118300072808,8.292453657520701,0.04999999999999999,0.9084469018257656,3.2959746043559335e-17,-0.04482326398517181,0.06152676049070644,0,True,-0.026397086198034846
2000-07-31,blend,mv,45,0.06993718104377906,3.17333060198586,0.05,1.1518811861603973,2.7321894746634712e-17,-0.02177560847218734,0.0600140110277063,0,True,0.037352442477739216
2000-07-31,blend,diag,45,0.06993718104377906,8.607256363156178,0.04999999999999999,0.8454767442097586,6.245004513516506e-17,-0.009769175945241994,0.06019568079847715,0,True,0.03351435599069769
2000-08-31,blend,mv,45,0.07293032037534641,3.5985100317625296,0.05,1.120338912690047,3.469446951953614e-17,0.019670870829303803,0.06376459415753317,0,True,-0.0006465984544269289
2000-08-31,blend,diag,45,0.07293032037534641,8.052816421382172,0.05,0.9594457218306898,-6.591949208711867e-17,0.03238854755080018,0.05395538184564191,0,True,-0.01927084679133342
2000-09-30,blend,mv,45,0.07171723044240744,3.5585620392123456,0.04999999999999999,1.1609391181517914,-2.0816681711721685e-17,0.030973194473806677,0.05194146424527125,0,True,-0.015584765047793053
2000-09-30,blend,diag,45,0.07171723044240744,7.954671380690555,0.05,0.9431639383296834,-2.0816681711721685e-17,0.05815645566055804,0.05655902432950959,0,True,-0.03231098822356189
2000-10-31,blend,mv,45,0.06790526469896914,3.50081412870369,0.05,1.1482618229089736,3.469446951953614e-17,0.016215697293306196,0.06640616106693983,0,True,-0.023446682363140164
2000-10-31,blend,diag,45,0.06790526469896914,7.004709294083506,0.05,1.0358322719529693,-3.469446951953614e-17,0.032337010762618155,0.066554736163837,0,True,-0.031106779163042147
2000-11-30,blend,mv,45,0.06503663470557737,3.5667344454464227,0.05,1.1750785088290159,-2.7755575615628914e-17,0.005064779833754779,0.06382387873515964,0,True,0.0009588369753657918
2000-11-30,blend,diag,45,0.06503663470557737,5.747289504781137,0.05000000000000001,1.171376863453474,0.0,0.009599664571343392,0.0627897077441326,0,True,-0.003606279963057465
2000-12-31,blend,mv,45,0.0643722127990759,3.186970663981093,0.05,1.1950044184325055,-4.163336342344337e-17,-0.04691875409484392,0.06052079309244565,0,True,-0.06278981352024712
2000-12-31,blend,diag,45,0.0643722127990759,7.03184394470153,0.05,0.9675498980895865,3.642919299551295e-17,-0.08928906590119233,0.054665355560050345,0,True,-0.06434481252998499
2001-01-31,blend,mv,45,0.0587312327464299,2.659134965739424,0.05,1.1075355034837153,-1.3010426069826053e-17,-0.003699017706748375,0.07134925827526663,0,True,0.007326983623992878
2001-01-31,blend,diag,45,0.0587312327464299,7.352209757266299,0.05,0.7710792690928007,-1.5612511283791264e-17,-0.05414517338647856,0.0592246361988834,0,True,0.03226084148423654
2001-02-28,blend,mv,44,0.06143981244018464,2.7627414400076655,0.05000000000000001,1.073888233964573,2.2551405187698492e-17,0.0227534069172592,0.08218309692777981,0,True,0.009153204875673749
2001-02-28,blend,diag,44,0.06143981244018464,7.903103330872459,0.05,0.7069978482262512,2.3852447794681098e-18,-0.04577916396611851,0.06458113486759218,0,True,0.015487387494698877
2001-03-31,blend,mv,45,0.06327278425825958,2.569670986675393,0.05000000000000002,1.01247985644331,2.5912431922403556e-17,-0.039401266075206554,0.07434442073714448,0,True,-0.0003998978365258911
2001-03-31,blend,diag,45,0.06327278425825958,9.229010673044336,0.05,0.6024156127460835,9.540979117872439e-18,-0.09702827939787588,0.05620747351593864,0,True,-0.016843774122983858
2001-04-30,blend,mv,45,0.059652185213420986,2.37161708441474,0.049999999999999996,1.0573566412678963,3.122502256758253e-17,-0.06271452143094709,0.06484998356198779,0,True,0.007285603005719066
2001-04-30,blend,diag,45,0.059652185213420986,8.808062103283346,0.05,0.6264590465602708,-4.5644911461639737e-17,-0.11259737079641331,0.050947009492364324,0,True,0.007764560167414199
2001-05-31,blend,mv,45,0.06060859061742601,2.8013319793597735,0.05000000000000001,1.1112704465256185,1.3877787807814457e-17,0.006722588953212,0.07727010391449343,0,True,0.006620331247003985
2001-05-31,blend,diag,45,0.06060859061742601,7.878392311433361,0.05,0.66905653229786,-6.938893903907228e-17,-0.06881038794572818,0.07455474671546179,0,True,0.008816745197782744
2001-06-30,blend,mv,45,0.061019216197774465,2.591924595280979,0.04999999999999998,1.1571001838316715,4.163336342344337e-17,-0.005194678247637924,0.057037263266490806,0,True,0.007086533617634389
2001-06-30,blend,diag,45,0.061019216197774465,8.567242175304276,0.05,0.6689886379666456,3.8163916471489756e-17,-0.07825219439617645,0.05091968826555059,0,True,0.014960795962032095
2001-07-31,blend,mv,45,0.06380985957187103,2.7678748580173664,0.05000000000000002,0.9923836493930113,1.734723475976807e-17,-0.020547387171115025,0.06476194428562032,0,True,0.0013524099790684415
2001-07-31,blend,diag,45,0.06380985957187103,8.63024570488132,0.05,0.6538961160199408,1.5612511283791264e-17,-0.0919429529863045,0.07013279572331037,0,True,0.010970759908801747
2001-08-31,blend,mv,44,0.06557407074136228,2.623373257557413,0.049999999999999996,0.9829514666237386,1.3877787807814457e-17,-0.04640363800219321,0.06988912244655718,0,True,0.024889266424751182
2001-08-31,blend,diag,44,0.06557407074136228,9.372608628104981,0.05,0.6219601228722392,6.938893903907228e-18,-0.11547686753847454,0.05343042161632723,0,True,0.020791518578982454
2001-09-30,blend,mv,43,0.0676467989288799,2.662306588051947,0.049999999999999996,0.9125241195789707,4.163336342344337e-17,-0.06723100089924036,0.05389044962286349,0,True,-0.010421007123181673
2001-09-30,blend,diag,43,0.0676467989288799,9.275453052164558,0.049999999999999996,0.6475453375578564,-6.245004513516506e-17,-0.13050299152623504,0.05709233881445625,0,True,-0.012215159296285794
2001-10-31,blend,mv,43,0.0658325111311241,2.9652651690583975,0.05000000000000001,0.81626928403314,6.938893903907228e-17,-0.08370395503085898,0.09379007106276284,0,True,-0.029922749093647238
2001-10-31,blend,diag,43,0.0658325111311241,7.747642517009466,0.05,0.6450295663552259,1.3877787807814457e-17,-0.1661220425161121,0.06381148987537043,0,True,-0.029859529748527448
2001-11-30,blend,mv,43,0.06089065822860294,2.9825225785346188,0.05,0.9268402483827991,2.0816681711721685e-17,-0.06052941085253849,0.074705050524242,0,True,0.015352279062225587
2001-11-30,blend,diag,43,0.06089065822860294,6.648075399745621,0.04999999999999999,0.7219218486429971,2.0816681711721685e-17,-0.14062206508631353,0.08159206334119955,0,True,0.013820453450757112
2001-12-31,blend,mv,42,0.06257690228181209,3.125978878575411,0.05,0.981889445587022,-2.7755575615628914e-17,-0.04495536523929639,0.061284478893174364,0,True,0.02399763377511393
2001-12-31,blend,diag,42,0.06257690228181209,6.179235373026432,0.05,0.8231170754280661,-3.8163916471489756e-17,-0.0995558909987408,0.08581992011767989,0,True,0.018269494552670153
2002-01-31,blend,mv,43,0.06504472318757168,2.953766262232608,0.05000000000000001,1.0154243423132874,3.469446951953614e-18,-0.06657641073984297,0.07804695435173134,0,True,0.019415764917895113
2002-01-31,blend,diag,43,0.06504472318757168,7.9252350318973495,0.04999999999999999,0.7119646846307379,1.3877787807814457e-17,-0.1461310123986397,0.06307652474776526,0,True,0.020583149914903856
2002-02-28,blend,mv,43,0.06676758412452365,3.448217044414717,0.05000000000000001,1.0729282234423883,1.3877787807814457e-17,-0.02340581575234554,0.06269681888088191,0,True,0.009217378024530102
2002-02-28,blend,diag,43,0.06676758412452365,6.6215265195539015,0.05,0.976249466032423,-1.3877787807814457e-17,-0.06851546651249314,0.05716279164790183,0,True,0.001273049340390808
2002-03-31,blend,mv,43,0.06643025386582538,3.483690063449333,0.05000000000000001,0.9535390145178458,3.469446951953614e-17,-0.0008874181701219155,0.07730300439587269,0,True,0.03342613049094741
2002-03-31,blend,diag,43,0.06643025386582538,6.201606542237742,0.04999999999999999,0.8762819037261721,8.326672684688674e-17,-0.0625084195993895,0.07120170618089747,0,True,0.039649408582826076
2002-04-30,blend,mv,42,0.07062683921100595,3.548652389265835,0.05000000000000001,0.9732857566301228,6.938893903907228e-17,-0.027543884716389435,0.07822857483010687,0,True,0.008258523005490041
2002-04-30,blend,diag,42,0.07062683921100595,7.157487442150253,0.05000000000000002,0.7836679141136775,2.7755575615628914e-17,-0.09600052077945048,0.07649659585179583,0,True,0.006876597811748179
2002-05-31,blend,mv,42,0.07123920953873918,3.4194242221240465,0.05,0.961921211439658,2.7755575615628914e-17,-0.03147440670695488,0.07165161276302508,0,True,0.0008237761897007085
2002-05-31,blend,diag,42,0.07123920953873918,7.606509861718942,0.05,0.8226281029937474,-6.938893903907228e-18,-0.09830465291429237,0.06537542090488437,0,True,0.014857516724488205
2002-06-30,blend,mv,42,0.07339007609323903,3.5891547591606026,0.049999999999999996,0.9007247550677381,-2.0816681711721685e-17,-0.033984575539902744,0.0856219669545133,0,True,-0.01752280583701561
2002-06-30,blend,diag,42,0.07339007609323903,7.624312326549627,0.04999999999999999,0.7548187479092414,0.0,-0.11291073118830312,0.06211216197014807,0,True,-0.012875793736254
2002-07-31,blend,mv,42,0.07195274960480391,3.3963411901966456,0.05,0.8876774631067759,-5.551115123125783e-17,-0.008177051251054918,0.07494996983406847,0,True,0.028634571520811492
2002-07-31,blend,diag,42,0.07195274960480391,7.897960416846997,0.05,0.7557339306839859,4.163336342344337e-17,-0.07444139407014769,0.06756053028785598,0,True,0.0156413984576468
2002-08-31,blend,mv,42,0.07348223516321539,3.504208026717941,0.05,0.9905974985188475,-4.5102810375396984e-17,-0.008673199135396442,0.08093813477637932,0,True,0.027994359566288318
2002-08-31,blend,diag,42,0.07348223516321539,8.344198721855987,0.05,0.7440160627427514,0.0,-0.08633398379256838,0.06951361351556806,0,True,0.020033376289730575
2002-09-30,blend,mv,42,0.07649857976968909,3.7084422969343316,0.04999999999999999,1.0714593395574268,3.122502256758253e-17,0.022940885614885498,0.08699289168144003,0,True,-0.022652998053607775
2002-09-30,blend,diag,42,0.07649857976968909,7.900030501309186,0.04999999999999999,0.9058518021129546,1.0408340855860843e-17,-0.004273608764624693,0.07429902741995657,0,True,-0.025921619955634505
2002-10-31,blend,mv,42,0.07366449224965758,3.567642332427734,0.05000000000000002,1.0496262240435763,3.469446951953614e-18,-0.026351014731533465,0.06885494998034776,0,True,-0.03389111371662466
2002-10-31,blend,diag,42,0.07366449224965758,8.198116234970463,0.05000000000000001,0.7297132642977479,1.734723475976807e-17,-0.09252014405246144,0.058781749609645856,0,True,-0.03168328804282184
2002-11-30,blend,mv,42,0.06978338771748732,3.4580029807486232,0.05,0.9460851575146522,0.0,-0.03759182780196913,0.07092357837284709,0,True,0.02232480308667616
2002-11-30,blend,diag,42,0.06978338771748732,7.4780948943615675,0.05,0.7315893238377902,3.8163916471489756e-17,-0.12564340194341278,0.05082496436139037,0,True,0.024315571783320545
2002-12-31,blend,mv,43,0.07256551349920026,3.9102435906241904,0.05000000000000002,1.0002719066825048,-7.632783294297951e-17,-0.018029906684394758,0.07984063376650535,0,True,-0.0037511827896591168
2002-12-31,blend,diag,43,0.07256551349920026,7.145220380045171,0.05,0.8821693391173414,5.551115123125783e-17,-0.08966071842922826,0.06403502226171405,0,True,-0.00503462829184161
2003-01-31,blend,mv,43,0.07138594807393589,3.6593809631587857,0.049999999999999996,0.9466597002183461,-2.7755575615628914e-17,-0.05117812532053343,0.07369480640203861,0,True,-0.004596921973458895
2003-01-31,blend,diag,43,0.07138594807393589,7.697721094521009,0.05,0.7532840557545595,1.0408340855860843e-17,-0.15743379993328332,0.05187759240101364,0,True,-0.006081487119024247
2003-02-28,blend,mv,42,0.06960625044782937,3.7659730661731854,0.05,1.1219439704930347,3.469446951953614e-17,-0.06058456118491596,0.06014260653936404,0,True,-0.015584742495164615
2003-02-28,blend,diag,42,0.06960625044782937,6.834695509814322,0.05,0.8714461371878147,-6.938893903907228e-18,-0.16682666252131015,0.05320946401799334,0,True,-0.004083281949683688
2003-03-31,blend,mv,42,0.06956779728778163,3.741927223101779,0.05,1.2370888688693766,-9.020562075079397e-17,-0.08153510644490954,0.06290019917948202,0,True,-0.00900374536334586
2003-03-31,blend,diag,42,0.06956779728778163,6.997018899346444,0.049999999999999996,0.9569017438934868,-6.938893903907228e-18,-0.1853592772691392,0.05684818804906532,0,True,-0.018859717445603812
2003-04-30,blend,mv,41,0.06608626123786644,3.5989891156764373,0.05000000000000001,1.3062431388854372,2.6020852139652106e-17,-0.09243615014183461,0.06916011870277776,0,True,-0.022444326845125873
2003-04-30,blend,diag,41,0.06608626123786644,6.017373481363831,0.05,1.0691045715498038,-4.336808689942018e-17,-0.18823045293667898,0.06331248657628084,0,True,-0.021316171100349494
2003-05-31,blend,mv,42,0.06326468551976391,3.607808930566244,0.049999999999999996,1.2770023776189467,-5.898059818321144e-17,-0.07733736553899738,0.08497186289411703,0,True,-0.0009781503368305208
2003-05-31,blend,diag,42,0.06326468551976391,5.335822287300576,0.049999999999999996,1.2172523594927342,-3.8163916471489756e-17,-0.14002091570194009,0.06021666024239485,0,True,-0.00564652587794949
2003-06-30,blend,mv,42,0.062069385268891324,3.5758162518368297,0.049999999999999996,1.1994909032600798,1.3444106938820255e-17,-0.053526152108566864,0.08622732714922497,0,True,-0.005733000189825341
2003-06-30,blend,diag,42,0.062069385268891324,5.12700330421298,0.05,1.1279500594348741,3.8163916471489756e-17,-0.020515580529146975,0.05916516890439054,0,True,-0.008656152521909278
2003-07-31,blend,mv,43,0.0611535390213618,3.5105291529497062,0.05,1.103650507470092,-2.7755575615628914e-17,-0.006184007288125824,0.0993085983789977,0,True,-0.00957925894073966
2003-07-31,blend,diag,43,0.0611535390213618,5.55366515424844,0.05000000000000001,0.9634605573817323,-1.734723475976807e-17,0.0807051446863698,0.07917343224764649,0,True,-0.0017033466822113656
2003-08-31,blend,mv,43,0.06016549238152516,3.199175105347692,0.05,1.1802603591209995,2.7755575615628914e-17,0.03848896913027076,0.0764775316934304,0,True,0.014346807641355772
2003-08-31,blend,diag,43,0.06016549238152516,6.4100782618074765,0.05,0.9003526649430893,-6.591949208711867e-17,0.1662693808782875,0.0641035339752436,0,True,0.0042461702095155564
2003-09-30,blend,mv,42,0.06012460637953332,2.698607025725666,0.05,0.9795880194318013,2.42861286636753e-17,0.10115129710358552,0.09205774213842634,0,True,0.020156448247203484
2003-09-30,blend,diag,42,0.06012460637953332,7.764963273332486,0.05,0.6536571021844331,1.9705374484924043e-17,0.21008536460137162,0.05590452238022068,0,True,0.02152722577549545
2003-10-31,blend,mv,42,0.06318798499545593,3.195742946363607,0.04999999999999999,1.0340782282871896,6.982261990806649e-17,0.0648490032256422,0.07064563374315819,0,True,0.01269446600005699
2003-10-31,blend,diag,42,0.06318798499545593,6.533471596744242,0.05,0.8992861645396596,-5.0306980803327406e-17,0.1761649499927593,0.08412714600713127,0,True,0.013803956817040792
2003-11-30,blend,mv,41,0.06518504889020733,3.3738133044250795,0.049999999999999996,0.9948449136592156,-3.122502256758253e-17,0.06131417375657863,0.08993825807609683,0,True,-0.02479343990519026
2003-11-30,blend,diag,41,0.06518504889020733,5.898114857742064,0.049999999999999996,0.9080961025632059,-2.42861286636753e-17,0.14417789013423638,0.10898806733234126,1,True,-0.018211780719360894
2003-12-31,blend,mv,41,0.06206568255601531,2.860658094844791,0.05,0.8846165338621013,-4.163336342344337e-17,0.09702052555548495,0.09999999999029592,1,True,-0.012687866196748396
2003-12-31,blend,diag,41,0.06206568255601531,6.723934212444623,0.05,0.8457280583124329,-1.9081958235744878e-17,0.19326969451427145,0.09408359562189013,0,True,-0.007758051468981798
2004-01-31,blend,mv,41,0.060998800602238334,2.711841610479225,0.05,0.9939844166017717,9.974659986866641e-18,0.1326278231100689,0.07462032226208545,0,True,0.009340687785304542
2004-01-31,blend,diag,41,0.060998800602238334,7.026262023584891,0.05000000000000001,0.8130446164718136,-3.0357660829594124e-18,0.22478639983833548,0.07776346789339923,0,True,0.0022030118447611004
2004-02-29,blend,mv,43,0.06026931099640812,2.7729585464031623,0.05,1.180663938766861,-3.122502256758253e-17,0.14520899803096138,0.06766320236469332,0,True,0.008254849248194869
2004-02-29,blend,diag,43,0.06026931099640812,6.883427991073817,0.05,0.8879456195685317,-1.691355389077387e-17,0.23128603141482987,0.079100112336078,0,True,0.00014990450385324002
2004-03-31,blend,mv,42,0.06007556876692511,2.815120014178376,0.05,1.1451776898305854,5.551115123125783e-17,0.16034589781815028,0.07258114258973736,0,True,-0.03344357106027597
2004-03-31,blend,diag,42,0.06007556876692511,6.583036609196977,0.049999999999999996,0.8558212246538067,-5.204170427930421e-17,0.2413810827883679,0.09538288490347943,0,True,-0.03390710308791977
2004-04-30,blend,mv,42,0.05640375143644565,2.8295768439102136,0.049999999999999996,1.0761135705317406,4.163336342344337e-17,0.1204600528800485,0.07687037856624818,0,True,0.003217166820560174
2004-04-30,blend,diag,42,0.05640375143644565,5.675488700545987,0.05000000000000001,0.9236494655753139,5.551115123125783e-17,0.20341079406985008,0.08881779346494925,0,True,0.00730034638293833
2004-05-31,blend,mv,43,0.05720412818379887,3.2477971616531223,0.05,1.4132609958091193,-2.0816681711721685e-17,0.08568689515020553,0.06908426773671468,0,True,0.002370120211649535
2004-05-31,blend,diag,43,0.05720412818379887,4.765440248668577,0.05,1.3376461955772474,1.3877787807814457e-17,0.13553178132881155,0.0641458735660038,0,True,0.00648427105168501
2004-06-30,blend,mv,43,0.05754385603365902,3.2891489075808624,0.049999999999999996,1.2928117439024631,4.5102810375396984e-17,0.09284844129645249,0.07739068059861245,0,True,-0.0170929224265957
2004-06-30,blend,diag,43,0.05754385603365902,4.921930143817087,0.05000000000000001,1.222081547279295,1.0408340855860843e-17,0.1705053898588545,0.06066541268294477,0,True,-0.01082458902649792
2004-07-31,blend,mv,42,0.056620357211050625,3.2504711405903217,0.05,1.2842499808411088,-1.9081958235744878e-17,0.09640429388107637,0.07841578051939842,0,True,-0.008604437978284026
2004-07-31,blend,diag,42,0.056620357211050625,4.620001195691759,0.049999999999999996,1.2585716257213144,1.3877787807814457e-17,0.1522677351325879,0.05566571183755711,0,True,-0.003992877874912585
2004-08-31,blend,mv,43,0.05523360323303566,3.0434470965256963,0.05,1.38258560652671,6.722053469410127e-17,0.020334795108925312,0.06953749265189392,0,True,0.022330488054750464
2004-08-31,blend,diag,43,0.05523360323303566,5.060645776004217,0.05000000000000001,1.208697838356819,4.7704895589362195e-18,-0.012885394751601211,0.0628793082442024,0,True,0.01754485260392325
2004-09-30,blend,mv,43,0.05619870522891521,2.867545165403532,0.05000000000000001,1.3469869736476012,1.0408340855860843e-17,0.01961704780766038,0.08090005963298226,0,True,-0.017586888162687008
2004-09-30,blend,diag,43,0.05619870522891521,5.540036479476391,0.04999999999999999,1.1097817306273081,-1.734723475976807e-17,-0.009918098824558446,0.0686108060485215,0,True,-0.017376617988212793
2004-10-31,blend,mv,43,0.05362097011229198,2.7959190534879608,0.05,1.2926591120612028,3.9898639947466563e-17,-0.02700898300808808,0.10000000000980118,1,True,0.0160417354827218
2004-10-31,blend,diag,43,0.05362097011229198,5.198031300467896,0.05000000000000002,1.1052868023385045,-3.122502256758253e-17,-0.07753259160913949,0.09493206013745326,0,True,0.01558768432169098
2004-11-30,blend,mv,43,0.0554416091478005,3.040604333761474,0.05,1.3524495017654854,7.28583859910259e-17,-0.02682908089041004,0.0906285641810897,0,True,-0.0009492688432894717
2004-11-30,blend,diag,43,0.0554416091478005,4.975699672027622,0.05,1.1600328692688058,6.938893903907228e-18,-0.07202173823368552,0.0987153865979601,0,True,-0.0015166291732414709
2004-12-31,blend,mv,42,0.0548361609097547,2.9601505193314424,0.05,1.234259525897394,2.3418766925686896e-17,-0.015488801962729478,0.10000000000378585,2,True,0.02745088443880728
2004-12-31,blend,diag,42,0.0548361609097547,5.136551023512462,0.05,1.1361352935842417,-2.168404344971009e-17,-0.07162263001461136,0.08271897984020886,0,True,0.02324407729872006
2005-01-31,blend,mv,42,0.057138109039465666,2.810605256998516,0.049999999999999996,1.3077991895565286,-5.2909066017292616e-17,-0.006406965612936019,0.0999999999902342,1,True,0.03227555321916224
2005-01-31,blend,diag,42,0.057138109039465666,5.748456845323747,0.05000000000000001,1.1243437855051244,1.0061396160665481e-16,-0.04838090524022863,0.08740279280618622,0,True,0.02991541228709667
2005-02-28,blend,mv,43,0.05886932070099663,3.0640691879966573,0.05,1.1620155285667153,6.938893903907228e-18,-0.0006263331490666537,0.09999999999000447,1,True,-0.003280475385347365
2005-02-28,blend,diag,43,0.05886932070099663,5.244232989331901,0.05,1.10353496381026,1.871604000253102e-17,-0.042126961308796326,0.09837140860645299,0,True,-0.0026737004565184673
2005-03-31,blend,mv,43,0.058420973624457785,2.8742563918902224,0.049999999999999996,1.030884788027955,-5.204170427930421e-17,0.01970989328170934,0.09999999999009036,1,True,-0.0015358445364069707
2005-03-31,blend,diag,43,0.058420973624457785,5.388109788558344,0.05,1.088155347354266,1.9949319973733282e-17,0.007294566238797559,0.08791555841475325,0,True,-0.00563509871053876
2005-04-30,blend,mv,43,0.0576837532559473,2.82863046391487,0.049999999999999996,1.1435560485201597,-1.0408340855860843e-17,0.036537786903264494,0.09999999999042478,1,True,0.007022931632999072
2005-04-30,blend,diag,43,0.0576837532559473,5.503139641864455,0.05000000000000001,1.1207366818117106,-2.2551405187698492e-17,0.051426410679372224,0.08316858452929288,0,True,0.006925563955097969
2005-05-31,blend,mv,43,0.057608681651570806,2.9327668333429013,0.05000000000000001,1.2119121864105658,-2.7755575615628914e-17,-0.004416742402071844,0.1000000000078149,1,True,0.012532947285069167
2005-05-31,blend,diag,43,0.057608681651570806,5.2964415826877085,0.05,1.1248939656746133,-1.734723475976807e-18,-0.04829770592891788,0.10220737392710717,1,True,0.016301007020726115
2005-06-30,blend,mv,43,0.058367426302981175,2.9029260397462573,0.05,1.223544663135528,5.724587470723463e-17,-0.0037445544323940587,0.1000000000097913,1,True,0.001733584398257989
2005-06-30,blend,diag,43,0.058367426302981175,5.326193421944312,0.050000000000000024,1.0931695653941185,6.071532165918825e-18,-0.05271258272861339,0.12246294332221196,1,True,-0.00024779786812121425
2005-07-31,blend,mv,44,0.05779664964253193,2.8844541415494866,0.049999999999999996,1.101087411095382,-3.469446951953614e-17,0.030740748730319293,0.09999999999014071,1,True,0.0012261676372049117
2005-07-31,blend,diag,44,0.05779664964253193,5.207309628431187,0.049999999999999996,1.030624567348579,-3.122502256758253e-17,-0.012701521193467737,0.1285166755278931,1,True,0.002516361077195113
2005-08-31,blend,mv,43,0.05728858941179699,2.9630525782645933,0.05,1.0218082587503898,1.734723475976807e-17,0.06542724141389648,0.10000000000933357,1,True,0.004069874016389961
2005-08-31,blend,diag,43,0.05728858941179699,4.802427236602586,0.05,1.0545079908356783,-5.551115123125783e-17,0.09616893502475857,0.10381326589855165,1,True,0.013145597964712772
2005-09-30,blend,mv,42,0.058409050946632096,3.014888909357462,0.05,1.0772705598595402,1.0408340855860843e-17,0.04591608776602207,0.09736098147740362,0,True,-0.019097396763432563
2005-09-30,blend,diag,42,0.058409050946632096,4.733744718586935,0.05,1.1224653543980907,5.898059818321144e-17,0.0527171786037239,0.08649791179851396,0,True,-0.026532875793304288
2005-10-31,blend,mv,43,0.056566427121745734,2.7200817962583335,0.05,1.1486167021170317,-3.469446951953614e-17,0.053887404823119114,0.061383236268621764,0,True,-0.0036638981559108173
2005-10-31,blend,diag,43,0.056566427121745734,4.991681748806179,0.05000000000000001,1.1128664741953616,2.42861286636753e-17,0.056635273555492395,0.07174956545539159,0,True,-0.0014622828732622337
2005-11-30,blend,mv,43,0.05622777385321978,2.921938903916155,0.05,1.1738075317276846,-6.938893903907228e-17,0.031148234281739542,0.0765775676572788,0,True,-0.001318263538508461
2005-11-30,blend,diag,43,0.05622777385321978,4.818515949489582,0.05,1.129196288236818,1.0234868508263162e-16,0.0038234691912365963,0.06931669002882059,0,True,0.0037345138992751917
2005-12-31,blend,mv,44,0.057076649551980524,2.89821693246166,0.049999999999999996,1.2326288637106828,1.0234868508263162e-16,0.06199648089006476,0.07511442605887828,0,True,0.028150452740253774
2005-12-31,blend,diag,44,0.057076649551980524,5.2258143385349065,0.05000000000000002,1.1276332970909022,-2.2551405187698492e-17,0.0737630389679442,0.07635768201378047,0,True,0.03932522410399033
2006-01-31,blend,mv,45,0.058815064872517316,3.0316742146608737,0.05,1.2111596406875413,9.020562075079397e-17,0.0684107087973828,0.07599746062593812,0,True,-0.013623886865757578
2006-01-31,blend,diag,45,0.058815064872517316,5.847919141943854,0.05,1.0741861462550788,5.204170427930421e-17,0.11586710721066551,0.07448619135632366,0,True,-0.019215250599297518
2006-02-28,blend,mv,43,0.05737575193527209,2.83608826858235,0.049999999999999996,1.1663115297189346,2.7755575615628914e-17,0.08968881285714723,0.07004635330125658,0,True,0.008004495048308198
2006-02-28,blend,diag,43,0.05737575193527209,6.08384341098066,0.05,1.0198614970148805,-5.551115123125783e-17,0.16254766330092518,0.07895927736128358,0,True,0.013895321768855676
2006-03-31,blend,mv,45,0.05851072048020715,3.0373470718083526,0.05,1.379956835536184,0.0,0.0973493943378657,0.061221909909126924,0,True,0.024594255545724693
2006-03-31,blend,diag,45,0.05851072048020715,6.181229407416417,0.049999999999999996,1.1422034872268843,4.85722573273506e-17,0.18805470170573443,0.067254770207572,0,True,0.023215259497610122
2006-04-30,blend,mv,45,0.060099790870771816,2.932248451218209,0.05000000000000001,1.250237404363016,2.0816681711721685e-17,0.14783986669192162,0.0709348132676557,0,True,-0.02431848101630797
2006-04-30,blend,diag,45,0.060099790870771816,6.960497400945898,0.05,0.9802320909692251,-3.8163916471489756e-17,0.24671284780933472,0.08042468061287308,0,True,-0.021310991252931347
2006-05-31,blend,mv,46,0.0570864341148182,2.781962153671621,0.04999999999999999,1.052336530545991,5.204170427930421e-17,0.12662334855802226,0.0731600770541639,0,True,0.0003050424638235905
2006-05-31,blend,diag,46,0.0570864341148182,6.557907158894279,0.05,0.8715437435037027,6.245004513516506e-17,0.22011525637991125,0.08934028320482591,0,True,0.0004020560440194461
2006-06-30,blend,mv,47,0.056606933901385534,2.841243012790101,0.049999999999999996,1.216425140522328,-1.3357370765021415e-16,0.11473714884501662,0.06386042941444922,0,True,-0.015823043503342255
2006-06-30,blend,diag,47,0.056606933901385534,6.301114827417154,0.05,0.9907252086206293,-7.632783294297951e-17,0.21850015084947508,0.07209399929250586,0,True,-0.013888159234829826
2006-07-31,blend,mv,46,0.055315348676545834,2.8862715101115044,0.05000000000000001,1.2532477232302863,-8.847089727481716e-17,0.0690901108221842,0.065796995513039,0,True,-0.01645967468658379
2006-07-31,blend,diag,46,0.055315348676545834,5.701996431427376,0.05000000000000002,1.0622746919882557,-7.19910242530375e-17,0.16364844873443293,0.07240840448838111,0,True,-0.014676447628811868
2006-08-31,blend,mv,46,0.05296739233007177,2.8416403355659403,0.05000000000000001,1.2778922669958774,7.24247051220317e-17,0.016697702706800814,0.07083707581105088,0,True,0.002921151823941893
2006-08-31,blend,diag,46,0.05296739233007177,4.996925017926553,0.05,1.2131569275287888,-7.112366251504909e-17,0.06563059357468205,0.06897470928193401,0,True,-0.0058189405595603025
2006-09-30,blend,mv,45,0.05246788162923079,3.0412682980162735,0.05,1.2712384880379681,-3.5561831257524545e-17,-0.0014442920221363145,0.08323840302747425,0,True,-0.006469191426657051
2006-09-30,blend,diag,45,0.05246788162923079,4.317629913577249,0.05000000000000002,1.273540459157597,-3.2959746043559335e-17,0.02057527691592632,0.07520496171465982,0,True,-0.00366372803520159
2006-10-31,blend,mv,45,0.051820767252782424,3.076510106951749,0.05,1.3391024242699738,1.0408340855860843e-17,0.005638344829951673,0.0860774217524733,0,True,0.004601109186120792
2006-10-31,blend,diag,45,0.051820767252782424,4.221408480570829,0.05,1.2669988952092308,5.5077470362263625e-17,0.06853964470956327,0.06917686978776096,0,True,0.0020094593971453838
2006-11-30,blend,mv,45,0.051375731690455353,2.992474596561544,0.05000000000000002,1.4191579109976982,3.469446951953614e-17,0.0031846752487415153,0.07899002493709154,0,True,0.0035384236548322255
2006-11-30,blend,diag,45,0.051375731690455353,4.242945851158764,0.05,1.350591052284969,6.938893903907228e-18,0.08060835192026589,0.059261670290712415,0,True,0.0019628137632014308
2006-12-31,blend,mv,46,0.05119858532627994,3.0577176295866075,0.05000000000000002,1.426846146959711,1.0755285551056204e-16,0.0297415986102902,0.06833112185673956,0,True,0.011070931507929717
2006-12-31,blend,diag,46,0.05119858532627994,4.361099074549438,0.049999999999999996,1.3532565715685223,-5.377642775528102e-17,0.15085640453667754,0.06106834945320337,0,True,0.007864434553141755
2007-01-31,blend,mv,47,0.05164022602046503,3.0830974980127435,0.05,1.3076864437671916,-2.168404344971009e-17,-0.02462003287844736,0.0571398313855091,0,True,0.0019901732403850023
2007-01-31,blend,diag,47,0.05164022602046503,4.7636998188166535,0.05,1.1470972591379716,6.938893903907228e-18,-0.057187632452197226,0.07191521139685929,0,True,-0.005132112258328592
2007-02-28,blend,mv,47,0.050552609350208756,3.1219973436893698,0.05,1.3321346519431336,8.673617379884035e-18,0.005578930242325867,0.0629613295451968,0,True,0.025091280624494252
2007-02-28,blend,diag,47,0.050552609350208756,4.223543052449297,0.04999999999999999,1.2684527336362497,4.336808689942018e-18,0.038386309611606634,0.07002465304753303,0,True,0.02024926744335988
2007-03-31,blend,mv,46,0.05271257052439729,3.281611264197667,0.05,1.3268168889582452,6.938893903907228e-17,-0.03238944633838319,0.09822741787618955,0,True,-0.009196877886303004
2007-03-31,blend,diag,46,0.05271257052439729,4.399612587079954,0.04999999999999999,1.3153754728541527,1.0408340855860843e-16,-0.07042849262898249,0.0653152069149572,0,True,-0.009384130090035876
2007-04-30,blend,mv,46,0.051626375092743836,3.2192275187730743,0.05000000000000001,1.2532893425615272,-8.673617379884035e-17,-0.044835025761501356,0.09999999998411487,1,True,0.00032206679365810834
2007-04-30,blend,diag,46,0.051626375092743836,4.362937708530871,0.05,1.2006445918651896,2.0816681711721685e-17,-0.09862479501341442,0.06763797299626755,0,True,-0.005730085156403467
2007-05-31,blend,mv,46,0.05087411160951612,3.1793994209707312,0.049999999999999996,1.2651256609959998,0.0,-0.0075617985319382285,0.09368196180063108,0,True,-0.0010358223111466929
2007-05-31,blend,diag,46,0.05087411160951612,3.9259476547479655,0.04999999999999998,1.2835473021074917,-4.85722573273506e-17,0.02368260935556598,0.08247540958513262,0,True,0.002819805711953593
2007-06-30,blend,mv,47,0.05026922431608963,3.0775604113659987,0.05,1.2700525224568717,-4.163336342344337e-17,0.04263042845902199,0.09347160740320729,0,True,0.012363397701354457
2007-06-30,blend,diag,47,0.05026922431608963,4.134153191367561,0.05,1.2926353621090656,-5.551115123125783e-17,0.1378883021239806,0.09114149394544417,0,True,0.0112572863489443
2007-07-31,blend,mv,47,0.05061711790022654,2.7581560640804503,0.05,1.172188652158005,2.42861286636753e-17,0.10086015938645536,0.09999999998829538,1,True,-0.006435024142077685
2007-07-31,blend,diag,47,0.05061711790022654,4.94041546322076,0.05,1.1694933838408488,1.9081958235744878e-17,0.23950916774445363,0.0759683257247613,0,True,-0.009607537535058129
2007-08-31,blend,mv,48,0.049370716778837274,2.637272027461919,0.05,1.2361085000001415,1.3877787807814457e-17,0.090204365470538,0.09686794436608312,0,True,0.0180292560832359
2007-08-31,blend,diag,48,0.049370716778837274,5.0622485296324236,0.05,1.1943894602691738,-5.551115123125783e-17,0.23741179047453992,0.0666290267322158,0,True,0.015491521339683068
2007-09-30,blend,mv,48,0.05005903440658766,2.562304839492181,0.05,1.4869108131729871,2.7755575615628914e-17,0.08870817465330552,0.0741216103340259,0,True,0.010320643170483335
2007-09-30,blend,diag,48,0.05005903440658766,5.105123101261132,0.05,1.2014872972867,-4.85722573273506e-17,0.22057537227713375,0.07095166848891393,0,True,0.011416007201243614
2007-10-31,blend,mv,48,0.050243718256660436,2.5435597400618453,0.05,1.4710204257367407,-6.938893903907228e-18,0.06408930557044389,0.07918172621950918,0,True,-0.002464486554431488
2007-10-31,blend,diag,48,0.050243718256660436,4.835816534217883,0.05000000000000002,1.3393893911603731,-6.938893903907228e-17,0.15912171762781785,0.06638534737050386,0,True,0.0030680267621572997
2007-11-30,blend,mv,48,0.050332838870429684,2.531535496443199,0.05,1.433492154427047,-4.163336342344337e-17,0.06445802768883034,0.07928779873751332,0,True,0.011906205096324445
2007-11-30,blend,diag,48,0.050332838870429684,4.917379128198971,0.05000000000000001,1.3710415683213228,8.326672684688674e-17,0.14204802151992985,0.06374611300537524,0,True,0.023611533252425133
2007-12-31,blend,mv,48,0.0519057790638708,2.662661234685407,0.05,1.393692047828524,0.0,0.03801537878616212,0.08018628014476224,0,True,-0.022828442311102703
2007-12-31,blend,diag,48,0.0519057790638708,5.4998876288605985,0.05000000000000002,1.3025635281411114,-9.71445146547012e-17,0.08343185072787547,0.06526536271811073,0,True,-0.029887129473665217
2008-01-31,blend,mv,48,0.049742157923200615,2.4126092773919883,0.05,1.253788580604779,0.0,0.05416049496197574,0.072807605925625,0,True,0.053213756230662254
2008-01-31,blend,diag,48,0.049742157923200615,5.735283464413992,0.049999999999999996,1.2129048912255902,1.3877787807814457e-17,0.10403921235170605,0.05430028227976847,0,True,0.05962713751265336
2008-02-29,blend,mv,48,0.05305579183488801,2.592784656974234,0.049999999999999996,1.4099720802602356,0.0,0.0003337612566054471,0.05900382235393719,0,True,-0.011366345728168966
2008-02-29,blend,diag,48,0.05305579183488801,5.938998674532249,0.049999999999999996,1.2050758552987766,-5.551115123125783e-17,0.02172009489319318,0.06346459703230144,0,True,-0.008108518051930056
2008-03-31,blend,mv,48,0.05200722437283065,2.3883657674343097,0.05000000000000002,1.3012288518892992,2.7755575615628914e-17,0.005174317270029358,0.05804101930978279,0,True,0.01238616039891139
2008-03-31,blend,diag,48,0.05200722437283065,6.086927129192669,0.049999999999999996,1.1421950520824264,5.551115123125783e-17,0.043015708192648994,0.05725297754042775,0,True,0.016147922169641938
2008-04-30,blend,mv,48,0.05242900371220608,2.576991961204845,0.05,1.4565663280593217,2.7755575615628914e-17,-0.02616547386457138,0.052785557046814056,0,True,0.026749852737801026
2008-04-30,blend,diag,48,0.05242900371220608,6.272147596625954,0.04999999999999999,1.214413835160853,-2.7755575615628914e-17,0.014526940980881385,0.06532149543919194,0,True,0.026670035055475293
2008-05-31,blend,mv,48,0.05395992253691588,2.6013063809402284,0.05,1.3773101983329603,2.7755575615628914e-17,-0.011172784132040064,0.05547572355608137,0,True,0.05842373224203494
2008-05-31,blend,diag,48,0.05395992253691588,6.465356964852972,0.049999999999999996,1.2126592207681282,-2.7755575615628914e-17,0.05423110566825967,0.06798241922394378,0,True,0.057491945078600844
2008-06-30,blend,mv,48,0.05651523134304216,2.455036946294209,0.05000000000000001,1.2248968362449593,2.7755575615628914e-17,-0.043739040542603344,0.061500199323621454,0,True,-0.023265853649666685
2008-06-30,blend,diag,48,0.05651523134304216,6.8107108450564136,0.05,1.1075414454228334,-5.551115123125783e-17,-0.024330046444786698,0.06938673122097182,0,True,-0.025877931482279414
2008-07-31,blend,mv,48,0.05528758354760294,2.202177649162648,0.049999999999999996,1.0709114080494895,0.0,-0.08937427252310617,0.0678821918796863,0,True,-0.018887868048250385
2008-07-31,blend,diag,48,0.05528758354760294,6.296844097550288,0.049999999999999996,0.9929820587860678,-2.7755575615628914e-17,-0.06366381528482067,0.059616169640298235,0,True,-0.0245352333639047
2008-08-31,blend,mv,47,0.052956684866198644,2.3567868426351777,0.049999999999999996,1.1249322052228403,-1.244664094013359e-16,-0.09731635724151212,0.07318630562894025,0,True,-0.03465553810065129
2008-08-31,blend,diag,47,0.052956684866198644,5.923155995845955,0.05,1.0492815611695316,1.0581813203458523e-16,-0.10242547252389876,0.06559856318238817,0,True,-0.039852664367223116
2008-09-30,blend,mv,47,0.051376029651366305,2.513945815750979,0.05000000000000002,1.2136789860012074,-1.3877787807814457e-17,-0.07196326211488137,0.05249719647070006,0,True,0.039241785525840484
2008-09-30,blend,diag,47,0.051376029651366305,5.4514655704458646,0.05,1.071424907416963,6.938893903907228e-18,-0.05996325388826267,0.06944406936656575,0,True,0.03288804622187856
2008-10-31,blend,mv,47,0.05241657857498383,2.3839532565211665,0.05,1.3041152392519266,7.979727989493313e-17,-0.15484673314341008,0.053217359547608825,0,True,0.00216906920895316
2008-10-31,blend,diag,47,0.05241657857498383,6.2909266791483365,0.05,1.0200559333942398,-2.5587171270657905e-17,-0.24740715619722295,0.06892385573618812,0,True,0.018461659228230363
2008-11-30,blend,mv,47,0.052721882900544574,2.2166449462302165,0.049999999999999996,1.166442226651595,-1.0408340855860843e-17,-0.1944771241273521,0.05564725076750031,0,True,-0.027069088211593508
2008-11-30,blend,diag,47,0.052721882900544574,6.863004297312485,0.049999999999999996,0.9591762131538084,1.1405806854547507e-16,-0.2615074328343791,0.0549681913443261,0,True,-0.015875814739154843
2008-12-31,blend,mv,47,0.051569116513622726,2.052236531001321,0.05,1.1245295626406961,-1.457167719820518e-16,-0.23706016163740434,0.05245958210299585,0,True,0.029436606499609573
2008-12-31,blend,diag,47,0.051569116513622726,7.042012440329395,0.05,0.912992057582521,7.806255641895632e-18,-0.27845266436703237,0.05329227418083103,0,True,0.02007104525683792
2009-01-31,blend,mv,44,0.052591866662961,2.1513559199480605,0.05,1.0813933907327276,-1.1102230246251565e-16,-0.21378019553229088,0.07380454540408339,0,True,0.011998895580744974
2009-01-31,blend,diag,44,0.052591866662961,6.580407378733395,0.049999999999999996,0.924576788740189,0.0,-0.26142550369937345,0.06529910237495931,0,True,0.013846483129752195
2009-02-28,blend,mv,45,0.05318359140365289,2.153389866943176,0.05000000000000001,1.0061900219633684,-6.938893903907228e-17,-0.20549113856245296,0.08669071458380771,0,True,-0.025488146533161827
2009-02-28,blend,diag,45,0.05318359140365289,6.845258695182351,0.04999999999999999,0.9351259720685631,5.551115123125783e-17,-0.25214997385721516,0.051843095067760185,0,True,-0.029235410198945728
2009-03-31,blend,mv,46,0.051036221604286613,2.1243334069029856,0.05000000000000001,0.9309423872791598,2.7755575615628914e-17,-0.20035517441972164,0.09999999998420327,1,True,-0.11989302976143998
2009-03-31,blend,diag,46,0.051036221604286613,6.42983469434902,0.05,0.965980570943979,6.938893903907228e-18,-0.2505615728692682,0.05449954059172365,0,True,-0.12420478514227841
2009-04-30,blend,mv,46,0.04732458366194166,1.9307861306690106,0.05,0.8057927722205819,-4.163336342344337e-17,-0.16405157999406797,0.09999999999016836,1,True,-0.012245852479239002
2009-04-30,blend,diag,46,0.04732458366194166,7.045212451488339,0.049999999999999996,0.7248672522542202,3.642919299551295e-17,-0.23785623533253827,0.05113445523195111,0,True,-0.00706933458086603
2009-05-31,blend,mv,45,0.04672371011897182,1.9925576149485176,0.05,0.8030244573776548,4.85722573273506e-17,-0.1383845239877626,0.09999999999381642,1,True,0.004674741236986887
2009-05-31,blend,diag,45,0.04672371011897182,6.438062424905782,0.05,0.7691639968042181,-1.0061396160665481e-16,-0.21986238777113679,0.06291889362126471,0,True,0.012238695749043854
2009-06-30,blend,mv,46,0.04792896037953652,2.1399856441842355,0.05,0.9052753798432218,7.632783294297951e-17,-0.1097948614549517,0.09778212580911645,0,True,-0.018411847868133043
2009-06-30,blend,diag,46,0.04792896037953652,6.467197755191146,0.05,0.7827811209895241,-2.0816681711721685e-17,-0.19720976410638413,0.07311535677560817,0,True,-0.02430838962491478
2009-07-31,blend,mv,46,0.04573299639858762,1.949835599884181,0.05000000000000002,0.913282130468513,-2.0816681711721685e-17,-0.12184307996247243,0.09999999999021711,1,True,-0.009919528729768548
2009-07-31,blend,diag,46,0.04573299639858762,6.167196209266425,0.05,0.804447024924608,2.0816681711721685e-17,-0.20466546255456136,0.05952342936610369,0,True,-0.011680125740749373
2009-08-31,blend,mv,45,0.04402695438746517,2.0781707378531276,0.05,0.9623135525698439,2.7755575615628914e-17,-0.10133176926531576,0.09331931037132134,0,True,-0.005098599503160531
2009-08-31,blend,diag,45,0.04402695438746517,5.407828402992834,0.04999999999999999,0.8389132295995871,3.122502256758253e-17,-0.1921781381687663,0.05894771424552415,0,True,-0.006964097664316107
2009-09-30,blend,mv,44,0.04295442106764155,2.22217226593992,0.04999999999999999,1.130610424126501,0.0,-0.0380347802523832,0.07367605869286285,0,True,0.011344650691521106
2009-09-30,blend,diag,44,0.04295442106764155,4.168177638663409,0.05,1.029850511514524,2.7755575615628914e-17,-0.09347965942170428,0.06829969859316029,0,True,0.012492902518322569
2009-10-31,blend,mv,44,0.0439653005525015,2.2284941876454614,0.05,0.8563007221080059,0.0,0.0557985669836964,0.09272186492818152,0,True,0.012910257705349633
2009-10-31,blend,diag,44,0.0439653005525015,4.789195083605148,0.05000000000000001,0.8249768741339698,1.3877787807814457e-17,0.15196013795501487,0.07507272483265687,0,True,0.0030921445331241514
2009-11-30,blend,mv,44,0.043782941294609974,2.000606541288059,0.05,0.9977060227621356,7.632783294297951e-17,0.09643146797677202,0.07454653948998842,0,True,-0.00042559312273286666
2009-11-30,blend,diag,44,0.043782941294609974,5.296900718127122,0.05000000000000001,0.8621374407272674,-2.7755575615628914e-17,0.18481709726524528,0.06492114399731824,0,True,0.0038360122905034084
2009-12-31,blend,mv,44,0.0443675713048504,2.1128329732056867,0.05,0.8959361136503734,-2.7755575615628914e-17,0.08834451328548858,0.0742538918524553,0,True,-0.011972358962630969
2009-12-31,blend,diag,44,0.0443675713048504,5.21779142639428,0.05,0.8453526747641483,1.3877787807814457e-17,0.17591745548588084,0.06481469392664933,0,True,-0.01832860758695415
2010-01-31,blend,mv,43,0.04275794398181738,1.8443602152252139,0.049999999999999996,0.822564670422578,9.020562075079397e-17,0.1404698534755691,0.08541911126939591,0,True,0.013334378692841053
2010-01-31,blend,diag,43,0.04275794398181738,5.402508219655636,0.049999999999999996,0.7964673160607284,6.245004513516506e-17,0.2216400952071771,0.055186567548215756,0,True,0.015188391619448982
2010-02-28,blend,mv,47,0.04453568002075473,1.7599424801883352,0.05,0.7693498912817173,1.682681771697503e-16,0.15913776917031808,0.06500169970975735,0,True,0.007346761582662473
2010-02-28,blend,diag,47,0.04453568002075473,6.746999517641486,0.05000000000000002,0.7201293961568086,-5.102526474259905e-17,0.23121622641575895,0.05273283641550612,0,True,0.01118869179240896
2010-03-31,blend,mv,47,0.04609963354151872,1.9760583750718996,0.049999999999999996,0.762501573754109,-6.938893903907228e-18,0.13912698505098625,0.09999999999009578,1,True,0.006033124655025114
2010-03-31,blend,diag,47,0.04609963354151872,6.636436407030004,0.05000000000000001,0.6988343304864704,-5.767955557622884e-17,0.2286119313743871,0.05749475807606237,0,True,0.01392870191474253
2010-04-30,blend,mv,48,0.046869730183256554,2.493891770453263,0.05,0.9482944666020623,-1.3877787807814457e-17,0.0965326128042805,0.09999999999003914,1,True,0.006463318848631244
2010-04-30,blend,diag,48,0.046869730183256554,5.384226017969342,0.05,0.8630974607967161,2.7755575615628914e-17,0.214103633149386,0.06053348112269614,0,True,-0.002112319733171983
2010-05-31,blend,mv,48,0.0460451904188685,2.0229229791577272,0.05000000000000002,0.9390557217131091,0.0,0.10437274317440753,0.09999999999021943,1,True,-0.010829654752334703
2010-05-31,blend,diag,48,0.0460451904188685,6.130245443781622,0.05000000000000001,0.7835530783698905,1.1102230246251565e-16,0.20081909870975673,0.06278601514014784,0,True,-0.016723862132682635
2010-06-30,blend,mv,48,0.044432899980550444,1.976700872075929,0.05,0.9883146925626453,5.551115123125783e-17,0.09956853343825132,0.09999999999005069,1,True,-0.005510132609189984
2010-06-30,blend,diag,48,0.044432899980550444,5.86727549743853,0.05,0.8270196315106523,-2.7755575615628914e-17,0.1977891517911215,0.05413967060199015,0,True,0.009222122736659902
2010-07-31,blend,mv,48,0.04535616197495243,2.5273075368966547,0.049999999999999996,0.9907936591046197,-1.3877787807814457e-17,0.019427002603265547,0.08419708885595412,0,True,0.024711344876369473
2010-07-31,blend,diag,48,0.04535616197495243,4.4796135596891755,0.049999999999999996,1.0010496616792408,1.3877787807814457e-17,0.08146514466237914,0.06132467483232323,0,True,0.015913113289655813
2010-08-31,blend,mv,47,0.04579485180035475,2.451255844069308,0.05,1.1566519477206194,6.158268339717665e-17,0.028284323049538086,0.07992035933938071,0,True,0.014665736738407676
2010-08-31,blend,diag,47,0.04579485180035475,4.6450683175062775,0.050000000000000024,1.128288018585421,-5.117434254131581e-17,0.11302123672681307,0.05819088384939736,0,True,0.01774663300425976
2010-09-30,blend,mv,47,0.046520810311007285,2.6194695529267342,0.05,1.0442265714144636,-4.683753385137379e-17,-0.014116396460378954,0.08818855414938301,0,True,0.000520832711511268
2010-09-30,blend,diag,47,0.046520810311007285,4.33507783516734,0.049999999999999996,1.1048170215319226,1.6479873021779667e-17,0.015569587628103175,0.06961927077114063,0,True,0.00832897580908672
2010-10-31,blend,mv,47,0.04705796727950588,2.4565464205386576,0.05,1.0252085031861238,1.3335686721571705e-17,0.04305553884505308,0.09019242241561873,0,True,0.004559172538817003
2010-10-31,blend,diag,47,0.04705796727950588,5.058280974229779,0.04999999999999999,0.9963444165238394,2.3418766925686896e-17,0.13963615668668714,0.05953901277603841,0,True,0.01324216251302308
2010-11-30,blend,mv,47,0.04789104153090368,2.3865317406143847,0.05000000000000002,1.0857145968202415,1.249000902703301e-16,0.05375828629258571,0.09041545403387831,0,True,-0.033319404320833156
2010-11-30,blend,diag,47,0.04789104153090368,5.284259167250521,0.05000000000000001,0.9700127830782329,6.765421556309548e-17,0.15977940883031366,0.06307988373044346,0,True,-0.02308534480326688
2010-12-31,blend,mv,46,0.046272095609151624,2.097325211088622,0.05,1.1081068724932832,3.2959746043559335e-17,0.04439166711822365,0.07505224155182276,0,True,-0.018242473443019096
2010-12-31,blend,diag,46,0.046272095609151624,5.11957536644182,0.05000000000000002,1.0322929864029042,8.933825901280557e-17,0.13336714921480944,0.06165782569701578,0,True,-0.011898249075129892
2011-01-31,blend,mv,47,0.04526692647066473,2.0808929140173444,0.05,0.9449397031098657,-1.734723475976807e-18,0.0887525125849364,0.06805014908731684,0,True,0.002638091346592341
2011-01-31,blend,diag,47,0.04526692647066473,5.674537379390892,0.05,0.9263118291320066,2.0816681711721685e-17,0.18544670966642776,0.050218338113840535,0,True,0.001207436663298334
2011-02-28,blend,mv,47,0.0455743071074094,2.0850072024420405,0.05,1.0325063133237131,5.811323644522304e-17,0.09526790272322011,0.06767776395729051,0,True,0.01425001573269134
2011-02-28,blend,diag,47,0.0455743071074094,5.652726611483798,0.04999999999999999,0.8904126021296415,6.245004513516506e-17,0.19451084860978637,0.06800240028671317,0,True,0.014122237967337487
2011-03-31,blend,mv,47,0.04651460211689353,2.171803866821939,0.05000000000000001,1.0766624377977136,2.879912020664621e-17,0.07054511811914335,0.06317610610346124,0,True,0.0016231161794789963
2011-03-31,blend,diag,47,0.04651460211689353,5.520302818852799,0.05,0.9639165873715495,-6.938893903907228e-18,0.16286351068264182,0.07351897677242089,0,True,-0.0026808236144653043
2011-04-30,blend,mv,46,0.04634579666059337,2.1251403746339714,0.05000000000000001,1.0925894140548151,1.1476279995759064e-16,0.05739266708943732,0.06291371401229465,0,True,-0.0031432430442758026
2011-04-30,blend,diag,46,0.04634579666059337,5.296740804447518,0.05,0.9106564520160201,4.163336342344337e-17,0.13131093836649665,0.08180369698681297,0,True,-0.011287087795160845
2011-05-31,blend,mv,47,0.04508258657035564,2.095754917286689,0.049999999999999996,1.0448592603780873,1.1695830935687379e-17,0.06540675848570707,0.07960761657839234,0,True,0.007334170693563604
2011-05-31,blend,diag,47,0.04508258657035564,5.465695534550921,0.05,0.9043804666746766,3.8163916471489756e-17,0.14870558410535967,0.08202447512250531,0,True,0.006720524628503825
2011-06-30,blend,mv,45,0.04582281513021769,2.1417022434188375,0.05,1.041543234015355,2.7755575615628914e-17,0.09760985087425099,0.06515783011570013,0,True,-0.0027728569513798314
2011-06-30,blend,diag,45,0.04582281513021769,5.463635277218432,0.05000000000000001,0.9186085605836901,2.0816681711721685e-17,0.19287535550625534,0.05707585945105387,0,True,-0.0018507155655272934
2011-07-31,blend,mv,45,0.044970104420063384,2.182684236239566,0.05000000000000001,1.2172908092412813,2.0816681711721685e-17,0.05743557991620874,0.05612201084920066,0,True,-0.005096147719700357
2011-07-31,blend,diag,45,0.044970104420063384,4.752533702071471,0.05,1.0393840027691552,-8.326672684688674e-17,0.13665934905995542,0.06453109638221656,0,True,-0.005728259500590031
2011-08-31,blend,mv,45,0.04438036121367605,2.1345002519416,0.05,1.0517418016082463,1.3877787807814457e-17,0.07439370533568282,0.06539034261615523,0,True,-0.022562307193916057
2011-08-31,blend,diag,45,0.04438036121367605,4.803332162673741,0.05000000000000002,0.9492749944352572,-2.7755575615628914e-17,0.1610677953458196,0.07096222991027737,0,True,-0.03336983140391536
2011-09-30,blend,mv,45,0.04260750460596802,2.0365889988149006,0.05,1.1370594577911635,-8.326672684688674e-17,-0.026113495836875594,0.07343245675485685,0,True,-0.002632266334148401
2011-09-30,blend,diag,45,0.04260750460596802,4.033747626030332,0.05,1.1544103312857001,-2.0816681711721685e-17,-0.0207093743615992,0.06451418177629202,0,True,-0.0008574987111154238
2011-10-31,blend,mv,44,0.04201416947557398,1.7389368823655131,0.05,1.0352777694930908,-1.214306433183765e-16,-0.14094259698599196,0.09045144811873328,0,True,0.007154003882529491
2011-10-31,blend,diag,44,0.04201416947557398,5.600198500729078,0.05,0.8218913149175372,-9.107298248878237e-18,-0.22257977700406717,0.0642378321658881,0,True,0.005849244410415279
2011-11-30,blend,mv,45,0.042803301413219995,2.0470783845918135,0.049999999999999996,1.089663390305605,9.367506770274758e-17,-0.08876714877898594,0.06476755583679666,0,True,0.0069296444528187924
2011-11-30,blend,diag,45,0.042803301413219995,4.807801579641718,0.05,0.9645260154988416,1.3877787807814457e-17,-0.1793911413007209,0.06814878229874774,0,True,0.013998864352621675
2011-12-31,blend,mv,45,0.043918290094037964,2.0774024461348937,0.05000000000000001,1.0403666951739763,-2.7755575615628914e-17,-0.10080249217773206,0.07149726917413307,0,True,-0.017208147566704784
2011-12-31,blend,diag,45,0.043918290094037964,5.120731960873608,0.05,0.8784117846545832,6.245004513516506e-17,-0.19549781812100603,0.07342428329556483,0,True,-0.026483936348894392
2012-01-31,blend,mv,45,0.041696796590916956,1.842734160506811,0.049999999999999996,1.06422818491449,-6.938893903907228e-18,-0.1261835053451488,0.0672110859837252,0,True,0.002250452063581514
2012-01-31,blend,diag,45,0.041696796590916956,5.522051692438373,0.05,0.8362262591756848,-5.724587470723463e-17,-0.2204233408759724,0.07285611195621004,0,True,0.001387979724204316
2012-02-29,blend,mv,45,0.04147630435772866,1.9030052731135663,0.05,1.168511106274833,1.3877787807814457e-16,-0.1017922616400627,0.08326024172545171,0,True,0.010878818059237882
2012-02-29,blend,diag,45,0.04147630435772866,5.136697317693362,0.049999999999999996,0.9064535523587018,4.85722573273506e-17,-0.19786537416019057,0.07688363765782523,0,True,0.010090457069583166
2012-03-31,blend,mv,45,0.04213051032770313,1.8355550306721706,0.05,1.0846551209552229,-1.3877787807814457e-17,-0.09921352419488301,0.0765112639252255,0,True,0.007203796510757493
2012-03-31,blend,diag,45,0.04213051032770313,5.380950645889043,0.05000000000000002,0.851824439813363,7.806255641895632e-17,-0.19036612484875318,0.08055928450559238,0,True,0.009661255319315942
2012-04-30,blend,mv,45,0.04311119229042581,1.9782920914682467,0.049999999999999996,1.122342802385948,-4.85722573273506e-17,-0.07310141336039161,0.08836333633812785,0,True,0.016075581942171267
2012-04-30,blend,diag,45,0.04311119229042581,5.396781891397661,0.05,0.8624584728660772,1.734723475976807e-17,-0.16951086743848764,0.08353674996642485,0,True,0.025091968103580397
2012-05-31,blend,mv,45,0.04457314441248138,2.131039629956891,0.05000000000000001,1.196088368508597,-6.938893903907228e-17,-0.062075228094211114,0.06441752073679538,0,True,-0.014256187140671296
2012-05-31,blend,diag,45,0.04457314441248138,5.3674583919241545,0.049999999999999996,0.8906928830127652,2.7755575615628914e-17,-0.16022857349655692,0.07355165654631231,0,True,-0.013933864549490586
2012-06-30,blend,mv,45,0.04390931670640678,1.9227530494240626,0.05000000000000001,1.1399704116809108,1.1622647289044608e-16,-0.1008743483672106,0.07565410156442577,0,True,0.028232027678394448
2012-06-30,blend,diag,45,0.04390931670640678,5.8896344583338704,0.05,0.8145850243201443,-4.683753385137379e-17,-0.19907959796507813,0.06281421622781472,0,True,0.01760015016812816
2012-07-31,blend,mv,45,0.045334548876512844,2.0383009633985645,0.049999999999999996,1.12836193837003,-1.214306433183765e-16,-0.0821499866734944,0.08328000684631484,0,True,-0.0187290137161004
2012-07-31,blend,diag,45,0.045334548876512844,6.202137653672781,0.04999999999999999,0.8114996152415214,2.0816681711721685e-17,-0.19343043873305785,0.060863293887078354,0,True,-0.011136821464515455
2012-08-31,blend,mv,44,0.04412657969322697,2.2098466913394685,0.05,1.0820916304196693,9.540979117872439e-18,-0.04036335768745082,0.09043491948520414,0,True,-0.007880871493722064
2012-08-31,blend,diag,44,0.04412657969322697,5.5663833783071865,0.05000000000000001,0.822095570637271,-9.020562075079397e-17,-0.15308115557373503,0.06902618032139848,0,True,-0.010007621083889778
2012-09-30,blend,mv,43,0.043543071172871164,2.2809687006098343,0.05,1.0865043119878988,0.0,0.03915690848567036,0.06959878326722094,0,True,-0.016507412579699475
2012-09-30,blend,diag,43,0.043543071172871164,4.343503934482631,0.05,1.0401186597982384,7.806255641895632e-18,0.03495982419583248,0.0645249403078313,0,True,-0.010183849441938187
2012-10-31,blend,mv,44,0.0434718045682847,2.1910003300691776,0.05000000000000001,1.1544354998337516,1.5720931501039814e-17,-0.011979922207721249,0.08798964974764799,0,True,0.00954597859576706
2012-10-31,blend,diag,44,0.0434718045682847,4.662647916564798,0.05000000000000001,0.9911943440100577,3.469446951953614e-17,-0.10246689991025998,0.06947764135892699,0,True,0.004958438404362055
2012-11-30,blend,mv,44,0.042884657017366254,2.1370987962556733,0.05000000000000002,1.1392583159909622,6.938893903907228e-18,0.005480910932475135,0.09072001460681464,0,True,-0.004187471431986973
2012-11-30,blend,diag,44,0.042884657017366254,4.5822576880546,0.04999999999999999,1.0463278295241856,1.734723475976807e-17,-0.0517156320731055,0.05976252948997427,0,True,-0.003381802379559487
2012-12-31,blend,mv,44,0.042418122765825114,2.2547617597525984,0.05,1.1427372847860016,-6.245004513516506e-17,0.029179848479507883,0.07593452314314443,0,True,0.01947663778228932
2012-12-31,blend,diag,44,0.042418122765825114,4.134010089103605,0.05,1.0646883400721785,-5.296327612591689e-17,0.015612612279710236,0.061295595840658426,0,True,0.016756677897349057
2013-01-31,blend,mv,45,0.04300694497118328,2.1735257346140204,0.049999999999999996,1.0880685626745814,3.122502256758253e-17,0.005019542364624219,0.07418499773744826,0,True,0.010470200760087794
2013-01-31,blend,diag,45,0.04300694497118328,4.796353459959106,0.049999999999999996,0.9865775950050617,-1.9081958235744878e-17,-0.037068613054193865,0.06443084952572432,0,True,0.011335588544031074
2013-02-28,blend,mv,46,0.043821167490812836,2.3191506834426634,0.05,1.0669411707621907,1.5612511283791264e-17,0.0018532055574316262,0.0734414312930013,0,True,0.007181520192567968
2013-02-28,blend,diag,46,0.043821167490812836,4.908842864055612,0.049999999999999996,1.0785411204253699,-9.194034422677078e-17,-0.050931462420009406,0.054578929544916575,0,True,0.007719750921656353
2013-03-31,blend,mv,45,0.04472133183927363,2.2712644748896706,0.049999999999999996,1.05206206779962,-5.204170427930421e-17,-0.003923761616576716,0.0780946859356615,0,True,0.016242637064852815
2013-03-31,blend,diag,45,0.04472133183927363,5.154990486791846,0.05,1.0473994031004348,-1.3877787807814457e-16,-0.06437557851554931,0.06731683368751727,0,True,0.00981043433056398
2013-04-30,blend,mv,45,0.04439504584375699,2.2611614120606034,0.05000000000000002,1.084867100185265,6.220609964635582e-18,0.0020049139777838718,0.07056426002842874,0,True,-0.005634191992769874
2013-04-30,blend,diag,45,0.04439504584375699,4.787018592261443,0.05000000000000001,1.057614824435886,1.5612511283791264e-17,-0.03912022171155345,0.06692262640381078,0,True,-0.001978164168173185
2013-05-31,blend,mv,44,0.0437704029749772,2.2863015698173337,0.049999999999999996,1.0555367083540972,-7.806255641895632e-17,0.036772680928321054,0.08514337478494408,0,True,0.01809111278171997
2013-05-31,blend,diag,44,0.0437704029749772,4.437906983742915,0.05000000000000002,1.0499301488264265,5.637851296924623e-18,0.026487464112963113,0.07664072795020001,0,True,0.018563560341865744
2013-06-30,blend,mv,44,0.04393065486558699,2.2184407752656288,0.05000000000000002,1.0936896047068938,2.2551405187698492e-17,0.06045772953899951,0.07350839318267725,0,True,0.00932090404167943
2013-06-30,blend,diag,44,0.04393065486558699,4.622493838346836,0.05000000000000001,1.0119727881086318,6.938893903907228e-18,0.08645566166048392,0.06748604936653789,0,True,0.009097008131903284
2013-07-31,blend,mv,44,0.04468767274062499,2.252434497587714,0.049999999999999996,0.9571599548803683,-4.163336342344337e-17,0.0524389562725342,0.08314427247614062,0,True,-0.0048412893956148
2013-07-31,blend,diag,44,0.04468767274062499,4.807950499510189,0.05,0.9653145585967521,-1.3964523981613297e-16,0.053545334139287463,0.07170717655598273,0,True,-0.009093763805478841
2013-08-31,blend,mv,45,0.04368609195382956,2.1874203817793996,0.05,0.9343902570374473,4.597017211338539e-17,0.04701698031722944,0.09788457094214216,0,True,0.020556423585439645
2013-08-31,blend,diag,45,0.04368609195382956,4.769932708693443,0.05,1.0357609002121388,1.5829351718288365e-16,0.044597394024547564,0.07367100587823765,0,True,0.01893625159187189
2013-09-30,blend,mv,44,0.04464242003658784,2.236303822304946,0.05,1.0075051257541334,-2.42861286636753e-17,0.04662709316495012,0.09410410239247417,0,True,0.0054394710726608205
2013-09-30,blend,diag,44,0.04464242003658784,4.702527245403968,0.05000000000000002,1.0894147635154503,-8.153200337090993e-17,0.05546293468096271,0.0738768310220209,0,True,0.0038318215111828556
2013-10-31,blend,mv,44,0.04479439561074778,2.2721568953386497,0.05,0.9982891173766957,8.673617379884035e-18,0.05448690041623947,0.08413349010359114,0,True,0.019491404000289918
2013-10-31,blend,diag,44,0.04479439561074778,4.787568975180583,0.05000000000000002,0.999632974500925,1.2750217548429532e-16,0.05897409540146183,0.08925559749266083,0,True,0.023074093688895927
2013-11-30,blend,mv,44,0.046468880592155704,2.3251935324822233,0.049999999999999996,1.018296817239453,-5.551115123125783e-17,0.05608092013517698,0.09289773359254794,0,True,0.004339975964483218
2013-11-30,blend,diag,44,0.046468880592155704,4.92901195887471,0.05,1.0267499070296495,-5.724587470723463e-17,0.05562295716907823,0.08408711843454882,0,True,0.002629635777926038
2013-12-31,blend,mv,45,0.046428759729791845,2.3388859182343964,0.05,1.0085700568916678,3.469446951953614e-17,0.04011077399668037,0.0877559707451559,0,True,0.00396360753818702
2013-12-31,blend,diag,45,0.046428759729791845,5.313514263055082,0.05000000000000001,1.0372056846206668,5.204170427930421e-18,0.0024241672766150088,0.08048270195045978,0,True,0.0009657120665210954
2014-01-31,blend,mv,45,0.046716116088226976,2.3051449663638217,0.05000000000000002,1.1295931738772205,-7.979727989493313e-17,0.05058514270738117,0.10000000000002758,1,True,0.013494444334066501
2014-01-31,blend,diag,45,0.046716116088226976,4.896379475843684,0.05,1.1267115301388957,1.214306433183765e-17,0.015013814756137493,0.07259367009873366,0,True,0.005664396672884429
2014-02-28,blend,mv,45,0.04745035214747596,2.346831306701057,0.049999999999999996,1.056861625366747,-5.551115123125783e-17,0.05932727131982207,0.09999999998526844,1,True,-0.009968255714193859
2014-02-28,blend,diag,45,0.04745035214747596,4.651209925079614,0.05000000000000002,1.1661728673758736,9.020562075079397e-17,0.04928860331507985,0.07605786993076782,0,True,-0.008258755352289805
2014-03-31,blend,mv,45,0.04659752938940075,2.350837290975435,0.049999999999999996,1.0597315773580127,0.0,0.0715176763801179,0.099999999988786,1,True,-0.010689031979807632
2014-03-31,blend,diag,45,0.04659752938940075,4.441597430691304,0.049999999999999996,1.216107357497433,-2.7755575615628914e-17,0.09417656075479906,0.07198440247092526,0,True,-0.01358671453921419
2014-04-30,blend,mv,46,0.04541507497159402,2.2641572300649293,0.05,1.0482245087765012,1.734723475976807e-17,0.08987335770385846,0.09999999999517929,1,True,0.015148612957452257
2014-04-30,blend,diag,46,0.04541507497159402,4.541771503428508,0.05000000000000002,1.2452957939609162,-1.0408340855860843e-17,0.14939359449417727,0.07158263144516304,0,True,0.012037601178849089
2014-05-31,blend,mv,46,0.04598927294941359,2.31211616410227,0.04999999999999999,1.1338897872050868,4.163336342344337e-17,0.047156334260428825,0.09999999999404131,1,True,-0.01136015309175891
2014-05-31,blend,diag,46,0.04598927294941359,4.05578721185795,0.05000000000000001,1.29190058550959,-3.469446951953614e-17,0.06871158784924905,0.08067391790930707,0,True,-0.011384147364460102
2014-06-30,blend,mv,46,0.04562644866121328,2.2644426198907746,0.049999999999999996,1.1104365989316474,-3.122502256758253e-17,0.07242291399078878,0.09999999999102875,1,True,0.013467078373793634
2014-06-30,blend,diag,46,0.04562644866121328,4.11073140500955,0.05,1.2636061699172532,9.71445146547012e-17,0.14522832744952135,0.07379666838039062,0,True,0.010636651969808604
2014-07-31,blend,mv,45,0.045975775724241275,2.3854783554755263,0.05,1.1997747216376313,-2.0816681711721685e-17,0.0772013860705825,0.09875721807036815,0,True,-0.007951895095556561
2014-07-31,blend,diag,45,0.045975775724241275,4.250253723926324,0.05,1.2184156297605135,3.469446951953614e-17,0.17307854293759048,0.07733915651992349,0,True,-0.004377591687514486
2014-08-31,blend,mv,45,0.044976683105537846,2.32675686915598,0.04999999999999999,1.217478693691879,1.0408340855860843e-17,0.05127194721788535,0.07722283717005442,0,True,0.01968422785800012
2014-08-31,blend,diag,45,0.044976683105537846,4.004573688425197,0.049999999999999996,1.3396471700583492,-9.71445146547012e-17,0.09077059503720313,0.07098025969447924,0,True,0.014513178685418753
2014-09-30,blend,mv,46,0.04516260607777523,2.3285684397478166,0.05,1.4946570681275195,3.469446951953614e-17,0.0019680298918192556,0.06389265712316704,0,True,0.010255428267779483
2014-09-30,blend,diag,46,0.04516260607777523,4.057683200098639,0.049999999999999996,1.3444893542082201,-1.734723475976807e-17,-0.01396256225615435,0.07521868189001284,0,True,0.008241027236718493
2014-10-31,blend,mv,46,0.045419439083313896,2.4267353031135723,0.05,1.341744956475824,0.0,-0.027215348603318333,0.0764063041257993,0,True,-0.009569734180676972
2014-10-31,blend,diag,46,0.045419439083313896,4.4490513706761785,0.05000000000000001,1.2117576464953315,1.5178830414797062e-17,-0.09971746863285401,0.06827589900686788,0,True,0.0011641113385148462
2014-11-30,blend,mv,45,0.04537112103230554,2.4610230986918236,0.05,1.3380273481297156,4.336808689942018e-17,-0.036351188317060606,0.07290333713983538,0,True,0.0007182583719871654
2014-11-30,blend,diag,45,0.04537112103230554,4.760863658478369,0.05,1.2152202950000117,6.955156936494511e-17,-0.12302759604321435,0.0595157471705942,0,True,0.00807309269685166
2014-12-31,blend,mv,46,0.0452466989285986,2.2991291827044695,0.05,1.3965915666391295,-6.245004513516506e-17,-0.06444145065185351,0.07564355361835388,0,True,-0.006584983487008184
2014-12-31,blend,diag,46,0.0452466989285986,5.566200469610127,0.05,1.0772476417090617,-5.898059818321144e-17,-0.17840639235502767,0.07020908270083501,0,True,0.0028163848712377667
2015-01-31,blend,mv,45,0.045883007855903116,2.162945614837307,0.05,1.2117770270643762,9.93129189996722e-17,-0.06817285711222842,0.06603945039889764,0,True,-0.009982815963446287
2015-01-31,blend,diag,45,0.045883007855903116,6.1116113702117,0.05,1.0228560658936272,-5.377642775528102e-17,-0.17255712658030592,0.06773130679875741,0,True,-0.01101076226353861
2015-02-28,blend,mv,46,0.04516066729167658,1.9621344283754152,0.05,1.266845070733503,1.3444106938820255e-16,-0.1116007103591355,0.06926821894727185,0,True,0.017957766499604427
2015-02-28,blend,diag,46,0.04516066729167658,5.9763946118322675,0.05,1.0385007932076897,-4.336808689942018e-17,-0.21759010457365602,0.059283391616705004,0,True,0.01661994342002622
2015-03-31,blend,mv,46,0.04597315997175684,2.097387535174533,0.05,1.306566367119342,1.734723475976807e-17,-0.05491474840915018,0.06934205429508145,0,True,-0.0346901936557509
2015-03-31,blend,diag,46,0.04597315997175684,5.710535626249926,0.04999999999999999,1.0811043980317412,-5.263801547417124e-17,-0.16238613712210664,0.06689965249794172,0,True,-0.03233080272464508
2015-04-30,blend,mv,46,0.04404680632476657,1.9677894745980087,0.04999999999999999,1.1962808604681754,-2.42861286636753e-17,-0.03385691821701367,0.07734861967301095,0,True,0.029266796996366914
2015-04-30,blend,diag,46,0.04404680632476657,5.903836483679477,0.05000000000000001,1.0620162020439345,1.5265566588595902e-16,-0.12131807105443614,0.07862697357583695,0,True,0.02430120587607362
2015-05-31,blend,mv,46,0.045509931332338965,2.0196652204589753,0.05,1.2965468428819014,3.2959746043559335e-17,-0.060320619461561746,0.08491339655466457,0,True,0.024888607283830196
2015-05-31,blend,diag,46,0.045509931332338965,5.739501643296291,0.04999999999999999,1.1050022588114052,-1.4007892068512717e-16,-0.1506510209920758,0.08003708888347584,0,True,0.024309734851008742
2015-06-30,blend,mv,46,0.04683626983099641,1.9837275525820948,0.05,1.2571595424222117,-5.360702116583016e-17,-0.0715492481729607,0.09044463749643056,0,True,0.03166164124923109
2015-06-30,blend,diag,46,0.04683626983099641,6.269954693213375,0.049999999999999996,1.0637493522343513,-3.8163916471489756e-17,-0.1610585971828154,0.07719899977427032,0,True,0.041125356043067635
2015-07-31,blend,mv,45,0.04826494615426565,2.161999833647809,0.05000000000000001,1.337015145550849,7.806255641895632e-17,-0.043714852447681016,0.08755352750404911,0,True,-0.006873712549016182
2015-07-31,blend,diag,45,0.04826494615426565,6.039425377606364,0.05000000000000001,1.146306528156515,-1.0928757898653885e-16,-0.12185752567891714,0.061656135293140575,0,True,-0.005407026905335868
2015-08-31,blend,mv,44,0.047502614893215465,2.0796986700884577,0.049999999999999996,1.1223471344895828,1.734723475976807e-17,-0.04856426896919112,0.08755744062686839,0,True,0.0012780024464449672
2015-08-31,blend,diag,44,0.047502614893215465,6.475669741948584,0.04999999999999999,1.038684419880614,6.028164079019405e-17,-0.13746247081631166,0.07353265797675476,0,True,0.017688767444845665
2015-09-30,blend,mv,45,0.04861235299052864,2.0054504909046957,0.05,1.1770648349217718,1.0408340855860843e-17,-0.061204087798091465,0.0999999999900948,1,True,0.007305626023923933
2015-09-30,blend,diag,45,0.04861235299052864,7.417973196947783,0.05,0.9494749901695198,8.586881206085195e-17,-0.13993087910706847,0.08353196259657537,0,True,-0.0007391191115190807
2015-10-31,blend,mv,45,0.047446635981178875,1.859894460679447,0.05000000000000002,1.160721443137541,1.734723475976807e-18,-0.09984513072251998,0.09999999999424358,1,True,0.0005413577740501748
2015-10-31,blend,diag,45,0.047446635981178875,6.873307758498704,0.04999999999999999,0.943078742126597,1.1839487723541708e-16,-0.17626457637557,0.07186429102863796,0,True,0.001704993962687334
2015-11-30,blend,mv,46,0.0476318993807739,1.9630715293360486,0.05000000000000002,1.1912442960512735,-4.336808689942018e-17,-0.05738545325383058,0.10000000000870331,1,True,0.00433518282240607
2015-11-30,blend,diag,46,0.0476318993807739,5.8079241000628965,0.04999999999999999,1.0159507545488553,-1.8214596497756474e-17,-0.1479948732664754,0.07764015019428204,0,True,0.012772762912759653
2015-12-31,blend,mv,45,0.04876297238241507,2.1559540080155535,0.05000000000000001,1.3598627239034722,-6.678685382510707e-17,-0.0456494940560054,0.10000000000974917,1,True,-0.0024722701240000224
2015-12-31,blend,diag,45,0.04876297238241507,6.093906263127953,0.049999999999999996,1.109768485152855,-7.546047120499111e-17,-0.14204292790043613,0.08409452031461348,0,True,0.004442893309040319
2016-01-31,blend,mv,44,0.049221545150153624,2.4881800182190297,0.05,1.4039787317150128,5.551115123125783e-17,-0.03188026168045385,0.09999999999061672,1,True,-0.033704639450803375
2016-01-31,blend,diag,44,0.049221545150153624,5.932027130613314,0.05000000000000002,1.2865869255811808,-1.249000902703301e-16,-0.129108725123068,0.060671145139823565,0,True,-0.028574745016581634
2016-02-29,blend,mv,45,0.04812721067853033,2.08317007863347,0.05000000000000002,1.5041980146722151,-1.7694179454963432e-16,-0.15203959835197217,0.09734714800515085,0,True,-0.008422532787560583
2016-02-29,blend,diag,45,0.04812721067853033,6.405708458175879,0.05,1.1951572797521233,7.632783294297951e-17,-0.2517689215505386,0.04866060652133121,0,True,-0.01811484373822697
2016-03-31,blend,mv,44,0.046760055802834835,2.193337232806005,0.05,1.4393087338747343,2.0816681711721685e-17,-0.14438251634173446,0.06876421278365684,0,True,-0.002353227679810017
2016-03-31,blend,diag,44,0.046760055802834835,5.375975180397023,0.05,1.2359169311649587,2.0816681711721685e-17,-0.2638255178828702,0.04622808409898854,0,True,-0.014470779453594037
2016-04-30,blend,mv,44,0.045474660276845776,2.0866487186638816,0.05000000000000002,1.5795764038708315,6.938893903907228e-18,-0.1283080727418329,0.08398778655944453,0,True,-0.004930373073944785
2016-04-30,blend,diag,44,0.045474660276845776,5.399483687406028,0.049999999999999996,1.3387921966727245,-4.163336342344337e-17,-0.23181650260415831,0.04292581441260624,0,True,0.005447451323209412
2016-05-31,blend,mv,44,0.04589746954245678,2.3494859747793635,0.05,1.439865923451694,3.122502256758253e-17,-0.11252394112131742,0.0642657679338835,0,True,0.03417737620298176
2016-05-31,blend,diag,44,0.04589746954245678,4.450275846430142,0.05,1.3281891322967125,6.938893903907228e-17,-0.23379310394867214,0.05172754339917846,0,True,0.037208390549872475
2016-06-30,blend,mv,44,0.04740783634310666,2.3288404807020755,0.05,1.446349901825186,-1.0408340855860843e-17,-0.10091339070927514,0.07016221296672487,0,True,0.00032663451554642284
2016-06-30,blend,diag,44,0.04740783634310666,4.479541865142582,0.04999999999999999,1.3384975611938632,0.0,-0.22122161404934457,0.04766144838496607,0,True,-0.011470755235217048
2016-07-31,blend,mv,45,0.046281161945934984,1.9282823979756505,0.04999999999999998,1.2509439468333752,2.0816681711721685e-17,-0.09685727185778306,0.0832708533712418,0,True,-0.0028825440274067105
2016-07-31,blend,diag,45,0.046281161945934984,4.047027198764528,0.049999999999999996,1.170003890238455,6.938893903907228e-17,-0.18523964486302907,0.05218460983040682,0,True,-0.009315868798679686
2016-08-31,blend,mv,44,0.045617933501467894,1.8095550939888316,0.05,1.148976804156179,1.1275702593849246e-17,-0.06382060211304946,0.07349360814177902,0,True,0.0026991756808243516
2016-08-31,blend,diag,44,0.045617933501467894,3.482308249949393,0.04999999999999999,1.181985006769159,3.469446951953614e-17,-0.12195905834345189,0.05437526012727735,0,True,0.0039986419449194325
2016-09-30,blend,mv,44,0.0457546234071264,2.0176163941818435,0.05000000000000002,1.2752803643625532,-1.734723475976807e-17,-0.008188912606587403,0.07860611538264613,0,True,-0.0032976992388496535
2016-09-30,blend,diag,44,0.0457546234071264,3.713646990866273,0.049999999999999996,1.3157805329517303,-2.7755575615628914e-17,0.02413420214670142,0.06674203913974794,0,True,-0.003573569990483961
2016-10-31,blend,mv,44,0.045321405164894205,1.9235922797303342,0.04999999999999999,1.2212815891633824,-5.204170427930421e-18,-0.0209135859266834,0.07152619348458279,0,True,-0.034739447684051565
2016-10-31,blend,diag,44,0.045321405164894205,3.719036082331242,0.05000000000000001,1.1293361207490262,1.9081958235744878e-17,0.03355091989469662,0.06101013567541639,0,True,-0.02036742272601945
2016-11-30,blend,mv,45,0.04437963645819194,1.9020805115287946,0.05,1.2839758997986779,5.2475385148298415e-17,-0.030995271537503123,0.0701061446994973,0,True,-0.0010169364859298825
2016-11-30,blend,diag,45,0.04437963645819194,3.9345634440388935,0.04999999999999999,1.1708514194793456,-1.0451708942760263e-16,-0.019313162426552156,0.06639287477933635,0,True,-0.00639704998444439
2016-12-31,blend,mv,45,0.043646681848417246,1.892442536545882,0.050000000000000024,1.1917410207034245,-4.7704895589362195e-17,0.0651773914422568,0.06095875201179475,0,True,0.0141704546159692
2016-12-31,blend,diag,45,0.043646681848417246,5.059179007049594,0.04999999999999999,0.9095428083892304,9.367506770274758e-17,0.16883146964793125,0.06362878068334661,0,True,0.011864229315574399
2017-01-31,blend,mv,44,0.04440844371033258,2.044026113166766,0.049999999999999996,1.1860837765834653,-8.760353553682876e-17,0.10220859368905169,0.06911384252295388,0,True,-0.008838120120757057
2017-01-31,blend,diag,44,0.04440844371033258,5.6850679341394335,0.05,0.9564590682365559,-6.505213034913027e-17,0.2144063768591888,0.057381717857607255,0,True,-0.007960658439316457
2017-02-28,blend,mv,44,0.04384483440805865,1.968629351733914,0.049999999999999996,1.2807834330988577,1.249000902703301e-16,0.12253445122284293,0.08451892882778128,0,True,-0.011600523570084044
2017-02-28,blend,diag,44,0.04384483440805865,5.747845182207179,0.049999999999999996,1.0268255282866592,-3.122502256758253e-17,0.2356111076138506,0.057607026363486045,0,True,-0.008004299997734101
2017-03-31,blend,mv,44,0.042756737916139806,1.9803488323233054,0.05,1.383572145997699,-5.551115123125783e-17,0.09832506023653695,0.08244881094392115,0,True,0.014859962853344209
2017-03-31,blend,diag,44,0.042756737916139806,5.122995222194422,0.05,1.1630718315832365,-6.245004513516506e-17,0.21698107922938845,0.06073505275466369,0,True,0.007019253790932921
2017-04-30,blend,mv,46,0.04322965151779574,2.1250899242691346,0.05,1.4583951987626962,-4.163336342344337e-17,0.09423053738958938,0.09296325465126035,0,True,0.013857946658608693
2017-04-30,blend,diag,46,0.04322965151779574,4.720285175928016,0.05,1.3189289021485582,-4.163336342344337e-17,0.21563442266729527,0.08309536152453201,0,True,0.00716751862861271
2017-05-31,blend,mv,46,0.04306983848722312,2.1588839359650778,0.04999999999999999,1.6047510507738592,5.204170427930421e-17,0.10779274711641298,0.07221730761134307,0,True,-0.021183626286253216
2017-05-31,blend,diag,46,0.04306983848722312,4.696285073939093,0.05000000000000001,1.4269726769108557,3.122502256758253e-17,0.23773880574537196,0.06588501999564972,0,True,-0.005387860327598043
2017-06-30,blend,mv,46,0.04286656890885039,2.092956772402139,0.05,1.429477744269416,-2.7755575615628914e-17,0.11508058490478205,0.0748558433814595,0,True,0.0028455737045754164
2017-06-30,blend,diag,46,0.04286656890885039,4.881657198407366,0.05,1.398209937520992,0.0,0.20154765116486745,0.0578581991107955,0,True,0.002668132233573449
2017-07-31,blend,mv,46,0.04285254106409905,2.1947359773011663,0.049999999999999996,1.344550883745055,4.85722573273506e-17,0.09147171965577129,0.07734029330547496,0,True,0.019520116288638287
2017-07-31,blend,diag,46,0.04285254106409905,5.121338074618483,0.05000000000000001,1.3281073445056744,9.367506770274758e-17,0.15331854802607667,0.04977543282289356,0,True,0.012699536770880536
2017-08-31,blend,mv,46,0.04352762357062233,2.2110228035726283,0.04999999999999999,1.5306745982741108,2.7755575615628914e-17,0.09652026713518211,0.07820075800065873,0,True,-0.0017697768309698338
2017-08-31,blend,diag,46,0.04352762357062233,4.654056505539649,0.05,1.4640923372324668,-6.938893903907228e-18,0.18719336836861147,0.07484439007502515,0,True,0.010465754610582807
2017-09-30,blend,mv,45,0.04422464608351772,2.1747509595142693,0.05,1.556833123306756,1.734723475976807e-18,0.09651909247618494,0.0828327871848871,0,True,0.026874237937441467
2017-09-30,blend,diag,45,0.04422464608351772,4.553018388786502,0.05000000000000002,1.5568939449320736,2.0816681711721685e-17,0.18977717291156693,0.08209832919366482,0,True,0.03034916816132648
2017-10-31,blend,mv,45,0.04564111903860454,2.118264381495082,0.05,1.4755810714258706,-6.938893903907228e-18,0.1439783689858211,0.099999999953888,1,True,-0.01116452104128815
2017-10-31,blend,diag,45,0.04564111903860454,5.282223919338927,0.05,1.3781897745905656,-4.85722573273506e-17,0.26432781765715674,0.06120692674365544,0,True,-0.007955491029905837
2017-11-30,blend,mv,45,0.045156931242898664,2.0838380904469638,0.049999999999999996,1.5417832259171476,-6.938893903907228e-18,0.06505889490035512,0.07334534432276076,0,True,-0.017893231955149195
2017-11-30,blend,diag,45,0.045156931242898664,4.887901454435588,0.05,1.4808680736318103,-8.326672684688674e-17,0.13945914132787626,0.061556960743456846,0,True,-0.018432108946889524
2017-12-31,blend,mv,46,0.04370397802261622,2.0765070909629664,0.05,1.48993643138779,-2.7755575615628914e-17,0.06356346081438252,0.0822424237956221,0,True,0.021452490877654825
2017-12-31,blend,diag,46,0.04370397802261622,5.038878613327183,0.05,1.4649166243366096,1.3877787807814457e-17,0.10629152245926517,0.06355191634666138,0,True,0.02429294782410817
2018-01-31,blend,mv,46,0.04458307100284231,2.271380117137359,0.04999999999999999,1.6201664287732287,-1.3877787807814457e-17,0.07457785557784061,0.07826508402095705,0,True,0.007163016100243025
2018-01-31,blend,diag,46,0.04458307100284231,4.751665062235724,0.05,1.528088620736886,0.0,0.1458768696647124,0.06303856878894266,0,True,0.010909254310020948
2018-02-28,blend,mv,46,0.04536303634315327,2.2414473327872773,0.04999999999999999,1.623710186347524,2.7755575615628914e-17,0.1019508775864918,0.0765546104389207,0,True,0.010000058077467336
2018-02-28,blend,diag,46,0.04536303634315327,4.708167294488515,0.05,1.525713082294997,-5.551115123125783e-17,0.16608537881384527,0.07023848511382558,0,True,0.002641336701524702
2018-03-31,blend,mv,46,0.04533447019443346,2.15263655098301,0.05000000000000002,1.5931325414448887,-5.551115123125783e-17,0.09747839116890361,0.07617485332448491,0,True,-0.007831093092778633
2018-03-31,blend,diag,46,0.04533447019443346,4.847474391033075,0.05000000000000002,1.501367669467922,1.3877787807814457e-17,0.1578335230458115,0.08387778733117539,0,True,0.0006131684724481087
2018-04-30,blend,mv,46,0.04524785778864313,2.283428944310491,0.04999999999999999,1.5118290268240586,7.632783294297951e-17,0.08953303134242814,0.07787848060847863,0,True,0.017950578003738747
2018-04-30,blend,diag,46,0.04524785778864313,4.741873686441848,0.05,1.5133358673681707,-5.551115123125783e-17,0.17759854808739434,0.06188069485834375,0,True,0.023190273572158904
2018-05-31,blend,mv,45,0.04620617633645782,2.244977128608727,0.05,1.4393946967472935,2.0816681711721685e-17,0.09125099753596594,0.07899323705968392,0,True,-0.0049283912632351635
2018-05-31,blend,diag,45,0.04620617633645782,5.1910317789950104,0.050000000000000024,1.4035866450463845,-1.5959455978986625e-16,0.185366954005737,0.04972990250405248,0,True,-0.009740699823415685
2018-06-30,blend,mv,45,0.04563676610394739,2.2163127673859386,0.049999999999999996,1.356820811977467,1.1796119636642288e-16,0.08592960764891548,0.08398422169926406,0,True,-0.01591579139434946
2018-06-30,blend,diag,45,0.04563676610394739,5.274522548869812,0.049999999999999996,1.3173043925971857,2.0816681711721685e-17,0.16910439986763537,0.06309942449104082,0,True,-0.015153045670742838
2018-07-31,blend,mv,45,0.04491947381613787,2.2472653838633616,0.049999999999999996,1.420881133228042,-2.7755575615628914e-17,0.0611119653571705,0.07583474648739669,0,True,0.02557255897011268
2018-07-31,blend,diag,45,0.04491947381613787,4.535643360501478,0.05,1.4483027138605788,4.163336342344337e-17,0.122284803872577,0.06325633215278788,0,True,0.02199781722340315
2018-08-31,blend,mv,46,0.045496273074460705,2.3896154528049705,0.049999999999999996,1.4193958377851208,-9.71445146547012e-17,0.08246183267448608,0.08231051175238953,0,True,0.011444499301995065
2018-08-31,blend,diag,46,0.045496273074460705,4.4892193823267705,0.05,1.478427131831619,1.1102230246251565e-16,0.15211227258768822,0.061425582339020686,0,True,0.00397115653160215
2018-09-30,blend,mv,46,0.04551084886698339,2.32033451117164,0.05,1.4621448101600756,3.469446951953614e-17,0.030819001556146,0.07894201263545825,0,True,-0.0319862737279027
2018-09-30,blend,diag,46,0.04551084886698339,4.539708904279425,0.05,1.5181570446067552,-6.938893903907228e-18,-0.0056607799009646435,0.07217663411131983,0,True,-0.024644557491852515
2018-10-31,blend,mv,46,0.04477526973076078,2.170924355700854,0.05000000000000002,1.400591016065214,6.938893903907228e-18,0.029246806935868792,0.07091104980499086,0,True,-0.019412637389673314
2018-10-31,blend,diag,46,0.04477526973076078,4.681128563529465,0.05,1.4774097181902726,-5.551115123125783e-17,-0.03578536100317168,0.06762564105375135,0,True,-0.02421451736639872
2018-11-30,blend,mv,46,0.04364569102619337,2.0874015828999894,0.05000000000000001,1.5232172502466907,-4.163336342344337e-17,-0.05058668759802052,0.07039321600145274,0,True,0.0034440503393629966
2018-11-30,blend,diag,46,0.04364569102619337,4.8942906925640335,0.05000000000000001,1.4263112056822977,-3.469446951953614e-17,-0.1545606957566045,0.0532936033791142,0,True,0.003275557403256518
2018-12-31,blend,mv,46,0.04406890984464788,1.9978691007377225,0.05,1.6025989128894944,2.0816681711721685e-17,-0.07691984882242052,0.06811812674679914,0,True,-0.008557630499619436
2018-12-31,blend,diag,46,0.04406890984464788,5.6142541321918245,0.04999999999999999,1.3075007565346277,-1.5785983631388945e-16,-0.1615333127019222,0.06101824328677156,0,True,-0.010583564415162547
2019-01-31,blend,mv,46,0.04336933456612917,2.0199259264523617,0.05,1.6191303922465714,-2.0816681711721685e-17,-0.16827868996945672,0.0916877570403684,0,True,0.01472890637319141
2019-01-31,blend,diag,46,0.04336933456612917,5.464835156710493,0.05,1.3025587247355233,-1.1514227071796057e-16,-0.25135333212811206,0.04820241220453572,0,True,0.0019279491183374156
2019-02-28,blend,mv,46,0.04345748393713701,2.136102607095954,0.05,1.6877506551220527,-4.163336342344337e-17,-0.12546280641118351,0.083311526118754,0,True,0.0010713650305491573
2019-02-28,blend,diag,46,0.04345748393713701,5.346904715849765,0.05,1.3319641915734712,-9.107298248878237e-17,-0.21793610710981898,0.05673556962951729,0,True,0.01593888577729028
2019-03-31,blend,mv,46,0.04416044533041077,2.232374295401864,0.04999999999999999,1.640377650298169,3.469446951953614e-17,-0.08133772932977944,0.07171721412770955,0,True,-0.005927387120684648
2019-03-31,blend,diag,46,0.04416044533041077,5.246254723415898,0.05,1.3946741610012323,2.3418766925686896e-17,-0.15844479764643277,0.07201675070709936,0,True,-0.004113300040499753
2019-04-30,blend,mv,46,0.04391743907085675,2.0266650721514057,0.04999999999999999,1.4554822813850097,3.122502256758253e-17,-0.10882696096561498,0.09999999999086637,1,True,0.005677229356108461
2019-04-30,blend,diag,46,0.04391743907085675,5.623313231594771,0.049999999999999996,1.2584066918139183,-4.9439619065339e-17,-0.18864695540920753,0.085442939496629,0,True,0.02205400699885018
2019-05-31,blend,mv,46,0.044610694250801324,2.0827932411058545,0.05,1.3674385028000353,2.2551405187698492e-17,-0.10313760144627976,0.09999999998884487,1,True,-0.023314617131209855
2019-05-31,blend,diag,46,0.044610694250801324,6.009861549414259,0.05,1.1067905820654196,2.0816681711721685e-17,-0.19228657950092892,0.07409963029662776,0,True,-0.02110512108154149
2019-06-30,blend,mv,47,0.04322517186612147,1.9343953788562191,0.05,1.395690101503345,-2.949029909160572e-17,-0.1578884132619062,0.0857786186905443,0,True,0.02576630271613269
2019-06-30,blend,diag,47,0.04322517186612147,6.051022852027685,0.05,1.1199071828214635,1.3877787807814457e-17,-0.23654360705720323,0.07004902881861322,0,True,0.015443697644979708
2019-07-31,blend,mv,47,0.043892250343396444,1.9862280252551396,0.05000000000000002,1.5164348066437399,-7.28583859910259e-17,-0.15580091334101115,0.0999999999729629,2,True,0.03221873477180555
2019-07-31,blend,diag,47,0.043892250343396444,6.004744181419766,0.049999999999999996,1.1680612373044608,1.9081958235744878e-17,-0.24151961457952378,0.07675059713789067,0,True,0.034292542723972724
2019-08-31,blend,mv,47,0.04546847432880128,2.230175070299557,0.05000000000000001,1.377298331509734,-2.0816681711721685e-17,-0.1402124055773269,0.09999999998961127,1,True,-0.007631976080563105
2019-08-31,blend,diag,47,0.04546847432880128,5.637547122165521,0.05000000000000002,1.0908062637319267,1.6046192152785466e-17,-0.2573382964057459,0.08217321180314173,0,True,-0.016108056284275023
2019-09-30,blend,mv,47,0.0444856571447585,2.1705828071705593,0.05,1.2933029635015434,-2.0816681711721685e-17,-0.15779929140643678,0.0999999999811271,1,True,-0.0013845470622642706
2019-09-30,blend,diag,47,0.0444856571447585,5.564491911039326,0.05,1.0838555879280565,-8.153200337090993e-17,-0.27404828118809865,0.07122287978092089,0,True,-0.008741342361381564
2019-10-31,blend,mv,47,0.04399341659724832,2.2367923466015394,0.05000000000000002,1.5468401145202204,-5.551115123125783e-17,-0.07689293384541679,0.09100194792757031,0,True,0.006679286633091289
2019-10-31,blend,diag,47,0.04399341659724832,4.830193953033612,0.049999999999999996,1.291816010372114,-6.938893903907228e-18,-0.15574870010413816,0.057268332773534,0,True,0.004684499036279529
2019-11-30,blend,mv,46,0.043805605265672634,2.3182236120555557,0.05000000000000002,1.6416218477586584,4.163336342344337e-17,-0.04507501912150756,0.07377473415157904,0,True,-0.01021506491658376
2019-11-30,blend,diag,46,0.043805605265672634,4.209944048426155,0.05000000000000001,1.5592596099746896,-5.898059818321144e-17,-0.09501587595583348,0.05608089475212849,0,True,-0.011844283547726105
2019-12-31,blend,mv,45,0.04312234083856747,2.157406984678636,0.049999999999999996,1.4847436096284072,-1.0408340855860843e-17,0.03744224794040865,0.07730422278567606,0,True,0.025839946124877423
2019-12-31,blend,diag,45,0.04312234083856747,4.095322628433842,0.049999999999999996,1.5223615297832482,1.3877787807814457e-17,0.050637662712542504,0.058794838489814295,0,True,0.03298541750937311
2020-01-31,blend,mv,45,0.043827838362003005,2.329809937264703,0.049999999999999996,1.5051803992029749,-2.0816681711721685e-17,-0.022570001559397476,0.08763393584215384,0,True,-0.0060791779512653285
2020-01-31,blend,diag,45,0.043827838362003005,3.9748387217347037,0.05,1.519126546599231,1.3877787807814457e-17,-0.07244645420952704,0.07827755759246725,0,True,-0.0016611510140474982
2020-02-29,blend,mv,46,0.04374274680485606,2.141531155757119,0.05000000000000001,1.1594944433784802,7.632783294297951e-17,-0.05846950894916521,0.08542703469972399,0,True,0.040273841553697454
2020-02-29,blend,diag,46,0.04374274680485606,4.778827733514874,0.05,1.1392469703706034,6.071532165918825e-17,-0.15361018443966132,0.06029047728546403,0,True,0.04469138514746797
2020-03-31,blend,mv,45,0.04443028142861165,2.197963369004695,0.05,1.2696937612396557,1.0581813203458523e-16,-0.056561532176537595,0.07004472339631747,0,True,0.02679158930853118
2020-03-31,blend,diag,45,0.04443028142861165,4.618724406562398,0.05,1.1738911432398824,-2.6020852139652106e-18,-0.1277775450710011,0.062483749569874056,0,True,0.010400373447252044
2020-04-30,blend,mv,46,0.045123831449993684,2.0330662652493543,0.05,0.8259192541479652,3.8163916471489756e-17,-0.10554599291408749,0.09999999999008649,1,True,0.0019452603469266294
2020-04-30,blend,diag,46,0.045123831449993684,5.681326259649535,0.05000000000000001,0.8742406383970148,-3.946495907847236e-17,-0.21621167039773945,0.05198485956514485,0,True,-0.006234182281048842
2020-05-31,blend,mv,45,0.04432078202113973,2.087977328174387,0.05,0.9499826561719736,-3.469446951953614e-18,-0.05897756340909324,0.0999999999608404,1,True,0.013704471896365757
2020-05-31,blend,diag,45,0.04432078202113973,4.754413264637466,0.049999999999999996,0.992256804720001,-6.938893903907228e-18,-0.15051692662530397,0.08024223268443736,0,True,0.007609659793166595
2020-06-30,blend,mv,45,0.04436467729230026,2.1687908369903366,0.05,1.0194383890819259,-6.938893903907228e-17,-0.06474022289875431,0.08926890994844781,0,True,0.024219985223392734
2020-06-30,blend,diag,45,0.04436467729230026,4.877539151467271,0.04999999999999999,0.9968942021824228,-6.938893903907228e-18,-0.1528613175574822,0.07434935999976586,0,True,0.028979793690874174
2020-07-31,blend,mv,45,0.045284015835092936,2.195068428590584,0.04999999999999999,1.0480274388329112,-6.938893903907228e-17,-0.037626647215592876,0.08404356900941048,0,True,0.04096229445620731
2020-07-31,blend,diag,45,0.045284015835092936,4.704545358184499,0.05,1.0910434418992943,-2.0816681711721685e-17,-0.08145474677649829,0.07274698948319917,0,True,0.031530298766229044
2020-08-31,blend,mv,45,0.04525970962399905,2.214488808965273,0.05000000000000001,0.9694400295761594,3.469446951953614e-18,-0.00507454854539663,0.08948999448141799,0,True,-0.010761492280552426
2020-08-31,blend,diag,45,0.04525970962399905,4.657834474476023,0.05,1.0781349598252175,6.938893903907228e-18,-0.01655606491737254,0.07264093846989107,0,True,-0.0064916704408068
2020-09-30,blend,mv,45,0.044868714905024795,2.0926947120046617,0.05,0.9383139161460753,-3.469446951953614e-18,0.006251530112184269,0.08638128725113642,0,True,-0.014829397307527793
2020-09-30,blend,diag,45,0.044868714905024795,4.465691322247279,0.05000000000000002,1.071928287928107,-1.734723475976807e-17,-0.0022589522904228466,0.08045148576686738,0,True,-0.006898089476516179
2020-10-31,blend,mv,45,0.04450216544376819,2.0458050683979394,0.05000000000000002,0.9416113575118694,2.0816681711721685e-17,0.0046508084189791545,0.07454958445532966,0,True,-0.023286820780101917
2020-10-31,blend,diag,45,0.04450216544376819,4.573448250852445,0.05000000000000001,1.0971486254095688,3.122502256758253e-17,-0.013535401216691789,0.06368322495836523,0,True,-0.03120093249074424
2020-11-30,blend,mv,45,0.04329368649361393,2.044550720088277,0.05000000000000001,0.8838566677344328,-2.42861286636753e-17,-0.00905490097591992,0.08503525461482324,0,True,0.012481216868396119
2020-11-30,blend,diag,45,0.04329368649361393,4.615397336198403,0.05,1.0556564444565482,6.245004513516506e-17,-0.04132456471358108,0.05215646982934102,0,True,0.009084447740719452
2020-12-31,blend,mv,45,0.043367695392936514,1.8498433077732894,0.05,1.0590110379296016,5.0306980803327406e-17,0.02852699092531541,0.06963569055406005,0,True,0.019073420417915054
2020-12-31,blend,diag,45,0.043367695392936514,4.24605873896829,0.049999999999999996,1.1582138541911087,-4.85722573273506e-17,0.02573647515157367,0.05247664333882882,0,True,0.022041105592121996
2021-01-31,blend,mv,45,0.04416438037990085,1.9324264924753565,0.05000000000000002,1.0121177023538046,-1.3877787807814457e-17,0.057246099432776025,0.09146747083352645,0,True,-0.031219493582188645
2021-01-31,blend,diag,45,0.04416438037990085,4.568655982243928,0.05000000000000002,1.065335560435091,3.469446951953614e-17,0.09705245317330444,0.0603903133880226,0,True,-0.021692493687588334
2021-02-28,blend,mv,45,0.043571935879352985,1.8221518411242195,0.05000000000000001,0.8627538768125539,5.898059818321144e-17,0.07992058238955847,0.09999999999027545,1,True,-0.03614377244495589
2021-02-28,blend,diag,45,0.043571935879352985,4.5870547044825765,0.05,0.9713916718518331,-1.3877787807814457e-17,0.11998652015341647,0.08225256129424062,0,True,-0.030959264095789488
2021-03-31,blend,mv,44,0.042219246026131675,1.7099951660951025,0.05,0.7155276392662199,-5.204170427930421e-18,0.14617651586493494,0.09999999998854257,2,True,0.008463086092969002
2021-03-31,blend,diag,44,0.042219246026131675,5.570644113830456,0.05000000000000002,0.7968316319062466,-5.204170427930421e-17,0.22012515859261747,0.06256311793876763,0,True,0.0008240712951810817
2021-04-30,blend,mv,44,0.04234870976094759,1.746333218937927,0.04999999999999999,0.7266784808371151,1.3877787807814457e-17,0.14740408487154383,0.10000000000932939,1,True,-0.013705451093992444
2021-04-30,blend,diag,44,0.04234870976094759,5.689671149744122,0.05000000000000001,0.8182019108521589,-7.45931094670027e-17,0.23032959285357746,0.057327377852263633,0,True,3.8479583020333666e-05
2021-05-31,blend,mv,45,0.042181537335477595,1.8869076263734057,0.05,0.7727261053902259,1.0408340855860843e-17,0.13104435057240169,0.09999999999377412,1,True,-0.00407139506459185
2021-05-31,blend,diag,45,0.042181537335477595,5.302195025388843,0.05000000000000001,0.8004930083435808,-1.431146867680866e-17,0.22551366946154683,0.06757286899655343,0,True,-0.001756927916584768
2021-06-30,blend,mv,45,0.041797032052624195,1.7815364741882151,0.05000000000000001,0.8313971513286234,-3.122502256758253e-17,0.15116088686923213,0.08323720467435475,0,True,0.013224787564162505
2021-06-30,blend,diag,45,0.041797032052624195,5.930865255850369,0.05,0.8326574883598377,-7.892991815694472e-17,0.22651682937097223,0.05837460722168278,0,True,0.004034849525397227
2021-07-31,blend,mv,45,0.04189873948208177,1.7812786155939015,0.05000000000000002,0.8086175860065858,1.5265566588595902e-16,0.16195262764743434,0.08462783002137472,0,True,0.006800058219814896
2021-07-31,blend,diag,45,0.04189873948208177,6.051810487776115,0.05,0.8275226290292136,-3.052029115546695e-17,0.23765018959139592,0.057267265247879964,0,True,0.004669134553303191
2021-08-31,blend,mv,44,0.04199972940116737,1.8234471642869472,0.05,0.881808811480434,7.632783294297951e-17,0.13111060927025409,0.09970577464203582,0,True,-0.012612792805638397
2021-08-31,blend,diag,44,0.04199972940116737,5.275399156568953,0.049999999999999996,0.9054550756556123,-6.591949208711867e-17,0.2253931675145417,0.06806292185339781,0,True,-0.002369719342100707
2021-09-30,blend,mv,44,0.04144649613922589,1.7443939696089346,0.05,0.8744345689028603,-1.3877787807814457e-17,0.13252048193858584,0.09999999999010581,1,True,0.007029603524516985
2021-09-30,blend,diag,44,0.04144649613922589,5.151089593577128,0.05000000000000001,0.891934935595171,-6.071532165918825e-18,0.2178380878678424,0.07018035839850513,0,True,0.01571165326648691
2021-10-31,blend,mv,44,0.04217674942452336,1.8476209011786908,0.05,0.955644640282772,-3.469446951953614e-17,0.13909433544707994,0.07397835278476117,0,True,-0.002736430391912662
2021-10-31,blend,diag,44,0.04217674942452336,5.380997805618698,0.05,0.832877536192091,-6.7220534694101275e-18,0.2234216844034247,0.060476567869910326,0,True,-0.005064102852533739
2021-11-30,blend,mv,44,0.04186063429207595,1.8791178231234658,0.05000000000000001,1.0472215501919158,-3.8163916471489756e-17,0.12998367119574694,0.06801684598130034,0,True,-0.001453720253911539
2021-11-30,blend,diag,44,0.04186063429207595,5.139384106963714,0.05,0.9448516706233319,-1.5612511283791264e-17,0.22121549585971656,0.06810257693064135,0,True,-0.010898185878799413
2021-12-31,blend,mv,44,0.04123245639299198,1.9257680624133002,0.049999999999999996,1.0305493019959355,-9.8879238130678e-17,0.09180216754123188,0.081153027401371,0,True,0.007820117141099966
2021-12-31,blend,diag,44,0.04123245639299198,4.6596623586571075,0.05000000000000001,1.0724391209484987,1.214306433183765e-17,0.18335149934924183,0.06799320335407176,0,True,-0.0070555766000183475
2022-01-31,blend,mv,44,0.04041008137900463,1.8772197115370042,0.05,1.1086058819572957,2.8893987896738693e-17,0.07334040026047703,0.08055537984150882,0,True,0.012396640062473017
2022-01-31,blend,diag,44,0.04041008137900463,4.1500260224146395,0.049999999999999996,1.0736232828743586,8.185726402265558e-18,0.14067738609066716,0.07286221863719701,0,True,0.015851562643926377
2022-02-28,blend,mv,46,0.04016746090264251,1.9682489537613168,0.04999999999999999,1.1403060343996556,-1.4840017235895342e-17,-0.009459636913602947,0.06757274689264169,0,True,0.028348169689107687
2022-02-28,blend,diag,46,0.04016746090264251,3.94785237219254,0.049999999999999996,1.1917371832923997,-4.85722573273506e-17,-0.05660000608181367,0.05676957764179389,0,True,0.023066293812783027
2022-03-31,blend,mv,47,0.04072167359034478,1.8354524083486883,0.04999999999999999,0.9956067639529637,5.0306980803327406e-17,0.011411522985650712,0.06454429252686902,0,True,0.017113186489336678
2022-03-31,blend,diag,47,0.04072167359034478,3.782804032823216,0.05000000000000002,0.9435772673242994,-3.9898639947466563e-17,0.020067971870413256,0.06335176289458999,0,True,0.01585330172777068
2022-04-30,blend,mv,46,0.04090779161649752,1.72353643019302,0.049999999999999996,0.7787826248107103,-5.377642775528102e-17,0.011350937700308683,0.07853245234477735,0,True,0.0028396628137601376
2022-04-30,blend,diag,46,0.04090779161649752,3.892536566730399,0.049999999999999996,0.8266254059257673,-4.163336342344337e-17,0.025387305887676154,0.06765365663953206,0,True,0.00040455824302290926
2022-05-31,blend,mv,46,0.04067042939368748,1.8564430939589853,0.049999999999999996,0.8987241503490166,0.0,-0.02348141335658526,0.0739716321825677,0,True,0.003854878844239006
2022-05-31,blend,diag,46,0.04067042939368748,3.913118028245318,0.05,0.9224732453266968,1.474514954580286e-17,-0.04391856520165231,0.061508828687329875,0,True,0.0044642808761960594
2022-06-30,blend,mv,46,0.04103562633158597,1.842141456301254,0.049999999999999975,0.8130697717076103,-8.673617379884035e-18,-0.025993318363100912,0.09107256385191399,0,True,0.0038670126030151105
2022-06-30,blend,diag,46,0.04103562633158597,4.318852468124959,0.04999999999999999,0.8605146039605182,-5.898059818321144e-17,-0.03748507666675885,0.06838039900546533,0,True,-0.015646973792477852
2022-07-31,blend,mv,46,0.0403100568318403,1.8694940294398823,0.04999999999999999,0.8630297635644861,1.0408340855860843e-17,-0.05517472532943884,0.08664237369728897,0,True,0.02481290877898392
2022-07-31,blend,diag,46,0.0403100568318403,4.579077931770765,0.05000000000000001,0.9027913954222582,1.2945373939476923e-16,-0.10526128167723216,0.06294954700269831,0,True,0.023690522627706018
2022-08-31,blend,mv,46,0.04150679100230569,2.044265284464712,0.049999999999999996,0.8940048967597267,5.551115123125783e-17,-0.032738601407226155,0.07943853075346086,0,True,0.0066565089517478795
2022-08-31,blend,diag,46,0.04150679100230569,4.545023841186566,0.05000000000000002,0.9228150272429583,8.543513119185775e-17,-0.06821320695331279,0.06494668877772475,0,True,0.010626327540932708
2022-09-30,blend,mv,45,0.0419219979554,2.0554197395261866,0.05000000000000001,0.8817553553474989,-4.85722573273506e-17,-0.03146829218334221,0.07840375719937531,0,True,0.011524836799279797
2022-09-30,blend,diag,45,0.0419219979554,4.597286085854777,0.04999999999999999,0.913554021922133,6.505213034913027e-17,-0.06451135009917573,0.06416909511411568,0,True,0.020986147890129828
2022-10-31,blend,mv,46,0.04272921115460697,1.9923943504219934,0.049999999999999996,0.9059754865191637,7.979727989493313e-17,-0.05644791927126187,0.07949033118992142,0,True,-0.01851773906739652
2022-10-31,blend,diag,46,0.04272921115460697,5.078174727465071,0.05,0.907677769780678,-1.734723475976807e-17,-0.09698621914198939,0.06606340081431374,0,True,-0.018660626211772984
2022-11-30,blend,mv,46,0.042105618028032595,1.908972542050193,0.05,0.7865839628479482,-1.3877787807814457e-17,-0.040458247511115666,0.08839344043899502,0,True,0.0009408297783443879
2022-11-30,blend,diag,46,0.042105618028032595,4.965286624119487,0.05000000000000001,0.8571028580680737,-2.949029909160572e-17,-0.07406796612804643,0.06345183605448969,0,True,0.002202172333149545
2022-12-31,blend,mv,46,0.04238467415612841,1.9299774829152971,0.05,0.7925637068499714,1.0408340855860843e-17,-0.02800112759995011,0.08777082273874763,0,True,-0.03374745579199613
2022-12-31,blend,diag,46,0.04238467415612841,4.778351315856871,0.05,0.8488504407513577,3.122502256758253e-17,-0.05467471064732705,0.06659732157340598,0,True,-0.02869210796448914
2023-01-31,blend,mv,46,0.04104382874837388,1.8803222685889434,0.049999999999999996,0.8889329457618281,3.9898639947466563e-17,-0.031672818703184266,0.06582337353916545,0,True,0.00595271003056942
2023-01-31,blend,diag,46,0.04104382874837388,4.6963490090918345,0.05000000000000001,0.8965464522578346,5.204170427930421e-17,-0.07675060989046402,0.049481547468411824,0,True,0.00010929321801258802
2023-02-28,blend,mv,46,0.04114068130922304,2.0455048663575757,0.049999999999999996,0.9391192724548993,-3.2959746043559335e-17,-0.013465974254273393,0.07832118515718604,0,True,-0.005739508313365635
2023-02-28,blend,diag,46,0.04114068130922304,4.5055299913559885,0.05,1.0210506557855494,2.0816681711721685e-17,-0.03595915880862427,0.05359801204189948,0,True,-0.009447854910818744
2023-03-31,blend,mv,46,0.04068944328942484,2.1623452613929097,0.05,0.9938847127620911,-2.7755575615628914e-17,-0.008374669300796932,0.0791926635196264,0,True,0.011541634796392673
2023-03-31,blend,diag,46,0.04068944328942484,4.370366308604945,0.05,1.0885487492194437,-5.421010862427522e-17,-0.015414100539604318,0.08226318631979795,0,True,0.010753858039494772
2023-04-30,blend,mv,46,0.04095503078694137,2.243203981146671,0.05000000000000002,1.1098233557023827,1.6479873021779667e-17,0.01501602690017592,0.07112546295406187,0,True,0.024082641412383313
2023-04-30,blend,diag,46,0.04095503078694137,3.915104805120837,0.05,1.1741186500500231,-1.214306433183765e-17,0.029040677690541025,0.07657899131481392,0,True,0.023896382032480876
2023-05-31,blend,mv,45,0.04154906627503723,2.2286428405189396,0.05000000000000001,1.051535834980661,-2.949029909160572e-17,-0.005518513140663131,0.0829867641804081,0,True,-0.0025525524440743385
2023-05-31,blend,diag,45,0.04154906627503723,3.9777696981300945,0.05000000000000002,1.1560973535358736,-5.551115123125783e-17,-0.01568646882862642,0.07469279146782627,0,True,9.301823827375439e-05
2023-06-30,blend,mv,46,0.04129890551202538,2.114130732715572,0.05000000000000001,1.0103287496971194,1.3877787807814457e-17,0.036030619310380894,0.07849561097931229,0,True,-0.00754408463203376
2023-06-30,blend,diag,46,0.04129890551202538,4.271054826178958,0.05,1.089709256245131,1.3877787807814457e-17,0.09090835975463901,0.06791398021212693,0,True,-0.005298280161487263
2023-07-31,blend,mv,46,0.041053652935426795,2.0189199318050965,0.05,1.236388094360808,4.163336342344337e-17,0.04555414803001696,0.07426604111116761,0,True,0.002073358590334353
2023-07-31,blend,diag,46,0.041053652935426795,4.267845306862705,0.05,1.1998445865465677,-4.163336342344337e-17,0.1143929810361165,0.07708363730815443,0,True,0.0012383119708371127
2023-08-31,blend,mv,47,0.04111063338754518,1.9567632180388153,0.04999999999999999,1.1665542243980285,-4.163336342344337e-17,0.05908011891468747,0.08039449438526716,0,True,-0.010718393315640149
2023-08-31,blend,diag,47,0.04111063338754518,4.61990568199689,0.05000000000000001,1.0932729582068532,1.3877787807814457e-17,0.13862402100156324,0.07830613084362142,0,True,-0.014459191196326668
2023-09-30,blend,mv,47,0.04040464236522544,1.9318121237891195,0.05,1.1580637245941683,-5.551115123125783e-17,0.07849742320906157,0.07701556514198993,0,True,0.016776762592738224
2023-09-30,blend,diag,47,0.04040464236522544,4.635208554044089,0.05000000000000001,1.1170514091698895,-3.469446951953614e-18,0.15529447564614587,0.07307378601072902,0,True,0.005005288825653345
2023-10-31,blend,mv,47,0.040488897708674275,2.042325156604772,0.05000000000000001,1.1655414318506352,-2.7755575615628914e-17,0.05685262806525817,0.07470303817220353,0,True,0.023192699297715832
2023-10-31,blend,diag,47,0.040488897708674275,4.542422496079312,0.05,1.1102190638004406,1.734723475976807e-17,0.14483927547990172,0.06313113675070847,0,True,0.02626877307814977
2023-11-30,blend,mv,46,0.04157883108904395,2.013322266830252,0.05,1.300295762516297,-3.469446951953614e-17,0.03163149321838318,0.08993247268991737,0,True,-0.010699190554110442
2023-11-30,blend,diag,46,0.04157883108904395,4.4029474342962605,0.049999999999999996,1.2244418133638166,-5.551115123125783e-17,0.07178995942906338,0.07301007345829034,0,True,-0.001796636680485047
2023-12-31,blend,mv,46,0.04128044496067389,1.9681605144151104,0.05,0.9781089795985233,0.0,0.06397280363668796,0.09999999999059167,1,True,0.02186799244361749
2023-12-31,blend,diag,46,0.04128044496067389,4.9196052020959655,0.04999999999999999,0.9436590950904779,-1.9081958235744878e-17,0.14698180665680624,0.07595743588350941,0,True,0.010089247591859933
2024-01-31,blend,mv,46,0.04205327329756162,2.1135649505920147,0.05,1.0355380289786058,-1.0408340855860843e-17,0.04565305353026332,0.09762186333823637,0,True,0.007607667511602187
2024-01-31,blend,diag,46,0.04205327329756162,4.553799756337891,0.05,1.0536075798592615,-3.8163916471489756e-17,0.12609646739527738,0.07211643759169441,0,True,0.016103365259344717
2024-02-29,blend,mv,46,0.042931012022908006,2.341499775413251,0.049999999999999996,1.0525462434342876,-3.8163916471489756e-17,0.019306398254917295,0.09456784273536613,0,True,-0.013164774934423635
2024-02-29,blend,diag,46,0.042931012022908006,4.144929734790928,0.05,1.1630902085440893,1.3877787807814457e-17,0.05550579846227417,0.0781244702191242,0,True,-0.011518845493451987
2024-03-31,blend,mv,46,0.04214955175261628,2.2341301183818167,0.05000000000000002,1.0782954861243714,-4.163336342344337e-17,0.03927682253240763,0.07529241639721061,0,True,-0.016379586817737078
2024-03-31,blend,diag,46,0.04214955175261628,4.408096708797495,0.049999999999999996,1.1538848652010614,6.245004513516506e-17,0.12184820768944345,0.06348581289625381,0,True,-0.020220955346256675
2024-04-30,blend,mv,46,0.041291890844139534,2.0440738707794104,0.05000000000000002,1.1363799250931284,5.204170427930421e-17,0.06849399163565838,0.07276123178704642,0,True,0.01433691451746955
2024-04-30,blend,diag,46,0.041291890844139534,4.741562590929351,0.05,1.0838925734476037,4.336808689942018e-17,0.1713048133145244,0.059112964066961315,0,True,0.011124025800006685
2024-05-31,blend,mv,45,0.04168428970620873,2.1362192613697824,0.05,1.1400723458880437,6.938893903907228e-17,0.06738316981265206,0.06355244451699811,0,True,0.0012184322874717376
2024-05-31,blend,diag,45,0.04168428970620873,4.194793677119636,0.04999999999999999,1.0884317014778868,-4.5102810375396984e-17,0.16434484532023855,0.06675023799347962,0,True,-0.003967965854943338
2024-06-30,blend,mv,46,0.04138652829627718,2.322093338356226,0.049999999999999996,1.1760258356677138,7.979727989493313e-17,0.02829553070740218,0.0608790284046881,0,True,-0.009374352907592054
2024-06-30,blend,diag,46,0.04138652829627718,3.816732948011229,0.05000000000000002,1.3151873855203071,-4.163336342344337e-17,0.07006731426649226,0.0446090582943866,0,True,-0.00011917782674129806
2024-07-31,blend,mv,46,0.0409986036299375,2.1969935777007774,0.05,1.2311258021326354,6.591949208711867e-17,-0.0009950284723564491,0.09999999999022507,1,True,-0.00018251776870354894
2024-07-31,blend,diag,46,0.0409986036299375,3.913107985218006,0.05,1.281325432076064,1.3877787807814457e-17,-0.024545642084434764,0.05760364574372039,0,True,-0.0004287051618509038
2024-08-31,blend,mv,46,0.04077721225754923,2.213556047721887,0.05000000000000001,1.3439280469994859,-8.326672684688674e-17,0.03745495236055429,0.0857281684691508,0,True,-0.0025774654783863662
2024-08-31,blend,diag,46,0.04077721225754923,3.868482523303139,0.04999999999999999,1.313037721191779,-1.3877787807814457e-17,0.09093613434301832,0.056657033520389415,0,True,-0.000857432452907239
2024-09-30,blend,mv,46,0.040859613855067096,2.1947440414854626,0.05,1.1926733321003464,-9.71445146547012e-17,0.02265263016780097,0.07974678758875892,0,True,-0.00021718281062095543
2024-09-30,blend,diag,46,0.040859613855067096,3.7883767343520844,0.05000000000000002,1.2306637531891995,1.0408340855860843e-16,0.02688671196069173,0.06390538463217547,0,True,0.0012707804511876571
2024-10-31,blend,mv,46,0.04086338254442582,2.019815061817738,0.05,1.1635189752001507,-8.326672684688674e-17,0.06638911794014309,0.09999999999022931,1,True,0.006703561040196831
2024-10-31,blend,diag,46,0.04086338254442582,4.258042170865555,0.05,1.0890179609431763,-6.938893903907228e-18,0.1530465107149008,0.08430427088748257,0,True,0.01174953077139021
2024-11-30,blend,mv,45,0.04106661204863138,2.151045347283971,0.049999999999999996,1.2396184652201565,-3.469446951953614e-17,0.029193522904496467,0.0963137211634759,0,True,-0.006302573127971378
2024-11-30,blend,diag,45,0.04106661204863138,3.9468310137158107,0.05,1.209522777971885,3.469446951953614e-18,0.10095315135326528,0.06667294961188479,0,True,-0.0054499596714480915
2024-12-31,blend,mv,45,0.04081498471297429,2.069611501487877,0.05000000000000002,1.3477099089434288,5.551115123125783e-17,0.02747084228842722,0.09999999998728892,1,True,0.015346612692216242
2024-12-31,blend,diag,45,0.04081498471297429,4.083902035369621,0.05,1.2587223132943937,-4.163336342344337e-17,0.06354694959109086,0.06511972263729678,0,True,0.0171499224177707
2025-01-31,blend,mv,45,0.041363706171669484,2.0814720681564967,0.04999999999999999,1.1389709941624513,-6.938893903907228e-17,0.01098144606444359,0.09220318629035061,0,True,-0.0022903774721095634
2025-01-31,blend,diag,45,0.041363706171669484,3.8164061582140394,0.05,1.151790313057343,-6.938893903907228e-18,0.03331738939431788,0.06399663246790677,0,True,-0.011382209314302057
2025-02-28,blend,mv,44,0.04082715299290312,2.1804901063308657,0.049999999999999996,1.178366140459397,-2.0816681711721685e-17,0.015617975173798957,0.09999999997786654,1,True,0.010386556636992577
2025-02-28,blend,diag,44,0.04082715299290312,3.7347882569060578,0.05,1.2069338313975388,-5.551115123125783e-17,0.04719830595571859,0.06989483203058874,0,True,-0.004120578651775327
2025-03-31,blend,mv,45,0.0403239387774037,2.1362774881811215,0.05,1.1925714016779743,-2.0816681711721685e-17,-0.015819309983892617,0.09999999998757943,1,True,0.025820872392576993
2025-03-31,blend,diag,45,0.0403239387774037,3.9665499633053547,0.05,1.2284656608945805,8.326672684688674e-17,-0.05400113359811122,0.058045531880477313,0,True,0.02195705916391504
2025-04-30,blend,mv,44,0.04105245156631019,2.0631931154329264,0.05,1.3378560249185434,9.71445146547012e-17,-0.022413615558797676,0.07259835285538095,0,True,0.01297613737987487
2025-04-30,blend,diag,44,0.04105245156631019,4.094936901065459,0.05000000000000002,1.2466943726627573,0.0,-0.06555419615284988,0.05544931330788093,0,True,0.006742612200652514
2025-05-31,blend,mv,44,0.0412337152160815,2.143542802464068,0.04999999999999999,1.208157808478785,-1.3877787807814457e-17,-0.026329981096211277,0.08790240857497253,0,True,-0.00778642383096274
2025-05-31,blend,diag,44,0.0412337152160815,4.027228029485845,0.05,1.21297196306895,2.7755575615628914e-17,-0.06540944928722725,0.058088163898276805,0,True,-0.005782722966508558
2025-06-30,blend,mv,45,0.04084983155005054,2.2241227254318674,0.049999999999999996,1.1603183528075784,7.632783294297951e-17,-0.001618246045902229,0.06387014303420518,0,True,-0.024270989019093605
2025-06-30,blend,diag,45,0.04084983155005054,3.8117785684498897,0.049999999999999996,1.2268576533500184,-6.938893903907228e-18,-0.010687635569135406,0.055222046879265275,0,True,-0.019566573195090187
2025-07-31,blend,mv,46,0.04007012690362768,1.952847733693383,0.05,1.1706262239090275,3.469446951953614e-17,-0.007430137676292767,0.06866429179261203,0,True,-0.011669417796358111
2025-07-31,blend,diag,46,0.04007012690362768,4.0482213862081124,0.04999999999999999,1.1750089882702397,2.7755575615628914e-17,-0.021625382651858403,0.06097300846549328,0,True,-0.01637784607627868
2025-08-31,blend,mv,46,0.0392272526417443,1.8818198782694007,0.049999999999999996,1.2813506144818445,5.551115123125783e-17,0.028010813969001312,0.06558416240222999,0,True,0.021500144526931168
2025-08-31,blend,diag,46,0.0392272526417443,4.383940731633893,0.05,1.144401617113024,-3.469446951953614e-18,0.08245850394920555,0.06089739616633347,0,True,0.025047614682591413
2025-09-30,blend,mv,46,0.03993723232588813,2.0824415195841857,0.05,1.2235498530932327,6.245004513516506e-17,0.03175810074647862,0.06314869354723086,0,True,0.003383993308570476
2025-09-30,blend,diag,46,0.03993723232588813,4.2597622956009324,0.05,1.1347519273825901,-2.7755575615628914e-17,0.08695811288009757,0.06502691343301403,0,True,0.012086398174408774
2025-10-31,blend,mv,46,0.04017723129477466,2.1423204079246085,0.049999999999999996,1.085703462760727,-2.0816681711721685e-17,0.03750834958162522,0.08543971308803354,0,True,-0.0027761696624389346
2025-10-31,blend,diag,46,0.04017723129477466,4.474899306596131,0.05000000000000001,1.048417493678783,2.949029909160572e-17,0.08786758246869782,0.07272166249688954,0,True,-0.01695715587624701
2025-11-30,blend,mv,46,0.03925467554959975,1.979150306343765,0.05,1.1145185621755487,2.7755575615628914e-17,0.013114866803406459,0.08103003903793726,0,True,0.003735051153037259
2025-11-30,blend,diag,46,0.03925467554959975,4.479007359820622,0.05000000000000002,1.0732917103274842,4.119968255444917e-18,0.051583550190613094,0.05635023522697652,0,True,0.004596610772968333
2025-12-31,blend,mv,46,0.039359772221991864,1.960602878625977,0.04999999999999999,1.2087431545765281,-2.7755575615628914e-17,0.031087651011698834,0.07125608534488398,0,True,0.013189014866969214
2025-12-31,blend,diag,46,0.039359772221991864,4.026323879202252,0.05,1.1567554159358422,4.163336342344337e-17,0.08302954703767315,0.06553698639115857,0,True,0.027177284262911005
