date,Agric,Food,Soda,Beer,Smoke,Toys,Fun,Books,Hshld,Clths,Hlth,MedEq,Drugs,Chems,Rubbr,Txtls,BldMt,Cnstr,Steel,FabPr,Mach,ElcEq,Autos,Aero,Ships,Guns,Gold,Mines,Coal,Oil,Util,Telcm,PerSv,BusSv,Hardw,Softw,Chips,LabEq,Paper,Boxes,Trans,Whlsl,Rtail,Meals,Banks,Insur,RlEst,Fin,Other
1926-07-31,0.0236,0.0009,,-0.0519,0.0129,0.08650000000000001,0.024900000000000002,0.5021,-0.0049,0.0808,,0.0533,0.009000000000000001,0.0816,,0.005,0.0248,-0.0821,0.0406,,0.054400000000000004,0.0318,0.1642,-0.006500000000000001,0.0113,,,0.0564,0.0148,-0.013500000000000002,0.0704,0.0083,,0.0591,0.0363,,0.013300000000000001,0.013500000000000002,,0.077,0.019299999999999998,-0.2379,0.0008,0.018799999999999997,0.0461,-0.0054,0.028999999999999998,-0.057699999999999994,0.052000000000000005
1926-08-31,0.0223,0.0271,,0.2703,0.0652,0.1681,-0.0076,0.42979999999999996,-0.0358,-0.025,,0.0384,0.042699999999999995,0.0547,,0.0783,0.0461,0.0737,0.0218,,0.0207,0.021,0.0425,-0.0659,0.0172,,,0.0055000000000000005,0.009399999999999999,0.0364,-0.017,0.0217,,0.0151,0.0369,,-0.047,0.0689,,-0.023700000000000002,0.048499999999999995,0.053899999999999997,-0.0076,-0.0013,0.10710000000000001,0.025699999999999997,0.053099999999999994,0.0032,0.0676
1926-09-30,-0.005699999999999999,0.0159,,0.04019999999999999,0.0126,0.0833,0.06480000000000001,-0.049100000000000005,0.0072,-0.005,,0.0404,-0.0026,0.0542,,0.023,-0.0012,-0.12050000000000001,0.0016,,0.0036,-0.005699999999999999,0.050199999999999995,-0.0709,0.0288,,,0.0176,0.003,-0.0359,0.020499999999999997,0.0242,,0.0083,0.042,,-0.0605,-0.0063,,-0.0554,0.001,-0.0787,0.0025,-0.005600000000000001,-0.018000000000000002,0.0072,-0.030600000000000002,-0.0483,-0.0358
1926-10-31,-0.0046,-0.036699999999999997,,-0.0331,0.010700000000000001,-0.013999999999999999,-0.0509,0.0537,-0.0466,0.0012,,0.0347,-0.0177,-0.0475,,0.009899999999999999,-0.044199999999999996,-0.0859,-0.0385,,0.0095,-0.057300000000000004,-0.08109999999999999,-0.1336,-0.0545,,,-0.032,0.022400000000000003,-0.0104,-0.0327,-0.0011,,0.0183,-0.024700000000000003,,-0.0392,0.0021,,-0.0508,-0.0263,-0.15380000000000002,-0.0219,-0.041100000000000005,-0.1193,-0.042800000000000005,-0.0575,-0.0095,-0.08470000000000001
1926-11-30,0.0675,0.0626,,0.0729,0.045599999999999995,0.0,0.0183,-0.0662,-0.0053,0.0187,,0.0441,0.0576,0.0518,,0.0319,0.022000000000000002,0.0225,0.0421,,0.0335,0.0508,-0.006500000000000001,0.06559999999999999,0.0789,,,0.08460000000000001,-0.0048,0.0005,0.044000000000000004,0.0163,,0.0078000000000000005,0.032799999999999996,,0.0131,0.0425,,0.0385,0.0161,0.0467,0.0654,0.0433,-0.0202,0.0358,0.022099999999999998,0.0513,0.0416
1926-12-31,-0.032799999999999996,0.0018,,-0.0409,0.0255,0.0248,0.0216,-0.0329,0.0256,0.004699999999999999,,-0.0333,0.0115,0.0554,,0.0588,0.0363,0.0076,0.0339,,0.050199999999999995,-0.024900000000000002,0.105,0.0917,0.023799999999999998,,,0.018500000000000003,0.0143,0.0294,-0.0018,0.0199,,0.0516,0.0437,,-0.005,0.1014,,-0.0463,0.036699999999999997,0.0965,0.005699999999999999,0.0151,-0.0245,0.0326,0.0795,-0.0159,-0.024399999999999998
1927-01-31,-0.0366,-0.0016,,0.0059,-0.0033,0.0173,0.018799999999999997,0.0121,0.0407,-0.0092,,0.0545,0.0496,0.0023,,-0.0146,-0.0183,-0.0355,-0.0038,,0.011899999999999999,-0.0102,-0.008199999999999999,-0.0229,-0.0059,,,0.0417,-0.030699999999999998,0.0167,-0.0179,0.018799999999999997,,0.058600000000000006,0.0073,,0.0148,-0.0301,,-0.024900000000000002,0.0141,-0.1793,-0.0269,0.0166,-0.0537,-0.008199999999999999,-0.015600000000000001,-0.030699999999999998,-0.041299999999999996
1927-02-28,0.0765,0.0366,,0.1283,0.0149,-0.0622,0.024300000000000002,0.10310000000000001,0.045599999999999995,0.0278,,0.0519,0.0069,0.0969,,0.0764,0.0407,0.0801,0.036699999999999997,,0.0787,0.043,0.0962,-0.0392,0.0472,,,0.052000000000000005,0.0564,0.011200000000000002,0.0454,0.0397,,0.058600000000000006,0.0682,,0.0582,0.0368,,0.0545,0.0519,0.0349,0.0349,0.0673,0.083,0.0066,0.043,0.019799999999999998,0.0027
1927-03-31,-0.006,0.0276,,-0.1356,0.0559,-0.0889,0.0189,-0.0783,-0.0008,0.0091,,0.0124,0.009300000000000001,0.0616,,-0.053899999999999997,0.034300000000000004,0.0521,0.0148,,-0.0223,0.0040999999999999995,0.015600000000000001,0.0,-0.0179,,,0.045599999999999995,0.0538,-0.0703,0.0037,0.0562,,-0.04,0.0601,,-0.12300000000000001,0.0626,,-0.0966,0.0095,-0.2047,-0.003,-0.0345,-0.0809,0.07339999999999999,-0.043,-0.0141,0.022799999999999997
1927-04-30,0.053899999999999997,0.021099999999999997,,0.0286,0.0444,-0.0040999999999999995,-0.0405,0.0377,0.0143,0.059500000000000004,,-0.0037,0.0368,0.0294,,0.004699999999999999,-0.0073,-0.0867,-0.0034000000000000002,,0.0182,0.0629,0.028999999999999998,-0.1148,-0.0060999999999999995,,,0.0292,0.011000000000000001,-0.0579,0.0171,-0.0207,,0.0076,0.0473,,0.0882,0.0143,,0.049,0.0078000000000000005,-0.1075,0.0438,0.0706,-0.0599,0.030899999999999997,0.0069,0.0818,0.0471
1927-05-31,0.0412,0.0662,,0.1162,0.1213,-0.050300000000000004,0.0060999999999999995,-0.0148,0.105,0.0338,,0.0591,0.036000000000000004,0.0385,,0.1411,0.07919999999999999,-0.10439999999999999,0.0322,,0.0875,0.0823,0.0556,0.3215,0.10779999999999999,,,0.0025,0.0311,0.0496,0.09230000000000001,0.0335,,0.1671,0.0558,,-0.002,0.056299999999999996,,0.053899999999999997,0.0703,-0.0401,0.0225,0.046900000000000004,0.08689999999999999,0.1258,0.0434,0.1056,0.0163
1927-06-30,-0.0342,-0.0195,,0.1005,-0.0269,-0.0352,-0.08130000000000001,-0.06,-0.030299999999999997,0.011899999999999999,,0.036699999999999997,-0.004,-0.0174,,0.0147,-0.0441,-0.1386,-0.0352,,-0.0229,0.035,-0.0339,0.1449,-0.0417,,,-0.0196,-0.0335,-0.0313,-0.0358,-0.0216,,0.015600000000000001,-0.0196,,0.020099999999999996,0.0541,,0.0542,-0.0206,-0.0418,-0.006999999999999999,0.0132,-0.1057,0.0085,0.0359,0.0004,-0.0382
1927-07-31,0.0605,0.0483,,0.0452,0.043899999999999995,0.0264,0.009300000000000001,-0.0053,0.054900000000000004,0.0621,,0.1144,0.0934,0.1772,,0.0482,0.0691,-0.008,0.1035,,0.09609999999999999,0.1469,0.1373,-0.0278,0.12210000000000001,,,0.0874,0.0219,0.0292,0.055,0.0373,0.0177,0.023700000000000002,0.048,,0.14150000000000001,0.0689,,0.1202,0.0603,0.11109999999999999,0.1013,0.046799999999999994,0.0334,0.13369999999999999,0.0391,0.0075,0.0681
1927-08-31,0.0199,0.024,,-0.0398,0.0383,0.0757,0.0603,0.0066,0.005,0.011899999999999999,,-0.022799999999999997,0.0109,0.021,,0.0049,-0.0111,-0.021099999999999997,0.0436,,0.0089,0.0706,0.0737,0.30329999999999996,0.0362,,,0.011699999999999999,0.024300000000000002,-0.0026,0.0326,0.0043,0.0286,0.0799,0.073,,-0.11410000000000001,0.0075,,0.037599999999999995,-0.0166,-0.0258,0.07690000000000001,0.0055000000000000005,0.0504,0.0011,0.0216,0.030699999999999998,0.0592
1927-09-30,0.0738,0.057800000000000004,,0.0701,0.0464,0.0033,0.0478,0.0113,0.0253,0.0467,,0.0874,0.047,0.059699999999999996,,0.0215,0.0495,-0.009899999999999999,0.0296,,0.053,0.0012,0.06269999999999999,0.1765,0.0349,,,0.0675,0.0147,0.0348,0.08289999999999999,0.0655,-0.0139,0.0719,0.049400000000000006,,0.09699999999999999,0.0301,,0.0337,0.043,0.055999999999999994,0.076,0.0596,0.045899999999999996,0.0817,-0.0051,0.0646,0.0043
1927-10-31,-0.057999999999999996,-0.0175,,-0.008100000000000001,-0.0012,-0.0127,0.004699999999999999,-0.0334,-0.0183,0.1093,,0.0204,0.0613,-0.0747,,-0.026699999999999998,-0.0483,-0.0012,-0.0784,,-0.0521,-0.0824,-0.0455,-0.1833,-0.0649,,,-0.0317,-0.0556,-0.0174,-0.0435,-0.0209,0.0282,0.045700000000000005,0.0042,,-0.0335,-0.076,,0.0014000000000000002,-0.0463,-0.21780000000000002,-0.0504,-0.0175,0.026099999999999998,0.1075,-0.0425,-0.0053,-0.047599999999999996
1927-11-30,0.06509999999999999,0.0731,,0.10289999999999999,0.06480000000000001,-0.0331,0.0452,0.0827,0.0271,-0.0045000000000000005,,0.011899999999999999,0.0444,0.0904,,0.057699999999999994,0.0601,-0.013000000000000001,0.1246,,0.11539999999999999,0.113,0.0675,0.1941,0.0795,,,0.0824,0.077,0.038900000000000004,0.0633,0.028300000000000002,-0.0455,0.0974,0.06280000000000001,,0.2552,0.0886,,0.1693,0.039,-0.013000000000000001,0.12140000000000001,0.03,0.11699999999999999,0.0709,0.0977,0.0746,0.12539999999999998
1927-12-31,-0.008199999999999999,0.0444,,0.1272,0.0106,-0.0783,0.0418,0.0395,0.1035,0.0024,,-0.0022,-0.0055000000000000005,-0.0023,,0.0268,-0.0044,0.0765,0.0587,,0.029300000000000003,0.012,0.07690000000000001,0.4056,0.0207,,,0.1329,-0.0333,0.0006,0.022400000000000003,0.013300000000000001,-0.051100000000000007,-0.0339,0.1128,,-0.046900000000000004,-0.0342,,0.0104,0.0008,0.11449999999999999,-0.0066,-0.0158,0.1041,0.2046,0.0097,0.0277,0.010700000000000001
1928-01-31,-0.0189,0.0339,,0.0064,-0.0268,-0.015600000000000001,-0.0024,0.0291,0.036699999999999997,0.0664,,0.0334,0.025,-0.0108,,-0.0106,0.0138,0.08289999999999999,-0.0242,,-0.0124,-0.0101,-0.0315,0.015300000000000001,0.0426,,,-0.014499999999999999,-0.0381,-0.0171,0.0588,0.0029,0.0,0.0432,0.036000000000000004,,-0.0064,-0.0011,,0.0151,-0.0123,-0.0095,-0.0085,-0.0158,-0.0229,-0.0078000000000000005,0.0172,0.0605,-0.0338
1928-02-29,0.0043,-0.0358,,-0.052199999999999996,-0.054400000000000004,-0.0691,-0.0026,-0.0046,-0.0003,-0.0245,,-0.018500000000000003,-0.0393,0.0073,,-0.0499,0.0147,0.030299999999999997,-0.0274,,-0.0274,-0.0146,0.0095,-0.09820000000000001,-0.0447,,,-0.0758,-0.013300000000000001,-0.0008,-0.0077,-0.003,-0.054900000000000004,-0.0305,0.0319,,-0.0031,0.016,,0.0086,-0.013300000000000001,-0.08289999999999999,-0.0104,-0.026000000000000002,-0.028999999999999998,-0.0165,0.02,-0.0663,-0.0269
1928-03-31,0.0173,0.057800000000000004,,0.1447,0.0235,0.35159999999999997,0.0623,0.1,0.1003,0.0401,,0.1014,0.0987,0.1323,,0.0776,0.0683,0.0375,0.06280000000000001,,0.0638,0.2621,0.2787,0.2483,0.060899999999999996,,,0.07440000000000001,0.052199999999999996,0.0565,0.0665,0.0197,0.055999999999999994,-0.0034999999999999996,0.009300000000000001,,0.1283,0.0326,,0.1108,0.0565,0.0812,0.0866,0.0349,0.22760000000000002,0.07690000000000001,0.0245,0.12140000000000001,0.0885
1928-04-30,-0.0028000000000000004,0.032400000000000005,,0.0487,-0.058899999999999994,-0.0206,0.0636,0.0279,0.0359,0.0992,,0.0567,0.008,-0.0026,,-0.048499999999999995,0.0291,0.0268,0.0143,,0.0348,0.024399999999999998,0.0109,0.6183,0.0060999999999999995,,,-0.0058,0.0194,0.16399999999999998,0.1096,0.0313,0.0727,0.1375,0.0204,,-0.0053,0.0169,,-0.0025,0.0446,-0.058499999999999996,0.0,0.004699999999999999,0.1092,0.048499999999999995,0.2438,0.1005,0.10949999999999999
1928-05-31,-0.0078000000000000005,0.0202,,0.0548,-0.0007000000000000001,0.10220000000000001,0.0088,0.1119,-0.0252,-0.009300000000000001,,0.05,0.114,0.0298,,-0.052300000000000006,-0.019299999999999998,0.19820000000000002,0.0552,,0.0478,0.0176,0.0591,0.19879999999999998,-0.0262,,,0.0116,0.0049,-0.0579,0.015,0.06570000000000001,-0.022799999999999997,0.0964,0.0048,,0.0432,0.061500000000000006,,0.0613,-0.0042,0.0795,0.0345,0.1413,-0.0127,0.0075,0.033,0.032,-0.0078000000000000005
1928-06-30,-0.021400000000000002,-0.042699999999999995,,-0.0421,-0.042199999999999994,-0.1105,-0.042699999999999995,-0.0955,-0.0667,-0.0718,,-0.0181,-0.0373,-0.029900000000000003,,-0.1059,-0.037599999999999995,-0.048799999999999996,-0.0584,,-0.0317,-0.0567,-0.041299999999999996,-0.11689999999999999,-0.056100000000000004,,,-0.0356,-0.0608,-0.0392,-0.0344,-0.0521,-0.0802,-0.0837,-0.025699999999999997,,-0.0501,-0.030299999999999997,,-0.0574,-0.0398,-0.0741,-0.034,-0.0279,-0.0191,-0.10779999999999999,-0.066,-0.14800000000000002,-0.1195
1928-07-31,-0.0029,0.0128,,0.0072,0.0335,0.1016,0.0073,0.0346,0.0062,0.0053,,-0.0128,0.0363,0.0183,,-0.0371,0.021099999999999997,-0.0271,0.0274,,0.0040999999999999995,-0.0101,0.0132,0.0554,-0.0232,,,-0.0126,-0.0103,0.0118,-0.0123,-0.0128,-0.0415,-0.0277,0.0555,,0.061200000000000004,0.0504,,0.0434,-0.0032,0.004,0.057300000000000004,-0.006,0.0013,-0.004699999999999999,-0.0052,0.0219,-0.008
1928-08-31,0.0168,0.08800000000000001,,0.124,0.0381,0.0189,0.1027,-0.001,0.0962,0.0019,,0.0842,0.1673,0.0889,,0.0137,0.045700000000000005,-0.0032,0.0964,,0.076,0.12300000000000001,0.0915,0.1422,0.049699999999999994,,,0.0819,0.0184,0.0245,0.06480000000000001,0.0455,-0.0973,0.1315,0.0581,,0.0169,0.0108,,0.1273,0.04019999999999999,0.0406,0.13720000000000002,0.12380000000000001,0.049400000000000006,0.058600000000000006,0.0483,0.0471,0.1284
1928-09-30,-0.009000000000000001,0.021400000000000002,,0.0026,-0.0039000000000000003,0.2069,0.1011,0.012,0.1048,-0.011399999999999999,,0.0708,-0.0358,0.038,,0.0417,0.055099999999999996,-0.0022,0.0559,,0.0382,0.0028000000000000004,0.0823,0.0599,-0.0125,,,0.030600000000000002,-0.010700000000000001,0.0575,0.0379,0.0014000000000000002,0.0294,-0.016200000000000003,0.0805,,0.0358,-0.0358,,-0.016200000000000003,0.003,0.0105,0.0016,-0.0002,0.075,-0.022400000000000003,-0.013000000000000001,0.0219,-0.0406
1928-10-31,0.0473,-0.012,,0.0405,0.0345,-0.1054,-0.0024,0.0526,0.0815,-0.0356,,-0.006500000000000001,0.0028000000000000004,0.052300000000000006,,0.06,0.0605,0.0192,0.06509999999999999,,0.0213,0.021099999999999997,-0.0004,-0.059500000000000004,-0.0066,,,0.034,-0.017,0.0226,-0.0191,0.0297,-0.0667,0.0709,0.0123,,0.0146,0.0098,,-0.0547,-0.013500000000000002,0.1856,0.061,-0.022000000000000002,0.0096,0.0364,-0.018600000000000002,0.0089,-0.0521
1928-11-30,0.016399999999999998,0.0728,,0.057,0.0681,0.0783,0.10640000000000001,0.039900000000000005,0.16579999999999998,0.0254,,0.025699999999999997,0.058600000000000006,0.12390000000000001,,0.0915,0.09630000000000001,0.0070999999999999995,0.1491,,0.158,0.235,0.0472,0.43439999999999995,0.057699999999999994,,,0.15109999999999998,0.0632,0.179,0.22010000000000002,0.0668,-0.0368,0.0902,0.1131,,0.1362,0.0444,,0.051100000000000007,0.0929,0.1195,0.15539999999999998,0.0955,0.11109999999999999,0.077,0.0805,0.1319,0.037599999999999995
1928-12-31,-0.0129,0.0092,,-0.0384,-0.0141,-0.071,-0.0004,0.0161,-0.0358,-0.0033,,-0.0167,-0.0008,0.023399999999999997,,-0.0588,0.011000000000000001,0.0196,0.0392,,0.0334,0.07139999999999999,-0.0002,0.0053,0.0151,,,0.0199,-0.0059,-0.045599999999999995,0.0154,-0.0036,-0.0978,-0.0414,0.17620000000000002,,0.0335,-0.0161,,0.0179,0.0024,-0.0385,-0.0123,-0.0308,0.011000000000000001,-0.0040999999999999995,-0.017,0.0229,-0.126
1929-01-31,0.11789999999999999,0.0232,,0.0958,0.0331,0.0452,0.1075,0.0415,0.0663,-0.018799999999999997,,0.046,0.0305,0.2289,,-0.0128,0.0815,0.0087,0.078,,0.12179999999999999,0.12789999999999999,0.0097,0.0172,0.0073,,,0.0848,0.0174,-0.0809,0.133,0.1338,-0.1265,0.009399999999999999,0.030899999999999997,,0.12539999999999998,0.0055000000000000005,,0.0558,0.047,-0.0495,-0.0397,-0.0012,0.16920000000000002,0.0239,0.156,0.03,0.0121
1929-02-28,0.0642,-0.0292,,-0.0406,-0.0434,-0.0608,0.0173,-0.0559,-0.0692,-0.0407,,0.023799999999999998,-0.0070999999999999995,-0.0019,,0.0236,-0.0375,0.091,0.0883,,0.0121,-0.0184,0.0045000000000000005,0.020099999999999996,0.0073,,,0.08439999999999999,0.0074,-0.0022,-0.0199,-0.0115,0.0759,0.0408,0.016399999999999998,,-0.0016,0.015600000000000001,,0.0626,-0.014199999999999999,-0.0319,-0.025,0.0016,0.042199999999999994,-0.0525,0.0567,0.0233,-0.0625
1929-03-31,-0.11019999999999999,-0.0366,,-0.028999999999999998,-0.0425,-0.07719999999999999,-0.1,-0.0593,-0.07690000000000001,-0.0565,,0.0137,-0.024700000000000003,-0.0338,,-0.073,-0.0633,-0.0024,-0.0009,,-0.04190000000000001,0.0567,-0.0134,-0.0698,0.0209,,,0.04019999999999999,-0.0653,0.1219,-0.0318,0.0432,-0.1282,-0.0464,0.067,,-0.009300000000000001,-0.0318,,0.0152,-0.0286,-0.09570000000000001,-0.051399999999999994,-0.0355,0.0139,-0.045899999999999996,-0.0364,0.0019,-0.0741
1929-04-30,-0.0644,0.051699999999999996,,0.1374,-0.023700000000000002,-0.0287,0.009300000000000001,-0.0064,0.005600000000000001,0.0414,,0.016399999999999998,0.0143,0.0377,,0.0275,0.0325,0.17629999999999998,0.0115,,0.042300000000000004,0.0106,-0.0123,0.0695,-0.0149,,,-0.057800000000000004,-0.022000000000000002,0.0089,0.050199999999999995,0.0339,-0.0294,0.0294,0.07,,0.054400000000000004,0.0042,,0.0791,0.0134,0.0354,0.0356,0.10369999999999999,0.0723,0.013999999999999999,0.0334,-0.0012,-0.1073
1929-05-31,-0.0668,-0.048799999999999996,,-0.11,-0.0024,-0.1679,-0.08410000000000001,0.0681,-0.1038,-0.0661,,-0.1014,-0.0711,-0.0702,,-0.1388,-0.0694,-0.0638,-0.1242,,-0.0969,0.0083,-0.15259999999999999,-0.13019999999999998,-0.0674,,,-0.1099,-0.0499,-0.0562,0.046799999999999994,-0.0877,-0.1288,-0.050199999999999995,0.0018,,-0.0147,-0.0348,,-0.08199999999999999,0.025099999999999997,-0.0654,-0.08869999999999999,-0.0292,-0.10310000000000001,-0.0229,-0.0842,-0.025099999999999997,-0.1322
1929-06-30,-0.0206,0.09390000000000001,,0.1252,-0.0014000000000000002,0.0583,0.0706,0.0711,0.14730000000000001,0.056100000000000004,,0.09970000000000001,0.0271,0.1997,,0.024900000000000002,0.0501,0.0347,0.10710000000000001,,0.15259999999999999,0.19269999999999998,0.06860000000000001,0.14300000000000002,0.1016,,,0.0241,0.0219,0.0108,0.2348,0.138,0.21739999999999998,0.1487,0.1321,,0.078,0.0583,,0.1259,0.0602,-0.0297,0.0925,0.19140000000000001,0.0661,0.0067,0.0645,0.1251,0.0508
1929-07-31,0.0302,0.0506,,0.0159,0.020499999999999997,-0.0683,-0.0179,-0.0069,0.0652,-0.039900000000000005,,0.0109,0.0335,0.051100000000000007,,-0.0366,0.057800000000000004,-0.025699999999999997,0.0347,,0.0554,0.10099999999999999,-0.0394,0.0629,0.0388,,,-0.023700000000000002,0.19940000000000002,-0.0086,0.0917,0.1368,0.2857,0.0168,0.0634,,-0.024300000000000002,0.0682,-0.0851,0.0703,0.083,-0.030299999999999997,0.0106,0.0183,0.0053,0.1065,-0.0166,0.13949999999999999,0.0449
1929-08-31,0.013000000000000001,0.0447,,0.09789999999999999,0.0819,-0.0232,0.0691,0.0014000000000000002,0.0353,0.0096,,-0.018500000000000003,0.0556,0.1182,,0.0024,0.0292,0.0049,0.1182,,0.1032,0.1338,0.0207,-0.0111,0.043899999999999995,,,0.0892,0.0526,0.1175,0.0901,0.10980000000000001,-0.1056,0.0032,0.0698,,-0.0368,0.1512,0.107,0.0946,0.0834,-0.0579,0.0819,0.0472,0.0509,0.1168,0.0582,0.0348,-0.029900000000000003
1929-09-30,0.0124,-0.0262,,-0.0226,-0.0751,0.014199999999999999,-0.018500000000000003,-0.0103,0.0678,-0.0416,,-0.0637,-0.0735,-0.068,,-0.032799999999999996,-0.0304,-0.014499999999999999,-0.0897,,-0.057699999999999994,-0.1148,-0.0901,-0.2324,-0.0001,,,-0.0482,-0.0206,-0.031,0.0092,-0.0138,-0.0248,0.209,0.168,,-0.0867,0.030299999999999997,-0.0756,-0.0455,-0.07719999999999999,-0.0066,-0.056299999999999996,-0.032400000000000005,-0.0199,-0.09519999999999999,-0.0553,-0.0487,-0.0018
1929-10-31,-0.0067,-0.1593,,-0.2642,0.0231,-0.1765,-0.19829999999999998,-0.09359999999999999,-0.3406,-0.1158,,-0.1564,-0.1913,-0.2469,,-0.2254,-0.1725,-0.0837,-0.1557,,-0.2256,-0.30219999999999997,-0.2816,-0.40340000000000004,-0.12619999999999998,,,-0.1304,-0.0805,-0.10289999999999999,-0.29719999999999996,-0.1539,-0.2866,-0.16620000000000001,-0.2735,,-0.15439999999999998,-0.056600000000000004,-0.1818,-0.1512,-0.081,-0.2329,-0.2416,-0.196,-0.3329,-0.22039999999999998,-0.09759999999999999,-0.3592,-0.32630000000000003
1929-11-30,-0.0736,-0.1002,,-0.1185,-0.0616,-0.231,-0.14980000000000002,0.0011,-0.1284,-0.0747,,-0.0815,-0.0771,-0.1604,,-0.145,-0.1093,-0.020099999999999996,-0.1382,,-0.1386,-0.18350000000000002,-0.17679999999999998,-0.3002,-0.0329,,,-0.15,-0.0315,-0.0658,-0.1537,-0.0947,-0.39289999999999997,-0.1209,-0.2816,,-0.1506,-0.15109999999999998,-0.15560000000000002,-0.1384,-0.07769999999999999,-0.0667,-0.1247,-0.10279999999999999,-0.2257,-0.1776,0.037000000000000005,-0.1754,-0.1524
1929-12-31,-0.049400000000000006,0.0038,,0.0204,0.0269,-0.0524,-0.0774,0.0239,0.010700000000000001,0.0369,,0.0055000000000000005,0.0134,0.0635,,-0.0634,-0.0175,0.09970000000000001,-0.0044,,0.0327,0.1283,0.039900000000000005,0.1447,0.0034999999999999996,,,-0.0182,-0.056299999999999996,-0.0088,0.0816,0.0106,0.0,-0.1704,0.0814,,-0.0579,0.0143,-0.0395,-0.0026,0.0002,-0.0236,-0.06480000000000001,0.037599999999999995,0.0146,-0.0425,-0.0793,0.050499999999999996,-0.0866
1930-01-31,-0.0086,0.0584,,-0.0876,0.0862,-0.1276,0.2663,0.0181,0.1033,0.035699999999999996,,0.0449,0.0165,0.0818,,0.1047,0.0748,0.003,0.056900000000000006,,0.08439999999999999,0.10949999999999999,0.0639,0.0098,0.027999999999999997,,,0.0608,0.0037,-0.008199999999999999,0.0851,0.012,0.2647,-0.1491,0.0943,,0.113,0.0915,0.5,0.0709,0.0385,0.0472,0.0444,0.1174,0.18719999999999998,0.1574,0.0208,0.0891,0.31670000000000004
1930-02-28,-0.08470000000000001,0.0095,,0.0115,0.0556,0.2121,0.1714,0.0593,-0.08900000000000001,-0.0031,,0.0455,0.012,0.0246,,0.057300000000000004,0.0033,0.0736,0.0009,,0.0473,0.0783,0.036000000000000004,0.24609999999999999,0.012199999999999999,,,-0.0095,0.045,-0.0506,0.08650000000000001,0.0706,-0.25579999999999997,0.36219999999999997,0.040999999999999995,,-0.0131,0.1265,-0.0776,0.086,0.020499999999999997,-0.0462,-0.0536,0.0016,0.09849999999999999,0.025699999999999997,-0.047400000000000005,0.10710000000000001,-0.0187
1930-03-31,-0.0037,0.0115,,-0.08259999999999999,0.043,0.2754,0.1537,0.0218,-0.0016,0.075,,0.0699,0.060599999999999994,0.10300000000000001,,-0.026699999999999998,0.0364,0.021400000000000002,0.0554,,0.052199999999999996,0.0916,0.12689999999999999,0.281,-0.018000000000000002,,,0.0177,0.01,0.19210000000000002,0.09849999999999999,0.0888,-0.015600000000000001,-0.030600000000000002,0.0027,,0.0317,0.0925,0.0767,0.0613,0.039599999999999996,-0.049100000000000005,-0.0274,0.049100000000000005,0.0463,0.1101,0.0754,0.09210000000000002,0.0626
1930-04-30,0.0392,0.032,,-0.1137,-0.028900000000000002,-0.2168,0.057999999999999996,0.0209,-0.0158,-0.0101,,-0.09230000000000001,0.0167,-0.053099999999999994,,-0.0992,-0.059699999999999996,0.0816,-0.1329,,0.0623,0.0297,-0.0864,-0.0548,-0.0702,,,-0.1364,-0.08460000000000001,0.0731,0.0331,-0.0452,0.3333,0.0175,-0.0664,,-0.214,0.054000000000000006,-0.2161,-0.022400000000000003,-0.0713,0.0467,0.0258,0.024399999999999998,-0.091,-0.09539999999999998,-0.0232,-0.0151,-0.032400000000000005
1930-05-31,-0.030899999999999997,0.0233,,-0.0045000000000000005,0.0181,0.0034999999999999996,-0.0369,-0.010700000000000001,-0.0745,-0.0417,,-0.0528,-0.0028000000000000004,-0.023399999999999997,,-0.057699999999999994,-0.0146,0.0143,0.0016,,-0.0593,-0.049,0.051100000000000007,-0.08349999999999999,-0.0453,,,0.054000000000000006,-0.020099999999999996,-0.0382,-0.0128,0.004,-0.1548,-0.1211,-0.0108,,-0.11560000000000001,-0.0281,-0.21109999999999998,0.0002,-0.0044,-0.0832,0.0007000000000000001,-0.018600000000000002,-0.0623,-0.0414,-0.0217,-0.0707,-0.0814
1930-06-30,-0.0482,-0.12179999999999999,,-0.2919,-0.08839999999999999,-0.1698,-0.24670000000000003,-0.10369999999999999,-0.24609999999999999,-0.1253,,-0.1484,-0.11,-0.1777,,-0.1827,-0.1948,-0.042,-0.1245,,-0.1684,-0.2007,-0.22719999999999999,-0.2849,-0.1306,,,-0.08,-0.1164,-0.157,-0.193,-0.0832,-0.3239,-0.113,-0.2009,,-0.3207,-0.1594,-0.6208,-0.1653,-0.09910000000000001,-0.24100000000000002,-0.161,-0.1725,-0.2072,-0.1324,-0.1907,-0.2557,-0.1805
1930-07-31,0.011699999999999999,0.0342,,0.0158,0.029300000000000003,0.1321,0.024900000000000002,0.0158,0.0584,0.0323,,0.1263,0.049699999999999994,0.0545,0.1416,0.0538,0.08539999999999999,0.0426,0.0342,,0.030299999999999997,0.039900000000000005,0.1183,0.0736,0.0356,,,0.0366,-0.0146,0.0552,0.0408,0.0127,0.1042,0.0663,0.0351,,0.2014,0.0347,0.098,0.075,0.0322,-0.013000000000000001,0.0278,0.0279,0.067,0.0425,-0.0139,0.0541,0.0567
1930-08-31,0.0124,0.0167,,0.0924,0.046900000000000004,0.06,0.0362,-0.031400000000000004,0.0063,-0.0288,,0.0121,0.0956,0.0435,-0.0406,-0.014499999999999999,-0.0254,-0.032400000000000005,-0.0246,,0.0098,0.0163,-0.0223,-0.0078000000000000005,0.0091,,,-0.13140000000000002,0.024,-0.034,0.011899999999999999,0.0174,-0.056600000000000004,0.0394,0.0348,,-0.037000000000000005,0.0623,0.035699999999999996,-0.0147,0.0031,-0.0771,0.0545,0.0178,0.008100000000000001,-0.0083,-0.0786,0.039599999999999996,0.0087
1930-09-30,-0.11699999999999999,-0.0998,,-0.12279999999999999,-0.0882,-0.1017,-0.1863,0.019799999999999998,-0.1056,-0.0352,,-0.0655,-0.0931,-0.1417,-0.28800000000000003,-0.1307,-0.1684,-0.11349999999999999,-0.1383,,-0.16620000000000001,-0.20120000000000002,-0.1649,-0.306,-0.11199999999999999,,,-0.09269999999999999,-0.058899999999999994,-0.16,-0.11939999999999999,-0.053,0.04,-0.1059,-0.1105,,-0.17739999999999997,-0.1115,-0.2759,-0.1275,-0.08439999999999999,-0.09720000000000001,-0.10830000000000001,-0.1406,-0.1253,-0.11810000000000001,-0.1637,-0.21359999999999998,-0.1281
1930-10-31,-0.16079999999999997,-0.0391,,-0.013000000000000001,-0.04769999999999999,-0.045599999999999995,-0.09029999999999999,-0.0837,-0.0464,-0.05,,-0.022799999999999997,-0.049100000000000005,-0.1233,-0.1011,-0.0371,-0.1286,-0.21420000000000003,-0.0803,,-0.1076,-0.1864,-0.11230000000000001,-0.1703,-0.0959,,,-0.106,-0.1158,-0.0825,-0.08289999999999999,-0.0412,-0.1346,-0.0507,-0.1458,,-0.1,-0.1204,-0.131,-0.0305,-0.0673,-0.06,-0.0861,-0.1038,-0.0374,-0.10439999999999999,-0.1685,-0.1856,-0.16579999999999998
1930-11-30,0.027000000000000003,0.009000000000000001,,0.0354,-0.0091,-0.08130000000000001,-0.0637,-0.026099999999999998,-0.018500000000000003,0.015,,-0.045899999999999996,-0.0271,0.0009,0.10619999999999999,-0.0451,-0.019299999999999998,-0.06860000000000001,-0.0104,,-0.0062,-0.0361,0.0587,-0.0677,0.071,,,0.0453,-0.0962,-0.0342,-0.0876,-0.0327,0.07780000000000001,-0.0571,-0.04019999999999999,,0.077,-0.0158,-0.1507,0.003,-0.054400000000000004,0.0275,0.0301,-0.0246,-0.0722,-0.0168,-0.102,-0.1075,-0.0158
1930-12-31,-0.2243,-0.0347,,-0.1158,-0.0313,-0.0364,-0.1578,-0.0558,-0.061500000000000006,-0.0751,,-0.029900000000000003,-0.0796,-0.0472,-0.1628,-0.0601,-0.1253,-0.1222,-0.08929999999999999,,-0.0955,-0.12050000000000001,-0.0158,-0.1592,-0.1368,,,-0.084,-0.0886,-0.12710000000000002,-0.0368,-0.0379,-0.134,-0.0064,0.0062,,-0.1223,-0.1198,-0.2419,-0.0574,-0.0797,-0.04019999999999999,-0.1387,-0.0818,0.028900000000000002,-0.1024,-0.17620000000000002,-0.15,-0.1177
1931-01-31,0.15810000000000002,0.049,,0.0681,0.0636,-0.0167,0.1707,0.012,0.0877,-0.0021,,0.0992,0.07780000000000001,-0.006999999999999999,0.16670000000000001,0.1338,0.0784,-0.0302,0.030899999999999997,,0.0565,0.050499999999999996,0.0706,0.22440000000000002,0.0779,,,0.0699,0.1425,0.054000000000000006,0.056100000000000004,0.0479,0.4524,0.0638,0.0677,,0.0048,0.056100000000000004,0.3404,0.027999999999999997,0.1168,0.0487,0.0723,0.0702,0.0333,0.14150000000000001,0.0554,0.2581,0.1809
1931-02-28,0.1317,0.0663,,0.1675,0.0694,0.0721,0.0848,0.0179,0.0622,0.0282,,0.0176,0.0951,0.1358,0.2324,0.15439999999999998,0.14279999999999998,0.1461,0.1456,,0.11810000000000001,0.2506,0.1734,0.2817,0.055999999999999994,,,0.1416,-0.005600000000000001,0.0634,0.1531,0.059500000000000004,0.3115,0.0202,0.147,,0.1777,0.1401,0.746,0.1263,0.0227,-0.020499999999999997,0.1534,0.1112,0.15560000000000002,0.0654,0.2444,0.2052,0.1306
1931-03-31,-0.1038,-0.019799999999999998,,-0.2668,0.0018,-0.0706,-0.056900000000000006,-0.0084,-0.0374,0.0138,,-0.0008,0.0227,-0.0727,0.0941,-0.031,-0.0755,0.0034999999999999996,-0.0788,,-0.0827,-0.08,-0.04190000000000001,-0.102,-0.0716,,,-0.0676,-0.12890000000000001,-0.1464,-0.0286,-0.0361,0.725,-0.0296,-0.0766,,-0.0453,-0.0696,-0.1636,-0.0032,-0.1048,-0.0319,-0.0333,-0.0552,-0.1151,-0.0473,-0.1844,-0.07730000000000001,0.20850000000000002
1931-04-30,-0.0216,-0.0892,,-0.20879999999999999,0.026699999999999998,-0.127,-0.2799,-0.0803,-0.0426,-0.0827,,-0.0643,-0.029300000000000003,-0.1285,-0.2036,-0.12140000000000001,-0.1383,-0.1332,-0.1697,,-0.15789999999999998,-0.1465,-0.0774,-0.1242,-0.18309999999999998,,,-0.1285,-0.1001,-0.1399,-0.0904,-0.0425,-0.1739,-0.07719999999999999,-0.10099999999999999,,-0.22820000000000001,-0.044500000000000005,-0.25,-0.0817,-0.073,-0.043899999999999995,-0.0449,-0.127,-0.12119999999999999,-0.0882,-0.2097,-0.1797,-0.1788
1931-05-31,-0.0676,-0.1264,,-0.0966,-0.1121,-0.0574,-0.2477,-0.0942,-0.10949999999999999,-0.0052,,-0.18719999999999998,-0.08349999999999999,-0.1201,-0.0898,-0.0756,-0.1525,-0.18309999999999998,-0.2091,,-0.1912,-0.11470000000000001,-0.1613,-0.1247,-0.1848,,,-0.0858,-0.1865,-0.11789999999999999,-0.1117,-0.0894,-0.15789999999999998,-0.40270000000000006,-0.1787,,-0.1837,-0.1656,-0.21739999999999998,-0.1509,-0.1725,-0.152,-0.0287,-0.0623,-0.0518,-0.15960000000000002,-0.2175,-0.2115,-0.0705
1931-06-30,0.0848,0.10769999999999999,,0.10210000000000001,0.1264,0.0638,0.23879999999999998,-0.0087,0.0767,0.1211,,0.1241,0.09140000000000001,0.19519999999999998,0.1226,0.08410000000000001,0.1512,0.1383,0.1954,,0.12390000000000001,0.1861,0.1515,0.2426,0.2018,,,0.0704,0.2228,0.1718,0.1093,0.1032,0.2917,0.09380000000000001,0.23670000000000002,,0.1724,0.1585,0.11109999999999999,0.15410000000000001,0.16210000000000002,0.0292,0.08039999999999999,0.049800000000000004,0.192,0.1888,0.1838,0.2746,0.1467
1931-07-31,0.0017000000000000001,-0.0432,,-0.09960000000000001,-0.0349,-0.1575,-0.0842,-0.0158,-0.0173,-0.0331,,-0.0639,0.0425,-0.0634,-0.11779999999999999,-0.0562,-0.0932,-0.1384,-0.1518,,-0.1217,-0.10339999999999999,-0.0239,-0.107,-0.0828,,,-0.08130000000000001,-0.1636,-0.029900000000000003,-0.0541,-0.0487,-0.0632,-0.053899999999999997,-0.1336,,-0.06509999999999999,-0.08529999999999999,-0.1333,-0.12710000000000002,-0.1052,-0.08109999999999999,-0.0121,-0.08199999999999999,-0.16149999999999998,-0.0802,-0.0989,-0.0825,0.075
1931-08-31,-0.0369,0.0194,,0.1382,-0.0354,-0.026000000000000002,0.0755,-0.0535,-0.0104,-0.025,,0.0552,-0.0045000000000000005,0.0147,-0.0541,0.0031,-0.0336,-0.0053,0.0055000000000000005,,-0.0175,0.038,-0.0278,0.050199999999999995,-0.0735,,,0.025699999999999997,-0.028900000000000002,0.1002,0.0,0.008199999999999999,0.006500000000000001,-0.0424,0.022799999999999997,,-0.0173,0.0489,0.0192,0.0101,-0.0688,0.0137,0.0316,0.011000000000000001,0.046799999999999994,-0.006,0.0636,-0.0018,0.0146
1931-09-30,-0.3608,-0.2834,,-0.25170000000000003,-0.21780000000000002,-0.2655,-0.4328,-0.2048,-0.3497,-0.0833,,-0.2673,-0.301,-0.3089,-0.3239,-0.2161,-0.3132,-0.354,-0.2717,,-0.33409999999999995,-0.3456,-0.3493,-0.4054,-0.2531,,,-0.3177,-0.31370000000000003,-0.305,-0.29600000000000004,-0.217,-0.26039999999999996,-0.2235,-0.3486,,-0.4226,-0.2889,-0.3962,-0.2369,-0.20929999999999999,-0.2627,-0.3057,-0.2731,-0.3471,-0.4581,-0.366,-0.39890000000000003,-0.244
1931-10-31,-0.068,0.1191,,0.2526,0.0608,0.078,0.1961,-0.2216,0.1636,-0.024700000000000003,,0.1681,0.10279999999999999,0.0533,0.0417,0.0277,0.045899999999999996,0.0374,0.018799999999999997,,0.0907,0.11869999999999999,0.12279999999999999,0.1307,0.1325,,,0.1704,0.028999999999999998,0.1549,0.1048,0.0434,0.0575,0.0508,0.1048,,0.08779999999999999,0.0955,-0.1562,0.1174,-0.028300000000000002,0.0742,0.1436,0.11109999999999999,0.27140000000000003,0.2895,0.0876,0.0775,0.0371
1931-11-30,-0.0925,-0.0276,,-0.1066,-0.0617,-0.0925,-0.3152,-0.09380000000000001,-0.0774,-0.0131,,-0.08990000000000001,-0.0166,-0.051,-0.008,-0.1014,-0.0745,-0.16870000000000002,-0.0949,,-0.0732,-0.15869999999999998,-0.039,-0.0371,-0.17489999999999997,,,-0.1369,-0.17629999999999998,-0.0843,-0.0481,-0.06860000000000001,-0.107,-0.0605,-0.0533,,-0.028399999999999998,-0.1193,-0.11109999999999999,-0.0999,-0.21559999999999999,-0.1778,-0.0935,-0.1457,0.0587,-0.1058,-0.14150000000000001,-0.1303,-0.04190000000000001
1931-12-31,-0.1624,-0.1045,,-0.0783,-0.0634,-0.3589,-0.2989,-0.2273,-0.09179999999999999,-0.1422,,-0.0407,-0.040999999999999995,-0.063,-0.125,-0.0661,-0.1787,-0.16899999999999998,-0.257,,-0.1761,-0.1422,-0.08259999999999999,-0.1398,-0.1832,,,-0.0753,-0.2285,-0.1884,-0.1325,-0.08,-0.0492,-0.1917,-0.1,,-0.2072,-0.1245,-0.25,-0.12119999999999999,-0.1502,-0.3054,-0.1532,-0.1343,-0.2346,-0.1317,-0.2304,-0.2248,-0.1391
1932-01-31,-0.1246,-0.0108,,-0.059699999999999996,0.0817,-0.14429999999999998,0.18960000000000002,-0.0621,0.013500000000000002,0.048,,0.009399999999999999,-0.032799999999999996,-0.058600000000000006,0.0,0.0101,-0.0102,0.0255,0.0316,,0.016399999999999998,-0.1422,-0.0787,0.0969,0.1391,,,0.056900000000000006,0.0581,-0.0518,-0.0253,-0.0404,0.0018,0.0006,-0.0414,,0.0009,-0.0334,0.2778,-0.0073,0.08070000000000001,-0.0034000000000000002,0.011399999999999999,-0.038599999999999995,0.19,-0.0115,0.0118,0.030600000000000002,0.0695
1932-02-29,0.2593,0.0675,,0.17800000000000002,0.0394,0.1045,0.0604,-0.0068000000000000005,0.029300000000000003,0.0111,,-0.1012,0.0417,0.0888,-0.011899999999999999,0.031200000000000002,0.11,0.054000000000000006,0.048799999999999996,,-0.0138,0.0859,0.0195,-0.0337,0.0458,,,-0.030299999999999997,-0.0355,0.09119999999999999,0.0708,0.11630000000000001,0.0374,-0.0060999999999999995,0.0358,,-0.0279,-0.0173,-0.0435,0.11779999999999999,-0.042,0.0747,0.0397,0.07429999999999999,0.1531,0.07339999999999999,0.0761,0.1522,0.0481
1932-03-31,-0.1281,-0.0696,,-0.11289999999999999,-0.0492,-0.0732,-0.23170000000000002,-0.12689999999999999,-0.1673,-0.023700000000000002,,-0.016399999999999998,-0.0727,-0.1168,-0.11109999999999999,-0.0398,-0.1479,-0.0978,-0.1649,,-0.12619999999999998,-0.1728,-0.22149999999999997,-0.297,-0.1696,,,-0.058499999999999996,-0.1684,-0.0067,-0.10400000000000001,-0.1013,-0.08810000000000001,-0.025699999999999997,-0.08310000000000001,,-0.1907,-0.051399999999999994,0.0682,-0.0837,-0.1801,-0.1972,-0.0862,-0.0731,-0.1743,-0.1257,-0.0031,-0.16699999999999998,-0.152
1932-04-30,-0.157,-0.13140000000000002,,-0.09820000000000001,-0.09910000000000001,-0.0287,-0.2515,-0.1272,-0.0867,-0.0554,,-0.2048,-0.19649999999999998,-0.3337,-0.3056,-0.12210000000000001,-0.15460000000000002,-0.19079999999999997,-0.1946,,-0.2028,-0.2297,-0.2857,-0.135,-0.1613,,,-0.1487,-0.1797,-0.1417,-0.1565,-0.12390000000000001,-0.3172,-0.1097,-0.19820000000000002,,-0.2516,-0.3322,-0.4468,-0.2925,-0.2473,-0.1121,-0.15259999999999999,-0.19760000000000003,-0.1519,-0.42219999999999996,-0.1425,-0.1457,-0.1351
1932-05-31,-0.36450000000000005,-0.2194,,-0.253,-0.2175,-0.4334,-0.4428,-0.2422,-0.2102,-0.0341,,-0.254,-0.3627,-0.102,-0.196,-0.23149999999999998,-0.18109999999999998,-0.20120000000000002,-0.22699999999999998,,-0.21309999999999998,-0.33740000000000003,-0.1864,-0.2865,-0.2322,,,-0.1116,-0.2147,-0.0492,-0.2729,-0.1081,-0.1525,-0.1272,-0.1267,,-0.14429999999999998,-0.18460000000000001,-0.3846,-0.1565,-0.34740000000000004,-0.2597,-0.2955,-0.2611,-0.3141,-0.3414,-0.5254,-0.2921,-0.1375
1932-06-30,0.0898,-0.0072,,0.19260000000000002,0.057999999999999996,-0.0951,0.1259,-0.2673,-0.15689999999999998,-0.050199999999999995,,0.2168,0.08800000000000001,-0.0507,-0.07690000000000001,-0.044000000000000004,0.044000000000000004,-0.0594,0.0204,,-0.0579,0.1012,-0.07440000000000001,0.08539999999999999,0.1015,,,-0.10210000000000001,-0.034300000000000004,0.061500000000000006,0.0146,-0.0971,0.08439999999999999,-0.19469999999999998,-0.0009,,-0.0398,0.013999999999999999,-0.5625,-0.0352,-0.0217,-0.0696,-0.0039000000000000003,-0.0021,0.1501,0.2255,-0.081,0.0268,-0.008
1932-07-31,0.9134,0.2838,,0.196,0.2468,0.578,0.6659999999999999,0.43579999999999997,0.3486,-0.21,,0.1625,0.31829999999999997,0.2914,0.4167,0.3031,0.35609999999999997,0.2773,0.6213000000000001,,0.43689999999999996,0.5549000000000001,0.446,0.4117,0.47450000000000003,,,0.4612,0.5622,0.33520000000000005,0.2942,0.16699999999999998,0.1175,0.32780000000000004,0.23989999999999997,,0.36700000000000005,0.131,0.4286,0.2147,0.6141,0.1636,0.2737,0.254,0.34450000000000003,0.6204,0.2647,0.5421,0.2825
1932-08-31,0.2249,0.2433,,0.40149999999999997,0.1766,0.138,0.6937000000000001,0.3311,0.2643,0.2722,,0.256,0.38020000000000004,0.3638,0.9843000000000001,0.6201,0.34590000000000004,0.6096,0.591,,0.5213,0.5001,0.4857,0.7237,0.32549999999999996,,,0.29600000000000004,1.2543,0.1729,0.4355,0.2817,0.3037,0.1661,0.377,,0.6268,0.25420000000000004,3.0,0.4326,0.654,0.7108,0.331,0.245,0.30010000000000003,0.39520000000000005,0.4767,0.6725,0.2414
1932-09-30,-0.1893,-0.0040999999999999995,,-0.0305,0.0011,0.055999999999999994,-0.10779999999999999,0.042699999999999995,0.0024,0.0128,,-0.019799999999999998,-0.1358,0.0575,-0.24,-0.1275,0.039599999999999996,-0.08199999999999999,-0.10039999999999999,,-0.0414,-0.0601,0.057699999999999994,0.2626,0.0101,,,-0.056799999999999996,-0.059000000000000004,-0.1059,-0.04650000000000001,0.0031,-0.1607,-0.0282,-0.0667,,-0.056900000000000006,-0.0101,-0.35,-0.03,-0.0258,0.1499,0.03,0.0134,-0.0148,-0.0733,-0.0836,-0.0748,-0.0481
1932-10-31,-0.1937,-0.0898,,-0.1267,-0.1398,-0.17120000000000002,-0.2633,-0.2189,-0.1094,-0.08710000000000001,,-0.1439,-0.19329999999999997,-0.16149999999999998,-0.15789999999999998,-0.12990000000000002,-0.146,-0.23739999999999997,-0.1582,,-0.2238,-0.21309999999999998,-0.2462,-0.2125,-0.21280000000000002,,,-0.0713,-0.21239999999999998,-0.03,-0.10830000000000001,-0.08130000000000001,-0.1757,-0.10869999999999999,-0.1565,,-0.3053,-0.0507,0.0,-0.0393,-0.1961,-0.2016,-0.12539999999999998,-0.1421,-0.031,-0.2534,-0.1013,-0.1777,-0.0603
1932-11-30,0.1361,-0.0748,,-0.0526,-0.0851,0.0702,-0.11320000000000001,-0.0173,-0.0533,-0.042199999999999994,,-0.006999999999999999,0.065,-0.0171,-0.16870000000000002,-0.09630000000000001,-0.0576,-0.0796,-0.225,,-0.0664,-0.09380000000000001,-0.030699999999999998,-0.1002,-0.0461,,,0.0232,-0.1943,-0.0403,-0.0362,-0.0113,0.0086,-0.046,-0.0664,,0.0308,-0.0388,0.0,-0.028300000000000002,-0.09570000000000001,-0.1038,-0.0554,-0.066,-0.14980000000000002,0.0955,-0.1233,-0.032799999999999996,-0.08130000000000001
1932-12-31,0.1399,0.06860000000000001,,0.06509999999999999,0.008199999999999999,-0.22,-0.12140000000000001,-0.13699999999999998,0.0158,-0.016200000000000003,,-0.0901,0.0973,0.1307,0.0192,-0.0688,0.0215,-0.08900000000000001,-0.08310000000000001,,0.0275,0.0735,0.0526,0.2043,-0.0383,,,-0.0155,-0.0725,0.0034000000000000002,0.0915,0.0368,-0.14300000000000002,-0.0179,0.0382,,-0.018600000000000002,0.12269999999999999,-0.3846,0.09359999999999999,0.059000000000000004,-0.1007,0.0512,0.0366,0.0393,0.0576,-0.17300000000000001,0.1063,-0.049800000000000004
1933-01-31,0.1892,-0.0031,,-0.1551,0.11410000000000001,-0.10890000000000001,-0.2488,-0.005699999999999999,-0.0735,0.1058,,0.021099999999999997,-0.016200000000000003,0.0416,0.0755,-0.030600000000000002,-0.0161,0.0403,0.0264,,0.0669,0.0033,0.0083,-0.0178,0.2133,,,-0.0018,0.0949,-0.0327,-0.044000000000000004,0.0031,-0.0383,0.0816,0.0222,,-0.0318,0.06849999999999999,-0.0625,0.1052,0.1436,-0.063,-0.0265,0.0909,0.3057,0.0837,0.09880000000000001,-0.027200000000000002,-0.0366
1933-02-28,-0.10220000000000001,-0.0965,,-0.1159,-0.0855,-0.0917,-0.2006,-0.1985,-0.2121,-0.045,,-0.1856,-0.0977,-0.1646,-0.207,-0.0646,-0.1565,-0.2655,-0.1704,,-0.23370000000000002,-0.22440000000000002,-0.2506,-0.2702,-0.11,,,-0.0818,-0.2341,-0.13019999999999998,-0.1991,-0.07769999999999999,-0.2566,-0.13,-0.1525,,-0.1805,-0.1282,-0.2667,-0.1278,-0.16399999999999998,-0.078,-0.1819,-0.18239999999999998,-0.2159,-0.2286,-0.2787,-0.1935,-0.022000000000000002
1933-03-31,0.2811,0.11109999999999999,,0.2552,0.0786,0.5051,-0.19190000000000002,0.1563,0.1159,0.08869999999999999,,0.0795,-0.0482,0.0504,0.1364,0.0255,0.1384,-0.0055000000000000005,0.1462,,0.23920000000000002,0.0717,0.09609999999999999,0.09380000000000001,0.1539,,,0.0876,0.0967,0.0363,-0.1305,-0.062,-0.0361,0.0438,0.1264,,0.0271,0.038900000000000004,0.8181999999999999,0.0675,0.0698,0.0007000000000000001,0.08869999999999999,0.0069,0.0643,-0.1678,0.051399999999999994,-0.0761,-0.0171
1933-04-30,0.4264,0.3271,,0.2902,0.33049999999999996,0.12179999999999999,0.7946,0.5508,0.584,0.414,,0.2212,0.39520000000000005,0.46649999999999997,0.84,0.5297,0.3998,0.3721,0.8390000000000001,,0.4868,0.5958,0.8190000000000001,0.44439999999999996,0.5036,,,0.2638,0.3574,0.3947,0.2569,0.1322,0.0484,0.12619999999999998,0.424,,0.5031,0.244,0.0,0.4349,0.2791,0.46259999999999996,0.43520000000000003,0.0989,0.4179,0.7511,0.49119999999999997,0.38539999999999996,0.35229999999999995
1933-05-31,0.1331,0.1105,,0.8761,0.0924,0.7526999999999999,0.47869999999999996,0.1843,0.1795,0.26030000000000003,,0.1195,0.2529,0.2883,0.4696,0.3945,0.4241,0.6062,0.2334,,0.3053,0.1894,0.2526,0.2366,0.26539999999999997,,,0.3274,0.3169,0.1707,0.193,0.17370000000000002,0.8467,0.2026,0.2254,,0.48979999999999996,0.2,2.3,0.1418,0.3259,0.5749,0.1666,0.2489,0.2532,0.3036,0.4683,0.2514,0.4533
1933-06-30,0.198,0.1277,,0.3517,0.0481,0.30879999999999996,0.18059999999999998,0.3408,0.0635,0.024399999999999998,,0.0915,0.10550000000000001,0.1175,-0.0149,0.20440000000000003,0.2213,0.12029999999999999,0.1093,,0.1462,0.1011,0.1973,0.0733,0.2636,,,0.1263,0.2503,0.1177,0.1559,0.105,-0.063,0.0821,0.18969999999999998,,0.0008,0.0672,0.0909,0.052300000000000006,0.1381,0.499,0.15689999999999998,0.1159,0.1813,0.1459,0.39130000000000004,0.1869,0.2259
1933-07-31,-0.09050000000000001,-0.0809,,-0.1497,-0.021,-0.2685,-0.050499999999999996,-0.2439,-0.0919,-0.0433,,-0.1246,-0.1991,-0.09179999999999999,-0.2652,-0.1568,-0.1461,-0.1949,-0.1017,,-0.20079999999999998,-0.11359999999999999,-0.068,-0.13390000000000002,-0.1776,,,-0.08789999999999999,-0.2433,-0.1161,-0.1349,-0.0436,-0.1595,-0.07429999999999999,-0.1375,,0.11199999999999999,-0.0788,-0.0417,-0.0556,-0.044800000000000006,-0.13,-0.134,-0.1616,-0.1856,-0.050499999999999996,-0.2632,-0.12300000000000001,0.0391
1933-08-31,0.1943,0.0806,,0.332,0.10189999999999999,0.09949999999999999,0.311,0.2889,0.1127,0.0583,,-0.021400000000000002,-0.0019,0.2104,0.4557,0.1092,0.15130000000000002,0.0664,0.1158,,0.1974,0.13470000000000001,0.2006,0.23129999999999998,0.2433,,,0.17149999999999999,0.1681,0.19149999999999998,-0.0124,0.0453,0.1494,-0.022000000000000002,0.1291,,0.08470000000000001,0.0987,-0.1739,0.10779999999999999,0.1566,0.1252,0.07,0.0803,0.22920000000000001,0.08410000000000001,0.1609,0.07200000000000001,0.1721
1933-09-30,-0.1243,-0.08449999999999999,,-0.057999999999999996,-0.0373,-0.1036,-0.0784,-0.2571,-0.1217,-0.1207,,-0.0213,-0.0124,-0.0774,-0.0571,-0.10220000000000001,-0.1366,-0.3016,-0.0911,,-0.1574,-0.193,-0.1522,-0.2014,-0.11699999999999999,,,0.055999999999999994,-0.2024,-0.0217,-0.19760000000000003,-0.037000000000000005,-0.16570000000000001,-0.1369,-0.1472,,-0.0956,-0.0756,-0.1754,-0.0416,-0.20120000000000002,-0.2177,-0.0849,-0.1201,-0.0285,-0.1521,-0.2144,-0.1963,-0.1273
1933-10-31,-0.013600000000000001,-0.08779999999999999,,-0.0363,-0.11599999999999999,-0.3102,-0.11349999999999999,-0.048799999999999996,-0.0646,-0.0368,,-0.08220000000000001,-0.0575,-0.046900000000000004,-0.1515,-0.09849999999999999,-0.0659,-0.08220000000000001,-0.1291,,-0.0537,-0.10890000000000001,-0.1026,-0.1324,-0.1365,,,-0.045700000000000005,-0.1787,-0.0453,-0.07519999999999999,-0.0718,-0.1075,-0.09820000000000001,-0.060700000000000004,,-0.12789999999999999,-0.0719,-0.3617,-0.026000000000000002,-0.1265,-0.0718,-0.07629999999999999,-0.16760000000000003,-0.1158,-0.0541,-0.0907,-0.1477,-0.056600000000000004
1933-11-30,0.113,0.0547,,-0.0719,0.0447,0.1491,0.0416,-0.0392,0.0753,0.0966,,0.07490000000000001,0.0969,0.1561,0.0461,0.0298,0.1097,0.0058,0.1193,,0.1338,0.12210000000000001,0.2572,0.1746,0.102,,,0.0005,0.08039999999999999,0.14859999999999998,-0.024399999999999998,0.056299999999999996,-0.0116,0.0509,0.18510000000000001,,0.131,0.1039,-0.0333,0.10679999999999999,0.064,0.0739,0.1476,0.06309999999999999,0.0552,0.0063,0.111,0.0784,0.0965
1933-12-31,-0.067,-0.029300000000000003,,-0.0149,-0.049100000000000005,-0.1161,-0.037000000000000005,0.0229,-0.0433,-0.0178,,-0.2146,-0.106,0.0675,0.1638,0.061900000000000004,0.0384,-0.0265,0.0529,,0.0225,0.0038,0.096,0.0144,0.11320000000000001,,,-0.011699999999999999,-0.0347,-0.0116,0.0106,-0.038,-0.1586,0.0095,0.0128,,0.2646,0.0433,0.2414,0.0315,0.06860000000000001,-0.15990000000000001,0.048600000000000004,0.0031,0.11779999999999999,0.0025,0.1074,0.0236,0.056900000000000006
1934-01-31,0.0973,0.10339999999999999,,0.1535,0.0653,0.2863,0.1586,0.26539999999999997,0.1047,0.16140000000000002,,0.3028,0.15380000000000002,0.04650000000000001,0.1852,0.2321,0.1576,0.36469999999999997,0.1293,,0.1864,0.17329999999999998,0.1309,0.5085999999999999,0.1305,,,0.022799999999999997,0.2605,0.0839,0.2054,0.059699999999999996,0.665,0.1293,0.12789999999999999,,0.4079,0.10339999999999999,0.16670000000000001,0.042199999999999994,0.2079,0.3831,0.1691,0.3055,0.3035,0.3274,0.4414,0.20579999999999998,0.1184
1934-02-28,-0.008199999999999999,-0.0712,,-0.1245,-0.032,-0.011399999999999999,0.1024,-0.0144,0.0040999999999999995,-0.0346,,-0.07519999999999999,-0.0313,-0.0271,0.019,0.013300000000000001,-0.066,-0.0668,-0.0196,,-0.041100000000000005,-0.0819,-0.025099999999999997,-0.1925,-0.030600000000000002,,,0.0286,-0.0003,-0.0346,-0.0175,0.0212,-0.0034999999999999996,0.037000000000000005,-0.044800000000000006,,-0.0298,0.0126,0.023799999999999998,0.0218,-0.0315,0.0537,0.03,0.0559,0.1061,-0.022799999999999997,-0.1551,-0.042800000000000005,0.0653
1934-03-31,0.0613,0.0194,,0.028399999999999998,-0.0058,-0.0291,0.0507,0.1097,-0.061,-0.0195,,0.0083,-0.008100000000000001,-0.009399999999999999,-0.0248,0.008199999999999999,-0.0138,-0.0385,-0.0116,,-0.0042,0.0647,-0.0034999999999999996,0.0158,0.0006,,,0.0467,-0.0661,-0.0121,-0.0181,0.0126,0.051699999999999996,-0.034300000000000004,-0.0449,,-0.0341,-0.0335,0.3023,-0.0146,0.0004,0.0232,0.022799999999999997,0.0774,0.044800000000000006,0.0209,-0.0231,-0.006999999999999999,-0.0138
1934-04-30,0.0815,0.0269,,-0.0115,0.040999999999999995,0.1979,-0.048600000000000004,0.0971,-0.0012,-0.0155,,-0.0083,0.09,-0.0322,0.0191,-0.024,-0.01,-0.07629999999999999,-0.0451,,-0.0405,-0.0441,-0.06559999999999999,-0.0868,0.0083,,,-0.029300000000000003,-0.0179,-0.0199,-0.037599999999999995,-0.0125,-0.0076,0.0558,-0.0085,,-0.0039000000000000003,0.07200000000000001,0.08929999999999999,0.0302,-0.0139,0.0225,-0.011699999999999999,-0.061500000000000006,0.0254,0.0305,-0.0833,-0.0273,-0.0194
1934-05-31,-0.0286,-0.043899999999999995,,-0.17579999999999998,0.014199999999999999,-0.1177,-0.021,-0.0833,-0.060700000000000004,-0.0519,,-0.042199999999999994,0.0006,-0.0705,-0.1131,-0.1209,-0.10439999999999999,-0.1501,-0.127,,-0.132,-0.0812,-0.13140000000000002,-0.0925,-0.14150000000000001,,,0.0115,-0.0906,-0.0452,-0.0779,-0.043,-0.07919999999999999,-0.0375,-0.0784,,-0.1092,0.0282,-0.22949999999999998,-0.07629999999999999,-0.0898,-0.09369999999999999,-0.0783,-0.1364,-0.09369999999999999,-0.057999999999999996,-0.068,-0.08689999999999999,-0.0701
1934-06-30,0.0351,0.037200000000000004,,-0.0282,0.0516,-0.142,-0.13470000000000001,-0.013500000000000002,0.0629,0.0233,,0.0152,0.0208,0.0441,-0.0286,0.0203,0.0525,0.024700000000000003,0.063,,0.025,0.0141,-0.0288,-0.0545,-0.026099999999999998,,,0.0364,0.035,0.0115,0.0432,0.0127,0.10060000000000001,0.0212,0.0857,,0.0553,0.0305,-0.2553,0.0438,0.0331,-0.0304,0.0258,-0.0279,0.1056,0.0393,-0.0759,0.041299999999999996,0.08109999999999999
1934-07-31,-0.0775,-0.0528,,-0.24350000000000002,-0.0087,-0.2014,-0.2515,-0.17379999999999998,-0.0886,-0.08539999999999999,,-0.0492,-0.016,-0.051399999999999994,-0.0882,-0.1783,-0.163,-0.2749,-0.16260000000000002,,-0.18289999999999998,-0.1421,-0.1434,-0.18989999999999999,-0.1646,,,-0.1058,-0.23120000000000002,-0.09449999999999999,-0.1726,-0.0435,-0.2382,-0.0928,-0.1276,,-0.1352,-0.0051,-0.2,-0.0322,-0.1954,-0.1594,-0.0809,-0.1661,-0.08289999999999999,-0.1131,-0.2659,-0.1796,-0.0582
1934-08-31,0.10679999999999999,0.0375,,0.14279999999999998,0.0363,0.0264,0.22690000000000002,0.0339,0.0755,0.0179,,-0.0305,-0.030699999999999998,0.062,0.1202,0.057999999999999996,0.10640000000000001,0.12240000000000001,0.0882,,0.1065,0.0717,0.11199999999999999,0.0818,0.0004,,,0.09910000000000001,0.08529999999999999,0.060700000000000004,0.0203,0.0256,0.08070000000000001,-0.3064,0.0731,,0.1446,0.028399999999999998,0.25,0.049699999999999994,0.031,0.0975,0.046,0.0821,0.09519999999999999,0.0085,0.0858,0.0516,0.061399999999999996
1934-09-30,0.021400000000000002,-0.0204,,-0.0176,0.0265,-0.08929999999999999,0.10640000000000001,-0.0077,-0.0323,0.0177,,0.046,0.0045000000000000005,0.008100000000000001,0.0036,0.0431,-0.0231,-0.0026,-0.0429,,0.026600000000000002,-0.008199999999999999,0.0058,-0.06480000000000001,-0.0016,,,-0.036000000000000004,0.04019999999999999,-0.0245,0.0161,0.0179,-0.0709,0.0040999999999999995,-0.0008,,0.0298,0.0101,-0.2571,0.0158,0.0045000000000000005,0.004699999999999999,0.0269,-0.0252,0.0019,0.024300000000000002,-0.0287,-0.045700000000000005,-0.005600000000000001
1934-10-31,-0.0582,-0.0042,,0.0321,0.0286,-0.07780000000000001,-0.0492,-0.0154,0.0621,0.0263,,0.0572,-0.013300000000000001,0.0036,0.0545,-0.043899999999999995,0.0359,-0.15,-0.0601,,0.0182,-0.0472,-0.024900000000000002,-0.0416,0.0509,,,-0.0652,-0.0045000000000000005,-0.04769999999999999,-0.076,-0.0144,0.026000000000000002,0.46630000000000005,0.0652,,0.0154,0.0576,0.0,0.0147,-0.033,0.0793,0.0163,-0.0331,0.0816,0.09050000000000001,-0.1035,-0.027000000000000003,0.0288
1934-11-30,0.0254,0.07719999999999999,,0.2009,0.09050000000000001,0.27449999999999997,0.1313,0.1839,0.1216,0.065,,0.08789999999999999,0.0356,0.087,0.1655,0.1568,0.1508,0.0901,0.1309,,0.2173,0.1558,0.177,0.2957,0.1728,,,-0.009899999999999999,0.053399999999999996,0.0706,-0.0029,-0.0173,0.0042,0.0397,0.1324,,0.1629,0.064,1.1538,0.0791,0.0575,0.1167,0.0968,0.1051,0.1335,0.12960000000000002,0.1711,0.0466,0.1493
1934-12-31,0.0557,-0.005699999999999999,,0.021,-0.028999999999999998,-0.1383,-0.0031,0.0078000000000000005,0.006500000000000001,0.034300000000000004,,0.0003,0.0068000000000000005,-0.0033,0.029900000000000003,-0.044800000000000006,0.0113,-0.1069,0.0416,,0.0837,0.0545,0.0356,0.047400000000000005,-0.006,,,0.0231,0.011699999999999999,0.0067,-0.0864,-0.006,0.20420000000000002,-0.2967,0.0031,,-0.0109,0.013300000000000001,0.10710000000000001,0.044500000000000005,-0.003,0.0347,-0.0121,0.042699999999999995,0.0416,-0.019299999999999998,0.0241,0.009300000000000001,-0.013000000000000001
1935-01-31,-0.0341,-0.0002,,-0.08289999999999999,-0.0218,0.0028000000000000004,-0.0774,-0.0542,0.0165,-0.0095,,0.0104,-0.0106,-0.013999999999999999,-0.0756,-0.0204,-0.029900000000000003,-0.0828,-0.0576,,-0.0083,0.026600000000000002,-0.0897,-0.0559,-0.013000000000000001,,,-0.054900000000000004,-0.076,-0.0431,-0.0317,-0.0046,-0.1159,-0.0634,-0.027000000000000003,,-0.08259999999999999,0.0045000000000000005,-0.22579999999999997,0.0132,-0.0761,-0.10679999999999999,-0.053099999999999994,-0.0504,0.0109,-0.0559,-0.0557,-0.0848,-0.0546
1935-02-28,0.1115,0.0196,,0.0172,0.0079,-0.11349999999999999,-0.044800000000000006,-0.0206,0.0583,-0.0101,,-0.0006,0.0478,-0.0004,-0.0315,-0.0535,-0.0365,-0.1757,-0.0678,,0.0055000000000000005,-0.022400000000000003,-0.0365,-0.0767,-0.0897,,,-0.0116,-0.0942,-0.0326,-0.1219,0.0104,-0.09369999999999999,0.0297,0.0207,,0.0564,0.07440000000000001,-0.3333,0.0588,-0.0679,-0.023399999999999997,-0.0059,-0.0291,0.0339,0.0062,-0.1388,-0.056299999999999996,-0.021400000000000002
1935-03-31,0.020499999999999997,-0.0513,,-0.0096,-0.0592,-0.0155,-0.046900000000000004,-0.0592,-0.0693,-0.0276,,-0.0074,-0.034,-0.0304,-0.0757,-0.0971,-0.0712,0.0406,-0.0414,,-0.0761,-0.0616,-0.0629,-0.0688,-0.0932,,,0.0387,-0.1124,-0.036699999999999997,0.12359999999999999,-0.0072,-0.1508,0.035699999999999996,-0.0232,,0.09609999999999999,-0.0011,0.031200000000000002,-0.0233,-0.0926,-0.0806,-0.0431,-0.0436,-0.016399999999999998,-0.0771,-0.1392,0.0064,-0.0461
1935-04-30,0.0489,0.044199999999999996,,-0.0371,0.0902,0.026699999999999998,0.1013,0.0886,0.059000000000000004,0.046,,-0.049699999999999994,0.0405,0.0873,0.0819,0.061500000000000006,0.1067,0.1809,0.1429,,0.0993,0.0909,0.0542,0.1475,-0.0789,,,0.0913,0.08220000000000001,0.1562,0.1115,0.0913,0.1595,0.061,0.0882,,0.1317,0.1524,0.030299999999999997,0.039900000000000005,0.09699999999999999,0.028999999999999998,0.0712,-0.037599999999999995,0.0345,0.0821,0.1362,0.0755,0.08039999999999999
1935-05-31,-0.009899999999999999,0.0042,,-0.016200000000000003,0.0218,0.0857,0.1272,0.0246,-0.0098,0.0207,,0.04019999999999999,-0.0487,0.030699999999999998,-0.047,0.0146,0.0317,0.11699999999999999,-0.0032,,0.0286,0.037000000000000005,0.027200000000000002,-0.08070000000000001,0.0843,,,0.0391,-0.0723,0.0368,0.1377,0.08380000000000001,-0.0484,0.0653,0.0058,,0.0235,0.0109,0.8234999999999999,0.0258,0.0252,-0.0171,0.0262,0.0106,0.0308,0.08310000000000001,0.221,0.065,0.057
1935-06-30,0.0219,0.0717,,0.1082,0.044000000000000004,-0.0943,0.0992,-0.0058,0.0305,0.0208,,0.059500000000000004,0.0388,0.062400000000000004,0.021,0.0736,0.08130000000000001,0.0278,0.0277,,0.1201,0.091,0.10039999999999999,0.0652,0.0819,,,-0.0016,0.0466,0.014499999999999999,0.0913,0.053200000000000004,0.0341,0.0691,0.0756,,0.1063,0.06309999999999999,-0.0645,0.1057,0.0759,0.0096,0.0635,0.0452,0.061799999999999994,0.094,-0.1266,0.0784,0.0508
1935-07-31,-0.15259999999999999,0.015600000000000001,,0.021,0.0759,-0.054900000000000004,0.0397,0.032400000000000005,0.079,0.042699999999999995,,-0.1184,0.0481,0.049699999999999994,0.06849999999999999,0.0969,0.1219,0.27940000000000004,0.1857,,0.15560000000000002,0.141,0.1865,0.1375,0.1661,,,0.0006,0.0673,0.0005,0.09230000000000001,0.0574,0.3784,0.7570999999999999,0.018500000000000003,,0.11779999999999999,0.0068000000000000005,0.10339999999999999,0.0576,0.0895,0.0060999999999999995,0.0761,0.0287,0.042300000000000004,0.084,0.1819,0.1038,0.0392
1935-08-31,-0.013999999999999999,-0.0365,,0.0971,-0.001,0.2577,0.1285,-0.037200000000000004,0.0158,-0.009899999999999999,,0.053,-0.0021,0.0512,0.0516,0.012,0.0097,0.1063,0.0653,,0.0229,0.0464,0.0877,0.0882,-0.0767,,,0.056100000000000004,0.0227,-0.0196,0.0723,0.0407,0.0387,-0.37329999999999997,0.0105,,-0.0163,0.0017000000000000001,0.0,-0.0298,0.0103,0.1321,0.0294,0.055,0.032,-0.0051,0.1033,0.0908,-0.0019
1935-09-30,-0.0516,0.0167,,0.0799,0.015300000000000001,0.08900000000000001,0.1027,-0.0102,0.0025,0.0015,,-0.0199,0.013999999999999999,0.0702,0.10490000000000001,0.1555,0.0308,-0.1182,0.0412,,0.058600000000000006,0.08410000000000001,0.1093,0.0526,-0.1206,,,-0.0004,-0.001,-0.0339,-0.0204,0.042699999999999995,0.0011,0.0333,0.0581,,0.0944,0.0663,0.5,0.025,0.0105,0.0329,-0.0067,0.0271,-0.0192,0.0194,-0.051100000000000007,-0.0279,0.027200000000000002
1935-10-31,0.0291,0.0629,,0.1607,0.0158,0.0202,0.0374,0.0942,0.0052,0.0322,,0.0541,0.0603,0.039900000000000005,0.10339999999999999,0.0713,0.12789999999999999,0.5009,0.057699999999999994,,0.0823,0.0806,0.1367,-0.003,0.12960000000000002,,,-0.009000000000000001,-0.0441,0.1382,0.1416,0.0311,-0.0016,0.5683,0.1355,,0.18989999999999999,0.062400000000000004,-0.25,0.043899999999999995,-0.0087,0.0533,0.0111,0.0582,-0.0637,0.040999999999999995,0.2917,0.17550000000000002,0.0611
1935-11-30,-0.006,0.0229,,-0.0242,-0.0052,0.47159999999999996,0.1343,0.10869999999999999,-0.0305,0.0227,,0.011899999999999999,0.0179,0.0241,0.16440000000000002,0.014499999999999999,0.057800000000000004,-0.0558,0.0735,,0.0536,0.0843,0.035699999999999996,0.155,0.11939999999999999,,,0.099,0.1148,0.0268,0.0083,0.09720000000000001,0.20600000000000002,0.1091,0.0335,,0.0802,-0.0331,-0.15380000000000002,0.0079,0.147,0.11800000000000001,0.0258,0.16519999999999999,0.0487,0.0152,0.1725,0.19390000000000002,0.08
1935-12-31,-0.0176,0.0462,,-0.013999999999999999,-0.0034000000000000002,-0.0625,0.022799999999999997,0.009899999999999999,0.0472,0.023799999999999998,,0.0085,0.024900000000000002,0.0113,0.057,0.036699999999999997,0.08650000000000001,0.266,0.045899999999999996,,0.0378,0.044800000000000006,0.0626,0.22399999999999998,0.057800000000000004,,,0.0719,-0.013300000000000001,0.14300000000000002,0.056299999999999996,-0.0014000000000000002,-0.0195,0.0088,0.0414,,0.0337,-0.0183,0.2273,-0.0431,0.0304,0.0042,-0.0109,0.0169,-0.0273,0.0252,0.2676,0.0919,0.0059
1936-01-31,0.1449,0.0235,,-0.0662,0.0334,0.0001,0.1377,0.0223,0.0215,0.0405,,0.0483,0.0334,0.0546,-0.0124,0.09179999999999999,0.0697,0.17670000000000002,0.0676,,0.08289999999999999,0.0741,0.040999999999999995,0.0315,0.138,,,0.1025,0.0823,0.1418,0.12539999999999998,0.0417,-0.0014000000000000002,0.1315,0.047,,0.2324,0.0104,0.4012,-0.057999999999999996,0.1559,0.0776,-0.0331,0.18530000000000002,0.0466,0.0246,0.1184,0.0806,0.0012
1936-02-29,-0.0378,0.0316,,0.0913,-0.0329,0.16269999999999998,0.0184,-0.0217,-0.0115,0.0435,,0.0832,0.0302,0.029500000000000002,0.0335,0.0076,0.0605,-0.059800000000000006,0.1045,,0.0661,-0.0088,0.0397,0.04019999999999999,0.0967,,,0.0297,0.09,0.0113,-0.066,0.06570000000000001,0.0639,-0.0273,0.0521,,-0.0175,0.0174,0.039599999999999996,-0.0037,0.046900000000000004,-0.0256,0.0091,0.0625,-0.0178,-0.0154,0.0128,-0.0039000000000000003,-0.0567
1936-03-31,0.0032,-0.0141,,-0.0072,-0.0409,-0.0134,-0.0552,0.0256,0.03,-0.013600000000000001,,0.0013,0.0384,0.0285,-0.0040999999999999995,0.016,-0.011000000000000001,0.10220000000000001,0.0184,,0.0779,-0.0055000000000000005,0.1027,0.0933,-0.0726,,,-0.0409,-0.0599,0.0176,0.006500000000000001,-0.034300000000000004,-0.023,0.0033,-0.029900000000000003,,0.0196,0.0579,-0.0508,0.0091,-0.031400000000000004,-0.0095,0.011200000000000002,0.0397,0.0359,-0.0489,-0.132,-0.0363,0.0172
1936-04-30,-0.0441,-0.0458,,-0.1011,-0.0255,-0.1383,-0.1182,-0.114,-0.10439999999999999,-0.0593,,-0.1444,-0.0872,-0.0652,0.0248,-0.1114,-0.1137,-0.1127,-0.10890000000000001,,-0.1074,-0.094,-0.0987,-0.1495,-0.1052,,,-0.0546,-0.14279999999999998,-0.1017,-0.08349999999999999,-0.056299999999999996,-0.0529,-0.0564,-0.0776,,-0.0239,-0.0684,-0.25,-0.0181,-0.0747,-0.1185,-0.050300000000000004,-0.1137,0.0603,-0.1079,-0.2536,-0.1184,-0.09210000000000002
1936-05-31,0.11689999999999999,0.056299999999999996,,-0.019799999999999998,0.0472,-0.0373,-0.0138,-0.0097,-0.0194,0.016,,0.039,0.048799999999999996,0.0642,0.11699999999999999,0.0302,0.044500000000000005,0.11019999999999999,0.0662,,0.08109999999999999,0.0678,0.041100000000000005,0.11699999999999999,0.1247,,,0.0375,0.0277,-0.0062,0.0953,0.0646,0.18100000000000002,0.0377,0.006500000000000001,,0.0301,0.030299999999999997,0.1905,0.030699999999999998,0.0661,0.0843,0.067,0.0579,0.3043,0.08220000000000001,0.1149,0.060700000000000004,-0.025099999999999997
1936-06-30,0.0072,0.0322,,-0.045599999999999995,0.026699999999999998,-0.0206,0.039900000000000005,-0.037000000000000005,0.059000000000000004,-0.005,,-0.0246,0.016,0.037000000000000005,-0.0766,0.0049,0.0022,0.0008,-0.011200000000000002,,0.0159,0.0086,0.0681,-0.061399999999999996,0.0187,,,-0.0296,-0.0203,0.0178,0.0362,0.024300000000000002,0.07490000000000001,-0.0453,-0.0088,,0.0181,0.057699999999999994,-0.07,0.0045000000000000005,0.0207,0.0302,0.053899999999999997,0.0148,-0.0506,0.057,-0.0015,0.08310000000000001,-0.037000000000000005
1936-07-31,0.083,0.018799999999999997,,0.0689,0.0305,0.1318,0.1331,0.07780000000000001,0.021400000000000002,0.012199999999999999,,-0.122,0.053899999999999997,0.0906,0.1067,0.0802,0.09939999999999999,0.0655,0.10550000000000001,,0.0147,0.145,0.0504,0.1797,0.0635,,,0.056900000000000006,0.08310000000000001,0.047,0.1159,0.024399999999999998,0.292,-0.205,0.058600000000000006,,0.13119999999999998,0.0635,0.2903,-0.0169,0.12380000000000001,0.0942,0.0626,0.0968,0.0843,-0.025099999999999997,0.011000000000000001,0.0839,-0.028300000000000002
1936-08-31,-0.0297,0.0139,,0.0883,0.0,0.08779999999999999,0.08,0.0461,0.0206,-0.0189,,0.010700000000000001,-0.0158,-0.013999999999999999,-0.0467,0.0084,0.0182,-0.0337,0.063,,0.0106,0.0425,-0.004,-0.0192,0.07490000000000001,,,0.025,0.050300000000000004,-0.0075,-0.0102,0.0176,0.0658,0.0564,-0.0347,,0.0467,-0.0167,-0.025,-0.027999999999999997,0.0207,0.0395,0.0248,0.023,0.0176,-0.0055000000000000005,0.0739,-0.0064,0.020499999999999997
1936-09-30,-0.0737,-0.0091,,0.0163,-0.0078000000000000005,0.2896,0.029500000000000002,0.027999999999999997,0.0287,0.0045000000000000005,,0.020499999999999997,0.0072,0.0189,0.060599999999999994,0.0611,-0.0042,-0.0212,0.0132,,0.0405,-0.0242,0.032400000000000005,0.0626,0.0613,,,-0.025699999999999997,0.0451,0.01,-0.020499999999999997,0.0031,0.22699999999999998,-0.0040999999999999995,0.0641,,0.0345,-0.0356,0.021400000000000002,0.019799999999999998,0.0078000000000000005,0.0353,0.0256,0.08560000000000001,0.0906,-0.032799999999999996,-0.09369999999999999,-0.0046,0.0196
1936-10-31,0.059000000000000004,0.0421,,0.0279,0.0126,0.047400000000000005,0.0823,0.0443,0.1235,0.0253,,0.0414,0.037599999999999995,0.055999999999999994,-0.0143,0.08289999999999999,0.0679,0.08130000000000001,0.1261,,0.0815,0.066,0.052199999999999996,-0.0346,0.0129,,,0.22719999999999999,-0.0036,0.124,0.057300000000000004,0.0509,0.1954,0.0077,0.050300000000000004,,0.0739,0.013300000000000001,-0.046,0.0381,0.0663,0.0703,0.1143,0.049,-0.0207,0.0658,0.1681,0.0992,0.0308
1936-11-30,0.069,0.0436,,0.0795,0.032400000000000005,0.12210000000000001,0.12539999999999998,0.0202,0.028399999999999998,0.0405,,0.0546,0.0329,0.048,0.0757,0.11710000000000001,0.08310000000000001,0.22769999999999999,0.0466,,0.057300000000000004,0.0557,-0.0098,0.0755,0.0759,,,0.0298,0.0416,0.014499999999999999,-0.028399999999999998,0.0387,0.0552,0.0434,0.059699999999999996,,0.0223,0.053899999999999997,0.114,0.0313,-0.038,0.17420000000000002,0.1094,0.0986,0.0301,0.0955,0.423,0.0649,0.0699
1936-12-31,0.0025,-0.0078000000000000005,,-0.0596,-0.0287,0.0334,0.0434,-0.0285,0.0393,0.016200000000000003,,-0.053,-0.019299999999999998,-0.0222,0.0274,-0.008,0.0101,0.1678,0.0451,,0.0513,0.0325,-0.0739,0.0259,0.0971,,,0.0159,0.0,0.092,-0.0163,-0.0042,-0.0547,0.030699999999999998,0.040999999999999995,,-0.008,-0.0195,0.252,-0.009399999999999999,-0.021099999999999997,-0.0181,-0.0832,-0.048600000000000004,-0.0584,-0.0083,0.1517,-0.0171,0.0536
1937-01-31,0.0006,0.027000000000000003,,0.0147,0.0265,0.015300000000000001,0.034300000000000004,0.030299999999999997,0.1252,0.0044,,0.15869999999999998,0.0301,0.0169,-0.0533,0.050199999999999995,0.0815,0.0458,0.0621,,0.0431,0.1223,0.073,0.0576,0.044500000000000005,,,0.0005,0.023,0.0241,0.026099999999999998,-0.0085,0.0762,0.006500000000000001,0.009300000000000001,,0.0635,-0.04,0.0252,-0.009000000000000001,0.012199999999999999,0.049100000000000005,-0.0002,0.0086,-0.0079,0.0052,0.12269999999999999,0.0085,0.0662
1937-02-28,-0.008199999999999999,0.025099999999999997,,0.0667,-0.0189,-0.008199999999999999,0.011399999999999999,-0.0168,-0.0207,0.0172,,0.0613,-0.0414,-0.0070999999999999995,-0.024900000000000002,-0.011200000000000002,-0.0285,-0.0366,0.1079,,-0.0032,-0.0232,-0.0018,-0.0017000000000000001,0.0032,,,0.1185,0.0027,0.013600000000000001,-0.0421,-0.030600000000000002,0.087,0.039599999999999996,0.026099999999999998,,-0.011699999999999999,0.008199999999999999,0.135,-0.022400000000000003,0.059699999999999996,-0.0401,0.0305,0.046799999999999994,-0.054900000000000004,0.0059,-0.0481,0.022400000000000003,0.0668
1937-03-31,0.0643,0.018799999999999997,,0.0412,-0.0676,0.021099999999999997,0.0095,-0.0674,-0.0038,-0.0223,,-0.051100000000000007,-0.050300000000000004,-0.0225,-0.062,-0.0455,0.004699999999999999,-0.1307,0.0581,,-0.0048,-0.0487,-0.030600000000000002,-0.0351,-0.0495,,,0.0613,0.0646,0.0349,-0.0632,-0.021,0.031,-0.0723,-0.0602,,0.055099999999999996,-0.0231,-0.0919,0.035699999999999996,0.0518,0.038,-0.0275,-0.044500000000000005,-0.018799999999999997,-0.0652,-0.1375,-0.0374,-0.0196
1937-04-30,-0.0519,-0.0747,,-0.0907,-0.0414,-0.1535,-0.045899999999999996,-0.1124,-0.0158,-0.0332,,-0.019799999999999998,-0.0338,-0.0464,-0.0661,-0.08449999999999999,-0.0974,-0.10099999999999999,-0.1532,,-0.0356,-0.0767,-0.08,-0.1422,-0.0908,,,-0.1552,-0.1039,-0.0525,-0.0748,-0.0525,-0.0986,-0.0998,-0.0828,,-0.0874,-0.061,-0.006,-0.0736,-0.0482,-0.1012,-0.071,-0.1247,-0.026099999999999998,-0.0658,-0.1732,-0.08789999999999999,-0.0806
1937-05-31,-0.0087,-0.002,,-0.0026,0.0002,0.0425,-0.0085,-0.1288,-0.035,-0.0051,,-0.0216,0.018500000000000003,0.023700000000000002,0.1125,-0.0318,0.019299999999999998,-0.1358,0.0073,,0.011399999999999999,-0.0098,-0.0218,-0.039900000000000005,0.0006,,,-0.0138,-0.019799999999999998,-0.002,-0.053,0.015300000000000001,0.027200000000000002,-0.0277,0.009399999999999999,,0.0325,0.12179999999999999,-0.020499999999999997,0.0086,-0.0385,-0.0098,-0.0475,0.0229,0.029300000000000003,-0.0046,-0.052000000000000005,-0.0697,0.0018
1937-06-30,-0.0483,-0.029300000000000003,,-0.0705,-0.0179,-0.1534,-0.07690000000000001,-0.11960000000000001,-0.0432,-0.06309999999999999,,-0.085,-0.0394,-0.0304,-0.030299999999999997,-0.0621,-0.0755,-0.0904,-0.0222,,-0.034,-0.0055000000000000005,-0.1069,-0.015300000000000001,-0.0906,,,-0.0536,-0.098,-0.026099999999999998,-0.0527,0.014199999999999999,-0.1101,-0.0441,-0.0698,,-0.0883,0.0104,0.0401,-0.0509,-0.1158,0.003,-0.0146,-0.0738,-0.042300000000000004,0.0070999999999999995,-0.0958,-0.0643,-0.030699999999999998
1937-07-31,0.004699999999999999,0.037000000000000005,,0.0794,0.0716,0.0633,0.1469,-0.0011,0.0875,0.0659,,0.058899999999999994,0.0405,0.050300000000000004,0.0547,0.1008,0.11359999999999999,0.29719999999999996,0.1281,,0.09759999999999999,0.096,0.1297,0.10890000000000001,0.039,,,0.09939999999999999,0.0265,0.0848,0.19329999999999997,0.0327,-0.016399999999999998,0.0817,0.1274,,0.1659,0.0435,0.0397,0.1015,0.0438,0.0812,0.105,0.059000000000000004,0.04190000000000001,0.0704,0.1963,0.2589,0.0268
1937-08-31,-0.0748,-0.0197,,-0.0239,-0.0219,-0.0556,-0.022099999999999998,-0.0288,-0.0553,-0.0358,,-0.0634,0.0149,-0.0273,0.0815,-0.0416,-0.0452,-0.1457,-0.057300000000000004,,-0.04190000000000001,-0.0643,-0.0254,-0.0815,-0.0576,,,-0.0349,-0.0054,-0.0665,-0.102,-0.0254,-0.016200000000000003,-0.0192,-0.030299999999999997,,-0.0264,0.0333,-0.023,-0.025099999999999997,-0.07,-0.0404,-0.042800000000000005,-0.0438,-0.0298,0.0046,-0.092,-0.2434,-0.0088
1937-09-30,-0.0444,-0.1115,,-0.11359999999999999,-0.038599999999999995,-0.2663,-0.155,-0.2086,-0.1351,-0.09970000000000001,,-0.09939999999999999,-0.1085,-0.0949,-0.16670000000000001,-0.2051,-0.1961,-0.2677,-0.248,,-0.1562,-0.15810000000000002,-0.1274,-0.2285,-0.2498,,,-0.1787,-0.1679,-0.131,-0.1176,-0.021,-0.20379999999999998,-0.1058,-0.12140000000000001,,-0.21309999999999998,-0.0487,-0.2536,-0.10279999999999999,-0.16149999999999998,-0.2026,-0.14,-0.14679999999999999,-0.10949999999999999,-0.1691,-0.252,-0.1649,-0.1801
1937-10-31,-0.09939999999999999,-0.0727,,-0.099,-0.0441,-0.0794,-0.10710000000000001,-0.1548,-0.0701,-0.1112,,-0.029900000000000003,-0.035699999999999996,-0.1193,-0.05,-0.1366,-0.1413,-0.08800000000000001,-0.1722,,-0.17079999999999998,-0.0701,-0.1322,-0.0718,-0.1421,,,0.0336,-0.13449999999999998,-0.069,-0.048,-0.0536,-0.23879999999999998,-0.059500000000000004,-0.0873,,-0.20370000000000002,-0.04,-0.1406,-0.058499999999999996,-0.1419,-0.0675,-0.069,-0.06,-0.0787,-0.0438,-0.0999,-0.0949,-0.0858
1937-11-30,-0.0942,-0.0504,,-0.0325,-0.04769999999999999,-0.1752,-0.1953,-0.1295,-0.0827,-0.1297,,-0.075,-0.050199999999999995,-0.09720000000000001,-0.1883,-0.1532,-0.0552,0.0935,-0.0842,,-0.1283,-0.0194,-0.1606,-0.0731,-0.048,,,-0.016,-0.1038,-0.1157,0.0296,-0.0359,-0.14550000000000002,-0.0444,-0.1195,,-0.1265,-0.0864,0.0361,-0.1215,-0.0713,-0.0965,-0.1464,-0.0645,-0.0973,-0.0761,0.0,-0.0547,-0.0702
1937-12-31,0.06280000000000001,-0.0302,,-0.07400000000000001,-0.0073,-0.0839,-0.1242,-0.09179999999999999,-0.0542,-0.0378,,-0.20199999999999999,-0.0154,0.0088,-0.1326,-0.10300000000000001,-0.0943,0.1812,-0.018500000000000003,,-0.0431,-0.0333,-0.16329999999999997,0.2341,-0.008100000000000001,,,-0.012199999999999999,-0.1105,-0.0116,-0.1073,-0.0155,-0.17859999999999998,-0.0444,-0.0526,,-0.0189,0.0629,-0.094,-0.1356,-0.08560000000000001,-0.1702,-0.06480000000000001,-0.09380000000000001,-0.1121,0.0001,-0.19079999999999997,-0.0567,-0.1336
1938-01-31,0.08869999999999999,0.035,,-0.0144,0.0016,0.0037,0.052199999999999996,0.1121,0.044199999999999996,0.0756,,0.053899999999999997,0.0344,-0.0167,0.0414,0.0919,-0.0623,-0.1457,-0.0088,,-0.030299999999999997,-0.035699999999999996,0.12029999999999999,-0.0504,-0.046900000000000004,,,0.0819,0.0086,0.004699999999999999,-0.0572,-0.024300000000000002,0.046,0.0286,0.0417,,-0.13470000000000001,-0.009300000000000001,-0.0163,0.0882,-0.0208,0.057300000000000004,0.060899999999999996,0.006500000000000001,0.0304,0.0212,-0.015,-0.030899999999999997,-0.0084
1938-02-28,0.0287,0.0451,,0.0931,0.016,0.030899999999999997,0.0271,-0.0089,0.0384,0.0222,,-0.0097,0.09,0.0782,0.0583,0.0596,0.1252,0.056799999999999996,0.0757,,0.1167,0.0435,0.0378,0.0484,0.1381,,,-0.0265,0.0178,0.09539999999999998,0.0363,-0.0232,0.0078000000000000005,0.0285,0.0883,,0.2115,-0.014199999999999999,0.0894,0.0931,0.0729,0.0689,0.096,0.0842,0.0836,0.1106,0.042,0.0447,0.0536
1938-03-31,-0.20440000000000003,-0.1624,,-0.2468,-0.12560000000000002,-0.3204,-0.315,-0.2781,-0.21539999999999998,-0.1776,,-0.20879999999999999,-0.1431,-0.22579999999999997,-0.1765,-0.26,-0.2652,-0.3577,-0.3032,,-0.2631,-0.3099,-0.2746,-0.22899999999999998,-0.3442,,,-0.2415,-0.33130000000000004,-0.2544,-0.1966,-0.17670000000000002,-0.34850000000000003,-0.0861,-0.19030000000000002,,-0.23550000000000001,-0.2141,-0.2813,-0.1813,-0.3532,-0.2394,-0.2232,-0.2371,-0.23309999999999997,-0.2986,-0.2608,-0.2615,-0.2507
1938-04-30,0.1882,0.1311,,0.1208,0.1039,0.34009999999999996,0.22760000000000002,0.214,0.1827,0.1067,,0.1766,0.11630000000000001,0.0691,0.0536,0.1223,0.2173,0.3323,0.1623,,0.1493,0.17170000000000002,0.1477,0.3406,0.1859,,,0.16219999999999998,0.1832,0.163,0.1478,0.13470000000000001,0.1316,0.0593,0.1093,,0.1409,0.209,0.2316,0.1186,0.11900000000000001,0.1382,0.16399999999999998,0.1585,0.1437,0.2113,0.1574,0.1752,0.1664
1938-05-31,0.0004,-0.0032,,-0.032400000000000005,0.016399999999999998,-0.1124,-0.0729,-0.1092,-0.0183,-0.0572,,0.009399999999999999,0.0173,-0.0365,-0.0834,-0.0729,-0.095,-0.0706,-0.1075,,-0.09359999999999999,-0.0349,-0.0695,-0.0478,-0.0873,,,-0.0318,-0.08560000000000001,-0.058899999999999994,0.0215,0.0083,-0.0202,0.32,-0.0168,,-0.0248,-0.022000000000000002,-0.10039999999999999,-0.0154,-0.047,-0.0414,-0.0392,-0.024399999999999998,-0.012199999999999999,-0.015,0.0105,-0.09230000000000001,-0.0862
1938-06-30,0.10640000000000001,0.1294,,0.1801,0.11359999999999999,0.3245,0.31079999999999997,0.3187,0.1413,0.1477,,0.1841,0.098,0.3002,0.19399999999999998,0.37479999999999997,0.4125,0.35509999999999997,0.4133,,0.34259999999999996,0.3105,0.3602,0.1351,0.3937,,,0.19269999999999998,0.2891,0.2198,0.16949999999999998,0.1257,0.4697,0.079,0.1796,,0.3858,0.1869,0.4789,0.2006,0.272,0.2703,0.2415,0.16329999999999997,0.2446,0.3165,0.2125,0.2722,0.3411
1938-07-31,-0.0064,0.0513,,0.11699999999999999,0.07690000000000001,0.0506,0.0401,0.1216,0.0951,0.1281,,0.0806,0.0572,0.0611,0.1281,0.1663,0.08380000000000001,0.08900000000000001,0.0652,,0.051,0.04769999999999999,0.204,0.0992,0.0783,,,0.0962,0.1048,0.0733,0.0067,0.0128,0.20679999999999998,0.11539999999999999,0.1329,,0.0444,0.044199999999999996,0.1285,0.034300000000000004,0.11630000000000001,0.086,0.08990000000000001,0.1321,0.16899999999999998,0.0178,0.0684,0.0409,0.1063
1938-08-31,-0.0907,-0.0447,,-0.049800000000000004,-0.0217,-0.0753,0.0337,-0.0546,-0.0049,-0.0461,,-0.037200000000000004,0.0051,0.0038,-0.0987,-0.0696,0.0171,-0.09369999999999999,-0.034,,-0.0528,-0.0045000000000000005,0.057699999999999994,-0.0479,-0.07690000000000001,,,-0.0159,-0.054000000000000006,-0.0888,-0.0553,0.0028000000000000004,0.0375,-0.1104,-0.0359,,0.044500000000000005,-0.0325,-0.027000000000000003,-0.043899999999999995,-0.0533,-0.0545,-0.023799999999999998,-0.0337,0.0063,-0.047,-0.1002,-0.08460000000000001,0.0091
1938-09-30,0.0437,-0.0026,,-0.0092,0.0134,0.0919,-0.0132,-0.035699999999999996,0.0070999999999999995,0.0232,,-0.0313,0.0011,0.0271,-0.009300000000000001,-0.0108,0.0138,0.0063,0.0217,,0.0083,0.022400000000000003,0.006500000000000001,-0.009300000000000001,-0.0253,,,-0.0189,-0.042699999999999995,0.0087,0.0125,0.0092,-0.0942,-0.0068000000000000005,-0.0128,,-0.0451,0.025099999999999997,0.0731,-0.0027,-0.016399999999999998,-0.0001,0.0011,-0.013500000000000002,0.0103,0.0189,-0.0139,-0.016200000000000003,0.0285
1938-10-31,0.04769999999999999,0.0524,,0.16469999999999999,0.0377,0.3398,0.1292,0.0695,0.0974,0.0315,,0.14800000000000002,0.053099999999999994,0.0687,0.0219,0.09480000000000001,0.0852,0.674,0.1405,,0.0801,0.12179999999999999,0.0708,0.2945,0.20120000000000002,,,0.0493,0.0815,-0.0149,0.2109,0.0356,0.07730000000000001,0.0984,0.0592,,0.0967,0.04019999999999999,0.1315,0.084,0.1419,0.0876,0.0821,0.068,0.1038,0.050499999999999996,0.0909,0.1001,0.0421
1938-11-30,-0.0895,-0.0264,,0.0254,-0.0121,0.0004,-0.020099999999999996,-0.0682,-0.0333,-0.0526,,-0.0012,0.0149,-0.0031,-0.0055000000000000005,-0.0587,-0.039900000000000005,-0.1784,-0.0087,,-0.045,-0.0591,-0.015700000000000002,0.0736,0.008,,,-0.020499999999999997,-0.0297,-0.0014000000000000002,-0.0702,0.006500000000000001,-0.044000000000000004,-0.062400000000000004,0.0063,,-0.0728,-0.0055000000000000005,-0.0319,-0.0537,-0.019299999999999998,0.0475,-0.0053,0.0141,0.0481,-0.002,-0.0833,-0.0883,0.056900000000000006
1938-12-31,0.1505,0.0258,,-0.045700000000000005,0.028999999999999998,0.0395,-0.0075,-0.015700000000000002,0.012199999999999999,-0.0002,,-0.017,0.0095,0.0567,-0.0031,0.022099999999999998,0.0536,0.2007,0.0466,,0.0371,0.029900000000000003,0.022000000000000002,0.13449999999999998,0.15460000000000002,,,0.0172,0.0062,0.049800000000000004,0.0395,0.0258,-0.0318,-0.019,0.024900000000000002,,0.0775,0.035,0.08439999999999999,0.0483,0.1215,0.039900000000000005,0.0091,-0.0095,-0.0154,0.0264,0.0562,-0.011399999999999999,0.127
1939-01-31,0.013000000000000001,-0.020099999999999996,,-0.08929999999999999,-0.0183,-0.14550000000000002,-0.1226,-0.005600000000000001,-0.0121,0.0351,,-0.033,-0.0088,-0.06559999999999999,-0.05,-0.055,-0.1079,-0.1348,-0.129,,-0.0959,-0.0791,-0.084,-0.1048,-0.1229,,,-0.048799999999999996,-0.10490000000000001,-0.06269999999999999,0.0121,0.0181,-0.0894,-0.128,-0.060899999999999996,,-0.13369999999999999,-0.0582,-0.1447,-0.073,-0.1125,-0.09609999999999999,-0.03,-0.0666,-0.0737,-0.0323,-0.1001,-0.0528,-0.1167
1939-02-28,0.083,0.034300000000000004,,0.0866,-0.0034999999999999996,0.1333,0.0326,-0.0274,0.022400000000000003,0.0318,,0.009300000000000001,0.0383,0.010700000000000001,0.020099999999999996,0.025,0.030699999999999998,0.047599999999999996,0.0447,,0.064,0.038599999999999995,0.0741,0.0323,0.052300000000000006,,,-0.0182,0.0508,-0.0123,0.08789999999999999,0.0353,0.0862,0.0593,0.013999999999999999,,0.038599999999999995,-0.0129,0.0207,0.009399999999999999,0.0801,0.012199999999999999,0.06269999999999999,0.055999999999999994,0.0587,0.0253,-0.011200000000000002,0.0297,0.0059
1939-03-31,-0.0313,-0.056799999999999996,,-0.1444,-0.0415,-0.14679999999999999,-0.2148,-0.1975,-0.0634,-0.0711,,-0.047599999999999996,-0.0435,-0.08109999999999999,-0.0588,-0.1487,-0.2091,-0.36229999999999996,-0.212,,-0.1726,-0.1794,-0.1782,-0.2022,-0.2894,,,-0.095,-0.18280000000000002,-0.0827,-0.1366,-0.0231,-0.0944,-0.2146,-0.1144,,-0.2224,-0.030899999999999997,-0.23070000000000002,-0.1128,-0.179,-0.1094,-0.09519999999999999,-0.1447,-0.1116,-0.1003,-0.1079,-0.13949999999999999,-0.2004
1939-04-30,0.0649,0.0123,,-0.0196,-0.0074,0.048799999999999996,0.013999999999999999,0.0613,0.0127,-0.005699999999999999,,0.0219,0.0096,-0.0172,-0.0451,-0.0161,-0.0105,0.0263,-0.0292,,-0.01,-0.0053,0.0058,0.0559,0.0038,,,0.0,-0.0106,-0.0106,0.030299999999999997,0.0275,0.0060999999999999995,0.0334,-0.041299999999999996,,-0.0064,-0.1091,-0.0638,0.0042,-0.0219,0.0038,-0.0015,0.01,-0.0504,-0.0058,0.0027,-0.0233,-0.0118
1939-05-31,0.061500000000000006,0.0632,,0.0632,0.0404,0.247,0.1356,0.0675,0.0634,0.0273,,0.07,0.0545,0.06280000000000001,0.0987,0.0848,0.11109999999999999,0.1655,0.0756,,0.092,0.0719,0.0816,0.0848,0.099,,,0.022799999999999997,0.0625,0.0255,0.066,0.0556,0.051399999999999994,0.09570000000000001,0.0663,,0.0909,0.149,0.073,0.0493,0.09519999999999999,0.0645,0.1158,0.0381,0.1036,0.11699999999999999,-0.0208,0.0596,0.1056
1939-06-30,-0.0206,-0.0318,,-0.049699999999999994,-0.0009,-0.0533,-0.11900000000000001,-0.0493,-0.0102,0.0054,,-0.0462,0.0127,-0.0269,-0.0067,-0.0449,-0.0911,-0.1637,-0.09880000000000001,,-0.0877,-0.09,-0.06570000000000001,-0.099,-0.1106,,,-0.0395,-0.1016,-0.0593,-0.0355,-0.0384,-0.10490000000000001,-0.1166,-0.068,,-0.1523,-0.0377,-0.1507,-0.0321,-0.0969,0.0169,-0.027000000000000003,-0.056600000000000004,-0.0385,0.0066,-0.23850000000000002,-0.0943,-0.11359999999999999
1939-07-31,0.0809,0.0695,,0.0425,0.0379,0.2336,0.1666,0.0799,0.0888,0.07730000000000001,,0.041100000000000005,0.0305,0.1042,0.07429999999999999,0.1655,0.1346,0.235,0.18780000000000002,,0.1125,0.1625,0.17149999999999999,0.1185,0.14529999999999998,,,0.11,0.1045,0.028999999999999998,0.1272,0.06509999999999999,0.2022,0.032799999999999996,0.11320000000000001,,0.13949999999999999,0.077,0.14980000000000002,0.08539999999999999,0.1333,0.0757,0.08800000000000001,0.0175,0.1084,0.0741,0.005,0.1392,0.2036
1939-08-31,-0.09369999999999999,-0.0738,,-0.092,-0.06559999999999999,0.0455,-0.1666,-0.1462,-0.0582,-0.07200000000000001,,-0.1229,-0.0524,-0.0246,-0.0189,-0.10769999999999999,-0.1191,-0.1678,-0.0863,,-0.1048,-0.08380000000000001,-0.0701,-0.1396,-0.0872,,,-0.061200000000000004,-0.0601,-0.039,-0.0604,-0.04190000000000001,-0.2323,-0.0475,-0.1188,,-0.1528,-0.030699999999999998,-0.1166,-0.0317,-0.1115,-0.0977,-0.0725,-0.11689999999999999,-0.0949,-0.1051,-0.0731,-0.0849,-0.08380000000000001
1939-09-30,0.1888,0.0501,,0.036699999999999997,-0.030299999999999997,0.0556,-0.154,0.3797,0.0484,0.2526,,0.0943,0.0699,0.1718,0.1558,0.2568,0.11720000000000001,0.2841,0.4404,,0.3506,0.185,0.2441,0.387,0.6336999999999999,,,0.1362,0.9258,0.2505,0.036000000000000004,0.0236,0.0575,0.218,0.022099999999999998,,0.19820000000000002,-0.054400000000000004,0.2225,0.2552,0.4155,0.0431,0.015600000000000001,0.020099999999999996,0.0525,0.10679999999999999,0.1144,0.2498,-0.0089
1939-10-31,-0.0062,0.03,,0.0501,0.0581,0.2662,0.1493,-0.0441,0.0373,-0.0352,,0.07,0.0001,-0.030600000000000002,-0.0337,0.0106,0.0277,0.0279,-0.0482,,-0.0527,-0.03,-0.0191,0.1329,-0.0839,,,0.022400000000000003,-0.102,-0.038599999999999995,0.0212,0.0305,0.0070999999999999995,0.0028000000000000004,0.060700000000000004,,-0.0512,0.045,0.048600000000000004,-0.0365,-0.0451,0.022799999999999997,0.0584,0.0467,0.0204,0.031200000000000002,-0.1116,-0.042800000000000005,0.0409
1939-11-30,-0.042699999999999995,-0.0063,,-0.0365,0.0176,0.051100000000000007,-0.0987,-0.2002,-0.0012,-0.0073,,-0.02,0.0132,-0.0275,-0.0424,-0.058899999999999994,-0.0471,-0.1707,-0.0966,,-0.0762,-0.0323,-0.0334,-0.08289999999999999,-0.1379,,,-0.036000000000000004,-0.21359999999999998,-0.0602,-0.015,0.0097,-0.1361,-0.0762,-0.0336,,-0.0971,0.0154,-0.056600000000000004,-0.0377,-0.0704,-0.0215,-0.0232,-0.024300000000000002,0.015,0.014199999999999999,-0.0039000000000000003,-0.0425,-0.0245
1939-12-31,0.0479,0.0277,,-0.006,0.0484,-0.0415,0.041100000000000005,0.0621,0.041100000000000005,-0.0264,,-0.0088,0.0392,0.045700000000000005,0.0063,0.0287,0.018600000000000002,0.0332,0.0217,,0.057800000000000004,0.046900000000000004,0.0395,0.08529999999999999,0.0322,,,-0.0051,0.0014000000000000002,-0.0009,0.029500000000000002,0.028900000000000002,-0.12560000000000002,0.0181,0.0012,,0.0015,0.0207,0.08460000000000001,0.0547,0.0323,-0.0851,0.0323,-0.0123,0.0252,0.087,0.018000000000000002,-0.1417,0.0123
1940-01-31,-0.041299999999999996,0.0207,,0.0163,0.0232,0.0663,0.0073,0.0105,0.033,0.012,,0.0141,-0.018799999999999997,-0.027200000000000002,0.0,0.0006,-0.0131,-0.09380000000000001,-0.0943,,-0.0616,-0.049699999999999994,-0.042800000000000005,-0.0268,-0.1245,,,-0.0189,-0.04190000000000001,-0.0217,-0.0005,-0.0012,-0.004699999999999999,0.027999999999999997,-0.005,,-0.016399999999999998,-0.0382,-0.0361,-0.0026,-0.045899999999999996,-0.0233,-0.0097,0.0147,0.0215,-0.0026,0.0975,-0.0285,0.045
1940-02-29,-0.0417,0.0084,,0.028900000000000002,0.0181,0.0904,-0.011399999999999999,-0.0044,0.015,0.0106,,-0.0059,0.015600000000000001,0.0268,0.0562,0.0012,-0.0225,-0.03,0.053099999999999994,,0.0092,-0.0007000000000000001,0.0223,0.0297,0.0089,,,0.0023,0.0516,0.0092,-0.0125,0.0104,0.08130000000000001,0.0373,0.0331,,-0.016200000000000003,-0.0576,0.020499999999999997,0.0318,0.0146,0.040999999999999995,0.0248,0.030600000000000002,0.0032,0.0053,-0.0138,0.0033,0.020099999999999996
1940-03-31,0.0179,0.024300000000000002,,0.0444,0.0063,0.10949999999999999,0.0022,0.024300000000000002,0.003,-0.0159,,0.042800000000000005,0.0184,0.024300000000000002,-0.021,0.0138,0.0121,0.0189,0.0069,,0.0329,0.0437,0.034300000000000004,0.0282,0.0034000000000000002,,,0.0174,0.021,0.0171,0.0175,0.0116,-0.0273,0.0346,-0.0192,,0.031400000000000004,0.011699999999999999,-0.0109,-0.0058,0.032400000000000005,0.049800000000000004,0.0305,0.0675,0.0189,-0.014199999999999999,0.084,0.0659,0.0297
1940-04-30,0.0377,0.0159,,-0.0083,0.0215,-0.033,-0.0797,0.0219,0.0137,0.029300000000000003,,-0.0013,-0.0032,0.0072,0.052000000000000005,-0.020099999999999996,-0.0070999999999999995,-0.061200000000000004,0.006999999999999999,,0.0017000000000000001,-0.022400000000000003,-0.0078000000000000005,-0.0021,-0.0053,,,-0.0125,0.0181,0.0016,-0.0134,0.0033,-0.0167,0.0161,-0.0434,,0.056900000000000006,0.0363,0.1637,0.063,-0.0007000000000000001,-0.0202,-0.0013,0.008,0.0018,0.0046,-0.2254,-0.032,-0.0146
1940-05-31,-0.19390000000000002,-0.2216,,-0.2817,-0.1782,-0.29760000000000003,-0.32289999999999996,-0.3481,-0.2263,-0.2057,,-0.16079999999999997,-0.2143,-0.1934,-0.2266,-0.2793,-0.2912,-0.3804,-0.2262,,-0.2396,-0.21289999999999998,-0.2625,-0.17350000000000002,-0.24050000000000002,,,-0.20420000000000002,-0.2825,-0.2463,-0.20010000000000003,-0.1413,-0.287,-0.3031,-0.2027,,-0.2446,-0.18469999999999998,-0.3604,-0.2506,-0.2376,-0.3074,-0.2443,-0.23739999999999997,-0.2957,-0.237,-0.2727,-0.2236,-0.3371
1940-06-30,-0.0301,0.0533,,0.0434,0.0596,0.0504,0.0705,0.0832,0.11289999999999999,0.10640000000000001,,-0.0163,0.051399999999999994,0.0383,-0.0344,0.0729,0.0604,0.3691,0.04,,0.0632,0.056600000000000004,0.0837,-0.1063,0.10490000000000001,,,0.0064,0.154,0.055999999999999994,0.1747,0.0876,0.0064,0.0424,-0.0125,,-0.0358,-0.0455,0.0203,0.0687,0.1241,0.1226,0.0907,0.0455,0.0126,0.1259,0.0,0.0933,0.1137
1940-07-31,0.012,0.005600000000000001,,0.1024,-0.016399999999999998,0.13269999999999998,-0.0019,0.0395,0.0471,-0.0467,,0.004699999999999999,-0.0055000000000000005,0.029300000000000003,0.1383,0.0538,0.0973,-0.038,0.042300000000000004,,0.0571,0.0608,0.0583,0.058600000000000006,0.0281,,,0.0031,0.0184,0.0321,0.0008,0.0197,-0.0461,0.0805,0.026699999999999998,,0.0928,0.0104,0.0823,0.0275,0.0412,0.0078000000000000005,0.0446,0.024900000000000002,0.0437,0.073,0.053200000000000004,0.0368,0.0642
1940-08-31,0.0109,0.011200000000000002,,0.0171,0.0124,0.0721,0.0263,-0.0332,-0.0405,0.0226,,-0.0144,-0.0231,0.0268,0.056100000000000004,0.0519,0.051699999999999996,-0.0029,0.0277,,0.015600000000000001,0.0259,0.0736,0.0621,0.015300000000000001,,,0.011200000000000002,0.0317,0.0141,-0.0105,-0.0036,0.1613,0.0066,0.0282,,0.0809,0.0697,0.032799999999999996,0.017,0.0365,-0.0109,0.0297,-0.001,0.045,-0.013300000000000001,-0.0653,0.015600000000000001,0.0513
1940-09-30,0.0616,0.018799999999999997,,0.0434,0.0239,0.0766,0.0262,0.0149,0.050499999999999996,0.033,,0.0259,0.046799999999999994,0.0323,0.02,0.060700000000000004,0.04019999999999999,0.0196,0.0555,,0.0694,0.0384,0.029300000000000003,-0.0015,0.08529999999999999,,,0.0594,0.0678,-0.0236,-0.0219,0.0167,0.113,0.024,0.0803,,0.0583,0.0304,0.011200000000000002,0.0147,0.0254,0.12480000000000001,0.0322,0.038599999999999995,-0.0101,0.0139,0.5871,-0.0104,0.073
1940-10-31,0.0351,-0.0129,,-0.0111,-0.032400000000000005,0.0435,0.10880000000000001,0.0605,-0.08929999999999999,0.0,,0.0195,-0.031400000000000004,-0.005699999999999999,0.0,0.0401,0.022799999999999997,0.1243,0.1283,,0.08689999999999999,0.0194,0.0434,0.0519,0.0633,,,0.044000000000000004,0.014499999999999999,0.0636,0.0383,0.0161,0.059000000000000004,0.0313,0.0323,,0.0969,0.0338,0.011000000000000001,-0.0088,0.049,0.0012,0.0006,0.0155,0.0222,0.0815,-0.048,0.11939999999999999,-0.0060999999999999995
1940-11-30,0.021,-0.0088,,0.0733,-0.0252,0.0104,0.09269999999999999,-0.013600000000000001,0.0021,-0.0021,,0.018600000000000002,-0.0197,-0.051100000000000007,0.052000000000000005,-0.0046,-0.024,-0.1032,0.017,,0.0032,-0.0434,-0.006500000000000001,0.028900000000000002,0.0146,,,0.0698,-0.0229,0.0084,-0.1311,0.006,0.08259999999999999,-0.0229,-0.0229,,-0.07690000000000001,0.0473,-0.0342,-0.0392,-0.0286,-0.0642,-0.0227,0.0673,0.0443,0.0319,-0.2899,-0.07440000000000001,-0.0096
1940-12-31,0.0028000000000000004,0.009000000000000001,,-0.0003,0.006,-0.0429,0.0981,-0.0319,0.024900000000000002,-0.0017000000000000001,,-0.0029,-0.0023,0.019299999999999998,-0.0194,-0.026000000000000002,-0.0184,-0.0005,0.016200000000000003,,0.0089,0.0007000000000000001,-0.0313,-0.0064,0.0166,,,0.0008,0.1374,0.0223,0.0177,0.020499999999999997,-0.031400000000000004,-0.0036,0.0263,,-0.0403,-0.0245,0.0027,-0.0044,0.0102,-0.08410000000000001,0.005699999999999999,-0.0329,-0.0513,-0.0204,0.1833,-0.01,-0.0304
1941-01-31,-0.078,-0.0101,,-0.0288,0.0116,-0.028399999999999998,-0.0187,0.031200000000000002,-0.0239,0.0397,,0.085,-0.0252,-0.0679,0.0132,-0.0246,-0.055999999999999994,-0.09910000000000001,-0.09949999999999999,,-0.061,-0.027000000000000003,-0.09539999999999998,-0.0675,-0.0698,,,-0.0202,-0.08839999999999999,-0.0206,-0.0218,-0.021,-0.0232,-0.0070999999999999995,-0.0016,,0.019799999999999998,-0.0432,-0.0452,-0.024399999999999998,-0.015,0.0134,-0.0375,0.0086,-0.0062,-0.0207,0.13,-0.0178,0.0383
1941-02-28,-0.0044,-0.0281,,-0.0375,-0.0233,-0.0058,0.006500000000000001,-0.006999999999999999,-0.0464,-0.029500000000000002,,-0.0333,-0.047599999999999996,-0.0239,-0.0067,-0.009899999999999999,-0.0246,-0.038,-0.015300000000000001,,-0.025699999999999997,-0.0024,0.0152,-0.0055000000000000005,-0.0268,,,-0.0111,-0.0181,-0.0068000000000000005,-0.011899999999999999,-0.0223,-0.08839999999999999,-0.013999999999999999,-0.0053,,0.0101,-0.0075,-0.0176,-0.0095,0.001,-0.045599999999999995,-0.0252,-0.022099999999999998,0.015700000000000002,-0.0254,-0.1151,-0.027200000000000002,-0.0282
1941-03-31,0.0233,0.0225,,0.008,-0.0276,0.0663,0.0102,0.0475,0.0475,0.0040999999999999995,,0.0325,0.0173,0.0171,0.0533,0.036000000000000004,-0.0191,-0.0048,-0.0055000000000000005,,0.0038,-0.0079,-0.015300000000000001,0.001,0.0342,,,0.0163,0.0139,0.0377,-0.0334,0.0177,0.0333,0.0001,0.032799999999999996,,-0.0206,0.0346,-0.0358,0.0132,0.0268,-0.011200000000000002,0.0121,0.030299999999999997,-0.0209,0.0647,0.2501,-0.009000000000000001,-0.0233
1941-04-30,-0.030600000000000002,-0.041299999999999996,,-0.08710000000000001,-0.0385,-0.1017,-0.0252,-0.0264,-0.0444,-0.0176,,-0.0143,-0.0536,-0.0377,-0.09179999999999999,-0.08109999999999999,-0.0501,-0.14,-0.07429999999999999,,-0.0757,-0.0932,-0.1041,-0.0478,-0.08220000000000001,,,-0.0621,-0.0341,0.014499999999999999,-0.09630000000000001,-0.0635,-0.011000000000000001,-0.051500000000000004,-0.07339999999999999,,-0.0167,-0.087,-0.127,-0.0696,-0.028999999999999998,-0.013500000000000002,-0.0535,-0.0124,-0.07690000000000001,-0.0575,-0.284,-0.08070000000000001,-0.085
1941-05-31,-0.0464,-0.0054,,0.0603,-0.0301,0.0189,-0.051100000000000007,-0.0235,-0.0154,-0.0131,,0.030299999999999997,-0.0163,0.0366,0.0771,-0.0060999999999999995,-0.0025,-0.0066,0.0603,,0.0436,-0.0096,0.0038,0.044199999999999996,0.08410000000000001,,,0.0302,-0.0067,0.055099999999999996,-0.0447,0.004,-0.0395,-0.005600000000000001,0.0368,,-0.006,-0.014199999999999999,0.0276,-0.0182,-0.0144,-0.0313,0.0236,0.0058,-0.0719,0.030600000000000002,-0.0391,0.0196,-0.0049
1941-06-30,0.1079,0.0383,,0.0882,0.1015,0.0789,0.0949,-0.0316,0.1206,0.0313,,0.0269,0.0688,0.0674,0.039599999999999996,0.0592,0.06849999999999999,0.0412,0.056299999999999996,,0.0605,0.1183,0.0363,0.052199999999999996,0.060700000000000004,,,0.06,0.1765,0.051,0.039,0.050300000000000004,0.18539999999999998,0.0582,0.0552,,0.0068000000000000005,0.1193,0.084,0.0641,0.0382,0.0805,0.050499999999999996,0.0489,0.0282,0.08220000000000001,0.1861,0.0288,0.1369
1941-07-31,0.08259999999999999,0.0621,,0.12560000000000002,0.026699999999999998,-0.0616,0.1543,0.05,0.0434,0.08449999999999999,,0.16,0.0775,0.0592,0.0159,0.096,0.0655,0.327,0.0757,,0.08560000000000001,0.0028000000000000004,0.046799999999999994,0.0958,0.057300000000000004,,,0.076,0.2286,0.10949999999999999,0.0533,-0.0038,0.07490000000000001,0.053099999999999994,0.0629,,0.0775,0.04190000000000001,0.16079999999999997,0.0882,0.0676,0.19,0.0458,0.0554,0.0355,0.1162,0.1235,0.102,0.0603
1941-08-31,0.0132,0.013600000000000001,,0.11289999999999999,-0.0074,0.0125,0.1355,-0.0245,0.0074,-0.0026,,-0.014499999999999999,0.0014000000000000002,-0.006,0.0031,-0.0051,0.0036,-0.054000000000000006,-0.0154,,-0.0011,0.0138,0.0239,0.0183,-0.0287,,,0.0011,-0.0195,-0.0347,-0.020499999999999997,0.0106,-0.0187,-0.0189,-0.0195,,0.012199999999999999,0.0018,-0.0027,-0.0229,-0.0067,0.022000000000000002,0.024,0.02,-0.0083,0.021,0.0083,0.0040999999999999995,0.026099999999999998
1941-09-30,0.044199999999999996,0.028399999999999998,,-0.011200000000000002,0.0046,-0.0692,-0.0009,-0.0499,-0.0147,0.005699999999999999,,-0.0048,-0.002,-0.0209,-0.0794,-0.008,-0.0163,-0.1168,-0.0509,,-0.0279,-0.0202,0.0392,-0.0301,-0.053099999999999994,,,-0.0334,-0.0587,-0.006,-0.0285,0.0025,-0.0184,-0.0023,0.011399999999999999,,-0.0213,0.030600000000000002,-0.0245,0.0115,-0.0359,-0.0337,0.0051,-0.0252,0.0031,0.0165,-0.1096,0.0021,0.010700000000000001
1941-10-31,-0.0425,-0.0466,,-0.013300000000000001,-0.1306,-0.11560000000000001,-0.0161,-0.09519999999999999,-0.0368,-0.038599999999999995,,-0.025,-0.0377,-0.0635,-0.0069,-0.0416,-0.1108,-0.1048,-0.0582,,-0.0735,-0.1242,-0.0788,-0.04,-0.0799,,,-0.07490000000000001,-0.0599,0.022799999999999997,-0.0973,-0.027200000000000002,-0.051399999999999994,-0.07519999999999999,-0.0281,,-0.06269999999999999,-0.0691,-0.0762,-0.0638,-0.0263,-0.0877,-0.052000000000000005,-0.0227,-0.06,-0.0507,-0.2069,-0.0675,-0.0341
1941-11-30,0.057300000000000004,-0.0118,,0.0067,-0.09720000000000001,0.0919,0.0218,-0.0556,-0.0391,-0.0105,,-0.005600000000000001,-0.0305,0.006,0.060599999999999994,-0.0292,-0.005,0.020099999999999996,-0.0229,,-0.031,-0.0236,-0.0349,0.0161,-0.0374,,,0.0062,-0.0179,0.0319,-0.0673,-0.0403,-0.08779999999999999,-0.0359,-0.012,,-0.1015,-0.0066,-0.0676,-0.0858,-0.022400000000000003,0.0049,-0.0464,-0.0163,-0.018000000000000002,-0.0355,-0.2066,-0.0227,-0.0458
1941-12-31,-0.010700000000000001,-0.0553,,-0.0638,-0.0095,-0.2463,-0.019799999999999998,-0.1555,-0.0689,-0.0101,,-0.083,-0.0134,0.0079,-0.17809999999999998,-0.0712,0.0015,-0.1364,0.06849999999999999,,0.0088,0.005,-0.1293,0.0026,0.024700000000000003,,,-0.023700000000000002,-0.04019999999999999,-0.1119,-0.0751,-0.0863,-0.2492,-0.1572,-0.0636,,-0.0134,0.063,-0.0092,-0.1329,-0.0588,-0.0562,-0.09910000000000001,-0.0667,-0.16899999999999998,0.005600000000000001,0.033,-0.01,-0.1016
1942-01-31,-0.0987,0.0048,,0.056600000000000004,0.068,0.0495,0.053399999999999996,0.1655,-0.0363,0.1079,,0.0943,-0.0346,-0.08,0.0958,0.069,0.028999999999999998,0.0384,0.0027,,0.042300000000000004,0.025,0.0641,-0.06480000000000001,0.0495,,,0.0608,0.0336,-0.0168,0.0405,-0.0137,0.2263,0.1386,-0.0137,,0.09970000000000001,-0.0362,0.0443,0.0662,0.1235,0.018000000000000002,0.0058,0.034,0.0987,-0.0528,0.06570000000000001,0.1067,0.109
1942-02-28,-0.1773,-0.0581,,-0.0169,-0.0432,-0.046900000000000004,0.0132,0.0482,-0.046900000000000004,-0.0213,,-0.0129,-0.0558,-0.049699999999999994,0.0271,-0.0074,-0.013000000000000001,-0.0473,-0.0049,,-0.0258,-0.0282,0.0545,0.0118,-0.01,,,-0.021,-0.006500000000000001,-0.0591,-0.0248,-0.005699999999999999,0.0405,-0.0392,-0.0206,,0.0429,-0.0207,-0.0204,-0.0079,-0.0265,0.0424,-0.0204,-0.0017000000000000001,0.0176,-0.0152,0.011000000000000001,-0.0027,-0.0403
1942-03-31,0.0387,-0.0809,,-0.0471,-0.132,-0.0808,-0.041100000000000005,0.0111,-0.0222,-0.026000000000000002,,0.0196,-0.058600000000000006,-0.08199999999999999,-0.0455,-0.0354,-0.038,-0.07730000000000001,-0.0453,,-0.06309999999999999,-0.0639,0.0147,-0.018799999999999997,-0.0453,,,-0.1121,-0.0317,-0.08310000000000001,-0.122,-0.0695,-0.0484,-0.0225,-0.026099999999999998,,0.0178,-0.095,-0.051,-0.0464,-0.0959,-0.0118,-0.0725,-0.0169,-0.0371,-0.09720000000000001,-0.008,-0.06860000000000001,-0.038599999999999995
1942-04-30,-0.0654,-0.021,,-0.068,-0.0542,-0.07690000000000001,-0.0557,-0.0688,0.0165,-0.09699999999999999,,-0.0291,-0.0451,-0.018600000000000002,0.0397,-0.0588,-0.0407,-0.045899999999999996,-0.0736,,-0.049800000000000004,-0.04,-0.0417,-0.114,-0.08839999999999999,,,-0.0449,-0.0694,-0.0354,-0.0346,-0.0732,-0.027000000000000003,0.003,-0.0028000000000000004,,-0.0444,-0.0472,-0.06860000000000001,-0.032,-0.009399999999999999,-0.07400000000000001,-0.0592,-0.037599999999999995,0.015,-0.0596,-0.02,-0.0125,-0.0163
1942-05-31,0.046,0.0787,,0.0986,0.1318,0.1131,0.09369999999999999,0.0192,0.0063,0.0235,,0.0204,0.1536,0.046799999999999994,0.006999999999999999,0.067,0.0593,0.0644,-0.029300000000000003,,0.0394,0.0843,0.1048,-0.0447,-0.0235,,,0.051,-0.0068000000000000005,0.069,0.0839,0.07719999999999999,0.057999999999999996,0.044800000000000006,0.045599999999999995,,0.0669,0.08560000000000001,0.0187,0.049699999999999994,0.0088,0.0504,0.1209,0.0059,0.1106,0.1117,0.022000000000000002,0.0222,0.046
1942-06-30,0.0045000000000000005,0.047599999999999996,,0.0279,0.0212,0.0874,0.0304,0.0634,0.0393,0.0297,,0.0377,0.0282,0.0495,0.0078000000000000005,0.0178,0.0233,0.028900000000000002,0.0348,,0.0366,0.0286,0.016,0.009899999999999999,-0.0254,,,0.0391,0.015300000000000001,0.0446,0.0166,-0.0231,-0.0277,0.056900000000000006,0.0875,,-0.0034000000000000002,0.0857,0.0392,0.0254,0.0118,0.0131,0.025699999999999997,0.011899999999999999,0.0168,0.0177,-0.0048,0.018799999999999997,0.0256
1942-07-31,0.05,0.0172,,0.0735,0.0196,0.025099999999999997,0.0926,0.0601,0.0471,0.038,,0.061399999999999996,0.0143,0.01,0.10769999999999999,0.0559,0.035699999999999996,0.0452,0.0381,,0.0326,0.013300000000000001,0.0235,0.044800000000000006,0.06480000000000001,,,0.0487,0.0682,0.0605,-0.004699999999999999,0.044800000000000006,-0.0014000000000000002,0.0371,0.0385,,0.0775,0.013500000000000002,0.0559,-0.0052,0.0737,0.10769999999999999,0.047400000000000005,0.12210000000000001,0.0545,0.060599999999999994,0.0038,0.051500000000000004,0.0149
1942-08-31,-0.0051,0.018799999999999997,,0.07400000000000001,-0.0242,0.0392,-0.0009,0.0127,0.009300000000000001,0.013000000000000001,,0.1435,0.0196,0.009899999999999999,0.0208,0.0291,-0.0012,-0.049800000000000004,0.013999999999999999,,-0.0021,0.0181,0.0264,0.0584,0.0416,,,-0.0017000000000000001,0.0046,0.0359,0.008100000000000001,0.024900000000000002,-0.0116,0.0489,0.0158,,0.0416,-0.043899999999999995,-0.0178,0.015700000000000002,0.037200000000000004,0.0281,0.0169,0.028999999999999998,0.0285,-0.0021,-0.0447,0.023799999999999998,-0.0092
1942-09-30,-0.0128,0.0088,,0.0495,-0.0352,-0.0337,0.0417,0.0499,0.018000000000000002,0.0177,,0.0063,0.0024,0.047400000000000005,0.0764,0.0363,0.0333,0.1257,0.0144,,0.036000000000000004,0.053099999999999994,0.0286,0.0451,0.0255,,,0.011200000000000002,0.049,0.0235,0.058600000000000006,0.0207,0.08259999999999999,-0.0092,0.0087,,0.0687,0.0814,0.0219,0.008,0.0426,0.0181,0.0062,0.0168,0.0216,0.024,0.0971,0.0195,0.0513
1942-10-31,0.0371,0.045,,-0.0064,0.0545,0.0746,0.0677,0.28850000000000003,0.0706,0.0229,,0.0926,0.0391,0.0663,0.028999999999999998,0.056299999999999996,0.06280000000000001,0.1942,0.0681,,0.07519999999999999,0.071,0.060700000000000004,0.0718,0.07339999999999999,,,0.09880000000000001,0.0579,0.0966,0.1519,0.061900000000000004,0.0764,0.045599999999999995,0.061900000000000004,,0.1069,0.0252,0.0745,0.049699999999999994,0.0866,0.0437,0.0044,0.04769999999999999,0.0268,0.053899999999999997,-0.10949999999999999,0.21780000000000002,0.0033
1942-11-30,0.1213,0.0432,,0.0022,-0.0128,-0.037000000000000005,-0.0169,0.0006,-0.0087,-0.0171,,0.0101,0.016,0.0066,0.0282,0.032,0.0235,0.0313,-0.0706,,-0.0121,0.0096,-0.0039000000000000003,-0.10800000000000001,-0.0768,,,-0.0215,-0.0725,0.009899999999999999,-0.0132,0.0263,0.0925,0.0039000000000000003,0.038599999999999995,,0.027999999999999997,0.0473,0.0125,0.008,-0.0373,0.019,0.0682,0.042800000000000005,0.1307,-0.005600000000000001,0.044500000000000005,-0.0662,0.0707
1942-12-31,0.0781,0.0337,,0.049,0.06269999999999999,0.0098,0.0799,0.06,-0.0042,0.0797,,0.053099999999999994,0.08869999999999999,0.061,0.057300000000000004,0.0579,0.067,0.0579,0.037000000000000005,,0.0819,0.06709999999999999,0.08990000000000001,0.0176,0.0526,,,0.054400000000000004,0.0154,0.0758,0.0436,0.0034999999999999996,0.0281,-0.0126,0.0527,,0.07200000000000001,0.0471,0.21780000000000002,0.026600000000000002,0.0355,0.09359999999999999,0.0268,-0.0277,0.0143,0.0765,-0.0934,0.0906,0.0216
1943-01-31,0.021,0.0872,,0.07490000000000001,0.12269999999999999,0.12619999999999998,0.018600000000000002,0.2148,0.0664,0.0666,,0.1514,0.0191,0.045899999999999996,0.1084,0.0894,0.06280000000000001,0.2305,0.0943,,0.0548,0.1192,0.051100000000000007,0.1033,0.12390000000000001,,,0.085,0.10550000000000001,0.0637,0.14730000000000001,0.0378,0.09570000000000001,0.1211,0.0704,,0.042199999999999994,0.0435,0.0405,0.1209,0.0726,0.0406,0.0688,0.1537,0.0281,-0.0069,0.2373,0.1663,0.08789999999999999
1943-02-28,0.0097,0.044000000000000004,,0.0557,0.0033,0.1208,0.113,0.2211,0.0874,0.0753,,-0.022000000000000002,0.0394,0.0229,0.0814,0.0733,0.0712,0.22899999999999998,0.059500000000000004,,0.0791,0.0464,0.0781,0.0823,0.1054,,,0.0479,0.114,0.079,0.0796,0.08810000000000001,0.0528,0.1474,0.051699999999999996,,0.0313,-0.0321,0.0429,0.0401,0.10619999999999999,0.1149,0.0287,0.0417,0.0659,0.0462,0.5877,0.1412,0.0058
1943-03-31,-0.0139,0.0458,,0.0966,0.0298,0.1094,0.2528,0.11230000000000001,0.025699999999999997,0.050199999999999995,,0.1445,0.040999999999999995,0.0263,0.030600000000000002,0.1013,0.07150000000000001,0.08109999999999999,0.08380000000000001,,0.0706,0.0755,0.059699999999999996,0.0949,0.11019999999999999,,,0.08810000000000001,0.152,0.0694,0.047,0.0064,0.3311,0.1413,0.0596,,0.1382,0.07490000000000001,0.0848,0.045599999999999995,0.09230000000000001,0.1261,0.0857,0.0934,0.1168,0.053099999999999994,-0.09570000000000001,0.10640000000000001,0.06570000000000001
1943-04-30,-0.0796,0.0124,,0.09759999999999999,0.0113,-0.042300000000000004,0.0165,0.20629999999999998,0.0108,-0.021099999999999997,,0.09539999999999998,0.0098,-0.008,0.0941,0.0106,-0.0141,0.055,-0.04019999999999999,,-0.0083,0.013600000000000001,0.009000000000000001,0.011000000000000001,-0.0288,,,-0.015300000000000001,0.1259,0.0085,0.0403,0.0416,0.015700000000000002,0.0118,-0.0042,,0.079,0.0078000000000000005,-0.0383,-0.0062,0.0345,0.0776,0.0161,0.086,-0.034,0.0444,-0.0084,0.0509,0.0034999999999999996
1943-05-31,0.161,0.0639,,0.0321,0.0634,0.07730000000000001,0.1193,0.2501,0.046900000000000004,0.043899999999999995,,0.08410000000000001,0.058600000000000006,0.0688,0.0679,0.025099999999999997,0.0707,0.051100000000000007,0.0336,,0.0332,0.0613,0.06280000000000001,0.0108,0.155,,,0.0152,0.0395,0.0572,0.0455,0.045700000000000005,0.1555,0.0827,0.0915,,0.0429,0.0462,0.1559,0.055999999999999994,0.0495,0.037200000000000004,0.0766,0.0453,0.1537,-0.0097,0.3345,0.06709999999999999,0.0785
1943-06-30,0.0661,0.0109,,0.04190000000000001,0.0196,-0.0034999999999999996,0.0018,-0.0484,-0.0005,0.0489,,0.0106,-0.0076,0.0012,-0.0215,0.064,0.0461,-0.0058,-0.0083,,0.0495,0.0334,0.051,-0.0335,-0.0159,,,-0.0388,-0.0666,0.0128,0.042,0.022799999999999997,0.0953,0.0294,0.024700000000000003,,0.0079,-0.0163,0.0152,0.0337,-0.0045000000000000005,0.1552,0.0537,0.0196,0.012199999999999999,0.0375,-0.0074,-0.0292,0.0101
1943-07-31,-0.0889,0.0040999999999999995,,-0.0666,-0.0394,-0.0208,-0.067,-0.0897,-0.0319,0.0040999999999999995,,-0.0894,-0.029900000000000003,-0.0654,,-0.08220000000000001,-0.0812,-0.1295,-0.0525,,-0.0797,-0.0866,-0.0956,-0.1222,-0.1293,,,-0.026000000000000002,-0.1017,-0.0279,-0.005,-0.0018,0.1096,-0.0521,-0.0484,,-0.1134,-0.0226,-0.0593,-0.0542,-0.0588,-0.094,-0.0311,0.0417,-0.0236,-0.0397,-0.1235,-0.063,-0.0782
1943-08-31,0.0331,0.0039000000000000003,,0.028300000000000002,0.0105,0.0070999999999999995,0.0165,0.1107,0.0095,-0.0087,,-0.021400000000000002,0.0039000000000000003,0.0066,,0.0371,0.0036,-0.0152,0.0026,,0.0192,0.0076,0.037000000000000005,-0.0087,0.0109,,,0.0149,0.0264,0.010700000000000001,0.0184,0.0091,0.1561,-0.0208,0.023700000000000002,,0.021099999999999997,-0.0278,0.0134,-0.015600000000000001,0.015,0.026000000000000002,0.0383,-0.0052,0.005600000000000001,0.044199999999999996,-0.011000000000000001,-0.0026,0.055999999999999994
1943-09-30,0.0401,0.0189,,0.0096,0.0219,0.0143,0.0322,0.0331,0.053,0.018799999999999997,,0.0707,0.038599999999999995,0.024,,0.0533,0.0537,0.0318,0.0172,,0.024300000000000002,0.0576,0.0169,0.0037,0.0151,,,0.0083,0.0431,0.0138,0.0387,0.014499999999999999,-0.0408,0.0528,0.0333,,0.06,0.0416,-0.015,0.0555,0.0255,0.0556,0.021099999999999997,0.0011,0.0282,0.0103,-0.037200000000000004,0.008199999999999999,0.0282
1943-10-31,-0.011200000000000002,-0.0022,,0.136,-0.021099999999999997,-0.0599,-0.0286,-0.005,-0.0108,-0.02,,0.018799999999999997,0.0052,-0.0219,,-0.004,-0.0207,0.034300000000000004,0.0109,,-0.012199999999999999,-0.0404,-0.0129,-0.0066,0.0381,,,-0.0347,0.0031,-0.0208,0.005699999999999999,0.0073,-0.0255,-0.0031,-0.024300000000000002,,-0.0007000000000000001,-0.0192,-0.013300000000000001,0.004699999999999999,-0.003,0.0226,-0.0259,0.0125,-0.020499999999999997,-0.0105,0.0682,0.0024,-0.0036
1943-11-30,-0.0353,-0.042699999999999995,,-0.018500000000000003,-0.0616,-0.09359999999999999,-0.0983,-0.1557,-0.027000000000000003,-0.018799999999999997,,-0.0359,-0.039599999999999996,-0.0501,,-0.048600000000000004,-0.056799999999999996,-0.10710000000000001,-0.0727,,-0.0726,-0.0687,-0.0571,-0.1329,-0.0794,,,-0.042800000000000005,-0.11900000000000001,-0.0692,-0.084,-0.0174,-0.031,-0.056900000000000006,-0.052199999999999996,,-0.0768,-0.0525,-0.0706,-0.0696,-0.091,-0.0872,-0.0443,-0.027200000000000002,-0.0326,-0.11810000000000001,-0.0926,-0.0883,-0.0492
1943-12-31,0.08470000000000001,0.0527,,0.12480000000000001,0.0621,0.1429,0.1114,0.1675,0.0513,0.038,,0.13419999999999999,0.034300000000000004,0.032799999999999996,,0.08289999999999999,0.0707,0.069,0.042300000000000004,,0.1152,0.0805,0.08460000000000001,0.0926,0.1378,,,0.0362,0.1001,0.07339999999999999,0.07429999999999999,0.0315,0.1052,0.0794,0.0694,,0.1426,0.07980000000000001,0.062400000000000004,0.0668,0.0726,0.11130000000000001,0.0687,0.0264,0.06480000000000001,0.12279999999999999,0.19260000000000002,0.0793,0.055099999999999996
1944-01-31,0.049,0.0325,,0.011899999999999999,0.0666,0.0882,0.0163,0.009899999999999999,0.0223,0.0253,,0.005699999999999999,0.0027,0.0038,,0.0347,0.0258,0.08349999999999999,0.031400000000000004,,0.020499999999999997,0.0084,0.0086,0.0371,0.0545,,,0.0349,0.0576,0.0042,-0.0032,0.0086,0.1388,0.0495,0.0106,,-0.0062,-0.0062,0.011000000000000001,0.028300000000000002,0.06309999999999999,-0.0037,0.0076,0.0222,0.028900000000000002,-0.0492,0.030699999999999998,0.0239,0.0196
1944-02-29,-0.009000000000000001,-0.0015,,-0.0541,-0.012,0.027000000000000003,-0.0102,-0.0235,-0.026600000000000002,0.0231,,-0.0349,-0.026000000000000002,-0.0075,,0.0086,-0.0179,-0.023700000000000002,0.0004,,-0.0027,-0.029900000000000003,0.037200000000000004,0.0331,0.0070999999999999995,,,-0.009000000000000001,0.04650000000000001,0.0006,0.0151,0.0088,0.0901,0.011899999999999999,-0.015600000000000001,,0.008,0.0101,-0.0084,-0.0028000000000000004,0.0392,0.018600000000000002,0.01,0.0203,-0.0115,-0.0034999999999999996,-0.1108,0.024700000000000003,0.0054
1944-03-31,-0.0075,0.0233,,0.131,0.0239,-0.02,0.06709999999999999,0.0716,0.0123,0.0158,,0.0326,0.0241,0.025099999999999997,,0.0562,0.0382,0.0181,0.0144,,0.0146,0.0332,0.0524,-0.005699999999999999,0.0111,,,0.0005,0.0664,0.0182,0.0178,0.0074,-0.034300000000000004,0.0278,0.0576,,0.0833,0.0333,0.03,0.0398,0.025,0.0484,0.021400000000000002,0.0736,0.0492,0.0349,0.11259999999999999,0.019,0.004699999999999999
1944-04-30,-0.0089,-0.026099999999999998,,-0.0352,-0.0060999999999999995,-0.0374,-0.039900000000000005,-0.049100000000000005,-0.0173,-0.0177,,-0.024300000000000002,-0.0236,-0.0178,,0.0037,-0.0060999999999999995,-0.0604,-0.0222,,-0.0285,-0.012199999999999999,-0.012,-0.0455,-0.034,,,-0.0279,-0.0461,-0.013300000000000001,-0.0088,-0.005699999999999999,-0.035,-0.0078000000000000005,-0.0121,,-0.0377,-0.0555,0.0602,-0.0155,-0.02,-0.049800000000000004,-0.0085,-0.0282,-0.0478,-0.011200000000000002,-0.0256,-0.020499999999999997,-0.0291
1944-05-31,0.0765,0.051699999999999996,,0.045599999999999995,0.052199999999999996,0.1131,0.0626,0.1384,0.0647,0.0364,,0.0507,0.0572,0.0417,,0.0642,0.0664,0.061,0.044800000000000006,,0.07339999999999999,0.0322,0.08220000000000001,0.0252,0.0929,,,0.0235,0.0901,0.0495,0.0278,0.0281,0.0717,0.061200000000000004,0.0339,,0.10980000000000001,0.046,0.09880000000000001,0.0873,0.045899999999999996,0.0873,0.0499,0.0394,0.042300000000000004,0.0197,0.0504,0.0417,0.10869999999999999
1944-06-30,0.04769999999999999,0.0471,,-0.050300000000000004,0.083,0.1447,0.09570000000000001,0.2611,0.0525,0.0643,,0.0385,0.0385,0.0574,,0.1032,0.0943,0.2648,0.09699999999999999,,0.0718,0.0843,0.08789999999999999,0.0788,0.0711,,,0.102,0.0316,0.0051,0.0492,0.0327,0.1142,0.1065,0.0711,,0.047599999999999996,0.0397,0.047,0.0475,0.0356,0.0191,0.058600000000000006,0.10980000000000001,0.0815,0.0078000000000000005,0.11900000000000001,0.1257,0.0832
1944-07-31,-0.0209,0.0024,,0.0032,-0.0051,-0.0787,-0.0425,-0.0317,-0.0072,-0.0087,,0.014499999999999999,-0.0139,-0.0232,-0.04650000000000001,-0.0336,-0.026600000000000002,-0.0716,-0.0207,,-0.0178,-0.0177,-0.0478,-0.0208,0.0005,,,-0.024,0.0661,-0.013000000000000001,0.002,-0.0037,0.0751,0.0125,-0.011399999999999999,,-0.0362,-0.025,-0.048799999999999996,-0.0017000000000000001,0.0031,0.012,-0.0014000000000000002,-0.0073,0.0097,0.0111,-0.0745,-0.0509,-0.0384
1944-08-31,0.0351,0.0207,,0.004699999999999999,0.0259,0.09759999999999999,-0.0116,0.1629,0.0184,0.0226,,-0.036699999999999997,0.0101,0.0067,0.0489,0.0567,0.0363,0.08130000000000001,0.018600000000000002,,0.036699999999999997,0.0174,0.0375,0.052199999999999996,0.0489,,,-0.0113,-0.027999999999999997,-0.0194,0.0366,0.0067,0.0045000000000000005,0.0349,0.04,,0.0313,0.006,0.048,0.0254,0.0033,0.0194,0.032,0.021400000000000002,0.0187,0.0097,0.1561,0.0216,0.053399999999999996
1944-09-30,0.04,0.009899999999999999,,0.0218,-0.0461,-0.0393,0.0168,-0.019,0.0131,0.017,,0.0345,0.0027,0.001,-0.0216,-0.0024,-0.0132,-0.0039000000000000003,0.0115,,-0.0012,-0.006999999999999999,0.0046,0.09939999999999999,0.018500000000000003,,,0.002,-0.032799999999999996,-0.013600000000000001,-0.0152,0.0028000000000000004,-0.0326,-0.0042,-0.0048,,-0.0023,-0.006,-0.0308,-0.009899999999999999,-0.0008,0.08,0.0159,0.030899999999999997,0.006999999999999999,0.0111,-0.048799999999999996,-0.0143,-0.009300000000000001
1944-10-31,-0.0181,0.0022,,0.0078000000000000005,-0.0032,-0.0409,-0.0091,-0.0341,-0.0062,0.0003,,-0.0182,0.0126,0.0044,0.0341,0.006500000000000001,-0.013000000000000001,-0.0018,-0.0026,,-0.016399999999999998,0.0089,-0.025099999999999997,0.014199999999999999,-0.0181,,,-0.0086,0.0,0.0189,0.0134,0.0076,0.0475,-0.0005,-0.0154,,0.030600000000000002,0.0274,-0.060599999999999994,-0.0042,0.015,0.0215,0.0038,-0.0074,-0.024399999999999998,0.0541,0.0197,-0.0062,-0.028900000000000002
1944-11-30,-0.027999999999999997,0.0163,,0.0729,-0.0023,0.122,0.0735,0.051100000000000007,-0.003,-0.0098,,0.0496,0.0028000000000000004,-0.0067,0.039900000000000005,0.0409,0.0148,0.0329,0.011000000000000001,,0.0196,0.016200000000000003,0.0231,0.0315,0.0425,,,0.050199999999999995,0.016200000000000003,0.0265,-0.004,0.0069,0.045,0.014199999999999999,0.0169,,0.045599999999999995,0.0074,0.0177,0.0134,0.0499,0.0197,0.0278,0.0483,-0.009899999999999999,-0.0025,-0.045599999999999995,0.032799999999999996,0.0128
1944-12-31,0.0616,0.021400000000000002,,0.03,0.0051,0.11539999999999999,0.0789,-0.0092,0.0414,0.014499999999999999,,0.0572,0.0148,0.0206,0.0654,0.037000000000000005,0.0378,0.122,0.0701,,0.045700000000000005,0.05,0.0417,0.0584,0.0649,,,0.037599999999999995,0.1334,0.0506,0.031200000000000002,0.0070999999999999995,0.014199999999999999,0.0391,0.0264,,0.0165,0.0579,0.0412,0.0207,0.1131,0.0464,0.02,0.06,0.0019,-0.0232,0.3135,0.0737,0.0775
1945-01-31,0.0252,0.0274,,0.0248,0.025099999999999997,-0.0246,-0.033,0.0889,0.018500000000000003,0.0022,,0.09119999999999999,0.0006,0.0253,0.0542,0.0339,0.049699999999999994,0.0564,0.026099999999999998,,0.0345,0.008,0.014499999999999999,0.0038,0.0069,,,0.0761,0.005,0.049699999999999994,0.056900000000000006,-0.0212,0.0894,0.0886,0.0158,,0.0431,-0.0169,0.032400000000000005,0.032400000000000005,-0.0127,0.0007000000000000001,-0.0005,0.061500000000000006,0.0554,0.0269,0.1159,0.0192,0.0060999999999999995
1945-02-28,0.0166,0.024900000000000002,,0.0933,0.0654,0.12119999999999999,0.06280000000000001,0.0504,0.0444,0.051100000000000007,,0.013300000000000001,0.0443,0.0557,0.0102,0.044000000000000004,0.0754,0.154,0.091,,0.0557,0.0783,0.0784,0.0932,0.0858,,,0.061799999999999994,0.0302,0.0737,0.061200000000000004,0.028399999999999998,0.0058,0.0797,0.052199999999999996,,0.032799999999999996,0.025699999999999997,0.06,0.061500000000000006,0.0862,0.0525,0.0451,0.049699999999999994,0.0287,0.0825,0.0144,0.1209,0.0342
1945-03-31,0.0043,-0.0297,,-0.0154,-0.0352,-0.0273,-0.0358,-0.0981,-0.045599999999999995,-0.0301,,-0.02,-0.0182,-0.0345,-0.0137,-0.0395,-0.049,-0.1389,-0.0546,,-0.051699999999999996,-0.0404,-0.0623,-0.07429999999999999,-0.0444,,,-0.050300000000000004,-0.056900000000000006,-0.0525,-0.0311,-0.0011,-0.0317,-0.0855,-0.0435,,-0.07200000000000001,-0.0141,-0.0683,-0.045,-0.0304,-0.052300000000000006,-0.0113,-0.057,0.0005,-0.0383,-0.07730000000000001,-0.076,-0.0596
1945-04-30,0.0768,0.056600000000000004,,0.1574,0.0771,0.0888,0.0369,0.2224,0.0374,0.053399999999999996,,0.0529,0.064,0.0821,0.0833,0.08560000000000001,0.0799,0.1191,0.0947,,0.1069,0.0906,0.11019999999999999,0.0528,0.0726,,,0.0617,0.0626,0.0691,0.1012,0.025099999999999997,-0.0409,0.094,0.0604,,0.1157,0.042699999999999995,0.0705,0.0809,0.10769999999999999,0.0554,0.0729,0.056299999999999996,0.0555,0.0687,0.019799999999999998,0.0658,0.1116
1945-05-31,0.0172,0.0232,,-0.0059,0.0245,-0.0472,0.0759,0.0046,0.0706,0.0447,,0.009300000000000001,0.0432,-0.0022,-0.0127,0.0438,0.0223,-0.013500000000000002,-0.0044,,0.009399999999999999,0.0169,0.0055000000000000005,0.024700000000000003,-0.009300000000000001,,,0.0227,0.0761,-0.0095,0.0189,0.037599999999999995,-0.0274,0.0964,0.057800000000000004,,-0.0113,-0.0123,0.0326,0.0526,0.0346,0.054000000000000006,0.0629,0.091,-0.0049,0.015300000000000001,0.025699999999999997,0.02,0.0032
1945-06-30,0.0007000000000000001,-0.0005,,0.0644,0.0034999999999999996,-0.0273,-0.0072,0.14429999999999998,-0.0262,0.0068000000000000005,,-0.0059,-0.049,-0.0242,-0.0623,0.0478,-0.0171,0.12050000000000001,0.021400000000000002,,-0.0066,-0.022799999999999997,-0.0134,0.1356,0.0127,,,0.020499999999999997,0.0475,-0.005600000000000001,0.0516,0.0265,0.034,0.009300000000000001,-0.015,,-0.0095,-0.0034000000000000002,0.0167,-0.0292,0.0583,0.07,-0.0351,-0.051699999999999996,0.0217,-0.0487,0.011399999999999999,0.094,-0.0253
1945-07-31,0.0334,-0.0144,,-0.07919999999999999,-0.0019,-0.059500000000000004,-0.042,-0.0147,-0.0208,-0.0068000000000000005,,-0.013999999999999999,-0.0165,-0.0254,0.006999999999999999,-0.04650000000000001,-0.026699999999999998,-0.0394,-0.023799999999999998,,-0.0354,-0.0125,-0.0137,-0.0761,-0.0322,,,-0.0432,-0.0155,-0.0325,-0.0034000000000000002,0.0218,0.0018,-0.021,-0.0165,,-0.024900000000000002,-0.043,-0.067,-0.016200000000000003,-0.0655,-0.012,-0.0004,-0.0011,-0.04,0.015300000000000001,0.0037,-0.049,-0.0516
1945-08-31,0.043,0.0644,,0.050199999999999995,0.1076,0.1359,0.08470000000000001,0.14800000000000002,0.0707,0.053399999999999996,,0.0187,0.1008,0.09480000000000001,0.0176,0.1371,0.1195,0.0742,0.0678,,0.08900000000000001,0.10949999999999999,0.0987,0.0329,0.10710000000000001,,,0.0233,-0.0392,0.023,0.0103,0.0174,0.0443,0.0698,0.0669,,0.0793,0.0701,0.0942,0.09539999999999998,0.0001,0.07769999999999999,0.0839,0.025099999999999997,0.1788,0.026000000000000002,0.0118,0.0358,0.1531
1945-09-30,0.0101,0.0799,,0.14800000000000002,0.0126,0.0782,0.09570000000000001,0.1273,0.016,0.0371,,0.09759999999999999,0.0616,0.0672,0.0655,0.0855,0.0729,0.1431,0.0803,,0.0447,0.0219,0.0264,0.042800000000000005,0.0385,,,0.0572,0.1072,0.019,0.0659,0.019,0.1416,0.0978,0.0345,,0.09910000000000001,0.0919,0.1096,0.0467,0.069,0.028999999999999998,0.0559,0.17850000000000002,-0.0268,0.0258,0.2868,0.0541,0.07490000000000001
1945-10-31,0.0478,0.0659,,0.3922,0.0033,0.11800000000000001,0.1206,0.1521,0.0547,0.0663,,0.0424,0.0687,-0.0034999999999999996,0.0032,0.015700000000000002,0.0029,0.0464,0.048,,0.027000000000000003,-0.020099999999999996,0.006,0.0553,0.0195,,,0.0683,0.0643,0.063,0.061900000000000004,0.0236,0.038900000000000004,0.0431,0.0492,,0.037000000000000005,0.10769999999999999,0.0113,0.034,0.0429,0.0397,0.061399999999999996,0.0278,-0.0199,0.053,0.0736,0.1761,-0.0058
1945-11-30,-0.0062,0.0348,,0.041299999999999996,0.03,0.0682,0.1766,-0.0313,0.0364,0.0404,,0.1335,0.08070000000000001,0.0322,0.07139999999999999,0.1267,0.0394,0.2859,0.068,,0.0649,0.023799999999999998,0.0248,0.0761,0.0425,,,0.1251,0.0541,0.0842,0.0481,0.0339,0.17600000000000002,0.12369999999999999,0.0655,,0.0219,0.0025,0.08560000000000001,0.0415,0.0843,0.0895,0.0665,0.1273,0.0181,0.0040999999999999995,0.15,0.0885,-0.004699999999999999
1945-12-31,0.0013,0.0003,,0.1948,-0.0191,-0.0455,0.0634,-0.0006,0.0373,0.0083,,0.0536,0.011000000000000001,0.023,0.018500000000000003,0.0361,0.0151,-0.0593,0.0045000000000000005,,0.008,0.0276,0.0216,0.045899999999999996,0.037000000000000005,,,-0.032799999999999996,0.0311,-0.0028000000000000004,-0.0109,0.0048,0.042800000000000005,-0.012,0.009000000000000001,,-0.0042,0.045599999999999995,-0.0001,0.0074,-0.0128,0.024399999999999998,0.0336,0.12789999999999999,0.0361,0.021,0.1207,0.059000000000000004,0.023700000000000002
1946-01-31,0.028300000000000002,0.0559,,0.0051,0.0059,0.09949999999999999,0.14300000000000002,0.11199999999999999,0.0451,0.14550000000000002,,0.0981,0.0751,0.0545,0.09699999999999999,0.08800000000000001,0.08380000000000001,0.1506,0.13390000000000002,,0.055999999999999994,0.0629,0.0712,0.08900000000000001,0.0864,,,0.0736,0.0977,-0.0015,0.1093,0.0191,-0.0176,0.031200000000000002,0.041100000000000005,,0.0384,0.1033,0.0992,0.022099999999999998,0.0616,0.15259999999999999,0.1097,0.0158,0.0371,0.08929999999999999,0.2751,0.0953,0.0354
1946-02-28,-0.030899999999999997,-0.0393,,-0.0654,-0.052199999999999996,-0.0959,-0.0007000000000000001,-0.0574,-0.0849,-0.0852,,-0.056799999999999996,-0.0415,-0.0441,-0.030299999999999997,-0.0581,-0.0271,-0.12359999999999999,-0.0762,,-0.0803,-0.0781,-0.09,-0.06849999999999999,-0.0774,,,-0.042800000000000005,-0.0096,-0.0472,-0.0574,-0.0282,-0.0078000000000000005,-0.0696,-0.026000000000000002,,-0.0438,-0.1072,-0.0536,-0.061200000000000004,-0.0709,-0.0681,-0.0417,-0.0048,-0.0405,-0.07730000000000001,-0.09789999999999999,-0.0999,-0.0506
1946-03-31,0.14429999999999998,0.044000000000000004,,0.0891,0.0857,0.053399999999999996,0.1277,0.0236,0.0707,0.0691,,0.0455,0.1578,0.0721,0.0661,0.0801,0.058899999999999994,0.0334,0.0355,,0.050199999999999995,-0.0060999999999999995,0.019799999999999998,0.0008,0.0273,,,-0.006,-0.0144,0.1117,0.0629,0.011699999999999999,0.015600000000000001,0.09720000000000001,0.0509,,0.1235,0.1048,0.0861,0.0875,0.0388,0.0621,0.11900000000000001,0.0425,0.0654,0.0348,0.0316,0.0582,0.07690000000000001
1946-04-30,0.1369,0.0174,,0.0025,0.038900000000000004,0.16510000000000002,0.08929999999999999,0.1528,0.066,0.046799999999999994,,0.1101,0.1507,0.056299999999999996,-0.008100000000000001,0.0873,0.048,0.0815,0.0391,,0.0373,-0.0103,0.0139,-0.0673,0.035,,,0.0426,0.056799999999999996,0.08800000000000001,0.0434,0.0159,0.21660000000000001,0.1475,0.0861,,0.045599999999999995,0.0572,0.1288,0.066,-0.0036,0.0462,0.0717,0.1371,0.0239,-0.0404,-0.0025,0.0166,0.0361
1946-05-31,0.0325,0.016399999999999998,,0.0785,0.033,-0.0304,-0.0452,-0.0418,0.0086,0.0862,,0.0913,0.0527,0.0436,0.0409,0.09480000000000001,0.053899999999999997,-0.0278,0.0677,,0.0701,0.0588,0.044199999999999996,0.046799999999999994,0.042800000000000005,,,0.032,0.049699999999999994,0.0368,0.0304,0.0282,0.0951,0.0724,0.0742,,0.04769999999999999,-0.0027,0.0556,0.0407,0.051100000000000007,0.071,0.016200000000000003,-0.0097,0.031,-0.0087,0.07690000000000001,0.059800000000000006,0.062
1946-06-30,0.0666,-0.042,,0.0242,-0.047599999999999996,-0.1002,-0.042800000000000005,-0.1325,-0.042,-0.07150000000000001,,-0.0683,-0.0538,-0.03,-0.0632,-0.049800000000000004,-0.0461,-0.0757,-0.0233,,-0.0482,-0.051,-0.0594,-0.065,-0.0479,,,-0.0542,-0.0521,-0.031400000000000004,-0.027999999999999997,0.0029,-0.0518,-0.045,-0.0287,,-0.0767,-0.083,-0.053,-0.031,-0.0269,-0.0159,-0.0808,-0.0625,0.005,-0.0096,-0.0692,-0.0548,-0.0727
1946-07-31,-0.0359,-0.005,,0.034300000000000004,-0.0075,-0.0637,-0.0126,-0.0555,-0.0132,-0.019,,-0.0507,-0.0305,-0.024900000000000002,-0.0679,-0.041299999999999996,-0.0567,-0.0172,-0.0262,,-0.0552,-0.037599999999999995,-0.0431,-0.0242,-0.0596,,,-0.056299999999999996,0.0005,-0.0007000000000000001,-0.0363,-0.0008,0.0062,-0.048799999999999996,-0.0152,,-0.0646,-0.028999999999999998,-0.028900000000000002,-0.02,-0.057699999999999994,-0.028900000000000002,-0.0287,-0.0127,-0.0373,0.0,-0.078,-0.06309999999999999,-0.0414
1946-08-31,0.0006,-0.0516,,-0.0646,-0.039900000000000005,-0.0592,-0.055999999999999994,-0.1301,-0.047400000000000005,-0.0796,,-0.0525,-0.0308,-0.0653,-0.053,-0.0779,-0.0672,-0.1189,-0.0758,,-0.08990000000000001,-0.08039999999999999,-0.09960000000000001,-0.0365,-0.0661,,,-0.0681,-0.030899999999999997,-0.0567,-0.0537,-0.07,-0.0694,-0.1039,-0.0815,,-0.048799999999999996,-0.004,-0.105,-0.0431,-0.0706,-0.07200000000000001,-0.04769999999999999,-0.04,-0.0774,-0.0043,-0.1201,-0.0732,-0.0409
1946-09-30,-0.08349999999999999,-0.08869999999999999,,-0.1707,-0.1117,-0.12369999999999999,-0.1257,-0.1393,-0.0933,-0.1183,,-0.1223,-0.0653,-0.08869999999999999,-0.11449999999999999,-0.134,-0.0892,-0.106,-0.1199,,-0.12240000000000001,-0.1079,-0.1437,-0.10279999999999999,-0.132,,,-0.0803,-0.1161,-0.0799,-0.0897,-0.0475,-0.14880000000000002,-0.10949999999999999,-0.08039999999999999,,-0.12710000000000002,-0.0727,-0.0969,-0.1118,-0.1648,-0.0762,-0.0667,-0.1487,-0.1431,-0.0774,-0.1636,-0.14859999999999998,-0.1285
1946-10-31,-0.0064,0.0034999999999999996,,-0.0383,0.046900000000000004,0.0040999999999999995,-0.0334,0.0074,-0.0192,0.0349,,-0.0259,-0.0003,-0.036699999999999997,0.0085,-0.0492,-0.017,0.0371,0.014499999999999999,,-0.035,-0.0395,-0.032799999999999996,-0.0866,-0.0017000000000000001,,,0.0118,0.0028000000000000004,-0.0067,0.014199999999999999,-0.0513,-0.0395,-0.0311,-0.008100000000000001,,0.035699999999999996,-0.016399999999999998,-0.0424,-0.0024,0.0021,-0.0212,-0.0226,-0.0039000000000000003,0.020499999999999997,-0.0849,-0.0682,-0.011699999999999999,-0.0271
1946-11-30,0.0058,-0.0049,,-0.08869999999999999,0.0055000000000000005,-0.0096,0.012,-0.0866,-0.002,-0.024399999999999998,,0.042,0.0144,0.036699999999999997,-0.0217,-0.0106,0.013600000000000001,0.0,0.0215,,-0.0103,-0.052000000000000005,-0.0172,-0.050499999999999996,-0.003,,,0.0143,-0.0087,0.0058,0.008,0.0179,-0.0933,0.053200000000000004,-0.009899999999999999,,0.1016,0.061,0.0385,0.0571,-0.0075,-0.0278,-0.0529,0.0684,-0.0026,0.0341,-0.034300000000000004,-0.0066,0.03
1946-12-31,0.1204,0.032799999999999996,,0.0152,0.0424,0.0431,-0.013999999999999999,0.0665,0.0969,-0.0181,,0.0931,0.0705,0.0689,0.055,0.0565,0.09630000000000001,-0.0171,0.051,,0.0717,0.048799999999999996,0.0596,0.041299999999999996,0.0482,,,-0.002,0.028900000000000002,0.044199999999999996,0.060899999999999996,0.0382,-0.0226,0.0158,0.0535,,0.0613,0.032400000000000005,0.2076,0.061799999999999994,0.022000000000000002,0.0187,0.0431,-0.015,0.115,0.1013,-0.0007000000000000001,0.0526,0.09949999999999999
1947-01-31,-0.0842,0.011899999999999999,,-0.08199999999999999,0.02,0.0667,-0.0322,-0.0064,-0.018000000000000002,0.054299999999999994,,-0.0388,-0.0546,-0.0045000000000000005,0.0335,0.0338,0.0096,0.044199999999999996,0.0101,,0.034,0.07339999999999999,0.10460000000000001,0.024700000000000003,0.0731,,,0.0326,0.0349,-0.0070999999999999995,-0.0014000000000000002,0.0103,0.0095,0.0294,0.043,,0.0176,0.0042,-0.061,0.0001,0.0017000000000000001,-0.0036,0.0075,0.0054,0.015,0.0265,-0.0077,0.0308,0.018000000000000002
1947-02-28,0.0554,0.005699999999999999,,-0.0219,-0.0455,-0.0134,-0.0509,-0.030299999999999997,0.0089,-0.0024,,-0.0074,-0.0452,-0.0040999999999999995,-0.0062,0.0387,-0.0377,-0.0089,-0.009300000000000001,,-0.0037,-0.0294,0.0173,-0.012199999999999999,-0.0064,,,0.0192,-0.0013,-0.0275,-0.009000000000000001,-0.020499999999999997,-0.0040999999999999995,-0.0036,-0.0379,,-0.0512,0.039900000000000005,-0.020499999999999997,0.0206,-0.0059,-0.0126,-0.0037,0.004699999999999999,-0.0412,0.0059,0.0431,-0.0339,-0.0113
1947-03-31,0.0166,-0.0152,,-0.0616,-0.028900000000000002,-0.0116,-0.0395,-0.0154,-0.0379,0.0016,,0.079,-0.0215,-0.0023,-0.0455,-0.0672,-0.0292,-0.0335,-0.0174,,0.0005,-0.04,-0.0278,-0.0274,-0.028399999999999998,,,-0.028399999999999998,0.0473,0.0226,-0.0279,-0.0215,0.0199,-0.0326,-0.0067,,-0.0437,0.022400000000000003,-0.0434,-0.0363,-0.0363,-0.027000000000000003,-0.0215,-0.0472,-0.0104,-0.0424,-0.10189999999999999,-0.0254,-0.0317
1947-04-30,-0.032,-0.0545,,-0.11289999999999999,-0.0821,-0.1005,-0.0754,-0.1393,-0.0363,-0.0635,,-0.1197,-0.0825,-0.0394,-0.0425,-0.0851,-0.0559,-0.1383,-0.06559999999999999,,-0.0767,-0.0499,-0.0454,-0.1014,-0.06849999999999999,,,-0.0462,-0.0546,-0.0036,-0.037599999999999995,-0.0022,-0.0613,-0.0833,-0.0809,,-0.0463,-0.027200000000000002,-0.1182,-0.046900000000000004,-0.0629,-0.0546,-0.08109999999999999,-0.0934,-0.0672,-0.073,-0.0754,-0.0579,-0.0814
1947-05-31,-0.016200000000000003,-0.0055000000000000005,,-0.037599999999999995,0.0354,0.0282,0.0161,-0.050499999999999996,-0.0195,-0.044500000000000005,,-0.051100000000000007,-0.024,-0.0033,-0.0317,-0.0291,-0.0363,-0.0672,-0.0245,,-0.0155,0.0045000000000000005,-0.0264,-0.0876,-0.0191,,,-0.0146,-0.051,0.026699999999999998,-0.0248,-0.011000000000000001,-0.0158,-0.0753,0.0123,,-0.09369999999999999,-0.027200000000000002,-0.0453,-0.012,-0.031400000000000004,-0.0384,-0.0007000000000000001,-0.048600000000000004,0.0123,-0.0359,-0.0174,-0.0178,-0.0553
1947-06-30,0.1225,0.051399999999999994,,0.084,0.0553,0.055,0.0209,0.1255,0.0167,0.09570000000000001,,0.0689,0.0393,0.08039999999999999,0.0304,0.09539999999999998,0.0623,0.056900000000000006,0.022799999999999997,,0.08960000000000001,0.04650000000000001,0.0604,0.010700000000000001,0.042800000000000005,,,0.0108,0.11199999999999999,0.07719999999999999,0.0395,-0.0319,0.0019,0.0406,0.0374,,0.1292,0.0003,0.14279999999999998,0.06269999999999999,0.024300000000000002,0.0771,0.1011,0.079,0.0805,0.15560000000000002,0.0557,0.03,0.032799999999999996
1947-07-31,0.057,0.0493,,0.0209,0.0348,0.0385,0.055099999999999996,0.026699999999999998,0.0973,0.029500000000000002,,0.0239,0.0263,0.0151,0.0049,0.08689999999999999,0.031,0.0756,0.0729,,0.0368,0.0691,0.0471,0.0242,0.04190000000000001,,,0.053399999999999996,0.1714,0.0368,0.025099999999999997,0.008100000000000001,0.1066,0.052300000000000006,0.056799999999999996,,0.0091,0.0605,0.0492,0.0323,0.0748,0.0538,0.0452,0.0681,0.019,-0.043899999999999995,0.08349999999999999,0.0583,0.0834
1947-08-31,-0.041100000000000005,-0.0098,,-0.037000000000000005,-0.025,0.1127,-0.1189,0.0256,-0.0008,0.008199999999999999,,-0.09960000000000001,-0.0321,-0.006,-0.037000000000000005,-0.0004,-0.0269,-0.0336,-0.0060999999999999995,,-0.0235,-0.0368,-0.0109,0.0348,-0.0096,,,-0.020499999999999997,0.0075,-0.0235,0.0024,0.0036,-0.0079,-0.0281,-0.0369,,-0.006500000000000001,-0.0735,0.0165,-0.0044,-0.023399999999999997,-0.0137,-0.0365,-0.06849999999999999,0.0263,-0.0507,-0.0616,-0.0329,0.0036
1947-09-30,0.0436,-0.0103,,0.11810000000000001,-0.0069,-0.0366,-0.0075,-0.0263,0.0187,-0.0216,,-0.0802,-0.0212,-0.0095,-0.0124,0.020099999999999996,0.008,-0.0207,0.0055000000000000005,,0.0274,0.0123,0.0046,0.051100000000000007,-0.0111,,,-0.019,0.1185,-0.029500000000000002,-0.013300000000000001,0.0083,-0.0023,-0.015300000000000001,-0.0044,,0.0225,0.0252,0.0064,0.026699999999999998,-0.0131,-0.0011,-0.0305,0.0087,0.01,0.0496,-0.035699999999999996,-0.0103,0.025099999999999997
1947-10-31,0.044199999999999996,0.023700000000000002,,-0.0464,-0.015700000000000002,-0.046799999999999994,-0.0079,0.0416,0.0556,0.029500000000000002,,0.08929999999999999,0.0053,0.0116,0.09380000000000001,0.0347,0.037599999999999995,0.042199999999999994,0.0562,,0.043899999999999995,0.0158,0.026600000000000002,0.0002,0.0154,,,0.0078000000000000005,0.0262,0.0529,0.0015,0.0021,0.0346,0.027000000000000003,0.0481,,0.013500000000000002,-0.0125,0.011699999999999999,0.030899999999999997,0.0052,0.0159,0.0318,0.0021,0.0106,0.005699999999999999,0.0538,0.0616,0.0554
1947-11-30,-0.0184,-0.0264,,-0.019299999999999998,0.0086,-0.037599999999999995,-0.024,-0.0757,-0.029500000000000002,-0.0074,,-0.0274,-0.031,-0.0075,0.014499999999999999,-0.0074,-0.021,-0.0932,-0.0016,,-0.0075,-0.0176,-0.0275,-0.0040999999999999995,-0.0239,,,0.0183,0.0447,-0.0044,-0.07629999999999999,-0.025699999999999997,-0.0137,-0.0339,0.0044,,-0.0191,0.0302,-0.01,-0.042199999999999994,-0.0288,-0.0227,-0.0245,-0.012,-0.0681,0.0755,-0.0602,-0.0014000000000000002,-0.0121
1947-12-31,-0.011200000000000002,0.0019,,-0.0111,0.0109,-0.057300000000000004,-0.0663,-0.021,0.0089,0.0362,,-0.0617,0.04019999999999999,0.0192,-0.028399999999999998,0.049400000000000006,0.026699999999999998,0.0934,0.0375,,0.032799999999999996,0.0331,0.0248,-0.006,0.0338,,,-0.0487,0.0443,0.0943,0.0118,0.0044,-0.0425,0.013000000000000001,0.0334,,-0.0455,-0.0025,0.0475,0.0288,0.083,0.0013,0.004,0.0587,-0.0007000000000000001,0.0366,0.10400000000000001,0.0079,0.0092
1948-01-31,-0.0617,-0.0256,,-0.0318,-0.0161,-0.049800000000000004,-0.055099999999999996,-0.0594,-0.035,-0.013999999999999999,,-0.0499,-0.08529999999999999,-0.0446,-0.0385,-0.029300000000000003,-0.0596,0.0757,-0.040999999999999995,,-0.034300000000000004,-0.0404,-0.051500000000000004,0.08039999999999999,-0.0356,,,0.0165,-0.011200000000000002,-0.0755,-0.0022,0.001,-0.0096,-0.0105,-0.0717,,-0.0317,-0.09369999999999999,-0.0695,-0.0557,-0.0038,-0.0262,-0.0336,-0.0526,-0.008,-0.002,-0.071,-0.0194,-0.064
1948-02-29,-0.029900000000000003,-0.0719,,-0.0848,-0.0248,-0.0567,-0.0621,-0.0692,-0.0406,-0.0776,,-0.0968,-0.0298,-0.055999999999999994,-0.0204,-0.073,-0.0576,-0.0467,-0.0504,,-0.0596,-0.0504,-0.056600000000000004,-0.0383,-0.0636,,,-0.0192,-0.054299999999999994,-0.028999999999999998,-0.0359,-0.0106,-0.0647,-0.0385,0.0031,,-0.113,-0.037599999999999995,-0.09230000000000001,-0.047599999999999996,-0.0375,-0.06570000000000001,-0.0368,-0.0148,-0.018500000000000003,-0.0855,-0.0919,-0.069,0.040999999999999995
1948-03-31,0.1303,0.056900000000000006,,0.11289999999999999,-0.0171,0.0634,0.2727,0.09570000000000001,0.0322,0.0636,,0.1325,0.057699999999999994,0.08220000000000001,0.0475,0.0909,0.0799,0.019299999999999998,0.12890000000000001,,0.09480000000000001,0.1192,0.0729,0.2032,0.11689999999999999,,,0.0812,0.1058,0.09939999999999999,0.0676,0.0197,-0.013999999999999999,0.0264,0.0712,,0.15960000000000002,0.1293,0.1119,0.0812,0.0872,0.0758,0.0681,0.0002,0.0239,0.07730000000000001,0.0955,0.1416,0.077
1948-04-30,0.016,0.0134,,-0.008100000000000001,-0.0068000000000000005,0.0426,-0.0341,0.0677,0.0412,0.024300000000000002,,0.0381,0.0199,0.0254,0.077,0.0542,-0.0034999999999999996,0.0691,0.0233,,0.035699999999999996,-0.0158,0.009300000000000001,0.0359,0.0104,,,0.047400000000000005,0.0475,0.11359999999999999,0.0151,0.0265,-0.0018,0.0654,0.0334,,-0.050499999999999996,-0.0108,0.0454,0.065,0.036000000000000004,0.099,0.049400000000000006,-0.042699999999999995,0.0516,0.025099999999999997,-0.0033,0.0455,-0.0026
1948-05-31,0.0027,0.0424,,0.1272,0.0268,0.1173,0.0663,0.10339999999999999,0.0608,0.043899999999999995,,0.08310000000000001,0.0666,0.078,0.0362,0.1208,0.09759999999999999,0.1109,0.08109999999999999,,0.0794,0.1702,0.1435,0.0297,0.0429,,,0.042,0.1108,0.06,0.0575,0.024900000000000002,0.0679,0.06559999999999999,0.083,,0.0704,0.034300000000000004,0.1654,0.0901,0.0617,0.029900000000000003,0.0894,0.0978,0.08810000000000001,0.1547,0.1764,0.0828,0.0758
1948-06-30,-0.0278,-0.011000000000000001,,-0.0557,-0.0139,-0.0791,-0.10640000000000001,-0.021400000000000002,-0.0134,-0.0215,,0.0355,-0.0273,0.0045000000000000005,-0.0096,-0.037599999999999995,-0.0415,0.13390000000000002,0.0018,,-0.0151,-0.0067,0.0053,-0.0455,-0.0342,,,-0.0070999999999999995,0.0141,0.0353,0.024900000000000002,0.0043,-0.0101,0.03,-0.0182,,-0.0672,-0.0327,-0.0005,-0.0382,0.0043,0.0127,-0.014499999999999999,-0.039,0.0316,-0.0669,-0.109,0.0012,0.0067
1948-07-31,-0.006999999999999999,-0.0351,,-0.037000000000000005,0.0437,-0.1012,-0.0735,-0.0168,-0.0172,-0.0132,,-0.0764,-0.0392,-0.0576,-0.0849,-0.0254,-0.063,-0.0906,-0.039,,-0.0726,-0.0736,-0.0458,0.017,-0.053200000000000004,,,-0.0326,-0.0298,-0.0726,-0.0414,-0.0165,-0.0535,-0.07780000000000001,-0.056600000000000004,,-0.0747,-0.0434,-0.039900000000000005,-0.0437,-0.045700000000000005,-0.0507,-0.0794,-0.0407,-0.0501,-0.057800000000000004,-0.075,-0.064,-0.0258
1948-08-31,0.018600000000000002,-0.0051,,0.0011,0.019,0.0481,0.056900000000000006,-0.009899999999999999,-0.003,-0.018600000000000002,,-0.0204,-0.018799999999999997,-0.0033,-0.0006,-0.013999999999999999,0.0147,0.0416,0.016399999999999998,,-0.015300000000000001,0.0124,0.011399999999999999,-0.0007000000000000001,0.011899999999999999,,,-0.0018,0.0002,-0.0207,0.001,0.0006,-0.002,0.0248,0.061399999999999996,,0.0925,0.058499999999999996,0.0018,0.0038,0.0218,-0.044199999999999996,0.0302,-0.0116,-0.026600000000000002,0.014499999999999999,0.0032,0.0002,0.028999999999999998
1948-09-30,-0.0414,-0.044800000000000006,,-0.0123,-0.0316,-0.0942,-0.0725,-0.0894,-0.0344,-0.0151,,0.0507,-0.038900000000000004,-0.0184,-0.059699999999999996,-0.0546,-0.0401,-0.0575,-0.0219,,-0.045599999999999995,-0.0236,-0.0351,-0.0079,-0.0317,,,-0.0259,-0.0555,-0.044500000000000005,-0.0092,-0.0023,-0.0455,-0.041100000000000005,-0.0554,,-0.059699999999999996,-0.030699999999999998,-0.06709999999999999,-0.0393,-0.0398,-0.0278,-0.0078000000000000005,-0.027200000000000002,-0.006500000000000001,0.07519999999999999,0.0144,-0.0495,-0.028999999999999998
1948-10-31,0.0716,0.0338,,0.053,0.0345,0.0694,0.0197,0.0034000000000000002,0.0397,0.0177,,0.12789999999999999,0.044000000000000004,0.0711,0.0089,0.028900000000000002,0.0756,0.1432,0.084,,0.0599,0.0779,0.078,0.0384,0.0073,,,0.0438,0.0736,0.0924,0.044500000000000005,0.0111,0.0418,0.0195,0.060599999999999994,,0.0548,0.0424,0.0676,0.0513,0.0496,0.046900000000000004,0.0414,0.024700000000000003,0.0391,0.0562,0.0359,0.0874,0.0379
1948-11-30,-0.0557,-0.0625,,-0.0787,-0.028999999999999998,-0.1272,-0.0311,-0.1573,-0.060700000000000004,-0.0669,,-0.0911,-0.0537,-0.0851,-0.1096,-0.10039999999999999,-0.0793,-0.18710000000000002,-0.12689999999999999,,-0.1091,-0.11810000000000001,-0.12279999999999999,-0.1329,-0.1423,,,-0.0681,-0.0482,-0.12359999999999999,-0.0909,-0.0206,-0.0533,-0.0708,-0.0764,,-0.0922,-0.0059,-0.1245,-0.1018,-0.12789999999999999,-0.0583,-0.057999999999999996,-0.061900000000000004,-0.0599,-0.0425,-0.060899999999999996,-0.1361,-0.0851
1948-12-31,0.0046,0.0123,,0.0078000000000000005,0.0079,-0.0052,0.065,-0.0269,0.0003,0.0015,,0.0622,0.0436,0.075,-0.011200000000000002,-0.0167,0.0191,0.028300000000000002,0.02,,0.0213,0.0692,0.039599999999999996,0.0368,0.0092,,,-0.0012,-0.0206,0.048799999999999996,0.026600000000000002,0.0109,-0.0069,-0.0127,0.0393,,0.053899999999999997,0.0706,0.0361,0.05,0.019799999999999998,0.008,0.015300000000000001,0.013600000000000001,0.07200000000000001,0.081,0.0064,0.0407,-0.0066
1949-01-31,0.0174,0.0388,,0.0239,0.0481,0.0385,0.0149,0.0033,0.0026,0.0425,,-0.0029,0.0512,-0.0026,0.06709999999999999,0.0246,0.0073,0.001,0.008,,-0.015300000000000001,-0.03,0.0268,0.0199,0.0078000000000000005,,,0.0163,-0.0473,-0.0382,0.047599999999999996,-0.0127,0.0368,0.0661,0.0302,,0.01,-0.0040999999999999995,-0.034300000000000004,0.0076,0.0028000000000000004,0.030899999999999997,0.0108,-0.0003,0.0141,-0.0489,-0.0516,-0.012,0.0187
1949-02-28,-0.0052,-0.0265,,-0.017,0.0038,-0.0475,0.0209,-0.1092,-0.0855,-0.045899999999999996,,0.0049,-0.0108,-0.0218,-0.0104,-0.0191,-0.0277,-0.0409,-0.0591,,-0.0355,-0.0584,-0.0355,0.0066,-0.054299999999999994,,,0.0097,-0.0815,-0.042300000000000004,0.0067,-0.003,-0.0641,-0.045899999999999996,-0.0391,,-0.0033,0.0074,-0.0509,-0.0007000000000000001,-0.0572,-0.0387,-0.0222,0.011699999999999999,-0.0168,0.0148,0.0045000000000000005,-0.0091,-0.0255
1949-03-31,0.025699999999999997,0.0467,,0.0579,0.009399999999999999,0.0464,0.0379,0.1284,0.0919,0.038900000000000004,,0.0417,0.0565,0.0288,0.0641,-0.022799999999999997,0.041100000000000005,0.1013,0.0138,,0.0571,0.0571,0.0355,0.075,0.0696,,,0.042199999999999994,0.0526,0.060899999999999996,0.038,0.013600000000000001,0.0347,0.0658,0.047400000000000005,,0.0623,0.0742,0.0196,0.0332,0.0421,0.026600000000000002,0.0453,0.025,0.0761,0.0236,0.1211,0.09970000000000001,0.0329
1949-04-30,-0.0537,-0.0144,,-0.0206,0.0023,-0.0076,-0.0002,0.0096,-0.012,-0.0242,,0.0318,-0.0007000000000000001,-0.0239,-0.051100000000000007,-0.0384,-0.0387,0.0179,-0.0495,,-0.0397,-0.041100000000000005,-0.0401,-0.061900000000000004,-0.0349,,,0.0109,-0.08199999999999999,0.014499999999999999,0.012199999999999999,-0.0165,0.025,0.0123,-0.0079,,-0.0036,-0.060899999999999996,-0.0868,-0.034,-0.0286,-0.0166,-0.0168,0.004,0.0089,-0.0078000000000000005,-0.0067,-0.013300000000000001,-0.0781
1949-05-31,-0.0617,-0.0064,,-0.0103,0.0291,-0.038900000000000004,-0.0232,-0.044500000000000005,-0.0043,-0.0113,,-0.0694,-0.013500000000000002,-0.009899999999999999,-0.048799999999999996,-0.0134,-0.0325,-0.065,-0.0663,,-0.0308,-0.0593,-0.030600000000000002,-0.048499999999999995,-0.08470000000000001,,,-0.0125,-0.009000000000000001,-0.0575,-0.0059,-0.0217,-0.0204,-0.014499999999999999,0.0039000000000000003,,-0.061200000000000004,-0.0969,-0.0478,-0.0353,-0.0338,-0.0537,0.0048,-0.0022,0.0084,-0.0231,-0.0118,-0.0519,-0.0009
1949-06-30,0.0635,-0.0036,,0.0334,0.0,-0.0664,0.013300000000000001,0.0037,-0.009899999999999999,0.034300000000000004,,-0.0317,0.027200000000000002,0.0069,-0.0191,0.049100000000000005,0.0127,0.049699999999999994,-0.0129,,0.03,0.0023,0.0103,-0.0108,0.0043,,,-0.0218,0.0013,-0.012,-0.0101,0.0113,0.0391,-0.0022,-0.0274,,0.0165,0.030600000000000002,-0.0435,0.0007000000000000001,-0.021,0.021099999999999997,0.0296,0.0025,-0.0038,-0.0158,-0.0271,-0.0045000000000000005,-0.0121
1949-07-31,0.0341,0.0559,,0.0729,0.031,0.052199999999999996,0.0066,0.059000000000000004,0.08960000000000001,0.0388,,0.1283,0.053399999999999996,0.046,0.055099999999999996,0.059000000000000004,0.0731,0.08109999999999999,0.0786,,0.0507,0.0708,0.09140000000000001,0.0253,0.0487,,,0.033,0.06509999999999999,0.062400000000000004,0.0472,0.0241,0.1,0.024399999999999998,0.09269999999999999,,0.0755,0.0313,0.11349999999999999,0.054900000000000004,0.039900000000000005,0.044000000000000004,0.0521,0.0424,0.0663,0.0417,0.020499999999999997,0.0719,0.0978
1949-08-31,0.0301,0.047,,0.045,0.0351,0.022400000000000003,-0.0013,0.0462,0.041100000000000005,0.0276,,0.1482,-0.013500000000000002,0.0321,0.0484,0.0217,0.0245,0.0118,-0.0031,,0.026600000000000002,0.0087,0.0182,0.0024,0.0052,,,0.024399999999999998,0.029500000000000002,0.0554,0.0368,0.0097,0.027000000000000003,0.056600000000000004,-0.0045000000000000005,,0.012,0.0177,0.0074,0.059500000000000004,0.0073,0.0331,0.0147,-0.0132,0.0218,0.008100000000000001,0.0652,0.0394,0.0007000000000000001
1949-09-30,0.0025,0.0264,,0.0567,0.0269,0.0348,0.013500000000000002,0.045599999999999995,0.0317,0.0431,,0.0368,0.016399999999999998,0.0493,0.0004,0.0277,0.028300000000000002,0.1085,0.0356,,0.032799999999999996,0.0352,0.023799999999999998,0.054299999999999994,0.0173,,,0.017,0.0351,0.0302,0.0406,0.0121,0.0785,0.026699999999999998,0.04190000000000001,,0.061200000000000004,0.0294,0.0319,0.0473,0.027999999999999997,0.0449,0.0216,0.021,0.0414,0.068,0.050499999999999996,0.0864,0.049400000000000006
1949-10-31,0.046,0.018799999999999997,,0.028300000000000002,-0.013999999999999999,0.0273,0.037200000000000004,0.026000000000000002,0.08960000000000001,0.0418,,0.0421,0.0327,0.0416,0.0636,0.0139,0.0339,0.018799999999999997,0.0509,,0.029500000000000002,0.026600000000000002,0.07200000000000001,0.0444,0.0213,,,0.037200000000000004,-0.006500000000000001,0.0378,0.0131,0.018799999999999997,0.039599999999999996,0.018600000000000002,0.0796,,0.0661,0.0165,0.0868,0.046,0.0088,0.0098,0.0062,0.0222,0.044500000000000005,0.0694,0.0661,0.0263,0.0138
1949-11-30,0.026000000000000002,0.0182,,0.0451,0.0217,0.026099999999999998,0.0021,-0.0556,0.0391,-0.0069,,0.0473,0.0481,0.0504,-0.0026,0.0068000000000000005,0.043899999999999995,0.032799999999999996,0.0265,,-0.0038,0.0404,0.045700000000000005,-0.0003,-0.011399999999999999,,,-0.0007000000000000001,0.0401,-0.0297,0.032799999999999996,0.0167,0.0039000000000000003,-0.0007000000000000001,0.0052,,0.0408,0.08109999999999999,0.011699999999999999,0.0274,0.0089,0.011000000000000001,0.0218,0.0316,0.0405,0.0078000000000000005,0.0509,0.0282,0.038599999999999995
1949-12-31,0.0547,0.0592,,0.0435,0.0246,0.1618,0.09949999999999999,0.0661,0.0584,0.049400000000000006,,0.1499,0.0793,0.0588,0.005,0.0705,0.0705,0.1607,0.0633,,0.0588,0.0934,0.0883,0.0906,0.049100000000000005,,,0.0166,-0.0248,0.0116,0.0325,0.0158,0.05,0.0764,0.1382,,0.0364,0.0363,0.0786,0.08689999999999999,0.08220000000000001,0.0432,0.0481,0.0552,0.0334,0.1058,0.019,0.0748,0.028900000000000002
1950-01-31,0.036000000000000004,0.0141,,0.0365,-0.0085,0.016200000000000003,-0.0085,0.0323,0.0256,0.0008,,0.011699999999999999,0.0105,0.009300000000000001,0.1017,0.0321,-0.0033,0.0599,0.0369,,0.016399999999999998,0.054400000000000004,0.0166,0.053,0.048499999999999995,,,0.04190000000000001,0.0355,-0.0072,0.0375,0.018600000000000002,-0.0022,0.0259,0.0425,,0.1127,0.0026,0.0313,0.0356,0.046900000000000004,0.0091,0.0038,0.016399999999999998,0.0229,-0.0165,-0.024,0.0285,0.023700000000000002
1950-02-28,0.030299999999999997,0.0149,,-0.010700000000000001,0.014199999999999999,0.0576,-0.0832,0.0089,0.0414,-0.0504,,0.0296,0.0178,0.0097,0.0489,-0.045700000000000005,0.0171,0.0104,0.0338,,0.0037,0.0437,0.0371,0.087,0.0151,,,-0.0051,-0.0304,-0.0049,0.024,0.0066,-0.0273,-0.0325,0.0064,,0.0764,0.027999999999999997,0.0329,-0.0054,0.0169,0.0161,0.0242,0.020499999999999997,0.052300000000000006,0.0124,0.004699999999999999,0.0254,0.0508
1950-03-31,0.0063,0.001,,-0.0029,-0.0066,-0.0668,-0.0115,-0.0533,-0.0033,-0.0046,,0.0021,-0.0334,0.0358,-0.0724,-0.0479,0.0097,-0.014499999999999999,-0.0152,,-0.011200000000000002,0.0407,0.0159,-0.030899999999999997,-0.0356,,,-0.0225,0.0096,0.0492,0.005600000000000001,0.046,0.04019999999999999,-0.0155,0.0282,,-0.0111,-0.0415,-0.0274,0.025099999999999997,-0.008100000000000001,-0.0051,-0.0017000000000000001,-0.0189,-0.0063,0.0137,-0.0528,0.002,0.0356
1950-04-30,0.0043,-0.0046,,0.027000000000000003,-0.028300000000000002,0.0053,0.0371,0.0371,0.0805,0.0151,,-0.047400000000000005,0.0695,0.0942,0.0636,0.0751,0.0441,0.0416,0.0759,,0.0275,0.06709999999999999,0.10400000000000001,0.16010000000000002,0.0208,,,0.041299999999999996,-0.0329,0.0334,0.009399999999999999,0.023700000000000002,-0.0159,0.018000000000000002,-0.0134,,0.146,0.0335,0.09630000000000001,0.07490000000000001,0.0106,-0.004,-0.0034999999999999996,0.064,-0.009300000000000001,-0.0929,0.0717,0.0388,-0.011000000000000001
1950-05-31,0.0688,0.0171,,-0.0019,0.0049,0.052300000000000006,-0.051500000000000004,-0.0115,0.052300000000000006,0.06509999999999999,,0.1517,0.025699999999999997,0.0746,0.009000000000000001,0.032799999999999996,0.0441,0.0092,0.0616,,0.0412,0.0034999999999999996,0.0697,-0.0381,0.0391,,,0.0269,0.0796,0.08789999999999999,0.0183,0.0197,0.1547,0.0166,0.0177,,-0.0213,-0.0204,0.0364,0.07429999999999999,0.0028000000000000004,0.0526,0.030299999999999997,-0.0022,0.0271,0.1191,0.0256,0.0401,0.050499999999999996
1950-06-30,-0.045,-0.0701,,-0.0217,-0.0449,-0.099,-0.0582,-0.0781,-0.0849,-0.0533,,-0.0863,-0.0358,-0.067,-0.0926,-0.049,-0.08560000000000001,-0.1317,-0.0417,,-0.0587,-0.078,-0.0395,-0.0305,-0.08380000000000001,,,-0.062400000000000004,-0.0765,-0.0438,-0.07690000000000001,-0.0434,-0.0779,-0.061,-0.0969,,-0.0559,-0.0694,-0.0466,-0.1106,-0.0637,-0.0735,-0.0429,-0.044500000000000005,-0.102,-0.04769999999999999,-0.1121,-0.06309999999999999,-0.08259999999999999
1950-07-31,-0.06849999999999999,-0.0175,,0.0602,-0.019,-0.0414,0.058499999999999996,-0.053099999999999994,-0.0217,0.0594,,-0.006,-0.0779,-0.038,0.0245,0.16879999999999998,-0.07200000000000001,-0.0365,0.1215,,0.049400000000000006,-0.0159,-0.011000000000000001,0.1592,0.201,,,0.0335,0.2059,0.0864,-0.052300000000000006,-0.013300000000000001,0.046799999999999994,-0.0391,-0.06860000000000001,,-0.045599999999999995,-0.026600000000000002,-0.0361,0.0088,0.16190000000000002,0.0381,-0.012,-0.0034999999999999996,-0.1266,-0.0895,0.006,0.0271,-0.1024
1950-08-31,0.1832,0.0344,,0.0318,0.0034000000000000002,0.0554,0.0258,0.1268,0.1079,0.0353,,0.0196,0.0392,0.0775,0.0313,0.027999999999999997,0.0668,0.0719,0.0475,,0.045899999999999996,0.039,0.0889,-0.0313,-0.0046,,,0.0839,0.049400000000000006,0.0433,0.0345,0.0256,0.051699999999999996,0.0548,0.0873,,0.0393,0.0693,0.0541,0.11,0.0005,0.1182,0.0398,0.051399999999999994,0.061200000000000004,0.0545,0.08310000000000001,0.0213,0.0575
1950-09-30,0.0252,0.0405,,0.1013,0.04769999999999999,0.0745,0.1133,0.20010000000000003,0.0346,0.0596,,0.10550000000000001,0.0556,0.0421,0.0677,0.0453,0.0867,0.0641,0.0323,,0.0709,0.046799999999999994,0.08410000000000001,-0.018500000000000003,0.0189,,,0.09369999999999999,0.0321,0.0354,0.0453,-0.0048,0.023700000000000002,0.0922,0.0475,,0.0682,0.06570000000000001,0.12890000000000001,0.0605,0.0426,0.0526,0.0875,0.06509999999999999,0.1157,0.1119,0.0556,0.045599999999999995,0.0699
1950-10-31,-0.0033,-0.0045000000000000005,,-0.011899999999999999,0.0015,-0.0098,-0.0641,0.0089,-0.0084,-0.0026,,-0.0254,-0.0166,-0.0085,-0.0025,-0.004699999999999999,-0.0155,-0.06309999999999999,0.04,,-0.0077,-0.0139,0.004,-0.0002,0.0599,,,-0.0196,-0.026699999999999998,0.0034000000000000002,-0.0075,0.0021,-0.02,-0.0121,0.0003,,-0.0475,-0.0332,-0.038900000000000004,0.0036,-0.0076,-0.0365,0.011200000000000002,-0.0178,-0.0552,0.0378,0.052199999999999996,0.0101,0.003
1950-11-30,-0.050199999999999995,0.0013,,0.0317,-0.0176,-0.022400000000000003,-0.0121,-0.0444,0.0105,0.0334,,0.12119999999999999,0.0361,0.0766,0.07339999999999999,0.0225,0.0449,0.019299999999999998,0.0526,,0.031400000000000004,0.0052,-0.021099999999999997,0.0858,0.0278,,,0.075,0.049100000000000005,0.0535,-0.011899999999999999,-0.0024,-0.0227,-0.0002,0.0166,,0.0795,0.1249,0.0748,0.0694,0.0417,0.036000000000000004,0.009899999999999999,0.0155,0.0014000000000000002,0.0287,0.044800000000000006,0.051699999999999996,-0.0051
1950-12-31,-0.0168,0.0194,,0.0641,-0.0138,0.022000000000000002,0.009300000000000001,0.0316,0.0161,0.064,,0.0932,0.055999999999999994,0.062,0.035699999999999996,0.1249,0.0297,0.0673,0.0765,,0.1002,0.0508,0.0232,0.1307,0.0836,,,0.0873,0.13849999999999998,0.0861,0.0361,0.019,0.0256,0.0209,0.029300000000000003,,0.0335,0.0066,0.0481,0.0625,0.15960000000000002,0.0415,0.0271,0.038,-0.039,0.060599999999999994,0.048799999999999996,0.11470000000000001,0.0286
1951-01-31,0.1416,0.0311,,0.0875,0.037200000000000004,0.1093,0.041299999999999996,0.06849999999999999,0.0765,0.0222,,0.0397,0.0296,0.0432,0.0677,0.037200000000000004,0.0806,0.1018,0.0848,,0.0639,0.10439999999999999,0.0901,0.0192,0.0518,,,0.0613,0.04019999999999999,0.0634,0.050499999999999996,0.0187,0.0278,0.0889,0.0721,,0.047,-0.022099999999999998,0.087,0.0508,0.08199999999999999,0.0526,0.0349,0.0762,0.0484,-0.08109999999999999,0.1389,0.0444,0.1084
1951-02-28,0.026000000000000002,0.0167,,-0.034,-0.0079,0.005,0.050499999999999996,-0.016399999999999998,0.015,0.0246,,-0.0513,0.0253,0.0264,0.043899999999999995,0.0265,0.0305,0.1003,-0.023399999999999997,,0.0171,0.013000000000000001,0.029500000000000002,0.0308,-0.0062,,,0.002,0.0026,0.0097,0.0313,0.041100000000000005,0.0063,0.0074,-0.008100000000000001,,0.0711,0.0014000000000000002,0.032,0.0172,-0.0229,-0.015300000000000001,0.0342,0.027000000000000003,0.0571,0.0286,-0.0313,-0.005699999999999999,0.0068000000000000005
1951-03-31,0.006,-0.015700000000000002,,-0.0475,-0.0158,-0.027200000000000002,-0.059500000000000004,-0.033,-0.0319,-0.049400000000000006,,-0.027999999999999997,0.023799999999999998,-0.0176,-0.024900000000000002,-0.0932,0.008199999999999999,-0.0747,-0.0516,,-0.0453,-0.003,0.0091,-0.0857,-0.0677,,,-0.0417,-0.0603,-0.0231,-0.013999999999999999,-0.0109,-0.0102,-0.0322,-0.0172,,-0.0097,-0.025699999999999997,-0.0339,-0.018500000000000003,-0.036699999999999997,0.0049,-0.022400000000000003,-0.0378,0.0172,0.0259,-0.0175,-0.013600000000000001,0.0027
1951-04-30,0.011200000000000002,0.0031,,0.050300000000000004,-0.0059,0.0347,0.0126,0.022099999999999998,0.0138,0.0111,,0.0596,0.1105,0.083,0.0492,0.0225,0.038599999999999995,0.0276,0.06570000000000001,,0.046799999999999994,0.028999999999999998,0.0433,0.0536,0.057300000000000004,,,0.061399999999999996,-0.0252,0.1104,0.0022,0.0084,-0.0027,0.026000000000000002,0.0294,,0.0824,0.0346,0.0608,0.08990000000000001,0.036000000000000004,0.0012,0.0040999999999999995,-0.015700000000000002,0.0105,0.0048,-0.0137,0.0799,0.0292
1951-05-31,0.0016,-0.0137,,-0.0014000000000000002,-0.0213,-0.0148,-0.0475,-0.0701,-0.0208,-0.0225,,-0.0016,0.018000000000000002,-0.0032,-0.011899999999999999,-0.0063,-0.0432,-0.0026,-0.0377,,-0.0258,-0.0339,-0.050300000000000004,-0.033,-0.0171,,,-0.030899999999999997,-0.0066,-0.0308,-0.0004,-0.004,0.0116,-0.0403,-0.0004,,-0.0375,-0.0365,-0.0098,-0.0296,-0.0392,0.0754,-0.0179,-0.054000000000000006,-0.0011,-0.011399999999999999,0.0064,-0.029500000000000002,-0.0088
1951-06-30,-0.0398,-0.0336,,-0.0256,-0.0368,-0.050499999999999996,0.0054,-0.0789,-0.08439999999999999,-0.026000000000000002,,0.0102,0.008100000000000001,-0.0069,-0.0013,-0.053200000000000004,-0.021099999999999997,-0.07490000000000001,-0.0823,,-0.0493,-0.0168,-0.0667,-0.0894,-0.085,,,-0.047,-0.002,0.0111,-0.0042,-0.0019,-0.0281,0.0015,-0.0227,,0.051100000000000007,-0.0226,0.0282,-0.0216,-0.0789,-0.0729,-0.024300000000000002,-0.0504,-0.0037,0.0229,-0.0060999999999999995,-0.009899999999999999,-0.0215
1951-07-31,0.024700000000000003,0.0326,,0.0526,0.030699999999999998,0.0404,0.0761,0.026699999999999998,0.07339999999999999,0.0106,,0.08439999999999999,0.1527,0.0814,0.0802,0.0236,0.0746,0.0365,0.09699999999999999,,0.0659,0.050199999999999995,0.0436,0.1069,0.0855,,,0.0679,0.052300000000000006,0.11460000000000001,0.053099999999999994,0.027999999999999997,0.0001,0.0108,0.0725,,0.0508,0.0647,0.0123,0.0697,0.085,0.1144,0.023700000000000002,0.0381,0.0718,0.0215,-0.005600000000000001,0.066,0.0387
1951-08-31,0.06709999999999999,0.0301,,0.0273,0.0345,0.0436,0.0637,0.0481,0.0254,0.0308,,0.0471,-0.0218,0.023399999999999997,0.0576,0.0424,0.0495,0.012,0.09849999999999999,,0.0473,0.0729,0.0718,0.0499,0.0208,,,0.0983,0.0803,0.0574,0.0213,0.0264,0.0086,0.0315,0.0424,,0.0103,0.0358,0.0579,0.035699999999999996,0.0146,0.0338,0.026000000000000002,0.052300000000000006,0.0316,0.0176,0.0349,0.0599,0.016200000000000003
1951-09-30,-0.0632,0.0006,,0.0406,0.0027,0.059699999999999996,0.1017,-0.0227,0.0037,-0.023799999999999998,,-0.027999999999999997,-0.017,-0.0129,0.0144,-0.0225,0.0096,0.0967,0.013000000000000001,,0.018500000000000003,0.0354,0.0252,0.0464,0.0239,,,0.0599,0.051500000000000004,-0.0085,0.013300000000000001,-0.0006,0.0108,0.0017000000000000001,-0.0060999999999999995,,-0.0118,0.0969,0.0791,-0.016399999999999998,0.0362,0.1697,0.026000000000000002,-0.0033,0.0085,0.038900000000000004,-0.018500000000000003,0.0060999999999999995,-0.0033
1951-10-31,-0.0753,-0.028999999999999998,,-0.035699999999999996,-0.0236,-0.0258,-0.0369,-0.0067,-0.0276,-0.0070999999999999995,,-0.0987,-0.0547,-0.0757,-0.0276,-0.0331,-0.0196,-0.0106,-0.015,,-0.023700000000000002,-0.0644,-0.0203,-0.0171,-0.013300000000000001,,,-0.0512,-0.015600000000000001,0.0121,0.006999999999999999,-0.0108,0.009300000000000001,0.0022,-0.0406,,-0.0621,-0.0933,-0.031400000000000004,-0.0346,-0.041100000000000005,-0.0947,-0.0271,0.0051,0.0106,-0.059800000000000006,0.037200000000000004,-0.031200000000000002,-0.0839
1951-11-30,-0.0039000000000000003,-0.0003,,-0.0167,0.0033,0.0151,-0.004,0.0115,-0.0060999999999999995,-0.0077,,-0.0537,0.0013,0.0012,0.036000000000000004,0.011000000000000001,-0.0052,-0.004,0.0121,,0.0171,0.0192,0.0152,-0.026000000000000002,-0.0022,,,0.0207,0.0412,-0.0084,0.0166,0.005,0.0038,0.0258,0.0037,,0.015700000000000002,0.0889,0.023700000000000002,0.016,0.022099999999999998,0.0097,0.0158,0.0175,0.050499999999999996,-0.0483,0.0513,0.0479,0.023
1951-12-31,0.0557,0.0187,,0.027200000000000002,0.008199999999999999,-0.0021,-0.0233,-0.0178,0.024,0.0125,,0.014199999999999999,0.0559,0.0837,0.0167,0.013600000000000001,0.032,0.0371,0.0044,,0.0379,0.0481,0.0354,0.0195,0.0026,,,-0.0173,-0.0077,0.048,0.032799999999999996,0.0087,0.009300000000000001,-0.0172,0.061,,0.09029999999999999,0.028300000000000002,0.0542,0.032,0.0167,-0.0066,-0.0026,0.006,0.0345,0.09480000000000001,-0.018799999999999997,0.07719999999999999,0.0392
1952-01-31,-0.009899999999999999,0.0105,,-0.0404,0.0521,0.046900000000000004,-0.0078000000000000005,0.0113,0.0049,0.013300000000000001,,0.0132,0.005699999999999999,-0.0333,0.008,-0.0512,0.0008,0.0297,0.0304,,0.006999999999999999,-0.0109,-0.0131,0.0447,0.0148,,,0.0478,0.049699999999999994,0.0662,0.0308,0.0018,0.0682,-0.0173,-0.0287,,-0.0622,-0.0129,-0.0374,0.009300000000000001,0.037200000000000004,0.0048,-0.0060999999999999995,0.0361,-0.0012,0.0269,0.0245,0.0529,0.0212
1952-02-29,-0.0552,-0.0062,,-0.0336,-0.0265,0.0002,0.0008,0.0101,-0.0033,-0.037200000000000004,,-0.10369999999999999,-0.0355,-0.034,-0.0535,-0.0366,-0.0208,0.0319,-0.061799999999999994,,-0.0253,-0.038599999999999995,-0.0027,-0.0449,-0.022799999999999997,,,-0.0508,0.013000000000000001,-0.0349,0.0069,-0.0062,-0.04190000000000001,-0.0345,-0.0374,,-0.0128,-0.0075,-0.0464,-0.0216,-0.0168,-0.0327,-0.0382,0.0007000000000000001,0.026099999999999998,-0.045899999999999996,-0.0062,-0.0102,-0.055999999999999994
1952-03-31,0.0556,0.0091,,-0.0019,0.0187,-0.0106,0.0103,0.0322,0.022000000000000002,0.0297,,0.026000000000000002,0.0021,0.0333,0.0345,0.04,0.0341,0.0344,0.018600000000000002,,0.0316,0.0775,0.0885,0.0106,0.019299999999999998,,,0.02,0.0038,0.08839999999999999,0.0223,0.0127,-0.0063,0.0373,0.0165,,0.0426,-0.0069,0.0149,0.0252,0.08349999999999999,-0.0096,0.0279,0.0504,0.0447,0.0355,0.0738,0.035,0.0342
1952-04-30,-0.0264,-0.0192,,-0.0932,-0.0383,-0.0504,-0.06,0.0,-0.054000000000000006,-0.0325,,-0.0861,-0.0516,-0.0728,-0.0487,-0.0509,-0.0401,-0.0111,-0.0782,,-0.0446,-0.0378,-0.0387,-0.0652,-0.0038,,,-0.0579,-0.0803,-0.0765,-0.018000000000000002,-0.0075,-0.026600000000000002,-0.0417,-0.0203,,-0.048799999999999996,-0.028900000000000002,-0.0928,-0.0552,-0.0339,-0.0588,-0.016,-0.0155,0.0223,-0.0063,-0.0395,-0.050499999999999996,-0.0337
1952-05-31,0.048,0.021099999999999997,,0.0174,-0.004699999999999999,0.0527,-0.095,0.0408,-0.0048,0.0182,,0.0674,0.0207,0.0666,-0.009399999999999999,0.0504,0.0373,0.038,0.0253,,0.0291,0.030699999999999998,0.0416,0.0735,0.021400000000000002,,,0.024300000000000002,0.0487,0.035,0.029900000000000003,0.0103,-0.0034000000000000002,0.0174,0.037000000000000005,,0.044500000000000005,0.008199999999999999,0.009300000000000001,0.0288,0.044000000000000004,0.0364,0.0256,0.013300000000000001,0.0173,0.04769999999999999,0.037000000000000005,0.0271,0.013300000000000001
1952-06-30,0.0159,0.023700000000000002,,0.0265,0.037200000000000004,0.0398,0.0060999999999999995,-0.0128,0.0232,0.0269,,0.0166,-0.0125,0.0397,0.0007000000000000001,0.056900000000000006,0.0182,0.0683,0.0576,,0.018600000000000002,0.0667,0.0621,0.073,0.0278,,,0.0425,0.021099999999999997,0.055,0.011000000000000001,0.0207,-0.0028000000000000004,0.024300000000000002,0.0637,,0.07440000000000001,0.011699999999999999,0.038,0.0453,0.0508,0.025,0.031,0.011200000000000002,0.0315,0.0462,0.042,0.0149,-0.0118
1952-07-31,-0.0315,0.0101,,0.056600000000000004,-0.008100000000000001,0.0011,-0.0151,0.0358,0.0206,0.030899999999999997,,-0.0362,-0.0449,0.0127,0.031400000000000004,-0.018799999999999997,0.0121,0.0075,0.033,,0.038900000000000004,0.0144,0.0241,0.0044,0.011699999999999999,,,0.0155,0.0051,-0.0104,0.0203,0.0025,-0.0342,0.0101,0.004,,-0.0227,0.0382,0.0466,0.0365,0.0069,-0.0077,0.0218,-0.0054,0.051500000000000004,0.0002,0.0196,0.0111,0.0462
1952-08-31,0.0385,0.0104,,0.0007000000000000001,0.015300000000000001,0.067,0.0501,-0.0241,0.0008,-0.016399999999999998,,0.0315,-0.009899999999999999,-0.016,0.0277,-0.0021,-0.0106,0.0219,-0.0236,,-0.020499999999999997,-0.0007000000000000001,0.015300000000000001,0.0121,-0.0134,,,0.003,-0.0088,-0.027000000000000003,0.0182,0.0089,-0.0274,0.0053,-0.0066,,0.0129,-0.0073,0.0036,-0.0143,-0.0034000000000000002,-0.018500000000000003,-0.0026,0.0382,-0.01,0.0044,0.11539999999999999,-0.0229,0.0116
1952-09-30,-0.0637,-0.0108,,-0.1261,-0.0060999999999999995,-0.0288,-0.0115,-0.0085,-0.009000000000000001,-0.0104,,-0.0159,-0.044199999999999996,-0.017,-0.0424,-0.0559,-0.016200000000000003,-0.063,-0.038599999999999995,,-0.017,0.0227,-0.0095,-0.0178,-0.013000000000000001,,,-0.024900000000000002,0.0053,-0.0437,0.0033,-0.0034999999999999996,-0.0021,-0.0101,-0.0126,,-0.040999999999999995,-0.0026,-0.0617,-0.0025,-0.019,-0.043,-0.005699999999999999,0.0121,0.011000000000000001,0.015700000000000002,0.039,-0.0113,0.0089
1952-10-31,-0.048799999999999996,-0.0127,,-0.0236,0.0719,-0.009300000000000001,-0.0718,0.0011,0.009899999999999999,-0.0318,,-0.0525,-0.009000000000000001,-0.0208,-0.024399999999999998,-0.0716,-0.021099999999999997,0.0031,-0.015600000000000001,,-0.02,-0.0059,0.0131,0.0174,-0.0118,,,-0.049800000000000004,-0.0213,0.0040999999999999995,0.0034000000000000002,0.0092,0.0288,0.0040999999999999995,-0.005,,0.0404,-0.054900000000000004,0.0037,-0.018000000000000002,0.0054,0.013600000000000001,-0.0127,-0.0058,-0.023799999999999998,-0.030299999999999997,-0.0265,-0.0429,-0.0576
1952-11-30,0.0275,0.0504,,0.0968,0.083,0.053899999999999997,0.0947,0.0652,0.0526,0.0732,,0.047,0.0756,0.1014,0.0746,0.0583,0.07339999999999999,0.0313,0.0785,,0.0729,0.10550000000000001,0.0756,0.051399999999999994,0.0674,,,0.0617,0.0974,0.019799999999999998,0.0509,0.0407,-0.029300000000000003,0.016399999999999998,0.0565,,0.1371,0.059800000000000006,0.0558,0.0857,0.0747,0.0431,0.04650000000000001,0.0011,0.0886,0.0895,0.0495,0.064,0.0836
1952-12-31,0.018600000000000002,0.0152,,-0.0046,0.0042,0.048600000000000004,0.0696,0.0213,0.011699999999999999,0.005699999999999999,,0.0103,-0.0232,0.0168,-0.006500000000000001,0.0425,0.0276,0.019,0.042300000000000004,,0.0236,0.0253,0.0706,0.032400000000000005,0.0069,,,0.0212,-0.0181,0.0464,0.020099999999999996,0.0088,-0.0194,0.0255,0.056799999999999996,,0.047,0.0166,-0.0054,0.032400000000000005,0.037599999999999995,0.0209,0.0124,0.0513,0.0175,-0.0040999999999999995,0.0784,0.0816,0.0034000000000000002
1953-01-31,-0.0105,0.030899999999999997,,0.003,0.047400000000000005,0.0194,0.0012,0.028999999999999998,0.0063,0.0048,,-0.0601,-0.0501,0.002,0.0218,-0.0277,0.0101,-0.0048,0.014199999999999999,,-0.0016,-0.0334,-0.0044,0.0782,0.0408,,,-0.0026,0.0203,-0.030600000000000002,0.0092,0.01,0.0175,0.029300000000000003,-0.0024,,-0.0176,0.0005,-0.0064,-0.014199999999999999,0.0175,-0.0019,0.0086,0.0338,0.01,0.019799999999999998,0.0348,-0.0177,0.0229
1953-02-28,-0.0554,0.0132,,0.0021,0.0526,0.021,0.0443,0.0738,-0.0067,0.0371,,0.034300000000000004,0.019,-0.0263,-0.0016,0.016399999999999998,0.0004,0.0032,-0.0039000000000000003,,-0.006999999999999999,0.0034000000000000002,-0.0118,0.0147,0.019299999999999998,,,0.0331,-0.0059,0.0034999999999999996,0.0051,-0.004,0.0012,0.0126,0.011899999999999999,,-0.0479,0.020499999999999997,-0.0404,0.0163,-0.0115,-0.0155,-0.0009,0.0296,0.002,-0.0248,0.0024,0.0023,-0.0206
1953-03-31,0.0404,-0.0096,,-0.015700000000000002,-0.0447,0.0707,0.0452,-0.0068000000000000005,-0.0058,-0.0199,,0.0108,-0.0032,0.0006,-0.0096,-0.0492,-0.0026,-0.016399999999999998,-0.047400000000000005,,-0.0072,-0.0165,-0.0455,-0.0572,-0.0158,,,-0.039599999999999996,-0.0662,-0.004699999999999999,0.0015,-0.0044,0.0441,0.0028000000000000004,0.004,,0.0528,0.0039000000000000003,-0.0575,-0.0077,-0.024,-0.0172,-0.004699999999999999,0.013000000000000001,-0.0121,-0.0104,0.0264,0.0334,0.027999999999999997
1953-04-30,-0.0354,-0.0028000000000000004,,-0.0373,0.045,-0.0264,-0.0252,0.0073,-0.033,-0.0126,,-0.0492,-0.054000000000000006,-0.0334,-0.009899999999999999,-0.0278,-0.0207,-0.0281,-0.0204,,-0.0177,0.008100000000000001,-0.0206,-0.042300000000000004,-0.038599999999999995,,,-0.0206,-0.0681,-0.0516,-0.0296,-0.0104,0.0045000000000000005,-0.041299999999999996,-0.0466,,-0.0311,0.0096,-0.0345,-0.02,-0.0291,-0.0329,-0.0067,-0.009000000000000001,-0.0334,-0.0326,-0.014199999999999999,-0.06269999999999999,-0.0149
1953-05-31,-0.0042,0.0040999999999999995,,0.008,-0.0017000000000000001,0.0366,-0.0084,-0.0104,0.0008,0.005600000000000001,,0.006500000000000001,-0.0014000000000000002,0.0,0.0182,-0.0039000000000000003,0.0005,0.0144,0.0002,,-0.004,0.009899999999999999,-0.0027,0.0269,0.037200000000000004,,,-0.0181,-0.0034999999999999996,0.018500000000000003,-0.0014000000000000002,0.0037,0.0962,0.0159,0.0322,,0.046900000000000004,-0.0208,-0.009399999999999999,0.0144,0.0276,0.0024,0.015700000000000002,-0.0011,0.0144,-0.0555,0.029900000000000003,0.02,0.023
1953-06-30,0.0246,-0.019299999999999998,,-0.009300000000000001,0.013600000000000001,-0.053899999999999997,-0.010700000000000001,-0.0464,-0.0472,-0.015300000000000001,,-0.0123,-0.0359,-0.0126,0.0124,-0.0037,-0.0447,-0.0461,-0.027999999999999997,,-0.0416,-0.0187,-0.029900000000000003,-0.0301,-0.039900000000000005,,,-0.0398,-0.0345,-0.0003,-0.0282,0.0051,0.0285,-0.0208,-0.028999999999999998,,-0.044800000000000006,-0.0058,-0.0403,-0.0059,-0.0126,-0.0616,-0.0195,-0.0339,-0.0366,-0.0097,-0.030600000000000002,-0.029300000000000003,-0.0219
1953-07-31,0.013999999999999999,0.0256,,0.0366,0.046799999999999994,0.031400000000000004,0.0317,-0.0151,0.056100000000000004,0.0016,,0.06570000000000001,0.0326,0.0275,0.019799999999999998,0.013600000000000001,0.0241,0.0182,0.0335,,0.0062,0.0242,0.006,-0.0032,0.006500000000000001,,,0.0116,0.0040999999999999995,0.0398,0.0341,0.009399999999999999,-0.009000000000000001,0.0037,0.0227,,0.0245,0.0174,0.0079,0.0353,0.0147,0.0019,0.0209,0.0132,0.0042,0.0075,0.0197,0.0239,0.0025
1953-08-31,-0.0304,-0.0262,,-0.025,-0.056900000000000006,-0.0622,-0.0641,-0.08199999999999999,-0.0374,-0.0121,,0.0231,-0.0028000000000000004,-0.0279,-0.0104,-0.0525,-0.043,-0.0408,-0.081,,-0.0644,-0.0603,-0.0664,-0.022400000000000003,-0.0513,,,-0.0677,-0.0716,-0.0643,-0.0036,-0.0084,-0.0059,-0.0212,-0.013300000000000001,,-0.0384,-0.0069,-0.0709,-0.052199999999999996,-0.0873,0.0022,-0.024300000000000002,-0.0862,-0.0028000000000000004,-0.0118,-0.0241,-0.0633,-0.0108
1953-09-30,-0.0392,0.0046,,-0.0269,0.036699999999999997,-0.0113,-0.0318,0.0273,-0.015700000000000002,-0.0166,,-0.011000000000000001,0.006500000000000001,0.018000000000000002,-0.0128,-0.023,0.0083,0.018799999999999997,-0.004699999999999999,,0.0043,0.050300000000000004,-0.0039000000000000003,0.039599999999999996,-0.0401,,,-0.0072,-0.0346,-0.019,0.016399999999999998,0.0178,0.001,-0.0048,-0.0174,,0.0431,0.0236,0.0055000000000000005,0.0398,-0.0169,-0.0204,0.0024,-0.005600000000000001,0.0203,0.0326,-0.0519,-0.0195,-0.0095
1953-10-31,-0.0579,0.018799999999999997,,0.0308,-0.0195,0.0463,0.0212,0.1131,0.0653,0.0192,,0.0441,0.024,0.0451,0.1199,0.0037,0.0608,0.0433,0.0827,,0.0433,0.0861,0.0802,0.0604,0.053399999999999996,,,0.0337,0.0154,0.056900000000000006,0.0447,0.0139,0.0541,0.011200000000000002,0.012,,0.08960000000000001,0.0832,0.0681,0.0701,0.0362,0.0131,0.0085,0.0022,0.0537,-0.0042,0.1124,0.0536,0.01
1953-11-30,-0.0052,0.0323,,0.0462,-0.0795,0.0418,0.121,0.0254,0.0441,0.0063,,0.0765,0.0808,0.04769999999999999,0.010700000000000001,-0.008199999999999999,0.0438,0.036000000000000004,0.020499999999999997,,0.0308,0.069,0.0085,0.056100000000000004,0.0394,,,-0.005699999999999999,0.0322,0.019799999999999998,0.03,0.0227,0.0317,0.0096,0.018000000000000002,,0.031,0.0055000000000000005,0.0059,0.07139999999999999,0.02,0.016200000000000003,0.0353,0.0222,0.04650000000000001,0.0816,-0.0215,0.0218,0.0537
1953-12-31,-0.0002,0.013600000000000001,,-0.014499999999999999,-0.045700000000000005,-0.0222,0.0359,-0.0040999999999999995,-0.0019,-0.012,,-0.0338,-0.0105,0.0083,0.0747,-0.032,0.0155,-0.0393,-0.0087,,-0.0024,-0.0069,-0.0076,0.031400000000000004,-0.0089,,,-0.0354,-0.046900000000000004,0.005,0.0069,0.0053,0.052000000000000005,0.0471,0.057999999999999996,,0.0051,0.013600000000000001,-0.0329,0.013300000000000001,-0.037599999999999995,-0.0051,0.013300000000000001,-0.0089,0.0184,-0.0062,0.0169,-0.0124,0.0369
1954-01-31,0.0809,0.037000000000000005,,0.0654,0.0207,0.0353,0.0321,0.0851,0.0415,0.027999999999999997,,0.04,0.0588,0.0104,0.0858,0.07730000000000001,0.0639,0.0639,0.0756,,0.0809,0.07150000000000001,0.0565,0.08259999999999999,0.0737,,,0.0819,0.0949,0.0863,0.0332,0.0189,-0.0083,0.010700000000000001,0.06269999999999999,,0.0378,0.0695,0.1545,0.0379,0.0793,0.0766,0.030899999999999997,0.0613,0.0545,-0.0151,0.0562,0.049400000000000006,0.0348
1954-02-28,0.0067,-0.0004,,-0.0025,-0.0344,-0.0106,0.0331,0.0596,-0.004,0.019299999999999998,,0.0026,-0.0025,0.0009,-0.0143,0.0176,0.0229,-0.0034000000000000002,0.0031,,0.025,0.055,0.015300000000000001,0.0718,0.031200000000000002,,,0.0432,-0.0681,0.0292,0.0159,0.0258,-0.0012,0.0199,0.0437,,0.026600000000000002,0.04019999999999999,-0.0078000000000000005,0.0154,0.0096,0.029900000000000003,0.0029,0.0131,0.0098,0.0489,0.0191,0.0095,0.0433
1954-03-31,0.0176,0.0296,,-0.0351,0.0028000000000000004,0.0287,0.0513,0.0174,0.051399999999999994,0.0177,,-0.0163,0.0055000000000000005,0.0454,0.010700000000000001,-0.0275,0.0169,0.0327,0.0608,,0.0175,0.0713,0.0374,0.1625,0.035699999999999996,,,0.0342,0.008,0.0431,0.0296,0.0172,0.0404,0.027999999999999997,0.17579999999999998,,0.1038,0.0565,0.0174,0.0641,-0.0027,-0.0076,0.0046,-0.0222,0.0493,0.0347,-0.0063,0.0567,0.018000000000000002
1954-04-30,0.0391,0.008199999999999999,,-0.0049,0.0403,0.048799999999999996,0.0004,0.0732,0.038599999999999995,-0.0046,,-0.0362,0.018600000000000002,0.0665,0.1247,-0.053399999999999996,0.0369,0.0458,0.0659,,0.0537,0.1245,0.035699999999999996,0.0,0.0131,,,0.0308,-0.0199,0.0622,0.0125,0.0196,0.0014000000000000002,0.0275,0.016,,0.0449,0.0375,0.0347,0.08070000000000001,0.0176,0.0141,0.0159,0.0199,0.0371,0.0693,-0.006500000000000001,0.0683,0.0073
1954-05-31,-0.0693,0.022000000000000002,,0.0581,-0.0048,0.0036,0.043,0.0397,0.061799999999999994,0.0403,,0.08410000000000001,0.0072,0.036000000000000004,-0.0059,0.12960000000000002,0.0315,0.0337,0.0699,,0.0467,-0.0345,0.043,0.07400000000000001,0.060899999999999996,,,0.0756,0.0821,0.029500000000000002,0.0264,0.0123,0.054299999999999994,0.0096,0.0602,,0.0471,0.0617,0.06709999999999999,0.0265,0.0536,0.0095,0.0296,0.0725,-0.0004,0.0040999999999999995,-0.0084,0.0362,0.0096
1954-06-30,0.115,0.0241,,-0.0223,-0.0929,0.0036,0.0132,0.0301,0.053200000000000004,0.0223,,0.0346,-0.032799999999999996,0.0379,-0.0222,0.0262,0.0571,0.027999999999999997,0.0141,,0.022099999999999998,0.1308,0.0163,0.0408,0.027000000000000003,,,-0.0078000000000000005,0.0349,-0.059500000000000004,0.0129,0.0055000000000000005,0.035,0.019299999999999998,0.038599999999999995,,0.09630000000000001,0.006500000000000001,0.08349999999999999,0.055099999999999996,0.012199999999999999,0.0509,0.024,0.0886,0.0337,0.0432,0.0429,0.0128,0.0104
1954-07-31,-0.0096,0.059800000000000006,,0.0908,0.08070000000000001,0.09029999999999999,0.0729,0.0526,0.0197,0.0688,,-0.0248,0.0978,0.022799999999999997,-0.004699999999999999,0.08470000000000001,0.0562,0.0584,0.0796,,0.0507,-0.013300000000000001,0.102,0.1597,0.0704,,,0.054299999999999994,0.0095,0.0421,0.0542,0.0436,0.0161,0.04190000000000001,0.024,,0.017,-0.006999999999999999,0.0926,0.056299999999999996,0.0664,0.059500000000000004,0.0412,0.0974,0.10460000000000001,0.0788,0.132,0.037200000000000004,0.044199999999999996
1954-08-31,-0.0298,-0.0305,,0.0018,-0.0138,-0.0555,0.0883,-0.0003,0.0229,-0.0398,,-0.0168,-0.0269,-0.0341,-0.021,-0.0424,-0.0341,-0.0703,-0.0636,,-0.029900000000000003,-0.0524,-0.0371,0.028300000000000002,-0.0218,,,-0.043,0.0368,0.0053,-0.0173,-0.014199999999999999,0.008,-0.0024,-0.0384,,-0.054900000000000004,-0.0236,-0.0169,-0.046,-0.0414,-0.0141,-0.002,0.1192,0.0069,-0.0313,-0.029900000000000003,-0.0034000000000000002,0.0066
1954-09-30,0.0479,0.0342,,0.022400000000000003,0.0565,0.0404,0.0613,0.0449,0.0553,0.0265,,0.057,0.024399999999999998,0.0726,0.009399999999999999,0.0507,0.0625,-0.011899999999999999,0.0767,,0.0571,0.0735,0.1382,0.028900000000000002,0.0304,,,0.08710000000000001,0.0762,0.10039999999999999,0.020099999999999996,0.025,0.0975,0.0068000000000000005,0.061200000000000004,,-0.0015,0.0362,0.0875,0.0537,0.0375,0.0178,0.049699999999999994,0.09230000000000001,0.0437,0.0013,0.063,0.0273,0.0718
1954-10-31,-0.005,-0.0256,,-0.0121,-0.026600000000000002,-0.0593,-0.0584,-0.0362,-0.011699999999999999,-0.0024,,0.0070999999999999995,-0.0194,-0.043899999999999995,-0.0124,-0.0175,0.027000000000000003,-0.0105,0.0026,,0.017,-0.0277,-0.0040999999999999995,0.0072,-0.0085,,,-0.011399999999999999,-0.0528,-0.0196,-0.0381,-0.0085,0.0184,0.0004,0.0304,,-0.0218,-0.0535,0.0393,-0.0053,0.026600000000000002,-0.029900000000000003,-0.0252,-0.0132,0.0078000000000000005,-0.0746,0.0297,-0.0176,0.0242
1954-11-30,0.0796,0.0622,,0.0687,0.029900000000000003,0.0519,0.0911,0.058899999999999994,0.0767,0.039599999999999996,,0.11779999999999999,0.1272,0.1485,0.08470000000000001,0.10279999999999999,0.151,0.0537,0.1549,,0.098,0.09849999999999999,0.0572,0.0926,0.1097,,,0.11349999999999999,0.2043,0.0799,0.056799999999999996,0.034300000000000004,0.049699999999999994,0.0345,0.1843,,0.20879999999999999,0.22390000000000002,0.1404,0.1185,0.11720000000000001,0.0819,0.08449999999999999,0.0424,0.0975,0.1052,0.019799999999999998,0.12119999999999999,0.055
1954-12-31,0.053,0.0222,,0.08289999999999999,0.0751,0.06480000000000001,0.1101,0.0355,0.0291,0.049100000000000005,,0.0196,0.0673,0.0374,0.0538,0.0741,0.0226,0.1091,0.12269999999999999,,0.062,0.0424,0.0767,0.1757,0.0833,,,0.037599999999999995,0.102,0.0644,0.0354,0.0158,0.08130000000000001,0.068,-0.0084,,0.010700000000000001,0.0407,0.0333,0.0559,0.12119999999999999,0.0528,0.020099999999999996,0.1414,0.0262,0.0902,0.12,0.0895,0.0271
1955-01-31,-0.056900000000000006,0.0086,,-0.0398,0.013300000000000001,0.0297,-0.0233,-0.0116,-0.011200000000000002,0.0166,,-0.0432,-0.027000000000000003,-0.0276,0.0634,0.0146,0.0016,-0.0067,0.034,,0.0001,0.044000000000000004,0.0077,0.0907,0.0795,,,0.0329,-0.0345,0.0044,0.0146,0.008,0.022400000000000003,0.011000000000000001,0.032400000000000005,,-0.028999999999999998,0.0079,0.004,-0.040999999999999995,0.0085,-0.014199999999999999,0.018500000000000003,0.038599999999999995,0.0021,-0.0124,0.0701,0.0043,-0.030299999999999997
1955-02-28,0.0375,0.0161,,0.016399999999999998,-0.0091,0.1159,0.0019,0.0553,0.0447,0.0278,,-0.027999999999999997,0.0359,0.0451,0.1284,0.0141,0.031200000000000002,0.0424,0.0443,,0.042199999999999994,0.0452,-0.009899999999999999,0.027200000000000002,0.0634,,,-0.0005,0.07400000000000001,0.023799999999999998,0.0364,0.039900000000000005,0.09759999999999999,0.032,0.0447,,0.0547,0.0349,0.08289999999999999,0.0452,0.057800000000000004,0.0066,0.0129,0.0191,-0.0017000000000000001,0.0016,-0.0866,0.0546,0.0406
1955-03-31,-0.0076,-0.002,,-0.021400000000000002,-0.0015,-0.015,-0.0347,-0.038900000000000004,-0.0195,0.011000000000000001,,0.0113,0.06709999999999999,-0.011000000000000001,-0.02,-0.0526,0.0072,-0.026000000000000002,0.0297,,0.0052,-0.032,0.0011,-0.0737,0.09939999999999999,,,0.08789999999999999,0.0023,-0.0024,-0.0074,-0.0019,-0.0444,-0.0296,0.048499999999999995,,-0.0089,0.009899999999999999,0.064,0.0067,0.0,-0.023799999999999998,-0.013600000000000001,-0.0079,-0.0012,0.0418,0.0124,0.0138,-0.022000000000000002
1955-04-30,0.0426,0.042,,-0.0141,0.08789999999999999,0.0336,0.0661,0.0059,0.022000000000000002,0.0003,,0.0373,-0.0042,0.0805,-0.026600000000000002,0.0264,0.0504,-0.0001,0.026699999999999998,,0.0167,0.0425,0.0538,-0.0688,-0.0877,,,-0.0009,-0.021400000000000002,0.0058,0.0256,0.0197,-0.0379,0.004,0.060700000000000004,,0.0661,0.1005,-0.011200000000000002,0.051,0.061900000000000004,0.022799999999999997,0.0179,0.0819,-0.006,-0.0058,-0.0255,-0.0256,0.1134
1955-05-31,0.0347,-0.0052,,0.0296,-0.0216,-0.053,0.0212,-0.038,0.0012,0.0070999999999999995,,0.066,0.027999999999999997,0.0537,-0.0069,0.0019,0.0232,-0.0046,0.0209,,-0.0095,-0.0039000000000000003,-0.006500000000000001,-0.0038,-0.011200000000000002,,,0.06,0.0866,-0.0069,-0.0015,0.0129,-0.0501,0.0256,-0.0169,,0.10289999999999999,0.0265,0.0528,0.0364,0.006,0.0033,0.0325,0.0046,0.0591,-0.023700000000000002,-0.0319,0.0034000000000000002,-0.0424
1955-06-30,0.0192,0.0282,,0.034,-0.0129,0.0177,0.0404,0.08449999999999999,0.0236,0.0325,,0.06480000000000001,-0.0052,0.12279999999999999,0.0195,0.0582,0.04,0.0001,0.1246,,0.0482,0.032,0.0947,-0.016200000000000003,0.0262,,,0.0055000000000000005,0.096,0.11220000000000001,0.0167,0.0069,0.0043,0.0359,0.039,,-0.0265,-0.0007000000000000001,0.1789,0.1128,0.0171,0.0054,0.047,0.0034000000000000002,-0.009899999999999999,0.053200000000000004,0.042,0.08789999999999999,-0.020099999999999996
1955-07-31,-0.0329,0.0127,,0.0053,0.073,0.0002,-0.0013,-0.0031,0.019,0.0329,,-0.0024,0.0017000000000000001,-0.020499999999999997,0.0642,0.0288,0.0011,0.0043,0.004699999999999999,,-0.0039000000000000003,-0.0321,0.1746,-0.0144,-0.029300000000000003,,,-0.0437,-0.026699999999999998,0.0282,0.0368,0.026099999999999998,0.0255,0.0102,-0.0021,,-0.0933,-0.0276,-0.0981,-0.032,-0.0143,0.029500000000000002,0.0197,0.051399999999999994,-0.0042,-0.030699999999999998,0.0028000000000000004,-0.0044,-0.0345
1955-08-31,0.0,-0.0127,,-0.0027,0.0167,0.008100000000000001,-0.015,-0.043,0.0141,-0.0060999999999999995,,-0.05,0.0076,0.024700000000000003,0.1616,-0.0146,0.011399999999999999,0.027999999999999997,0.062400000000000004,,0.0027,0.021,-0.0334,0.0953,0.0158,,,0.0642,0.0579,-0.0115,0.0005,-0.024399999999999998,0.0187,-0.0059,-0.0406,,0.0378,0.025,0.009899999999999999,-0.0088,-0.005699999999999999,-0.016,0.018500000000000003,-0.0183,0.02,-0.0165,-0.0352,0.0043,-0.0002
1955-09-30,-0.0441,-0.028399999999999998,,-0.008100000000000001,0.0323,-0.0741,-0.0481,-0.0225,-0.030899999999999997,0.0021,,-0.0836,-0.026099999999999998,-0.0264,0.005699999999999999,-0.0138,0.0058,-0.0183,0.0067,,-0.0015,-0.0581,0.0922,-0.024399999999999998,-0.029900000000000003,,,-0.038,-0.0378,-0.0034999999999999996,-0.0268,0.0109,0.0192,0.0163,-0.0262,,-0.0291,0.008,-0.0167,-0.0011,-0.0178,-0.0441,0.0387,-0.036699999999999997,-0.0361,-0.0435,0.0013,-0.0421,-0.0154
1955-10-31,-0.0194,-0.0001,,-0.0603,-0.0037,-0.0525,-0.028399999999999998,0.0087,-0.022000000000000002,-0.0131,,-0.0354,0.0127,-0.0241,-0.0311,-0.0138,-0.0294,0.045700000000000005,-0.0547,,-0.019299999999999998,-0.061900000000000004,-0.049100000000000005,0.0483,-0.015300000000000001,,,-0.0492,0.0084,-0.01,-0.009399999999999999,-0.0115,-0.015300000000000001,0.012199999999999999,-0.044199999999999996,,-0.027000000000000003,-0.0245,-0.0048,-0.027999999999999997,-0.0297,0.0175,-0.027000000000000003,-0.041100000000000005,0.0019,-0.036000000000000004,-0.07400000000000001,-0.0173,0.0008
1955-11-30,0.0222,0.0375,,0.0326,0.0382,0.057699999999999994,0.02,0.0962,0.032,0.0034999999999999996,,0.0862,0.060599999999999994,0.0757,0.0716,0.0326,0.057,0.0369,0.0889,,0.0911,0.1225,0.0942,0.1182,0.1085,,,0.10550000000000001,0.1101,0.086,0.034,0.0163,0.0138,0.0275,0.0706,,0.0761,0.060599999999999994,0.0409,0.0796,0.10859999999999999,0.0146,0.06309999999999999,0.013000000000000001,0.002,0.1518,0.0693,0.0452,-0.0006
1955-12-31,0.002,0.01,,0.021,0.0171,0.027000000000000003,-0.0256,0.0506,-0.0009,0.013300000000000001,,0.0623,0.0623,0.0232,0.0225,0.006,0.0258,0.0282,0.0208,,0.0404,0.0641,-0.029500000000000002,0.0821,0.06309999999999999,,,-0.0218,0.0796,0.0365,-0.0012,0.0087,0.034,-0.0208,0.042300000000000004,,0.07629999999999999,-0.0226,0.0816,0.0329,-0.0184,0.026600000000000002,-0.009899999999999999,0.044500000000000005,0.0194,0.0069,0.0288,0.026600000000000002,0.0213
1956-01-31,-0.0276,-0.021099999999999997,,0.0037,0.0021,-0.0525,-0.054400000000000004,-0.0058,-0.0354,-0.0177,,-0.12560000000000002,-0.0588,-0.0462,-0.0701,-0.0131,-0.045599999999999995,0.0015,-0.038900000000000004,,-0.0415,-0.0571,-0.0695,-0.0684,-0.0555,,,-0.026699999999999998,0.058600000000000006,0.0049,-0.0034000000000000002,0.0187,0.044800000000000006,-0.0239,-0.0364,,-0.0789,-0.0441,-0.0002,-0.047599999999999996,-0.022799999999999997,-0.0049,-0.046900000000000004,-0.038599999999999995,-0.0426,-0.0373,-0.0074,-0.0291,-0.0004
1956-02-29,0.0365,0.022400000000000003,,0.0007000000000000001,-0.032400000000000005,0.036699999999999997,0.0917,0.0679,0.0676,0.013000000000000001,,0.1148,0.07980000000000001,0.0403,0.0152,0.0034000000000000002,0.0536,-0.051699999999999996,0.048499999999999995,,0.055999999999999994,0.0611,0.0542,0.0463,0.019,,,0.06860000000000001,0.121,0.042,0.0194,0.0016,0.012199999999999999,0.0253,0.0545,,0.1106,0.0713,0.0481,0.0776,0.023700000000000002,0.058499999999999996,0.026600000000000002,-0.0027,0.0271,0.0373,0.06309999999999999,0.043,0.048499999999999995
1956-03-31,0.0040999999999999995,0.018799999999999997,,0.0471,0.0163,0.076,-0.013600000000000001,0.0395,0.042699999999999995,0.0026,,0.0526,0.0746,0.056600000000000004,0.0632,-0.0049,0.1197,0.011000000000000001,0.09939999999999999,,0.0438,0.08650000000000001,0.0461,-0.0068000000000000005,0.0327,,,0.0167,0.0941,0.11460000000000001,0.0377,0.0143,0.0926,0.0147,0.1745,,0.1534,0.0642,0.11939999999999999,0.1085,0.07,0.0239,0.0028000000000000004,0.0277,0.030600000000000002,0.08259999999999999,0.24760000000000001,0.0688,0.0984
1956-04-30,-0.0291,-0.0005,,0.0218,0.0705,0.0527,0.0229,0.0393,-0.006999999999999999,-0.0163,,-0.06480000000000001,0.0366,-0.0078000000000000005,-0.0212,-0.034,0.0001,-0.0021,0.0363,,0.0288,-0.0256,-0.0501,0.0345,-0.004,,,-0.0179,-0.0625,0.0373,-0.0218,-0.0088,-0.068,0.0038,0.051,,-0.0405,0.0588,-0.0304,0.0223,0.0166,0.0039000000000000003,-0.0195,-0.0072,-0.0113,-0.0825,-0.0806,0.0395,-0.04769999999999999
1956-05-31,-0.0255,-0.0273,,-0.038599999999999995,-0.0408,-0.029500000000000002,-0.0378,0.0385,-0.06,-0.0383,,0.018600000000000002,-0.0151,-0.059000000000000004,-0.026000000000000002,-0.0579,-0.035699999999999996,-0.0227,-0.09449999999999999,,-0.0277,-0.0756,-0.0481,-0.0565,-0.0358,,,-0.0722,-0.0319,-0.0644,-0.0073,-0.0106,-0.0546,-0.022000000000000002,0.0032,,-0.0313,-0.0552,-0.0507,-0.0412,-0.0558,-0.0275,-0.0471,0.0271,-0.028300000000000002,-0.0322,-0.069,-0.0805,-0.024900000000000002
1956-06-30,0.006,0.0046,,0.018799999999999997,0.0066,0.0149,0.0105,0.059000000000000004,0.0085,0.0144,,0.06,0.0339,0.0414,0.060700000000000004,-0.0058,0.0452,0.0441,0.0499,,0.0633,0.0519,0.0741,0.0415,0.0318,,,-0.0013,0.10400000000000001,0.0265,0.0236,0.0128,0.054000000000000006,0.0059,0.121,,0.1184,0.048799999999999996,-0.0068000000000000005,0.0443,0.0159,0.005600000000000001,0.0231,0.0192,0.0444,-0.026600000000000002,0.013000000000000001,-0.0003,0.0271
1956-07-31,0.01,0.026000000000000002,,0.0044,0.0182,-0.0022,0.0149,0.07139999999999999,0.031200000000000002,0.0034000000000000002,,-0.0033,0.0341,0.0274,0.0054,0.0053,0.0562,0.0735,0.10869999999999999,,0.0874,0.0533,0.045899999999999996,0.0451,0.08990000000000001,,,0.0097,0.0225,0.060899999999999996,0.0524,0.0265,-0.0152,0.0055000000000000005,0.046799999999999994,,0.0679,0.0576,0.12050000000000001,0.0454,0.0216,0.0354,0.0471,0.0461,0.0235,0.0262,0.0719,0.0263,-0.0177
1956-08-31,0.0079,-0.0192,,0.0189,-0.021400000000000002,0.057999999999999996,0.0017000000000000001,0.0426,0.02,-0.009899999999999999,,-0.0482,-0.029300000000000003,-0.0368,-0.024700000000000003,-0.0262,-0.038900000000000004,-0.0384,-0.0189,,-0.035699999999999996,-0.0304,0.004699999999999999,0.085,-0.0148,,,0.0368,-0.0587,-0.0529,-0.024900000000000002,-0.0139,0.1103,0.023,-0.050300000000000004,,-0.0613,-0.024,-0.0742,-0.0747,-0.0527,-0.0034999999999999996,-0.028300000000000002,-0.027200000000000002,-0.0039000000000000003,-0.0599,-0.054000000000000006,-0.0373,-0.0425
1956-09-30,-0.043899999999999995,-0.0322,,-0.0173,-0.0417,0.0264,-0.043,-0.0932,-0.042300000000000004,-0.035699999999999996,,-0.0417,-0.0366,-0.0675,0.0661,-0.0196,-0.0629,-0.0412,-0.04650000000000001,,-0.031400000000000004,-0.0688,-0.023700000000000002,-0.0496,-0.0426,,,-0.048799999999999996,-0.0209,-0.058600000000000006,-0.0387,-0.0282,-0.0608,-0.0127,-0.0684,,-0.0645,-0.0702,-0.1322,-0.09380000000000001,-0.0408,-0.0169,-0.0458,-0.045,-0.051,-0.0346,-0.0087,-0.045599999999999995,0.0111
1956-10-31,-0.0095,-0.0027,,-0.02,0.027200000000000002,0.0709,-0.0089,0.0353,-0.0208,0.0017000000000000001,,-0.0302,0.0089,0.0083,0.0202,0.016200000000000003,-0.0148,0.0208,0.0068000000000000005,,0.034300000000000004,0.0333,-0.0014000000000000002,0.0446,0.0196,,,-0.0086,0.0803,0.0042,0.0113,-0.013999999999999999,0.011200000000000002,0.0161,0.0322,,0.028999999999999998,0.0305,-0.047400000000000005,0.0165,0.019799999999999998,0.0232,0.0128,0.0154,-0.0169,0.0446,0.016399999999999998,0.0148,-0.060599999999999994
1956-11-30,-0.013000000000000001,-0.0006,,-0.0167,-0.0108,0.08869999999999999,-0.0274,-0.0103,-0.016,-0.01,,0.0391,-0.0179,-0.0331,-0.0258,-0.0158,-0.0359,0.058600000000000006,0.0239,,0.0194,-0.0138,-0.034300000000000004,0.0291,0.08310000000000001,,,0.0113,0.0528,0.0529,0.0040999999999999995,0.015300000000000001,0.0032,0.005,0.0379,,0.08410000000000001,0.026600000000000002,-0.0489,-0.0264,-0.0049,0.03,-0.024900000000000002,0.005699999999999999,0.0138,-0.0317,0.005,0.0317,-0.015600000000000001
1956-12-31,0.0116,0.009000000000000001,,0.0567,0.0241,-0.0022,0.0467,-0.0463,0.0552,0.0125,,0.030299999999999997,0.0634,0.0527,0.0731,-0.0097,0.0542,0.061399999999999996,0.0403,,0.0664,0.0381,0.0227,0.0371,0.0426,,,0.023700000000000002,-0.0101,0.04190000000000001,0.0182,0.0258,0.0219,0.0104,0.0848,,0.0060999999999999995,0.0083,0.053099999999999994,0.0169,0.0199,0.0365,-0.006999999999999999,0.0008,0.011699999999999999,0.0347,0.0447,0.0085,0.0454
1957-01-31,0.0444,0.010700000000000001,,-0.0013,0.045899999999999996,-0.0447,0.0378,0.0302,-0.0404,0.0134,,-0.0203,-0.0229,-0.0564,-0.012199999999999999,0.0232,-0.0458,0.0075,-0.0956,,-0.02,-0.07769999999999999,-0.0646,-0.0337,0.0179,,,0.0076,-0.049400000000000006,-0.041100000000000005,0.0263,0.028999999999999998,0.028900000000000002,0.0147,-0.0349,,-0.08839999999999999,0.015700000000000002,-0.060700000000000004,-0.0275,-0.0219,0.0492,-0.017,0.0084,0.0076,0.0455,0.0658,0.0116,-0.049100000000000005
1957-02-28,-0.0206,-0.0121,,0.0137,-0.0113,-0.005600000000000001,-0.028900000000000002,0.0172,-0.024399999999999998,0.004699999999999999,,0.0434,-0.0075,-0.0191,0.0189,-0.073,-0.0149,-0.017,-0.0414,,-0.0216,0.0049,-0.021,-0.09119999999999999,-0.009000000000000001,,,0.011899999999999999,-0.0692,-0.022000000000000002,-0.003,0.0033,-0.0003,-0.0159,-0.0181,,0.05,-0.0533,-0.0137,-0.011200000000000002,-0.0425,0.0109,-0.0108,-0.0506,0.011399999999999999,0.0724,-0.0319,-0.0393,-0.003
1957-03-31,0.057800000000000004,0.011399999999999999,,0.0182,0.0111,0.0433,0.0213,0.019799999999999998,0.0512,0.0175,,0.044800000000000006,0.0857,0.0254,0.0555,0.022000000000000002,0.017,0.0478,0.0222,,0.0189,0.0538,0.0066,-0.0078000000000000005,0.0098,,,0.0508,0.013300000000000001,0.0319,0.0169,0.0152,0.0342,0.0096,0.0394,,0.0928,0.0209,-0.0269,0.0109,0.009899999999999999,0.0043,0.021,0.025699999999999997,0.0478,-0.0255,-0.0078000000000000005,0.0446,0.0447
1957-04-30,0.0137,0.0173,,0.0169,0.0049,0.0323,0.0246,0.12210000000000001,-0.0048,-0.0176,,0.016399999999999998,0.0576,0.0548,-0.0292,0.0002,0.009000000000000001,0.0791,0.0441,,0.0292,0.0784,0.0799,-0.0011,0.0605,,,-0.006999999999999999,-0.0177,0.0706,0.0316,0.0044,0.0011,0.0077,0.0872,,0.0793,0.1063,-0.0365,0.0098,0.0253,0.0072,0.0009,0.0331,0.0341,0.057800000000000004,0.040999999999999995,0.0728,0.005
1957-05-31,-0.0053,0.010700000000000001,,0.0424,-0.0089,0.0689,0.0329,0.08310000000000001,-0.0087,0.0077,,0.0055000000000000005,0.0516,0.0354,0.0206,0.0481,0.0546,0.021,0.0218,,0.0255,0.0446,0.0169,0.0006,-0.0124,,,-0.0062,0.054299999999999994,0.0767,0.0225,0.0104,-0.0046,-0.0044,0.0806,,0.0479,0.0784,0.06309999999999999,0.0495,0.0070999999999999995,0.037000000000000005,0.025099999999999997,0.0074,0.0282,-0.0165,0.051699999999999996,0.0403,-0.018500000000000003
1957-06-30,0.024300000000000002,-0.0084,,0.0088,-0.015700000000000002,0.0175,0.0001,0.0371,0.0004,-0.016399999999999998,,0.0048,0.0696,-0.0011,0.0034000000000000002,-0.018500000000000003,0.0024,-0.04190000000000001,0.013600000000000001,,-0.0233,0.0282,0.0027,-0.060599999999999994,-0.04769999999999999,,,0.0002,-0.024700000000000003,-0.0174,-0.0512,-0.021099999999999997,0.0149,-0.0039000000000000003,0.0916,,0.0707,0.0781,-0.0073,0.0455,0.0040999999999999995,-0.0003,-0.0207,-0.008100000000000001,-0.0335,-0.0262,-0.039900000000000005,-0.053200000000000004,0.0055000000000000005
1957-07-31,-0.0412,0.023700000000000002,,-0.0166,-0.0048,0.0588,0.0005,0.0089,0.048600000000000004,-0.013000000000000001,,0.0993,0.0206,0.0161,-0.0059,-0.0059,0.0166,0.015700000000000002,-0.0032,,-0.018600000000000002,0.011399999999999999,0.0373,-0.0527,-0.0003,,,0.009000000000000001,-0.0109,0.0103,0.0001,-0.0024,0.0019,-0.0025,0.0097,,0.0507,-0.0048,0.0191,-0.006999999999999999,0.022000000000000002,0.0011,0.0313,0.011699999999999999,0.0017000000000000001,-0.050300000000000004,0.0028000000000000004,-0.001,-0.0059
1957-08-31,0.027200000000000002,-0.0236,,-0.04,0.0291,-0.0775,-0.0382,-0.0588,-0.0208,-0.0316,,-0.0694,-0.026600000000000002,-0.0668,-0.059800000000000006,-0.0702,-0.0706,-0.060599999999999994,-0.0702,,-0.056900000000000006,-0.0652,-0.034300000000000004,-0.008,-0.025699999999999997,,,-0.059699999999999996,-0.0697,-0.0574,-0.0258,-0.0012,0.0365,-0.006999999999999999,-0.069,,-0.1164,-0.0803,-0.1505,-0.0557,-0.0682,-0.0917,-0.0227,-0.0365,-0.0033,-0.0637,-0.0342,-0.048600000000000004,-0.0398
1957-09-30,-0.056900000000000006,-0.0134,,-0.052300000000000006,0.0536,-0.0647,-0.0513,0.001,-0.0176,-0.0226,,-0.0147,-0.0316,-0.06509999999999999,-0.0383,-0.0542,-0.0512,-0.061799999999999994,-0.0876,,-0.0729,-0.0669,-0.0739,-0.0981,-0.095,,,-0.1003,-0.094,-0.0796,-0.0174,-0.0225,0.0325,-0.0049,-0.046900000000000004,,-0.0877,-0.0794,0.0025,-0.0434,-0.078,-0.040999999999999995,0.0073,-0.0256,-0.0067,-0.040999999999999995,-0.049800000000000004,-0.0692,-0.0321
1957-10-31,-0.049100000000000005,-0.0166,,-0.021,0.009899999999999999,-0.050300000000000004,-0.1151,-0.1035,-0.0287,-0.0358,,-0.0242,-0.0055000000000000005,-0.0349,-0.037200000000000004,-0.0776,-0.0385,-0.071,-0.0762,,-0.0643,-0.023,-0.0341,-0.0466,-0.0258,,,-0.06709999999999999,-0.0472,-0.057800000000000004,-0.006999999999999999,-0.021,-0.015600000000000001,-0.0144,-0.026099999999999998,,-0.0711,0.048499999999999995,-0.084,-0.0365,-0.0728,-0.085,-0.0363,-0.083,-0.0134,-0.029900000000000003,-0.1109,-0.1007,-0.0418
1957-11-30,0.0144,0.0362,,0.0526,0.038900000000000004,0.051500000000000004,0.0381,0.0167,0.0379,-0.0165,,0.0562,0.0886,0.049400000000000006,0.0202,0.0258,0.045899999999999996,0.1165,-0.01,,-0.0163,0.0819,-0.0394,0.1613,0.051,,,-0.0318,-0.0146,0.0248,0.044000000000000004,0.0149,0.052300000000000006,0.0040999999999999995,0.0397,,0.1177,0.0258,0.0892,0.0655,-0.018600000000000002,0.0218,0.0171,-0.0277,0.0608,0.0436,0.0051,0.027000000000000003,-0.0184
1957-12-31,-0.0759,0.02,,-0.029500000000000002,0.0318,-0.0316,-0.0487,-0.0277,0.028999999999999998,-0.025,,0.012199999999999999,-0.0060999999999999995,-0.0326,-0.0506,-0.07429999999999999,-0.0262,-0.08810000000000001,-0.0886,,-0.07440000000000001,-0.0472,-0.0652,-0.063,-0.0481,,,-0.0728,-0.0785,-0.0697,0.0256,0.0126,-0.013500000000000002,0.0315,-0.009300000000000001,,-0.0913,0.0086,-0.051100000000000007,-0.0288,-0.0662,-0.0353,-0.016200000000000003,-0.0174,0.0038,0.105,-0.0575,-0.04769999999999999,0.0052
1958-01-31,0.09720000000000001,0.0668,,0.0731,0.059800000000000006,0.1023,0.0986,0.0753,0.023700000000000002,0.08529999999999999,,0.0861,-0.011000000000000001,0.0339,0.0897,0.1624,0.06309999999999999,0.1932,0.08560000000000001,,0.1066,0.0351,0.0364,0.0425,0.0733,,,0.0873,0.0906,0.0149,0.060599999999999994,0.0426,0.0395,0.0258,0.0553,,0.0024,0.0426,0.1033,0.0466,0.1301,0.0463,0.0767,0.11810000000000001,0.0784,0.0236,0.049400000000000006,0.1148,0.0433
1958-02-28,0.10189999999999999,0.026600000000000002,,0.028900000000000002,0.0034000000000000002,-0.0125,-0.0032,-0.060599999999999994,0.0236,0.0181,,-0.0141,0.0548,-0.0378,-0.0029,-0.0168,-0.006999999999999999,-0.0392,0.0040999999999999995,,-0.034,-0.0374,-0.0223,-0.0263,-0.0086,,,-0.0333,-0.0271,-0.0466,0.0129,0.0066,0.0378,0.0036,0.020099999999999996,,-0.0222,-0.004,-0.0537,-0.0183,-0.035699999999999996,0.0043,0.0146,-0.0004,0.0391,0.0525,-0.0085,-0.0268,0.0359
1958-03-31,0.0466,0.0383,,0.0296,0.0633,0.056100000000000004,0.0053,0.054000000000000006,0.0433,0.0333,,0.0978,0.0805,-0.0031,0.0202,0.0236,0.029900000000000003,0.0784,0.020499999999999997,,0.0393,0.0091,0.0252,0.0067,-0.0018,,,0.086,0.0108,0.0802,0.0207,0.011699999999999999,0.053,0.005699999999999999,0.0519,,0.0638,0.0273,0.0394,0.0333,0.004699999999999999,0.0382,0.0408,0.07629999999999999,0.024300000000000002,0.0068000000000000005,0.09849999999999999,0.049400000000000006,0.09960000000000001
1958-04-30,0.0739,0.0288,,0.0368,0.0454,-0.019299999999999998,0.0379,0.0525,0.021400000000000002,0.028999999999999998,,0.0181,0.0694,0.0085,-0.0382,0.0512,0.013600000000000001,-0.0179,0.0137,,0.0277,-0.0151,0.0436,0.0557,0.0028000000000000004,,,0.0097,0.047599999999999996,0.051500000000000004,0.0495,0.027000000000000003,0.0014000000000000002,0.026099999999999998,0.014199999999999999,,-0.0054,0.0226,0.0058,0.0174,0.0719,0.0084,0.0316,0.0172,0.0146,0.0277,0.0802,0.025,-0.0087
1958-05-31,0.0078000000000000005,0.0325,,0.0344,0.005699999999999999,0.012,0.0726,0.0253,-0.005,0.030899999999999997,,-0.0248,0.0174,0.0166,-0.0044,0.051399999999999994,0.0203,0.0011,0.06860000000000001,,0.030699999999999998,0.0227,0.042,0.0641,0.0301,,,0.0453,0.0632,0.0025,0.014499999999999999,0.021099999999999997,0.0392,0.0371,0.0097,,0.056900000000000006,-0.0172,-0.0003,0.049699999999999994,0.0404,0.0271,0.0369,0.0848,0.0331,-0.0225,0.18030000000000002,0.0174,0.024399999999999998
1958-06-30,0.0552,0.0262,,0.030699999999999998,0.0398,0.0784,0.04190000000000001,0.0075,0.0388,-0.042699999999999995,,-0.0199,0.039599999999999996,0.0305,0.031200000000000002,0.0017000000000000001,0.027000000000000003,0.018600000000000002,0.009300000000000001,,0.031200000000000002,0.0166,0.030600000000000002,0.0206,0.009000000000000001,,,0.0362,0.024399999999999998,0.049699999999999994,0.0219,0.0167,0.0339,0.0013,0.0626,,0.011899999999999999,0.0639,0.10869999999999999,0.013500000000000002,0.0258,0.0179,0.0217,0.0194,0.0060999999999999995,0.0431,0.0058,0.053399999999999996,0.0754
1958-07-31,0.006500000000000001,0.0149,,0.033,-0.0003,0.0292,0.0222,-0.0453,0.1001,0.027200000000000002,,0.0736,0.059000000000000004,0.0786,0.027999999999999997,0.075,0.0679,0.0154,0.1158,,0.08439999999999999,0.0484,0.1023,0.0574,0.06509999999999999,,,0.0383,0.1245,0.005,0.011200000000000002,0.009000000000000001,-0.0152,0.0883,0.0063,,0.0689,0.055099999999999996,0.1076,0.0546,0.084,0.042699999999999995,0.017,0.0316,0.0287,0.0174,0.09390000000000001,0.0092,0.0106
1958-08-31,0.0682,0.0195,,0.0507,0.0229,0.08650000000000001,0.063,0.12269999999999999,-0.015700000000000002,0.0279,,0.013500000000000002,0.0202,0.0256,0.0325,0.0434,0.024700000000000003,-0.0031,0.0305,,0.0369,0.021400000000000002,-0.0019,0.0013,0.0116,,,-0.0045000000000000005,0.026099999999999998,0.0191,-0.01,0.0241,0.0194,0.0174,0.0178,,0.0239,0.023799999999999998,0.0242,0.0291,0.0218,0.0353,0.0587,0.0644,0.0593,-0.0088,0.0394,0.0467,0.11779999999999999
1958-09-30,-0.0226,0.023,,0.062,0.0801,0.1416,0.0559,0.0978,0.0453,0.0404,,0.0554,0.1211,0.0287,0.0407,0.1011,0.0369,0.0567,0.0836,,0.042,0.0567,0.0949,-0.015600000000000001,0.0167,,,-0.0087,-0.0037,0.0335,0.0346,0.0508,0.0508,0.047,0.0819,,-0.024,0.0674,0.0751,0.0416,0.08,0.023399999999999997,0.041100000000000005,0.1092,-0.029500000000000002,-0.0345,0.0039000000000000003,0.029900000000000003,-0.0375
1958-10-31,0.0548,0.0147,,0.0601,0.017,0.1563,0.038599999999999995,0.055999999999999994,0.0922,-0.0023,,0.0756,0.0068000000000000005,0.008,0.0415,0.0344,0.0103,0.09179999999999999,0.049100000000000005,,0.032400000000000005,0.04019999999999999,0.0278,0.0712,0.0401,,,0.0308,0.0256,0.0131,0.042800000000000005,0.0146,0.054900000000000004,0.0381,0.065,,0.0141,0.0281,-0.0843,0.026000000000000002,0.037599999999999995,0.0121,0.0118,0.037599999999999995,0.0437,0.0842,0.0208,0.0203,0.030600000000000002
1958-11-30,0.0098,0.051500000000000004,,0.0556,0.0175,0.0236,0.062,0.0999,0.046900000000000004,0.022400000000000003,,0.07400000000000001,0.0808,0.034,0.021400000000000002,0.0268,0.038900000000000004,0.0809,0.006,,0.042,0.0391,0.029300000000000003,-0.0104,0.0287,,,0.0169,-0.0098,0.019799999999999998,0.0296,0.0215,0.0729,0.0471,0.0222,,0.145,0.0785,0.085,0.0344,0.0576,0.040999999999999995,0.0601,0.1444,-0.0014000000000000002,0.0196,0.038900000000000004,0.0479,0.0432
1958-12-31,-0.0083,0.0321,,0.0072,0.0377,-0.0436,0.0294,-0.0393,0.0199,0.0417,,0.0633,0.045,0.0581,0.0382,0.0346,0.054400000000000004,-0.0297,0.0674,,0.0286,0.11470000000000001,0.0365,0.001,0.0431,,,0.0416,0.0401,0.0121,0.0594,0.134,0.09140000000000001,0.0256,0.2022,,0.08689999999999999,0.0552,0.0611,0.0313,0.0233,0.0525,0.0583,-0.0169,0.0414,0.1442,-0.051699999999999996,0.024399999999999998,0.0974
1959-01-31,-0.0067,0.0259,,0.025099999999999997,0.0876,0.0599,0.037000000000000005,0.0273,0.020499999999999997,0.0814,,0.0171,-0.0076,-0.0027,0.015300000000000001,0.0326,0.015600000000000001,0.08,0.0138,,0.0127,-0.0068000000000000005,-0.0042,0.0148,-0.0231,,,0.0473,0.0187,0.0049,0.0125,0.0391,0.054400000000000004,0.0746,-0.053,,-0.0259,-0.005699999999999999,-0.011399999999999999,0.008100000000000001,0.0373,0.0009,0.0364,0.0258,-0.0559,-0.0207,-0.0040999999999999995,0.0002,-0.022099999999999998
1959-02-28,0.06509999999999999,0.026600000000000002,,0.0301,0.0076,0.12300000000000001,0.0277,-0.0202,0.0352,0.0525,,-0.0227,0.042699999999999995,0.053,0.0513,0.0571,0.0335,0.0296,0.0131,,0.029900000000000003,0.0454,-0.006,0.0649,0.0333,,,-0.0143,-0.0106,-0.0754,0.0126,0.048600000000000004,-0.0068000000000000005,-0.0068000000000000005,0.053,,0.0455,0.0737,0.1315,0.0329,0.0126,0.0134,0.0269,0.0322,0.0271,0.030699999999999998,0.0296,0.0183,0.0446
1959-03-31,0.0077,-0.0070999999999999995,,-0.024399999999999998,0.0235,0.1063,0.015,0.0308,0.0851,-0.0075,,0.0693,0.040999999999999995,0.0116,0.0183,0.0126,0.0007000000000000001,-0.0204,-0.0368,,-0.0022,0.0315,-0.0115,0.047,0.013500000000000002,,,0.034,0.0059,0.0217,0.016399999999999998,-0.0052,0.155,-0.006999999999999999,0.0169,,0.0176,0.0084,-0.013500000000000002,-0.0070999999999999995,-0.0051,0.0005,-0.018000000000000002,0.059800000000000006,-0.0362,-0.06,0.0644,-0.02,0.0058
1959-04-30,0.1344,0.011899999999999999,,0.015,0.0395,0.2389,0.0313,-0.0255,-0.0125,0.021400000000000002,,-0.0894,0.1319,0.0718,0.0034000000000000002,0.04190000000000001,0.0447,-0.039599999999999996,0.021099999999999997,,0.0401,0.0706,0.0908,0.031200000000000002,-0.022799999999999997,,,-0.0688,-0.0043,0.0176,-0.0113,0.0461,0.0278,0.0121,0.0735,,0.1127,0.1527,0.0576,0.0166,0.0368,0.0705,0.012,-0.0097,0.0346,-0.0076,-0.0467,0.0064,0.0323
1959-05-31,-0.0403,0.0471,,0.0085,-0.059000000000000004,-0.0338,-0.0015,-0.0285,0.026099999999999998,0.0003,,0.0239,-0.0124,0.0581,0.0633,0.024300000000000002,0.0388,-0.0029,0.0509,,0.0455,0.0121,0.046,0.029900000000000003,-0.0062,,,-0.0134,-0.0115,-0.0095,-0.011000000000000001,-0.0101,-0.0779,-0.0034000000000000002,0.1606,,-0.0406,-0.0379,0.0215,-0.0101,0.011000000000000001,-0.009899999999999999,0.029500000000000002,-0.0042,0.0291,-0.0176,-0.018500000000000003,-0.0053,0.061
1959-06-30,0.1052,-0.0092,,0.0034999999999999996,0.045899999999999996,0.0894,0.0063,0.0091,-0.0088,0.0137,,0.24100000000000002,0.0571,-0.015600000000000001,-0.0207,0.0663,0.014499999999999999,0.0007000000000000001,0.049100000000000005,,0.0434,-0.0092,0.0031,-0.0542,-0.015,,,-0.04019999999999999,0.0216,-0.0281,-0.0223,-0.011000000000000001,0.054900000000000004,-0.006999999999999999,-0.0375,,0.0711,0.0354,-0.005600000000000001,0.024700000000000003,0.016,0.0168,0.023,0.058600000000000006,0.0168,0.058499999999999996,-0.0046,0.0144,0.008100000000000001
1959-07-31,0.0169,0.0384,,0.10279999999999999,0.0075,0.0161,0.06509999999999999,0.1213,0.0232,-0.0102,,-0.0215,0.051,0.0635,0.0383,0.0707,0.0202,0.0072,0.0341,,0.0212,0.005699999999999999,0.0721,-0.0037,0.0196,,,0.0108,0.1096,0.048600000000000004,0.0382,0.006,-0.005,0.0176,-0.034,,0.051399999999999994,0.0786,0.0128,0.031,-0.006999999999999999,0.0262,0.0206,0.0197,-0.0159,0.0323,0.1067,0.047599999999999996,-0.0124
1959-08-31,-0.0911,-0.001,,-0.024300000000000002,0.0316,-0.0086,-0.031400000000000004,0.0451,0.032799999999999996,-0.011899999999999999,,0.0572,-0.0403,-0.0337,0.0055000000000000005,-0.030899999999999997,-0.0255,-0.0268,0.0206,,-0.0207,-0.0233,0.0078000000000000005,-0.14029999999999998,-0.0304,,,-0.018000000000000002,-0.0004,-0.0321,0.0134,0.0060999999999999995,-0.0242,0.0203,-0.0171,,-0.07519999999999999,-0.0322,-0.0605,-0.0036,-0.0281,-0.011200000000000002,0.009300000000000001,0.0297,-0.010700000000000001,-0.0661,-0.0084,-0.006999999999999999,0.0034000000000000002
1959-09-30,-0.050199999999999995,-0.0298,,-0.042699999999999995,-0.030299999999999997,-0.0487,-0.053,-0.0888,-0.0639,-0.0095,,-0.0481,-0.0496,-0.0513,-0.065,-0.0278,-0.0416,-0.084,-0.0518,,-0.0716,-0.0462,-0.0437,-0.054900000000000004,-0.053,,,-0.044000000000000004,-0.0592,-0.0692,-0.0435,-0.0096,-0.0382,-0.0125,-0.0279,,-0.0836,-0.0453,-0.0728,-0.0279,-0.0345,-0.048499999999999995,-0.0195,-0.049400000000000006,-0.0282,-0.0536,-0.0455,-0.06480000000000001,-0.0385
1959-10-31,0.1324,0.026099999999999998,,0.0103,0.06,0.1448,0.017,0.0683,0.045,0.0554,,0.0695,0.0208,0.0151,-0.0013,-0.018000000000000002,0.0366,0.0143,-0.013000000000000001,,0.0172,0.0579,-0.0008,0.0655,-0.022799999999999997,,,-0.013500000000000002,0.0527,0.0108,0.0089,0.013000000000000001,0.011699999999999999,0.025099999999999997,0.0116,,0.0625,0.10529999999999999,0.0182,0.0154,-0.0079,0.0605,0.005699999999999999,0.0731,-0.0195,-0.04769999999999999,0.0384,0.042699999999999995,0.0453
1959-11-30,0.094,0.0009,,0.0183,0.0209,0.055,0.0227,-0.019299999999999998,0.0326,0.0044,,-0.019,0.0605,0.023,-0.0258,0.0052,0.011399999999999999,0.0048,-0.0036,,0.0004,0.10369999999999999,-0.0019,0.1388,0.0538,,,0.008199999999999999,0.0072,-0.0043,0.004,-0.0123,0.0756,0.0304,0.0644,,0.0501,0.1247,0.0207,0.06269999999999999,-0.0181,0.0698,0.0206,-0.009399999999999999,0.0242,0.0719,-0.0012,-0.0067,0.0973
1959-12-31,-0.043899999999999995,0.0301,,0.0069,-0.0268,-0.0036,0.0446,0.0875,0.0101,0.0222,,-0.0706,-0.0139,0.0342,0.0158,0.0108,0.0089,0.0526,0.0252,,0.0345,0.0591,0.0493,-0.06480000000000001,0.0049,,,0.047599999999999996,0.0241,0.042699999999999995,0.021400000000000002,0.0434,-0.0195,0.0298,0.0037,,0.0432,0.013600000000000001,0.0632,0.017,0.023700000000000002,-0.0012,0.027999999999999997,0.0301,-0.0281,0.1167,0.0332,0.0169,-0.0868
1960-01-31,-0.0414,-0.0416,,-0.0541,-0.0172,0.1175,-0.0895,-0.0623,-0.0753,-0.08220000000000001,,-0.0388,-0.065,-0.09699999999999999,-0.036000000000000004,-0.0451,-0.065,-0.0242,-0.09050000000000001,,-0.040999999999999995,-0.1199,-0.11220000000000001,-0.0581,-0.0197,,,-0.036000000000000004,-0.0758,-0.07490000000000001,-0.0208,0.0095,-0.056900000000000006,-0.037599999999999995,-0.0552,,-0.10550000000000001,-0.1072,-0.0756,-0.0913,-0.0415,-0.0501,-0.0572,-0.09699999999999999,-0.0101,-0.102,-0.0639,-0.0632,-0.036699999999999997
1960-02-29,0.056100000000000004,0.0348,,-0.018600000000000002,0.026000000000000002,0.0739,0.0087,0.033,0.0959,0.0174,,0.037000000000000005,0.0014000000000000002,-0.0045000000000000005,0.004,0.0078000000000000005,0.0345,0.0108,-0.0176,,-0.0184,0.0538,-0.0196,0.020499999999999997,0.0296,,,0.019799999999999998,-0.0268,-0.0348,0.0277,0.0837,0.1366,0.0032,0.0209,,0.1033,0.107,-0.0758,0.035699999999999996,-0.0073,0.0179,0.044500000000000005,0.020099999999999996,0.0017000000000000001,0.021099999999999997,-0.0059,-0.0216,0.0889
1960-03-31,0.0277,-0.0168,,-0.0259,0.0017000000000000001,-0.0163,0.015,0.0538,-0.0021,-0.0225,,-0.042,0.019299999999999998,-0.0239,0.009000000000000001,-0.0638,-0.0040999999999999995,-0.0084,-0.052300000000000006,,-0.0323,-0.005,-0.056799999999999996,-0.0951,-0.040999999999999995,,,-0.0264,-0.0513,-0.0072,0.0175,0.0017000000000000001,0.0277,-0.0424,0.0379,,0.001,0.0452,-0.0195,-0.0209,-0.0461,-0.0103,0.0015,-0.0347,0.0166,-0.0073,-0.0086,-0.006999999999999999,-0.0308
1960-04-30,0.043899999999999995,0.0104,,-0.02,0.0154,0.1295,-0.0173,-0.004699999999999999,-0.011000000000000001,0.004,,0.0029,0.0171,-0.053399999999999996,0.0048,-0.009000000000000001,-0.009300000000000001,-0.0941,-0.053399999999999996,,-0.0392,-0.0106,-0.0167,-0.005600000000000001,-0.026000000000000002,,,-0.0062,-0.0278,-0.0429,0.0138,-0.0105,0.098,-0.0191,0.0229,,0.0529,0.0055000000000000005,-0.0729,0.0076,-0.019299999999999998,0.0069,-0.0037,0.0902,0.0192,-0.04019999999999999,-0.0701,-0.0199,0.0083
1960-05-31,0.17079999999999998,0.07629999999999999,,-0.0025,0.0273,0.11019999999999999,0.0226,0.17300000000000001,0.08,0.0203,,0.16329999999999997,0.1361,0.0366,-0.011699999999999999,0.0229,0.038599999999999995,-0.07490000000000001,0.0262,,0.011899999999999999,0.0666,0.0053,0.10529999999999999,0.0738,,,-0.0111,0.0269,-0.0362,0.015,0.0332,0.0036,-0.039599999999999996,0.12480000000000001,,0.1157,0.1173,-0.0401,0.0326,0.010700000000000001,0.0182,0.0322,0.0109,-0.0046,0.0206,0.0655,-0.0072,0.0215
1960-06-30,-0.051699999999999996,0.0681,,0.0070999999999999995,0.049800000000000004,-0.0131,0.0885,0.0075,0.0661,-0.013500000000000002,,0.0017000000000000001,-0.0018,0.0069,-0.025699999999999997,0.0435,0.0281,0.016399999999999998,0.015600000000000001,,0.0187,0.0006,-0.0006,0.0016,0.0171,,,-0.0216,-0.0109,0.0362,0.057699999999999994,-0.0034999999999999996,-0.09849999999999999,0.0008,0.031400000000000004,,-0.0333,0.0325,-0.045,0.038900000000000004,0.023799999999999998,0.056799999999999996,0.0373,0.0134,0.0542,0.0819,-0.0576,0.02,0.09699999999999999
1960-07-31,-0.0437,-0.0172,,-0.0066,0.0472,-0.062400000000000004,-0.022000000000000002,0.0141,-0.0048,-0.009300000000000001,,0.0152,-0.04190000000000001,-0.0666,-0.0259,-0.0302,-0.0513,-0.0282,-0.0225,,-0.0375,-0.0683,-0.013600000000000001,0.0371,-0.0235,,,0.0333,0.0217,0.0067,-0.010700000000000001,0.001,0.0346,-0.0073,-0.0102,,-0.0482,-0.027999999999999997,-0.0105,-0.04019999999999999,-0.0292,-0.0613,-0.0287,-0.011200000000000002,0.0091,0.014499999999999999,-0.0438,-0.006999999999999999,-0.0731
1960-08-31,-0.0425,0.0572,,0.0337,0.053899999999999997,0.057,0.09570000000000001,0.037000000000000005,0.0525,0.0313,,0.0259,0.0246,0.0134,0.0127,-0.0068000000000000005,0.0076,0.0034000000000000002,0.008,,0.0095,-0.0088,0.033,0.10619999999999999,-0.015300000000000001,,,0.0712,0.0364,0.041100000000000005,0.0432,0.0711,0.06709999999999999,0.046900000000000004,0.0258,,0.025,0.0353,0.038,0.0132,0.0217,0.046,0.0301,0.0223,0.0495,0.023700000000000002,0.0403,0.0281,0.0483
1960-09-30,-0.1383,-0.0275,,-0.0481,-0.0195,-0.0044,-0.0444,-0.064,-0.09029999999999999,-0.046799999999999994,,-0.106,-0.086,-0.06559999999999999,-0.0713,-0.049800000000000004,-0.048799999999999996,-0.0487,-0.0809,,-0.0555,-0.1032,-0.061399999999999996,-0.0816,-0.0968,,,-0.0206,-0.0504,-0.0092,-0.0449,-0.059500000000000004,-0.032,-0.059699999999999996,-0.050499999999999996,,-0.1567,-0.1017,-0.0888,-0.0718,-0.0673,-0.0837,-0.0839,-0.0176,-0.0451,-0.1148,-0.0414,-0.0526,-0.0263
1960-10-31,-0.0987,0.022099999999999998,,0.0079,0.0409,0.047,-0.057800000000000004,0.03,0.0669,-0.029500000000000002,,0.0455,-0.039900000000000005,-0.013600000000000001,-0.0207,-0.0296,-0.0104,-0.0483,-0.021400000000000002,,-0.012199999999999999,-0.0335,-0.0134,0.0129,0.0087,,,0.0341,-0.0141,0.025,-0.0034000000000000002,0.0014000000000000002,0.066,0.0066,-0.0131,,0.0014000000000000002,-0.0771,-0.0033,-0.0165,-0.0078000000000000005,-0.0409,0.0055000000000000005,-0.0432,0.009300000000000001,-0.0005,-0.0409,-0.013500000000000002,0.0178
1960-11-30,0.0526,0.0992,,0.0664,0.0559,0.1655,0.1016,0.1305,0.0925,0.0263,,0.0873,0.0373,0.0438,0.0327,0.0217,0.0654,0.1193,0.0138,,0.08410000000000001,0.0533,-0.0023,0.0832,0.061200000000000004,,,0.0757,0.0678,0.0333,0.0374,0.04190000000000001,0.07339999999999999,0.0431,0.0931,,-0.0024,0.0823,0.0541,0.054400000000000004,0.053899999999999997,0.0973,0.0664,0.0453,0.08800000000000001,0.09519999999999999,0.0874,0.0567,0.0455
1960-12-31,0.0344,0.047599999999999996,,-0.0013,0.037000000000000005,0.0989,0.047,0.0782,0.019299999999999998,0.0362,,0.0436,0.0636,0.030299999999999997,0.0524,0.0063,0.0461,0.0481,0.0495,,0.049400000000000006,0.011699999999999999,-0.0037,0.0298,0.0141,,,0.0611,0.0173,0.0538,0.0636,0.12560000000000002,0.08839999999999999,0.08039999999999999,0.0661,,0.0701,-0.0092,0.053099999999999994,0.0575,0.0255,0.0229,0.0222,0.022400000000000003,0.0409,0.09720000000000001,0.037000000000000005,0.06509999999999999,0.034300000000000004
1961-01-31,0.0694,0.047400000000000005,,0.053399999999999996,0.08960000000000001,-0.034,0.0786,0.0978,0.045599999999999995,0.0558,,0.1611,0.053200000000000004,0.0665,0.06269999999999999,0.11359999999999999,0.0526,0.1533,0.0849,,0.0611,-0.0040999999999999995,0.0852,0.0559,0.0962,,,0.061399999999999996,0.1105,0.0973,0.0496,0.0789,0.034300000000000004,0.066,0.0669,,0.063,0.0167,0.0895,0.0467,0.08470000000000001,0.08130000000000001,0.0252,0.042699999999999995,0.0855,0.028999999999999998,0.054299999999999994,0.0735,0.0958
1961-02-28,0.011200000000000002,0.0458,,0.08310000000000001,0.0557,0.2865,0.1298,0.0159,0.0604,0.07,,0.1517,0.0443,0.0227,0.1012,0.0693,0.0484,0.0718,0.0591,,0.0917,-0.0015,0.04,0.0808,0.0084,,,-0.0161,0.09390000000000001,0.005699999999999999,0.0363,0.0075,0.0175,0.0137,0.06559999999999999,,0.0329,0.0037,0.09480000000000001,0.0695,0.0449,0.0349,0.049800000000000004,0.084,0.09179999999999999,0.026699999999999998,0.1264,0.0509,0.0425
1961-03-31,0.0449,0.0487,,0.027200000000000002,0.057999999999999996,0.0335,0.1449,0.0495,0.0654,0.0371,,0.0204,0.0395,0.011399999999999999,0.11699999999999999,0.0616,0.024399999999999998,0.07980000000000001,0.020499999999999997,,0.017,0.0318,0.0285,0.0232,-0.0023,,,0.0263,-0.0055000000000000005,0.0144,0.0202,0.0748,-0.013500000000000002,0.0537,0.0327,,-0.013600000000000001,0.0147,-0.024700000000000003,-0.0046,0.011000000000000001,0.0478,0.0603,0.0425,0.0593,0.0074,0.1065,0.0387,0.0533
1961-04-30,-0.018600000000000002,-0.0118,,0.016200000000000003,-0.0006,-0.0431,0.015700000000000002,-0.08310000000000001,0.0281,0.0305,,-0.087,0.0039000000000000003,-0.0131,0.0053,-0.051500000000000004,-0.0362,0.0226,-0.0144,,-0.0215,-0.0236,-0.0236,0.0325,-0.014199999999999999,,,0.011399999999999999,0.0068000000000000005,0.0483,0.018600000000000002,0.008,-0.0177,0.0363,0.0288,,-0.0336,0.023700000000000002,0.0055000000000000005,-0.0022,-0.0134,0.033,0.0037,0.044000000000000004,0.028399999999999998,0.025099999999999997,0.0803,-0.0102,-0.054000000000000006
1961-05-31,-0.0018,0.0471,,0.0546,0.0356,-0.0492,-0.0195,0.0268,0.0017000000000000001,0.0729,,0.0040999999999999995,0.024300000000000002,0.057,0.0529,0.0565,0.020499999999999997,0.0669,0.0608,,0.0481,0.04650000000000001,0.0349,0.0269,0.0115,,,0.0868,0.0782,-0.0001,0.0239,-0.0104,-0.0127,0.027000000000000003,0.027200000000000002,,0.0745,-0.0226,0.011200000000000002,0.015700000000000002,0.0507,0.002,0.044800000000000006,-0.0174,0.0383,-0.0134,0.056100000000000004,0.0599,0.0262
1961-06-30,-0.0966,-0.014499999999999999,,-0.028900000000000002,0.0417,-0.06709999999999999,-0.0414,-0.0464,0.0362,-0.0492,,-0.0192,-0.0355,-0.011399999999999999,-0.04650000000000001,-0.0317,-0.0248,-0.0762,-0.0747,,-0.0296,-0.0371,-0.0068000000000000005,-0.0387,-0.0089,,,-0.0576,-0.042199999999999994,-0.04019999999999999,-0.0187,-0.04019999999999999,0.0168,-0.0154,-0.0239,,-0.06,-0.0449,-0.0252,-0.043,-0.0415,-0.0475,0.0106,-0.0542,-0.0255,-0.016200000000000003,-0.0381,-0.0285,0.0323
1961-07-31,-0.0013,0.0308,,0.0105,0.0613,-0.0208,0.0049,-0.0216,0.022000000000000002,0.016399999999999998,,-0.0259,0.0397,0.0313,-0.012199999999999999,0.0171,-0.0003,0.0075,0.0434,,0.0129,0.0336,0.0592,0.0464,0.0182,,,0.0276,0.0341,0.0226,0.0287,0.0643,-0.09210000000000002,-0.0327,0.0197,,-0.017,-0.021,0.0339,-0.0037,-0.0018,0.0016,0.0263,0.0301,0.0291,0.004699999999999999,-0.025099999999999997,0.0576,0.0886
1961-08-31,-0.0886,0.059000000000000004,,0.0335,0.079,0.0038,0.019299999999999998,0.0089,0.10619999999999999,0.050300000000000004,,0.0565,0.0374,0.0248,0.0346,0.059500000000000004,0.0087,0.0274,0.0032,,0.017,0.0338,0.015,-0.006999999999999999,-0.0075,,,0.047,0.0177,0.0013,0.0381,0.0021,0.1107,0.0213,0.0652,,0.0323,0.020099999999999996,0.0737,0.0547,0.0353,0.028399999999999998,0.0319,0.0049,0.09949999999999999,0.1724,-0.058499999999999996,0.049699999999999994,0.0104
1961-09-30,-0.1437,0.0027,,-0.013300000000000001,0.0011,0.0779,-0.0786,0.014499999999999999,-0.0287,-0.0063,,-0.0562,-0.0091,-0.042800000000000005,-0.0195,-0.0409,-0.0195,-0.0604,-0.0776,,-0.0436,-0.012199999999999999,0.038599999999999995,-0.069,-0.0395,,,-0.0611,0.0132,-0.066,0.0141,-0.0273,-0.0593,-0.0318,0.0322,,-0.043,-0.0365,-0.048799999999999996,-0.0253,-0.0104,-0.041100000000000005,0.0073,-0.0587,0.0361,-0.061200000000000004,-0.061399999999999996,-0.0354,0.057
1961-10-31,-0.076,0.0443,,-0.006500000000000001,0.0724,-0.1193,0.0629,0.0127,-0.005600000000000001,0.08439999999999999,,0.0455,0.036000000000000004,0.0024,0.0175,0.0335,0.0075,0.0454,-0.016399999999999998,,0.0075,-0.0176,0.0040999999999999995,-0.0545,-0.0388,,,-0.0204,0.048,0.0672,0.053099999999999994,0.002,0.0184,0.0248,0.0803,,-0.0786,0.0652,-0.0235,0.020099999999999996,0.0246,0.0463,0.096,0.0092,0.0253,-0.019299999999999998,0.1625,0.024700000000000003,0.0007000000000000001
1961-11-30,0.0262,0.0554,,0.0461,0.08199999999999999,-0.024399999999999998,0.0447,0.0288,0.045700000000000005,0.054299999999999994,,0.06709999999999999,0.0288,0.026099999999999998,0.0418,0.0753,0.0626,0.052000000000000005,0.0184,,0.028900000000000002,0.058899999999999994,0.08460000000000001,0.029500000000000002,0.0449,,,0.037000000000000005,0.06280000000000001,0.0542,0.0342,0.085,0.0776,0.1042,0.0063,,0.056900000000000006,0.0171,0.0187,0.022099999999999998,0.0034999999999999996,0.058600000000000006,0.051100000000000007,0.0124,0.064,0.124,0.0572,0.07429999999999999,0.0083
1961-12-31,0.09380000000000001,-0.039900000000000005,,0.0161,-0.0593,0.028999999999999998,0.0126,-0.035,-0.035699999999999996,0.0019,,-0.0564,-0.0172,0.0003,-0.0096,-0.0092,0.0045000000000000005,-0.0147,0.032799999999999996,,0.0032,-0.0118,0.0258,0.005600000000000001,-0.001,,,-0.028900000000000002,0.003,0.0394,-0.042,0.0332,-0.005600000000000001,-0.0288,-0.005699999999999999,,-0.026600000000000002,0.0095,-0.0083,-0.024900000000000002,0.0003,0.0062,-0.0044,-0.020099999999999996,-0.0621,-0.0069,-0.0062,-0.026699999999999998,-0.0044
1962-01-31,-0.034,-0.06559999999999999,,-0.0321,-0.0404,-0.2,-0.0323,-0.0356,-0.071,-0.0583,,-0.0317,-0.049,-0.0452,-0.056600000000000004,0.0074,-0.0548,-0.0108,-0.0375,,-0.0038,-0.0223,-0.0033,0.0702,0.0576,,,-0.0134,0.0492,0.0002,-0.0259,-0.060700000000000004,-0.050300000000000004,-0.0121,-0.0662,,-0.0429,-0.0739,0.043899999999999995,-0.051500000000000004,0.026699999999999998,-0.0044,-0.0929,-0.0394,-0.058499999999999996,-0.0665,-0.008,-0.0254,-0.023700000000000002
1962-02-28,-0.04,0.0013,,0.004699999999999999,0.0087,-0.0216,-0.014499999999999999,-0.0074,-0.0083,0.022000000000000002,,0.0393,0.0373,0.0348,0.047,0.0225,0.011899999999999999,0.0311,-0.0085,,0.0182,-0.0025,-0.0127,-0.0335,-0.025099999999999997,,,-0.0311,0.0066,0.054299999999999994,0.0263,0.041100000000000005,-0.0091,-0.0048,-0.0077,,0.028399999999999998,0.025,0.075,0.0401,0.0055000000000000005,0.0012,0.018000000000000002,-0.004,0.0464,0.0823,-0.0252,0.0146,0.0429
1962-03-31,-0.1281,0.0178,,-0.0015,-0.06480000000000001,-0.06559999999999999,-0.035699999999999996,0.0032,0.0454,-0.0102,,-0.0007000000000000001,0.0044,-0.0253,-0.0429,-0.0055000000000000005,-0.0022,-0.0264,0.009399999999999999,,-0.0163,0.0144,0.005699999999999999,-0.0353,-0.0275,,,-0.0128,-0.044800000000000006,-0.0161,0.0196,-0.0294,-0.0378,0.0391,-0.0098,,-0.019299999999999998,0.011699999999999999,0.0287,0.013300000000000001,-0.0139,-0.021400000000000002,0.0115,-0.0382,-0.020499999999999997,0.0384,0.050499999999999996,-0.0344,-0.0049
1962-04-30,-0.0176,-0.0447,,-0.0338,-0.1277,-0.1039,-0.1127,-0.09380000000000001,-0.06849999999999999,-0.0796,,-0.10060000000000001,-0.1143,-0.0601,-0.07400000000000001,-0.078,-0.0712,-0.1048,-0.10439999999999999,,-0.0771,-0.0999,-0.061799999999999994,-0.10369999999999999,-0.0886,,,-0.0751,-0.0989,-0.0342,-0.0279,-0.046799999999999994,-0.0103,-0.0601,-0.1465,,-0.12,-0.0254,-0.0346,-0.0781,-0.0601,-0.056600000000000004,-0.0434,-0.08800000000000001,-0.0602,-0.1109,-0.1382,-0.0795,0.0034999999999999996
1962-05-31,-0.11230000000000001,-0.11019999999999999,,-0.0882,-0.1398,-0.079,-0.1481,-0.1597,-0.0983,-0.1008,,-0.08539999999999999,-0.1097,-0.0803,-0.1282,-0.0782,-0.0848,-0.1444,-0.0723,,-0.0791,-0.08529999999999999,-0.047400000000000005,-0.039900000000000005,-0.0933,,,-0.044199999999999996,-0.0916,-0.048600000000000004,-0.1047,-0.0706,-0.114,-0.0761,-0.129,,-0.107,-0.1365,-0.1506,-0.1075,-0.0473,-0.1104,-0.0892,-0.0718,-0.1234,-0.07200000000000001,-0.1058,-0.067,-0.1118
1962-06-30,-0.1048,-0.0849,,-0.0596,-0.08130000000000001,-0.1675,-0.1417,-0.1855,-0.1215,-0.08779999999999999,,-0.0279,-0.1365,-0.0873,-0.0669,-0.0461,-0.11349999999999999,-0.0756,-0.1001,,-0.0819,-0.10400000000000001,-0.0666,-0.0683,-0.0858,,,-0.0409,-0.0697,-0.048,-0.051100000000000007,-0.0852,-0.1493,-0.051100000000000007,-0.1307,,-0.1368,-0.102,-0.0441,-0.09519999999999999,-0.07519999999999999,-0.1091,-0.102,-0.1283,-0.11470000000000001,-0.0803,-0.1356,-0.1084,-0.1681
1962-07-31,0.0825,0.0718,,0.028999999999999998,0.0096,-0.0785,0.046,0.0767,0.1017,0.08039999999999999,,-0.025099999999999997,0.086,0.0658,0.0781,0.0572,0.0538,0.1052,0.0323,,0.0431,0.0973,0.0677,0.1149,0.0429,,,0.0326,0.10529999999999999,0.0479,0.0739,0.0723,0.11539999999999999,0.0313,0.1377,,0.035699999999999996,0.1074,0.0378,0.0362,0.0351,0.054299999999999994,0.04190000000000001,0.052000000000000005,0.08289999999999999,0.0732,0.0702,0.08900000000000001,0.09519999999999999
1962-08-31,0.0008,0.0005,,0.0446,0.0166,0.024900000000000002,0.0987,0.052199999999999996,0.0137,0.0313,,-0.0384,-0.08220000000000001,0.0443,0.028900000000000002,-0.0076,0.025699999999999997,0.0242,-0.0039000000000000003,,0.022099999999999998,0.0392,0.030299999999999997,0.061799999999999994,-0.009399999999999999,,,0.0353,0.0148,0.018500000000000003,0.0315,0.0158,-0.0175,0.037599999999999995,0.022000000000000002,,0.022000000000000002,0.0533,0.0277,0.028999999999999998,0.034,0.0444,0.044199999999999996,0.005600000000000001,0.0447,0.0208,-0.008,0.0333,0.0707
1962-09-30,-0.0594,-0.0463,,-0.059500000000000004,-0.0757,-0.1267,-0.0788,-0.053399999999999996,-0.0898,-0.0636,,-0.0379,-0.0407,-0.020099999999999996,-0.041100000000000005,-0.043899999999999995,-0.07,-0.0562,-0.0842,,-0.061900000000000004,-0.0784,-0.0304,-0.0663,-0.0333,,,-0.059500000000000004,-0.0387,-0.0173,-0.0287,-0.060599999999999994,-0.09630000000000001,-0.008,-0.1097,,-0.087,-0.0622,-0.031,-0.063,-0.0541,-0.07429999999999999,-0.06559999999999999,-0.0855,-0.0565,-0.11810000000000001,0.023399999999999997,-0.0415,-0.0501
1962-10-31,-0.13720000000000002,-0.0233,,-0.023,-0.0664,-0.1107,-0.0638,0.0149,0.0121,-0.01,,-0.0053,0.0269,0.047599999999999996,-0.0304,0.011899999999999999,-0.015300000000000001,-0.0639,0.0084,,-0.0003,0.024300000000000002,0.024300000000000002,0.0101,0.0253,,,0.0039000000000000003,-0.0203,-0.0026,-0.0109,0.0277,0.0101,-0.0698,-0.0223,,-0.039900000000000005,-0.0088,-0.006,-0.0101,0.0317,-0.0077,-0.0134,-0.0516,-0.0113,0.0434,-0.09910000000000001,-0.0127,-0.0334
1962-11-30,0.1535,0.1219,,0.1134,0.1149,0.1928,0.1247,0.12390000000000001,0.1423,0.0947,,0.1056,0.1814,0.1186,0.1524,0.1084,0.13720000000000002,0.1092,0.1514,,0.133,0.1418,0.0731,0.096,0.1727,,,0.0897,0.10640000000000001,0.1075,0.0765,0.0717,0.1491,0.0989,0.156,,0.1377,0.1334,0.1685,0.1324,0.1686,0.13470000000000001,0.11,0.1366,0.12480000000000001,0.1506,0.29600000000000004,0.1582,0.16
1962-12-31,0.0078000000000000005,0.028999999999999998,,0.0248,-0.0217,0.0127,0.028399999999999998,-0.0496,0.008100000000000001,-0.003,,-0.0225,0.0109,0.0098,-0.0212,0.0076,-0.0232,-0.0011,-0.0452,,0.0060999999999999995,0.0075,0.031200000000000002,-0.025,-0.005,,,-0.0275,0.005600000000000001,0.04769999999999999,0.0348,0.0108,0.009899999999999999,0.021400000000000002,-0.022400000000000003,,-0.0098,0.0259,-0.025699999999999997,-0.0137,0.0137,0.0019,0.0008,-0.0229,0.0181,0.0031,-0.1301,0.0225,0.0398
1963-01-31,0.1074,0.0652,,0.04019999999999999,0.0172,0.0955,0.0787,0.0721,0.0546,0.0646,,0.1035,0.0535,0.0458,0.09029999999999999,0.08779999999999999,0.0452,0.0536,0.0785,,0.0761,0.049699999999999994,0.07339999999999999,0.0106,0.0161,,,0.1066,0.0817,0.0258,0.0525,0.041299999999999996,0.008199999999999999,0.0297,0.0739,,0.0593,0.032400000000000005,0.1155,0.0814,0.0599,0.0369,0.0412,0.0767,0.029500000000000002,0.0602,0.09820000000000001,0.037200000000000004,0.0852
1963-02-28,-0.058499999999999996,-0.0262,,-0.0506,-0.0339,-0.09789999999999999,-0.0365,-0.0206,-0.0326,-0.032799999999999996,,0.0155,-0.0287,-0.0388,-0.006999999999999999,0.006500000000000001,-0.0060999999999999995,-0.027200000000000002,-0.0213,,-0.0259,-0.0637,-0.0282,-0.0176,0.0129,,,-0.018000000000000002,-0.0053,-0.0134,-0.0146,-0.0111,0.013600000000000001,-0.0223,-0.0593,,0.0415,-0.0115,0.039,-0.023700000000000002,-0.0002,-0.0191,-0.005600000000000001,-0.0391,0.0063,-0.0373,-0.054900000000000004,-0.0046,0.0066
1963-03-31,-0.0195,0.0184,,0.0463,0.0774,-0.018500000000000003,0.0383,-0.0034000000000000002,0.039599999999999996,0.0143,,0.0007000000000000001,0.0126,0.0371,0.0371,0.0077,0.0361,0.0054,0.0227,,0.0291,0.0143,0.0641,-0.015300000000000001,0.051100000000000007,,,0.027200000000000002,0.0629,0.07,0.0179,0.0194,0.0461,-0.0291,0.0479,,0.006500000000000001,0.0173,0.062400000000000004,0.0291,0.0346,0.0038,0.0218,-0.0575,0.0206,0.0208,0.0034999999999999996,0.0291,0.0588
1963-04-30,0.127,0.0076,,0.0066,0.063,-0.023799999999999998,0.005600000000000001,0.0926,0.059800000000000006,0.0169,,0.022099999999999998,0.0801,0.044000000000000004,0.0582,0.07730000000000001,0.0371,0.0978,0.0541,,0.0338,0.0592,0.0602,0.0381,0.022400000000000003,,,0.0489,0.0436,0.0608,0.023700000000000002,0.0373,0.038599999999999995,0.0095,0.0894,,0.0649,0.017,0.1035,0.046799999999999994,0.0875,0.056299999999999996,0.054900000000000004,0.0033,0.0265,-0.012199999999999999,-0.034300000000000004,0.0661,0.0623
1963-05-31,0.1841,0.0296,,0.012,-0.0305,-0.006500000000000001,0.0874,0.0031,0.0091,0.0048,,0.0495,-0.006,0.0129,0.016,0.0246,0.013300000000000001,-0.015,0.0665,,0.060899999999999996,0.0471,0.0723,-0.016,0.009000000000000001,,,0.022799999999999997,0.038,-0.0018,0.0104,-0.0064,0.0436,0.0095,0.0374,,0.0416,0.0404,-0.0012,-0.011699999999999999,0.064,0.0096,0.027200000000000002,0.032799999999999996,-0.0026,-0.022000000000000002,0.0417,0.0219,-0.0062
1963-06-30,-0.0867,-0.0012,,-0.0183,-0.06269999999999999,0.030299999999999997,-0.0464,0.013600000000000001,-0.0022,-0.0184,,0.0026,-0.0118,-0.0321,-0.0264,-0.0098,-0.0121,-0.0454,-0.0375,,-0.0149,-0.0265,-0.0368,-0.0096,-0.011000000000000001,,,-0.0235,-0.0174,0.0127,-0.0113,-0.0194,-0.027999999999999997,0.011699999999999999,-0.0719,,-0.0706,-0.04650000000000001,-0.0194,-0.0197,-0.0106,-0.0315,-0.0126,-0.0055000000000000005,0.0005,-0.034,0.0478,-0.0194,-0.0197
1963-07-31,0.0304,-0.004699999999999999,0.025699999999999997,-0.022000000000000002,-0.0254,-0.0489,-0.009000000000000001,-0.0006,-0.0014000000000000002,-0.0058,,-0.0126,0.0075,-0.0101,-0.0048,0.0352,-0.0086,0.0155,-0.0159,-0.038599999999999995,-0.03,-0.025,0.0004,-0.036000000000000004,-0.0271,-0.0555,0.0096,-0.040999999999999995,0.0054,0.023399999999999997,0.008100000000000001,-0.0025,-0.0571,-0.02,-0.0025,,-0.009300000000000001,-0.032,-0.028999999999999998,0.0042,-0.0239,0.0014000000000000002,-0.0108,-0.043,-0.0158,-0.0175,-0.050499999999999996,0.016399999999999998,0.0368
1963-08-31,-0.0032,0.047400000000000005,0.054900000000000004,0.0233,0.0718,0.0481,0.0803,0.0526,0.0621,0.0454,,0.08779999999999999,0.0964,0.0462,0.0735,0.043,0.0613,0.0354,0.08349999999999999,-0.0155,0.049,0.0518,0.0731,0.0281,0.034,0.042800000000000005,0.024900000000000002,0.044800000000000006,0.08109999999999999,0.0385,0.0412,0.0429,-0.0073,0.0359,0.044500000000000005,,0.0728,0.0518,0.0971,0.0557,0.07139999999999999,0.0408,0.0665,0.011399999999999999,0.0415,0.0288,0.0349,0.052199999999999996,0.0974
1963-09-30,-0.0194,-0.015300000000000001,-0.009000000000000001,0.003,-0.0424,-0.053,-0.0226,0.0296,-0.0139,-0.0415,,-0.0345,-0.041299999999999996,-0.0087,-0.0337,-0.0113,-0.0116,-0.042300000000000004,0.0027,-0.0208,-0.0273,-0.0176,0.0038,-0.052199999999999996,-0.0256,-0.059699999999999996,-0.0273,-0.0038,-0.049800000000000004,-0.0362,-0.024900000000000002,0.0236,-0.019799999999999998,-0.0146,0.018500000000000003,,-0.0344,-0.0016,0.045899999999999996,-0.020099999999999996,-0.0388,-0.017,0.0111,-0.0254,-0.0313,-0.013500000000000002,-0.0382,-0.0406,0.028300000000000002
1963-10-31,-0.0013,0.027000000000000003,0.011000000000000001,-0.0128,0.0579,0.15380000000000002,0.019299999999999998,-0.0196,0.0425,0.0263,,0.0956,0.027999999999999997,0.0353,0.0062,0.0574,-0.0051,-0.0064,0.0158,0.029900000000000003,0.04019999999999999,-0.0046,0.114,0.0281,0.0053,0.0355,-0.022400000000000003,0.0481,0.0925,-0.0052,-0.0067,0.034300000000000004,0.0236,0.011699999999999999,0.085,,0.0977,0.0137,0.0015,0.0339,0.0181,0.0137,0.0045000000000000005,0.0115,-0.0129,0.0149,0.0487,0.0139,0.0345
1963-11-30,-0.030600000000000002,-0.004,-0.0062,-0.0072,-0.056600000000000004,-0.011699999999999999,-0.0446,-0.005600000000000001,-0.0018,-0.013600000000000001,,0.009000000000000001,-0.019,0.0225,-0.049400000000000006,0.0202,-0.0102,-0.021400000000000002,-0.0183,-0.021,-0.0064,-0.0169,-0.059000000000000004,0.0559,0.0404,0.04019999999999999,-0.0394,0.0313,0.0086,-0.0118,-0.0106,0.0414,-0.0335,-0.0239,-0.011699999999999999,,0.018799999999999997,0.0111,-0.015600000000000001,-0.0023,0.0363,-0.0412,-0.0108,-0.0354,-0.0331,-0.0416,-0.049400000000000006,-0.0001,0.0072
1963-12-31,0.0325,0.024399999999999998,0.058600000000000006,0.0121,0.0599,-0.023399999999999997,-0.016399999999999998,-0.0281,0.0447,-0.003,,-0.0281,0.0199,0.044800000000000006,0.0033,0.0333,0.0091,-0.0263,0.0151,0.0097,0.019299999999999998,-0.0253,-0.0098,-0.06269999999999999,0.003,-0.0837,0.035699999999999996,0.0672,0.0541,0.04650000000000001,0.0241,-0.0009,-0.0144,0.028999999999999998,0.04190000000000001,,0.0171,-0.035,0.008199999999999999,-0.0028000000000000004,0.0385,-0.0067,0.0034000000000000002,0.0171,0.028399999999999998,0.0154,0.009899999999999999,0.0068000000000000005,0.060899999999999996
1964-01-31,0.0067,0.0091,0.0231,0.009899999999999999,-0.0169,-0.0089,-0.0126,0.059699999999999996,0.015300000000000001,-0.0111,,0.0464,0.036000000000000004,0.0326,0.0002,0.0227,0.0203,0.0202,0.0443,0.07490000000000001,0.0353,-0.028900000000000002,0.011200000000000002,0.0373,0.038900000000000004,-0.0564,0.0013,-0.0009,0.045,0.048600000000000004,0.0139,0.0332,-0.0196,0.026699999999999998,0.0317,,0.0318,-0.0043,-0.0006,0.04019999999999999,0.0378,-0.0176,0.0279,-0.0034999999999999996,-0.0355,0.0055000000000000005,-0.0441,0.008100000000000001,0.0158
1964-02-29,-0.009899999999999999,0.015700000000000002,0.0088,-0.002,0.0265,0.0235,0.0269,0.0731,0.009399999999999999,0.0165,,0.0446,0.0137,0.0223,-0.0032,0.0373,0.049,0.0233,0.028999999999999998,0.0104,0.0344,0.049699999999999994,0.0319,0.0617,0.0105,0.008,0.0175,0.0679,0.0038,0.0109,0.0087,-0.0028000000000000004,0.0805,0.027000000000000003,0.0361,,-0.0219,0.011200000000000002,-0.0031,-0.0034999999999999996,0.0677,0.0177,0.0158,0.0697,0.042199999999999994,0.030299999999999997,-0.013000000000000001,0.0461,0.0196
1964-03-31,-0.0336,0.0108,0.06509999999999999,0.06860000000000001,0.1038,0.0371,0.0058,-0.016,0.023,0.0097,,-0.0418,-0.017,0.0264,0.0582,0.0046,0.047599999999999996,0.0524,0.0697,0.1241,0.064,0.0356,0.0079,0.0195,0.0176,0.0282,0.0397,0.0558,-0.020499999999999997,0.014499999999999999,-0.0074,-0.009000000000000001,-0.0342,0.0313,0.026600000000000002,,0.0592,0.0088,0.0282,-0.0046,0.0323,0.0454,0.022799999999999997,0.04,0.0075,-0.0096,0.0014000000000000002,0.0146,-0.0755
1964-04-30,0.013600000000000001,-0.0178,0.021400000000000002,-0.016200000000000003,0.0183,-0.0575,-0.019299999999999998,0.0168,-0.0158,-0.004,,-0.053899999999999997,-0.0102,-0.011899999999999999,0.0171,-0.0051,-0.0054,0.006500000000000001,-0.035699999999999996,-0.053899999999999997,-0.0009,-0.0447,0.0291,-0.047,-0.0139,-0.09050000000000001,0.0016,0.1624,-0.0449,0.0424,0.0105,0.0083,-0.0391,0.0159,-0.0356,,-0.0454,0.0074,-0.0079,-0.0155,-0.012,-0.0005,0.030699999999999998,0.0174,-0.021099999999999997,-0.0102,-0.0392,0.0042,0.027000000000000003
1964-05-31,0.0149,0.0173,0.014499999999999999,0.0146,-0.0023,-0.06,0.0012,0.013500000000000002,0.0222,0.0181,,0.0079,0.0049,0.023399999999999997,0.0759,0.057300000000000004,0.0017000000000000001,0.0265,0.011699999999999999,-0.0064,0.022099999999999998,-0.0144,0.0233,0.0716,0.023700000000000002,-0.019299999999999998,-0.0043,0.0131,0.0091,0.0217,0.0084,-0.0039000000000000003,-0.1225,0.0003,0.0479,,-0.0217,0.0031,-0.0121,-0.0062,0.0596,-0.0006,0.04190000000000001,-0.0011,-0.0073,-0.0040999999999999995,-0.0126,0.0098,-0.0111
1964-06-30,0.065,0.0227,0.025,0.0154,-0.0154,-0.011399999999999999,-0.0134,0.022400000000000003,0.0018,0.0408,,-0.0091,0.0073,-0.005699999999999999,0.0415,-0.0037,0.0017000000000000001,0.036000000000000004,0.0091,0.1243,0.0353,-0.001,0.0173,0.026699999999999998,0.0246,-0.031200000000000002,-0.0151,-0.0098,-0.0233,0.0072,0.022099999999999998,0.046900000000000004,0.0524,0.06480000000000001,-0.0031,,0.0259,0.005,0.0079,0.011899999999999999,0.0374,0.0349,0.0392,0.0246,-0.020499999999999997,-0.0004,-0.024399999999999998,-0.008,-0.019299999999999998
1964-07-31,0.009300000000000001,0.008100000000000001,0.0326,0.0786,0.0040999999999999995,-0.0017000000000000001,0.0128,0.0018,0.0072,0.0401,,0.0208,0.0501,0.0217,0.044500000000000005,0.0582,0.0143,0.0070999999999999995,0.0062,0.0222,0.0195,0.0761,0.0587,0.045899999999999996,0.0951,0.0206,0.0504,0.0209,0.0146,0.0337,0.0493,-0.020099999999999996,-0.0125,0.0216,-0.027200000000000002,,0.0026,-0.0152,0.0086,0.003,0.001,0.0229,0.0109,0.009399999999999999,0.0063,0.0463,0.0646,0.0102,0.0417
1964-08-31,0.039,-0.011200000000000002,-0.0233,-0.018600000000000002,0.0667,-0.061399999999999996,0.0149,-0.009000000000000001,-0.0147,-0.0092,,-0.009399999999999999,-0.0452,-0.0227,-0.0088,-0.019299999999999998,-0.0174,0.0151,-0.0008,-0.011899999999999999,-0.0079,0.027000000000000003,0.0194,0.055099999999999996,-0.0191,0.015700000000000002,0.022400000000000003,-0.001,-0.005,-0.0189,-0.0004,-0.015600000000000001,0.0361,0.0141,-0.0345,,-0.019,0.008100000000000001,-0.0202,-0.0218,-0.058899999999999994,-0.0461,0.0059,-0.0358,-0.022099999999999998,-0.0329,-0.032,-0.0141,-0.0052
1964-09-30,-0.0319,0.0235,0.0051,0.0165,-0.0197,0.0713,0.0259,0.016,0.0575,0.0383,,0.0308,0.0271,0.0535,0.0358,0.0438,-0.0011,0.0337,0.055099999999999996,0.06849999999999999,0.032,0.0409,0.047400000000000005,0.0542,0.035699999999999996,0.0452,0.17300000000000001,0.0924,0.0533,0.030299999999999997,0.018799999999999997,-0.0103,0.1069,0.0079,-0.0015,,0.044800000000000006,0.0273,0.0739,0.0029,0.0447,0.024900000000000002,0.0349,0.037599999999999995,0.0217,0.0098,0.011200000000000002,0.037000000000000005,0.0375
1964-10-31,0.0908,-0.0088,-0.0296,0.0241,-0.0206,0.0227,-0.0171,0.0254,-0.011399999999999999,0.0060999999999999995,,0.0089,0.030600000000000002,0.0092,0.012,0.07339999999999999,0.023,-0.0106,-0.0263,0.020499999999999997,0.0219,0.060599999999999994,-0.0002,-0.0076,0.0418,-0.011200000000000002,-0.019799999999999998,0.0064,0.0004,0.031200000000000002,0.0095,-0.0089,0.0894,0.0212,-0.0264,,0.0259,0.022000000000000002,0.0239,0.036699999999999997,0.0414,0.0132,0.023,0.057699999999999994,-0.0217,-0.0189,0.006999999999999999,0.0089,-0.0007000000000000001
1964-11-30,0.0348,0.009300000000000001,0.0254,-0.014199999999999999,-0.016399999999999998,-0.0265,-0.0060999999999999995,0.0182,0.009899999999999999,0.0288,,0.0434,0.0196,0.023399999999999997,-0.0096,0.0034999999999999996,-0.008100000000000001,0.013500000000000002,-0.049,0.028900000000000002,0.0137,0.0070999999999999995,-0.0252,0.005600000000000001,0.0012,0.0049,0.0493,-0.0076,0.0096,0.0259,0.0137,-0.0223,0.039599999999999996,-0.0184,-0.0158,,0.0297,0.0086,-0.034300000000000004,-0.0212,-0.0327,0.0182,0.0332,0.0111,-0.0134,0.024300000000000002,-0.0254,-0.0163,0.0593
1964-12-31,-0.0223,0.0106,0.0192,-0.0019,-0.046799999999999994,-0.0105,-0.0178,0.0236,0.0067,-0.0039000000000000003,,0.05,0.0432,0.004699999999999999,-0.0001,0.0060999999999999995,-0.0102,-0.0078000000000000005,-0.0166,-0.041100000000000005,-0.0274,-0.0274,0.0223,0.0097,-0.0412,-0.0557,0.0842,-0.0344,0.0177,-0.0024,0.0049,0.031200000000000002,-0.046799999999999994,-0.012199999999999999,-0.0095,,0.0124,0.0692,-0.0060999999999999995,-0.023700000000000002,-0.024300000000000002,0.005699999999999999,0.0012,-0.0032,-0.0102,0.005600000000000001,-0.0006,-0.0229,-0.0204
1965-01-31,0.114,0.0415,0.0889,0.12179999999999999,0.0537,0.092,0.0764,0.1009,0.06559999999999999,0.0733,,0.046,0.0797,0.056299999999999996,0.1027,0.0848,0.0547,0.0499,0.049100000000000005,0.0644,0.0415,0.0981,0.028999999999999998,0.03,0.026000000000000002,0.016399999999999998,-0.056600000000000004,0.11960000000000001,0.0374,0.0028000000000000004,0.039599999999999996,0.0025,0.10060000000000001,0.0604,0.0958,,0.025,0.0799,0.0294,0.0909,0.0479,0.0556,0.0274,0.0947,0.0194,0.0258,0.062400000000000004,0.027999999999999997,0.1183
1965-02-28,0.0325,0.0077,0.0373,0.0191,-0.0006,0.0702,0.0177,0.0076,0.0279,0.0645,,0.026600000000000002,0.024,0.0091,0.005,0.0206,0.032,0.050199999999999995,0.0298,0.1479,0.0555,0.051699999999999996,-0.0111,0.051,-0.005699999999999999,0.0931,0.0189,0.054299999999999994,-0.0051,-0.0345,0.0043,0.008,-0.022000000000000002,0.0421,0.026699999999999998,,0.0096,0.0184,0.0072,-0.0064,0.0258,0.0305,0.013500000000000002,0.0304,0.0248,0.0102,0.0349,0.0016,0.0066
1965-03-31,0.062400000000000004,-0.012199999999999999,-0.0288,0.0059,-0.009000000000000001,0.0443,0.0276,0.0125,-0.019,0.0084,,0.006999999999999999,-0.0108,-0.0301,0.0068000000000000005,0.0103,0.0032,-0.022400000000000003,0.0004,-0.0645,-0.0231,-0.0072,0.0179,0.006999999999999999,0.0279,0.0632,0.018000000000000002,-0.0118,-0.001,-0.031,-0.0052,-0.0168,0.0378,0.048499999999999995,-0.0091,,0.0084,-0.0149,0.0104,0.0089,-0.0078000000000000005,0.0069,-0.0095,0.0034000000000000002,0.0005,0.0121,-0.0178,-0.0103,0.0383
1965-04-30,0.0128,0.0233,0.0527,0.0552,0.056100000000000004,0.0455,0.0282,0.0802,0.057800000000000004,0.0484,,0.0321,0.029500000000000002,0.019299999999999998,-0.0040999999999999995,0.0898,0.0276,0.0259,0.052000000000000005,0.0132,0.053,0.0512,0.0704,0.08220000000000001,0.0449,0.0262,-0.0182,0.054000000000000006,-0.0207,0.0091,0.0066,0.0233,0.0654,0.0176,0.0564,,0.0418,0.054000000000000006,0.0403,0.0252,0.0109,0.057999999999999996,0.0702,0.031,0.0353,0.0235,0.0124,0.0232,0.0678
1965-05-31,-0.0246,-0.0085,-0.0103,-0.0032,-0.0168,0.038900000000000004,-0.0115,0.0051,-0.0051,0.0078000000000000005,,0.0004,-0.0138,0.0052,-0.021,-0.0121,-0.0072,-0.0255,-0.0075,-0.06709999999999999,-0.0232,0.0083,-0.0406,0.015300000000000001,-0.0455,-0.013500000000000002,-0.050300000000000004,-0.0146,-0.024900000000000002,0.009300000000000001,-0.0097,0.0277,-0.0859,-0.0105,-0.0043,,0.0274,0.0256,-0.0158,-0.0223,-0.0029,-0.009399999999999999,0.0034000000000000002,-0.0304,-0.0138,-0.041299999999999996,-0.0255,-0.022099999999999998,-0.021099999999999997
1965-06-30,-0.1082,-0.0455,-0.0294,-0.045700000000000005,-0.0341,-0.0904,-0.1231,-0.0673,-0.0538,-0.09140000000000001,,-0.0666,-0.0518,-0.0576,-0.0931,-0.0793,-0.0711,-0.0731,-0.0687,-0.0536,-0.063,-0.0793,-0.07139999999999999,-0.06709999999999999,-0.0709,-0.1241,-0.0623,-0.1075,-0.06,-0.0196,-0.0366,-0.0418,-0.0626,-0.08130000000000001,-0.0567,,-0.0525,-0.0815,-0.0775,-0.0409,-0.0696,-0.0944,-0.0613,-0.0673,-0.0604,-0.0525,-0.0781,-0.0336,-0.1343
1965-07-31,0.0757,0.0124,0.0060999999999999995,-0.0036,0.0174,0.0747,0.02,0.042300000000000004,0.044500000000000005,0.024300000000000002,,0.08710000000000001,0.0347,0.0005,0.0281,0.0297,0.0054,0.0183,0.031200000000000002,0.0115,0.0168,0.0466,0.015700000000000002,0.10279999999999999,0.0385,0.10060000000000001,0.08130000000000001,0.0764,0.0191,0.018600000000000002,0.0106,-0.0037,0.021,0.0351,0.037000000000000005,-0.0125,0.0259,0.0579,0.0028000000000000004,-0.0084,0.045,0.0545,-0.0184,0.013000000000000001,0.022799999999999997,-0.0004,0.0171,0.0045000000000000005,0.0311
1965-08-31,0.0806,0.0154,0.0245,0.0378,0.09539999999999998,0.0895,0.0187,0.07919999999999999,0.065,0.0645,,0.08130000000000001,0.061,0.0154,0.0623,0.060700000000000004,0.024700000000000003,0.0713,0.0279,0.0696,0.0395,0.0655,0.0275,0.022799999999999997,0.0346,0.049,0.0202,0.0365,0.0326,0.0151,0.009300000000000001,0.013300000000000001,0.0708,0.0318,0.050499999999999996,-0.0696,0.0779,0.0978,0.02,0.0358,0.0661,0.050499999999999996,0.021,0.052000000000000005,0.062400000000000004,0.0121,0.0298,0.0455,0.045899999999999996
1965-09-30,0.0036,0.0026,0.0017000000000000001,-0.0032,-0.026600000000000002,0.1384,0.0621,0.024,0.058899999999999994,0.0206,,0.0882,0.0152,0.0397,0.029500000000000002,0.0504,0.0235,0.0441,0.0207,0.032799999999999996,0.0617,0.0519,0.048799999999999996,0.1247,0.0315,0.0506,-0.0528,0.0191,0.0031,0.044500000000000005,0.0139,0.011000000000000001,0.0617,0.0315,0.0404,0.24489999999999998,0.0814,0.0812,0.015600000000000001,0.057999999999999996,0.031200000000000002,0.0742,-0.011699999999999999,0.0435,-0.0115,-0.0286,0.0622,0.013300000000000001,0.0151
1965-10-31,0.055999999999999994,0.0103,0.0042,0.0248,0.044199999999999996,0.138,0.058600000000000006,0.06559999999999999,0.0433,0.0449,,-0.0006,0.0362,0.0287,0.034300000000000004,0.0525,0.041100000000000005,0.1319,0.0527,0.0677,0.0542,0.056100000000000004,0.0637,0.0864,0.0414,0.0072,0.0187,0.049400000000000006,0.15560000000000002,0.0158,0.0105,-0.0227,0.0779,0.0358,0.0464,-0.016399999999999998,0.0687,0.0336,0.0098,0.045899999999999996,0.065,0.0353,0.0006,0.0526,-0.014499999999999999,-0.0003,0.0259,0.0336,0.0968
1965-11-30,0.0291,-0.0034999999999999996,0.0268,0.009399999999999999,-0.046799999999999994,0.1346,0.0643,0.0784,0.0092,0.022000000000000002,,0.0454,0.037000000000000005,-0.0191,0.025699999999999997,0.0764,0.0028000000000000004,0.18489999999999998,-0.044000000000000004,0.0262,0.0554,0.0832,-0.0483,0.17420000000000002,0.0401,0.1182,-0.016200000000000003,0.0317,-0.008,0.0073,-0.0101,-0.0431,0.07429999999999999,0.025699999999999997,0.0003,-0.1278,0.068,0.0737,-0.0103,0.052300000000000006,0.0709,0.057999999999999996,0.0111,0.0209,-0.009300000000000001,0.0167,0.0431,0.029500000000000002,0.0977
1965-12-31,0.1653,0.0009,0.0409,0.0263,-0.0102,0.018600000000000002,0.1047,0.04,0.044199999999999996,0.0206,,0.0313,0.038900000000000004,0.0236,0.0754,0.0171,0.0192,0.065,0.08109999999999999,0.027200000000000002,0.0192,-0.0032,0.0116,-0.038900000000000004,0.07200000000000001,-0.0504,0.0045000000000000005,0.1047,0.0069,0.0017000000000000001,-0.0033,-0.0085,0.10869999999999999,0.06509999999999999,-0.027999999999999997,0.2994,-0.0009,0.0453,0.0271,0.011000000000000001,0.0179,0.0271,0.011699999999999999,0.039900000000000005,-0.0139,0.10439999999999999,0.0403,0.0124,0.0466
1966-01-31,0.0863,0.0034999999999999996,-0.009000000000000001,0.0124,0.028999999999999998,0.1408,0.011699999999999999,0.0191,0.0206,0.0434,,0.0575,0.024399999999999998,-0.0074,0.12960000000000002,0.0843,0.0345,0.07339999999999999,0.04190000000000001,-0.0446,0.0297,0.04,0.0037,0.1033,0.0338,0.028999999999999998,0.1315,0.1192,0.011200000000000002,0.0102,-0.0301,-0.0129,0.0103,0.021400000000000002,-0.008199999999999999,-0.1814,0.0424,0.0436,0.0687,0.022099999999999998,0.071,0.0692,-0.0516,0.030899999999999997,-0.0097,-0.0026,0.0484,0.018600000000000002,0.037000000000000005
1966-02-28,0.0745,-0.0028000000000000004,-0.037599999999999995,-0.0285,-0.023399999999999997,0.0864,0.0329,0.0191,-0.0068000000000000005,0.03,,0.0323,-0.0212,-0.0192,0.1242,0.0049,-0.0073,-0.0288,-0.0173,-0.058499999999999996,-0.0077,0.013000000000000001,-0.016200000000000003,-0.0014000000000000002,-0.024300000000000002,-0.0362,0.015,0.1084,-0.0002,-0.0356,-0.0418,0.004699999999999999,-0.0139,0.0059,0.059000000000000004,0.053899999999999997,0.042699999999999995,0.057999999999999996,-0.0039000000000000003,-0.0045000000000000005,0.0336,0.0229,-0.0215,-0.013999999999999999,-0.038900000000000004,-0.0223,0.0547,-0.0147,0.0279
1966-03-31,-0.040999999999999995,-0.0374,0.0344,-0.0416,-0.0338,0.05,-0.026099999999999998,0.0091,0.026000000000000002,-0.0336,,-0.0271,-0.0146,-0.0455,-0.0209,-0.0454,-0.0304,-0.023799999999999998,-0.022799999999999997,-0.049699999999999994,-0.0154,0.008,-0.0533,0.0022,-0.0554,-0.0355,-0.0194,-0.045899999999999996,0.0019,-0.0229,-0.0014000000000000002,-0.048499999999999995,0.031200000000000002,0.0039000000000000003,0.0016,-0.1023,-0.030699999999999998,0.0011,-0.049100000000000005,-0.0242,-0.011899999999999999,-0.0279,-0.0229,0.0318,-0.044500000000000005,-0.0437,-0.0123,-0.0406,-0.0177
1966-04-30,0.0262,0.0023,-0.0545,0.0319,-0.010700000000000001,0.059800000000000006,0.0507,0.0559,0.0548,0.026099999999999998,,0.0509,-0.0064,0.0032,0.0464,0.0068000000000000005,0.0166,0.02,0.0173,0.0662,0.011399999999999999,0.0397,-0.0143,0.0437,0.0034000000000000002,0.1332,0.0123,0.034300000000000004,0.0092,0.032,0.0118,0.0127,0.08900000000000001,0.0011,0.0733,0.1076,0.08439999999999999,0.06480000000000001,0.0115,0.079,0.0453,0.1216,0.0248,0.0691,-0.0174,0.0415,0.023799999999999998,0.0269,0.024399999999999998
1966-05-31,-0.1023,-0.0406,-0.0172,-0.0629,-0.039,-0.1429,-0.1195,-0.0432,-0.0587,-0.0794,,-0.0747,-0.049800000000000004,-0.046,-0.1592,-0.0859,-0.054900000000000004,-0.1383,-0.0795,-0.0956,-0.0584,-0.0874,-0.0695,-0.0843,-0.0375,-0.07730000000000001,0.1501,-0.1192,-0.0254,-0.0379,-0.0274,-0.029900000000000003,-0.1573,-0.1002,-0.0371,-0.1543,-0.0964,-0.11380000000000001,-0.0882,-0.0106,-0.0953,-0.096,-0.024900000000000002,-0.0438,-0.0128,-0.0579,-0.1007,-0.0415,-0.16079999999999997
1966-06-30,0.057800000000000004,-0.026000000000000002,-0.0542,0.032799999999999996,-0.020099999999999996,-0.0622,0.0016,0.0229,0.0092,-0.019,,0.0677,0.0025,-0.0388,-0.0259,-0.0199,-0.0213,0.0005,-0.0085,0.039900000000000005,-0.0146,-0.0264,-0.0134,0.011000000000000001,0.0004,-0.009899999999999999,-0.031200000000000002,0.0054,-0.0852,-0.021400000000000002,-0.0179,0.004699999999999999,-0.0181,0.0089,-0.0048,-0.0405,0.0048,0.0026,-0.008,-0.0053,0.0334,0.01,-0.0265,0.0070999999999999995,-0.0165,-0.0125,0.0067,-0.0348,0.024
1966-07-31,0.045,-0.0154,0.0348,-0.0392,-0.0045000000000000005,-0.0429,0.0009,0.0024,-0.0239,-0.0172,,-0.0451,-0.0131,-0.0116,-0.0415,-0.052300000000000006,-0.013500000000000002,-0.0337,-0.0407,0.038,-0.0365,-0.052300000000000006,0.0043,-0.0795,-0.0287,-0.0644,0.0836,-0.0212,0.0333,0.0034999999999999996,-0.0018,-0.0116,-0.0654,-0.0336,-0.026600000000000002,-0.042300000000000004,-0.0037,0.0194,-0.0231,0.050300000000000004,-0.0217,-0.034300000000000004,-0.0183,-0.0281,-0.0236,0.0141,-0.0562,-0.0273,0.0028000000000000004
1966-08-31,-0.1286,-0.062,-0.052000000000000005,-0.0693,-0.055,0.0004,-0.1259,-0.0867,-0.0828,-0.1081,,-0.0745,-0.08199999999999999,-0.0911,-0.1195,-0.09759999999999999,-0.102,-0.106,-0.0751,-0.10859999999999999,-0.07150000000000001,-0.0922,-0.079,-0.0751,-0.10369999999999999,-0.0729,-0.16620000000000001,-0.1235,0.0321,-0.0661,-0.0861,-0.045700000000000005,-0.12480000000000001,-0.0943,-0.0592,-0.15439999999999998,-0.057800000000000004,-0.079,-0.0489,-0.0623,-0.1351,-0.10830000000000001,-0.06,-0.1023,-0.0942,-0.0489,-0.1001,-0.1,-0.1534
1966-09-30,-0.0391,-0.013500000000000002,0.0021,-0.0344,0.0036,-0.1561,0.0124,0.0103,-0.0274,-0.0131,,-0.0225,-0.009899999999999999,-0.0725,-0.0154,-0.0692,-0.0236,-0.019799999999999998,-0.023,-0.0070999999999999995,-0.055999999999999994,-0.0002,0.009899999999999999,-0.0292,-0.0601,-0.051399999999999994,-0.0123,-0.032,0.0281,0.039599999999999996,0.0436,-0.005600000000000001,-0.023799999999999998,-0.0256,-0.0134,-0.1217,-0.0252,-0.0443,-0.0403,0.0137,-0.0232,-0.024,-0.0171,-0.0909,-0.0022,0.0542,-0.0025,-0.0254,-0.0717
1966-10-31,0.0127,0.0821,0.0885,0.044000000000000004,0.0684,-0.1273,0.10529999999999999,-0.0141,0.0384,-0.025699999999999997,,0.045,0.0492,0.018799999999999997,-0.0083,-0.060899999999999996,0.013300000000000001,-0.0346,0.0678,-0.029300000000000003,0.028900000000000002,0.023399999999999997,-0.0015,-0.038,0.09230000000000001,-0.0118,-0.1108,0.0032,-0.0144,0.0858,0.09960000000000001,0.09179999999999999,0.0533,-0.0196,0.0129,-0.297,-0.0034000000000000002,-0.049400000000000006,0.042300000000000004,-0.0111,-0.006999999999999999,0.0111,-0.0147,-0.0395,0.1144,0.1341,-0.0004,0.0958,-0.0092
1966-11-30,0.13449999999999998,0.0127,0.055099999999999996,0.0676,-0.04,0.021099999999999997,0.0755,0.09720000000000001,0.0733,0.0405,,0.0604,0.0703,-0.0168,0.0795,-0.0252,0.0426,0.15,-0.003,0.0075,0.0138,0.0787,-0.0701,0.1891,-0.0591,0.07440000000000001,0.0678,0.1067,0.061500000000000006,-0.0126,-0.0137,-0.028399999999999998,0.02,0.0784,0.13449999999999998,-0.0141,0.0593,0.1444,0.0085,0.0141,0.1096,0.0819,0.003,0.0217,0.0384,0.014499999999999999,0.054400000000000004,0.0278,-0.0168
1966-12-31,-0.08,-0.0125,0.0231,0.032400000000000005,-0.0155,-0.0672,0.009300000000000001,0.034,-0.0125,-0.0074,,0.027999999999999997,-0.0059,0.0216,0.0248,0.025099999999999997,0.0212,0.0407,0.032799999999999996,0.1222,0.0073,-0.0268,-0.005,0.0179,0.0169,0.1433,0.0395,0.0179,0.0721,-0.0075,0.0209,0.0296,0.0377,0.0256,0.0032,0.6570999999999999,0.0028000000000000004,0.0189,0.0060999999999999995,-0.0095,0.0068000000000000005,0.0144,-0.0479,0.0584,0.054000000000000006,0.0040999999999999995,-0.023,0.042699999999999995,0.0412
1967-01-31,0.08460000000000001,0.0626,0.0658,0.09179999999999999,0.1643,0.2034,0.147,0.11349999999999999,0.0616,0.1142,,0.1226,0.056299999999999996,0.1186,0.1586,0.1303,0.1481,0.2032,0.1542,0.0542,0.1366,0.158,0.1355,0.1052,0.12990000000000002,0.026000000000000002,0.0828,0.13699999999999998,0.0703,0.0352,0.028399999999999998,0.062400000000000004,0.1637,0.1794,0.0796,0.2414,0.13,0.1699,0.09849999999999999,0.0816,0.1249,0.1668,0.1152,0.1528,0.12179999999999999,0.013999999999999999,0.1336,0.0934,0.19879999999999998
1967-02-28,-0.0646,0.008100000000000001,0.047,0.037200000000000004,-0.0335,0.006,0.031,0.053099999999999994,0.044800000000000006,0.0341,,0.058600000000000006,0.0073,-0.0075,0.0944,0.038599999999999995,0.024399999999999998,0.04,-0.0345,0.0475,-0.0176,0.0501,-0.0115,0.028300000000000002,-0.0149,0.04019999999999999,-0.0036,-0.0183,0.031,-0.0015,-0.0173,0.0213,0.0574,0.0042,0.0819,-0.0833,0.0278,0.054400000000000004,0.0028000000000000004,0.022099999999999998,-0.0128,0.1124,0.0256,0.058600000000000006,-0.023700000000000002,-0.0222,0.045599999999999995,0.0323,0.0285
1967-03-31,-0.048,0.0364,0.038,0.08310000000000001,0.049100000000000005,-0.0492,0.1101,0.0855,0.039900000000000005,0.0405,,0.0857,0.0774,0.0383,0.0362,0.0209,0.0836,0.1478,0.0519,0.1855,0.1117,0.0438,0.054000000000000006,0.071,0.07769999999999999,0.0167,0.0044,0.05,0.0983,0.0351,0.0154,0.0296,-0.006500000000000001,0.0458,0.055099999999999996,0.11359999999999999,0.042699999999999995,0.0953,0.0653,0.0716,0.0425,0.042199999999999994,0.0194,0.15460000000000002,0.0115,-0.0395,0.0537,0.032,0.0674
1967-04-30,0.005699999999999999,0.0315,0.0738,0.0613,0.0348,0.1255,0.0637,0.0594,0.0466,0.0287,,0.0655,0.0412,0.0572,0.0584,0.0697,0.0393,0.0252,0.0323,0.1697,0.044800000000000006,0.0504,0.09480000000000001,0.0596,0.0048,-0.0077,0.0018,0.0675,0.057699999999999994,0.0163,0.018799999999999997,0.0022,0.1301,0.061900000000000004,0.0874,0.2109,0.0629,0.0974,0.057800000000000004,-0.0144,0.0075,0.0242,0.09789999999999999,0.0895,0.0054,-0.0044,0.035,0.0022,0.0579
1967-05-31,0.0138,-0.0196,-0.013600000000000001,-0.0538,-0.076,-0.107,0.0054,-0.0351,-0.0556,0.002,,-0.0388,-0.0553,-0.057,0.0126,-0.0217,-0.0557,-0.01,-0.0195,-0.1144,-0.0217,-0.0354,-0.06480000000000001,0.0083,-0.0013,-0.0004,0.13119999999999998,-0.0048,-0.005,-0.0248,-0.0412,-0.056600000000000004,0.0088,-0.0195,-0.038,-0.061799999999999994,-0.0682,-0.0197,-0.052000000000000005,-0.0101,-0.021400000000000002,0.0356,-0.054000000000000006,0.015600000000000001,-0.060899999999999996,-0.0195,0.1291,-0.0206,0.016399999999999998
1967-06-30,0.0833,0.0254,0.08199999999999999,0.042699999999999995,0.0665,0.08869999999999999,0.141,-0.0626,0.0154,0.048600000000000004,,0.0288,0.0584,-0.0027,0.1352,-0.0089,0.0417,0.0922,0.0147,0.0902,0.041100000000000005,0.0731,0.0089,0.1097,0.0611,0.0553,0.0452,0.059800000000000006,0.0662,0.022099999999999998,-0.0131,0.0273,0.1099,0.048600000000000004,0.0738,0.0898,0.0384,0.052199999999999996,-0.0001,-0.0255,0.004699999999999999,0.0759,0.0337,0.13,0.010700000000000001,0.0217,0.0129,0.0719,-0.014199999999999999
1967-07-31,0.1394,0.06849999999999999,0.0264,0.026600000000000002,0.0833,0.0775,0.0404,0.0467,0.0646,0.0499,,0.021099999999999997,0.0408,0.0416,0.0704,0.0833,0.0753,0.0349,0.0774,0.0245,0.059699999999999996,0.0849,0.0908,0.0447,0.0165,0.0808,0.044500000000000005,0.1545,0.032400000000000005,0.0698,0.0233,-0.0658,0.1466,0.0548,0.0325,-0.0659,0.048799999999999996,0.06559999999999999,0.0264,0.056100000000000004,0.0735,0.0546,0.0623,0.0171,0.10769999999999999,-0.0216,0.07919999999999999,0.0745,0.17010000000000003
1967-08-31,-0.0842,-0.0016,-0.0555,0.0054,-0.0493,0.0025,0.0172,-0.0021,-0.0045000000000000005,0.0533,,0.0338,0.0019,-0.0033,0.005699999999999999,0.024700000000000003,0.0279,0.0431,0.0072,0.0183,0.0009,0.0275,-0.0067,-0.044500000000000005,-0.0155,-0.1001,-0.0649,-0.031,0.0049,-0.0152,-0.006500000000000001,-0.0124,-0.0588,0.0231,-0.0040999999999999995,-0.0235,-0.0121,-0.0438,0.0032,-0.023399999999999997,-0.024700000000000003,-0.0007000000000000001,0.004699999999999999,-0.0036,0.020099999999999996,0.0102,0.0,0.0321,0.006999999999999999
1967-09-30,0.051699999999999996,0.025,0.0269,-0.0147,-0.0182,0.0548,0.0692,0.019,0.0336,0.0775,,0.0565,0.0242,0.056299999999999996,0.0866,0.1036,0.0317,0.06,0.0026,-0.0021,0.045,0.058600000000000006,0.0527,-0.0271,-0.014199999999999999,0.0431,0.044500000000000005,0.0683,0.0499,0.042300000000000004,-0.001,0.012199999999999999,0.10859999999999999,0.0692,0.1043,0.3494,0.048,0.0643,0.009300000000000001,0.0449,-0.0382,0.08560000000000001,0.0178,0.0913,0.021400000000000002,0.013300000000000001,0.0315,0.043899999999999995,0.0347
1967-10-31,-0.0235,-0.0425,-0.009399999999999999,-0.0321,0.0339,-0.022799999999999997,0.0444,-0.07519999999999999,0.0034999999999999996,0.0109,,-0.0088,-0.057699999999999994,-0.06509999999999999,-0.0098,-0.027999999999999997,-0.051399999999999994,-0.0524,-0.10039999999999999,-0.0984,-0.059800000000000006,-0.0288,-0.054900000000000004,-0.0412,-0.0325,-0.0898,-0.019299999999999998,-0.0729,-0.0021,-0.009899999999999999,-0.0537,-0.0349,0.0179,0.0334,0.077,0.2232,0.0059,-0.0092,-0.0668,-0.0342,-0.0934,-0.004699999999999999,0.0058,0.0942,-0.050300000000000004,-0.0594,0.028999999999999998,-0.0277,-0.0116
1967-11-30,-0.0363,-0.0148,0.07429999999999999,-0.0079,-0.052000000000000005,-0.0526,-0.0207,0.0416,0.026600000000000002,0.0223,,0.022400000000000003,0.0116,-0.028399999999999998,-0.0217,-0.0077,-0.0222,0.0434,-0.0017000000000000001,0.044000000000000004,-0.0034999999999999996,0.0103,0.005600000000000001,0.028999999999999998,-0.0259,-0.0027,0.1015,0.0036,-0.0301,0.0084,0.0319,0.0008,0.054299999999999994,0.0002,0.0315,0.135,-0.0265,-0.0076,-0.021,0.0128,-0.0014000000000000002,0.0036,0.0062,0.0783,-0.023700000000000002,-0.030600000000000002,-0.026099999999999998,0.0108,-0.0564
1967-12-31,0.0463,0.0432,-0.0171,-0.003,0.0712,0.0101,0.0801,-0.013300000000000001,0.0219,0.075,,0.0621,0.0084,0.059500000000000004,0.1168,0.018500000000000003,0.0562,0.11019999999999999,0.048,0.0308,0.0412,0.052199999999999996,0.0417,0.042199999999999994,0.0783,0.0044,0.11900000000000001,0.044800000000000006,0.0655,0.0302,0.0329,0.0012,0.15869999999999998,0.1386,0.024900000000000002,0.0932,-0.0011,-0.0175,0.0867,0.0421,0.021099999999999997,0.11900000000000001,0.027200000000000002,0.0774,0.038,0.0579,0.1711,0.0816,0.0864
1968-01-31,-0.047400000000000005,-0.0034999999999999996,-0.0231,-0.0089,0.008,-0.0443,-0.014199999999999999,-0.0315,-0.10339999999999999,0.0085,,-0.0565,-0.0676,-0.0487,0.0287,0.0242,0.0007000000000000001,-0.0004,-0.047599999999999996,-0.0385,-0.0332,-0.08900000000000001,-0.0438,-0.1208,-0.013300000000000001,-0.0223,0.0547,-0.0482,0.0172,-0.0095,0.0018,0.026699999999999998,-0.0125,-0.030299999999999997,-0.0882,-0.2882,-0.0799,-0.1184,-0.016,-0.051500000000000004,-0.0695,0.0187,0.0129,-0.0358,0.0556,0.0254,0.062,0.0040999999999999995,-0.0213
1968-02-29,-0.1276,-0.027000000000000003,-0.0096,-0.0147,0.0116,-0.0183,-0.11779999999999999,-0.0496,-0.028300000000000002,-0.0557,,-0.0513,-0.0406,-0.0436,-0.10099999999999999,-0.020499999999999997,-0.0352,-0.08130000000000001,-0.042199999999999994,-0.0695,-0.0634,-0.0467,-0.0311,-0.036699999999999997,-0.042300000000000004,-0.057699999999999994,0.1953,-0.0441,-0.0698,-0.0262,-0.0149,-0.0242,-0.08650000000000001,-0.0695,-0.0298,-0.21899999999999997,-0.07519999999999999,-0.0703,-0.0555,-0.0326,-0.030899999999999997,-0.11199999999999999,0.0005,-0.0697,0.0085,-0.061200000000000004,-0.07980000000000001,-0.0438,-0.0745
1968-03-31,-0.0152,-0.011200000000000002,0.045899999999999996,0.0225,-0.0179,0.0471,0.057300000000000004,0.021,0.0349,0.0274,,0.0023,0.0008,-0.0053,-0.030299999999999997,-0.012,0.0044,-0.028399999999999998,-0.0069,-0.0002,-0.0086,-0.009300000000000001,-0.0032,0.0073,0.0206,0.0062,-0.1079,0.0134,0.0401,0.0069,-0.0394,-0.011200000000000002,-0.07440000000000001,0.0089,0.0559,-0.0265,0.0095,0.0695,0.021099999999999997,0.0152,-0.0207,-0.0137,0.0315,0.023399999999999997,0.0181,-0.0028000000000000004,0.0395,0.0019,-0.0171
1968-04-30,0.073,0.10679999999999999,0.1038,0.0557,0.0555,0.147,0.2238,0.153,0.11130000000000001,0.1325,,0.0795,0.12710000000000002,0.0795,0.1943,0.1258,0.1523,0.13,0.0721,0.0959,0.1202,0.1484,0.1133,0.1058,0.1073,0.12210000000000001,0.0705,0.06570000000000001,0.07440000000000001,0.0562,0.0242,0.022099999999999998,0.2702,0.1607,0.1197,0.2717,0.13269999999999998,0.12279999999999999,0.10710000000000001,0.1421,0.11259999999999999,0.16329999999999997,0.11800000000000001,0.18420000000000003,0.0981,0.0739,0.19690000000000002,0.1317,0.2069
1968-05-31,0.0040999999999999995,0.0625,0.027000000000000003,0.038599999999999995,0.0051,0.060599999999999994,0.06480000000000001,0.0451,0.022400000000000003,0.0678,,0.0786,0.024700000000000003,-0.006999999999999999,0.0535,0.0541,0.049100000000000005,0.1623,0.0519,0.0361,0.0333,0.0178,0.0072,0.0038,0.0587,0.0637,0.0992,0.02,0.1101,0.0113,0.0044,-0.0073,0.1348,0.024300000000000002,0.0524,-0.059800000000000006,-0.0106,0.0616,0.0269,0.0745,0.0616,0.08560000000000001,0.0271,0.1371,0.0588,0.1418,0.0709,0.051699999999999996,0.0886
1968-06-30,-0.006,0.0075,0.0129,0.0212,0.043,-0.059699999999999996,-0.031200000000000002,-0.0043,-0.0218,0.036699999999999997,,-0.0087,0.0288,0.0067,-0.0076,-0.0229,-0.0143,0.07429999999999999,0.0064,0.015,0.0046,-0.013300000000000001,0.0002,-0.0353,0.1023,-0.0447,-0.0286,0.0042,0.0048,0.018799999999999997,0.08449999999999999,0.0418,0.0489,0.0053,-0.0168,-0.1364,-0.023,-0.0458,0.0527,-0.0129,0.0134,0.0103,0.0062,0.0044,0.08439999999999999,0.19079999999999997,0.0832,0.0337,-0.0070999999999999995
1968-07-31,0.0039000000000000003,-0.035,-0.0558,0.006999999999999999,-0.0138,-0.0475,-0.030600000000000002,-0.0665,-0.0536,-0.0278,,-0.0441,-0.0406,-0.008199999999999999,-0.0555,-0.0403,0.006,-0.06509999999999999,-0.0661,-0.09720000000000001,-0.042699999999999995,-0.0371,-0.0241,-0.0683,-0.0471,-0.057300000000000004,-0.0842,-0.061900000000000004,-0.0202,0.0535,0.0018,-0.002,-0.045599999999999995,-0.0492,-0.0492,-0.0316,-0.0719,-0.0444,0.0108,-0.045,-0.0467,-0.0834,-0.0501,-0.0658,0.0349,-0.053200000000000004,0.013600000000000001,-0.0129,-0.0252
1968-08-31,-0.0096,0.011699999999999999,0.0463,0.07730000000000001,-0.0323,0.0235,0.083,0.0014000000000000002,0.021400000000000002,0.046799999999999994,,-0.011399999999999999,0.0104,0.0254,-0.0023,0.0861,0.08439999999999999,0.0326,0.015300000000000001,-0.02,0.0425,0.0158,0.0168,0.004,0.022099999999999998,0.1304,0.028999999999999998,-0.0348,-0.0148,0.013000000000000001,-0.0087,0.0129,0.0678,-0.0109,-0.006999999999999999,-0.0978,0.035,0.0302,0.0861,0.046900000000000004,0.0036,0.0017000000000000001,0.0233,0.06,0.0421,0.0621,0.0902,0.042,-0.0064
1968-09-30,0.0968,0.0564,-0.0102,0.050199999999999995,0.0571,0.1114,0.15410000000000001,0.049800000000000004,0.0192,0.0379,,-0.0045000000000000005,0.0109,0.0699,0.0621,0.0758,0.0475,0.07769999999999999,0.07780000000000001,0.015300000000000001,0.0526,0.044500000000000005,0.0681,0.018500000000000003,0.0542,0.111,0.0086,0.05,0.0704,0.0349,0.0026,0.0297,0.11720000000000001,0.0958,0.0137,0.1084,0.057699999999999994,0.0785,0.0711,0.0194,0.1143,0.0855,0.0764,0.0801,0.077,0.2274,0.1349,0.0587,0.1591
1968-10-31,0.058899999999999994,0.0101,0.0087,-0.050300000000000004,0.015600000000000001,-0.0043,-0.0096,0.0253,0.0083,0.0184,,-0.0121,0.0018,0.0223,-0.009300000000000001,0.021099999999999997,-0.0195,-0.0212,0.0282,-0.0101,0.015,-0.0118,0.0388,-0.0181,0.004,-0.0277,-0.0177,-0.0078000000000000005,-0.049699999999999994,0.0265,0.0049,0.0317,0.0194,0.0075,-0.06860000000000001,-0.0761,-0.0118,0.0025,0.06709999999999999,0.0366,0.0005,0.0375,0.0033,0.0665,0.0273,-0.0116,0.0207,0.0437,-0.0415
1968-11-30,0.06280000000000001,0.057,0.0501,0.052300000000000006,0.030600000000000002,0.0552,0.0827,0.008100000000000001,0.0697,0.0495,,0.113,0.07519999999999999,0.0467,0.040999999999999995,0.0512,0.06570000000000001,0.0512,0.0538,0.0437,0.048499999999999995,0.0519,-0.0209,0.0722,0.12029999999999999,0.16079999999999997,0.0974,0.0973,0.09380000000000001,0.056299999999999996,0.08810000000000001,0.053899999999999997,-0.028300000000000002,0.08199999999999999,0.09380000000000001,-0.0294,0.0666,0.1014,0.0431,0.0699,0.08039999999999999,0.1114,0.045899999999999996,0.09380000000000001,0.028300000000000002,0.0075,0.1334,0.09949999999999999,0.0658
1968-12-31,-0.0154,-0.0137,-0.027200000000000002,-0.005600000000000001,0.09119999999999999,-0.040999999999999995,-0.042800000000000005,-0.0483,-0.0698,-0.0124,,0.0361,-0.0192,-0.026000000000000002,0.0274,-0.0338,-0.015700000000000002,-0.046,0.009300000000000001,-0.0025,-0.0258,-0.0441,-0.04,-0.0327,0.0161,-0.0388,0.057300000000000004,0.021099999999999997,0.0016,-0.0256,-0.0292,-0.0667,-0.0239,-0.046900000000000004,-0.0621,-0.0545,-0.0394,-0.0358,-0.009300000000000001,-0.0431,-0.0403,-0.0125,-0.049699999999999994,0.0143,-0.0868,-0.0137,0.012,-0.0653,0.12210000000000001
1969-01-31,0.0567,-0.0097,-0.0014000000000000002,-0.0045000000000000005,0.0365,-0.0326,-0.006999999999999999,-0.0552,0.0009,-0.0075,,-0.011399999999999999,-0.0004,-0.0174,-0.0478,-0.0431,-0.0155,-0.002,0.027200000000000002,-0.0271,-0.0055000000000000005,-0.0217,-0.012199999999999999,-0.028399999999999998,-0.0354,-0.0337,0.0113,-0.0404,0.0097,-0.011699999999999999,0.024399999999999998,0.011699999999999999,-0.0541,0.0316,-0.050300000000000004,-0.0256,-0.0484,-0.0118,-0.0073,-0.025699999999999997,0.027999999999999997,-0.0128,-0.006999999999999999,-0.011699999999999999,0.0044,-0.0353,0.015700000000000002,0.0026,0.1274
1969-02-28,-0.09359999999999999,-0.057699999999999994,-0.0499,-0.0504,-0.09570000000000001,-0.0712,-0.0761,-0.0629,-0.04650000000000001,-0.0981,,-0.0282,-0.0565,-0.0554,-0.0987,-0.07980000000000001,-0.053399999999999996,-0.1258,-0.08439999999999999,-0.07150000000000001,-0.0629,-0.039599999999999996,-0.027200000000000002,-0.0729,-0.086,-0.0894,-0.052000000000000005,-0.0761,-0.0728,-0.0493,-0.052199999999999996,-0.0334,-0.0681,-0.10550000000000001,-0.016399999999999998,-0.1316,-0.0709,-0.0746,-0.0349,-0.0496,-0.08130000000000001,-0.1359,-0.0288,-0.1176,-0.0719,-0.0962,-0.128,-0.0911,-0.168
1969-03-31,0.061200000000000004,-0.0007000000000000001,0.0392,0.0169,-0.0172,0.0388,-0.042800000000000005,0.0397,0.022000000000000002,0.0075,,0.0799,0.023700000000000002,0.0014000000000000002,-0.0024,-0.0319,0.044000000000000004,0.0524,0.0288,0.0019,0.032400000000000005,0.035699999999999996,0.0492,-0.019,0.0342,0.034,0.0288,-0.023,-0.058899999999999994,0.0747,-0.0129,-0.0042,-0.0664,0.0377,0.0733,0.0152,0.016200000000000003,0.0334,0.10369999999999999,0.0666,-0.028900000000000002,0.030600000000000002,0.0559,0.0273,0.04190000000000001,-0.073,0.0915,0.0458,0.0183
1969-04-30,-0.04650000000000001,0.024,0.0183,0.011399999999999999,-0.019799999999999998,0.0675,0.044000000000000004,-0.0016,0.050300000000000004,-0.0146,,0.046900000000000004,0.050499999999999996,-0.012199999999999999,-0.0077,-0.0017000000000000001,0.024700000000000003,0.0126,0.0062,-0.058899999999999994,-0.0052,-0.0085,-0.0019,-0.0331,-0.0681,0.0059,0.0327,0.0033,-0.1059,-0.0028000000000000004,0.0134,0.0768,-0.0644,0.0262,0.0484,-0.12689999999999999,0.0252,-0.0046,0.056299999999999996,0.0189,-0.0143,0.048499999999999995,0.0385,0.0755,0.0383,0.0233,0.1343,0.004,-0.0332
1969-05-31,-0.0246,0.0151,0.023,0.0296,0.0171,-0.0265,-0.052199999999999996,0.0206,0.0016,-0.0179,,0.0166,0.0168,-0.0051,0.0207,0.0085,-0.0072,0.0060999999999999995,-0.0274,-0.0338,-0.0064,-0.0098,0.0088,-0.0823,0.0161,-0.0268,0.0369,0.011399999999999999,0.004,0.0403,0.0002,0.010700000000000001,-0.077,-0.0118,-0.0226,0.059800000000000006,-0.005600000000000001,0.029500000000000002,-0.032400000000000005,0.0268,-0.0216,-0.0582,0.0091,0.033,-0.04190000000000001,-0.0042,0.015,0.0024,0.027200000000000002
1969-06-30,-0.08439999999999999,-0.058899999999999994,-0.06559999999999999,-0.08070000000000001,-0.055099999999999996,-0.1099,-0.1535,-0.113,-0.017,-0.086,,-0.0582,-0.0487,-0.07490000000000001,-0.1001,-0.1024,-0.11939999999999999,-0.1226,-0.1014,-0.1358,-0.08810000000000001,-0.056600000000000004,-0.0599,-0.0863,-0.11380000000000001,-0.1382,-0.1112,-0.134,-0.1035,-0.0993,-0.0574,-0.04,-0.0852,-0.1005,0.0403,-0.1371,-0.0889,-0.08560000000000001,-0.1335,-0.07150000000000001,-0.0805,-0.1707,-0.0424,-0.09949999999999999,-0.06849999999999999,-0.08960000000000001,-0.13849999999999998,-0.11109999999999999,-0.16269999999999998
1969-07-31,-0.0833,-0.0692,-0.0353,-0.021099999999999997,-0.047400000000000005,-0.0788,-0.1002,-0.1107,-0.034300000000000004,-0.1193,-0.0184,0.0001,-0.0337,-0.042199999999999994,-0.11630000000000001,-0.061399999999999996,-0.068,-0.09519999999999999,-0.0653,-0.102,-0.0645,-0.0852,-0.0776,-0.1376,-0.0864,-0.09369999999999999,-0.2077,-0.0632,0.055999999999999994,-0.0973,-0.0298,-0.045,-0.10830000000000001,-0.0742,-0.0493,-0.26170000000000004,-0.0637,-0.0538,-0.0166,-0.0315,-0.1251,-0.1009,-0.08199999999999999,-0.0993,-0.0662,-0.1018,-0.13119999999999998,-0.0911,-0.1467
1969-08-31,0.042199999999999994,0.0452,0.0545,0.0662,0.0403,0.0642,0.11560000000000001,0.09789999999999999,0.04769999999999999,0.0233,0.1496,0.1366,0.0823,0.0329,0.052300000000000006,0.0416,0.08449999999999999,0.08689999999999999,0.0036,0.0359,0.029900000000000003,0.04769999999999999,0.0242,0.0509,0.096,-0.0018,0.1016,0.037200000000000004,0.0478,0.0664,-0.0129,0.0165,0.0212,0.0986,0.077,0.1646,0.053099999999999994,0.053899999999999997,0.0533,0.060899999999999996,0.055999999999999994,0.0638,0.0821,0.0898,0.1276,0.0828,0.1506,0.0889,0.08380000000000001
1969-09-30,0.0159,-0.0058,0.053,-0.009300000000000001,0.0414,0.021400000000000002,0.0109,-0.0060999999999999995,-0.0052,-0.0255,0.0512,0.0203,0.0208,-0.0545,0.0066,-0.030299999999999997,-0.0355,-0.024300000000000002,-0.0103,-0.0351,-0.029900000000000003,-0.0183,-0.0053,-0.0542,0.0001,-0.027999999999999997,0.0508,0.0111,-0.0054,-0.0971,-0.0415,-0.04,0.035,0.018799999999999997,-0.0019,-0.11960000000000001,0.015600000000000001,0.023799999999999998,-0.0158,0.0123,-0.015600000000000001,0.002,-0.0073,-0.0134,-0.0294,0.0739,-0.0379,-0.025099999999999997,-0.0667
1969-10-31,0.1697,0.0797,0.0684,0.1165,0.1241,0.0629,0.12990000000000002,0.0759,0.0641,0.0672,0.2218,0.0839,0.0902,0.045,0.0747,0.0678,0.0862,0.0968,0.0817,0.046,0.0472,0.1038,0.049800000000000004,0.061200000000000004,0.0591,0.09699999999999999,-0.1005,0.0471,0.1079,-0.0113,0.083,0.035,0.106,0.114,0.0424,0.4321,0.08470000000000001,0.10460000000000001,0.0858,0.0351,0.049400000000000006,0.1097,0.0626,0.09029999999999999,0.1075,0.0571,0.0454,0.1032,0.0371
1969-11-30,-0.0189,-0.0067,-0.0492,-0.0285,0.0074,-0.0839,-0.0327,-0.0397,-0.0242,-0.0291,-0.0335,0.015700000000000002,0.0003,-0.0458,-0.0603,-0.042300000000000004,-0.031200000000000002,-0.0975,-0.0458,-0.0443,-0.0329,-0.0354,-0.0417,-0.09119999999999999,-0.0509,-0.0781,-0.0317,0.0087,0.0352,-0.0461,-0.0528,0.0116,-0.044800000000000006,-0.029500000000000002,-0.0084,-0.1379,-0.039599999999999996,-0.0458,-0.0129,-0.019799999999999998,-0.0801,-0.061399999999999996,-0.0407,-0.019,-0.08990000000000001,-0.049100000000000005,-0.062400000000000004,-0.0592,-0.0225
1969-12-31,-0.0012,-0.02,0.0381,-0.0063,-0.020099999999999996,-0.0641,-0.0327,-0.032799999999999996,0.009399999999999999,-0.0637,0.0663,0.07769999999999999,0.034,-0.0365,-0.0591,-0.0556,-0.0285,-0.08070000000000001,-0.0129,0.12050000000000001,-0.0282,-0.0282,-0.0318,-0.0637,-0.0384,-0.0377,-0.1014,-0.024900000000000002,0.051100000000000007,-0.030699999999999998,-0.0063,-0.055099999999999996,0.0148,-0.0027,0.0029,-0.15,-0.0388,0.018000000000000002,-0.034300000000000004,-0.026600000000000002,-0.0802,-0.039900000000000005,-0.0281,-0.0434,-0.0072,-0.0286,-0.0432,-0.0311,-0.139
1970-01-31,0.0101,-0.0277,-0.0279,-0.013600000000000001,-0.0699,-0.0802,-0.056299999999999996,-0.114,-0.069,-0.048,-0.046900000000000004,-0.11019999999999999,-0.061,-0.0677,-0.023799999999999998,-0.046799999999999994,-0.0897,-0.121,-0.057,-0.041299999999999996,-0.065,-0.0621,-0.08789999999999999,-0.1353,-0.0332,-0.0949,0.014499999999999999,-0.025,-0.0017000000000000001,-0.1158,-0.0424,-0.025699999999999997,-0.2486,-0.0906,-0.0888,-0.29410000000000003,-0.10300000000000001,-0.0745,-0.0946,-0.08470000000000001,-0.0782,-0.0797,-0.058899999999999994,-0.1192,-0.07519999999999999,-0.08960000000000001,-0.11359999999999999,-0.107,-0.051100000000000007
1970-02-28,0.0993,0.0601,0.0388,0.0687,0.0028000000000000004,0.0604,0.08220000000000001,0.0052,0.0027,0.0269,-0.23329999999999998,0.0601,0.0576,0.0378,0.036699999999999997,0.0507,0.0956,-0.0003,0.10779999999999999,0.041299999999999996,0.0642,0.0843,0.0742,0.042300000000000004,0.1092,0.059699999999999996,-0.008,0.0756,0.16820000000000002,0.0524,0.08380000000000001,0.0797,-0.0256,0.0315,0.018600000000000002,0.16670000000000001,0.06509999999999999,0.018600000000000002,0.1041,0.0681,0.10490000000000001,0.0382,0.0605,0.0537,0.1555,0.10490000000000001,0.0151,0.0911,-0.0526
1970-03-31,-0.13390000000000002,-0.005600000000000001,-0.011000000000000001,-0.0062,0.014199999999999999,-0.0282,-0.0258,-0.027000000000000003,-0.0096,-0.005699999999999999,-0.0131,-0.0639,-0.0478,0.0083,-0.0075,0.011200000000000002,-0.012,0.0044,0.008,0.009000000000000001,0.0262,0.0233,0.0458,-0.0277,0.0012,-0.0417,-0.011200000000000002,-0.0151,-0.032799999999999996,-0.004,0.0291,0.0229,-0.1103,-0.044500000000000005,-0.0158,-0.0857,-0.0431,-0.0784,0.0431,-0.0232,-0.0318,-0.0562,-0.0092,-0.0757,-0.012199999999999999,-0.0022,-0.0101,-0.005699999999999999,0.0007000000000000001
1970-04-30,-0.1769,-0.10550000000000001,-0.0867,-0.094,-0.0281,-0.19879999999999998,-0.215,-0.1505,-0.07919999999999999,-0.1414,-0.4107,-0.1144,-0.09570000000000001,-0.042800000000000005,-0.1518,-0.07719999999999999,-0.10210000000000001,-0.1714,-0.0943,-0.24170000000000003,-0.109,-0.08380000000000001,-0.0919,-0.16010000000000002,-0.0689,-0.1103,-0.1355,-0.1422,-0.147,-0.0909,-0.08070000000000001,-0.08789999999999999,-0.243,-0.2122,-0.1321,-0.3594,-0.1791,-0.1335,-0.0674,-0.10779999999999999,-0.12,-0.2066,-0.1001,-0.1841,-0.1093,-0.15289999999999998,-0.1865,-0.12480000000000001,-0.2869
1970-05-31,-0.09880000000000001,-0.0863,-0.0365,-0.060899999999999996,0.0355,-0.0791,-0.1323,-0.1759,-0.08220000000000001,-0.10300000000000001,-0.29059999999999997,-0.08109999999999999,-0.076,-0.0282,-0.1324,-0.1012,-0.09230000000000001,-0.11,-0.094,-0.09949999999999999,-0.0947,-0.08539999999999999,-0.0525,-0.0832,-0.10060000000000001,-0.08470000000000001,-0.0768,-0.0144,0.0587,0.0264,-0.0535,-0.0371,-0.16079999999999997,-0.1007,-0.0786,-0.3171,-0.1286,-0.2228,-0.034300000000000004,-0.1039,-0.0689,-0.12050000000000001,-0.09390000000000001,-0.1209,-0.0649,-0.0874,-0.1517,-0.0944,-0.0546
1970-06-30,-0.008199999999999999,-0.0017000000000000001,-0.0159,-0.0265,0.0666,-0.1167,-0.0536,-0.09369999999999999,-0.0504,-0.069,-0.045700000000000005,-0.042199999999999994,0.0040999999999999995,-0.015600000000000001,-0.0711,-0.025699999999999997,-0.052300000000000006,-0.1336,-0.0649,-0.1198,-0.0447,0.0083,-0.0344,-0.1229,-0.0489,-0.10859999999999999,0.07980000000000001,-0.0302,-0.030299999999999997,-0.0241,-0.0471,-0.0849,-0.1782,-0.07919999999999999,-0.11689999999999999,-0.10710000000000001,-0.1202,-0.1401,-0.0733,-0.0504,-0.1539,-0.064,-0.037000000000000005,-0.07150000000000001,0.0060999999999999995,-0.0354,-0.0326,-0.11220000000000001,-0.2257
1970-07-31,-0.008199999999999999,0.0558,0.0584,0.0676,0.035,0.1252,0.0053,0.13269999999999998,0.045899999999999996,0.083,-0.06280000000000001,0.018799999999999997,0.023,0.0852,0.0623,0.1063,0.1008,0.0687,0.0353,0.1265,0.0331,0.051500000000000004,0.08929999999999999,0.0441,0.0406,0.1478,0.1032,0.004699999999999999,0.0633,0.1284,0.08710000000000001,0.1026,0.12539999999999998,0.0702,0.008,-0.1202,0.0672,0.0446,0.08800000000000001,0.0667,0.0839,0.0436,0.11779999999999999,0.01,0.0665,0.1059,0.0967,0.1036,0.0016
1970-08-31,-0.0031,0.0037,-0.0171,-0.0271,0.0068000000000000005,0.11460000000000001,0.0323,0.06509999999999999,0.042300000000000004,0.0727,0.08960000000000001,0.022000000000000002,0.0167,0.0536,0.044800000000000006,0.0438,0.0384,0.0745,-0.0002,0.0941,0.0426,0.0254,0.09119999999999999,0.12240000000000001,0.0154,0.0722,0.1051,0.0305,-0.0294,0.0669,0.046900000000000004,0.024399999999999998,0.0288,0.0375,0.07139999999999999,-0.0796,0.1008,0.1334,0.068,0.078,0.08470000000000001,0.0662,0.0508,0.0693,0.064,0.016200000000000003,0.0414,0.056799999999999996,0.1445
1970-09-30,0.1445,0.0501,0.0404,0.0449,0.0052,0.0623,0.1918,0.073,0.0638,0.1199,0.3641,0.0823,0.07730000000000001,-0.013000000000000001,0.0756,0.0587,0.0681,0.16390000000000002,0.0418,0.1306,0.0781,0.0315,0.013600000000000001,0.0906,0.0877,0.0601,0.056799999999999996,0.0886,0.24100000000000002,0.029900000000000003,-0.0052,-0.0088,0.2073,0.11449999999999999,0.10529999999999999,0.7245,0.0842,0.0975,0.0168,0.0016,0.0898,0.1637,0.0682,0.1609,-0.004,0.0873,0.14859999999999998,0.0857,0.0575
1970-10-31,-0.0358,-0.0002,0.0431,-0.0102,0.1035,-0.0435,-0.0375,-0.0291,-0.0016,-0.0369,-0.19329999999999997,0.012199999999999999,0.0006,-0.0405,-0.0722,-0.0192,-0.0345,-0.1164,-0.050499999999999996,-0.0917,-0.0327,0.0023,-0.0282,-0.1119,-0.047599999999999996,-0.08839999999999999,0.0218,-0.0663,0.0633,0.0292,-0.0083,-0.0375,-0.0647,-0.0381,-0.0159,-0.3346,-0.0942,-0.0455,-0.051500000000000004,-0.026000000000000002,-0.0496,-0.0759,-0.0089,-0.0395,-0.052300000000000006,-0.0999,-0.09390000000000001,-0.0739,-0.193
1970-11-30,-0.018000000000000002,0.0529,0.0669,-0.0085,0.1009,0.0654,0.113,0.0377,0.048799999999999996,0.024700000000000003,0.002,0.0124,0.0355,0.046,-0.0008,0.0273,0.0191,0.014499999999999999,0.0194,0.0882,0.0313,0.0366,0.0842,0.0273,0.11699999999999999,0.1545,-0.0417,-0.0104,0.0888,0.049100000000000005,0.0941,0.0616,-0.0492,0.0258,0.0345,0.09939999999999999,0.0661,0.0203,-0.005600000000000001,0.0137,0.0356,-0.0104,0.07769999999999999,0.0416,0.047,0.0605,0.0737,0.0709,-0.0882
1970-12-31,0.0092,0.0821,0.022799999999999997,0.042800000000000005,0.026699999999999998,0.052000000000000005,0.0275,0.1223,0.056799999999999996,0.1412,0.10060000000000001,0.0151,0.0623,0.0983,0.11349999999999999,0.1335,0.0926,0.1003,0.07490000000000001,0.0736,0.1234,0.0362,0.060599999999999994,0.0552,0.0592,0.051,-0.032400000000000005,0.0828,0.0559,0.022000000000000002,0.0718,0.06849999999999999,0.0506,0.0521,0.0333,-0.07980000000000001,0.0863,0.030600000000000002,0.0842,0.10220000000000001,0.10529999999999999,0.111,0.048799999999999996,0.0693,0.08220000000000001,0.1276,0.0986,0.09050000000000001,0.1117
1971-01-31,0.056600000000000004,0.0212,0.0407,0.0452,0.0574,0.1041,0.131,0.0506,0.051399999999999994,0.1272,0.048,0.1094,0.0351,0.0699,0.0687,0.0594,0.0576,0.1202,0.0426,0.1043,0.0791,0.0756,0.0202,0.22260000000000002,0.032799999999999996,0.2195,0.041299999999999996,0.0634,0.0337,0.0026,0.029300000000000003,0.0977,0.1017,0.0825,0.0377,0.19649999999999998,0.0908,0.1052,0.0608,0.0349,0.1575,0.1394,0.0784,0.0782,0.0052,0.0895,0.08289999999999999,0.0751,0.1779
1971-02-28,0.0925,0.024,0.018000000000000002,0.0166,0.051100000000000007,0.0579,0.0602,0.0623,0.0169,0.0596,0.2784,0.0359,0.0059,0.0179,0.0377,0.06309999999999999,0.0037,0.0208,-0.0013,0.1249,0.0064,0.071,0.0006,0.0405,0.0388,0.0076,0.0771,0.022400000000000003,0.0375,0.048499999999999995,-0.026000000000000002,-0.0529,0.0786,0.048799999999999996,0.0349,-0.07730000000000001,0.0067,0.0192,0.0011,0.0384,0.0278,0.018799999999999997,0.035699999999999996,0.060700000000000004,0.0108,0.0359,0.0703,0.01,0.1245
1971-03-31,0.0124,0.0262,0.076,0.026600000000000002,0.096,0.09390000000000001,0.1472,0.045599999999999995,0.0635,0.0416,0.13269999999999998,0.08109999999999999,0.0242,0.0321,0.0559,-0.0043,0.0038,0.0674,0.04,0.0044,0.0395,0.0203,0.0246,0.025099999999999997,0.0684,-0.024900000000000002,0.0592,0.0668,0.0888,0.026600000000000002,0.0241,0.0070999999999999995,-0.0128,0.08259999999999999,0.0707,0.1675,0.12380000000000001,0.042,-0.0033,0.0635,0.03,0.094,0.06269999999999999,0.1,0.1024,0.0431,0.0634,0.0613,0.0672
1971-04-30,0.0506,0.0105,0.0286,0.015,0.0172,0.08470000000000001,0.0366,0.0653,0.0384,0.0276,-0.0134,0.048799999999999996,0.0415,0.0643,0.0264,-0.0004,0.043,0.0533,0.0281,0.1547,0.0484,0.0891,0.0862,0.06509999999999999,0.0633,0.1206,0.0509,0.039599999999999996,0.028300000000000002,0.0434,-0.0355,0.008100000000000001,-0.0637,0.0262,0.013300000000000001,0.0852,0.052300000000000006,0.0146,0.03,0.011399999999999999,0.1162,0.0179,0.0557,0.0279,-0.0212,0.07339999999999999,0.0383,0.0347,-0.0816
1971-05-31,-0.07490000000000001,-0.0285,0.0187,-0.0143,-0.0775,-0.012199999999999999,0.0070999999999999995,-0.0583,-0.0105,-0.0394,-0.066,0.0062,-0.0279,-0.0083,-0.0625,-0.0358,-0.053099999999999994,-0.0178,-0.0369,-0.0308,-0.042699999999999995,-0.03,-0.0483,-0.040999999999999995,-0.0199,-0.0739,-0.0414,-0.0189,-0.0781,-0.0472,-0.0371,-0.0516,-0.059800000000000006,-0.052000000000000005,-0.07,0.1074,-0.046799999999999994,-0.0361,-0.0361,-0.026000000000000002,-0.0426,-0.0308,-0.020099999999999996,0.023,-0.07139999999999999,-0.0322,-0.0557,-0.0516,-0.1335
1971-06-30,-0.0069,0.006999999999999999,0.018600000000000002,0.0078000000000000005,0.0006,0.0215,-0.013300000000000001,-0.0109,0.0337,-0.0178,-0.014499999999999999,0.0575,0.0101,-0.0027,-0.0196,-0.0649,-0.0248,-0.028399999999999998,-0.0473,0.009300000000000001,0.0015,0.0168,-0.015,-0.0197,0.013600000000000001,-0.0478,-0.031,-0.0111,0.054299999999999994,0.0098,0.0432,0.0104,0.009899999999999999,0.0079,-0.0292,0.0,-0.013300000000000001,0.002,-0.043,0.008,-0.022400000000000003,0.020499999999999997,-0.0011,0.0305,-0.0206,0.0207,0.031,0.0032,0.0002
1971-07-31,-0.0696,-0.0031,-0.019299999999999998,-0.0313,0.0053,-0.10800000000000001,-0.0823,-0.0301,-0.0584,-0.06509999999999999,-0.1231,-0.030600000000000002,-0.018000000000000002,-0.0403,-0.0662,-0.0449,-0.027999999999999997,-0.096,-0.077,-0.0816,-0.045599999999999995,-0.0684,-0.0341,-0.0977,-0.0106,-0.0762,0.014499999999999999,-0.0575,-0.11199999999999999,-0.020099999999999996,-0.021400000000000002,-0.0361,-0.126,-0.075,-0.09480000000000001,-0.23879999999999998,-0.0739,-0.0501,-0.0327,-0.041299999999999996,-0.0602,-0.059800000000000006,-0.0288,-0.0633,-0.0204,0.0043,-0.1013,-0.0217,-0.1655
1971-08-31,-0.0126,-0.0015,0.0718,0.013500000000000002,0.024900000000000002,0.0947,0.0719,0.039900000000000005,0.0676,0.0647,0.048600000000000004,-0.0045000000000000005,0.0418,0.0793,0.0444,0.0767,0.0658,0.11410000000000001,0.08810000000000001,0.061799999999999994,0.0928,0.09210000000000002,0.0987,0.0355,0.09630000000000001,0.0335,-0.0643,-0.0281,0.04190000000000001,-0.0131,-0.0233,-0.0034000000000000002,0.0793,0.0287,0.066,0.0441,0.0297,0.0689,0.0070999999999999995,0.0282,0.16269999999999998,0.0424,0.0629,0.0496,0.0564,0.0666,0.0788,0.07730000000000001,0.0191
1971-09-30,-0.0408,-0.0012,0.0192,-0.0077,-0.0288,-0.0358,-0.0281,0.0189,0.0159,-0.0029,0.009899999999999999,0.0105,0.0055000000000000005,0.0009,0.0102,-0.004,0.0204,-0.0098,-0.0739,0.0131,-0.0128,0.0115,0.0021,-0.0005,-0.0086,0.0637,-0.0265,-0.026699999999999998,-0.08130000000000001,-0.015600000000000001,-0.0151,0.0023,0.0679,-0.0149,-0.0159,-0.1174,-0.0269,0.0254,-0.0366,-0.0026,-0.0048,-0.0032,0.0053,0.0066,0.015700000000000002,-0.024399999999999998,0.0635,-0.0149,-0.039599999999999996
1971-10-31,-0.0689,-0.041100000000000005,-0.013999999999999999,0.009899999999999999,-0.08800000000000001,-0.0678,-0.055999999999999994,-0.0337,-0.0421,-0.042699999999999995,-0.0858,-0.0191,-0.025099999999999997,-0.06709999999999999,-0.0015,-0.0861,-0.057800000000000004,-0.0756,-0.10220000000000001,-0.1247,-0.0821,-0.0666,-0.0588,-0.0603,-0.0727,-0.08130000000000001,-0.1868,-0.1223,-0.0962,-0.042800000000000005,0.020499999999999997,-0.0174,-0.042699999999999995,-0.0506,-0.0241,-0.17550000000000002,-0.08460000000000001,-0.0931,-0.0512,-0.0405,-0.019,-0.0358,-0.0354,-0.0253,0.0148,-0.0438,-0.062,-0.0418,-0.0013
1971-11-30,-0.031,0.0097,-0.0006,0.006999999999999999,0.0172,0.0018,0.0263,-0.0431,0.0171,-0.0196,-0.0676,0.0131,0.005600000000000001,-0.0143,-0.0418,-0.052000000000000005,-0.0378,-0.0579,-0.0252,-0.0602,-0.0218,-0.021099999999999997,-0.004,0.0031,-0.0695,-0.0111,0.0177,-0.0525,-0.0373,0.001,-0.012,0.0039000000000000003,0.0096,-0.013000000000000001,0.0217,-0.1226,0.032400000000000005,-0.07490000000000001,-0.0296,-0.0067,-0.0043,-0.0279,0.0036,0.0073,0.022099999999999998,0.0004,-0.0252,0.0179,-0.0256
1971-12-31,0.09630000000000001,0.0738,0.12539999999999998,0.1336,0.0855,0.11789999999999999,0.1833,0.1332,0.0849,0.10710000000000001,0.1726,0.0728,0.0788,0.0689,0.12050000000000001,0.149,0.0837,0.09820000000000001,0.13949999999999999,0.1539,0.1265,0.11710000000000001,0.062,0.1322,0.12369999999999999,0.14679999999999999,0.0403,0.1378,0.16899999999999998,0.0875,0.08109999999999999,0.0737,0.1448,0.134,0.10769999999999999,0.1985,0.11599999999999999,0.1333,0.09029999999999999,0.0968,0.0984,0.1416,0.0975,0.1166,0.06280000000000001,0.0197,0.038599999999999995,0.086,0.1472
1972-01-31,0.1422,0.0109,-0.0152,0.0286,0.0587,0.0727,0.1562,0.0039000000000000003,0.032,0.051500000000000004,0.0673,0.026600000000000002,0.025,0.0441,0.10769999999999999,0.0698,0.011399999999999999,0.068,0.0433,0.0208,0.0313,0.0239,0.028399999999999998,0.1892,-0.0349,0.1005,0.1567,0.0594,0.092,0.0004,-0.003,0.009399999999999999,0.0594,0.0536,0.0935,0.09820000000000001,0.0703,0.0429,-0.0339,-0.0006,0.0633,0.0705,-0.0092,0.1093,0.0034000000000000002,-0.0098,0.0271,0.0233,0.17850000000000002
1972-02-29,0.0416,0.0349,0.0438,0.06480000000000001,0.0837,0.0736,0.0676,0.0667,0.0659,0.023700000000000002,0.105,0.0673,0.0716,0.0263,0.0659,0.019299999999999998,0.0315,0.0308,0.06849999999999999,0.0252,0.0373,0.031400000000000004,0.0013,0.0273,-0.0169,0.0022,0.030299999999999997,0.0765,-0.0361,0.0269,-0.025,0.0016,0.0262,0.0288,0.013000000000000001,-0.10060000000000001,0.0235,0.0692,0.038900000000000004,0.0555,0.0323,0.049,0.056299999999999996,0.069,-0.0079,-0.0028000000000000004,0.057800000000000004,0.0034999999999999996,0.0608
1972-03-31,0.0684,-0.010700000000000001,0.0206,-0.0231,0.0301,0.0006,-0.0311,-0.0213,0.0414,-0.024,-0.023399999999999997,0.0472,-0.0052,0.0246,-0.0018,-0.0024,0.009899999999999999,0.0006,0.0026,-0.0012,0.0179,0.0329,0.0472,-0.0064,-0.0232,0.0151,0.0002,0.0027,-0.125,-0.0538,-0.0016,-0.0032,-0.1183,-0.013600000000000001,0.0208,0.0,-0.0315,0.0552,0.0292,0.024900000000000002,-0.002,0.0105,0.0218,0.0206,0.0584,0.058499999999999996,0.0453,0.04019999999999999,0.050300000000000004
1972-04-30,0.0379,0.0097,0.0414,0.0241,0.06280000000000001,-0.0062,0.0278,0.0333,0.023399999999999997,-0.0144,-0.0315,0.0269,0.0076,0.021400000000000002,0.0319,-0.016200000000000003,0.0202,0.0128,0.0018,0.0083,0.0406,0.061200000000000004,-0.026000000000000002,-0.0097,-0.0438,0.0579,-0.0264,0.003,0.042,-0.0077,-0.0282,-0.0105,-0.0545,-0.0101,0.0101,0.1677,0.0012,0.0083,0.07490000000000001,-0.0175,0.0213,0.0322,-0.0127,0.020099999999999996,0.023799999999999998,0.054400000000000004,-0.017,0.013600000000000001,-0.1283
1972-05-31,-0.0441,-0.0039000000000000003,0.0178,0.0496,0.027999999999999997,0.048799999999999996,0.0696,0.009899999999999999,0.04019999999999999,-0.0571,0.0092,0.0269,0.038,0.013500000000000002,0.0004,-0.0294,-0.030299999999999997,-0.0478,-0.0148,-0.0636,0.026600000000000002,0.019299999999999998,-0.0287,0.0254,-0.012,-0.0223,0.060700000000000004,0.0253,-0.08449999999999999,0.0381,-0.0018,0.011699999999999999,-0.0776,0.013000000000000001,0.0408,-0.0691,0.0178,0.0934,-0.0344,0.0414,0.0163,0.0115,0.014499999999999999,0.0507,-0.0239,-0.0268,0.0144,-0.01,-0.0353
1972-06-30,-0.0039000000000000003,-0.0197,-0.0039000000000000003,0.061200000000000004,-0.0075,-0.0334,0.0007000000000000001,-0.0315,-0.0102,-0.0356,-0.0805,0.0213,0.028300000000000002,-0.0392,-0.025,0.0066,-0.031,-0.047400000000000005,-0.0541,-0.0403,-0.0147,-0.0148,-0.0271,-0.0496,-0.019799999999999998,-0.11539999999999999,-0.013000000000000001,-0.0063,-0.1333,-0.0075,-0.0155,-0.0275,-0.0524,-0.0487,-0.016,-0.1714,-0.0567,-0.0149,-0.0454,-0.0097,-0.09699999999999999,-0.053200000000000004,-0.0444,-0.0091,-0.005,-0.08800000000000001,-0.0908,-0.0286,-0.08039999999999999
1972-07-31,-0.0472,-0.0089,0.0526,-0.019299999999999998,-0.0525,-0.05,-0.021099999999999997,-0.0449,0.0098,-0.0405,-0.001,-0.0063,0.0426,-0.0032,-0.05,-0.0275,-0.0204,-0.060899999999999996,-0.0387,-0.0106,-0.0070999999999999995,-0.0406,-0.0111,0.0168,-0.0354,0.0641,0.034300000000000004,-0.0559,-0.1101,-0.0092,0.0004,0.0075,-0.07200000000000001,-0.0377,0.0216,-0.131,-0.022799999999999997,-0.005600000000000001,-0.0131,0.0506,-0.0426,-0.05,-0.0206,-0.07690000000000001,0.0344,-0.0496,-0.121,-0.0192,-0.1075
1972-08-31,-0.009399999999999999,0.0189,-0.0060999999999999995,0.051500000000000004,-0.0273,-0.029500000000000002,-0.018000000000000002,-0.0003,-0.0079,-0.0011,0.0591,0.013300000000000001,0.0084,0.076,0.0245,-0.023,0.0087,0.013999999999999999,0.08439999999999999,0.0425,0.047599999999999996,0.0052,0.0432,0.0131,0.09300000000000001,0.07200000000000001,-0.0152,0.0452,0.1124,0.1249,0.059699999999999996,0.051500000000000004,-0.0316,0.0141,0.0276,-0.1429,0.0471,-0.0134,0.056799999999999996,-0.005600000000000001,0.0085,0.0209,-0.0060999999999999995,-0.0161,0.0766,0.0679,-0.0248,0.050300000000000004,0.0603
1972-09-30,-0.0038,-0.0152,-0.0097,-0.004,-0.0757,-0.026099999999999998,-0.0337,-0.0204,0.0178,-0.0323,-0.0833,-0.0051,-0.0021,-0.045899999999999996,-0.014199999999999999,-0.035699999999999996,-0.0346,0.019799999999999998,-0.0394,-0.0816,-0.0116,-0.0213,-0.0111,-0.019799999999999998,-0.0316,-0.053,-0.06509999999999999,-0.019,-0.1531,-0.0009,0.002,0.0431,-0.0304,-0.0264,-0.0091,0.0463,-0.0152,-0.0268,-0.0481,-0.0109,-0.0635,-0.0353,-0.0021,0.0059,0.011699999999999999,-0.0241,-0.0542,0.002,-0.0711
1972-10-31,0.0489,0.023799999999999998,0.0118,-0.039,-0.010700000000000001,-0.019799999999999998,0.0286,-0.0333,0.0209,-0.0123,-0.0366,0.0063,0.0187,0.0011,-0.0421,0.009300000000000001,-0.0064,-0.0158,-0.0189,-0.0074,-0.0083,0.0246,-0.0362,-0.024900000000000002,0.0277,-0.0195,-0.034,0.0043,-0.049,0.0317,0.0677,0.023,-0.0794,-0.0184,-0.04650000000000001,-0.2389,0.006500000000000001,-0.0417,0.0507,0.021099999999999997,0.0288,-0.0074,0.0073,0.0354,0.0066,0.053399999999999996,-0.0706,0.0169,0.0034999999999999996
1972-11-30,0.009300000000000001,0.0876,0.010700000000000001,0.0479,0.102,0.0653,0.0199,0.046799999999999994,0.0029,0.0999,-0.1315,-0.024,0.0021,0.0602,0.0245,0.09029999999999999,0.0823,0.0548,0.1336,0.0271,0.062400000000000004,0.0268,0.10210000000000001,0.0908,0.0253,0.0753,0.0259,0.0463,0.15710000000000002,0.0613,0.064,0.0706,0.127,0.042199999999999994,0.0116,-0.0116,0.0647,0.06280000000000001,0.0793,0.0379,0.0572,0.0395,0.0604,0.06269999999999999,-0.0076,0.0797,0.09849999999999999,0.08839999999999999,0.064
1972-12-31,-0.0148,0.0165,0.0319,-0.008199999999999999,-0.0337,0.0183,0.1184,0.024,0.0443,-0.0297,0.0105,0.0349,0.038599999999999995,0.0097,-0.022799999999999997,-0.0106,-0.024,0.023,-0.0564,0.026600000000000002,-0.005699999999999999,0.0038,-0.0049,-0.037200000000000004,-0.0222,-0.039900000000000005,0.0394,0.0286,-0.0336,0.0111,-0.0154,0.014499999999999999,-0.0337,-0.0064,0.026000000000000002,-0.1059,-0.0058,0.059800000000000006,0.0281,0.0004,-0.038900000000000004,-0.0029,0.013999999999999999,0.0291,0.0125,-0.0421,-0.0509,-0.0044,-0.0040999999999999995
1973-01-31,0.0027,-0.0332,-0.022000000000000002,-0.0525,0.0014000000000000002,-0.1482,-0.1075,-0.0894,-0.0415,-0.06849999999999999,-0.2225,-0.042800000000000005,0.0001,-0.025699999999999997,0.0048,-0.0799,-0.0825,-0.0703,-0.0096,-0.08539999999999999,-0.0435,-0.057300000000000004,-0.058899999999999994,-0.0851,-0.0176,-0.0375,0.0814,0.0212,0.13849999999999998,0.0501,-0.042699999999999995,-0.0212,-0.1211,-0.050300000000000004,0.0584,-0.1447,-0.081,-0.0096,-0.056100000000000004,-0.030299999999999997,-0.1032,-0.0703,-0.0392,-0.046799999999999994,-0.053899999999999997,-0.0901,-0.09210000000000002,-0.08839999999999999,-0.059699999999999996
1973-02-28,-0.0241,-0.0387,-0.0369,0.0194,-0.0126,-0.1335,-0.0949,-0.0513,-0.0085,-0.09720000000000001,-0.1252,-0.0525,0.0058,-0.0037,-0.0564,-0.0824,-0.0684,-0.12119999999999999,-0.0155,-0.0487,-0.0388,-0.061200000000000004,-0.065,-0.0587,-0.0046,-0.0604,0.0463,0.0508,-0.0009,-0.07440000000000001,-0.019799999999999998,-0.0464,-0.1114,-0.0816,-0.0167,0.2,-0.0596,-0.0669,-0.0518,-0.0392,-0.0617,-0.0633,-0.0579,-0.122,-0.059699999999999996,-0.0527,-0.1104,-0.0629,-0.08810000000000001
1973-03-31,-0.0348,-0.020499999999999997,0.0034999999999999996,0.0078000000000000005,0.0102,-0.0424,-0.042199999999999994,-0.0167,-0.0137,-0.0461,-0.1593,-0.0019,0.0123,0.0073,-0.028999999999999998,0.0054,-0.0163,0.0083,0.036699999999999997,0.0331,-0.0407,-0.0002,-0.022000000000000002,-0.0151,-0.0132,0.028900000000000002,-0.005600000000000001,-0.015700000000000002,0.0064,0.031,-0.0215,0.0053,-0.0416,-0.028300000000000002,0.0024,0.0128,-0.061200000000000004,-0.034,0.0268,0.0248,0.032799999999999996,-0.0601,-0.064,0.0111,-0.0002,-0.0019,-0.0294,-0.0066,-0.0394
1973-04-30,-0.06570000000000001,-0.0516,-0.019299999999999998,-0.0509,-0.0906,-0.1023,-0.0679,-0.1323,-0.0545,-0.0797,-0.1366,-0.0558,-0.0538,-0.0364,-0.07429999999999999,-0.0679,-0.03,-0.1016,-0.0115,-0.0553,-0.059699999999999996,-0.10060000000000001,-0.0313,-0.09210000000000002,0.0043,-0.0636,0.069,-0.0311,-0.0953,-0.0095,-0.006,0.0088,-0.13140000000000002,-0.067,-0.0583,-0.2785,-0.0993,-0.0636,-0.0052,-0.0632,-0.0857,-0.0774,-0.079,-0.17329999999999998,-0.0608,-0.0692,-0.11380000000000001,-0.1065,-0.1611
1973-05-31,-0.0643,-0.0124,-0.001,-0.0053,-0.0192,-0.0637,-0.0546,-0.0219,-0.0042,-0.0713,-0.11789999999999999,-0.0332,0.0219,-0.0111,-0.0361,-0.056799999999999996,-0.0364,-0.0789,-0.0518,-0.062400000000000004,-0.030600000000000002,0.018000000000000002,-0.0601,-0.0645,0.0277,-0.0361,0.041100000000000005,-0.0395,-0.0206,-0.0356,0.0034999999999999996,-0.0084,-0.1869,-0.0795,-0.027999999999999997,-0.2807,-0.004,-0.0415,0.0097,0.0337,-0.1043,-0.0736,-0.0158,-0.0554,-0.0229,-0.0339,-0.1188,-0.0349,-0.2253
1973-06-30,0.046799999999999994,-0.0634,0.0149,-0.0124,0.0353,-0.087,-0.11699999999999999,-0.057699999999999994,0.013600000000000001,-0.1285,-0.1902,-0.0321,0.0087,-0.0155,-0.0451,-0.0525,-0.0274,-0.0026,-0.026699999999999998,-0.049,-0.0177,0.0333,-0.029300000000000003,-0.111,0.024,-0.0365,0.0163,0.0349,-0.1008,0.0168,-0.025,-0.0032,-0.0017000000000000001,-0.0654,0.009899999999999999,-0.09759999999999999,-0.0355,-0.020099999999999996,-0.008,0.0023,-0.0527,-0.0536,-0.0546,-0.0922,0.0383,0.0174,-0.0067,0.0169,0.055099999999999996
1973-07-31,0.1607,0.0718,0.032,0.0542,0.0538,0.17149999999999999,0.13699999999999998,0.1131,0.0464,0.12710000000000002,0.2749,0.0832,0.0637,0.0721,0.1245,0.0944,0.1294,0.1674,0.0707,0.09140000000000001,0.1258,0.087,0.057999999999999996,0.152,0.1097,0.0728,0.0165,0.0924,-0.038599999999999995,0.0034000000000000002,-0.024,-0.0032,0.2359,0.15560000000000002,0.010700000000000001,0.2169,0.1472,0.1637,0.1003,0.0326,0.07980000000000001,0.1603,0.0992,0.17420000000000002,0.08929999999999999,0.1103,0.111,0.07919999999999999,0.0759
1973-08-31,0.0281,-0.0148,-0.0291,-0.0171,-0.0739,-0.005699999999999999,-0.036699999999999997,-0.0417,-0.044500000000000005,-0.0795,-0.10220000000000001,-0.0049,-0.0828,-0.0181,-0.0722,-0.047599999999999996,-0.0236,-0.011200000000000002,0.0111,0.0294,0.0225,-0.0526,-0.0326,-0.0471,-0.0194,0.024900000000000002,-0.0892,0.030600000000000002,-0.1096,-0.037599999999999995,-0.021,-0.038900000000000004,-0.07139999999999999,-0.0171,-0.037000000000000005,-0.1394,-0.0337,-0.054400000000000004,0.0928,0.0059,-0.0398,-0.0182,-0.0475,-0.014199999999999999,-0.01,-0.014199999999999999,-0.09050000000000001,-0.0334,-0.028399999999999998
1973-09-30,0.1288,0.0775,0.0518,-0.009000000000000001,0.015300000000000001,0.11599999999999999,-0.0425,0.07690000000000001,-0.0108,0.1008,0.19519999999999998,0.0239,0.002,0.1035,0.1051,0.064,0.0906,0.13720000000000002,0.0987,0.0579,0.0892,0.09630000000000001,0.0737,0.069,0.1365,0.0365,0.0277,0.1223,0.2912,0.0908,0.0791,0.0764,0.0641,0.0951,-0.0946,0.08310000000000001,0.1305,0.1276,0.0509,0.0537,0.1229,0.0983,0.06709999999999999,0.08869999999999999,0.0681,0.0802,0.0751,0.075,0.0518
1973-10-31,-0.037200000000000004,-0.0203,-0.0271,0.0173,-0.0054,-0.0684,-0.07769999999999999,-0.0436,-0.0088,-0.0697,-0.0866,0.0147,0.0204,0.026000000000000002,-0.0862,0.015700000000000002,-0.0055000000000000005,0.0252,0.0741,0.09449999999999999,0.018600000000000002,-0.030899999999999997,-0.0703,-0.011399999999999999,0.018600000000000002,-0.0005,0.0843,0.0659,0.1162,0.0513,-0.0341,-0.0556,-0.092,-0.0327,0.0677,0.051500000000000004,-0.030899999999999997,0.0463,0.0354,-0.0216,0.0013,-0.0014000000000000002,-0.0388,-0.0699,0.01,-0.049,-0.0958,-0.0197,-0.0063
1973-11-30,-0.163,-0.1202,-0.1234,-0.1391,-0.08039999999999999,-0.22899999999999998,-0.3059,-0.1697,-0.12050000000000001,-0.252,-0.175,-0.0783,-0.0764,-0.1791,-0.18030000000000002,-0.2078,-0.16920000000000002,-0.1566,-0.1421,-0.045,-0.1356,-0.0984,-0.21539999999999998,-0.21109999999999998,-0.0231,-0.152,0.0672,-0.0753,-0.12050000000000001,-0.061799999999999994,-0.1164,-0.0433,-0.22390000000000002,-0.1689,-0.08070000000000001,-0.29719999999999996,-0.1832,-0.1967,-0.1152,-0.12869999999999998,-0.1462,-0.18469999999999998,-0.1725,-0.31679999999999997,-0.1376,-0.0759,-0.2351,-0.1292,-0.1329
1973-12-31,0.0418,-0.0048,-0.0256,0.0183,0.0225,-0.0625,0.011200000000000002,-0.042199999999999994,-0.0301,-0.0864,0.021099999999999997,-0.0262,-0.0499,0.0574,-0.031200000000000002,-0.07139999999999999,-0.0096,0.0432,0.105,0.0823,0.029900000000000003,-0.1073,-0.0356,-0.0809,0.1827,-0.0397,0.20199999999999999,0.0525,0.1036,0.0864,0.034300000000000004,0.0417,-0.0165,-0.0039000000000000003,-0.060700000000000004,-0.18789999999999998,-0.0017000000000000001,0.0088,0.1026,0.0013,0.0706,-0.0296,-0.008,0.0646,0.0183,0.0212,-0.0882,0.0282,0.0023
1974-01-31,0.0208,0.0629,-0.0542,-0.0084,0.031400000000000004,0.08869999999999999,0.0883,-0.0163,-0.0259,0.0975,-0.0194,-0.0353,-0.0232,0.0219,0.0975,0.1091,0.0581,0.0026,0.049,-0.0659,-0.029500000000000002,-0.0092,0.1159,0.10339999999999999,-0.0031,0.16519999999999999,0.1115,0.028900000000000002,0.0575,-0.0758,0.0455,0.0209,0.0665,0.012,-0.0031,0.3703,0.049400000000000006,0.0313,-0.0015,0.0068000000000000005,0.004699999999999999,0.053200000000000004,0.0782,0.008,0.0016,-0.015300000000000001,0.1467,0.0078000000000000005,0.0116
1974-02-28,0.1413,0.0148,-0.023799999999999998,-0.017,0.0195,-0.024900000000000002,-0.0031,-0.0434,-0.0341,0.0229,-0.0351,-0.0421,-0.0046,0.0196,-0.0302,0.0038,0.044500000000000005,0.02,0.0346,-0.0302,0.0055000000000000005,-0.018000000000000002,-0.0044,0.09029999999999999,-0.0199,0.08839999999999999,-0.0019,0.0241,0.0555,-0.0163,0.0029,0.0471,-0.0143,-0.008,-0.0124,0.0163,0.018000000000000002,-0.0034999999999999996,0.009000000000000001,0.015600000000000001,0.07919999999999999,0.023,0.013600000000000001,-0.0507,0.016399999999999998,-0.0223,-0.0336,0.0125,-0.0108
1974-03-31,-0.0167,-0.0171,-0.0406,-0.0218,-0.059699999999999996,0.0504,0.0348,0.0582,-0.0025,-0.0161,-0.0253,0.051699999999999996,0.0031,0.014499999999999999,0.0147,0.028900000000000002,0.0023,-0.052000000000000005,-0.026600000000000002,-0.0761,-0.0483,-0.022000000000000002,-0.0003,-0.0461,-0.0793,-0.0374,0.0466,-0.0955,0.0461,-0.0332,-0.0366,-0.0458,0.023,-0.027000000000000003,-0.011699999999999999,0.0108,-0.08449999999999999,0.0189,0.0223,-0.013999999999999999,-0.049,0.016,-0.0453,0.050300000000000004,-0.0441,-0.0453,0.0148,-0.039900000000000005,-0.0304
1974-04-30,-0.0965,-0.0254,-0.041299999999999996,-0.0366,-0.0279,-0.0726,-0.0793,-0.0621,-0.0418,-0.047,-0.1258,-0.0196,-0.0126,0.0096,-0.050199999999999995,-0.0044,-0.044800000000000006,-0.0664,0.0017000000000000001,-0.0705,-0.045,-0.0403,-0.0226,-0.0014000000000000002,-0.1027,0.0159,-0.1226,-0.0639,0.0254,-0.0639,-0.1223,-0.053200000000000004,-0.0925,-0.09,-0.030899999999999997,-0.12560000000000002,-0.042800000000000005,-0.05,0.0031,-0.025,-0.0392,-0.0195,-0.02,-0.0302,-0.0512,-0.09029999999999999,-0.1065,-0.068,-0.0535
1974-05-31,-0.0689,-0.0495,-0.011399999999999999,-0.0452,0.0538,0.0226,-0.009300000000000001,-0.0149,0.0101,-0.07,-0.0875,0.0279,-0.0076,-0.0011,0.0022,-0.0689,-0.0823,-0.0897,-0.08929999999999999,-0.1244,-0.0418,-0.0602,0.023700000000000002,-0.0301,-0.13419999999999999,-0.024900000000000002,-0.0855,-0.0788,-0.0823,-0.075,-0.0493,-0.0155,-0.0816,-0.0916,-0.0524,-0.0634,-0.0134,-0.015,-0.0984,-0.014499999999999999,-0.0473,-0.038900000000000004,0.0216,-0.021,-0.10890000000000001,-0.0883,-0.1144,-0.1002,-0.0688
1974-06-30,-0.1152,-0.0092,0.0258,-0.0326,-0.0049,-0.083,-0.026600000000000002,0.015600000000000001,-0.0051,-0.03,-0.0873,-0.0171,-0.0154,0.0040999999999999995,0.0002,-0.021,-0.048,-0.022099999999999998,0.0294,-0.016,-0.0077,-0.0803,-0.0345,-0.029900000000000003,0.0645,-0.0171,0.036000000000000004,0.021099999999999997,-0.0629,-0.0019,-0.0622,0.0027,-0.11,-0.029500000000000002,-0.0131,-0.08449999999999999,-0.0702,-0.0431,-0.0075,0.022099999999999998,-0.013999999999999999,-0.042,-0.0208,-0.068,-0.10400000000000001,-0.040999999999999995,-0.1105,-0.0508,-0.0698
1974-07-31,-0.0063,-0.0907,-0.2003,-0.1127,-0.067,-0.131,-0.1298,-0.061,-0.1349,-0.0407,-0.0296,-0.1306,-0.145,-0.0429,-0.0601,-0.0264,-0.0546,-0.1234,0.0397,-0.0828,-0.0718,-0.0781,-0.10949999999999999,-0.0596,-0.0747,-0.0335,0.2116,0.0086,-0.08960000000000001,-0.0044,0.0074,-0.07629999999999999,-0.0416,-0.0719,-0.073,-0.1528,-0.11320000000000001,-0.1292,-0.0095,-0.0916,-0.0695,-0.037200000000000004,-0.1361,-0.1462,-0.0702,-0.1011,-0.0716,-0.060700000000000004,-0.07919999999999999
1974-08-31,-0.0191,-0.1045,-0.1424,-0.17489999999999997,-0.028300000000000002,0.0183,-0.0564,-0.1246,-0.1197,-0.0504,-0.1233,-0.11710000000000001,-0.0708,-0.1103,-0.10869999999999999,-0.0732,-0.11320000000000001,-0.0281,-0.0809,-0.0993,-0.0967,-0.1042,-0.045599999999999995,-0.08449999999999999,-0.1363,0.019799999999999998,-0.0765,-0.1162,-0.0165,-0.08710000000000001,-0.08689999999999999,-0.0003,-0.0693,-0.115,-0.0524,-0.1054,-0.037000000000000005,-0.0441,-0.09960000000000001,-0.0727,-0.0971,-0.098,-0.1401,-0.0783,-0.1153,-0.1266,-0.1426,-0.1151,-0.09179999999999999
1974-09-30,-0.0908,-0.07150000000000001,-0.2644,-0.16620000000000001,-0.1201,-0.18600000000000003,-0.23,-0.0726,-0.1741,-0.09789999999999999,-0.0741,-0.1466,-0.1585,-0.1024,-0.13570000000000002,-0.07139999999999999,-0.1167,-0.12119999999999999,-0.0815,-0.1041,-0.1197,-0.12890000000000001,-0.095,-0.056100000000000004,-0.13849999999999998,-0.09609999999999999,-0.2615,-0.0723,-0.0608,-0.0801,-0.0132,-0.0381,-0.0898,-0.0722,-0.1751,-0.0687,-0.1539,-0.17989999999999998,-0.1582,-0.1496,-0.0907,-0.10710000000000001,-0.1128,-0.2155,-0.0907,-0.041299999999999996,-0.0546,-0.0694,-0.1161
1974-10-31,0.204,0.1912,0.2378,0.0962,0.22390000000000002,0.0907,0.0992,0.0132,0.16699999999999998,0.0398,0.1371,0.21100000000000002,0.3185,0.1793,0.061200000000000004,0.0583,0.1364,0.2143,0.0973,0.17190000000000003,0.23079999999999998,0.17420000000000002,-0.0227,0.06849999999999999,0.188,0.0552,0.26530000000000004,0.1743,0.465,0.2051,0.13019999999999998,0.1085,0.21969999999999998,0.1501,0.16879999999999998,-0.0342,0.08199999999999999,0.1308,0.1398,0.20739999999999997,0.192,0.1728,0.0797,0.152,0.2498,0.2658,0.015,0.1632,0.2119
1974-11-30,-0.021099999999999997,-0.0067,-0.1106,-0.04190000000000001,0.0092,-0.0405,-0.023,-0.0369,-0.0524,-0.1167,0.009300000000000001,-0.0421,-0.005699999999999999,-0.0998,0.0383,-0.13449999999999998,-0.042800000000000005,-0.0611,-0.0131,0.0281,-0.0344,-0.0718,-0.0639,-0.0018,-0.0060999999999999995,-0.031200000000000002,-0.0694,-0.015700000000000002,0.04019999999999999,-0.044000000000000004,-0.0015,-0.030699999999999998,-0.0088,-0.053099999999999994,-0.0504,-0.0808,-0.0329,-0.076,-0.0335,-0.1047,-0.0707,-0.045599999999999995,-0.0596,-0.0655,-0.0311,0.0006,-0.0908,-0.0216,-0.013500000000000002
1974-12-31,-0.0623,0.0152,-0.0043,-0.07440000000000001,0.0191,-0.1648,-0.004699999999999999,-0.031400000000000004,-0.0536,-0.029900000000000003,-0.07,-0.0466,-0.029900000000000003,-0.0373,-0.0891,-0.0236,-0.0547,-0.0977,-0.0383,-0.0338,-0.0384,-0.0443,-0.0024,-0.0509,-0.0882,-0.1066,-0.1487,-0.0487,0.0051,0.0086,-0.0083,0.015700000000000002,0.0258,-0.0397,-0.057699999999999994,-0.11359999999999999,-0.0383,-0.046,-0.049699999999999994,-0.0703,-0.057300000000000004,-0.0196,-0.027200000000000002,-0.1002,-0.044800000000000006,-0.008,-0.1242,-0.0175,-0.0613
1975-01-31,0.0947,0.1745,0.2621,0.2582,0.0556,0.27699999999999997,0.36369999999999997,0.23309999999999997,0.17329999999999998,0.32549999999999996,0.3701,0.0512,-0.0231,0.1036,0.18969999999999998,0.1975,0.27940000000000004,0.1244,0.1773,0.1119,0.1183,0.19030000000000002,0.2256,0.1884,0.1449,0.20489999999999997,0.06480000000000001,0.1466,0.1827,0.0655,0.1883,0.1109,0.1518,0.25420000000000004,0.1264,0.39740000000000003,0.23559999999999998,0.1748,0.149,0.06269999999999999,0.17559999999999998,0.17559999999999998,0.27140000000000003,0.2874,0.2216,0.1013,0.4535,0.1631,0.1564
1975-02-28,0.0248,0.0426,0.062,0.10769999999999999,-0.0333,0.0591,0.21760000000000002,0.1097,0.1152,-0.0009,0.2619,0.146,0.163,0.0895,0.0507,0.0311,0.033,0.08929999999999999,0.0161,0.10289999999999999,0.07769999999999999,0.1235,0.0058,0.0808,0.0688,0.0321,0.12179999999999999,0.0501,-0.0262,0.0236,0.0088,0.051500000000000004,0.079,0.0537,0.1471,0.0181,0.06559999999999999,0.1986,0.053899999999999997,0.1134,0.0555,0.0641,0.0382,0.16440000000000002,-0.0204,0.0392,-0.0028000000000000004,0.0045000000000000005,0.0406
1975-03-31,-0.0029,0.0268,0.142,0.0481,0.057800000000000004,0.1373,0.1655,0.1017,0.035,0.2255,0.0421,0.0026,0.0149,0.059699999999999996,0.1265,0.08710000000000001,0.0786,0.13119999999999998,0.11630000000000001,0.0294,0.057300000000000004,0.042300000000000004,0.06860000000000001,0.13369999999999999,-0.0097,-0.0066,0.056799999999999996,0.0956,0.1757,-0.0265,-0.013300000000000001,-0.0088,0.0321,0.0424,-0.0187,0.3354,0.069,0.1069,0.0535,-0.0262,0.0405,0.0765,0.11019999999999999,0.14859999999999998,0.018600000000000002,0.030899999999999997,0.161,0.0227,0.0268
1975-04-30,0.06849999999999999,0.0037,0.0378,-0.038599999999999995,0.0496,0.10679999999999999,0.06269999999999999,0.0761,0.067,0.0547,0.1325,0.0255,0.0006,0.16,0.08310000000000001,0.0929,0.038599999999999995,0.0737,0.09519999999999999,0.0011,0.062400000000000004,0.0848,0.0325,0.12050000000000001,0.0417,0.0605,-0.0499,0.127,0.22010000000000002,0.0698,-0.0163,-0.0096,0.0182,0.0208,0.0388,-0.10189999999999999,0.09359999999999999,0.1033,0.1199,0.1103,0.0444,0.0489,0.0088,0.1367,0.0191,-0.0254,-0.0951,0.0323,0.0446
1975-05-31,0.0239,0.0605,0.091,0.0526,0.019799999999999998,0.0037,0.068,0.038,0.0233,0.021099999999999997,0.1437,0.039599999999999996,0.0702,0.0024,0.0821,0.0368,0.054400000000000004,0.053099999999999994,-0.0495,0.043899999999999995,0.049699999999999994,0.1265,0.0378,0.1182,0.0713,0.0335,0.0975,0.057800000000000004,0.2332,0.1184,0.08539999999999999,0.0355,0.0708,0.0722,0.0404,0.0388,0.111,0.07,0.0321,0.0765,-0.0048,0.0332,0.0454,0.0203,0.0565,0.1104,0.0452,0.049,0.0564
1975-06-30,0.107,0.0673,0.005699999999999999,0.0327,0.0487,0.0462,0.07150000000000001,0.0393,0.032400000000000005,0.10300000000000001,0.0166,0.021,0.0069,0.043899999999999995,0.024900000000000002,0.0672,0.043899999999999995,0.1366,0.061399999999999996,0.1412,0.0513,0.023399999999999997,0.0955,0.1016,0.0060999999999999995,0.1297,0.0572,0.0466,-0.031,0.0672,0.1074,0.0405,0.031200000000000002,0.077,-0.005,0.059699999999999996,0.0861,0.0542,0.022799999999999997,0.026000000000000002,0.0393,0.064,0.0776,0.0571,0.0761,0.0576,0.0857,0.0555,0.0576
1975-07-31,-0.0365,-0.0407,-0.09570000000000001,-0.0452,-0.0664,-0.061,-0.0696,-0.056900000000000006,-0.0799,-0.0362,-0.0906,-0.0906,-0.1278,-0.044199999999999996,-0.046,-0.0346,-0.0462,-0.102,-0.0658,-0.0285,-0.046799999999999994,-0.064,0.0121,-0.0791,-0.0067,-0.0393,-0.0737,-0.0355,-0.0323,-0.042699999999999995,-0.048,-0.0421,-0.0229,-0.0718,-0.0973,0.16269999999999998,-0.0859,-0.0973,-0.0296,-0.1013,-0.027000000000000003,-0.014499999999999999,-0.0818,-0.0849,-0.0672,-0.0866,-0.08810000000000001,-0.0711,-0.047599999999999996
1975-08-31,-0.0935,-0.009000000000000001,-0.0425,-0.0472,-0.0458,-0.045599999999999995,-0.0025,-0.0311,-0.0444,-0.058600000000000006,-0.0776,-0.0363,-0.0316,0.0182,-0.0087,-0.026600000000000002,-0.011899999999999999,-0.0268,0.0382,-0.0499,-0.0179,-0.0555,-0.0263,0.0083,-0.0907,-0.07690000000000001,-0.1366,-0.0767,-0.0378,-0.008100000000000001,-0.0123,-0.0354,-0.0441,-0.048799999999999996,-0.0165,-0.19260000000000002,-0.0361,-0.09949999999999999,0.0433,-0.0163,-0.0313,-0.032799999999999996,0.0053,-0.0388,-0.0824,-0.0574,-0.07429999999999999,-0.0452,-0.0472
1975-09-30,-0.0487,-0.0167,-0.0576,-0.0567,0.015600000000000001,-0.0535,0.0043,-0.056600000000000004,-0.0408,0.016399999999999998,-0.0735,-0.0645,-0.0652,-0.08539999999999999,-0.0329,-0.0044,-0.0711,-0.04650000000000001,-0.0535,-0.0647,-0.0391,-0.0742,-0.011699999999999999,-0.032,-0.08349999999999999,-0.0626,-0.0762,-0.0277,0.0159,-0.012199999999999999,-0.0098,-0.0127,-0.0043,-0.0707,-0.003,-0.0708,-0.0215,0.0048,-0.0821,-0.056299999999999996,-0.0368,-0.035699999999999996,-0.0363,-0.031200000000000002,-0.10769999999999999,-0.0507,-0.10300000000000001,-0.0604,-0.061200000000000004
1975-10-31,0.1202,0.1283,0.1558,0.0089,0.0629,-0.0091,0.0202,0.0761,0.09449999999999999,0.1261,0.0404,0.11449999999999999,0.1061,0.0661,0.047400000000000005,0.08529999999999999,0.058499999999999996,-0.0264,-0.0282,-0.016399999999999998,0.0317,0.0048,0.0953,0.0253,-0.0281,0.0642,-0.0359,-0.0269,-0.1589,-0.0105,0.0655,0.0682,0.0361,0.0384,0.1063,0.0858,0.0356,0.045,0.07519999999999999,0.1065,0.0487,0.0319,0.1061,0.11939999999999999,0.0353,0.067,-0.0276,0.0558,0.0412
1975-11-30,-0.024399999999999998,0.023,0.0694,0.026699999999999998,0.0591,0.06309999999999999,0.010700000000000001,0.030899999999999997,0.0382,0.08449999999999999,0.0701,0.053099999999999994,0.0506,0.021,0.042,0.0451,0.048,-0.0538,0.016399999999999998,-0.07690000000000001,0.0054,0.0659,0.041299999999999996,-0.0187,0.08380000000000001,0.0716,-0.0842,-0.0098,0.029500000000000002,-0.0177,0.0316,0.042800000000000005,0.0171,0.041299999999999996,0.0593,-0.053,0.0424,-0.0044,0.0161,0.0675,0.047400000000000005,0.013999999999999999,0.044199999999999996,0.1103,0.049,0.08779999999999999,-0.013500000000000002,0.030699999999999998,0.0277
1975-12-31,-0.019,-0.0148,-0.0414,0.0046,-0.0033,-0.0282,-0.0318,-0.0001,-0.0335,-0.01,-0.0371,-0.0507,-0.0672,-0.0004,-0.026099999999999998,-0.0104,0.0021,0.0369,0.021400000000000002,-0.0273,0.0032,-0.06570000000000001,0.011200000000000002,-0.0322,-0.039900000000000005,-0.028900000000000002,0.0516,0.0088,0.031200000000000002,0.0003,0.013500000000000002,-0.0012,-0.0195,-0.0158,-0.011200000000000002,-0.0864,-0.0070999999999999995,-0.0364,0.0078000000000000005,-0.061200000000000004,0.0227,0.0063,-0.037599999999999995,-0.0215,0.0076,-0.0415,0.0373,0.0048,-0.013600000000000001
1976-01-31,0.10210000000000001,0.06269999999999999,0.1208,0.1607,0.07440000000000001,0.23309999999999997,0.1832,0.1557,0.1234,0.226,0.1802,0.09519999999999999,0.0711,0.2003,0.1957,0.2026,0.19269999999999998,0.1032,0.21230000000000002,0.2486,0.187,0.174,0.1389,0.1875,0.13699999999999998,0.1736,0.0646,0.14029999999999998,0.215,0.0821,0.08310000000000001,0.0949,0.1131,0.15380000000000002,0.1732,0.40880000000000005,0.20850000000000002,0.1977,0.20670000000000002,0.1326,0.14300000000000002,0.163,0.0791,0.1168,0.1319,0.062,0.2082,0.1412,0.113
1976-02-29,-0.0073,-0.0317,-0.0599,0.0172,-0.0109,0.0572,0.0026,0.0292,-0.0212,0.048499999999999995,0.08439999999999999,-0.0518,-0.07200000000000001,0.0263,0.0956,0.042800000000000005,0.051,0.0506,0.052199999999999996,0.0554,0.043899999999999995,0.0252,0.0432,0.044000000000000004,0.061500000000000006,0.0779,0.0877,0.0124,0.0118,-0.033,-0.0355,0.0354,0.0537,0.049400000000000006,0.0022,0.2177,0.0406,0.0042,0.0429,-0.024900000000000002,0.0639,0.0741,0.0437,0.048,-0.0149,0.0437,0.1371,0.0308,0.0387
1976-03-31,-0.0154,-0.0018,0.0352,0.0024,0.0073,-0.0213,0.0109,-0.021099999999999997,0.0311,0.051699999999999996,-0.0574,0.027999999999999997,0.0779,-0.0358,-0.0138,0.008100000000000001,0.0311,0.0218,-0.0004,-0.024,0.0055000000000000005,-0.0004,0.047400000000000005,0.0641,0.0513,0.0105,-0.028999999999999998,0.0694,-0.0407,0.0748,0.014499999999999999,0.005699999999999999,-0.028999999999999998,-0.0245,0.0275,-0.0344,0.0281,0.0592,0.0276,0.0636,-0.016399999999999998,0.0053,0.0432,-0.0009,0.052199999999999996,0.024300000000000002,0.0424,0.022099999999999998,0.008100000000000001
1976-04-30,-0.011200000000000002,0.0025,-0.0409,-0.0424,-0.013999999999999999,0.0378,-0.0697,-0.018600000000000002,-0.0435,-0.021,-0.0239,-0.019799999999999998,-0.0493,0.0001,0.0178,-0.0415,0.0034000000000000002,-0.0387,0.0138,0.0003,-0.0009,0.0148,0.0137,0.0452,-0.04769999999999999,0.0227,0.0592,0.0111,0.1177,0.019299999999999998,0.0063,0.0172,-0.0182,-0.0368,-0.0296,-0.0276,-0.0388,-0.0617,-0.0152,-0.018000000000000002,0.0051,-0.0121,-0.0518,-0.055999999999999994,-0.0301,-0.041299999999999996,-0.0163,-0.0169,0.0009
1976-05-31,-0.049800000000000004,0.0017000000000000001,-0.011399999999999999,-0.0538,-0.023700000000000002,0.006999999999999999,-0.0369,-0.03,-0.028999999999999998,-0.0863,-0.0196,-0.0213,-0.0301,-0.0258,-0.0141,-0.0529,-0.0398,-0.0443,0.0049,0.0495,0.025,-0.0127,-0.0292,0.0253,-0.0381,0.07339999999999999,-0.0255,0.0032,0.1012,0.0546,-0.0147,-0.028999999999999998,0.0012,-0.0178,0.0067,-0.15810000000000002,0.0033,0.0003,0.0077,-0.0583,0.017,0.0098,-0.0639,-0.0748,-0.0123,-0.044800000000000006,-0.085,-0.0161,-0.0159
1976-06-30,0.0232,0.061399999999999996,0.0418,0.0576,-0.0275,0.0387,0.0548,0.0344,0.062400000000000004,0.0113,0.045,-0.003,0.046900000000000004,-0.0027,0.023700000000000002,0.0066,0.0265,0.10220000000000001,0.0471,0.1206,0.0646,0.057,0.0319,0.1188,0.0897,0.0558,-0.050499999999999996,0.066,0.051699999999999996,0.051,0.0426,0.0359,0.0617,0.0852,0.08070000000000001,-0.1007,0.0876,0.08130000000000001,-0.0095,0.026000000000000002,0.049,0.019299999999999998,0.0079,0.0587,0.07769999999999999,0.0821,0.0495,0.0487,0.032
1976-07-31,0.0217,0.014199999999999999,0.0387,-0.0039000000000000003,0.0273,0.013999999999999999,-0.09720000000000001,0.0171,-0.022799999999999997,-0.015700000000000002,-0.0029,0.0199,-0.0098,-0.0225,0.0044,-0.0167,-0.022400000000000003,-0.030899999999999997,-0.0246,-0.0513,-0.0182,-0.012,-0.0036,-0.048,-0.0078000000000000005,0.032799999999999996,-0.057,-0.0329,-0.0677,-0.0046,0.0282,0.0125,-0.0016,-0.0159,-0.0258,-0.0837,-0.0091,-0.0382,-0.035699999999999996,0.0394,0.0004,-0.0226,-0.0168,-0.0555,-0.0045000000000000005,0.0699,-0.0051,0.0014000000000000002,0.012199999999999999
1976-08-31,-0.0405,-0.0028000000000000004,-0.0029,-0.0111,0.0385,-0.0546,-0.0096,-0.0098,-0.0053,-0.0338,-0.0347,0.0151,0.0246,-0.032400000000000005,-0.0371,-0.027000000000000003,-0.0158,-0.0039000000000000003,-0.0366,-0.0285,-0.024300000000000002,-0.0167,-0.0024,0.0026,0.0155,-0.0004,-0.106,-0.0155,-0.0861,-0.006999999999999999,0.0297,0.047400000000000005,-0.014499999999999999,-0.0239,0.0025,-0.1804,-0.0040999999999999995,-0.11349999999999999,-0.023799999999999998,0.0070999999999999995,-0.0395,-0.0274,0.0473,-0.0346,-0.0189,0.0358,-0.0207,-0.0033,-0.0204
1976-09-30,0.0209,0.0032,0.0055000000000000005,-0.0207,0.0667,-0.0011,-0.0024,0.054900000000000004,-0.0046,0.023,0.0819,0.0242,0.0385,0.004,0.0053,-0.0064,0.0341,0.023,0.0169,0.0262,0.0027,0.044199999999999996,0.058600000000000006,0.0444,0.0155,-0.0301,0.0635,0.0074,0.0739,0.058899999999999994,0.0408,0.016,0.0564,0.0258,0.0269,-0.0395,0.030299999999999997,0.04190000000000001,0.0258,0.0394,-0.0036,0.008,0.0037,-0.0023,-0.0154,0.018500000000000003,0.06849999999999999,0.015300000000000001,0.0137
1976-10-31,0.0016,-0.0165,-0.0404,-0.0282,0.0014000000000000002,-0.0364,0.0271,-0.0039000000000000003,-0.0271,-0.0095,-0.036699999999999997,-0.048600000000000004,-0.0346,-0.024900000000000002,-0.014499999999999999,-0.0102,0.0134,-0.035699999999999996,-0.059800000000000006,-0.07919999999999999,-0.032799999999999996,-0.0512,-0.0174,-0.0603,-0.0691,-0.0101,0.04650000000000001,-0.020099999999999996,-0.0435,-0.023799999999999998,-0.008100000000000001,0.0129,-0.0313,-0.0291,-0.0353,0.024300000000000002,-0.0637,-0.0774,0.0069,-0.0527,-0.038599999999999995,-0.0426,-0.0023,-0.028399999999999998,0.0076,0.0096,-0.0227,0.004699999999999999,-0.0196
1976-11-30,0.0304,0.024,-0.0213,-0.08220000000000001,0.0242,0.0018,-0.0208,0.046,-0.012,0.0828,0.0191,-0.0587,-0.1099,-0.05,0.0305,0.0529,0.0409,0.004699999999999999,-0.0012,-0.0049,0.0154,-0.0037,0.0058,0.0398,0.0069,0.058499999999999996,0.046799999999999994,-0.0166,0.0052,0.0083,0.0315,0.0315,0.0333,0.0222,0.0060999999999999995,-0.1025,0.027999999999999997,0.0716,0.0213,-0.018000000000000002,0.047400000000000005,0.026600000000000002,0.0553,0.0276,0.0032,0.022400000000000003,0.0308,0.0271,0.0227
1976-12-31,0.09539999999999998,0.049100000000000005,0.0066,0.0934,0.0398,0.0981,0.154,0.08800000000000001,0.0377,0.07,0.1283,0.0288,0.0704,0.1014,0.06309999999999999,0.053,0.07629999999999999,0.08990000000000001,0.07139999999999999,0.0827,0.0604,0.0315,0.09960000000000001,0.0533,0.0981,0.054400000000000004,0.0151,0.0707,0.0649,0.0632,0.065,0.0345,0.0898,0.1052,0.0316,0.18170000000000003,0.0582,0.0182,0.0451,0.0331,0.048499999999999995,0.0723,0.016,0.0408,0.11109999999999999,0.0662,0.1117,0.081,0.08109999999999999
1977-01-31,-0.0332,-0.0405,-0.054400000000000004,-0.11779999999999999,-0.049100000000000005,-0.0675,-0.0362,-0.0242,-0.0836,-0.0028000000000000004,0.057300000000000004,-0.109,-0.0867,-0.0555,0.0241,-0.011399999999999999,-0.053399999999999996,-0.043,-0.0325,0.0123,-0.04769999999999999,-0.0332,-0.0308,-0.0291,0.0318,0.0263,0.005600000000000001,-0.0344,-0.0131,0.0032,0.0084,0.0012,0.0070999999999999995,-0.0098,-0.0329,0.044000000000000004,-0.0447,-0.083,-0.1052,-0.0658,-0.0341,-0.0074,-0.07429999999999999,-0.11349999999999999,-0.0512,-0.0623,-0.0044,-0.0349,-0.029300000000000003
1977-02-28,0.058499999999999996,-0.0191,0.0169,0.0105,-0.0039000000000000003,-0.049,-0.0513,-0.024399999999999998,-0.0218,-0.04650000000000001,-0.0931,-0.0063,0.0016,-0.0077,-0.0172,-0.0464,-0.0134,0.0213,-0.005699999999999999,-0.046900000000000004,-0.0046,-0.0051,-0.0311,-0.0044,-0.0222,-0.0333,0.15990000000000001,-0.048799999999999996,0.031400000000000004,-0.0315,-0.0342,0.0098,-0.0622,-0.02,0.0008,0.0177,-0.018600000000000002,-0.0258,0.012199999999999999,0.0173,-0.0313,-0.0252,-0.015600000000000001,-0.023399999999999997,-0.0232,-0.0027,-0.0197,-0.0168,-0.0146
1977-03-31,-0.0451,-0.0109,-0.0029,-0.0337,-0.0278,-0.0015,-0.0098,-0.0126,-0.032400000000000005,-0.0098,-0.0052,0.006,-0.024,-0.005,-0.0146,-0.0101,0.0101,-0.0074,0.006,0.054000000000000006,0.041299999999999996,0.0401,-0.051100000000000007,-0.0069,0.026600000000000002,0.0104,-0.0014000000000000002,0.0259,0.0131,-0.021400000000000002,0.0018,-0.0104,-0.0128,0.009300000000000001,-0.0062,-0.0729,0.0104,0.0263,-0.0128,-0.0011,0.0007000000000000001,0.0161,-0.030600000000000002,-0.054000000000000006,-0.008,-0.0095,0.016399999999999998,-0.0016,0.0084
1977-04-30,0.005,0.0098,-0.0319,-0.0187,0.0206,-0.049400000000000006,0.009899999999999999,0.008199999999999999,-0.0053,0.0246,0.017,-0.0538,-0.0536,-0.0048,-0.021099999999999997,0.0215,0.0197,0.0552,0.0091,0.0702,0.0368,0.0435,0.022000000000000002,0.0226,0.0391,0.0837,-0.0432,0.0085,-0.0384,0.026699999999999998,0.0194,0.0066,-0.0034000000000000002,0.0075,-0.059500000000000004,0.0333,0.026099999999999998,-0.0207,0.0105,-0.0105,0.0525,-0.024900000000000002,-0.0401,0.0070999999999999995,-0.001,0.0682,0.0443,0.0216,0.0141
1977-05-31,0.050300000000000004,-0.0045000000000000005,-0.0203,-0.0246,0.0129,-0.0626,0.0191,0.0045000000000000005,-0.0305,-0.048499999999999995,-0.0147,-0.0040999999999999995,-0.022799999999999997,-0.0366,-0.0084,-0.044000000000000004,-0.0322,-0.0034999999999999996,-0.0582,0.0192,-0.001,-0.019799999999999998,-0.0046,0.023700000000000002,-0.0304,0.047599999999999996,-0.045700000000000005,-0.0795,-0.10679999999999999,-0.0021,0.0167,0.0143,0.019299999999999998,-0.0024,-0.0321,0.0121,0.0151,0.0451,-0.0705,-0.0066,0.0127,0.0025,-0.0374,0.018600000000000002,-0.027999999999999997,0.0034000000000000002,-0.0022,0.005600000000000001,-0.0009
1977-06-30,-0.010700000000000001,0.0462,0.0392,0.016200000000000003,0.024300000000000002,0.0403,0.1128,0.0863,0.0594,0.065,0.1578,0.0907,0.0883,0.0021,0.0943,0.0545,0.0404,0.0479,-0.0004,0.0369,0.0321,0.059699999999999996,0.0458,0.10769999999999999,0.0144,0.0191,0.0179,-0.020499999999999997,0.1023,0.0601,0.0571,0.0194,0.1686,0.10339999999999999,0.0817,-0.008100000000000001,0.06860000000000001,0.07980000000000001,0.025699999999999997,0.026099999999999998,0.0227,0.0281,0.0587,0.11220000000000001,0.0593,0.0639,0.06480000000000001,0.058499999999999996,0.0499
1977-07-31,-0.0078000000000000005,0.0195,0.04650000000000001,-0.0387,0.0187,0.028999999999999998,-0.0319,-0.005600000000000001,-0.0169,-0.012,0.0318,-0.0379,-0.02,-0.0344,-0.0305,-0.014199999999999999,-0.0356,-0.0072,-0.0741,-0.0167,-0.0684,-0.0048,-0.0258,-0.0225,0.001,0.0182,0.0279,-0.0647,-0.0902,-0.0166,0.0087,-0.0085,-0.0064,0.0014000000000000002,0.0146,0.018600000000000002,-0.0365,-0.0202,-0.0493,-0.0171,-0.022400000000000003,-0.0254,0.0015,0.0013,0.011399999999999999,0.0103,0.0001,-0.004,0.008100000000000001
1977-08-31,-0.0197,-0.0105,0.0274,0.018000000000000002,0.0231,-0.0285,0.026099999999999998,-0.0138,0.0252,0.0046,-0.0064,0.039900000000000005,0.0397,-0.0294,-0.030899999999999997,-0.0128,-0.0194,-0.0138,-0.0527,0.060899999999999996,-0.0217,-0.0067,-0.0116,-0.0335,-0.01,-0.0632,-0.031400000000000004,-0.0074,-0.050300000000000004,-0.058600000000000006,-0.0325,-0.022799999999999997,-0.0012,-0.005699999999999999,0.0151,-0.016200000000000003,-0.023,0.0024,-0.0311,0.0085,-0.0373,0.006500000000000001,0.049400000000000006,0.053099999999999994,-0.0066,-0.0084,0.0062,-0.0181,0.0005
1977-09-30,-0.0415,0.0044,0.010700000000000001,0.0143,-0.0105,-0.0182,-0.0204,-0.0054,-0.008199999999999999,0.0269,0.12269999999999999,0.0128,-0.0191,-0.0044,0.0241,0.0001,-0.0121,0.0178,-0.0575,0.0068000000000000005,0.0177,-0.024300000000000002,0.0294,-0.0353,-0.018799999999999997,0.0009,0.0819,-0.0393,-0.0004,0.0076,0.020099999999999996,0.0348,0.0263,-0.003,-0.0259,0.0327,-0.002,-0.0008,-0.013600000000000001,-0.0063,-0.0172,-0.0058,-0.0126,0.024900000000000002,-0.0089,0.0086,-0.0187,0.0026,0.0103
1977-10-31,-0.037200000000000004,-0.05,-0.0336,-0.0432,-0.0229,-0.1015,-0.028900000000000002,0.0154,-0.0661,-0.0184,-0.0394,0.0207,-0.0271,-0.0318,-0.0344,-0.0371,-0.0155,-0.0553,-0.0001,-0.0288,-0.0546,-0.0166,-0.0458,-0.0304,-0.0333,-0.0941,-0.0487,-0.0783,-0.0231,-0.0358,-0.0315,-0.050499999999999996,-0.027999999999999997,-0.0311,-0.023799999999999998,-0.0124,-0.0518,-0.0516,-0.0731,-0.044500000000000005,-0.038900000000000004,-0.039,-0.029500000000000002,-0.042,-0.059699999999999996,-0.0482,-0.0444,-0.039,-0.0394
1977-11-30,0.071,0.0325,0.0315,0.0554,0.0271,0.066,0.11630000000000001,0.0729,0.0242,0.0882,0.09910000000000001,0.0373,0.0663,0.0292,0.0692,0.0692,0.07339999999999999,0.051500000000000004,0.0149,0.0446,0.0722,0.049100000000000005,0.0192,0.08199999999999999,0.0353,0.0758,0.0336,0.048,0.043899999999999995,0.0345,0.0429,0.0216,0.08960000000000001,0.0819,0.0454,0.0689,0.0662,0.0707,0.0632,0.0256,0.0723,0.0636,0.052199999999999996,0.09300000000000001,0.052300000000000006,0.08449999999999999,0.1003,0.048499999999999995,0.0613
1977-12-31,0.036699999999999997,-0.0043,0.0059,-0.0254,-0.018500000000000003,-0.0095,0.0325,0.0425,-0.0053,0.0063,0.12369999999999999,0.0166,-0.001,0.013500000000000002,0.009300000000000001,-0.0106,-0.0028000000000000004,0.0127,0.044199999999999996,0.0019,0.0127,-0.015600000000000001,-0.0111,0.0176,-0.0285,0.0171,-0.006999999999999999,0.0196,-0.026699999999999998,0.0197,-0.0033,0.0215,0.0239,0.0197,0.0348,0.011200000000000002,0.0013,0.0060999999999999995,-0.0032,0.0054,0.013999999999999999,0.0316,-0.0231,0.021400000000000002,-0.0187,-0.0083,0.0176,0.0159,0.0175
1978-01-31,-0.0548,-0.053399999999999996,-0.045899999999999996,-0.0033,-0.062,-0.0301,-0.1014,-0.0864,-0.0738,-0.0579,-0.0529,-0.0542,-0.0075,-0.0636,-0.0317,-0.0111,-0.0599,-0.0796,-0.045599999999999995,-0.0031,-0.0711,-0.028999999999999998,-0.0626,-0.0672,-0.061399999999999996,-0.031200000000000002,0.0434,-0.073,-0.0519,-0.0696,-0.0454,-0.0416,-0.0479,-0.0556,-0.0381,-0.049699999999999994,-0.0659,-0.0733,-0.0762,-0.0444,-0.0138,-0.0521,-0.06860000000000001,-0.0781,-0.0567,-0.0681,-0.0229,-0.0602,-0.0366
1978-02-28,0.005699999999999999,0.0024,-0.0089,0.0006,0.0068000000000000005,-0.0123,-0.0027,-0.011200000000000002,-0.031200000000000002,0.02,0.0334,-0.0319,-0.0323,-0.048499999999999995,0.0174,-0.0003,-0.0029,0.0034999999999999996,-0.0382,0.0179,-0.005600000000000001,-0.0242,0.0118,0.0438,-0.0332,-0.002,-0.0546,-0.0131,0.0226,-0.0116,-0.0042,0.0416,0.0149,0.0165,-0.042199999999999994,0.0662,-0.019799999999999998,-0.016,-0.059000000000000004,-0.018799999999999997,-0.014499999999999999,0.015600000000000001,-0.0134,0.0393,-0.0141,0.0236,0.0177,-0.0003,-0.0024
1978-03-31,0.09029999999999999,0.0109,0.0646,0.0317,0.039900000000000005,0.0862,0.0971,0.1008,0.024,0.0741,0.1003,0.025099999999999997,0.0435,0.0403,0.0782,0.033,0.0562,0.061500000000000006,0.061500000000000006,0.0401,0.0339,0.031,0.0599,0.0989,0.0682,0.1387,0.031400000000000004,0.0548,-0.061,0.022099999999999998,0.0248,0.0262,0.0732,0.075,-0.037200000000000004,0.1199,0.06559999999999999,0.0258,0.046900000000000004,0.0111,0.048600000000000004,0.0639,0.0169,0.07150000000000001,0.0548,0.0509,0.1216,0.0471,0.0546
1978-04-30,0.0191,0.050300000000000004,0.105,0.0433,0.0858,0.08789999999999999,0.1456,0.0959,0.1371,0.0689,0.0706,0.11689999999999999,0.087,0.1081,0.07719999999999999,0.0555,0.099,0.13019999999999998,0.0888,0.0407,0.1176,0.1235,0.081,0.1321,0.13019999999999998,0.053,-0.0473,0.0493,0.1325,0.0659,0.0018,0.029300000000000003,0.0587,0.0739,0.1371,0.1436,0.1195,0.1563,0.1143,0.1158,0.09480000000000001,0.0771,0.1157,0.1052,0.1009,0.10369999999999999,0.10039999999999999,0.09699999999999999,0.0833
1978-05-31,0.1439,0.0378,0.04769999999999999,0.0501,0.0256,0.07150000000000001,0.0738,0.0471,0.0438,0.0335,0.08070000000000001,0.0159,0.0599,0.0036,0.058899999999999994,0.0362,0.0271,0.0258,0.0341,0.057800000000000004,0.0518,0.0886,-0.0118,0.1201,0.0482,0.0215,0.1216,0.033,-0.0338,0.009399999999999999,0.0070999999999999995,-0.0039000000000000003,0.0742,0.06480000000000001,0.0039000000000000003,0.069,0.0363,0.0421,0.026000000000000002,0.041299999999999996,0.0255,0.042199999999999994,-0.0033,0.0796,0.0121,0.0115,0.0553,0.0131,0.0437
1978-06-30,-0.0165,0.017,-0.018600000000000002,-0.0171,0.0002,-0.0231,0.0011,-0.0060999999999999995,-0.0195,-0.0322,0.035699999999999996,0.029900000000000003,0.005600000000000001,-0.0246,0.0116,-0.012,-0.013300000000000001,-0.027999999999999997,-0.0616,-0.008199999999999999,-0.009899999999999999,-0.024900000000000002,-0.028300000000000002,0.0352,0.0368,0.0368,-0.0168,-0.0525,-0.010700000000000001,-0.0379,0.0083,-0.0154,0.022400000000000003,-0.0043,-0.0025,0.0274,-0.0123,0.0169,-0.029500000000000002,0.0231,-0.006,-0.0109,-0.022000000000000002,0.0246,-0.009300000000000001,0.0091,0.037599999999999995,-0.0116,0.0083
1978-07-31,0.0216,0.0223,0.024700000000000003,0.0604,0.0451,0.0723,0.0762,0.07139999999999999,0.0738,0.0171,0.17489999999999997,0.057,0.0932,0.0542,0.042,0.036000000000000004,0.08470000000000001,0.0279,0.0814,0.0403,0.0601,0.0882,0.0392,0.162,0.0984,0.1331,0.1065,0.0789,0.0241,0.0336,0.0282,0.0143,0.058600000000000006,0.07719999999999999,0.099,0.1931,0.06309999999999999,0.0629,0.11460000000000001,0.0784,0.121,0.0558,0.0524,0.0588,0.0548,0.0437,0.045700000000000005,0.0545,0.057999999999999996
1978-08-31,0.0528,0.0334,0.0401,-0.0037,0.0134,0.027999999999999997,0.1114,0.0712,0.0274,0.059500000000000004,0.0709,0.0342,0.0002,0.0482,0.0323,0.1052,0.08109999999999999,0.1103,0.004699999999999999,0.0605,0.0425,0.014499999999999999,0.0239,0.0451,0.040999999999999995,0.0361,-0.015300000000000001,0.0731,-0.008100000000000001,0.0524,0.0045000000000000005,0.0353,0.1118,0.051,0.0605,0.1984,0.0616,0.039900000000000005,0.058899999999999994,0.049,0.0398,0.07719999999999999,0.0548,0.14,0.0484,0.0553,0.09369999999999999,0.0602,0.0733
1978-09-30,0.0085,0.0004,-0.029300000000000003,0.0141,0.0206,-0.0258,-0.0713,-0.029300000000000003,-0.031400000000000004,-0.0148,-0.0044,-0.0275,-0.028300000000000002,-0.0037,-0.0416,0.0265,-0.0264,0.0199,0.0126,-0.0208,-0.0069,-0.0478,0.0085,-0.0789,-0.024900000000000002,-0.0385,0.019799999999999998,0.0332,0.0072,0.0484,-0.0025,0.012199999999999999,-0.060899999999999996,-0.0282,-0.053,-0.0789,-0.0264,0.0055000000000000005,-0.0172,-0.046799999999999994,-0.0364,-0.0202,-0.0236,-0.0281,-0.0008,-0.0222,0.018500000000000003,-0.0091,-0.0134
1978-10-31,-0.2134,-0.09949999999999999,-0.0955,-0.1458,-0.0824,-0.1714,-0.1875,-0.1318,-0.0929,-0.1542,-0.2438,-0.151,-0.1168,-0.09630000000000001,-0.15130000000000002,-0.1856,-0.157,-0.20190000000000002,-0.11960000000000001,-0.163,-0.1391,-0.12619999999999998,-0.10550000000000001,-0.1533,-0.1822,-0.109,-0.0858,-0.1105,-0.1797,-0.10490000000000001,-0.071,-0.045,-0.17809999999999998,-0.1725,-0.075,-0.2774,-0.1613,-0.1791,-0.09970000000000001,-0.063,-0.1794,-0.1672,-0.12960000000000002,-0.2339,-0.1038,-0.129,-0.2529,-0.1091,-0.17129999999999998
1978-11-30,0.1007,0.0038,0.0285,0.044199999999999996,0.0256,0.0044,0.1143,0.0227,0.0322,0.0326,0.1105,0.0583,0.04769999999999999,0.0115,0.0385,0.0436,0.0043,0.026600000000000002,0.0124,0.030600000000000002,0.0353,0.0263,0.0045000000000000005,0.10289999999999999,0.049400000000000006,0.0786,-0.13269999999999998,0.028900000000000002,0.0659,0.0617,0.03,0.0302,0.030899999999999997,0.059500000000000004,0.04019999999999999,0.1275,0.0705,0.0885,-0.0013,0.0302,0.0362,0.0599,0.0197,0.049,-0.0019,0.0443,0.0431,0.0179,0.0395
1978-12-31,0.015,0.0055000000000000005,0.0383,0.0336,0.0248,-0.008100000000000001,0.0381,0.030899999999999997,0.0091,0.0141,0.1553,-0.0118,0.040999999999999995,0.0007000000000000001,0.0154,-0.0141,0.012199999999999999,0.0111,0.0021,-0.0134,0.0311,-0.0025,-0.0040999999999999995,0.024300000000000002,0.0329,0.0528,0.0647,0.0393,-0.020499999999999997,0.028900000000000002,-0.0125,0.001,0.0297,0.0037,0.0908,0.0279,-0.002,0.0736,-0.0139,0.0334,-0.0105,0.0271,-0.0158,-0.028900000000000002,0.0073,0.027000000000000003,0.0438,0.0106,0.0288
1979-01-31,0.0533,0.0417,-0.0011,0.0662,0.0054,0.0626,0.0492,0.0642,0.0335,0.10369999999999999,-0.0246,0.0437,0.0088,0.06480000000000001,0.0666,0.0819,0.0874,0.0698,0.1351,0.08349999999999999,0.054400000000000004,0.067,0.0583,0.049699999999999994,0.031,0.0401,0.10490000000000001,0.1118,0.0877,0.03,0.0637,0.0366,0.041299999999999996,0.0546,0.0337,0.114,0.07200000000000001,0.0223,0.126,0.025099999999999997,0.037000000000000005,0.057999999999999996,0.0634,0.0683,0.0297,0.06309999999999999,0.0682,0.0642,0.0736
1979-02-28,-0.042800000000000005,-0.0391,-0.0425,-0.0391,-0.0302,-0.07440000000000001,-0.0601,-0.0336,-0.052300000000000006,-0.0301,-0.050499999999999996,-0.0832,-0.0353,-0.0229,-0.0397,-0.0002,-0.0315,-0.0259,-0.035699999999999996,-0.0526,-0.03,-0.0547,-0.0371,-0.129,-0.0608,-0.0526,0.0719,-0.0019,0.0060999999999999995,0.0060999999999999995,-0.016399999999999998,-0.006500000000000001,-0.09480000000000001,-0.0473,-0.0277,-0.1045,-0.0472,-0.0352,-0.0233,-0.0567,-0.0558,-0.0187,-0.0431,-0.045700000000000005,-0.041299999999999996,-0.0248,-0.022099999999999998,-0.0327,-0.026000000000000002
1979-03-31,0.0698,0.024399999999999998,0.0203,0.081,0.0525,0.08449999999999999,0.0703,0.0304,0.047599999999999996,0.0953,0.12390000000000001,0.04190000000000001,0.049,0.0971,0.065,0.07919999999999999,0.0796,0.1467,0.08929999999999999,0.0441,0.0729,0.0501,0.0668,0.07,0.0709,0.054000000000000006,0.0308,0.0969,0.1663,0.09179999999999999,0.0232,0.0016,0.11599999999999999,0.0774,0.0704,0.2306,0.0797,0.12119999999999999,0.1007,0.048600000000000004,0.0973,0.0745,0.057999999999999996,0.0947,0.0605,0.09960000000000001,0.1315,0.0688,0.08929999999999999
1979-04-30,0.057300000000000004,0.0014000000000000002,-0.0281,0.022099999999999998,-0.0021,0.07139999999999999,-0.0034999999999999996,0.0189,0.0077,-0.0036,-0.0126,0.010700000000000001,0.0036,-0.0196,0.0786,0.0138,0.0278,0.029300000000000003,-0.0069,0.0095,-0.0044,-0.0002,0.0242,-0.0085,-0.0147,0.0092,0.0401,-0.0235,-0.0732,0.0451,-0.0275,-0.0215,0.036699999999999997,0.034300000000000004,0.0005,0.023,0.0033,0.0092,-0.0263,-0.016,0.0034999999999999996,-0.0042,0.008100000000000001,0.0681,0.0203,0.0015,0.0207,0.0166,0.0217
1979-05-31,0.0034000000000000002,-0.014499999999999999,-0.0146,-0.047,-0.0281,0.0055000000000000005,-0.0364,-0.026699999999999998,-0.0271,0.0042,-0.044800000000000006,0.0074,-0.0337,-0.0292,-0.0095,-0.0158,-0.0187,-0.004699999999999999,-0.026000000000000002,-0.0012,-0.0074,-0.0097,-0.0146,-0.0584,-0.014499999999999999,0.0084,0.076,0.0152,0.0666,-0.0259,0.0144,0.0009,-0.0184,-0.0017000000000000001,-0.0206,-0.0388,-0.0127,-0.034,-0.0084,-0.0075,0.0092,-0.0138,-0.0275,-0.0313,0.0105,-0.0101,-0.0165,0.0032,-0.0161
1979-06-30,0.06480000000000001,0.0339,0.024,0.061200000000000004,0.0554,0.0345,0.0144,0.0175,0.009300000000000001,0.0097,0.0951,0.045,0.046900000000000004,0.0388,0.0687,0.0373,0.031400000000000004,0.1383,0.0216,0.1369,0.058600000000000006,0.1027,0.026699999999999998,0.039,0.10039999999999999,0.034,0.022000000000000002,0.1066,0.1437,0.0919,0.049699999999999994,0.019299999999999998,0.0254,0.050199999999999995,-0.0191,0.0529,0.0558,0.0471,0.0215,0.019799999999999998,0.026600000000000002,0.0356,0.024700000000000003,0.0245,0.0904,0.1013,0.0825,0.07769999999999999,0.06559999999999999
1979-07-31,0.008199999999999999,0.0069,0.0144,0.0075,0.0479,0.013000000000000001,0.0576,0.0371,0.0052,0.0172,0.0892,0.0085,-0.0052,0.0409,-0.0079,0.0085,0.037000000000000005,0.0401,0.044500000000000005,0.0647,0.0292,0.0239,0.0078000000000000005,0.0382,0.0375,0.024,-0.022799999999999997,0.0406,-0.0334,0.0165,0.0207,-0.0011,0.0482,0.0394,-0.033,-0.013500000000000002,0.0189,-0.0008,-0.0045000000000000005,-0.0194,0.0797,0.011699999999999999,0.0097,0.0311,0.0273,0.0216,0.09789999999999999,0.039,0.011899999999999999
1979-08-31,0.062400000000000004,0.0776,0.042,0.11939999999999999,0.0876,0.09,0.039,0.0825,0.0667,0.0904,0.1139,0.0814,0.0852,0.0701,0.07440000000000001,0.0412,0.09140000000000001,0.0509,0.0721,0.0751,0.06,0.0556,0.0513,0.12689999999999999,0.1746,0.1512,0.1418,0.06570000000000001,0.032400000000000005,0.08,0.020499999999999997,0.0152,0.0906,0.0757,0.042300000000000004,0.1081,0.0767,0.1276,0.0832,0.0655,0.0567,0.0774,0.0924,0.061799999999999994,0.053899999999999997,0.0443,0.1425,0.0471,0.057999999999999996
1979-09-30,-0.015700000000000002,-0.011000000000000001,-0.0373,-0.0084,-0.049800000000000004,0.015600000000000001,0.0255,0.0073,-0.0383,-0.0118,-0.0085,-0.026000000000000002,0.0,0.026099999999999998,0.0014000000000000002,-0.0241,-0.0046,0.0287,0.025099999999999997,-0.049100000000000005,-0.0103,-0.04019999999999999,0.0195,-0.0024,0.031,-0.0264,0.1394,0.0495,0.032,0.059699999999999996,-0.0219,-0.023799999999999998,-0.004,-0.0031,-0.023700000000000002,-0.024399999999999998,-0.0132,0.0101,0.0025,-0.037200000000000004,-0.0385,0.0347,-0.020099999999999996,-0.0398,-0.026000000000000002,0.0012,-0.0213,-0.0063,-0.0017000000000000001
1979-10-31,-0.0929,-0.0782,-0.0969,-0.09609999999999999,-0.0377,-0.096,-0.08460000000000001,-0.0713,-0.07519999999999999,-0.09230000000000001,-0.0616,-0.0766,-0.034,-0.0793,-0.1041,-0.0926,-0.1056,-0.0504,-0.1162,-0.0308,-0.08779999999999999,-0.067,-0.1117,-0.0897,-0.041100000000000005,-0.0864,-0.1109,-0.1124,-0.1629,-0.0236,-0.0583,-0.0507,-0.1063,-0.0947,-0.0789,-0.1152,-0.0698,-0.0866,-0.09789999999999999,-0.0722,-0.11289999999999999,-0.08900000000000001,-0.086,-0.1188,-0.1091,-0.08779999999999999,-0.1298,-0.1001,-0.0934
1979-11-30,0.1377,0.0506,0.0326,0.0827,0.0661,0.0235,0.1043,0.028399999999999998,0.0123,0.0766,0.1888,0.0848,0.08259999999999999,0.0662,0.008,0.0394,0.047599999999999996,0.0966,0.0074,0.0721,0.0748,0.0481,-0.0355,0.1106,0.1689,0.11900000000000001,0.1195,0.0967,0.18309999999999998,0.08810000000000001,0.07780000000000001,0.0406,0.09179999999999999,0.09570000000000001,0.0823,0.1693,0.0756,0.1045,-0.0011,0.011200000000000002,0.067,0.0924,0.032799999999999996,0.0076,0.0398,0.0824,0.1012,0.068,0.076
1979-12-31,0.08460000000000001,0.0227,0.006999999999999999,0.041100000000000005,0.030699999999999998,0.049,0.10880000000000001,0.0512,0.028999999999999998,0.050199999999999995,0.0947,0.0441,0.0103,0.053399999999999996,0.0418,0.0799,0.042,0.0718,0.0825,0.0556,0.029300000000000003,0.046,0.0115,0.09630000000000001,0.0346,0.0943,0.2961,0.1328,0.0583,0.0245,-0.0101,-0.0152,0.009300000000000001,0.0466,0.0067,0.1424,0.027000000000000003,0.0675,0.0478,0.0152,0.0375,0.09849999999999999,0.011399999999999999,0.0574,0.0203,0.0171,0.0874,0.0138,0.0575
1980-01-31,0.0007000000000000001,0.0365,0.016399999999999998,0.10890000000000001,-0.0063,0.1075,0.042800000000000005,0.0403,0.0128,0.0139,0.0754,0.0068000000000000005,-0.0242,0.0433,0.0897,0.048799999999999996,0.0684,0.1617,0.17579999999999998,0.10880000000000001,0.0775,0.0809,0.0987,0.2541,0.19879999999999998,0.0966,0.1778,0.154,0.081,0.1413,0.0155,-0.0207,0.0576,0.0667,0.0667,0.0696,0.0762,0.10039999999999999,0.0735,0.023799999999999998,0.0931,0.0546,-0.0045000000000000005,0.051,-0.0204,0.0334,0.085,0.038599999999999995,0.0746
1980-02-29,0.021400000000000002,-0.052000000000000005,-0.08779999999999999,-0.023399999999999997,-0.048600000000000004,-0.0227,-0.0403,-0.07139999999999999,-0.0467,-0.008,-0.030299999999999997,-0.0754,-0.04019999999999999,-0.0126,-0.053200000000000004,-0.0115,-0.019799999999999998,-0.039900000000000005,0.0029,-0.0553,-0.0325,-0.0431,-0.0641,-0.0781,-0.0906,-0.032,0.08960000000000001,0.039,-0.009000000000000001,0.1318,-0.0342,-0.013999999999999999,-0.0825,-0.0229,-0.041299999999999996,0.030299999999999997,-0.020099999999999996,-0.0452,0.003,0.0006,-0.0454,-0.0256,-0.0552,-0.0564,-0.0735,-0.08710000000000001,-0.0263,-0.0194,-0.0184
1980-03-31,-0.20989999999999998,-0.0998,-0.0037,-0.1414,-0.0067,-0.1151,-0.0706,-0.1117,-0.0446,-0.054900000000000004,-0.0471,-0.0233,-0.028300000000000002,-0.12140000000000001,-0.1391,-0.1452,-0.1464,-0.1512,-0.18489999999999998,-0.19269999999999998,-0.12240000000000001,-0.08929999999999999,-0.0999,-0.1249,-0.11130000000000001,-0.1539,-0.2698,-0.1925,-0.21100000000000002,-0.1788,-0.066,-0.026600000000000002,-0.1177,-0.1598,-0.1374,-0.17800000000000002,-0.1152,-0.09630000000000001,-0.142,-0.0698,-0.1391,-0.1481,-0.0784,-0.1329,-0.0438,-0.0756,-0.2328,-0.114,-0.1616
1980-04-30,0.0575,0.08929999999999999,0.0358,0.0415,0.0956,-0.0403,0.0911,0.027999999999999997,0.0431,0.0241,0.1226,0.0701,0.0297,0.0504,-0.020499999999999997,0.0493,0.0349,0.0489,0.023,0.0235,0.0026,0.0242,-0.024900000000000002,-0.030299999999999997,0.018500000000000003,0.019299999999999998,0.0658,-0.004699999999999999,0.013300000000000001,0.0692,0.1204,0.0733,0.07980000000000001,0.0873,-0.0029,0.07490000000000001,0.036699999999999997,-0.0298,0.0206,0.0548,0.0024,0.0394,0.0481,0.0665,0.0862,0.0654,0.109,0.0584,0.091
1980-05-31,0.0716,0.08779999999999999,0.053899999999999997,0.0947,0.09029999999999999,0.0591,0.0406,0.0969,0.0641,0.0179,0.0347,0.0617,0.0748,0.0757,0.1016,0.0725,0.09369999999999999,0.0353,0.052000000000000005,0.0649,0.0587,0.0793,0.0325,0.0059,-0.0033,0.037200000000000004,0.10859999999999999,0.0676,0.1655,0.0401,0.046,0.05,0.0482,0.08410000000000001,0.033,0.0949,0.0713,0.069,0.0725,0.0645,0.11460000000000001,0.1223,0.0958,0.1185,0.06509999999999999,0.0641,0.09699999999999999,0.09269999999999999,0.07440000000000001
1980-06-30,0.0729,0.0301,-0.0177,0.0371,0.0567,0.0271,-0.0108,0.0256,0.011699999999999999,0.0425,0.0699,0.0,-0.003,0.0227,0.026099999999999998,0.0181,0.032400000000000005,0.15810000000000002,0.0241,0.1202,0.0602,0.0064,0.0181,-0.0011,0.018799999999999997,0.0225,0.3375,0.06559999999999999,0.0634,0.0583,0.0455,-0.005699999999999999,0.0565,0.0397,0.0395,0.0241,0.016399999999999998,0.025,0.0253,-0.0092,0.016200000000000003,0.0203,0.0245,0.04019999999999999,0.049400000000000006,0.0453,0.0688,0.0487,0.0519
1980-07-31,0.09119999999999999,0.0323,0.11359999999999999,0.0902,0.073,0.1251,0.0633,0.1093,0.1041,0.1503,0.21660000000000001,0.0886,0.076,0.0857,0.0478,0.1148,0.1159,0.1984,0.1274,0.09820000000000001,0.1189,0.1461,0.1285,0.11939999999999999,0.0911,0.16260000000000002,0.06570000000000001,0.0883,0.0643,0.0196,-0.0012,0.01,0.14029999999999998,0.1144,0.145,0.30329999999999996,0.1445,0.2163,0.1103,0.0793,0.1649,0.1195,0.10949999999999999,0.0955,0.0161,0.0139,0.09380000000000001,0.0463,0.09970000000000001
1980-08-31,0.10310000000000001,0.0043,-0.0172,0.0124,-0.0070999999999999995,0.0757,0.0172,0.0506,0.0085,0.0172,0.0335,0.0216,-0.0058,0.0315,0.0403,0.0492,0.0060999999999999995,0.0432,0.011200000000000002,0.045599999999999995,0.0087,-0.0084,0.0329,0.015600000000000001,0.0359,0.0023,0.0966,0.0479,0.0011,0.037000000000000005,-0.011699999999999999,0.063,0.0393,0.0652,0.0296,0.1861,0.057699999999999994,0.0102,-0.0037,0.0021,0.0029,0.0696,0.0025,0.0058,-0.005,0.023,0.0345,0.0292,0.0562
1980-09-30,0.0262,0.0016,-0.0446,0.010700000000000001,-0.015700000000000002,0.07200000000000001,0.0126,0.042699999999999995,0.0049,0.0276,0.056799999999999996,0.0418,0.0322,0.0207,0.004699999999999999,-0.001,0.008199999999999999,0.0633,0.0458,0.060899999999999996,0.059000000000000004,0.0177,0.0181,0.0434,0.0447,0.0349,0.2109,0.0876,0.07200000000000001,0.0652,0.0012,-0.016200000000000003,0.0329,0.057699999999999994,-0.0012,0.1011,0.050300000000000004,0.0533,-0.010700000000000001,0.0106,0.015700000000000002,0.0723,-0.0073,0.0341,-0.0113,0.0334,0.04650000000000001,0.042,0.0527
1980-10-31,0.059699999999999996,-0.0089,-0.0346,0.0048,0.038900000000000004,0.0373,-0.0181,-0.0095,0.0051,0.008,0.015300000000000001,0.0345,-0.028399999999999998,-0.0096,0.0229,0.0182,0.0173,0.1389,-0.0103,0.0694,0.0341,0.024700000000000003,-0.042300000000000004,-0.031400000000000004,-0.013999999999999999,-0.0004,-0.0368,0.0108,0.0075,0.0784,0.0192,-0.0321,0.0151,0.0378,0.018799999999999997,0.11349999999999999,0.019,0.0111,0.018500000000000003,-0.013000000000000001,0.0565,-0.003,-0.018000000000000002,-0.013500000000000002,-0.009899999999999999,-0.0443,0.0207,0.0242,0.0426
1980-11-30,0.12689999999999999,-0.0138,0.0034000000000000002,0.0015,0.024900000000000002,0.147,0.1945,0.0275,0.054400000000000004,0.0281,0.11410000000000001,0.0953,0.0837,0.0928,0.030699999999999998,-0.017,0.0571,0.1117,0.056100000000000004,0.1328,0.126,0.1195,-0.0097,0.1752,0.1845,0.1661,-0.0007000000000000001,0.1039,0.1462,0.244,0.0739,-0.0046,0.045599999999999995,0.10099999999999999,0.0697,0.1329,0.122,0.1812,0.0613,0.056100000000000004,0.1308,0.0909,0.0060999999999999995,-0.0109,0.0271,-0.0159,0.042300000000000004,0.0992,0.1058
1980-12-31,-0.059800000000000006,0.020499999999999997,0.083,-0.0405,0.0083,-0.086,-0.0034000000000000002,0.0172,-0.008199999999999999,-0.0146,0.0305,0.020499999999999997,0.0556,-0.0196,-0.048,-0.027000000000000003,-0.031400000000000004,-0.08470000000000001,-0.0435,-0.0666,-0.0404,-0.0462,-0.0007000000000000001,0.0593,0.0218,0.0512,-0.1744,-0.04,-0.0969,-0.106,-0.0192,0.012199999999999999,-0.051500000000000004,-0.026099999999999998,0.0079,-0.0052,-0.044199999999999996,-0.023799999999999998,-0.027000000000000003,-0.0268,-0.0565,-0.0677,0.003,0.0012,0.0977,0.032799999999999996,0.0084,0.0004,0.0194
1981-01-31,0.0235,0.0159,0.045599999999999995,0.0458,-0.010700000000000001,-0.08539999999999999,-0.0144,-0.0083,-0.009899999999999999,0.0783,0.0034999999999999996,-0.0333,-0.0139,0.0077,0.0158,0.0725,-0.0001,-0.11560000000000001,0.0070999999999999995,-0.041299999999999996,-0.0676,-0.0248,-0.011899999999999999,-0.0683,-0.1183,-0.0897,-0.11019999999999999,-0.0709,-0.0803,-0.1018,-0.0256,0.0555,0.0027,-0.0166,-0.08199999999999999,-0.1001,-0.07769999999999999,-0.0966,0.019299999999999998,0.0036,0.022000000000000002,-0.030600000000000002,0.0042,0.0086,-0.0086,-0.016,-0.005,-0.042300000000000004,-0.0667
1981-02-28,-0.0584,0.0124,0.0699,0.0317,0.032400000000000005,0.0070999999999999995,0.052300000000000006,0.026000000000000002,0.08990000000000001,0.0239,-0.0298,0.0378,0.018600000000000002,0.039599999999999996,-0.0159,0.011899999999999999,0.0415,0.0003,0.026000000000000002,-0.0144,0.0355,0.0206,0.0692,-0.0383,-0.0148,-0.0066,-0.0596,-0.0285,-0.0067,-0.0031,-0.0127,0.0213,0.0676,0.0032,0.0028000000000000004,-0.0667,0.0096,0.0042,0.0692,0.07980000000000001,0.020099999999999996,-0.014199999999999999,0.0327,0.0727,0.0242,0.0169,-0.016,0.0182,0.0165
1981-03-31,0.0438,0.0818,0.041100000000000005,0.07980000000000001,0.0546,0.1273,0.1416,0.07429999999999999,0.0301,0.0877,0.1625,0.0388,0.051699999999999996,0.0256,0.1032,0.048,0.0886,0.0535,0.19940000000000002,0.10369999999999999,0.0536,0.09359999999999999,0.07719999999999999,0.029300000000000003,0.016200000000000003,0.0525,0.1398,0.2775,0.043899999999999995,-0.0212,0.03,0.011699999999999999,0.059500000000000004,0.1066,0.0168,0.12560000000000002,0.09480000000000001,0.0696,0.0767,0.050199999999999995,0.11779999999999999,0.129,0.1367,0.09630000000000001,0.027000000000000003,0.1209,0.1549,0.0694,0.0557
1981-04-30,0.0426,0.0039000000000000003,-0.019299999999999998,-0.020499999999999997,0.01,0.0454,0.0075,0.06,-0.0048,-0.0329,0.0446,0.0217,0.0308,-0.0232,0.0434,0.1066,-0.0095,-0.0762,-0.0161,0.0078000000000000005,-0.0005,0.049100000000000005,0.0172,0.0106,0.0034999999999999996,-0.0121,0.005600000000000001,-0.0848,-0.0649,-0.0781,-0.0269,0.062,0.063,0.0378,-0.0216,0.0664,0.0215,0.0385,-0.044500000000000005,-0.0275,0.0197,-0.0131,0.0406,0.044199999999999996,0.0037,0.024,-0.011899999999999999,0.0017000000000000001,0.0265
1981-05-31,0.050199999999999995,0.014199999999999999,0.061799999999999994,0.0131,0.0187,0.0581,0.058600000000000006,0.0554,-0.0017000000000000001,0.0166,0.1206,0.050499999999999996,0.0182,-0.0134,0.0354,0.0064,0.0087,-0.038599999999999995,-0.005,0.0369,-0.011000000000000001,0.034,0.0291,-0.0069,-0.0191,0.005,0.0187,-0.0086,0.0034000000000000002,-0.04,0.0184,0.0721,-0.0013,0.0281,0.0342,0.12619999999999998,0.0464,0.0718,0.0,-0.0103,0.0527,0.0197,0.026099999999999998,0.0315,0.0524,0.0152,-0.0083,0.0209,0.0464
1981-06-30,-0.0023,-0.0058,-0.0172,0.0059,0.013300000000000001,-0.0958,-0.042199999999999994,-0.0083,-0.0163,0.0159,-0.0924,-0.0725,-0.045700000000000005,0.0227,-0.025099999999999997,-0.0033,-0.011699999999999999,-0.0424,-0.054000000000000006,-0.0161,-0.031200000000000002,-0.0463,-0.0274,-0.027999999999999997,-0.015,-0.066,-0.1971,0.037599999999999995,0.0116,0.0475,0.0346,-0.0191,0.021,-0.0454,-0.0582,-0.10779999999999999,-0.0746,-0.0941,-0.0023,0.004699999999999999,-0.0702,-0.0255,-0.011699999999999999,-0.0125,0.0268,0.025699999999999997,0.0115,0.0086,-0.0553
1981-07-31,-0.0028000000000000004,-0.0103,-0.0246,-0.0109,0.0222,-0.0659,-0.0694,-0.0151,-0.0286,0.0055000000000000005,-0.030299999999999997,-0.034300000000000004,-0.0418,-0.038900000000000004,-0.0111,-0.03,-0.055999999999999994,-0.038900000000000004,0.0014000000000000002,0.0466,0.0060999999999999995,-0.0545,-0.0344,-0.0664,-0.08470000000000001,-0.0392,0.0616,0.0437,0.0909,0.0793,0.027999999999999997,0.0034000000000000002,-0.0438,-0.0384,-0.0449,-0.016399999999999998,-0.0292,-0.022000000000000002,-0.032799999999999996,-0.0414,-0.045,-0.0368,-0.028399999999999998,-0.061799999999999994,-0.037200000000000004,-0.0479,-0.0246,-0.021,-0.0115
1981-08-31,-0.059699999999999996,-0.0496,-0.034300000000000004,-0.0575,-0.0572,-0.0316,-0.07980000000000001,-0.039900000000000005,-0.0622,-0.054000000000000006,-0.1586,-0.1082,-0.0558,-0.0646,-0.0916,-0.0632,-0.0638,-0.0582,-0.07400000000000001,-0.057800000000000004,-0.0682,-0.0451,-0.0897,-0.1099,-0.1481,-0.0828,0.0885,-0.0159,-0.12369999999999999,-0.06269999999999999,-0.0085,-0.0077,-0.0602,-0.064,-0.051399999999999994,-0.0414,-0.09519999999999999,-0.1001,-0.08560000000000001,-0.0519,-0.0788,-0.032400000000000005,-0.061399999999999996,-0.1033,-0.0537,-0.0471,-0.0654,-0.0521,-0.0766
1981-09-30,-0.0268,-0.0331,0.013999999999999999,-0.005699999999999999,0.0026,-0.0207,-0.0166,-0.051399999999999994,-0.0233,-0.032,-0.009300000000000001,0.0169,-0.0218,-0.0897,-0.0666,-0.022400000000000003,-0.0827,-0.1297,-0.0944,-0.1144,-0.0969,-0.0537,-0.0395,-0.0471,-0.0521,-0.062,-0.1424,-0.1162,-0.0876,-0.1234,-0.0554,0.028399999999999998,-0.025099999999999997,-0.0705,-0.0339,-0.08289999999999999,-0.038,-0.048499999999999995,-0.0786,-0.051699999999999996,-0.056799999999999996,-0.0849,-0.0275,-0.0305,-0.01,-0.0005,-0.0949,-0.0398,-0.08810000000000001
1981-10-31,0.0666,0.0815,0.1153,0.083,0.0587,0.1128,0.1166,0.08529999999999999,0.0155,0.0128,0.14880000000000002,0.09480000000000001,0.0655,0.062,0.0689,0.058600000000000006,0.0105,-0.0366,0.0137,0.147,0.0373,0.0397,-0.087,0.0691,0.1167,0.0759,-0.0632,0.0181,0.139,0.0956,0.0489,0.0602,0.055,0.1085,0.0187,0.1663,0.0836,0.0781,0.0070999999999999995,0.029300000000000003,0.0898,0.08529999999999999,0.0557,0.1092,0.0592,0.0837,0.0677,0.079,0.0967
1981-11-30,0.0382,0.019799999999999998,0.006999999999999999,0.0335,0.0375,-0.0385,0.033,0.056900000000000006,0.0594,0.0023,-0.0467,0.0704,0.0431,0.039,0.024,0.0028000000000000004,0.055,0.1012,0.044000000000000004,0.0158,0.0674,0.0352,0.0288,-0.016399999999999998,-0.0533,-0.07150000000000001,-0.013600000000000001,0.0431,0.0541,0.0687,0.059500000000000004,0.027000000000000003,0.0572,0.040999999999999995,0.028999999999999998,-0.0587,0.0171,-0.0363,0.10490000000000001,0.07440000000000001,0.048,0.0161,0.0116,0.0152,0.0507,0.0564,0.057999999999999996,0.0596,0.024300000000000002
1981-12-31,0.019299999999999998,0.0154,-0.029300000000000003,-0.0213,-0.059500000000000004,-0.0031,-0.021099999999999997,-0.034300000000000004,-0.0128,-0.0264,-0.055999999999999994,-0.011200000000000002,0.0005,-0.025,-0.024900000000000002,0.010700000000000001,-0.0181,-0.0189,-0.0268,0.006500000000000001,-0.0281,-0.0054,0.0323,-0.0038,0.0268,0.0036,-0.0894,-0.059000000000000004,-0.059000000000000004,-0.0642,-0.0235,-0.014499999999999999,-0.0075,-0.0187,0.0209,-0.031200000000000002,-0.0231,-0.0181,-0.032,-0.0005,-0.039,-0.0265,-0.0171,-0.0342,-0.0546,-0.0447,-0.0146,-0.028999999999999998,-0.0346
1982-01-31,-0.077,0.0077,-0.022099999999999998,0.018500000000000003,0.0069,-0.0034999999999999996,0.0722,-0.045899999999999996,0.0472,-0.015600000000000001,-0.033,0.0191,0.0192,-0.0482,-0.0371,0.022799999999999997,-0.061,-0.08199999999999999,-0.0886,-0.067,-0.0541,-0.0212,-0.009899999999999999,-0.044000000000000004,0.0254,-0.0288,-0.1134,-0.1617,-0.07490000000000001,-0.0848,-0.0067,0.0067,-0.0326,-0.045599999999999995,0.06269999999999999,0.0067,-0.0271,0.0421,-0.0501,-0.0121,-0.0349,-0.0216,0.0121,-0.0067,-0.0102,0.006999999999999999,-0.037200000000000004,-0.0374,-0.0398
1982-02-28,-0.0366,0.0187,-0.0688,-0.0155,-0.0366,-0.08839999999999999,-0.0475,-0.012199999999999999,-0.0334,-0.0406,-0.0527,-0.014199999999999999,-0.0139,-0.0728,-0.0031,-0.0443,-0.051500000000000004,-0.09759999999999999,-0.0472,-0.0649,-0.0825,-0.0393,-0.0331,-0.0565,-0.08929999999999999,0.0054,-0.08349999999999999,-0.0791,-0.1293,-0.1118,-0.0034000000000000002,-0.056900000000000006,-0.0252,-0.0499,-0.0418,-0.094,-0.0547,-0.08789999999999999,-0.025,-0.0255,-0.048,-0.0353,-0.0058,-0.0275,-0.0217,0.0004,-0.044199999999999996,-0.0458,-0.0496
1982-03-31,-0.053899999999999997,0.0212,0.08130000000000001,0.0473,0.0365,0.061399999999999996,0.047400000000000005,0.0014000000000000002,0.01,0.006,-0.0252,-0.0148,-0.028900000000000002,-0.0132,-0.0192,0.0044,-0.0235,-0.0666,-0.051500000000000004,-0.10710000000000001,-0.038599999999999995,0.0242,0.0446,0.0045000000000000005,0.0067,-0.0911,-0.060899999999999996,-0.1423,-0.06570000000000001,-0.0338,0.0166,0.020499999999999997,0.0163,-0.0253,-0.0557,-0.063,-0.0079,-0.0276,-0.0252,-0.006,0.0095,-0.0037,0.050300000000000004,0.0721,-0.0095,0.0155,-0.0066,-0.0219,-0.0069
1982-04-30,0.09880000000000001,0.0634,0.058499999999999996,0.0993,0.0713,0.0771,0.021,0.0499,0.0208,0.0658,0.10490000000000001,0.08220000000000001,0.0677,0.0492,0.0276,0.10220000000000001,0.034,0.0121,0.016,0.0393,0.0039000000000000003,0.0665,0.0508,0.0509,0.1405,0.0757,-0.0246,0.0049,0.0333,0.0433,0.0385,-0.013600000000000001,0.0755,0.0701,0.06570000000000001,0.128,0.0776,0.1035,0.04650000000000001,0.0226,0.036699999999999997,0.0332,0.059500000000000004,0.052000000000000005,0.0369,0.0005,0.0349,0.0437,0.0635
1982-05-31,-0.0556,-0.0276,-0.0118,-0.0256,-0.047400000000000005,-0.0664,-0.057800000000000004,-0.0574,-0.0199,-0.002,-0.06860000000000001,-0.0187,-0.0292,-0.0446,-0.031400000000000004,-0.0292,-0.0557,-0.06860000000000001,-0.07,-0.024,-0.0843,-0.0349,-0.0011,-0.0435,-0.09179999999999999,-0.030699999999999998,-0.1048,-0.0576,-0.1013,0.0248,-0.0054,0.002,-0.08900000000000001,-0.0409,-0.0526,-0.0495,-0.061500000000000006,-0.0388,-0.0673,-0.0395,-0.0642,-0.0227,-0.0264,-0.044199999999999996,-0.0731,-0.061900000000000004,-0.0048,-0.0444,-0.0426
1982-06-30,-0.0352,0.019,0.0355,0.020499999999999997,0.027000000000000003,-0.011000000000000001,0.0416,-0.0007000000000000001,0.015600000000000001,0.028300000000000002,0.0002,0.0173,-0.0159,-0.0487,-0.0308,-0.0308,-0.0254,-0.046900000000000004,-0.0687,-0.1726,-0.0547,-0.020099999999999996,0.038599999999999995,-0.0183,0.0348,-0.0391,-0.1275,-0.07139999999999999,-0.0587,-0.06269999999999999,-0.022099999999999998,-0.0245,-0.0311,-0.018600000000000002,-0.021099999999999997,-0.076,-0.017,-0.04650000000000001,-0.0053,0.0123,0.0054,-0.011399999999999999,0.034300000000000004,0.018000000000000002,-0.0215,-0.0275,-0.08070000000000001,-0.026000000000000002,-0.0334
1982-07-31,-0.0546,-0.0033,0.046799999999999994,0.08529999999999999,-0.055,0.0461,-0.039900000000000005,-0.0219,0.0165,-0.015700000000000002,0.084,-0.0097,0.0028000000000000004,-0.043899999999999995,-0.0353,0.015600000000000001,-0.0127,-0.0803,-0.045700000000000005,-0.0362,-0.0599,-0.0172,-0.0371,0.039,0.0103,0.0146,0.0418,-0.11259999999999999,-0.10779999999999999,-0.0809,-0.0259,0.012,0.0048,0.005,0.0388,-0.0966,0.001,-0.0208,-0.0337,-0.0054,-0.0592,-0.0167,0.005699999999999999,-0.0013,-0.0377,-0.0344,-0.0432,-0.0258,-0.0014000000000000002
1982-08-31,0.009399999999999999,0.0722,0.0784,0.0412,0.1359,0.0802,-0.0012,0.12279999999999999,0.1245,0.11449999999999999,0.18510000000000001,0.1386,0.1108,0.1531,0.0548,0.0919,0.1401,0.192,0.1349,0.016399999999999998,0.1173,0.15439999999999998,0.15810000000000002,0.2051,0.1435,0.3064,0.39640000000000003,0.1351,0.10769999999999999,0.10039999999999999,0.1208,0.1085,0.1405,0.102,0.12539999999999998,0.175,0.1105,0.1961,0.15539999999999998,0.1487,0.1175,0.1628,0.1168,0.11789999999999999,0.1109,0.0814,0.0877,0.12789999999999999,0.056900000000000006
1982-09-30,0.077,0.0232,0.0599,0.0444,0.043899999999999995,-0.0024,-0.0037,0.0902,0.003,0.10980000000000001,0.030299999999999997,-0.019,0.0213,-0.0042,0.0351,0.0265,0.0059,0.0227,-0.052300000000000006,-0.056900000000000006,-0.0473,-0.025,-0.0152,0.0075,-0.0197,0.0051,0.0754,-0.0308,-0.0263,0.0189,0.010700000000000001,0.01,0.073,0.0512,0.0163,0.0803,0.0001,-0.0058,-0.013999999999999999,0.0194,-0.030299999999999997,0.039,0.057,0.0127,0.0653,0.08130000000000001,0.0264,0.052300000000000006,0.0346
1982-10-31,0.10980000000000001,0.08539999999999999,0.0179,0.0747,0.1216,0.1937,0.2114,0.16829999999999998,0.1195,0.1276,0.17010000000000003,0.0697,0.0718,0.1251,0.1173,0.1679,0.1859,0.2426,0.0929,0.0975,0.114,0.1794,0.1721,0.1624,0.0216,0.1512,0.18109999999999998,0.10339999999999999,0.0919,0.0546,0.0473,0.0812,0.1202,0.1576,0.1493,0.33240000000000003,0.1887,0.1772,0.1789,0.1326,0.1841,0.1784,0.1722,0.124,0.20440000000000003,0.1058,0.19579999999999997,0.1459,0.154
1982-11-30,0.0462,0.0407,0.0707,0.0707,-0.0209,0.11460000000000001,0.057800000000000004,0.1099,0.087,0.099,0.121,0.0771,0.0317,0.0305,0.087,0.039900000000000005,0.1105,0.1398,0.0364,0.0322,0.0484,0.073,0.08449999999999999,0.0433,-0.035699999999999996,0.0593,0.1211,-0.0102,-0.004,-0.0462,0.0012,0.06,0.0741,0.1133,0.1032,0.0767,0.09300000000000001,0.1456,0.057,0.0429,0.115,0.1117,0.1198,0.0625,0.0634,0.0761,0.1588,0.0594,0.0932
1982-12-31,0.0317,0.0179,-0.0076,-0.0397,-0.0040999999999999995,-0.0843,-0.1732,0.0366,-0.0123,0.0073,0.0392,0.0206,-0.0054,-0.0202,0.0263,0.0455,0.0403,-0.0165,0.0572,0.0452,0.0464,0.0154,0.0593,0.0209,0.0434,-0.040999999999999995,0.2304,0.061399999999999996,0.013999999999999999,0.0557,0.0434,-0.0123,-0.0073,0.0165,0.057699999999999994,-0.07769999999999999,-0.011000000000000001,0.0062,-0.0013,0.0175,-0.008,0.0014000000000000002,-0.0298,-0.014199999999999999,-0.048499999999999995,-0.0074,0.0223,-0.0207,0.011399999999999999
1983-01-31,0.009000000000000001,0.0007000000000000001,-0.030600000000000002,0.0151,-0.0141,0.10300000000000001,0.014199999999999999,-0.0397,0.038,-0.0173,-0.031400000000000004,0.008,0.0254,0.0917,0.06849999999999999,0.042199999999999994,0.0264,0.0665,0.0814,0.052000000000000005,0.0604,0.0625,0.0235,0.07690000000000001,0.1324,0.018600000000000002,0.2302,0.12050000000000001,0.071,0.036000000000000004,0.036699999999999997,0.1244,0.0216,0.060899999999999996,0.0767,0.22260000000000002,0.0862,0.1048,0.023799999999999998,0.0062,0.0664,0.045899999999999996,0.0073,-0.0001,0.0191,-0.0086,0.0363,0.004,0.0692
1983-02-28,0.0776,0.009899999999999999,0.0016,0.0415,0.02,0.1263,0.06709999999999999,0.0784,0.0451,0.09789999999999999,0.0779,0.022000000000000002,0.0209,0.0418,0.11320000000000001,0.0592,0.0542,-0.0018,0.0387,-0.0026,0.0069,0.0519,0.005,0.0536,0.0757,0.0225,-0.255,-0.0603,-0.0796,-0.0051,0.0159,-0.0037,0.07519999999999999,0.0852,0.026600000000000002,-0.0059,0.0417,0.064,0.059000000000000004,0.057999999999999996,0.0582,0.0867,0.0748,0.0931,0.057699999999999994,0.08199999999999999,0.0699,0.043899999999999995,0.0441
1983-03-31,0.038599999999999995,0.0524,0.0699,0.1165,0.0571,-0.0922,0.0073,0.1012,0.0040999999999999995,0.1321,0.1429,0.0315,0.0302,0.0113,0.0828,0.0808,0.054299999999999994,0.0521,0.029300000000000003,0.023700000000000002,0.004699999999999999,-0.0191,-0.009000000000000001,0.0707,0.011699999999999999,0.06309999999999999,0.0482,0.026699999999999998,-0.0015,0.059800000000000006,0.0025,0.0064,0.014199999999999999,0.018600000000000002,0.0113,0.0431,0.0173,-0.037599999999999995,0.025,0.025699999999999997,0.0178,0.0361,0.1057,0.0424,0.0797,0.06860000000000001,0.1173,0.061500000000000006,0.0063
1983-04-30,-0.0317,0.061399999999999996,0.0412,0.0509,0.0454,0.0329,0.0664,0.08900000000000001,0.06,0.087,0.045599999999999995,0.0447,0.0535,0.0877,0.0608,0.0679,0.0361,0.0968,0.0305,0.0315,0.0582,0.008199999999999999,0.1588,0.0509,0.14150000000000001,0.1368,0.11449999999999999,0.0839,0.0269,0.0942,0.0478,0.051399999999999994,0.1235,0.0582,0.1128,0.056600000000000004,0.036699999999999997,-0.0138,0.0812,0.0816,0.0317,0.06559999999999999,0.09699999999999999,0.0699,0.1233,0.0475,0.08460000000000001,0.09390000000000001,0.0836
1983-05-31,0.0327,0.003,-0.0447,-0.0351,-0.049800000000000004,0.09210000000000002,0.0458,0.0001,-0.0588,0.0014000000000000002,0.0039000000000000003,-0.023399999999999997,-0.0358,0.043899999999999995,0.0633,0.022099999999999998,0.013600000000000001,0.0599,0.0962,0.061200000000000004,0.0487,0.0709,-0.0141,0.005,0.0415,0.0588,0.1306,0.0924,0.1128,0.0125,0.0254,-0.0131,-0.0141,0.0354,-0.0063,0.0973,0.058899999999999994,0.1072,0.0137,0.027200000000000002,0.0446,0.0217,0.0,0.0341,-0.0096,-0.016399999999999998,0.054400000000000004,0.016399999999999998,0.0625
1983-06-30,0.0059,0.0275,-0.0113,0.0007000000000000001,-0.004,0.1107,0.0017000000000000001,0.061200000000000004,0.0426,0.0895,0.048499999999999995,0.061900000000000004,0.07629999999999999,0.009399999999999999,0.026600000000000002,0.0736,-0.0064,-0.0084,-0.02,0.0335,0.0368,0.0694,0.1033,0.07519999999999999,0.0337,0.0426,-0.057800000000000004,0.0098,0.0931,0.064,-0.0055000000000000005,0.0018,0.0339,0.046900000000000004,0.063,0.0040999999999999995,0.0499,0.0981,-0.0248,-0.0028000000000000004,0.08220000000000001,0.0707,0.061900000000000004,0.0801,-0.011699999999999999,-0.0022,-0.0362,0.013000000000000001,0.041299999999999996
1983-07-31,0.060899999999999996,-0.0213,-0.055,-0.0129,0.0116,-0.0203,-0.09880000000000001,-0.0414,-0.060700000000000004,-0.056600000000000004,-0.08349999999999999,-0.09820000000000001,-0.0354,0.0,0.0046,-0.0054,-0.0329,-0.0565,-0.008199999999999999,0.0733,-0.0308,-0.0729,-0.0213,-0.059800000000000006,-0.0139,-0.0034000000000000002,-0.013999999999999999,0.0023,-0.015700000000000002,-0.022799999999999997,0.0102,-0.051699999999999996,-0.0437,-0.0728,-0.0438,-0.115,-0.0408,-0.0737,-0.006999999999999999,-0.0339,-0.052199999999999996,-0.0717,-0.0222,-0.055,-0.0216,-0.068,-0.055,-0.0059,-0.0278
1983-08-31,-0.027200000000000002,0.0109,0.058499999999999996,0.0466,0.0571,0.0015,-0.0425,-0.0199,-0.0125,-0.0652,-0.0493,-0.0358,0.0079,0.0688,-0.041299999999999996,-0.0032,-0.0391,-0.053200000000000004,0.075,-0.0848,-0.0115,-0.022000000000000002,-0.0304,-0.0518,-0.0858,-0.0248,0.0329,0.0079,0.0115,0.0693,0.0152,0.022000000000000002,-0.0239,-0.022799999999999997,-0.0054,-0.032400000000000005,-0.0231,0.0063,-0.001,-0.0059,-0.024900000000000002,-0.026099999999999998,-0.054299999999999994,-0.0358,0.0111,0.0175,-0.0301,0.0007000000000000001,-0.0639
1983-09-30,0.008,0.0659,0.021,0.0574,0.0855,0.0233,0.023399999999999997,0.0384,0.0301,0.0109,-0.0219,0.0187,0.019299999999999998,-0.0022,0.0218,0.0178,0.038599999999999995,0.013999999999999999,-0.0226,0.0067,0.04190000000000001,0.0336,0.04650000000000001,0.0395,0.14679999999999999,0.054900000000000004,-0.1848,-0.0447,0.041299999999999996,-0.046799999999999994,0.0466,0.0226,0.0018,0.021,0.0344,0.0348,0.0152,-0.014199999999999999,0.015700000000000002,0.0493,0.013300000000000001,0.0263,0.0199,0.0369,0.029300000000000003,0.0191,0.0436,0.0141,0.020499999999999997
1983-10-31,-0.043,0.0417,0.0273,-0.024700000000000003,0.026600000000000002,-0.054299999999999994,-0.04,-0.051,-0.011899999999999999,-0.046900000000000004,-0.11220000000000001,-0.048600000000000004,0.0068000000000000005,-0.028900000000000002,-0.048799999999999996,-0.040999999999999995,-0.0344,-0.1042,-0.052000000000000005,-0.0473,-0.0484,-0.025,0.0181,-0.0377,0.0017000000000000001,-0.014499999999999999,-0.1324,-0.10679999999999999,-0.0674,-0.02,0.0305,-0.0519,-0.0472,-0.092,-0.048499999999999995,-0.1492,-0.0683,-0.1195,-0.0045000000000000005,0.0194,0.016,-0.0529,-0.0092,-0.030600000000000002,-0.0665,-0.0121,-0.0473,-0.0225,-0.0906
1983-11-30,0.0455,0.0208,0.07139999999999999,-0.039900000000000005,0.0079,0.046,-0.0006,0.0248,0.0836,0.015300000000000001,-0.0325,-0.026600000000000002,-0.031,0.024399999999999998,0.006999999999999999,0.0868,0.0794,0.0661,0.09539999999999998,0.0212,0.0625,0.10859999999999999,0.0025,0.10779999999999999,0.0616,0.0355,0.1789,0.0601,0.0327,-0.0049,-0.016399999999999998,0.0317,0.0759,0.048600000000000004,-0.0233,0.0898,0.0796,0.09880000000000001,0.1247,0.041100000000000005,0.0712,0.0475,0.0414,0.0553,0.07200000000000001,0.0365,0.0484,0.0268,0.044199999999999996
1983-12-31,0.0116,0.0033,-0.0097,-0.029900000000000003,0.0339,-0.009899999999999999,0.0713,-0.0204,0.0028000000000000004,-0.0338,0.014499999999999999,-0.0363,-0.0463,-0.03,-0.0106,-0.019799999999999998,-0.0111,-0.0168,0.0108,-0.0031,0.0125,-0.004,0.0064,-0.0169,-0.0016,-0.0341,-0.0199,-0.019299999999999998,-0.061200000000000004,0.0218,-0.0364,-0.015300000000000001,-0.0012,-0.0256,0.0246,-0.0455,-0.0279,0.0262,-0.0199,-0.0187,-0.0062,-0.011000000000000001,-0.0596,-0.0449,-0.0037,-0.0116,-0.0385,-0.0059,-0.026600000000000002
1984-01-31,0.0265,0.0281,-0.0356,-0.013600000000000001,0.0489,-0.0812,0.0176,-0.0536,-0.0565,-0.0719,0.0262,-0.0562,0.0029,-0.0426,0.0096,-0.040999999999999995,-0.0361,-0.0096,-0.0196,-0.019,-0.0091,-0.0458,-0.0394,-0.013999999999999999,-0.06849999999999999,-0.047,-0.0086,0.0175,0.0084,0.0993,0.0144,0.040999999999999995,-0.0703,-0.0605,-0.057,-0.133,-0.06559999999999999,-0.058499999999999996,-0.0558,-0.0346,-0.042199999999999994,-0.0424,-0.0629,-0.042300000000000004,0.0301,-0.0393,-0.026699999999999998,0.0004,-0.0557
1984-02-29,-0.0588,-0.053,0.0070999999999999995,-0.07780000000000001,-0.0768,-0.0605,-0.0907,-0.0832,-0.0541,-0.0168,-0.0424,-0.0646,-0.0033,-0.0706,-0.06280000000000001,-0.0781,-0.07339999999999999,-0.0317,-0.0764,-0.0681,-0.0746,-0.0736,-0.0665,-0.0681,-0.075,-0.10830000000000001,0.1384,-0.0019,-0.0466,0.0403,-0.0334,-0.0368,-0.0646,-0.058499999999999996,-0.043899999999999995,-0.0806,-0.0747,-0.0944,-0.0538,-0.0337,-0.07490000000000001,-0.046,-0.0436,-0.0576,-0.0655,-0.0183,-0.07519999999999999,-0.051,-0.062400000000000004
1984-03-31,0.0369,0.0023,0.0594,-0.011899999999999999,-0.0176,0.0232,0.1093,0.0659,0.025,0.006,0.018500000000000003,-0.028300000000000002,-0.0058,0.0602,0.0291,-0.018799999999999997,0.045599999999999995,0.037599999999999995,0.057300000000000004,0.047599999999999996,0.047400000000000005,-0.0045000000000000005,-0.0239,-0.0387,-0.0259,0.0365,-0.0001,0.0699,0.025699999999999997,0.0025,-0.0031,-0.043,0.0043,0.0275,0.021,-0.045,0.0147,0.032,0.0839,-0.003,0.015300000000000001,0.031400000000000004,0.0031,0.039900000000000005,-0.0223,0.06309999999999999,0.0204,0.0168,-0.0032
1984-04-30,-0.0374,0.0014000000000000002,0.016200000000000003,0.0068000000000000005,-0.0139,0.0455,-0.059500000000000004,0.023399999999999997,-0.0013,-0.0040999999999999995,0.057,0.0326,0.013999999999999999,0.0116,0.016,0.0037,-0.0155,-0.0508,-0.0557,0.0167,-0.0155,0.0316,0.011200000000000002,0.0092,0.0758,0.028300000000000002,-0.0978,-0.0361,0.0213,0.04,-0.005,0.022000000000000002,-0.0319,-0.0092,0.0055000000000000005,-0.0977,-0.0066,-0.019,-0.015700000000000002,0.0277,-0.0382,-0.0075,0.0083,-0.018500000000000003,-0.006999999999999999,-0.0348,-0.0285,0.0014000000000000002,-0.0066
1984-05-31,-0.0443,-0.0268,0.0016,-0.003,-0.0075,-0.0993,-0.0215,-0.0323,-0.02,-0.0623,-0.0432,-0.1363,-0.0499,-0.06849999999999999,-0.0676,-0.039,-0.0888,-0.1052,-0.095,0.0128,-0.0787,-0.0866,-0.061500000000000006,-0.0147,-0.0764,-0.0802,-0.0393,-0.059699999999999996,-0.0347,-0.0513,-0.0083,-0.035699999999999996,-0.0325,-0.042699999999999995,-0.0519,-0.09570000000000001,-0.0507,-0.0654,-0.098,-0.025099999999999997,-0.0482,-0.0707,-0.0509,-0.032400000000000005,-0.1032,-0.0919,-0.0332,-0.0504,-0.07200000000000001
1984-06-30,0.0286,0.0733,0.0556,0.0051,0.0675,-0.0101,0.0046,0.0848,0.033,0.044199999999999996,0.026000000000000002,-0.0059,0.0521,0.0015,0.0388,0.0215,0.0171,0.0038,-0.015,-0.005699999999999999,-0.0083,0.0518,0.04,0.0928,0.1257,0.0516,-0.08960000000000001,-0.10060000000000001,-0.048,-0.019799999999999998,0.0044,0.12210000000000001,0.0868,0.062400000000000004,-0.004699999999999999,0.08779999999999999,0.046799999999999994,0.039900000000000005,0.0383,0.08779999999999999,0.025,0.062400000000000004,0.0762,0.0741,0.016,0.0421,-0.0034999999999999996,0.015300000000000001,0.050300000000000004
1984-07-31,-0.006500000000000001,-0.0258,0.0316,-0.019799999999999998,0.004,0.020499999999999997,-0.0507,-0.0147,0.0001,-0.0495,0.0098,-0.024399999999999998,-0.0528,-0.0231,-0.0518,-0.0789,-0.0203,-0.0359,-0.0922,-0.07200000000000001,-0.050499999999999996,-0.024399999999999998,0.0406,0.0398,0.004699999999999999,0.0454,-0.1981,-0.1268,-0.0949,-0.0745,-0.0001,0.0281,0.028300000000000002,-0.0471,0.006999999999999999,-0.1482,-0.0519,-0.0392,0.0437,-0.0171,-0.026600000000000002,-0.0369,0.0102,-0.019,0.0084,-0.0213,-0.0316,-0.0062,-0.028999999999999998
1984-08-31,0.10980000000000001,0.0904,0.024900000000000002,0.0572,0.098,0.17420000000000002,0.06559999999999999,0.10830000000000001,0.0741,0.0958,0.161,0.1454,0.0788,0.13720000000000002,0.1116,0.08199999999999999,0.1344,0.09300000000000001,0.1402,0.1081,0.1277,0.1499,0.09699999999999999,0.1376,0.1894,0.1207,0.1392,0.2087,0.1263,0.1402,0.07780000000000001,0.0672,0.128,0.1375,0.1319,0.1809,0.1545,0.1273,0.1051,0.1118,0.10859999999999999,0.1388,0.0908,0.0758,0.109,0.1383,0.1024,0.0992,0.1076
1984-09-30,-0.037200000000000004,0.0305,0.0344,0.0040999999999999995,0.0397,-0.0919,0.012,-0.021,-0.016200000000000003,-0.009399999999999999,-0.08,-0.049400000000000006,-0.0325,-0.030299999999999997,-0.0189,-0.0292,-0.002,0.035,-0.034,-0.04650000000000001,-0.0149,-0.0591,0.0236,-0.0236,-0.0434,-0.047,0.0388,-0.0467,0.0015,0.0227,0.048600000000000004,0.0292,-0.0064,-0.021400000000000002,-0.0177,-0.060899999999999996,-0.0703,-0.0643,-0.048,-0.0382,0.0059,-0.0022,0.0028000000000000004,-0.0111,0.0611,0.029500000000000002,0.0197,0.0232,-0.0055000000000000005
1984-10-31,-0.0175,0.0131,0.0317,0.0473,0.0318,-0.032400000000000005,-0.018500000000000003,-0.0068000000000000005,0.015,-0.0116,-0.0033,-0.0143,0.030299999999999997,-0.0131,-0.0012,0.0163,0.0101,-0.0025,-0.0183,-0.0042,-0.032,0.0074,0.021,0.059000000000000004,0.0576,0.0794,-0.0795,-0.0771,-0.0886,-0.0431,0.0335,-0.008,0.0008,-0.0139,0.0086,-0.061,-0.0131,-0.0259,0.029500000000000002,0.0315,0.0252,0.0066,-0.0115,0.0031,0.009300000000000001,0.0271,0.023700000000000002,0.0078000000000000005,-0.0173
1984-11-30,0.0475,0.0055000000000000005,-0.0308,0.0042,0.016399999999999998,-0.0703,-0.002,0.0115,-0.0083,-0.0054,-0.057800000000000004,0.027200000000000002,0.0069,-0.0060999999999999995,-0.0137,0.0015,0.0038,-0.0113,-0.011899999999999999,-0.0458,-0.019299999999999998,-0.0431,-0.028300000000000002,-0.0704,0.0206,0.0016,-0.039599999999999996,0.0223,0.0384,-0.0104,0.030600000000000002,-0.0024,-0.083,-0.030600000000000002,-0.0264,-0.039900000000000005,-0.049400000000000006,-0.060899999999999996,-0.0052,-0.013600000000000001,-0.0187,-0.0189,-0.0282,-0.0421,0.004699999999999999,0.0066,-0.0354,0.0017000000000000001,-0.042199999999999994
1984-12-31,0.0886,0.0274,0.0075,0.018799999999999997,0.0171,0.0331,-0.0015,0.0441,0.028300000000000002,0.0013,0.0128,0.0070999999999999995,0.0359,0.006,0.0013,0.026600000000000002,0.022799999999999997,-0.025099999999999997,0.022099999999999998,-0.0264,0.0128,0.0452,0.0453,0.040999999999999995,0.0521,0.07400000000000001,-0.1338,-0.0398,-0.0464,-0.0054,0.0265,0.0512,0.0331,0.0355,0.0263,0.04650000000000001,0.0159,0.0304,0.0339,0.011699999999999999,0.039599999999999996,0.0337,-0.0009,0.023799999999999998,0.0593,0.0558,0.011200000000000002,0.0362,0.024
1985-01-31,0.0263,0.0179,-0.0222,0.046,0.0226,0.10890000000000001,0.1628,0.1223,0.075,0.12359999999999999,0.16879999999999998,0.10490000000000001,0.0575,0.0711,0.1216,0.08449999999999999,0.10869999999999999,0.1775,0.1061,0.1056,0.1186,0.1344,0.0889,0.1005,0.1042,0.0397,0.1051,0.13449999999999998,0.085,0.0653,0.024,0.058600000000000006,0.1402,0.1293,0.11460000000000001,0.2232,0.125,0.129,0.0596,0.0775,0.09849999999999999,0.1563,0.1275,0.10640000000000001,0.0943,0.1,0.1112,0.0816,0.1407
1985-02-28,0.058600000000000006,0.0574,0.0716,0.013300000000000001,0.0984,-0.0124,0.0576,0.013999999999999999,0.0067,0.0176,0.0381,0.042300000000000004,0.0337,0.0217,0.0073,0.031,0.0011,-0.0062,-0.0043,-0.0036,0.0018,-0.0111,-0.0232,0.0677,0.0218,0.0365,-0.056299999999999996,-0.0101,-0.0098,0.0392,0.0137,0.0269,-0.0054,0.0277,-0.0166,0.044500000000000005,-0.0206,-0.0143,0.006,0.0004,0.026099999999999998,0.0019,0.0236,0.0406,0.0054,0.047599999999999996,0.0034000000000000002,0.0177,0.0345
1985-03-31,0.0092,0.0562,0.11810000000000001,0.0455,0.0313,-0.022099999999999998,0.029300000000000003,0.046799999999999994,-0.0298,0.0066,-0.0017000000000000001,0.022400000000000003,0.041299999999999996,-0.021,-0.0297,-0.0364,-0.051500000000000004,-0.0292,-0.0339,-0.0074,-0.045,-0.0536,-0.0489,-0.038599999999999995,-0.053,-0.0611,0.2119,0.0172,-0.0341,0.015,0.0613,0.0548,-0.037000000000000005,-0.0217,-0.068,-0.0672,-0.027200000000000002,-0.076,-0.0321,-0.0048,-0.0315,-0.0079,-0.0072,0.013000000000000001,0.009000000000000001,-0.008100000000000001,-0.0315,0.0023,0.0025
1985-04-30,0.0537,-0.0229,-0.018000000000000002,0.0165,-0.08130000000000001,-0.0487,0.02,0.0031,-0.010700000000000001,0.0008,-0.0452,-0.018600000000000002,-0.010700000000000001,0.0078000000000000005,-0.0231,-0.0292,-0.023399999999999997,-0.0044,-0.049800000000000004,-0.025,-0.0338,-0.0241,-0.0431,-0.0217,-0.09,-0.0332,-0.06309999999999999,-0.0066,-0.0242,0.038599999999999995,0.016,0.009000000000000001,-0.0032,-0.0132,-0.027200000000000002,-0.060899999999999996,-0.0492,-0.048799999999999996,0.0138,-0.0229,-0.0338,-0.0053,0.0027,0.0064,0.0315,0.0348,-0.0054,0.0206,-0.0089
1985-05-31,0.0339,0.15380000000000002,0.0318,0.08410000000000001,0.001,0.0782,0.047599999999999996,0.071,0.0463,0.0962,0.0967,0.06269999999999999,0.1011,0.0783,0.0674,0.0366,0.0722,0.0311,0.0171,-0.0207,0.0374,0.0702,0.0753,0.09449999999999999,0.057999999999999996,0.1099,0.0161,-0.0151,0.053899999999999997,0.0058,0.0538,0.0663,0.0953,0.0506,0.0323,-0.0036,0.021400000000000002,0.0305,0.0581,0.0115,0.1125,0.0521,0.11349999999999999,0.0658,0.06,0.0728,0.045899999999999996,0.058600000000000006,0.0601
1985-06-30,-0.0146,0.0331,0.039599999999999996,0.0385,0.0271,0.0206,0.09630000000000001,0.020099999999999996,0.0259,0.0111,0.06849999999999999,0.026699999999999998,0.0109,0.0134,0.021,0.0364,0.018600000000000002,0.0095,-0.0074,-0.0128,0.0018,0.015300000000000001,0.0067,0.0083,0.0311,0.0151,-0.0213,-0.0368,-0.048499999999999995,-0.006,0.0362,0.040999999999999995,0.06309999999999999,0.0124,-0.0292,0.0177,0.025099999999999997,0.028900000000000002,0.0232,0.0358,0.027200000000000002,0.0281,0.0138,0.0034999999999999996,0.042199999999999994,0.024300000000000002,-0.0017000000000000001,0.028300000000000002,0.0342
1985-07-31,0.0379,-0.0458,0.0054,0.0116,-0.052199999999999996,0.0021,-0.0148,-0.035,0.0253,0.0177,-0.031200000000000002,0.0232,-0.0042,0.0412,0.029900000000000003,0.037599999999999995,0.03,0.029500000000000002,0.0783,0.0337,0.0391,0.042,0.013600000000000001,0.0362,0.025099999999999997,0.0421,0.1463,0.0857,0.0365,-0.0063,-0.04650000000000001,-0.045700000000000005,0.0149,0.0104,0.0519,0.0203,0.025,0.061799999999999994,0.0443,0.028300000000000002,0.036699999999999997,0.0026,-0.056900000000000006,-0.0034999999999999996,-0.021400000000000002,-0.0121,0.017,-0.0121,0.0317
1985-08-31,-0.019299999999999998,0.0369,0.0067,0.0206,-0.0229,0.0012,0.0542,-0.019299999999999998,-0.0229,0.0239,-0.0662,0.0132,0.0024,-0.011699999999999999,-0.0077,0.009000000000000001,-0.0218,-0.0354,-0.0189,-0.0483,-0.024,0.0037,-0.0227,-0.0040999999999999995,0.0178,-0.0296,0.0127,-0.0212,0.0169,0.0158,0.0192,0.0053,-0.012199999999999999,-0.0048,-0.022000000000000002,-0.0779,-0.0169,-0.0557,-0.0178,-0.0096,-0.0146,-0.0102,-0.0033,-0.0192,-0.0049,-0.011200000000000002,-0.022799999999999997,0.0024,0.0087
1985-09-30,-0.08560000000000001,0.0678,-0.0021,-0.0089,-0.058600000000000006,-0.0516,-0.0197,-0.055099999999999996,-0.0308,-0.0277,-0.11560000000000001,-0.0383,-0.0194,-0.0341,-0.0226,-0.0087,-0.037599999999999995,-0.073,-0.045,-0.0085,-0.0462,-0.0332,-0.021400000000000002,-0.07719999999999999,-0.0969,-0.0581,-0.09820000000000001,-0.1001,0.004,-0.0131,-0.0538,-0.0408,-0.0771,-0.062400000000000004,-0.0317,-0.07339999999999999,-0.0637,-0.0825,-0.0436,-0.0313,-0.0664,-0.0447,-0.0424,-0.0401,-0.0626,-0.044500000000000005,-0.0271,-0.0387,-0.0821
1985-10-31,0.034300000000000004,0.0403,0.039,0.055,-0.0139,-0.038599999999999995,0.085,0.031200000000000002,0.045599999999999995,0.0717,-0.050300000000000004,0.0424,0.0438,0.050499999999999996,0.0074,0.0809,0.0354,-0.013000000000000001,-0.0437,0.0088,0.020099999999999996,0.046799999999999994,0.0183,0.0078000000000000005,-0.061,0.0067,-0.019299999999999998,-0.027999999999999997,0.0207,0.0599,0.0633,0.0416,0.0452,0.0527,0.0426,0.0172,0.0183,-0.0275,0.0187,0.046,0.020499999999999997,0.0404,0.08220000000000001,0.026600000000000002,0.10210000000000001,0.0863,0.033,0.0644,0.0436
1985-11-30,0.047,0.08259999999999999,0.1346,0.0258,0.1014,0.1033,0.0455,0.0708,0.1157,0.08470000000000001,0.0366,0.0858,0.1116,0.058600000000000006,0.0746,0.038599999999999995,0.0919,0.0877,0.0601,0.021099999999999997,0.0775,0.07400000000000001,0.081,0.0594,0.0774,0.0796,0.0337,0.0733,0.0235,0.0031,0.040999999999999995,0.0741,0.08470000000000001,0.0776,0.0863,0.122,0.0737,0.1192,0.0821,0.0932,0.0654,0.0876,0.0741,0.09230000000000001,0.0705,0.0933,0.044000000000000004,0.0721,0.0699
1985-12-31,0.0916,0.0206,0.031400000000000004,0.1245,0.0989,0.061399999999999996,0.0403,0.0722,0.0593,0.0196,0.060700000000000004,0.0504,0.0263,0.0666,0.0538,0.0758,0.052000000000000005,0.034300000000000004,0.0274,0.0159,0.0382,0.031200000000000002,0.052199999999999996,0.033,0.0072,0.053099999999999994,-0.049,-0.023700000000000002,-0.0298,-0.0268,0.049800000000000004,0.0603,0.0365,0.0526,0.0959,0.091,0.0721,0.0447,0.052199999999999996,0.0446,0.0151,0.06269999999999999,0.0414,0.0391,0.0729,0.0239,0.026600000000000002,0.052000000000000005,0.069
1986-01-31,0.0818,0.0233,-0.0124,-0.0098,0.0555,0.022000000000000002,0.035699999999999996,-0.0096,-0.009399999999999999,0.048799999999999996,-0.041299999999999996,0.0332,0.0169,0.0182,0.0644,0.0313,0.0184,0.0216,0.0271,0.0166,0.0209,0.0022,0.0462,-0.0060999999999999995,0.0311,-0.0111,0.1002,-0.0069,-0.025099999999999997,-0.0684,0.0379,-0.0378,0.0212,0.011699999999999999,-0.0111,-0.0158,0.008100000000000001,0.0373,0.0495,0.0178,0.057,0.026600000000000002,0.016399999999999998,0.009399999999999999,0.0281,0.06559999999999999,0.024900000000000002,0.0252,0.039
1986-02-28,0.1426,0.0794,0.1174,0.0736,0.1225,0.1124,0.0808,0.146,0.10710000000000001,0.0962,0.0409,-0.009399999999999999,0.0816,0.1207,0.0889,0.1018,0.1211,0.1388,0.053099999999999994,0.0803,0.08779999999999999,0.0877,0.10619999999999999,0.11019999999999999,0.0815,0.0559,-0.09609999999999999,-0.016,-0.027000000000000003,0.0091,0.0659,0.0739,0.0784,0.0797,0.027000000000000003,0.0529,0.0827,0.09939999999999999,0.0898,0.1063,0.0707,0.0902,0.0719,0.0962,0.1103,0.0755,0.08220000000000001,0.0817,0.11380000000000001
1986-03-31,0.0282,0.0782,0.1108,0.09949999999999999,0.1158,0.055099999999999996,0.0661,0.052000000000000005,0.0553,0.060700000000000004,0.0694,0.1217,0.131,0.0592,0.0603,0.0815,0.09210000000000002,0.1446,0.0395,0.0594,0.04769999999999999,0.039,0.1059,0.058899999999999994,0.0701,0.028900000000000002,-0.075,0.0593,0.1225,0.008100000000000001,0.0398,0.0418,0.0542,0.0649,-0.0009,-0.023399999999999997,0.0006,-0.0118,0.042699999999999995,0.057300000000000004,0.032799999999999996,0.07200000000000001,0.0909,0.067,0.0726,0.0527,0.1012,0.054299999999999994,0.06570000000000001
1986-04-30,0.0545,-0.0055000000000000005,0.045899999999999996,-0.028999999999999998,0.0365,0.038900000000000004,0.0824,-0.0139,-0.0163,-0.026099999999999998,-0.0124,0.0795,-0.004699999999999999,0.013999999999999999,0.0231,-0.0168,-0.018600000000000002,-0.0074,-0.0546,-0.0078000000000000005,-0.0070999999999999995,-0.0086,-0.0728,-0.044800000000000006,-0.0591,0.0302,-0.0967,-0.0275,-0.049699999999999994,0.0083,-0.0393,0.024300000000000002,0.0286,0.0177,0.0385,0.1121,0.0358,0.026699999999999998,-0.026099999999999998,-0.0086,-0.026000000000000002,0.0187,-0.0064,0.0452,-0.0059,-0.061799999999999994,-0.0169,-0.0305,-0.0462
1986-05-31,0.0113,0.0849,0.0789,0.0696,0.1018,0.0304,0.0599,0.1112,0.0458,0.0943,0.030899999999999997,0.0437,0.087,0.059699999999999996,0.098,0.0408,0.0384,0.0559,0.0161,0.0138,0.009399999999999999,0.0159,0.0316,0.0215,0.0233,0.057800000000000004,0.0096,0.0475,0.0171,0.0741,0.0363,0.045899999999999996,-0.011699999999999999,0.0581,0.0101,0.0305,-0.008100000000000001,0.024900000000000002,0.0604,0.0538,0.006999999999999999,0.0542,0.1177,0.0579,0.042,0.0574,-0.0335,0.052199999999999996,0.0635
1986-06-30,0.09539999999999998,0.0706,0.0584,0.0895,0.095,-0.0666,0.0799,0.027999999999999997,0.0175,0.042,-0.0334,0.0424,0.0761,0.0011,-0.026099999999999998,0.051100000000000007,-0.0058,-0.024300000000000002,-0.0334,0.0131,-0.038900000000000004,-0.0394,-0.0026,0.0155,-0.0054,-0.0219,-0.0693,-0.0373,-0.0368,-0.0203,0.050499999999999996,0.0538,0.0256,0.008,-0.0446,-0.049699999999999994,-0.0124,-0.0827,-0.0040999999999999995,0.0334,-0.021400000000000002,0.0089,0.0479,0.0194,0.023,-0.0046,0.0064,0.0301,0.0229
1986-07-31,-0.1286,-0.037000000000000005,-0.07139999999999999,-0.032400000000000005,-0.027000000000000003,-0.0706,-0.1543,-0.0783,-0.0786,-0.08779999999999999,-0.0775,-0.0745,-0.0454,-0.0713,-0.085,-0.0733,-0.0747,-0.11,-0.16260000000000002,-0.0877,-0.0904,-0.0707,-0.0825,-0.0868,-0.0898,-0.1167,0.069,-0.0955,-0.0354,-0.051399999999999994,0.051500000000000004,-0.0298,-0.0874,-0.1056,-0.0761,-0.1193,-0.0861,-0.0679,-0.059800000000000006,-0.024300000000000002,-0.0968,-0.0959,-0.0915,-0.11230000000000001,-0.06480000000000001,-0.0412,-0.0669,-0.0557,-0.051500000000000004
1986-08-31,0.018500000000000003,0.035,0.0095,-0.0158,0.044800000000000006,0.0837,-0.018500000000000003,0.0259,0.0434,0.0297,0.030299999999999997,0.0717,0.035,0.06480000000000001,0.0227,0.0106,0.09210000000000002,0.0412,0.09820000000000001,0.010700000000000001,0.0712,0.0818,0.06709999999999999,0.0526,0.042300000000000004,0.1056,0.1555,0.16260000000000002,0.09119999999999999,0.1684,0.07919999999999999,0.0684,0.0824,0.0467,0.0666,0.0533,0.0638,0.1197,0.0981,0.0582,0.063,0.0233,0.014499999999999999,0.011699999999999999,0.0679,0.0832,0.015300000000000001,0.06849999999999999,0.09820000000000001
1986-09-30,-0.08410000000000001,-0.11869999999999999,-0.1329,-0.084,-0.11220000000000001,-0.09910000000000001,-0.1036,-0.10300000000000001,-0.0949,-0.0969,-0.0705,-0.1056,-0.1386,-0.050499999999999996,-0.1174,-0.0654,-0.062,-0.0403,0.0478,0.0086,-0.0661,-0.0753,-0.0692,-0.0796,-0.0516,-0.049800000000000004,0.08109999999999999,0.0215,-0.046900000000000004,-0.0083,-0.0911,-0.0944,-0.042300000000000004,-0.0966,-0.055,-0.0817,-0.08199999999999999,-0.12140000000000001,-0.059000000000000004,-0.0875,0.0236,-0.0862,-0.08410000000000001,-0.0812,-0.0993,-0.114,-0.0737,-0.1012,-0.1097
1986-10-31,-0.023399999999999997,0.127,0.0756,0.079,0.10779999999999999,0.0078000000000000005,0.1008,0.061799999999999994,0.0818,0.08220000000000001,0.0449,0.0722,0.08710000000000001,0.083,0.0946,0.0562,0.067,-0.0066,0.0382,-0.025,0.0269,0.0435,0.08070000000000001,0.0158,0.018600000000000002,-0.025,-0.0034000000000000002,-0.0051,-0.0103,0.0194,0.0521,0.0463,0.0732,0.0567,-0.03,0.1419,0.050199999999999995,0.0501,0.0683,0.059699999999999996,0.0622,0.061399999999999996,0.0784,0.0672,0.0248,0.0128,0.052000000000000005,0.04650000000000001,0.13849999999999998
1986-11-30,0.0026,0.0053,0.004699999999999999,0.0033,-0.0009,0.0024,-0.0495,0.004699999999999999,0.0625,0.0058,-0.0443,-0.015300000000000001,0.028900000000000002,0.0388,0.008,0.0867,0.0302,-0.0076,-0.07429999999999999,0.0184,0.0209,0.030299999999999997,0.0182,0.028399999999999998,0.0184,0.047599999999999996,0.0374,0.0055000000000000005,0.0226,0.0326,0.0055000000000000005,0.0398,0.0171,0.0208,0.0391,0.0452,0.022400000000000003,0.062,0.0158,0.035699999999999996,-0.003,0.012,0.0173,0.0072,-0.0095,-0.0182,-0.042199999999999994,-0.0042,0.026099999999999998
1986-12-31,-0.0352,-0.0415,0.0004,-0.021099999999999997,-0.0246,-0.0762,-0.037200000000000004,-0.032400000000000005,0.0104,-0.0718,-0.095,-0.0286,0.0028000000000000004,-0.037599999999999995,-0.0154,0.0040999999999999995,-0.0173,-0.0358,-0.023399999999999997,-0.0292,0.0026,-0.0576,-0.0509,-0.0322,-0.0724,-0.1406,-0.0339,-0.0027,-0.044800000000000006,-0.0042,-0.033,-0.0371,-0.0182,-0.0097,-0.0433,-0.026099999999999998,-0.0279,-0.0236,-0.0226,0.0218,-0.056100000000000004,-0.0354,-0.0675,-0.0421,-0.011699999999999999,-0.0152,-0.013600000000000001,-0.0311,-0.0301
1987-01-31,0.08199999999999999,0.1164,0.1509,0.2208,0.21359999999999998,0.2039,0.1877,0.1465,0.1421,0.1165,0.0689,0.1366,0.1383,0.1523,0.1499,0.0682,0.1777,0.1142,0.13,0.1036,0.1409,0.1677,0.1907,0.0355,0.0969,0.1158,0.1052,0.17629999999999998,0.06559999999999999,0.1423,0.09300000000000001,0.053,0.24670000000000003,0.14150000000000001,0.158,0.2698,0.1566,0.1604,0.2445,0.1447,0.0784,0.1148,0.1033,0.11130000000000001,0.0924,0.09230000000000001,0.1007,0.11380000000000001,0.2028
1987-02-28,0.0782,0.0418,0.0484,0.0334,-0.028399999999999998,0.09050000000000001,0.0941,0.10679999999999999,0.0388,0.1344,0.091,0.1277,0.1103,0.0524,0.0521,0.0641,0.0415,0.0789,0.0738,0.10099999999999999,0.0732,0.0493,0.035699999999999996,0.0713,0.0579,0.055,0.1955,0.1076,-0.0015,-0.0179,-0.0215,0.0003,0.0195,0.0579,0.1005,0.11199999999999999,0.0859,0.0877,0.0073,0.0231,0.049699999999999994,0.0541,0.11689999999999999,0.099,0.0533,0.07769999999999999,0.0591,0.0176,0.0398
1987-03-31,0.024,0.023,0.0246,0.0084,0.0075,0.0516,0.0085,-0.0076,0.0206,0.011899999999999999,0.0673,-0.0001,-0.0058,0.054400000000000004,0.013600000000000001,0.0206,0.042699999999999995,0.060599999999999994,0.0843,0.036699999999999997,0.0147,0.0006,0.0645,-0.018500000000000003,-0.07139999999999999,0.046799999999999994,0.2647,0.1155,-0.0058,0.11960000000000001,-0.0168,0.0139,-0.0733,0.0106,0.039900000000000005,0.0592,-0.0073,0.018000000000000002,0.0623,0.0078000000000000005,-0.0218,0.0158,0.0191,0.041100000000000005,-0.015,-0.0562,0.013999999999999999,0.0022,0.0444
1987-04-30,-0.0219,-0.0548,-0.06849999999999999,0.043,-0.029300000000000003,0.0613,0.006,-0.030600000000000002,-0.024,-0.04650000000000001,-0.06480000000000001,-0.027200000000000002,-0.0189,0.0121,-0.026699999999999998,0.0616,-0.031200000000000002,-0.0746,0.0313,-0.092,0.001,-0.0060999999999999995,0.0803,-0.1065,-0.0958,0.0204,0.0426,0.0403,-0.0113,0.0013,-0.0433,-0.024700000000000003,-0.045599999999999995,-0.0344,0.06480000000000001,0.051399999999999994,0.0111,0.005600000000000001,-0.0322,-0.030899999999999997,-0.013000000000000001,-0.0425,-0.0242,-0.0084,-0.0398,-0.0662,-0.045700000000000005,-0.0463,-0.0425
1987-05-31,-0.0038,0.0387,0.0331,-0.0461,0.012199999999999999,-0.0338,0.015,0.047,0.0134,-0.013600000000000001,0.0344,-0.0036,0.013300000000000001,0.0066,0.0308,0.0867,-0.0273,-0.0137,0.0437,-0.009000000000000001,0.0347,-0.0025,-0.0219,0.0058,-0.0008,-0.0006,-0.0708,-0.013000000000000001,0.0466,0.03,-0.018500000000000003,0.0329,-0.0417,0.0166,-0.0059,0.053399999999999996,-0.023399999999999997,0.0922,-0.0559,-0.0076,0.0712,-0.006999999999999999,0.0054,-0.0007000000000000001,-0.012199999999999999,-0.0189,-0.0189,-0.0005,0.10550000000000001
1987-06-30,0.0449,0.07719999999999999,0.046900000000000004,0.021099999999999997,0.057800000000000004,-0.0098,0.08410000000000001,0.0837,0.052199999999999996,0.09519999999999999,0.0613,0.0546,0.044800000000000006,0.050300000000000004,0.024300000000000002,0.0060999999999999995,0.062400000000000004,0.0206,0.0356,-0.0064,0.0382,0.043,0.020499999999999997,0.0536,0.0412,0.0313,-0.044199999999999996,0.0039000000000000003,0.0189,0.0587,0.034,0.0695,0.07429999999999999,0.0482,0.0023,-0.0698,0.023399999999999997,-0.0351,0.049400000000000006,0.0904,0.0553,0.0369,0.075,0.0209,0.0593,0.0575,0.0425,0.042800000000000005,-0.019
1987-07-31,-0.0334,0.0194,0.0629,0.0837,0.0928,0.0437,0.0689,0.0909,0.050499999999999996,0.0499,0.048799999999999996,0.0207,0.0666,0.055999999999999994,0.0506,0.044500000000000005,0.0771,0.041100000000000005,0.1942,0.04650000000000001,0.11789999999999999,0.046900000000000004,0.0644,0.11539999999999999,0.0521,0.0458,0.2118,0.1551,0.054299999999999994,0.0317,-0.0167,0.0584,0.0165,0.0294,-0.0006,-0.0323,0.0552,0.018799999999999997,0.0436,0.042800000000000005,0.04190000000000001,0.0461,0.0668,0.0268,-0.0006,0.011000000000000001,0.0424,0.0315,0.0978
1987-08-31,0.024,0.023,0.0484,0.0213,0.1863,0.08869999999999999,0.038900000000000004,-0.006,0.055099999999999996,0.0101,-0.0337,0.0519,0.023700000000000002,0.025,0.045,-0.0179,0.026699999999999998,-0.0046,-0.0433,0.0596,0.011899999999999999,0.0472,0.048499999999999995,0.0104,0.0088,0.026000000000000002,0.0195,-0.0581,0.0554,0.019,0.0371,0.0508,0.057800000000000004,0.0378,0.077,0.1182,0.0575,0.0679,0.066,0.0675,0.0001,0.023399999999999997,0.0336,0.0253,0.046799999999999994,0.0882,0.0305,0.050199999999999995,0.02
1987-09-30,-0.0012,-0.037000000000000005,-0.015600000000000001,0.0079,0.0036,-0.0203,-0.0219,-0.0296,-0.0103,-0.0817,-0.028399999999999998,-0.046,-0.021400000000000002,-0.0039000000000000003,-0.0086,-0.0086,-0.006500000000000001,-0.024300000000000002,0.0405,-0.011200000000000002,0.0388,0.022099999999999998,-0.0662,-0.024399999999999998,-0.0069,-0.0275,0.0548,0.0493,-0.058600000000000006,-0.0384,-0.0231,0.0334,-0.042199999999999994,0.011699999999999999,-0.06309999999999999,0.0359,0.0187,0.0316,0.003,0.0137,-0.02,-0.0342,-0.0713,-0.0472,-0.047599999999999996,-0.0217,0.0067,-0.0128,-0.041100000000000005
1987-10-31,-0.2676,-0.1776,-0.15960000000000002,-0.1813,-0.21789999999999998,-0.33399999999999996,-0.31920000000000004,-0.2257,-0.2162,-0.3091,-0.3157,-0.1934,-0.1911,-0.2796,-0.3041,-0.32630000000000003,-0.2784,-0.3166,-0.3066,-0.2644,-0.3164,-0.3207,-0.27440000000000003,-0.3019,-0.32280000000000003,-0.275,-0.30870000000000003,-0.33240000000000003,-0.30260000000000004,-0.18739999999999998,-0.0693,-0.1216,-0.2823,-0.2762,-0.2379,-0.272,-0.2733,-0.3013,-0.263,-0.2833,-0.284,-0.2875,-0.2889,-0.2364,-0.225,-0.1685,-0.2275,-0.22820000000000001,-0.26940000000000003
1987-11-30,-0.0242,-0.08109999999999999,-0.08289999999999999,-0.0481,-0.0825,-0.1114,-0.0649,-0.0791,-0.1033,-0.1217,-0.0591,-0.0691,-0.10099999999999999,-0.056799999999999996,-0.0562,-0.051699999999999996,-0.0421,-0.0978,0.025699999999999997,0.011899999999999999,-0.0134,-0.0666,-0.0583,-0.09380000000000001,-0.0683,-0.0118,0.1991,-0.009300000000000001,-0.0287,-0.1073,-0.0255,-0.08900000000000001,-0.1116,-0.0764,-0.0965,-0.1151,-0.1074,-0.0922,-0.0329,-0.0287,-0.0771,-0.0453,-0.0956,-0.0687,-0.0795,-0.0849,-0.0825,-0.0605,-0.09269999999999999
1987-12-31,0.0621,0.0764,0.0499,0.1277,0.042800000000000005,0.1698,0.11720000000000001,0.0866,0.0719,0.07780000000000001,0.049400000000000006,0.0638,0.052000000000000005,0.1463,0.1483,0.1369,0.08839999999999999,0.0679,0.10640000000000001,0.0704,0.11630000000000001,0.1351,0.0959,0.0545,0.1329,0.037200000000000004,-0.0088,0.096,0.1094,0.0672,0.005600000000000001,0.0391,0.1765,0.12710000000000002,0.0862,0.22519999999999998,0.1359,0.2082,0.1048,0.11289999999999999,0.0711,0.10490000000000001,0.08,0.0819,0.0499,0.0276,0.028399999999999998,0.0342,0.1429
1988-01-31,0.0327,0.0415,0.0189,-0.0031,0.0297,-0.061,0.02,0.018799999999999997,0.0105,0.0828,0.0286,0.0557,0.069,-0.0231,0.021,0.0143,0.0331,0.0594,-0.0341,0.0053,0.022099999999999998,-0.002,0.06860000000000001,0.1454,0.07490000000000001,0.11359999999999999,-0.16649999999999998,-0.0363,0.0015,0.0851,0.0977,0.1003,0.029300000000000003,0.0007000000000000001,-0.0294,-0.0629,-0.011200000000000002,-0.013000000000000001,-0.0227,-0.04019999999999999,0.0414,0.0338,0.0707,0.0436,0.11320000000000001,0.0834,0.0298,0.0827,-0.0064
1988-02-29,0.013300000000000001,0.054400000000000004,0.0173,0.0556,0.0613,0.1033,0.1041,0.065,0.0296,0.1174,0.0274,0.0688,0.0387,0.0825,0.069,0.22690000000000002,0.1191,0.1476,0.09630000000000001,0.0454,0.11130000000000001,0.076,0.0788,0.0512,0.0385,0.0301,0.0849,0.07919999999999999,0.08900000000000001,0.0356,-0.0141,0.0124,0.0644,0.0677,0.0682,0.07440000000000001,0.0787,0.0965,0.1158,0.0381,0.08710000000000001,0.0836,0.1192,0.0587,0.0337,0.005600000000000001,0.0528,0.042,0.025
1988-03-31,0.0478,-0.0098,0.001,0.0068000000000000005,-0.0346,-0.019,-0.0404,-0.0479,-0.0617,-0.0049,0.09720000000000001,-0.021400000000000002,-0.0381,-0.02,0.024,0.08800000000000001,0.0151,-0.0021,-0.0352,0.065,0.0444,-0.042,0.015300000000000001,-0.0046,0.032,-0.0209,0.0323,0.1231,0.051699999999999996,0.026000000000000002,-0.0318,-0.039599999999999996,-0.0182,-0.0038,-0.07780000000000001,-0.019,-0.0144,0.0044,-0.0462,-0.009000000000000001,0.037200000000000004,0.0236,-0.013600000000000001,-0.0191,-0.0391,-0.0315,0.0252,-0.0192,-0.013600000000000001
1988-04-30,-0.045899999999999996,0.0085,-0.0016,-0.0232,-0.0006,0.0415,0.0219,-0.0076,0.0024,-0.0011,0.0046,-0.033,-0.0204,0.0178,0.0184,0.0008,0.016200000000000003,0.0015,0.056799999999999996,0.051100000000000007,0.023399999999999997,0.0138,0.033,0.014499999999999999,0.0506,0.033,-0.011200000000000002,0.0258,0.061399999999999996,0.0461,-0.003,0.0074,-0.0373,-0.0063,0.0391,0.006,0.0212,0.0008,0.0095,0.0128,-0.0168,0.0076,0.0219,0.0033,0.0043,-0.015600000000000001,0.053099999999999994,-0.0063,-0.0215
1988-05-31,-0.011699999999999999,0.0044,0.0058,-0.0239,-0.0384,0.0070999999999999995,-0.014499999999999999,0.0105,0.018500000000000003,-0.0208,0.005600000000000001,0.0051,-0.0066,-0.021,-0.011200000000000002,0.024300000000000002,-0.0141,-0.0087,-0.0059,-0.0354,-0.0048,-0.0106,0.0086,0.024700000000000003,-0.0054,-0.0118,0.0613,-0.0191,-0.0008,-0.0040999999999999995,0.0362,0.023399999999999997,-0.0471,-0.019799999999999998,-0.0074,-0.0103,-0.0092,-0.0528,-0.0199,0.018000000000000002,-0.015300000000000001,-0.018000000000000002,-0.014499999999999999,-0.0062,0.030899999999999997,0.021,0.0085,0.0147,-0.0245
1988-06-30,0.12789999999999999,-0.0076,0.0401,0.091,0.0195,0.12,0.065,0.057300000000000004,0.042,0.07400000000000001,0.0553,0.0444,0.021,0.09630000000000001,0.0695,0.0381,0.0875,0.1333,0.0643,0.0608,0.0587,0.0859,0.0765,0.0554,-0.0084,0.0479,-0.0006,0.0259,0.0028000000000000004,-0.021099999999999997,0.0323,0.0291,0.07339999999999999,0.0626,0.1119,0.1186,0.07429999999999999,0.022799999999999997,0.1462,0.0816,0.1128,0.0731,0.0676,0.055999999999999994,0.0755,0.0321,0.0397,0.0591,0.0728
1988-07-31,-0.0315,0.0342,-0.036000000000000004,-0.0294,0.06559999999999999,-0.0222,-0.0036,0.0003,0.0184,-0.0768,-0.046900000000000004,-0.002,0.0116,-0.0385,-0.0149,0.0027,-0.0336,-0.0097,0.013600000000000001,0.0106,-0.029300000000000003,-0.0391,-0.005,0.0016,-0.0504,-0.0276,-0.003,-0.0327,-0.0351,0.036699999999999997,-0.0022,0.0015,-0.0436,-0.0098,-0.0499,-0.059800000000000006,-0.044199999999999996,-0.061200000000000004,-0.0323,0.0015,-0.0269,-0.0246,-0.0038,-0.0182,0.0019,0.0043,0.0053,0.0008,-0.023
1988-08-31,-0.0031,0.0104,-0.056299999999999996,0.013000000000000001,-0.0015,-0.0613,-0.0298,-0.0308,-0.0256,-0.0021,-0.0479,0.0077,-0.0092,-0.042199999999999994,-0.0661,-0.030899999999999997,-0.037000000000000005,-0.039,-0.050300000000000004,0.0369,-0.0591,-0.063,-0.06559999999999999,-0.032799999999999996,-0.0638,-0.0678,-0.0572,-0.0176,-0.0509,-0.0146,-0.0012,-0.028999999999999998,-0.0345,-0.0401,-0.0911,-0.0716,-0.07150000000000001,-0.039599999999999996,-0.0382,-0.018500000000000003,-0.025099999999999997,-0.0218,-0.023,-0.0297,-0.0141,0.021,-0.03,-0.0028000000000000004,0.0148
1988-09-30,0.0248,0.0558,0.015600000000000001,0.1014,0.08289999999999999,0.050499999999999996,0.026000000000000002,0.0709,0.044500000000000005,0.0155,0.08560000000000001,-0.0014000000000000002,0.0375,0.0208,0.0533,0.0341,-0.0040999999999999995,0.0124,0.006999999999999999,0.0365,0.020099999999999996,0.0616,0.0381,0.0604,-0.0383,0.042199999999999994,-0.0579,0.0235,0.0356,-0.0253,0.026699999999999998,0.0707,0.011000000000000001,0.0495,0.031200000000000002,0.058499999999999996,0.0192,0.0024,0.0355,0.0255,0.0716,0.0405,0.0897,0.1007,0.039,0.051100000000000007,0.024399999999999998,0.0204,0.1144
1988-10-31,0.0098,0.1942,0.0339,0.0042,0.0039000000000000003,0.0015,0.0207,0.015700000000000002,0.0236,0.0424,0.018799999999999997,-0.0259,0.0165,0.0104,-0.013500000000000002,0.016200000000000003,0.0029,-0.0131,0.044000000000000004,0.035,-0.0064,-0.008,0.044000000000000004,0.0161,-0.0034999999999999996,0.025699999999999997,-0.0125,0.0121,0.0199,0.0189,0.025099999999999997,0.0297,0.0067,0.0115,0.0141,-0.0542,-0.0155,-0.0196,-0.0115,0.0639,0.0138,-0.0059,0.0217,-0.0042,-0.006,0.0012,0.005699999999999999,0.0001,-0.0437
1988-11-30,-0.008,-0.0072,0.004,-0.0004,0.0176,-0.0378,-0.0447,-0.0382,-0.042800000000000005,-0.0725,-0.049400000000000006,-0.048499999999999995,-0.015600000000000001,-0.0254,-0.0315,-0.0601,-0.0336,0.0027,-0.0209,-0.028999999999999998,-0.0064,0.0141,-0.0006,-0.0305,-0.0433,-0.048,0.0388,-0.0258,-0.059800000000000006,-0.0023,-0.005,0.0005,-0.0429,-0.0315,-0.0292,-0.0068000000000000005,-0.0404,-0.033,-0.024399999999999998,0.0175,0.0034000000000000002,-0.0351,-0.026000000000000002,-0.016,-0.026099999999999998,-0.031,-0.0146,-0.018600000000000002,-0.0265
1988-12-31,0.061399999999999996,0.023399999999999997,0.1002,0.0054,0.08449999999999999,0.051699999999999996,0.0478,0.0291,0.031400000000000004,0.0455,0.0286,0.030600000000000002,0.0152,0.049400000000000006,0.049,0.0751,0.0315,0.0501,0.042300000000000004,0.0123,0.0315,0.0168,-0.0045000000000000005,-0.0029,0.034300000000000004,-0.0151,-0.0454,0.0475,0.0176,0.0183,0.0104,0.0125,0.0308,0.0174,0.0461,0.08349999999999999,0.0358,0.0435,0.0353,0.035699999999999996,0.0291,0.0356,0.01,0.031,-0.009300000000000001,0.0060999999999999995,0.0168,0.0003,0.0436
1989-01-31,0.0308,0.0507,0.064,0.052199999999999996,0.0513,0.1002,0.0901,0.0721,0.056100000000000004,0.0516,0.0848,0.0526,0.0682,0.10439999999999999,0.04,0.09029999999999999,0.0658,0.0529,0.1183,0.0438,0.0409,0.07690000000000001,0.0837,0.0593,0.059800000000000006,0.0591,-0.0058,0.0481,0.16579999999999998,0.0616,0.026699999999999998,0.0836,0.049,0.0653,0.0757,0.08439999999999999,0.0633,0.0241,0.0675,0.0296,0.0951,0.0574,0.063,0.051100000000000007,0.0653,0.0678,0.0414,0.0724,0.053
1989-02-28,-0.0064,-0.0206,-0.0365,0.0005,-0.0070999999999999995,0.042300000000000004,0.0037,-0.031,-0.0101,0.0187,0.0359,-0.0209,-0.016,-0.0225,0.0132,0.06570000000000001,0.0199,-0.024,-0.0356,0.0294,-0.016,-0.04769999999999999,-0.0455,-0.0086,0.0449,0.0467,0.10220000000000001,-0.0149,-0.0092,-0.0129,-0.0178,-0.0137,-0.025699999999999997,-0.0226,-0.0455,-0.0235,-0.0296,-0.006,-0.028999999999999998,-0.0431,-0.0058,-0.0256,-0.017,-0.0184,-0.0066,0.0004,-0.0039000000000000003,-0.0063,-0.0342
1989-03-31,0.0313,0.0443,0.0353,0.0781,0.1025,0.0728,0.08,0.0341,0.0036,0.07400000000000001,0.058600000000000006,0.029900000000000003,0.050199999999999995,0.0258,0.0231,0.0576,0.0151,0.02,-0.0189,0.0222,0.0167,-0.0101,-0.0263,0.039,0.0031,0.0014000000000000002,-0.0461,0.0111,0.0332,0.038900000000000004,0.0055000000000000005,0.0529,0.0086,-0.0051,-0.08220000000000001,-0.025099999999999997,-0.0113,0.009399999999999999,0.0042,0.0275,-0.0105,0.0148,0.0304,0.0259,0.057800000000000004,0.0495,0.013600000000000001,0.0292,0.0362
1989-04-30,0.0501,0.055,0.0095,0.0693,0.049800000000000004,0.0484,0.084,0.0721,0.0562,0.0347,0.0748,0.0711,0.051,0.048499999999999995,0.0552,0.0501,0.0667,0.0421,0.0339,0.0728,0.043,0.0781,-0.004699999999999999,0.044199999999999996,0.07519999999999999,0.0019,-0.057699999999999994,0.0403,0.0786,0.024399999999999998,0.0397,0.09539999999999998,0.0168,0.0658,0.04190000000000001,0.0866,0.0592,0.073,0.057800000000000004,0.0040999999999999995,0.0567,0.0424,0.0567,0.0742,0.0373,0.04650000000000001,0.0048,0.0302,0.0746
1989-05-31,0.0274,0.038,0.04769999999999999,0.0892,0.07490000000000001,0.0768,0.0519,0.0172,0.018000000000000002,0.054299999999999994,0.025099999999999997,0.059000000000000004,0.0317,0.0083,0.0265,0.0245,0.031,0.054299999999999994,0.0116,0.0483,0.0506,0.1158,0.0144,0.0245,0.032,0.031,-0.07629999999999999,0.0111,-0.0069,0.0274,0.0528,0.0592,0.0524,0.054900000000000004,0.004699999999999999,0.0592,0.051399999999999994,0.0362,0.025699999999999997,0.0713,0.0317,0.035,0.0538,0.10710000000000001,0.063,0.0248,0.0222,0.022000000000000002,0.08130000000000001
1989-06-30,-0.0168,0.0269,-0.051100000000000007,-0.014499999999999999,0.0025,0.0795,0.0347,0.056799999999999996,0.018500000000000003,-0.0121,0.0115,-0.043899999999999995,-0.031200000000000002,-0.0282,-0.018799999999999997,-0.013500000000000002,-0.0207,0.027200000000000002,-0.0385,-0.005699999999999999,-0.0341,-0.0431,0.006500000000000001,-0.0453,-0.053200000000000004,-0.0187,0.0925,-0.0374,-0.0121,-0.0101,0.0342,0.0018,-0.011200000000000002,0.0062,-0.0226,-0.0687,-0.0393,-0.0393,-0.0395,-0.0323,-0.0128,-0.0177,-0.0252,0.015700000000000002,0.0018,0.022000000000000002,-0.0019,0.005,-0.016200000000000003
1989-07-31,0.1654,0.1263,0.0359,0.16649999999999998,0.1432,0.10210000000000001,0.0828,0.060599999999999994,0.0722,0.0916,0.105,0.0885,0.1442,0.0669,0.0825,0.0722,0.0987,0.07980000000000001,0.0663,0.0432,0.0727,0.1105,0.0429,0.0738,-0.013600000000000001,0.0513,-0.022099999999999998,0.019,0.025699999999999997,0.0378,0.0581,0.0913,0.0556,0.053099999999999994,0.0226,0.0148,0.0441,0.0617,0.0731,0.10769999999999999,0.079,0.0584,0.10439999999999999,0.08410000000000001,0.07730000000000001,0.0932,-0.0044,0.0728,0.1264
1989-08-31,-0.047,-0.0447,-0.0616,-0.04190000000000001,0.026000000000000002,-0.0167,0.0313,-0.0121,0.0246,0.0527,0.0235,0.0296,-0.0009,0.07139999999999999,0.0334,0.0298,0.0233,0.053,0.0797,0.015600000000000001,0.0346,0.0,0.0805,0.032,-0.0059,0.044500000000000005,0.062400000000000004,0.0897,0.07400000000000001,0.035,-0.008,0.008,0.0086,0.0134,0.028300000000000002,0.0341,0.011399999999999999,0.011000000000000001,0.057,0.056299999999999996,0.12380000000000001,0.0166,0.0366,-0.0052,0.0144,0.0208,0.0054,0.030899999999999997,0.0089
1989-09-30,-0.0034000000000000002,-0.0096,0.032,0.015,0.0084,0.0032,0.0276,-0.0282,-0.0407,0.0381,-0.0037,0.0108,0.0275,-0.0341,-0.0129,-0.029300000000000003,-0.014499999999999999,-0.0263,-0.0242,-0.0268,-0.0229,-0.0141,-0.057,-0.008,0.0027,-0.0165,0.061399999999999996,-0.012199999999999999,0.0068000000000000005,0.013600000000000001,0.0048,0.0403,-0.0269,0.0025,-0.056600000000000004,0.0269,0.013300000000000001,-0.0333,-0.039900000000000005,-0.053,-0.04019999999999999,-0.0197,-0.028300000000000002,-0.0042,0.0282,0.0263,-0.0139,-0.0017000000000000001,0.08800000000000001
1989-10-31,-0.10099999999999999,-0.0258,-0.0864,0.0166,0.0197,-0.0335,-0.0207,-0.07980000000000001,-0.0151,-0.0542,-0.0075,-0.0248,0.0083,-0.0584,-0.060899999999999996,-0.0596,-0.0758,-0.0872,-0.09210000000000002,-0.0424,-0.0541,-0.028900000000000002,-0.0659,-0.047,-0.1368,-0.0199,0.029900000000000003,-0.0696,-0.0524,0.0078000000000000005,0.0101,-0.0196,-0.0926,-0.04769999999999999,-0.0513,-0.0125,-0.0335,-0.0839,-0.0276,-0.027999999999999997,-0.1047,-0.0454,-0.0437,-0.0273,-0.0861,0.0158,-0.0799,-0.0414,-0.0325
1989-11-30,0.0424,0.0368,-0.0074,0.0375,-0.0028000000000000004,-0.0068000000000000005,0.023399999999999997,-0.01,0.011000000000000001,-0.019799999999999998,0.0239,0.0559,0.0463,0.024900000000000002,0.0143,0.015300000000000001,0.0222,0.062,0.023399999999999997,-0.0421,0.0525,0.09519999999999999,-0.0194,-0.0024,-0.08199999999999999,-0.1137,0.1491,0.031,0.0637,0.0398,0.032400000000000005,0.021099999999999997,0.019799999999999998,-0.0377,-0.022099999999999998,0.0209,-0.0462,-0.0054,0.0316,0.0354,-0.0052,0.0049,0.0098,0.0177,-0.028300000000000002,0.0258,-0.0187,-0.014199999999999999,-0.006
1989-12-31,0.0123,0.0366,0.0149,0.016,-0.0049,0.0005,-0.0883,-0.0005,0.022799999999999997,-0.0189,0.0591,0.0143,0.0055000000000000005,0.0426,0.0378,0.0038,-0.0078000000000000005,0.0322,0.0059,0.0281,0.0182,0.039900000000000005,-0.023799999999999998,-0.0004,-0.0405,0.0875,0.010700000000000001,0.0297,0.0338,0.0602,0.048,0.058499999999999996,-0.0058,0.0279,-0.0296,0.0181,0.0137,0.0336,0.0346,0.0537,0.0262,0.031,0.0058,-0.0060999999999999995,-0.028900000000000002,-0.0216,-0.005600000000000001,-0.0252,0.0528
1990-01-31,-0.11460000000000001,-0.1023,-0.10619999999999999,-0.0902,-0.08650000000000001,-0.0355,-0.1069,-0.0934,-0.0779,-0.094,-0.1536,-0.09570000000000001,-0.0623,-0.07339999999999999,-0.1005,-0.1017,-0.07919999999999999,-0.0058,-0.08779999999999999,-0.0084,-0.0352,-0.0383,-0.0339,-0.04,-0.1422,-0.0355,0.079,-0.039599999999999996,-0.0304,-0.042800000000000005,-0.0535,-0.1304,-0.10710000000000001,-0.0724,0.0104,-0.0436,-0.0317,-0.0855,-0.07919999999999999,-0.0489,-0.0848,-0.0766,-0.055999999999999994,-0.1252,-0.0962,-0.1058,-0.0736,-0.0782,-0.0977
1990-02-28,0.09140000000000001,-0.009300000000000001,-0.0092,0.0048,-0.0256,0.0021,0.0189,-0.0018,0.0014000000000000002,0.0197,-0.015,0.0171,-0.026099999999999998,0.025699999999999997,0.0464,0.019799999999999998,0.0256,0.0719,0.0332,0.0321,0.0526,0.0176,0.061200000000000004,0.0454,-0.0873,-0.026699999999999998,-0.0216,0.049100000000000005,0.0721,0.030899999999999997,0.0021,-0.0026,0.031400000000000004,0.0229,0.043,0.0634,0.023799999999999998,0.0069,0.0161,0.0447,0.0576,0.0233,0.0209,0.0045000000000000005,0.038,0.0138,0.0014000000000000002,0.0098,0.0223
1990-03-31,0.0273,0.0528,0.0989,0.0622,0.06849999999999999,0.0704,0.0111,-0.006500000000000001,0.0415,0.0754,0.054400000000000004,0.032400000000000005,0.0373,0.0143,0.0664,0.0231,0.0481,0.0106,0.0629,0.041299999999999996,0.0368,0.0412,0.0356,0.0823,0.1505,0.0337,-0.0915,0.0452,0.0557,-0.0062,-0.0075,0.042199999999999994,0.0493,0.0329,0.0371,0.0815,0.048600000000000004,0.0564,0.021400000000000002,0.0409,0.0285,0.0338,0.060599999999999994,-0.0032,-0.0301,0.0009,0.0126,-0.0216,0.0484
1990-04-30,-0.0202,-0.0001,-0.0475,0.0232,0.04769999999999999,-0.06480000000000001,0.0123,-0.0695,-0.019,-0.0113,-0.0137,-0.0274,0.009000000000000001,-0.0345,-0.04650000000000001,-0.0259,-0.026699999999999998,-0.0564,-0.0702,-0.0091,-0.0254,-0.0072,-0.0453,-0.055999999999999994,0.0196,0.0003,-0.11810000000000001,-0.0182,-0.0911,-0.0354,-0.0552,-0.0329,-0.0037,-0.025,-0.0003,-0.0355,-0.0482,-0.0362,-0.0319,0.0143,-0.0398,-0.0219,-0.0168,-0.053200000000000004,-0.0431,-0.044800000000000006,-0.0358,-0.0335,0.0362
1990-05-31,0.013999999999999999,0.0922,0.0837,0.1592,0.011200000000000002,0.1284,0.1326,0.1042,0.09849999999999999,0.07719999999999999,0.14980000000000002,0.1377,0.1251,0.0738,0.0825,0.0416,0.0842,0.1338,0.0738,0.1014,0.0584,0.09960000000000001,0.0805,0.1074,0.013300000000000001,0.09570000000000001,0.0977,0.0342,0.1318,0.0601,0.054299999999999994,0.092,0.1073,0.0713,0.1161,0.1848,0.12179999999999999,0.098,0.0604,0.048799999999999996,0.046,0.09,0.1188,0.1306,0.10550000000000001,0.1051,0.0034999999999999996,0.044000000000000004,0.1164
1990-06-30,-0.0611,0.0281,0.0015,0.0102,0.0915,-0.050199999999999995,-0.0375,-0.022400000000000003,0.020099999999999996,-0.0213,0.0545,0.043899999999999995,0.0434,-0.0226,0.0138,-0.048600000000000004,-0.0294,-0.0323,-0.0146,0.0547,-0.023799999999999998,0.0002,-0.029300000000000003,0.0033,0.041299999999999996,-0.0223,-0.0704,-0.029900000000000003,-0.0666,-0.0202,0.0075,-0.047400000000000005,0.040999999999999995,0.0191,-0.0195,0.0329,-0.035,0.0321,0.0046,-0.0518,-0.0159,0.0027,0.0169,0.0116,-0.0365,-0.0066,-0.0066,-0.0063,0.0282
1990-07-31,0.0688,0.004,0.0131,0.0001,0.0564,-0.0902,-0.07719999999999999,-0.0553,-0.0183,-0.049699999999999994,-0.0017000000000000001,-0.0007000000000000001,0.0326,0.0087,-0.011399999999999999,-0.012,0.0194,0.0268,0.0571,-0.032799999999999996,-0.0178,0.0154,-0.027000000000000003,-0.0271,-0.0425,-0.0695,0.1209,0.0725,-0.009000000000000001,0.0837,0.009000000000000001,-0.044199999999999996,-0.0417,-0.0321,-0.0688,-0.1553,-0.06,-0.039599999999999996,0.0159,-0.0084,-0.024700000000000003,-0.0414,-0.0371,-0.0733,-0.07629999999999999,-0.0123,-0.0808,-0.055,-0.0155
1990-08-31,-0.0924,-0.0704,-0.1036,-0.049,-0.030600000000000002,-0.1477,-0.1536,-0.0935,-0.0906,-0.1666,-0.078,-0.0724,-0.0649,-0.129,-0.135,-0.14029999999999998,-0.1226,-0.1282,-0.10220000000000001,-0.1232,-0.1321,-0.13470000000000001,-0.1458,-0.133,-0.09539999999999998,-0.0915,-0.0593,-0.08449999999999999,-0.11019999999999999,-0.0124,-0.0664,-0.1038,-0.111,-0.0909,-0.1211,-0.1153,-0.1267,-0.11470000000000001,-0.1127,-0.0888,-0.1292,-0.09699999999999999,-0.1268,-0.1249,-0.11460000000000001,-0.1051,-0.1219,-0.1096,-0.10800000000000001
1990-09-30,-0.1364,-0.0103,-0.1036,-0.0666,0.009300000000000001,-0.08560000000000001,-0.0348,-0.0617,-0.0747,-0.1294,-0.0608,-0.0241,-0.044000000000000004,-0.0665,-0.0622,-0.1704,-0.1024,-0.0672,-0.061399999999999996,-0.1697,-0.095,-0.10099999999999999,-0.1107,-0.1017,-0.0416,0.0073,-0.0083,-0.038900000000000004,0.0344,-0.0165,0.0048,0.0182,-0.12210000000000001,-0.0583,-0.0587,-0.09480000000000001,-0.0559,-0.10529999999999999,-0.07490000000000001,-0.051100000000000007,-0.0776,-0.0521,-0.09359999999999999,-0.1243,-0.1255,-0.1065,-0.09480000000000001,-0.1075,-0.1207
1990-10-31,-0.0273,0.0327,0.049400000000000006,0.0751,0.0644,-0.0143,-0.013600000000000001,-0.038900000000000004,0.0199,-0.0719,-0.0134,0.0091,0.0176,0.005600000000000001,-0.0587,-0.1099,-0.0409,-0.1101,-0.1142,0.008199999999999999,-0.109,-0.0302,-0.027200000000000002,0.031200000000000002,-0.19469999999999998,-0.0042,-0.1734,-0.1548,-0.095,-0.0394,0.0722,0.0302,-0.0259,-0.04190000000000001,-0.0359,0.0024,-0.053399999999999996,0.0060999999999999995,-0.0034999999999999996,0.0173,-0.025099999999999997,-0.036000000000000004,-0.0304,-0.036699999999999997,-0.09140000000000001,-0.054299999999999994,-0.07429999999999999,-0.0694,-0.030899999999999997
1990-11-30,0.0825,0.0525,0.09849999999999999,0.0526,0.0797,0.0987,0.1244,0.10779999999999999,0.0756,0.1551,0.08220000000000001,0.12480000000000001,0.09480000000000001,0.10099999999999999,0.1056,0.0851,0.0703,0.1092,0.029300000000000003,0.12359999999999999,0.08800000000000001,0.0638,0.029500000000000002,0.021400000000000002,0.0783,0.10099999999999999,-0.0518,0.0572,-0.0443,0.016399999999999998,0.0231,0.0212,0.06559999999999999,0.0696,0.12240000000000001,0.1573,0.061900000000000004,0.0911,0.0716,0.036699999999999997,0.0546,0.0617,0.1175,0.08529999999999999,0.16210000000000002,0.1553,0.0342,0.0779,-0.030699999999999998
1990-12-31,-0.0216,0.0489,0.0264,0.0236,0.0536,0.0212,0.0279,0.056900000000000006,0.0332,0.079,0.0279,0.037000000000000005,0.0277,0.0342,0.056100000000000004,0.0833,0.052199999999999996,-0.01,0.0795,0.0032,0.052000000000000005,0.0552,-0.0125,0.039,0.0394,0.051500000000000004,0.1495,0.0033,0.0209,-0.0206,0.0079,0.0151,0.0616,0.0506,0.041100000000000005,0.0513,0.0395,0.0318,0.0689,0.062400000000000004,0.0527,0.0451,0.0288,0.049800000000000004,0.075,0.051500000000000004,0.0241,0.0219,0.0707
1991-01-31,0.06860000000000001,0.0305,0.0558,0.04650000000000001,0.0268,0.1185,0.042699999999999995,0.09380000000000001,0.0079,0.1827,0.1081,0.0931,0.037599999999999995,0.0567,0.0696,0.1106,0.10460000000000001,0.07139999999999999,0.0817,0.10529999999999999,0.0603,0.11560000000000001,0.0737,0.06709999999999999,0.0163,0.0708,-0.1661,0.0848,-0.039,-0.0203,-0.0137,0.0002,0.0533,0.0944,0.1548,0.1991,0.12710000000000002,0.0947,0.0471,0.122,0.1241,0.0344,0.11720000000000001,0.0108,0.08289999999999999,0.06280000000000001,0.0374,0.0732,0.125
1991-02-28,0.1048,0.1204,0.07400000000000001,0.10869999999999999,0.07719999999999999,0.1765,0.1017,0.0317,0.0625,0.1578,0.0785,0.09720000000000001,0.1041,0.0605,0.060899999999999996,0.1191,0.0702,0.22510000000000002,0.0668,0.06570000000000001,0.07629999999999999,0.0707,0.10490000000000001,0.0151,0.09820000000000001,-0.0147,0.0594,0.1183,0.1317,0.08539999999999999,0.0484,0.030299999999999997,0.0803,0.0487,0.0509,0.061399999999999996,0.0559,0.16399999999999998,0.0518,0.0552,0.055999999999999994,0.0868,0.07690000000000001,0.1573,0.12380000000000001,0.09210000000000002,0.0554,0.1155,0.0682
1991-03-31,0.0242,0.0616,0.0605,0.057,0.0137,0.0438,-0.023,0.0051,0.0414,0.0462,0.1217,0.09,0.054000000000000006,-0.0025,0.0834,0.034300000000000004,0.0288,-0.0622,0.0052,0.045700000000000005,-0.0215,0.022000000000000002,-0.0055000000000000005,0.0024,-0.0013,0.0625,-0.022000000000000002,-0.0004,-0.036699999999999997,0.0132,0.0172,0.023,0.0403,0.0521,-0.029900000000000003,0.048799999999999996,0.0437,0.0304,0.0088,0.085,-0.0189,0.0313,0.09380000000000001,0.09720000000000001,0.0479,0.0528,0.1333,0.0949,-0.038
1991-04-30,-0.0054,-0.0088,-0.0178,-0.04019999999999999,-0.0348,0.0305,-0.0365,0.0308,-0.014499999999999999,0.015,-0.019799999999999998,-0.0227,-0.0101,0.0331,0.0108,0.0275,0.0060999999999999995,-0.0421,-0.0013,0.0022,-0.0285,0.0097,-0.0273,-0.0064,0.0666,-0.0131,-0.013999999999999999,0.0344,0.06,0.0239,-0.0005,0.0113,-0.0044,0.0077,-0.0562,-0.0239,0.0242,-0.0039000000000000003,0.0216,0.0002,0.0379,0.018600000000000002,0.026099999999999998,-0.0178,0.060700000000000004,-0.018799999999999997,-0.025099999999999997,0.0105,0.0002
1991-05-31,0.1066,0.0265,0.029900000000000003,0.0383,0.039599999999999996,0.042699999999999995,0.038900000000000004,0.045599999999999995,0.04,0.0235,0.0587,0.0537,0.0424,0.1003,0.062400000000000004,0.045700000000000005,0.07690000000000001,0.0473,0.0424,0.0678,0.0848,0.10460000000000001,0.1611,0.0625,-0.0663,0.0403,0.0382,-0.006999999999999999,-0.0735,-0.0139,0.0015,-0.0146,0.0928,0.0255,0.020099999999999996,0.060599999999999994,0.061,0.0576,0.09449999999999999,0.055,0.07919999999999999,0.06509999999999999,0.0825,0.06280000000000001,0.0704,0.0262,0.0038,0.04,0.042699999999999995
1991-06-30,-0.0518,-0.0415,-0.0633,-0.0575,-0.0637,-0.0546,-0.0412,-0.0707,-0.0754,-0.0282,-0.0718,-0.0472,-0.038599999999999995,-0.032400000000000005,-0.0369,0.014499999999999999,-0.045899999999999996,-0.1009,-0.047400000000000005,-0.0282,-0.0691,-0.046900000000000004,-0.0277,-0.0349,-0.0707,-0.006500000000000001,0.10039999999999999,0.042300000000000004,0.0356,-0.037000000000000005,-0.023700000000000002,-0.0149,-0.0408,-0.0521,-0.0981,-0.07629999999999999,-0.0978,-0.030600000000000002,-0.0331,0.0053,-0.052300000000000006,-0.0273,-0.044000000000000004,-0.0724,-0.0676,-0.0458,-0.0417,-0.0359,-0.0818
1991-07-31,0.0556,0.0574,-0.0646,0.091,0.07429999999999999,0.0088,0.0493,0.0179,0.049400000000000006,0.037200000000000004,0.09970000000000001,0.081,0.0842,0.0492,0.04190000000000001,0.105,0.071,0.0096,0.0446,0.0691,0.0087,0.0037,-0.013600000000000001,0.057699999999999994,0.0616,0.014199999999999999,-0.0385,0.0147,-0.013000000000000001,0.0507,0.04,0.0311,0.0395,0.015300000000000001,0.061500000000000006,0.073,0.0206,0.0058,-0.006500000000000001,0.057300000000000004,0.056100000000000004,0.056600000000000004,0.056299999999999996,0.0121,0.094,0.0102,0.0138,0.0736,0.0184
1991-08-31,0.0583,0.0649,-0.008199999999999999,0.059500000000000004,0.0696,0.0129,-0.0037,0.0187,0.0438,0.0861,-0.0023,0.036000000000000004,0.0317,0.0076,0.06860000000000001,0.0042,0.0383,0.0052,0.0079,0.065,0.0007000000000000001,0.0203,-0.0348,0.0318,-0.0737,-0.0414,-0.0933,-0.0191,0.0373,0.0161,0.0352,0.0066,0.0087,0.0192,0.0018,0.1002,0.0297,0.035,0.0043,0.057300000000000004,0.013600000000000001,-0.0168,0.049400000000000006,0.0054,0.07980000000000001,0.0015,0.0217,0.0463,0.0318
1991-09-30,-0.0482,-0.033,-0.0992,-0.0463,-0.0207,0.08529999999999999,-0.0154,-0.042199999999999994,0.0086,0.0276,-0.0196,0.0,-0.0023,-0.0315,0.0184,0.042300000000000004,-0.0495,-0.0481,-0.0333,0.022000000000000002,-0.0335,-0.0591,-0.0233,0.0032,-0.0975,-0.0178,0.0451,0.030600000000000002,-0.0039000000000000003,-0.0069,0.037200000000000004,0.0037,0.0189,0.0016,0.0034000000000000002,0.0132,-0.0727,-0.0288,-0.0178,0.0033,-0.0027,-0.0207,-0.0415,0.0196,-0.010700000000000001,0.0029,-0.047400000000000005,0.009899999999999999,-0.054900000000000004
1991-10-31,-0.0241,-0.0118,-0.0177,0.0209,-0.0574,0.1164,0.012199999999999999,0.0001,0.0115,-0.0437,-0.0148,0.0902,0.0692,0.0176,0.0138,-0.0132,-0.0297,-0.0151,-0.009399999999999999,-0.0111,-0.0084,0.005,-0.023799999999999998,0.033,0.0121,0.0337,0.027200000000000002,-0.004699999999999999,0.048499999999999995,0.0204,0.0125,0.019299999999999998,0.0034000000000000002,0.026099999999999998,-0.0245,0.10710000000000001,0.0321,0.0429,0.0385,0.059000000000000004,0.0745,0.0269,-0.031200000000000002,0.0209,0.0083,0.048499999999999995,-0.022400000000000003,-0.0022,0.0017000000000000001
1991-11-30,-0.0414,0.0001,-0.0043,0.030299999999999997,-0.0334,0.0183,-0.085,-0.052300000000000006,-0.020099999999999996,-0.0353,-0.0647,-0.0195,-0.022799999999999997,-0.0588,-0.0366,-0.0475,-0.0182,-0.0848,-0.0771,-0.0621,-0.09380000000000001,-0.058499999999999996,-0.0882,-0.0594,-0.0504,-0.0276,0.0335,-0.049,-0.1097,-0.0774,0.019,-0.0475,-0.0311,-0.0302,-0.051,-0.0256,-0.0436,-0.057,-0.0727,-0.0464,-0.0849,-0.039,-0.0044,-0.0435,-0.08410000000000001,-0.0203,-0.0629,-0.0358,-0.022400000000000003
1991-12-31,0.0902,0.155,0.1427,0.1543,0.149,0.1216,0.0728,0.1268,0.121,0.15130000000000002,0.1953,0.16329999999999997,0.1641,0.10289999999999999,0.132,0.1341,0.1863,0.1267,0.07,0.1315,0.0855,0.18109999999999998,0.0596,0.0977,0.1575,0.07200000000000001,-0.019299999999999998,0.0268,0.0089,0.0215,0.0501,0.09849999999999999,0.1043,0.1211,0.0375,0.166,0.1067,0.12300000000000001,0.1045,0.0471,0.14279999999999998,0.1152,0.1331,0.1268,0.1547,0.1137,0.11689999999999999,0.125,0.15539999999999998
1992-01-31,0.009000000000000001,-0.0567,-0.0169,-0.030600000000000002,-0.0493,0.009300000000000001,0.1384,0.026600000000000002,0.0785,0.0378,-0.0092,-0.0286,-0.062,0.0105,-0.0064,0.10099999999999999,0.0246,0.07919999999999999,0.032400000000000005,0.0789,0.057699999999999994,-0.0116,0.1069,0.0398,0.0611,-0.0319,0.08810000000000001,0.0521,-0.09380000000000001,-0.041100000000000005,-0.045700000000000005,-0.0288,0.0144,0.0055000000000000005,0.06309999999999999,0.054000000000000006,0.1082,0.0392,0.034300000000000004,-0.1041,-0.010700000000000001,-0.0176,-0.0039000000000000003,0.10300000000000001,0.0166,-0.017,0.0633,0.0373,0.0571
1992-02-29,-0.0325,-0.0078000000000000005,0.0273,0.0149,0.0024,0.0647,0.1116,0.0592,-0.013000000000000001,0.0219,-0.053200000000000004,-0.053899999999999997,-0.021099999999999997,0.0281,0.030899999999999997,0.0825,0.0189,-0.0044,0.0706,0.0171,0.0495,0.0344,0.1445,-0.0329,-0.0086,0.0168,-0.029900000000000003,0.0371,0.0665,-0.0058,-0.0124,-0.014499999999999999,0.032400000000000005,0.0276,0.0581,0.0264,0.0401,0.0001,0.0254,0.0691,0.051100000000000007,0.0315,0.0296,-0.0005,0.0508,0.0018,0.0012,0.0334,-0.0092
1992-03-31,-0.0285,-0.0291,-0.0604,0.0138,-0.0383,-0.0274,-0.0108,-0.0113,-0.02,-0.0395,-0.0593,-0.0458,-0.0564,0.0074,-0.0039000000000000003,0.0384,-0.0123,-0.0877,-0.013000000000000001,-0.048,-0.0163,-0.030899999999999997,0.0144,-0.0085,-0.0024,-0.0535,-0.1253,-0.0026,-0.0489,-0.0271,-0.0053,-0.0087,-0.0274,-0.0189,-0.0499,-0.0667,-0.0623,-0.01,0.0009,-0.0137,-0.0242,-0.0043,-0.013600000000000001,-0.0139,-0.0165,-0.0106,-0.0354,0.0138,-0.1183
1992-04-30,-0.0405,-0.0126,0.0048,0.0191,0.0786,0.011200000000000002,-0.025,0.047,0.0111,-0.0526,-0.057800000000000004,-0.0452,-0.0167,0.063,0.0052,0.0128,0.0074,-0.0046,0.0369,-0.07980000000000001,0.0254,-0.0003,0.1117,0.0212,0.17170000000000002,0.0358,-0.0388,0.0143,-0.0546,0.09539999999999998,0.0269,0.071,-0.023799999999999998,-0.0118,0.0074,-0.0481,-0.0023,-0.005,0.0321,0.07730000000000001,0.0277,-0.0106,-0.0461,0.03,0.0282,-0.0055000000000000005,-0.045,-0.004699999999999999,-0.0148
1992-05-31,0.0316,0.0079,-0.021099999999999997,0.0361,0.0014000000000000002,0.066,0.0118,-0.0043,0.0031,-0.013500000000000002,-0.0354,0.030899999999999997,0.012,-0.0088,-0.028999999999999998,-0.019799999999999998,0.005,0.0058,0.0096,-0.0677,-0.0013,-0.0028000000000000004,-0.019,-0.0197,-0.0747,-0.034,0.10980000000000001,0.04019999999999999,-0.0034000000000000002,0.0317,0.0254,-0.026099999999999998,-0.0179,0.0032,-0.0053,0.0351,-0.0102,-0.0127,-0.0102,0.0013,-0.0037,0.015700000000000002,-0.0018,0.0108,0.030899999999999997,0.016,-0.013300000000000001,0.0302,-0.0647
1992-06-30,0.0078000000000000005,0.0,-0.0262,-0.055,-0.0928,-0.0189,-0.0403,-0.031200000000000002,-0.0642,-0.0504,-0.061799999999999994,-0.045700000000000005,-0.0471,-0.046799999999999994,-0.061500000000000006,-0.0733,-0.053099999999999994,-0.0616,0.019299999999999998,-0.04650000000000001,-0.0579,0.012,0.0454,-0.047,-0.0828,-0.013000000000000001,0.1002,0.06480000000000001,-0.09720000000000001,-0.0346,0.0054,0.0149,0.0027,-0.0245,-0.0212,-0.0975,-0.0241,-0.047,-0.013500000000000002,-0.0077,-0.0397,-0.031400000000000004,-0.0178,-0.0229,0.0049,0.031,-0.0373,-0.0052,-0.0471
1992-07-31,-0.0027,0.0565,-0.0002,0.0455,0.0461,0.024399999999999998,0.0169,0.0274,0.0677,0.0555,0.0621,0.0394,0.060599999999999994,0.042,0.047400000000000005,0.0719,0.0447,0.0725,-0.0014000000000000002,0.0989,0.0222,-0.005699999999999999,-0.0092,0.032400000000000005,-0.0592,0.0594,0.016200000000000003,-0.0348,0.0643,0.0528,0.0673,0.0546,0.02,0.0359,0.0177,0.0322,0.0484,0.0217,-0.0088,-0.0176,0.0078000000000000005,0.0417,0.0426,0.0052,0.0167,0.0632,-0.0546,0.0296,0.060599999999999994
1992-08-31,0.0034999999999999996,0.021,-0.0741,0.0127,-0.0021,-0.0369,-0.0191,-0.011399999999999999,-0.028900000000000002,-0.0106,-0.0339,-0.0286,-0.0356,-0.0481,-0.0378,-0.0146,0.0036,-0.01,-0.0916,-0.0115,-0.0375,-0.0281,-0.1108,-0.0453,-0.039599999999999996,0.020099999999999996,-0.0592,-0.029300000000000003,-0.012,0.0256,-0.004699999999999999,-0.0097,-0.0227,-0.0171,-0.0805,-0.0171,-0.018600000000000002,-0.0169,-0.036000000000000004,-0.0124,-0.059800000000000006,-0.0202,0.0011,-0.027999999999999997,-0.0418,-0.0209,-0.019299999999999998,-0.0345,-0.0431
1992-09-30,-0.0345,0.028399999999999998,0.0462,-0.021099999999999997,0.0137,0.061500000000000006,0.055,-0.0078000000000000005,0.0339,0.0546,-0.057999999999999996,-0.0254,-0.051399999999999994,0.0005,0.0471,0.023,0.030899999999999997,0.023,-0.0049,-0.0467,0.020499999999999997,0.0677,-0.0177,-0.0219,-0.0195,0.011200000000000002,-0.013600000000000001,0.0219,0.1317,0.0007000000000000001,0.0083,0.0191,-0.0060999999999999995,0.016,-0.0113,0.0645,0.0699,0.0588,0.0068000000000000005,0.026699999999999998,0.042,0.025,0.0434,0.0588,0.0165,0.061500000000000006,0.049,0.0174,0.0632
1992-10-31,-0.024300000000000002,-0.0269,-0.025,0.020499999999999997,-0.0421,0.0147,0.0475,0.0074,0.025,0.0092,0.048499999999999995,0.0415,0.0305,0.0079,-0.0064,0.0014000000000000002,0.0124,-0.0028000000000000004,0.0154,0.10220000000000001,-0.0132,-0.0134,0.0027,0.0344,0.0726,-0.0032,-0.0915,0.0179,0.0002,-0.0352,-0.0042,-0.0055000000000000005,0.052199999999999996,0.0361,-0.0352,0.0812,0.0583,-0.0166,0.030299999999999997,-0.0027,0.060700000000000004,0.0275,0.0449,0.0374,0.027999999999999997,0.026099999999999998,0.030600000000000002,0.033,0.0297
1992-11-30,0.0286,0.036000000000000004,0.0756,0.0070999999999999995,0.0197,0.0548,0.0828,0.07400000000000001,0.0438,0.10490000000000001,0.1061,0.0435,0.0434,0.0219,0.0487,0.057300000000000004,0.0152,0.0375,0.0709,0.0454,0.0275,0.0828,0.0816,0.0097,0.1036,0.0646,-0.1184,0.0297,-0.105,-0.0269,-0.0023,0.0388,0.06849999999999999,0.0482,0.0721,0.0625,0.0632,0.054299999999999994,0.0391,0.0554,0.0536,0.0653,0.0697,0.0866,0.07400000000000001,0.051500000000000004,-0.0032,0.07690000000000001,0.0764
1992-12-31,0.0681,-0.0123,0.0149,0.028900000000000002,-0.028399999999999998,-0.0426,0.0391,-0.008100000000000001,-0.0105,-0.0095,-0.004699999999999999,0.0226,-0.0207,0.0095,0.0076,0.0513,0.0039000000000000003,-0.0242,0.0404,-0.0282,0.0231,0.0253,0.0318,0.0875,0.0697,0.0984,0.0373,0.0349,-0.0015,0.020099999999999996,0.0271,0.0564,0.024300000000000002,0.022799999999999997,-0.046799999999999994,-0.0095,0.06570000000000001,0.0254,-0.0045000000000000005,0.0073,0.013000000000000001,0.0279,0.0022,-0.0032,0.0466,0.0425,0.1084,0.0504,0.0177
1993-01-31,0.0189,-0.0327,-0.0152,0.0086,-0.0575,0.0527,0.0643,0.0478,0.0233,-0.0138,-0.0169,-0.031,-0.081,-0.022799999999999997,0.02,0.0253,0.0017000000000000001,0.036699999999999997,0.0653,-0.0242,0.0403,0.009399999999999999,0.0974,-0.036699999999999997,-0.0084,-0.005699999999999999,-0.0591,0.0173,-0.0365,0.0279,0.0246,0.013300000000000001,0.0028000000000000004,-0.0101,0.0415,0.0526,0.0801,0.0092,0.0087,-0.0108,0.028399999999999998,0.0226,-0.0027,0.0111,0.0438,0.0294,0.0253,0.0362,0.0059
1993-02-28,-0.0139,-0.0231,0.0698,-0.023700000000000002,-0.0317,-0.0966,-0.035,-0.003,0.0344,-0.0684,-0.1539,-0.1219,-0.0766,0.009899999999999999,0.024700000000000003,0.0325,0.0678,0.0394,-0.0052,-0.0248,0.0392,-0.0216,-0.0005,0.0207,-0.0034000000000000002,0.032799999999999996,0.0582,0.0229,-0.0191,0.0604,0.0623,0.055999999999999994,0.0029,-0.0003,-0.0189,-0.0516,0.04019999999999999,0.022099999999999998,0.016,-0.0516,0.0046,-0.016200000000000003,-0.0171,-0.0014000000000000002,0.0189,-0.0074,0.0189,0.0172,-0.0489
1993-03-31,0.0144,-0.0259,0.0859,0.0246,-0.0089,0.0278,0.042300000000000004,0.0104,0.011000000000000001,0.0483,0.053,-0.01,0.0055000000000000005,0.0212,0.0426,0.0277,0.0248,-0.0115,-0.0078000000000000005,0.0495,0.0229,0.061500000000000006,0.061399999999999996,0.0375,-0.031400000000000004,0.053399999999999996,0.177,0.0106,-0.019,0.041100000000000005,0.0176,0.0335,-0.009300000000000001,0.0202,-0.0109,0.0447,0.0463,0.017,-0.022000000000000002,0.0203,0.0409,0.022400000000000003,0.028999999999999998,0.0401,0.0369,0.0438,0.0765,0.0584,-0.0207
1993-04-30,-0.0409,-0.1247,-0.1165,-0.09179999999999999,-0.1586,0.0123,-0.0362,-0.0183,-0.0513,-0.0591,0.0,-0.0969,0.0339,0.0334,-0.0478,-0.047,-0.0232,-0.0095,-0.022099999999999998,0.0023,0.0326,-0.0022,0.0392,0.020499999999999997,-0.0691,0.037000000000000005,0.09210000000000002,-0.1008,-0.046900000000000004,0.011200000000000002,-0.0015,-0.0288,-0.0384,-0.0449,-0.0345,-0.06,-0.0199,-0.0128,0.0013,0.006999999999999999,0.0043,-0.0365,-0.0928,-0.0637,-0.0481,-0.0277,-0.0165,-0.0305,-0.052199999999999996
1993-05-31,0.0239,0.0253,0.046900000000000004,0.0318,0.0479,0.0732,0.11470000000000001,0.0175,0.013999999999999999,0.0288,0.0992,0.0693,0.0239,0.0169,0.0285,0.0002,0.012199999999999999,0.0239,0.0424,-0.0124,0.0438,0.029900000000000003,0.0042,0.0475,0.0802,-0.0209,0.0962,-0.0197,0.0819,0.0181,-0.0004,0.0416,0.0554,0.0311,0.0983,0.09,0.0969,0.0592,0.0089,-0.0231,0.0253,0.049100000000000005,0.0592,0.0722,-0.009399999999999999,0.0147,0.018500000000000003,0.018600000000000002,0.0541
1993-06-30,0.0004,-0.018000000000000002,0.005,0.0202,-0.0027,0.0346,-0.0241,-0.0095,0.0183,-0.1114,0.013300000000000001,-0.0108,-0.0379,-0.04190000000000001,-0.0067,-0.0462,-0.0072,0.004699999999999999,0.0121,-0.0625,0.019799999999999998,0.028300000000000002,0.0401,0.0176,-0.0947,0.0692,0.0297,0.0355,-0.0433,-0.0109,0.0319,0.0464,0.0475,-0.0040999999999999995,-0.04769999999999999,-0.0048,0.0418,-0.0088,-0.0206,-0.009399999999999999,-0.0129,-0.0037,-0.0344,-0.042300000000000004,0.0512,0.0202,-0.0154,0.049100000000000005,-0.0407
1993-07-31,0.0131,-0.051699999999999996,0.0786,0.0004,-0.04650000000000001,0.0116,-0.019299999999999998,0.0058,-0.0213,-0.04769999999999999,0.0233,-0.045700000000000005,-0.07400000000000001,0.0106,0.012,-0.029300000000000003,-0.0079,0.015600000000000001,-0.021099999999999997,-0.0263,-0.0003,0.021,0.025099999999999997,0.0355,0.0187,0.0203,0.0889,0.0196,0.0695,0.0046,0.0194,0.021400000000000002,0.0336,0.0213,-0.0814,-0.08259999999999999,0.0149,-0.0019,-0.0232,-0.0371,0.037599999999999995,0.0132,0.0012,0.0227,0.011899999999999999,0.0344,0.048799999999999996,0.0348,-0.0639
1993-08-31,0.049400000000000006,0.0537,0.1553,0.0215,-0.0128,0.08130000000000001,0.0721,0.0345,0.037000000000000005,0.025,-0.0371,-0.003,0.046900000000000004,0.032799999999999996,0.08800000000000001,0.0917,0.045700000000000005,0.0703,0.0288,0.0987,0.0803,0.0049,-0.008199999999999999,0.032,0.0516,0.0447,-0.1107,-0.0052,0.0592,0.042800000000000005,0.037000000000000005,0.0525,0.028999999999999998,0.044800000000000006,0.0443,0.0388,0.1097,0.0689,0.0292,-0.006500000000000001,0.0433,0.0453,0.0364,0.0484,0.0108,0.0463,0.0215,0.0546,0.0601
1993-09-30,0.0040999999999999995,-0.022099999999999998,-0.0864,-0.015,-0.038599999999999995,0.0315,0.0736,-0.008199999999999999,-0.0168,-0.0354,0.0601,-0.0168,0.005699999999999999,-0.0236,0.003,-0.0315,-0.0055000000000000005,-0.0356,-0.043899999999999995,-0.021,-0.0144,-0.0127,0.009300000000000001,-0.0134,0.09179999999999999,0.0104,-0.107,-0.0398,0.0655,0.013300000000000001,-0.0064,-0.0048,0.024300000000000002,0.023399999999999997,-0.0298,0.048,0.0279,-0.026699999999999998,-0.036699999999999997,0.0313,-0.011000000000000001,-0.0079,-0.005,0.013999999999999999,0.0331,0.005600000000000001,0.06280000000000001,0.039599999999999996,-0.032799999999999996
1993-10-31,-0.0138,0.0931,-0.0078000000000000005,0.021099999999999997,0.0984,0.0168,0.0325,0.0782,0.0758,0.0645,0.0916,0.0583,0.0552,0.0259,0.0383,0.0204,0.038,-0.0092,0.0388,0.1366,0.026099999999999998,0.013500000000000002,0.0946,0.0055000000000000005,0.038,0.0213,0.09029999999999999,0.035699999999999996,-0.0073,-0.0196,-0.0197,0.0242,0.031400000000000004,0.0287,0.063,0.0297,-0.0246,-0.0091,0.0129,-0.09519999999999999,0.0323,0.025,0.0458,0.0662,-0.0472,-0.029300000000000003,-0.0163,-0.032400000000000005,-0.099
1993-11-30,-0.0171,0.0091,-0.024300000000000002,-0.0045000000000000005,0.0591,-0.0019,-0.0339,0.0038,0.014199999999999999,0.0196,-0.0062,-0.014199999999999999,0.016200000000000003,0.011699999999999999,-0.016,0.0023,0.04190000000000001,-0.015600000000000001,0.0072,-0.0275,-0.021099999999999997,0.0022,0.0155,0.0246,-0.0483,-0.0288,-0.0273,-0.0245,-0.003,-0.0599,-0.0552,-0.0596,-0.054900000000000004,-0.0292,0.0605,-0.0037,-0.0473,-0.0213,0.0712,0.053899999999999997,0.0155,-0.011000000000000001,0.0163,-0.0058,-0.0316,-0.0484,-0.0011,-0.0352,0.011699999999999999
1993-12-31,0.0622,-0.006999999999999999,0.11410000000000001,0.042699999999999995,-0.009399999999999999,-0.06309999999999999,0.019,0.0317,0.0176,0.006500000000000001,0.1188,0.0215,0.0106,0.0297,0.04190000000000001,0.0027,0.0097,0.0348,0.0674,-0.0006,0.0481,0.0655,0.0443,0.0683,0.0226,0.043899999999999995,0.125,0.1073,0.047599999999999996,0.0059,0.0161,-0.0053,0.0484,0.0321,0.0463,-0.0058,0.03,0.0675,0.0282,0.0603,0.021099999999999997,0.0294,-0.0393,0.0582,0.0342,0.014499999999999999,0.0026,0.0092,0.018000000000000002
1994-01-31,0.0521,0.015600000000000001,0.0434,-0.0495,0.1023,0.0248,0.04650000000000001,-0.006500000000000001,0.024700000000000003,-0.0003,0.0908,0.064,-0.0016,0.0796,0.030899999999999997,-0.0693,0.0287,0.0526,0.1039,0.0451,0.061500000000000006,0.0218,0.08800000000000001,0.0236,0.0091,0.026000000000000002,-0.0183,0.0785,-0.0336,0.0489,-0.012,0.0217,0.002,0.0291,0.050300000000000004,0.0495,0.0464,0.024399999999999998,0.07339999999999999,0.0206,0.0473,0.0278,0.0014000000000000002,0.0562,0.0483,0.0336,-0.0044,0.0395,0.08529999999999999
1994-02-28,0.0263,-0.0262,0.0346,0.0163,-0.07150000000000001,0.055999999999999994,-0.0192,-0.0348,-0.011399999999999999,0.0292,0.0212,-0.06480000000000001,-0.0646,-0.0091,-0.023399999999999997,0.0040999999999999995,-0.008100000000000001,-0.0397,-0.030699999999999998,-0.0155,0.011200000000000002,-0.0152,-0.049800000000000004,0.0196,0.0103,0.030699999999999998,-0.0039000000000000003,-0.0124,-0.0203,-0.0296,-0.049800000000000004,-0.055,0.0063,-0.024,0.005699999999999999,0.0318,0.0229,0.0235,-0.0178,-0.0296,-0.0452,-0.0087,0.0278,0.0144,-0.037200000000000004,-0.0449,-0.006999999999999999,-0.0401,-0.0774
1994-03-31,-0.0797,-0.0378,-0.1081,-0.032,-0.1105,-0.065,-0.1067,-0.0391,-0.0501,-0.0044,-0.0454,-0.0662,-0.0711,-0.0317,-0.0575,-0.0069,-0.062,-0.035,-0.0564,-0.062400000000000004,-0.0319,-0.0429,-0.0689,-0.039599999999999996,-0.0839,-0.0347,0.052300000000000006,-0.0377,-0.0993,-0.0356,-0.0394,-0.0361,-0.049699999999999994,-0.0499,-0.045700000000000005,-0.043,-0.0235,-0.056100000000000004,-0.0758,0.0168,-0.0603,-0.0564,-0.0435,-0.0832,-0.0279,-0.0346,-0.0472,-0.04,-0.06
1994-04-30,-0.0169,0.0104,0.023,0.0182,0.11259999999999999,0.0032,-0.032400000000000005,-0.015700000000000002,0.0163,-0.013600000000000001,-0.0051,-0.02,0.0347,0.025699999999999997,0.012199999999999999,0.0286,0.003,-0.0231,-0.009399999999999999,0.006999999999999999,-0.0161,-0.0353,-0.0007000000000000001,-0.0029,-0.0452,-0.0149,-0.1282,-0.0436,-0.0038,0.042,0.0213,0.0159,-0.021,0.0045000000000000005,-0.022799999999999997,0.0075,-0.0271,-0.0178,-0.0064,-0.0204,-0.0028000000000000004,-0.0052,0.0027,0.0137,0.045700000000000005,-0.0009,-0.01,0.0255,0.038900000000000004
1994-05-31,-0.0079,-0.006999999999999999,-0.0174,-0.0219,-0.0684,0.0063,0.0154,0.0128,0.0097,-0.0218,0.0281,0.0379,0.0462,0.0358,-0.0106,-0.0528,0.021,-0.038,0.0349,0.0729,-0.029900000000000003,0.0305,-0.0196,0.030299999999999997,0.0482,-0.0352,0.0126,0.0203,-0.0177,0.009399999999999999,-0.0536,0.0163,0.0,0.0125,0.0022,0.0665,0.009000000000000001,0.008100000000000001,0.026699999999999998,0.041100000000000005,-0.020099999999999996,0.0053,-0.0254,-0.0034999999999999996,0.0538,0.037200000000000004,-0.0003,0.029300000000000003,-0.0043
1994-06-30,-0.0388,0.013000000000000001,-0.0591,-0.0458,0.0311,-0.055999999999999994,-0.0447,-0.0464,-0.0323,-0.0274,-0.06709999999999999,-0.0317,-0.03,-0.0265,-0.0203,-0.0555,-0.0416,0.0049,0.0076,0.0024,-0.022799999999999997,-0.0493,-0.034300000000000004,-0.0191,-0.0326,0.0276,-0.0352,-0.0212,0.0555,-0.027200000000000002,-0.0315,0.0062,-0.0383,-0.0282,-0.0725,-0.0562,-0.035,-0.029300000000000003,-0.0178,-0.0245,-0.022099999999999998,-0.0412,-0.016200000000000003,-0.0679,-0.0196,-0.0329,-0.022000000000000002,-0.0287,-0.0195
1994-07-31,0.0045000000000000005,0.0253,0.0053,0.055099999999999996,0.0553,0.016,0.024,0.0168,0.0277,0.030299999999999997,0.035699999999999996,0.0217,0.0044,0.0415,0.0481,-0.013999999999999999,0.049400000000000006,0.0241,0.07200000000000001,-0.006,0.0426,0.0719,0.0409,0.004,-0.0294,-0.0087,-0.0106,0.0274,-0.0079,0.0327,0.0519,0.031,0.0296,0.025,0.0412,-0.0002,0.0644,0.033,0.0739,-0.0146,0.015600000000000001,0.02,0.0102,-0.0042,0.0203,0.0455,-0.0027,0.016399999999999998,0.023399999999999997
1994-08-31,0.051100000000000007,0.081,-0.0791,0.0518,0.0978,0.042800000000000005,0.028399999999999998,0.0365,0.07,0.0527,0.0828,0.11259999999999999,0.11320000000000001,0.061,0.0421,0.0492,0.0662,-0.012199999999999999,0.054400000000000004,0.0554,0.0429,0.0045000000000000005,-0.0163,0.0443,0.0951,0.0512,0.051699999999999996,0.0446,0.0555,-0.0011,0.0066,0.0102,0.07919999999999999,0.0489,0.12359999999999999,0.0974,0.0726,0.0676,0.061900000000000004,0.0053,0.019299999999999998,0.034,0.043899999999999995,0.0417,0.0369,0.023399999999999997,0.046,0.0584,0.039900000000000005
1994-09-30,-0.0262,0.0043,-0.0149,0.0252,-0.0281,-0.0171,-0.026600000000000002,-0.0331,-0.013999999999999999,-0.0233,0.0218,0.0212,0.0155,-0.011000000000000001,-0.0285,-0.057,-0.0236,-0.0504,0.0032,-0.051699999999999996,-0.028999999999999998,-0.0179,-0.0553,-0.0537,-0.0327,-0.0762,0.0819,0.0336,-0.0013,-0.021,-0.0279,-0.0115,-0.0089,-0.0014000000000000002,0.0039000000000000003,0.0129,-0.0242,-0.0038,0.0007000000000000001,0.0403,-0.069,-0.006,-0.0253,-0.0378,-0.063,-0.0254,0.0152,-0.0478,-0.0232
1994-10-31,-0.024300000000000002,0.0233,0.0507,0.0375,-0.0242,0.0629,-0.0131,0.0098,0.0147,0.016399999999999998,-0.016,-0.0163,0.018500000000000003,0.0012,0.0253,0.0124,-0.0132,0.010700000000000001,-0.0401,-0.0286,0.0404,0.0087,-0.0154,0.024700000000000003,-0.0414,0.0271,-0.1074,-0.06860000000000001,-0.032400000000000005,0.07429999999999999,0.0159,-0.0013,-0.0095,0.0165,0.0975,0.08900000000000001,0.0605,0.0034999999999999996,-0.0398,0.0172,0.022400000000000003,-0.0006,0.013000000000000001,0.04,0.0014000000000000002,0.0053,-0.023,0.005699999999999999,-0.0024
1994-11-30,-0.0219,-0.0202,-0.0362,0.0086,-0.020099999999999996,-0.079,0.0063,-0.0207,-0.0213,-0.04190000000000001,-0.059699999999999996,0.01,0.0152,-0.0738,-0.04019999999999999,-0.0294,-0.0403,-0.0801,-0.0863,0.0032,-0.0754,-0.0556,-0.050300000000000004,-0.0288,-0.0394,-0.0258,-0.11939999999999999,-0.0721,-0.0834,-0.0484,0.0028000000000000004,-0.0542,-0.0966,-0.041299999999999996,-0.015600000000000001,-0.013600000000000001,-0.0262,-0.038599999999999995,-0.0416,-0.0637,-0.0446,-0.0391,-0.024700000000000003,-0.0558,-0.0684,-0.0353,-0.034300000000000004,-0.0481,-0.0863
1994-12-31,0.0031,0.016,0.0139,0.019,-0.0204,-0.0478,0.049400000000000006,0.027999999999999997,0.009000000000000001,0.0095,-0.0062,0.0337,0.003,0.0375,0.0339,0.011200000000000002,0.013300000000000001,-0.0044,0.043899999999999995,-0.0044,0.0202,0.0891,0.04769999999999999,0.051699999999999996,0.0626,0.0483,0.0187,0.0336,0.0571,-0.0101,0.0034999999999999996,0.0086,0.0507,0.0222,0.0288,0.018600000000000002,0.0242,0.035,0.0393,0.0124,-0.0024,0.0165,-0.0471,0.013000000000000001,-0.0024,0.0395,0.0178,0.0021,0.0203
1995-01-31,0.0795,0.020099999999999996,0.062,0.0282,0.045899999999999996,0.0005,0.0785,0.0022,0.0271,-0.0387,0.0518,0.0489,0.0642,-0.0274,-0.008,-0.011699999999999999,0.0078000000000000005,0.0407,-0.0637,0.0471,-0.008100000000000001,0.009300000000000001,-0.061,0.0025,-0.016200000000000003,0.0278,-0.1072,-0.0184,-0.0327,0.0038,0.0622,0.0416,0.0015,0.0018,-0.0281,-0.0154,0.0084,0.019,-0.0155,0.0268,0.0335,0.009399999999999999,0.008100000000000001,0.0692,0.0602,0.0592,-0.022099999999999998,0.038599999999999995,0.0388
1995-02-28,-0.0513,0.0139,0.051100000000000007,0.0487,-0.0125,0.0424,0.039599999999999996,0.0493,0.0329,0.027200000000000002,0.0263,0.0274,0.0219,0.059500000000000004,0.0555,0.0253,0.056600000000000004,0.0454,0.0319,0.0441,0.0555,0.058499999999999996,0.049699999999999994,0.0622,0.0524,0.0417,0.0512,0.0412,-0.06509999999999999,0.0452,0.008199999999999999,0.0151,0.035,0.0583,0.0528,0.0696,0.08130000000000001,0.0605,0.0864,0.0605,0.0731,0.05,0.0209,0.0349,0.0666,0.0209,0.06309999999999999,0.06309999999999999,-0.0397
1995-03-31,0.0611,0.0364,0.0174,0.024399999999999998,0.0593,0.021099999999999997,0.0453,0.0134,0.019,0.016,0.050499999999999996,0.06309999999999999,0.0178,0.0567,0.0354,-0.028399999999999998,0.0151,-0.0226,0.0227,0.0571,0.0602,-0.0025,0.0167,0.0787,0.009399999999999999,0.0354,0.1861,0.044199999999999996,0.024900000000000002,0.0528,-0.0175,0.0024,0.0673,0.0287,0.054400000000000004,0.0592,0.0332,0.040999999999999995,0.022000000000000002,0.0652,0.0319,0.022000000000000002,0.04019999999999999,0.0222,0.0048,0.023,0.011399999999999999,0.0075,0.0321
1995-04-30,0.0425,0.0395,0.0256,0.0322,-0.0433,-0.048600000000000004,0.0346,-0.024,0.0379,-0.0159,-0.0229,0.0342,0.0382,0.030899999999999997,-0.002,0.0084,0.0219,0.038900000000000004,0.0018,-0.0342,0.048499999999999995,0.029300000000000003,0.0253,0.0416,-0.004,0.0852,-0.0297,-0.0012,-0.0584,0.022400000000000003,0.023799999999999998,0.016200000000000003,0.0045000000000000005,0.0102,0.0955,0.061500000000000006,0.1016,0.0483,0.016399999999999998,-0.041299999999999996,0.0265,0.0311,-0.035699999999999996,0.0222,0.0406,-0.0204,-0.013600000000000001,0.04,0.0015
1995-05-31,0.0194,0.0344,-0.027999999999999997,0.08380000000000001,0.0392,0.0601,0.0137,0.038,0.0258,0.003,-0.050199999999999995,0.0073,0.0278,0.031400000000000004,0.0369,0.0392,0.0163,0.042300000000000004,0.0161,0.0525,0.0366,0.0308,0.055099999999999996,0.060599999999999994,-0.04769999999999999,0.0537,-0.0031,-0.024399999999999998,0.0179,0.0408,0.0604,0.0091,-0.0421,-0.0083,0.0171,0.019299999999999998,0.048799999999999996,0.0354,0.0227,0.005699999999999999,-0.0058,0.0215,0.027999999999999997,0.0382,0.0809,0.0449,0.051399999999999994,0.039900000000000005,0.0508
1995-06-30,0.047,0.026099999999999998,0.038,-0.0009,-0.0091,0.0179,0.0070999999999999995,0.0294,-0.0021,0.048600000000000004,0.0177,0.0661,0.044800000000000006,0.0134,0.0134,-0.015300000000000001,0.0451,0.0116,0.0703,0.0046,0.030299999999999997,-0.0055000000000000005,0.0102,0.051100000000000007,0.010700000000000001,0.0036,-0.0058,0.0192,0.023399999999999997,-0.030899999999999997,-0.0046,0.0387,0.0863,0.0323,0.0812,0.099,0.12300000000000001,0.079,0.0393,0.0414,0.0436,0.0446,0.0513,0.027200000000000002,0.014499999999999999,0.0095,0.0596,0.048499999999999995,0.0409
1995-07-31,0.0347,-0.01,-0.0098,0.023700000000000002,-0.036000000000000004,0.0449,0.0398,0.034300000000000004,-0.009399999999999999,0.07150000000000001,0.10400000000000001,0.0667,0.0444,0.0287,0.0576,0.0425,0.0199,0.058600000000000006,0.0682,0.066,0.0842,0.036699999999999997,0.0245,0.0625,0.11699999999999999,0.0088,0.0204,0.1043,-0.0063,0.023,-0.0037,0.0507,0.0246,0.0438,0.0855,0.0552,0.0958,0.0493,0.0277,-0.021400000000000002,0.09230000000000001,0.030699999999999998,0.0409,0.018799999999999997,0.04769999999999999,0.0301,0.042,0.0507,0.08070000000000001
1995-08-31,0.0335,0.011399999999999999,0.0583,-0.0161,0.0454,0.0088,-0.0059,0.0229,0.008100000000000001,0.0077,-0.0038,0.038900000000000004,0.006999999999999999,-0.0036,0.019799999999999998,-0.0104,0.0029,0.0374,-0.0062,-0.0008,-0.011399999999999999,0.0006,0.003,-0.016200000000000003,0.029500000000000002,-0.0039000000000000003,0.022799999999999997,-0.0155,0.0507,-0.016,0.009899999999999999,0.0438,0.0407,0.025,0.005600000000000001,0.005,-0.0089,0.002,0.0104,-0.0075,0.0034000000000000002,-0.011699999999999999,-0.0346,-0.0315,0.0525,0.054400000000000004,-0.0033,0.0464,-0.053200000000000004
1995-09-30,0.07919999999999999,0.083,0.054000000000000006,0.0924,0.0297,-0.031400000000000004,-0.013600000000000001,0.023399999999999997,0.053899999999999997,0.0403,0.026600000000000002,0.08259999999999999,0.08,0.0276,-0.0222,-0.032799999999999996,0.0335,-0.0084,-0.049699999999999994,-0.0078000000000000005,-0.0264,0.061200000000000004,-0.0040999999999999995,0.0558,0.015,0.0417,-0.0089,0.0158,0.011200000000000002,0.0129,0.063,0.0575,0.0538,0.04650000000000001,0.005600000000000001,0.011699999999999999,0.016200000000000003,0.0159,0.0076,-0.1114,0.0278,0.0049,0.0335,0.026600000000000002,0.0553,0.0655,0.038,0.0472,-0.0302
1995-10-31,0.0285,0.0009,0.0529,0.0391,0.028399999999999998,-0.0579,-0.0215,-0.0258,0.027200000000000002,-0.035,-0.031400000000000004,-0.0165,0.0225,-0.0555,-0.0391,-0.0932,-0.0173,0.0066,-0.061500000000000006,-0.0414,-0.0338,-0.005699999999999999,-0.0555,-0.0177,-0.0414,-0.0567,-0.1278,-0.054000000000000006,-0.1304,-0.0023,0.0148,0.0015,-0.0085,-0.0012,0.065,0.0508,-0.049400000000000006,-0.0079,-0.0253,-0.0821,-0.017,-0.009000000000000001,-0.0814,0.0118,-0.023,-0.0102,-0.042300000000000004,-0.0275,-0.037200000000000004
1995-11-30,0.0557,0.0383,0.0626,0.0481,0.0308,0.044800000000000006,0.0118,0.0754,0.062400000000000004,0.0009,0.060700000000000004,0.0341,0.050499999999999996,0.0655,0.060700000000000004,0.073,0.048499999999999995,0.0433,0.0857,0.0444,0.0499,0.056299999999999996,0.054400000000000004,0.0911,0.057,0.0999,0.1246,0.0525,0.0241,0.048,0.0158,0.0279,0.0601,0.054299999999999994,-0.0008,0.0165,-0.0403,0.038900000000000004,0.0554,0.1401,0.0622,0.03,0.0692,0.056100000000000004,0.0711,0.07440000000000001,-0.0499,0.038599999999999995,0.0365
1995-12-31,0.0279,0.0321,-0.0192,-0.0078000000000000005,0.049699999999999994,0.0005,-0.024700000000000003,0.0088,-0.0189,0.0352,0.0268,0.04769999999999999,0.0662,0.019799999999999998,-0.03,-0.0013,-0.0194,0.0797,-0.0163,0.0165,-0.0025,0.0655,0.044800000000000006,0.0415,-0.0002,0.06280000000000001,0.03,0.0013,0.0713,0.057999999999999996,0.051,0.0412,-0.011899999999999999,0.0327,-0.0408,-0.0259,-0.0668,0.0127,-0.0005,0.0319,-0.0146,0.0199,-0.015600000000000001,0.0,0.0088,0.0255,0.056600000000000004,-0.011399999999999999,0.013000000000000001
1996-01-31,-0.0116,0.037000000000000005,-0.0253,0.0326,0.018000000000000002,0.0817,0.0322,0.0051,0.026600000000000002,-0.0302,0.0729,0.0521,0.0603,0.052000000000000005,0.031400000000000004,-0.0298,0.0347,0.0194,0.042699999999999995,0.0013,0.0206,0.0525,0.031,0.0070999999999999995,-0.0019,0.0983,0.2534,0.0325,-0.0248,-0.0040999999999999995,0.018600000000000002,0.022799999999999997,-0.004,0.0149,0.0537,0.015600000000000001,-0.0073,0.0125,0.015700000000000002,-0.004,-0.0018,-0.0036,-0.014199999999999999,0.0623,0.042800000000000005,0.0313,0.0176,0.041299999999999996,0.0034000000000000002
1996-02-29,0.0866,0.0134,0.056299999999999996,0.0562,0.0326,0.0147,0.0191,0.030699999999999998,-0.0039000000000000003,0.032799999999999996,0.0148,-0.009000000000000001,-0.0155,0.028300000000000002,0.0287,0.0049,-0.019299999999999998,0.0037,-0.009899999999999999,0.0759,0.0356,-0.0064,0.0173,0.0317,0.022099999999999998,-0.0072,0.0091,0.0274,0.0321,0.0103,-0.026699999999999998,-0.023799999999999998,-0.0025,0.021099999999999997,0.11359999999999999,0.059800000000000006,0.0409,-0.015600000000000001,-0.0235,0.0731,0.0415,0.0313,0.0553,0.038,0.0268,0.0131,0.047599999999999996,0.0212,0.0167
1996-03-31,-0.0127,-0.0421,0.0745,0.019299999999999998,-0.0776,-0.0024,0.0177,0.0097,0.016,0.1066,0.0194,0.0022,-0.0006,0.056900000000000006,0.0365,0.0263,0.021400000000000002,0.0183,0.060700000000000004,-0.0218,0.0174,0.0297,0.0599,0.04019999999999999,-0.0026,0.0322,-0.0021,0.0048,0.0369,0.0501,-0.0052,-0.020099999999999996,0.047400000000000005,0.0354,-0.07919999999999999,-0.0077,-0.022099999999999998,0.0199,0.030600000000000002,0.043899999999999995,0.0327,0.0254,0.0824,0.0096,0.0316,-0.0254,0.06709999999999999,0.024,0.0682
1996-04-30,0.0591,-0.0044,-0.0105,-0.0091,-0.0158,0.008100000000000001,0.031200000000000002,0.0288,0.038599999999999995,0.0558,0.0058,-0.0159,-0.0060999999999999995,-0.006999999999999999,0.0101,0.0322,0.0455,-0.0026,0.013999999999999999,0.0889,0.036000000000000004,0.0063,0.0294,0.0053,0.1052,-0.0048,0.0096,-0.0016,-0.004,0.0347,-0.026600000000000002,0.0288,0.0747,0.0542,0.0993,0.08710000000000001,0.1223,0.0547,0.03,-0.0026,0.026000000000000002,0.050300000000000004,0.043899999999999995,0.0259,-0.012199999999999999,-0.013300000000000001,0.022799999999999997,0.0031,0.0493
1996-05-31,-0.0204,0.0582,0.049400000000000006,0.0968,0.054900000000000004,0.0392,0.0223,0.031,0.0317,0.0739,0.0134,0.0263,0.045599999999999995,-0.0034999999999999996,0.0405,0.0536,0.0216,0.0121,-0.0034000000000000002,0.0545,0.0088,0.061799999999999994,0.0152,0.0287,-0.0123,0.014199999999999999,0.048600000000000004,0.0004,0.1454,0.0049,0.0132,-0.0002,0.062,0.0406,0.0377,0.027999999999999997,0.0525,0.0246,0.0076,0.045700000000000005,-0.0042,0.042199999999999994,0.0504,0.0037,0.0202,0.0015,0.042,0.026099999999999998,0.046799999999999994
1996-06-30,-0.0046,0.0231,0.0406,0.06559999999999999,0.0368,-0.0169,-0.029500000000000002,0.0026,0.0138,0.0021,-0.0191,-0.0332,0.005699999999999999,-0.0239,0.0132,0.001,0.0060999999999999995,-0.011899999999999999,-0.06480000000000001,0.0070999999999999995,-0.0462,0.0297,-0.0526,0.010700000000000001,-0.0087,-0.020099999999999996,-0.1702,-0.0319,0.0797,0.0096,0.0527,0.0055000000000000005,-0.024900000000000002,-0.0111,-0.0704,-0.008100000000000001,-0.0678,-0.015700000000000002,-0.0143,-0.0101,-0.014199999999999999,-0.042,-0.0116,-0.0053,-0.0005,0.016399999999999998,0.0022,0.0109,-0.026600000000000002
1996-07-31,-0.051,-0.0219,-0.020499999999999997,-0.0579,0.0018,-0.0989,-0.12050000000000001,-0.0655,-0.032799999999999996,-0.051100000000000007,-0.09939999999999999,-0.09480000000000001,-0.0509,-0.0304,-0.0373,-0.031400000000000004,-0.0416,-0.0802,-0.0669,-0.0483,-0.0827,-0.0481,-0.0429,-0.0109,-0.0165,-0.0429,-0.0038,-0.060599999999999994,-0.0818,-0.0463,-0.0581,-0.0849,-0.0641,-0.0672,-0.0604,-0.084,-0.08650000000000001,-0.07440000000000001,-0.0143,-0.023,-0.07200000000000001,-0.0788,-0.07690000000000001,-0.07519999999999999,-0.0044,-0.0507,-0.0901,-0.039,-0.1094
1996-08-31,0.0316,-0.0113,0.09519999999999999,0.0216,-0.1317,0.0129,-0.0013,0.0344,0.0155,0.0567,0.0725,0.0536,0.037000000000000005,0.0318,0.0359,0.042300000000000004,0.03,0.032400000000000005,0.0621,0.0771,0.0467,0.017,0.032799999999999996,0.040999999999999995,0.0361,0.0111,0.050300000000000004,0.0042,0.0045000000000000005,0.0294,0.028900000000000002,-0.0132,0.0323,0.0268,0.0512,0.0268,0.0571,0.0405,0.0447,0.013999999999999999,0.0356,0.0382,0.0722,0.037599999999999995,0.0458,0.0394,0.0655,0.0344,0.0902
1996-09-30,0.0401,0.0969,0.0902,0.0070999999999999995,0.0138,0.0666,0.0802,0.0262,0.0636,0.0639,0.0364,0.0999,0.0746,0.06269999999999999,0.0281,0.013999999999999999,0.0753,-0.0098,0.0204,0.0209,0.06280000000000001,0.09960000000000001,-0.0067,0.0492,0.0796,0.0739,-0.08380000000000001,0.031200000000000002,0.1177,0.039900000000000005,0.0068000000000000005,0.016200000000000003,0.08199999999999999,0.044800000000000006,0.12210000000000001,0.1099,0.1059,0.0438,0.050499999999999996,0.0225,0.0103,0.048799999999999996,0.0349,0.0040999999999999995,0.0644,0.051100000000000007,0.0269,0.049699999999999994,0.0518
1996-10-31,0.0574,0.0191,-0.024700000000000003,0.008100000000000001,0.032799999999999996,-0.0143,-0.0161,0.0066,0.01,-0.0059,-0.0696,-0.0526,0.0085,0.0151,0.0046,0.011699999999999999,0.0097,0.0252,-0.0268,-0.0225,-0.005600000000000001,0.0537,0.048799999999999996,0.028399999999999998,0.001,-0.0179,-0.03,0.0104,-0.0127,0.059699999999999996,0.0361,-0.0031,-0.0425,-0.037200000000000004,-0.0092,-0.0365,-0.0063,-0.0381,0.032400000000000005,-0.0051,0.0212,0.0013,-0.020499999999999997,-0.0355,0.071,0.0363,-0.0311,0.0279,0.019299999999999998
1996-11-30,0.01,0.063,0.0298,0.027000000000000003,0.1076,0.0608,0.0962,0.056100000000000004,0.054000000000000006,0.0023,0.0526,0.022400000000000003,0.0754,0.051100000000000007,0.0975,0.0032,0.0231,0.0483,0.0767,0.0366,0.0917,0.0691,0.0688,0.0449,0.0676,0.0781,0.004699999999999999,0.0385,0.0524,0.0554,0.026000000000000002,0.054900000000000004,0.058600000000000006,0.0111,0.1495,0.084,0.1431,0.111,0.0437,0.0797,0.068,0.048600000000000004,0.0212,0.039,0.09269999999999999,0.0701,0.026000000000000002,0.08,0.0373
1996-12-31,0.0069,-0.028399999999999998,0.0466,0.0053,0.0926,-0.0676,-0.057300000000000004,-0.018500000000000003,0.0039000000000000003,0.019799999999999998,0.02,0.016399999999999998,-0.0392,-0.0207,-0.023799999999999998,0.024300000000000002,0.0287,-0.009399999999999999,-0.0124,-0.0006,-0.0095,-0.028900000000000002,-0.024700000000000003,0.057300000000000004,-0.023700000000000002,0.0143,-0.0152,-0.0339,0.1185,0.0077,0.0013,0.028999999999999998,-0.0351,-0.0143,-0.0538,-0.0332,-0.002,0.0007000000000000001,-0.0029,0.079,-0.0132,-0.0013,-0.0424,-0.0297,-0.0341,0.0028000000000000004,0.061,0.0202,-0.044500000000000005
1997-01-31,0.0493,0.0265,0.1121,0.1137,0.045899999999999996,0.0369,0.0385,0.0077,0.0673,0.0521,0.0298,0.0444,0.11380000000000001,0.0378,0.0027,0.055999999999999994,0.04769999999999999,0.1082,0.044800000000000006,0.0451,0.0564,0.0408,0.0353,0.0171,0.0239,0.0108,-0.0625,-0.006500000000000001,0.09789999999999999,0.0434,0.0092,0.0229,0.0404,0.0089,0.0666,0.0785,0.15560000000000002,0.0484,0.0125,0.0012,0.022099999999999998,-0.0003,0.0028000000000000004,0.0176,0.0771,0.0483,0.054000000000000006,0.057699999999999994,0.1469
1997-02-28,0.005699999999999999,0.0263,0.07,0.0274,0.1245,-0.0055000000000000005,-0.0002,0.0277,0.0281,0.0317,0.0213,-0.0126,0.0113,0.010700000000000001,-0.0003,0.022000000000000002,-0.02,-0.0753,0.0019,-0.0302,-0.019299999999999998,-0.0088,0.0023,-0.0168,0.0102,-0.0382,0.2191,0.1125,-0.024700000000000003,-0.0575,-0.005699999999999999,0.025699999999999997,-0.0326,-0.0204,-0.0817,-0.0649,-0.09480000000000001,-0.0095,0.047400000000000005,0.0269,-0.0113,-0.0084,0.0574,-0.028399999999999998,0.0417,0.0304,0.0392,0.052300000000000006,-0.077
1997-03-31,-0.0579,-0.008199999999999999,-0.0392,-0.0653,-0.1361,-0.017,-0.038900000000000004,0.0006,-0.0625,-0.0495,-0.10490000000000001,-0.07490000000000001,-0.0709,-0.0217,-0.039,-0.0222,-0.0554,-0.045599999999999995,-0.0436,-0.0291,-0.0173,-0.0298,-0.0405,-0.0084,-0.0241,-0.0447,-0.1575,-0.0565,-0.0478,0.0526,-0.0279,-0.0783,-0.030899999999999997,-0.0416,-0.0721,-0.0724,-0.025699999999999997,-0.07490000000000001,-0.055099999999999996,0.0189,-0.0012,-0.0673,-0.0074,0.012,-0.0779,-0.041299999999999996,-0.020499999999999997,-0.0705,-0.044199999999999996
1997-04-30,0.0581,0.0368,0.0171,0.1139,0.0321,0.0338,0.0353,-0.0092,0.0873,-0.027000000000000003,0.0181,0.0196,0.0724,0.0331,0.0412,-0.050499999999999996,0.0888,0.0204,0.008100000000000001,0.0025,0.0404,0.0986,0.0429,0.0069,0.0537,0.0659,-0.10949999999999999,-0.0173,0.0479,0.0002,-0.0139,0.024900000000000002,0.049,0.0181,0.0661,0.1263,0.054900000000000004,0.0702,0.03,0.0684,0.0574,0.0038,0.016399999999999998,0.059000000000000004,0.062,0.059699999999999996,-0.0374,0.056100000000000004,-0.0363
1997-05-31,0.0519,0.022000000000000002,0.0536,0.0642,0.0999,0.057999999999999996,0.045899999999999996,0.066,0.08039999999999999,0.059500000000000004,0.0931,0.0928,0.0641,0.0454,0.08460000000000001,0.0555,0.066,0.0678,0.0874,0.0858,0.1197,0.0908,0.0608,0.0695,0.0746,0.060599999999999994,0.09210000000000002,0.0518,-0.035699999999999996,0.07339999999999999,0.0363,0.06559999999999999,0.07719999999999999,0.1148,0.129,0.1012,0.0786,0.08449999999999999,0.0785,0.0762,0.0616,0.0873,0.064,0.0108,0.042699999999999995,0.0758,0.0482,0.0736,0.0874
1997-06-30,0.0839,0.0687,0.06570000000000001,0.0006,0.0265,0.055099999999999996,-0.0067,0.0687,0.0415,0.045,0.0728,0.0588,0.095,0.061399999999999996,0.0321,0.0060999999999999995,0.056600000000000004,0.051100000000000007,0.0352,0.07150000000000001,0.0689,0.0662,0.030600000000000002,0.0391,0.0296,0.0978,-0.0291,0.0526,0.0103,0.0128,0.031400000000000004,0.0346,0.0349,0.0575,0.0069,0.0232,0.0077,0.0202,0.031200000000000002,0.0317,0.022400000000000003,0.0172,0.06709999999999999,0.0111,0.0541,0.0663,0.0684,0.0706,0.031200000000000002
1997-07-31,-0.0189,0.048799999999999996,0.2676,0.018500000000000003,0.015700000000000002,0.038,0.0131,0.045899999999999996,0.0462,0.0346,-0.0326,0.06480000000000001,0.0208,0.0709,0.0203,0.0132,0.0864,0.136,0.09369999999999999,0.0103,0.1038,0.08710000000000001,0.0801,0.0795,0.1285,0.0392,0.0418,0.006,0.0968,0.07429999999999999,0.028300000000000002,0.0225,0.0158,0.0355,0.2268,0.10769999999999999,0.1852,0.0653,0.0557,0.056900000000000006,0.0806,0.049800000000000004,0.0895,0.0727,0.1189,0.0784,0.0781,0.11810000000000001,0.0361
1997-08-31,0.0859,-0.0471,-0.0922,-0.1264,-0.030699999999999998,-0.0166,-0.022400000000000003,-0.0269,-0.0839,-0.056100000000000004,-0.021400000000000002,-0.0151,-0.0733,-0.0458,-0.0003,0.0046,-0.0765,0.0245,-0.0161,0.0207,0.0138,-0.0929,0.0129,-0.0663,-0.043,-0.011899999999999999,0.024,-0.009000000000000001,-0.0492,0.003,-0.0116,-0.0241,-0.0259,-0.014499999999999999,-0.0115,-0.026600000000000002,-0.008,0.0128,-0.024300000000000002,-0.037000000000000005,-0.0414,0.0149,-0.0285,-0.0499,-0.0524,-0.071,-0.0072,-0.0346,-0.0064
1997-09-30,0.0678,0.0688,0.011200000000000002,0.081,-0.0316,0.023399999999999997,0.0593,0.07919999999999999,0.0526,0.059800000000000006,0.0262,0.0334,0.0768,0.005600000000000001,0.0319,0.060899999999999996,0.0444,0.0504,0.006,0.0288,0.011399999999999999,0.08220000000000001,0.056900000000000006,0.0216,0.14679999999999999,0.0316,0.0858,0.017,-0.041299999999999996,0.06269999999999999,0.0462,0.0965,0.1461,0.042699999999999995,0.0519,0.0252,0.024700000000000003,0.0446,0.034300000000000004,-0.0644,0.08650000000000001,0.0435,0.054299999999999994,0.0572,0.0771,0.0676,0.1198,0.146,0.0765
1997-10-31,-0.0184,-0.015700000000000002,0.0213,-0.059699999999999996,-0.0432,0.0322,-0.013999999999999999,-0.004,-0.0356,-0.07629999999999999,-0.027000000000000003,-0.0691,0.015700000000000002,-0.042800000000000005,-0.038,-0.042300000000000004,-0.0337,-0.019299999999999998,-0.0775,-0.033,-0.0857,-0.0521,-0.0384,-0.12380000000000001,-0.0337,-0.0933,-0.2069,-0.0816,-0.159,-0.02,0.0089,0.0288,-0.0421,-0.055099999999999996,-0.0898,-0.0168,-0.12689999999999999,-0.109,-0.0636,-0.0493,-0.014499999999999999,-0.021099999999999997,-0.0124,-0.055099999999999996,-0.011200000000000002,-0.0318,-0.0737,-0.0364,-0.13570000000000002
1997-11-30,0.0649,0.07400000000000001,0.0693,0.0733,0.092,0.0192,0.0891,0.042199999999999994,0.0536,0.009399999999999999,0.0055000000000000005,0.04,0.028300000000000002,0.0313,0.0601,-0.0215,0.0356,-0.0222,-0.0466,-0.059500000000000004,-0.0308,0.11710000000000001,-0.0223,0.0699,0.014499999999999999,0.0182,-0.1745,-0.030699999999999998,-0.07780000000000001,-0.0348,0.0718,0.10679999999999999,0.008,0.011899999999999999,0.0265,0.0321,-0.0129,0.0044,0.0354,-0.0045000000000000005,-0.0076,0.0124,0.0647,0.0345,0.037200000000000004,0.025099999999999997,0.0204,0.054900000000000004,-0.0029
1997-12-31,0.022799999999999997,0.0254,0.1268,0.042199999999999994,0.0557,-0.0455,0.0436,0.0647,0.029900000000000003,-0.08259999999999999,0.0116,0.0223,0.0398,-0.0014000000000000002,0.0698,0.015600000000000001,0.04,0.034300000000000004,-0.0083,0.0129,-0.009000000000000001,-0.0018,0.0462,-0.0207,-0.024399999999999998,0.0039000000000000003,-0.0254,-0.0861,0.0171,-0.0147,0.0801,0.0416,0.0518,0.0593,-0.047,-0.039599999999999996,-0.0645,0.0258,-0.0659,-0.030299999999999997,0.02,0.0031,-0.0064,-0.013999999999999999,0.061399999999999996,0.0493,0.009300000000000001,0.066,0.08960000000000001
1998-01-31,-0.0599,-0.026099999999999998,-0.08689999999999999,-0.0199,-0.0759,0.023,0.0655,-0.0058,0.0064,0.0022,-0.10039999999999999,0.032400000000000005,0.0766,-0.024700000000000003,-0.025699999999999997,-0.005600000000000001,-0.009300000000000001,0.076,0.032,-0.0277,-0.033,0.048499999999999995,0.0074,0.012,-0.019,0.0512,-0.0091,-0.0131,-0.08800000000000001,-0.056600000000000004,-0.0438,0.0509,-0.009000000000000001,-0.0088,0.041100000000000005,0.0632,0.073,-0.0109,0.034,-0.0452,-0.0017000000000000001,-0.009300000000000001,0.0175,-0.023399999999999997,-0.0358,-0.0023,-0.0002,-0.0462,-0.07339999999999999
1998-02-28,0.1369,0.0319,0.0453,0.046900000000000004,0.0463,0.0946,0.057999999999999996,0.059000000000000004,0.0916,0.1085,0.11259999999999999,0.0708,0.0481,0.0812,0.08109999999999999,0.0699,0.087,0.0814,0.039599999999999996,0.08900000000000001,0.1162,0.0159,0.1233,0.135,0.0279,0.1191,0.0187,0.0239,0.0814,0.0678,0.0264,0.0241,0.049400000000000006,0.0904,0.10039999999999999,0.11800000000000001,0.09449999999999999,0.09630000000000001,0.0487,0.1148,0.0395,0.0727,0.1112,0.10769999999999999,0.0862,0.0885,-0.015700000000000002,0.1108,0.043
1998-03-31,-0.004,0.043899999999999995,0.1043,0.12480000000000001,-0.0329,-0.0024,0.0024,0.055999999999999994,0.0408,0.047599999999999996,0.051100000000000007,0.0212,0.0365,0.0556,0.031200000000000002,0.0608,0.0885,0.0683,0.0236,0.0507,0.023399999999999997,0.096,0.0601,-0.0042,0.028399999999999998,-0.019299999999999998,0.0673,0.1346,0.052000000000000005,0.048,0.067,0.1009,0.0742,0.06570000000000001,-0.0318,0.08810000000000001,-0.0204,0.0004,0.0219,0.0542,0.06849999999999999,0.032400000000000005,0.0747,0.0642,0.0582,0.0591,0.0351,0.06269999999999999,0.1042
1998-04-30,0.056600000000000004,-0.0473,0.022099999999999998,-0.0308,-0.10949999999999999,0.0466,0.1052,0.0138,0.0109,0.0154,0.0167,0.0063,0.0212,0.0282,0.0379,0.038,-0.0147,-0.0365,0.0443,-0.0077,0.013600000000000001,-0.0087,0.0149,0.011699999999999999,-0.019,-0.0011,0.057699999999999994,0.0163,-0.0039000000000000003,0.0374,-0.024900000000000002,-0.0321,-0.0944,0.0026,0.10640000000000001,0.0068000000000000005,0.0643,-0.0048,0.0347,-0.0362,-0.029900000000000003,0.017,-0.0031,0.0051,0.0202,0.0166,-0.0034999999999999996,0.0384,0.07400000000000001
1998-05-31,0.0475,0.0070999999999999995,0.0168,0.028999999999999998,0.0063,-0.0545,-0.071,-0.0086,-0.011899999999999999,-0.0073,-0.0623,-0.0183,-0.0226,0.0113,-0.026600000000000002,-0.03,-0.0256,-0.0621,-0.0931,-0.0603,-0.0622,-0.0253,0.09630000000000001,-0.0359,0.0146,0.0022,-0.1985,-0.054400000000000004,-0.0252,-0.042699999999999995,-0.0109,-0.0182,-0.0593,-0.0395,-0.043899999999999995,-0.0697,-0.10189999999999999,-0.0635,-0.0556,0.008,-0.0471,-0.0368,0.038,0.0088,-0.028399999999999998,-0.0143,-0.045899999999999996,-0.020099999999999996,-0.056600000000000004
1998-06-30,0.0527,-0.0023,0.046799999999999994,0.0677,0.0588,0.0192,-0.0348,0.0623,0.0369,0.0192,-0.0415,0.0473,0.0731,-0.034300000000000004,-0.0042,-0.0697,-0.0204,0.0673,-0.0594,-0.0625,-0.056799999999999996,0.0599,0.0223,-0.019799999999999998,-0.053099999999999994,-0.0603,-0.0467,-0.0679,-0.0252,-0.0123,0.03,0.029300000000000003,0.0066,0.061200000000000004,0.053,0.17800000000000002,0.0512,-0.0424,-0.0664,-0.077,0.01,0.0023,0.0689,0.006500000000000001,0.027200000000000002,0.0464,-0.0108,0.060599999999999994,0.0286
1998-07-31,-0.1392,-0.071,-0.141,-0.0449,0.10550000000000001,-0.0981,-0.0108,-0.0263,-0.0344,-0.10980000000000001,-0.0797,0.013000000000000001,0.0018,-0.08789999999999999,-0.0421,-0.0913,-0.06269999999999999,-0.005,-0.0633,-0.062,-0.10210000000000001,-0.0231,-0.004699999999999999,-0.055,-0.042699999999999995,-0.059000000000000004,-0.1703,0.024900000000000002,0.08259999999999999,-0.068,-0.0541,0.0384,-0.0787,-0.0604,0.0602,-0.050300000000000004,0.0434,-0.0679,-0.0645,-0.0801,-0.061,-0.0397,-0.021400000000000002,-0.0431,0.009000000000000001,-0.049800000000000004,-0.0842,-0.021400000000000002,0.044199999999999996
1998-08-31,-0.023799999999999998,-0.0828,-0.26030000000000003,-0.1974,-0.051500000000000004,-0.16010000000000002,-0.23800000000000002,-0.0999,-0.10859999999999999,-0.2213,-0.2346,-0.1617,-0.1094,-0.1191,-0.17670000000000002,-0.1656,-0.18309999999999998,-0.23829999999999998,-0.1776,-0.1986,-0.1977,-0.11359999999999999,-0.1981,-0.20559999999999998,-0.0998,-0.1159,-0.24670000000000003,-0.1492,-0.2484,-0.10039999999999999,0.0196,-0.12359999999999999,-0.2024,-0.1711,-0.1388,-0.1875,-0.2122,-0.1507,-0.1408,-0.215,-0.1681,-0.1793,-0.1315,-0.1483,-0.2408,-0.15789999999999998,-0.1797,-0.2594,-0.2257
1998-09-30,-0.08460000000000001,0.0554,0.0471,-0.0508,0.1253,-0.0738,-0.0012,-0.0021,-0.0501,0.042199999999999994,-0.030299999999999997,0.0817,0.1365,0.0068000000000000005,-0.029300000000000003,-0.0872,-0.0298,0.0907,0.091,0.038599999999999995,0.022000000000000002,0.0002,0.019,0.0616,0.0416,0.13419999999999999,0.6898000000000001,0.047599999999999996,0.0518,0.13119999999999998,0.0817,0.1027,0.0388,0.0815,0.1726,0.1924,0.09230000000000001,0.060700000000000004,0.0625,-0.0278,0.016200000000000003,0.10830000000000001,-0.0043,0.0089,0.0437,0.027999999999999997,-0.0677,-0.0942,0.12119999999999999
1998-10-31,-0.0233,0.0855,0.389,0.1575,0.1079,0.1784,0.0527,0.07490000000000001,0.18710000000000002,0.06,0.0348,0.053899999999999997,0.0364,0.0177,0.14800000000000002,0.028300000000000002,0.13,0.0909,0.08220000000000001,0.0452,0.1396,0.09949999999999999,0.10769999999999999,0.1391,0.1707,0.0902,-0.0042,0.0922,0.0298,0.011000000000000001,-0.0177,0.0674,0.0361,0.048499999999999995,0.0789,-0.0098,0.1291,0.1366,0.0843,0.1898,0.08130000000000001,0.042800000000000005,0.12359999999999999,0.10619999999999999,0.0882,0.0708,0.0070999999999999995,0.17920000000000003,0.0227
1998-11-30,0.0676,0.0417,0.0496,0.057800000000000004,0.092,0.005600000000000001,0.1485,0.0877,0.0088,0.0545,0.0722,0.0588,0.0617,0.0443,0.0584,0.0868,0.0363,0.0479,-0.0212,-0.0029,0.0298,0.039599999999999996,0.051500000000000004,0.1012,0.015600000000000001,-0.0481,-0.08039999999999999,0.042800000000000005,0.061,0.005,0.013300000000000001,0.0366,0.16269999999999998,0.042300000000000004,0.0894,0.15130000000000002,0.1353,0.0206,0.0608,0.0895,0.0302,0.0197,0.1104,0.036000000000000004,0.0564,0.0548,0.048499999999999995,0.11460000000000001,-0.013300000000000001
1998-12-31,-0.0599,-0.014199999999999999,-0.029900000000000003,-0.0034000000000000002,-0.0316,-0.17350000000000002,-0.006999999999999999,0.0993,0.053099999999999994,0.0426,0.0181,0.0906,0.046,-0.045599999999999995,0.0322,0.0453,0.0279,0.1401,-0.0076,-0.038,0.003,0.11689999999999999,0.0373,-0.06709999999999999,0.0401,-0.1516,-0.0533,0.0215,0.2242,-0.0172,0.0286,0.1439,0.0454,0.0776,0.16140000000000002,0.17550000000000002,0.1367,0.0102,-0.0040999999999999995,0.022000000000000002,0.0378,0.0443,0.1051,0.0727,0.039599999999999996,0.0191,0.0371,0.0219,0.047
1999-01-31,0.0235,-0.042199999999999994,-0.0434,-0.0165,-0.1223,0.0108,0.0917,0.0002,-0.0204,0.0584,-0.1689,0.0194,0.0098,-0.052199999999999996,0.024399999999999998,-0.07150000000000001,0.106,0.06849999999999999,0.037000000000000005,0.0055000000000000005,0.058899999999999994,0.0226,0.0781,0.006,-0.0287,-0.1449,-0.0085,-0.0301,0.1902,-0.0559,-0.0625,0.0913,-0.0906,0.0279,0.1618,0.19010000000000002,0.11449999999999999,0.0375,-0.0338,0.0236,0.0087,-0.006999999999999999,0.0332,0.0183,-0.0034000000000000002,-0.027999999999999997,0.0069,0.1249,-0.0654
1999-02-28,-0.1155,-0.0319,-0.1084,-0.0132,-0.16,0.0479,0.0483,0.0008,-0.013600000000000001,0.0131,-0.1128,-0.0472,0.0129,0.0111,-0.0536,-0.0859,-0.0703,-0.0559,-0.053099999999999994,-0.1307,-0.0326,-0.043899999999999995,-0.054299999999999994,0.042,-0.0154,0.0506,-0.0273,-0.0128,0.0621,-0.0359,-0.0363,-0.028900000000000002,-0.12140000000000001,-0.059800000000000006,-0.14029999999999998,-0.1067,-0.1125,-0.0467,-0.0146,-0.0204,-0.012,-0.0594,-0.01,0.0711,-0.0043,0.029500000000000002,-0.0866,0.0051,0.0001
1999-03-31,0.2832,-0.05,-0.0326,-0.0167,-0.0913,0.022799999999999997,-0.0582,0.0342,0.0481,0.0113,-0.0209,0.059000000000000004,0.0229,0.0359,-0.0058,-0.0673,0.058899999999999994,0.0556,-0.0253,-0.0281,0.0287,0.0906,-0.0089,0.0453,0.028900000000000002,0.0017000000000000001,-0.0425,0.0276,0.2982,0.1471,-0.016399999999999998,-0.0068000000000000005,0.0111,0.0315,0.0576,0.1469,0.050300000000000004,-0.0127,0.0070999999999999995,0.0697,0.029900000000000003,-0.0319,0.035,0.036000000000000004,0.018000000000000002,0.0241,-0.0301,0.0983,-0.0258
1999-04-30,0.0265,0.008,0.1121,0.050499999999999996,0.0009,0.1324,0.0366,0.054900000000000004,0.0418,0.0851,0.19899999999999998,0.006,-0.0722,0.22010000000000002,0.1948,0.0848,0.0103,0.1588,0.3024,0.2552,0.16210000000000002,-0.024,0.0933,0.1506,0.09880000000000001,0.1394,0.25920000000000004,0.19260000000000002,0.2291,0.1545,0.0735,0.0775,0.0604,0.0334,0.0394,-0.0431,0.08449999999999999,0.1175,0.2306,0.0315,0.1173,0.0529,-0.0051,-0.0077,0.0801,0.0245,0.0659,0.0803,0.18739999999999998
1999-05-31,-0.0124,0.0393,0.0454,-0.0060999999999999995,0.1,-0.0475,-0.054900000000000004,-0.015600000000000001,-0.029900000000000003,-0.026000000000000002,0.0271,-0.013500000000000002,-0.0235,-0.059800000000000006,0.0115,0.0248,-0.0208,0.0079,-0.0738,0.08310000000000001,-0.0222,-0.0258,-0.05,-0.02,-0.0132,-0.0356,-0.22210000000000002,-0.047400000000000005,-0.1222,-0.026699999999999998,0.0673,0.0066,-0.016,-0.0254,0.016200000000000003,-0.022000000000000002,-0.022799999999999997,0.0239,-0.0433,-0.0274,-0.049100000000000005,0.0264,-0.0348,-0.0691,-0.06269999999999999,0.0039000000000000003,0.028900000000000002,-0.0262,0.0087
1999-06-30,0.0269,0.015700000000000002,-0.1438,-0.0435,0.0481,-0.0115,0.0655,0.0437,0.0116,0.0174,-0.035699999999999996,0.0458,0.0481,0.0262,0.0315,0.0347,-0.0626,-0.0962,0.08800000000000001,0.1204,0.0946,0.10369999999999999,-0.0146,0.0663,0.0725,-0.0646,0.0782,0.08810000000000001,-0.2302,-0.0055000000000000005,-0.0449,0.0588,0.0392,0.061500000000000006,0.1051,0.0965,0.16190000000000002,0.1051,0.021099999999999997,0.1356,0.009899999999999999,0.0604,0.0906,0.0379,0.0458,-0.0017000000000000001,0.013300000000000001,0.0222,0.0737
1999-07-31,-0.025,-0.041299999999999996,-0.0024,0.0026,-0.0691,-0.0665,-0.0647,-0.0067,-0.0097,-0.0908,-0.0842,0.0031,-0.048799999999999996,-0.001,-0.0286,-0.0326,-0.004,-0.056600000000000004,-0.0113,-0.0682,-0.0137,-0.0276,-0.0767,0.0005,-0.0183,-0.0489,-0.0622,-0.0907,-0.10710000000000001,0.0216,-0.0058,-0.0172,-0.0697,-0.0416,0.0155,-0.0663,0.0375,-0.0059,0.0126,-0.0699,-0.0219,-0.005,-0.061500000000000006,-0.0252,-0.0564,-0.0262,-0.0646,-0.1174,-0.2357
1999-08-31,-0.022400000000000003,-0.0152,-0.0684,-0.038599999999999995,0.005600000000000001,-0.0787,-0.0034000000000000002,-0.0986,0.0263,-0.1165,-0.043899999999999995,-0.0064,0.0475,-0.0574,-0.0746,-0.0868,-0.0191,-0.0786,-0.004699999999999999,-0.1011,-0.0182,0.022799999999999997,0.04190000000000001,-0.0177,-0.058600000000000006,0.027200000000000002,0.0722,-0.0287,0.1151,0.016,0.0058,-0.0825,-0.1027,-0.0363,0.07919999999999999,0.030299999999999997,0.0867,0.0031,-0.035699999999999996,-0.0694,-0.0827,-0.04650000000000001,-0.063,-0.0408,-0.05,-0.050199999999999995,-0.0833,-0.057699999999999994,-0.1013
1999-09-30,-0.035,-0.0349,-0.1691,-0.15,-0.0705,-0.06570000000000001,-0.022099999999999998,0.015600000000000001,-0.1,0.039,-0.0855,-0.086,-0.068,-0.0541,-0.0379,-0.1354,-0.11560000000000001,-0.016399999999999998,-0.0255,-0.0206,-0.0146,0.045700000000000005,-0.0672,-0.0665,-0.0126,-0.10060000000000001,0.2167,-0.0388,-0.1112,-0.0369,-0.042800000000000005,0.04650000000000001,-0.07519999999999999,0.0344,-0.0206,0.0342,-0.037000000000000005,0.0121,-0.0282,-0.0911,-0.06480000000000001,-0.052000000000000005,0.0252,0.0209,-0.036699999999999997,-0.10710000000000001,0.0021,-0.0414,-0.060700000000000004
1999-10-31,0.0282,0.09539999999999998,0.0866,0.1646,-0.24960000000000002,-0.1133,0.0286,0.1139,0.11699999999999999,0.0052,0.0282,-0.0371,0.1298,0.022099999999999998,-0.058499999999999996,0.024,0.0166,-0.0633,0.0105,-0.1134,0.025699999999999997,0.1219,0.0278,0.009300000000000001,-0.0801,-0.3089,-0.12960000000000002,0.016,0.24850000000000003,-0.0255,0.0216,0.083,-0.044000000000000004,0.0259,0.0084,0.025,0.0599,-0.0203,0.0481,0.0204,0.0776,-0.0641,0.059699999999999996,-0.0451,0.149,0.13470000000000001,-0.0545,0.1173,-0.01
1999-11-30,-0.08199999999999999,-0.064,-0.1204,0.0886,0.035,0.0784,0.057699999999999994,-0.0859,0.0027,-0.09720000000000001,0.1067,0.067,0.0060999999999999995,-0.0062,0.0288,0.0215,0.028399999999999998,0.0248,0.0735,-0.0334,0.0027,-0.0341,-0.0347,-0.0452,-0.039,-0.0028000000000000004,0.039900000000000005,-0.009899999999999999,-0.0144,0.0403,-0.0736,0.0461,0.0052,0.047400000000000005,0.1793,0.1193,0.11230000000000001,0.0701,-0.0064,-0.0207,-0.051100000000000007,0.0449,0.0406,0.0475,-0.0567,-0.0354,0.0118,0.0513,-0.034300000000000004
1999-12-31,-0.0592,-0.0587,-0.047599999999999996,-0.0883,-0.1032,-0.0223,0.0828,0.1346,0.037200000000000004,0.038,0.0626,-0.0105,-0.0661,0.06559999999999999,0.0362,0.0255,0.0368,0.0409,0.22399999999999998,0.021099999999999997,0.11699999999999999,0.17329999999999998,0.033,0.0401,-0.011000000000000001,0.0695,-0.0124,0.1103,0.19820000000000002,-0.0023,-0.023700000000000002,0.0453,-0.0001,0.17850000000000002,0.1848,0.2613,0.1576,0.16920000000000002,0.0721,0.0385,-0.0032,0.0797,0.0821,-0.0712,-0.0519,0.0165,0.0027,0.10869999999999999,0.1211
2000-01-31,-0.0315,-0.1042,0.2046,-0.0229,-0.0877,-0.13720000000000002,0.0464,-0.0052,-0.06570000000000001,-0.1183,0.0034000000000000002,0.0886,0.07780000000000001,-0.0925,-0.0858,-0.0759,-0.11320000000000001,-0.0764,-0.0233,-0.0143,-0.0055000000000000005,-0.1247,-0.0118,-0.091,-0.1076,-0.1273,-0.15710000000000002,-0.0196,0.4075,-0.0129,0.0554,-0.0385,-0.083,-0.076,-0.0304,-0.1025,-0.0036,0.09720000000000001,-0.0848,-0.1305,-0.0933,0.08789999999999999,-0.1429,-0.0732,-0.0253,-0.07400000000000001,-0.0026,-0.0682,0.0022
2000-02-29,0.06849999999999999,-0.07139999999999999,-0.08650000000000001,-0.1166,-0.04,0.0040999999999999995,-0.0333,-0.0029,-0.1168,-0.1057,-0.18510000000000001,0.0654,-0.0304,-0.07400000000000001,0.056299999999999996,-0.06,-0.0761,0.0167,0.0726,0.0077,0.0933,-0.0072,-0.0872,-0.0725,-0.057999999999999996,-0.0593,0.053899999999999997,-0.08779999999999999,-0.0345,-0.0581,-0.0707,-0.0369,-0.0848,0.0062,0.2113,0.10880000000000001,0.2656,0.2139,-0.1162,-0.1272,-0.053,0.0144,-0.0416,-0.1204,-0.1131,-0.1311,0.020099999999999996,0.0677,-0.0148
2000-03-31,0.043899999999999995,0.1036,-0.0039000000000000003,0.0018,0.0521,0.0783,0.111,0.1265,-0.1476,0.2494,0.2072,0.0074,-0.0083,0.1247,-0.0518,0.0521,0.1189,0.1476,0.0347,0.0608,0.0599,0.1698,0.0992,0.09939999999999999,0.1255,0.1309,-0.0217,0.08539999999999999,-0.0723,0.1376,0.058899999999999994,0.0827,0.1056,0.0058,0.0788,0.0171,0.044000000000000004,0.011899999999999999,0.0828,0.1276,0.12689999999999999,0.0725,0.1441,0.1609,0.1509,0.23260000000000003,0.040999999999999995,0.1478,-0.0191
2000-04-30,-0.0583,-0.051100000000000007,-0.0060999999999999995,0.0369,0.0383,0.0013,0.044500000000000005,-0.0768,0.046799999999999994,0.0365,0.08800000000000001,0.0105,0.0547,-0.0384,0.0179,0.0637,0.0113,0.018000000000000002,-0.0105,-0.032,0.0513,0.006500000000000001,0.1173,0.0436,0.1344,0.1936,0.024399999999999998,-0.068,-0.1536,-0.013000000000000001,0.0742,-0.0833,0.0070999999999999995,-0.0421,-0.0601,-0.19030000000000002,-0.0508,-0.042699999999999995,-0.0052,-0.08259999999999999,0.0344,-0.0323,-0.055,0.037200000000000004,-0.0285,-0.0002,-0.0241,-0.1124,0.0919
2000-05-31,-0.011200000000000002,0.1736,-0.0733,0.11900000000000001,0.1946,0.011200000000000002,0.0134,-0.0643,0.028999999999999998,-0.0537,-0.060899999999999996,-0.0101,0.0482,0.0005,-0.0482,-0.039599999999999996,-0.0758,-0.04019999999999999,-0.0449,-0.09539999999999998,-0.09880000000000001,0.0024,-0.1499,-0.0092,0.0069,-0.0013,0.0223,0.0111,-0.1276,0.11019999999999999,0.039599999999999996,-0.09970000000000001,-0.07,-0.028999999999999998,-0.1492,-0.1023,-0.0915,-0.0849,-0.0187,-0.025,-0.0364,0.014499999999999999,-0.0313,-0.0425,0.0796,0.0625,-0.0318,-0.0672,0.1048
2000-06-30,0.0022,0.0177,0.013300000000000001,0.0608,0.0304,-0.0168,-0.0098,-0.0029,-0.0292,-0.0774,0.1016,0.008100000000000001,0.12390000000000001,-0.0637,0.027200000000000002,-0.08929999999999999,-0.0183,-0.0038,0.16079999999999997,-0.0076,0.0108,0.0068000000000000005,-0.121,-0.0987,-0.0851,-0.0322,-0.0291,-0.0708,0.1481,-0.0617,-0.046799999999999994,0.039900000000000005,0.01,0.028300000000000002,0.1776,0.1386,0.0842,0.115,-0.0608,-0.0296,-0.018600000000000002,-0.022099999999999998,-0.019799999999999998,-0.0394,-0.0989,-0.0277,-0.0143,0.1449,0.0302
2000-07-31,-0.0443,-0.0178,0.1335,0.06570000000000001,-0.043899999999999995,-0.099,-0.011699999999999999,-0.0152,-0.024,0.0556,0.11630000000000001,0.0111,-0.0812,0.0086,0.0078000000000000005,0.0455,-0.0213,-0.024399999999999998,-0.062,0.0661,-0.0639,0.0002,0.049,0.071,0.0765,0.11939999999999999,-0.192,-0.004699999999999999,0.11380000000000001,-0.027000000000000003,0.0387,-0.0727,0.0395,-0.0233,0.0101,-0.09029999999999999,-0.054900000000000004,-0.1217,0.048799999999999996,0.002,0.09699999999999999,0.042699999999999995,-0.0196,-0.020099999999999996,0.0836,0.094,0.03,0.08439999999999999,-0.0161
2000-08-31,-0.009899999999999999,-0.029500000000000002,-0.022000000000000002,-0.10949999999999999,0.19039999999999999,0.019799999999999998,0.0562,0.0219,0.0385,0.0304,0.0673,0.068,0.0291,0.0265,0.0231,-0.0337,0.0322,0.14429999999999998,0.2505,0.1945,0.0915,0.073,0.0594,0.10300000000000001,0.1002,0.014499999999999999,0.038900000000000004,0.046,0.1794,0.0874,0.1166,-0.0149,0.11789999999999999,0.022000000000000002,0.1332,0.1243,0.12380000000000001,0.1882,0.0208,0.0158,-0.028399999999999998,0.1036,-0.0529,-0.0070999999999999995,0.1023,0.042699999999999995,-0.0006,0.1861,0.1369
2000-09-30,0.0441,0.0599,-0.0992,0.0546,0.0095,0.0024,-0.0947,0.0060999999999999995,-0.0147,-0.0063,0.105,-0.0148,0.0409,-0.0349,-0.10800000000000001,0.0591,-0.0392,-0.0248,-0.12269999999999999,-0.1219,-0.16440000000000002,-0.1061,-0.051399999999999994,0.0843,0.0092,0.15130000000000002,-0.0791,-0.067,-0.1373,0.0462,0.08800000000000001,-0.044500000000000005,-0.0231,-0.028999999999999998,-0.12279999999999999,-0.0958,-0.2414,-0.0906,-0.05,-0.12140000000000001,-0.0291,0.0364,0.0245,0.016200000000000003,0.0382,0.07429999999999999,-0.0139,-0.07519999999999999,-0.012199999999999999
2000-10-31,-0.1033,0.060899999999999996,0.13419999999999999,0.0895,0.228,0.0682,-0.0431,-0.023,0.0953,0.039,0.061799999999999994,-0.0129,0.0231,0.0258,-0.133,-0.0279,0.0675,0.0397,-0.1215,-0.0359,-0.0487,-0.1093,0.0292,0.1431,0.12869999999999998,0.08449999999999999,-0.20309999999999997,0.0327,0.0716,-0.028399999999999998,-0.0167,-0.0017000000000000001,-0.0478,-0.0029,-0.0535,-0.09029999999999999,-0.0767,-0.065,0.1103,0.0076,0.0802,-0.025699999999999997,-0.0208,0.0426,-0.0113,0.041299999999999996,-0.0031,-0.0564,-0.0536
2000-11-30,-0.010700000000000001,0.0361,0.155,0.04190000000000001,0.0407,-0.0666,-0.1331,-0.059000000000000004,0.0025,0.0418,0.05,-0.0045000000000000005,0.0068000000000000005,0.0092,0.0031,-0.008199999999999999,-0.0333,0.0013,-0.1565,-0.0333,-0.1003,-0.0953,-0.1336,-0.015300000000000001,0.0613,-0.0391,0.16620000000000001,0.0096,0.09300000000000001,-0.0255,0.0296,-0.1653,-0.052000000000000005,-0.0639,-0.2395,-0.22899999999999998,-0.25370000000000004,-0.1514,0.0151,-0.1481,0.0143,-0.0683,-0.0023,0.0508,-0.035,-0.0062,0.018000000000000002,-0.1795,-0.0839
2000-12-31,0.1182,0.0604,-0.048600000000000004,-0.0259,0.1707,0.0256,-0.0989,0.1085,0.0304,0.1459,0.11900000000000001,0.054900000000000004,0.0279,0.10099999999999999,0.1389,0.057800000000000004,0.12619999999999998,0.11599999999999999,0.0189,-0.08839999999999999,0.0998,0.0641,-0.0012,-0.0031,0.0225,0.0079,0.014499999999999999,0.0712,0.4409,0.0738,0.0647,-0.042699999999999995,0.1306,-0.0023,-0.1441,-0.0855,-0.0397,0.1359,0.1065,0.18760000000000002,0.0418,0.1284,0.0433,0.0241,0.0975,0.0675,0.0359,0.16690000000000002,-0.0124
2001-01-31,0.0521,-0.0518,0.0223,-0.0472,0.0007000000000000001,0.0981,0.22460000000000002,0.0231,-0.036699999999999997,0.034300000000000004,-0.13570000000000002,-0.0431,-0.0876,-0.048499999999999995,0.1182,0.0889,-0.0236,0.0359,0.061500000000000006,0.1081,0.1112,0.0232,0.1509,-0.0559,-0.0682,0.025,-0.0101,0.0255,-0.0248,-0.034300000000000004,-0.1023,0.155,0.0722,0.0344,0.1003,0.21489999999999998,0.18350000000000002,0.0302,-0.043,0.0706,0.058600000000000006,-0.0187,0.09759999999999999,-0.0377,0.0187,-0.0973,0.0388,0.0855,-0.0383
2001-02-28,-0.0495,0.0109,0.0732,-0.0632,0.0947,0.049800000000000004,-0.0785,0.0,-0.0116,-0.1106,0.062,-0.0014000000000000002,-0.0097,-0.018600000000000002,-0.0171,-0.025,0.0096,-0.003,-0.2384,-0.0694,-0.0908,-0.1424,-0.006500000000000001,0.042,-0.0277,0.0894,0.1047,-0.0084,0.23079999999999998,-0.0013,0.061799999999999994,-0.10300000000000001,0.0183,-0.0524,-0.33909999999999996,-0.1905,-0.31620000000000004,-0.20679999999999998,0.030899999999999997,-0.057300000000000004,-0.0519,-0.0478,-0.0617,-0.0006,-0.044800000000000006,-0.0031,0.0192,-0.15560000000000002,0.012199999999999999
2001-03-31,0.025099999999999997,-0.030699999999999998,-0.1344,-0.09480000000000001,-0.0018,-0.0084,-0.0943,-0.0653,-0.0895,-0.0109,-0.06,-0.0605,-0.0909,-0.045700000000000005,0.0125,-0.0435,-0.0368,0.0513,-0.084,0.0258,-0.021,-0.1188,-0.0212,-0.0949,-0.0782,-0.0407,-0.053200000000000004,-0.011399999999999999,0.1892,-0.0019,0.0105,-0.06,-0.039,-0.1003,-0.18710000000000002,-0.1445,-0.0901,-0.1861,-0.060599999999999994,-0.0369,-0.0222,-0.0611,-0.02,-0.05,-0.0177,-0.0172,-0.0159,-0.1293,-0.0805
2001-04-30,-0.0161,-0.02,0.0233,-0.0213,0.056799999999999996,-0.0006,0.16519999999999999,0.052000000000000005,0.016200000000000003,0.0717,0.045,-0.0001,0.0483,0.0608,0.0472,0.0525,0.0146,0.0703,0.1333,-0.0191,0.1537,0.0969,0.0747,0.11460000000000001,0.2205,-0.0031,0.1489,0.0393,0.08439999999999999,0.1002,0.0541,0.0401,0.0387,0.07919999999999999,0.125,0.21530000000000002,0.18460000000000001,0.1805,0.0579,0.0668,0.0365,0.08109999999999999,0.049699999999999994,0.0675,0.0282,0.0282,0.0363,0.1292,0.1341
2001-05-31,0.0753,0.0282,-0.0026,0.0467,0.022400000000000003,0.095,0.1011,0.030299999999999997,0.0546,0.0401,0.0202,0.0264,0.028300000000000002,0.011899999999999999,-0.0077,0.024700000000000003,0.036000000000000004,-0.0219,0.0021,-0.0169,-0.0018,0.0447,-0.032799999999999996,0.0259,0.0079,0.07919999999999999,0.0932,0.1197,-0.1369,0.0019,0.004699999999999999,-0.0163,0.1059,0.0462,-0.0371,0.003,-0.09140000000000001,-0.0134,0.0123,0.044500000000000005,0.0495,-0.004,0.0168,0.042199999999999994,0.0443,0.0212,0.0391,0.0371,0.011200000000000002
2001-06-30,0.0351,-0.0042,-0.0535,-0.0492,-0.005,0.0269,-0.0599,0.0031,0.0076,-0.0189,0.1503,0.0262,-0.0481,-0.028300000000000002,0.0096,0.0433,0.008,-0.0197,-0.073,0.0759,-0.0483,-0.08070000000000001,0.0461,-0.1549,-0.0001,-0.0297,0.0132,-0.061399999999999996,-0.1655,-0.0742,-0.061500000000000006,-0.0268,0.0833,-0.0212,-0.023799999999999998,0.049400000000000006,-0.0037,-0.0527,-0.0436,-0.0127,-0.0345,-0.0204,-0.026099999999999998,-0.037000000000000005,0.008100000000000001,0.0199,0.0349,-0.0252,-0.0075
2001-07-31,-0.0024,0.0346,-0.0097,0.0079,-0.0919,-0.0316,-0.08289999999999999,-0.0116,0.0464,0.0009,0.023799999999999998,0.014499999999999999,0.023799999999999998,-0.0294,-0.071,0.1005,-0.0012,0.0137,-0.0231,-0.0688,-0.0235,-0.0583,0.0379,0.0326,0.042300000000000004,0.0693,-0.0073,-0.09,-0.1649,-0.0212,-0.0384,-0.0096,0.0385,-0.0335,-0.0803,-0.1142,-0.0137,-0.0519,0.0552,0.0633,0.0024,0.002,0.054299999999999994,0.0383,0.008,-0.0187,-0.008199999999999999,-0.0412,-0.09630000000000001
2001-08-31,0.0572,0.0356,0.042800000000000005,0.0613,0.0467,0.015300000000000001,-0.015300000000000001,-0.0824,0.0108,-0.0451,-0.018799999999999997,-0.0144,-0.0341,-0.0121,0.034300000000000004,-0.0362,0.024700000000000003,-0.0713,-0.0633,-0.1186,-0.0527,-0.0226,-0.1377,-0.0633,-0.0126,0.0108,0.0897,-0.010700000000000001,0.0676,-0.035699999999999996,0.0053,-0.0864,-0.031200000000000002,-0.0449,-0.16390000000000002,-0.1505,-0.0842,-0.0558,-0.019299999999999998,-0.0083,-0.0478,-0.0421,-0.0839,0.011399999999999999,-0.0604,-0.0334,-0.0014000000000000002,-0.059699999999999996,-0.0571
2001-09-30,-0.08560000000000001,-0.0046,0.014199999999999999,-0.0322,0.028999999999999998,-0.1754,-0.1761,-0.11380000000000001,-0.05,-0.17739999999999997,-0.0127,-0.0154,-0.0046,-0.0951,-0.08410000000000001,-0.1555,-0.12619999999999998,-0.17329999999999998,-0.22,-0.1793,-0.19879999999999998,-0.1338,-0.1787,-0.2919,0.0803,0.1036,0.13369999999999999,-0.1047,-0.15689999999999998,-0.061200000000000004,-0.066,-0.0235,-0.06509999999999999,-0.1223,-0.2502,-0.1371,-0.2504,-0.1862,-0.0858,-0.12480000000000001,-0.17800000000000002,-0.08560000000000001,-0.0977,-0.13419999999999999,-0.0596,-0.0040999999999999995,-0.0716,-0.1419,-0.1231
2001-10-31,-0.013000000000000001,0.015600000000000001,0.06559999999999999,0.013600000000000001,-0.0282,0.1475,0.0467,0.003,0.012199999999999999,0.0759,-0.0741,-0.0125,0.022400000000000003,0.0361,0.1097,0.0567,0.0461,0.050199999999999995,0.025,0.0482,0.1058,0.0036,-0.0172,0.0642,-0.0473,0.1052,-0.0529,-0.0305,0.3,0.0496,0.0176,-0.09570000000000001,-0.0297,0.058499999999999996,0.2539,0.1245,0.1752,0.1215,0.0095,0.0654,0.0507,-0.073,0.0344,0.0286,-0.0172,-0.0286,0.0183,0.0246,-0.0176
2001-11-30,0.06269999999999999,0.0102,-0.0424,-0.0003,0.011899999999999999,0.051500000000000004,0.1414,0.12279999999999999,0.060700000000000004,0.0977,0.0182,0.08789999999999999,0.0475,0.11109999999999999,-0.0084,0.0724,0.0719,0.1065,0.1574,0.009300000000000001,0.0796,0.10619999999999999,0.17379999999999998,0.0934,0.0146,-0.0462,-0.11380000000000001,0.11710000000000001,-0.1409,-0.0412,-0.0143,0.058499999999999996,0.0655,0.09390000000000001,0.235,0.12119999999999999,0.195,0.1124,0.09630000000000001,0.0818,0.1201,-0.0359,0.1305,0.059000000000000004,0.06280000000000001,0.0535,0.0506,0.1202,0.0658
2001-12-31,0.058499999999999996,0.0216,0.0746,0.0161,-0.0173,0.0062,0.0808,0.0323,0.0183,0.0705,0.0179,0.0466,-0.041100000000000005,-0.0137,0.0638,0.1223,0.064,0.1331,-0.027200000000000002,0.054900000000000004,0.0662,0.043899999999999995,-0.0341,0.0693,-0.0256,0.0058,0.0223,0.055099999999999996,0.10220000000000001,0.0593,0.0404,0.026000000000000002,0.0604,0.0649,-0.0698,0.026600000000000002,-0.038900000000000004,0.0697,0.0189,0.08259999999999999,0.030899999999999997,0.0105,0.0496,0.0414,0.0332,0.015,0.0797,0.0581,0.045
2002-01-31,-0.012,0.021099999999999997,-0.0858,-0.037599999999999995,0.08439999999999999,0.0603,0.054299999999999994,-0.0366,0.0268,0.053899999999999997,0.0095,-0.014499999999999999,-0.0279,-0.0173,0.0040999999999999995,0.0425,0.0149,0.0236,-0.0026,-0.0745,0.0227,0.018500000000000003,0.030899999999999997,0.044800000000000006,0.09910000000000001,0.12689999999999999,0.142,-0.0281,-0.09449999999999999,-0.0279,-0.0433,-0.07150000000000001,0.0277,-0.0264,0.0565,-0.0454,0.0336,-0.0461,-0.004,0.0839,0.06860000000000001,0.0337,0.0209,0.06309999999999999,-0.0055000000000000005,-0.0177,0.013500000000000002,-0.0279,-0.077
2002-02-28,-0.0105,0.0088,0.08130000000000001,0.0817,0.0504,-0.015700000000000002,0.0242,0.0702,0.026699999999999998,-0.0073,-0.0513,-0.0479,0.0053,0.048,0.0796,0.0572,0.046900000000000004,0.0536,0.0003,0.022099999999999998,0.0361,-0.0034000000000000002,0.059699999999999996,0.09539999999999998,0.0116,0.0635,0.113,0.0203,-0.0118,0.056100000000000004,-0.0036,-0.0275,0.0356,-0.0043,-0.2097,-0.09970000000000001,-0.1635,-0.013600000000000001,0.051500000000000004,0.0675,0.018000000000000002,-0.026699999999999998,0.0034000000000000002,-0.0132,-0.0138,0.014199999999999999,0.0074,-0.053399999999999996,0.021400000000000002
2002-03-31,0.0535,0.012,0.0605,0.08349999999999999,0.0159,0.08529999999999999,0.0901,0.0301,0.045,0.0478,0.1305,0.039,-0.0079,0.0513,0.09880000000000001,0.0072,0.020099999999999996,0.0085,0.0604,0.1018,0.1033,0.051,0.07490000000000001,0.030299999999999997,0.0388,0.034,0.1515,0.0471,0.149,0.0764,0.10289999999999999,0.0036,0.0206,0.0864,0.09519999999999999,0.0271,0.1013,0.08410000000000001,0.0103,0.1114,0.0298,0.0527,0.015300000000000001,0.0546,0.0797,0.0109,0.0282,0.1056,-0.011000000000000001
2002-04-30,0.04769999999999999,0.0095,0.0719,0.0504,0.0329,0.0223,0.0471,-0.0475,0.0009,0.028900000000000002,0.0858,-0.0294,-0.0949,-0.0484,0.004699999999999999,0.09630000000000001,0.0246,0.08199999999999999,-0.0713,0.0182,-0.0268,-0.014199999999999999,0.0168,-0.044800000000000006,0.0361,0.0863,0.040999999999999995,-0.0226,-0.0645,-0.0455,-0.0042,-0.1276,-0.016200000000000003,-0.055999999999999994,-0.0897,-0.16,-0.081,-0.1106,0.0229,0.0098,-0.0608,-0.0060999999999999995,-0.022099999999999998,0.039900000000000005,-0.0062,0.0255,0.027999999999999997,-0.10300000000000001,-0.1406
2002-05-31,0.0335,0.013300000000000001,0.11460000000000001,-0.005,0.0452,-0.027200000000000002,-0.046799999999999994,0.0015,-0.002,-0.016,-0.005699999999999999,0.0062,-0.028999999999999998,0.0208,0.029900000000000003,0.0005,-0.0027,-0.0482,0.0036,-0.1444,-0.0447,0.0348,0.0063,0.0021,0.0212,-0.0115,0.1109,0.042,0.0558,-0.008,-0.0692,0.03,-0.008,-0.018500000000000003,0.0016,-0.051500000000000004,-0.0359,-0.0693,0.0077,-0.0358,-0.0011,-0.051399999999999994,-0.0127,-0.0002,0.0084,-0.0171,-0.0173,-0.013600000000000001,-0.0144
2002-06-30,-0.0536,-0.027999999999999997,-0.0304,-0.0024,-0.22089999999999999,-0.0374,-0.0848,-0.0567,-0.0294,-0.0163,-0.048,-0.08789999999999999,-0.10099999999999999,-0.0096,0.0033,-0.052300000000000006,-0.0364,0.0213,-0.0518,0.0189,-0.0748,-0.0688,-0.0946,-0.013999999999999999,0.056600000000000004,0.09699999999999999,-0.14400000000000002,-0.0641,-0.0613,0.0006,-0.0581,-0.14400000000000002,0.013300000000000001,-0.1206,-0.114,-0.0443,-0.2415,-0.1017,-0.0259,-0.046900000000000004,-0.0088,-0.060700000000000004,-0.0512,-0.0429,-0.053200000000000004,-0.037000000000000005,-0.0317,-0.045,-0.0603
2002-07-31,-0.0803,-0.08779999999999999,-0.15560000000000002,-0.0729,0.0392,-0.1085,-0.1545,-0.052300000000000006,-0.0242,-0.1002,-0.0823,-0.056100000000000004,-0.0168,-0.0925,-0.1572,-0.2286,-0.0787,-0.179,-0.2039,-0.2891,-0.1422,-0.09119999999999999,-0.1251,-0.051399999999999994,-0.22510000000000002,-0.0754,-0.0839,-0.10949999999999999,-0.302,-0.1165,-0.1219,-0.1167,-0.0622,-0.1157,-0.0676,-0.10640000000000001,-0.0934,-0.1429,-0.0564,-0.1282,-0.0836,-0.1054,-0.1199,-0.094,-0.0736,-0.053899999999999997,-0.0751,-0.1003,0.071
2002-08-31,-0.0553,-0.0181,0.1097,0.024,0.0891,0.0435,0.051399999999999994,0.0379,0.0176,-0.011000000000000001,-0.0384,0.011699999999999999,0.0101,0.018600000000000002,0.0755,-0.0245,-0.0286,0.0058,-0.0483,-0.0066,-0.0079,0.0007000000000000001,-0.0147,-0.10890000000000001,-0.026600000000000002,-0.0011,0.17309999999999998,-0.0008,0.09880000000000001,0.0058,0.034,0.002,0.038,-0.0033,0.0070999999999999995,0.021099999999999997,-0.0644,-0.064,-0.0132,0.049800000000000004,-0.0213,0.0452,0.0191,-0.0392,0.0326,-0.0040999999999999995,0.0226,0.0444,-0.046900000000000004
2002-09-30,-0.025099999999999997,-0.041299999999999996,-0.0592,-0.0556,-0.21530000000000002,-0.1075,-0.040999999999999995,-0.0347,-0.0256,-0.0603,0.0213,-0.0227,-0.0728,-0.1115,-0.10339999999999999,-0.0658,-0.1059,-0.0767,-0.18460000000000001,-0.11599999999999999,-0.09970000000000001,-0.0974,-0.1329,-0.1192,0.028999999999999998,0.0196,-0.0382,-0.1175,-0.0814,-0.0785,-0.10880000000000001,-0.09849999999999999,-0.026099999999999998,-0.1042,-0.1911,-0.1612,-0.17579999999999998,-0.0935,-0.10800000000000001,-0.0426,-0.0638,-0.0636,-0.0949,-0.1363,-0.1104,-0.0799,-0.038599999999999995,-0.1421,-0.16329999999999997
2002-10-31,-0.0304,0.08039999999999999,0.127,-0.0043,0.0492,0.0165,0.13,0.06559999999999999,0.031400000000000004,0.0965,-0.1456,0.0256,0.0837,0.0564,-0.0044,0.0393,0.034300000000000004,0.0265,0.0642,-0.0883,0.09949999999999999,0.0533,-0.0858,0.0038,-0.021099999999999997,-0.1072,-0.099,-0.0796,0.0416,0.031400000000000004,-0.0060999999999999995,0.2194,-0.0108,0.0757,0.177,0.23920000000000002,0.1563,0.0805,0.0436,0.0139,0.0451,0.0541,0.0646,-0.0036,0.0806,0.049100000000000005,-0.012199999999999999,0.10439999999999999,0.0252
2002-11-30,0.0941,0.0017000000000000001,-0.0288,-0.030699999999999998,-0.06570000000000001,0.1175,0.0909,-0.0159,-0.0194,0.0528,-0.1047,0.045,0.048499999999999995,0.0946,0.0199,0.1206,0.0571,0.029300000000000003,0.182,0.0999,0.1213,0.1127,0.17489999999999997,0.0791,0.0379,-0.08929999999999999,-0.0483,0.13699999999999998,0.1033,0.029500000000000002,0.0158,0.11810000000000001,-0.019,0.0687,0.2107,0.1225,0.22870000000000001,0.1642,0.0757,0.10300000000000001,0.0365,-0.0333,0.0292,0.0567,0.023700000000000002,0.0165,0.022799999999999997,0.13570000000000002,0.0762
2002-12-31,-0.0195,0.005600000000000001,-0.042300000000000004,-0.0319,0.0897,-0.0659,-0.1435,-0.011899999999999999,-0.0003,-0.0483,-0.0163,-0.0026,-0.0492,-0.042699999999999995,-0.022400000000000003,-0.049100000000000005,-0.0167,-0.0302,-0.1027,-0.049400000000000006,-0.09230000000000001,-0.0449,-0.0774,-0.028399999999999998,-0.026699999999999998,0.0999,0.24359999999999998,0.0125,0.1211,0.0074,0.0383,-0.0951,0.0173,-0.0345,-0.1183,-0.1052,-0.2039,-0.09269999999999999,-0.0535,-0.0322,-0.01,-0.0268,-0.0803,-0.056299999999999996,-0.0337,-0.0377,0.0204,-0.109,-0.0861
2003-01-31,-0.0168,-0.042199999999999994,-0.0013,-0.0584,-0.061900000000000004,0.0173,-0.09910000000000001,0.0134,-0.026600000000000002,-0.043899999999999995,0.005,-0.0072,-0.0066,-0.0591,-0.0674,-0.048,-0.0556,0.025699999999999997,-0.0478,-0.0756,-0.057800000000000004,-0.046900000000000004,-0.029900000000000003,-0.009000000000000001,-0.155,-0.1157,-0.008199999999999999,-0.0132,-0.1424,-0.0239,-0.0321,-0.041100000000000005,-0.0168,-0.0401,-0.0006,-0.0143,-0.0113,-0.053099999999999994,-0.008100000000000001,-0.0882,-0.0513,-0.0227,-0.051,-0.0593,-0.0053,-0.0319,-0.021,-0.034300000000000004,-0.044000000000000004
2003-02-28,-0.057800000000000004,-0.0472,-0.0802,-0.008199999999999999,0.013000000000000001,0.0258,-0.0326,-0.0449,-0.0276,-0.031200000000000002,-0.0359,0.0256,-0.0265,-0.0416,-0.0064,-0.0416,0.0021,0.0006,0.022799999999999997,-0.0506,0.018600000000000002,-0.0009,-0.058899999999999994,-0.084,-0.0983,-0.1017,-0.0588,-0.0764,0.146,0.018500000000000003,-0.0398,-0.0645,-0.006500000000000001,-0.0478,0.0277,-0.0054,0.0444,-0.004,-0.0137,-0.037599999999999995,-0.0342,-0.0345,-0.0052,-0.0483,-0.021099999999999997,-0.062400000000000004,-0.004699999999999999,-0.0167,0.0275
2003-03-31,0.0388,0.0095,-0.1259,0.0105,-0.19870000000000002,0.0365,-0.0037,-0.0216,0.0647,0.057,0.0226,-0.0137,0.0481,0.0342,0.012,-0.0147,0.0034999999999999996,0.026099999999999998,-0.0326,-0.0528,-0.0182,-0.0446,-0.0368,-0.0542,-0.0571,0.0449,-0.0454,-0.0116,-0.035,0.0154,0.0431,-0.0043,0.053899999999999997,0.018799999999999997,-0.0273,0.0034999999999999996,-0.021,-0.0106,0.005699999999999999,0.0271,0.0434,-0.0051,0.055099999999999996,0.0518,-0.0097,0.0227,0.0204,0.0152,0.0529
2003-04-30,-0.015,0.0406,0.0764,0.0218,0.027000000000000003,0.0432,0.17309999999999998,0.0814,0.0342,0.0754,-0.0771,0.0535,0.049100000000000005,0.09939999999999999,0.0855,0.1264,0.054299999999999994,0.1363,0.10220000000000001,0.0786,0.0873,0.1005,0.1882,0.0861,0.11779999999999999,0.0473,0.0351,0.08529999999999999,0.022799999999999997,-0.005,0.0723,0.11259999999999999,0.0736,0.079,0.1119,0.0805,0.1008,0.1058,0.0319,0.022000000000000002,0.1081,0.0608,0.0973,0.0951,0.1121,0.1051,0.0646,0.12789999999999999,0.1463
2003-05-31,0.12269999999999999,0.055,-0.0168,0.10220000000000001,0.32530000000000003,0.0245,0.07780000000000001,0.0601,0.0288,0.0401,0.0971,0.061900000000000004,0.031400000000000004,0.008199999999999999,-0.0058,0.038599999999999995,0.0805,0.16699999999999998,0.13140000000000002,0.08789999999999999,0.061500000000000006,0.0582,0.037000000000000005,0.12029999999999999,0.07719999999999999,-0.0669,0.0967,0.14,0.2551,0.085,0.1016,0.0632,0.0435,0.0762,0.1338,0.056100000000000004,0.1456,0.11800000000000001,0.027999999999999997,0.0218,0.047,0.0693,0.0252,0.08410000000000001,0.0581,0.039900000000000005,0.0898,0.0892,-0.0060999999999999995
2003-06-30,-0.0027,0.0095,-0.0239,0.008100000000000001,0.1092,-0.0252,0.06559999999999999,-0.0175,-0.025699999999999997,-0.0040999999999999995,-0.0354,0.030299999999999997,0.049100000000000005,-0.0116,0.0105,-0.0239,-0.0072,0.0177,0.0215,-0.040999999999999995,0.0254,-0.0068000000000000005,0.026000000000000002,0.061200000000000004,0.0802,0.0259,0.0933,0.0462,0.0070999999999999995,-0.009899999999999999,0.0106,0.0209,0.0513,0.0146,0.022799999999999997,0.0051,-0.0183,0.0206,0.0085,0.0455,-0.0003,0.0431,0.027999999999999997,0.0673,0.0095,-0.004,0.0206,0.016200000000000003,0.0066
2003-07-31,0.0212,0.002,0.011399999999999999,-0.0184,-0.1125,0.042800000000000005,-0.0146,-0.0139,0.0076,0.036699999999999997,0.10529999999999999,0.0547,-0.0101,0.0789,-0.0436,0.1366,0.0229,-0.026000000000000002,0.0692,0.1041,0.1001,0.06509999999999999,0.0625,0.0317,0.1059,0.0966,0.1242,0.10039999999999999,-0.1255,-0.0252,-0.054299999999999994,-0.0171,0.0765,0.0332,0.06480000000000001,0.0236,0.1074,0.0794,0.0524,-0.0019,0.0199,-0.0129,0.0433,0.0232,0.0364,0.048499999999999995,0.031200000000000002,0.0722,-0.0024
2003-08-31,0.027000000000000003,-0.0052,0.0795,-0.0206,0.0241,0.0337,0.048,0.0077,0.0118,0.0496,0.041100000000000005,-0.0063,-0.0369,0.017,0.0252,0.0667,0.049800000000000004,0.0691,0.0464,0.0146,0.07690000000000001,0.06570000000000001,0.08710000000000001,0.0787,0.087,-0.0215,0.1023,0.0748,0.07519999999999999,0.061799999999999994,0.0192,0.0126,0.030899999999999997,0.0364,0.0111,0.0355,0.1431,0.0735,0.0373,0.0313,0.011000000000000001,0.0316,0.0791,0.0074,-0.0037,-0.0165,0.0316,0.014199999999999999,0.0407
2003-09-30,0.0086,0.021099999999999997,-0.0347,-0.015600000000000001,0.0814,-0.0083,-0.033,-0.0015,0.0217,-0.013300000000000001,-0.0116,-0.0003,0.004699999999999999,-0.0603,-0.0825,-0.034300000000000004,-0.0203,0.0375,-0.0316,0.011399999999999999,-0.0789,-0.044199999999999996,-0.0507,-0.0652,-0.0814,-0.09380000000000001,-0.0138,0.0245,-0.0233,-0.0218,0.0384,-0.0552,-0.0003,-0.0282,-0.0023,0.0163,-0.0429,-0.0455,-0.0219,-0.017,-0.0141,0.0054,-0.057999999999999996,0.0199,0.012199999999999999,-0.0070999999999999995,0.0173,0.0048,0.008
2003-10-31,0.11289999999999999,0.0384,0.060899999999999996,0.0571,0.0616,0.121,0.0325,0.07730000000000001,0.0438,0.1223,0.0571,0.0351,0.0,0.0662,0.061799999999999994,0.0341,0.0742,0.16570000000000001,0.19210000000000002,0.0126,0.1281,0.10060000000000001,0.0932,0.12,0.0638,0.0161,0.1202,0.1534,0.09759999999999999,0.015600000000000001,0.0151,0.0683,0.0366,0.0506,0.10060000000000001,0.030899999999999997,0.1606,0.1017,0.08199999999999999,0.0463,0.0929,0.0464,0.09849999999999999,0.0693,0.0753,0.048600000000000004,0.0464,0.0935,-0.0132
2003-11-30,0.0603,0.0223,0.0321,0.0235,0.1142,0.0167,0.0579,0.0179,-0.0089,0.0347,0.0728,0.035,0.010700000000000001,0.0302,0.0045000000000000005,-0.008199999999999999,0.026099999999999998,0.0596,0.0356,0.0287,0.04,0.073,0.037200000000000004,0.0009,-0.0245,-0.0032,0.1174,0.0751,0.0158,0.0064,0.0095,-0.0063,0.07690000000000001,0.024700000000000003,0.019,-0.0002,0.0382,0.038900000000000004,0.0109,-0.0060999999999999995,-0.0123,0.043899999999999995,-0.0045000000000000005,0.0391,0.0087,0.0175,0.0401,-0.0054,0.0003
2003-12-31,0.0478,0.0128,0.0584,0.0664,0.057,-0.0026,0.0705,0.0294,0.0226,0.009000000000000001,0.0118,0.0455,0.0623,0.094,0.04019999999999999,0.0109,0.0733,-0.0004,0.1065,0.0947,0.0345,0.0604,0.1472,0.107,0.1213,0.1174,0.018500000000000003,0.055,0.2648,0.13470000000000001,0.058600000000000006,0.0757,-0.032799999999999996,0.0453,0.0239,0.0454,-0.0177,0.0315,0.0883,0.1059,0.0138,0.031200000000000002,-0.0317,-0.0040999999999999995,0.0331,0.058899999999999994,0.0278,0.0424,0.0816
2004-01-31,-0.0292,0.0102,0.056100000000000004,-0.028900000000000002,0.0206,-0.0006,0.0026,0.0092,0.0215,-0.020099999999999996,0.046,0.0635,0.023,-0.019299999999999998,0.0458,0.013300000000000001,-0.0078000000000000005,-0.04769999999999999,0.0005,0.0694,-0.016,-0.0084,-0.026099999999999998,0.025699999999999997,0.0158,-0.044500000000000005,-0.1371,-0.052000000000000005,-0.0738,0.0031,0.0191,0.0165,0.0986,0.0165,0.0489,0.042,0.042800000000000005,0.09230000000000001,-0.0359,-0.011200000000000002,-0.04,0.03,-0.002,0.006,0.026000000000000002,0.0489,0.0547,0.0363,0.0687
2004-02-29,0.0218,0.0637,0.0576,0.025699999999999997,0.0388,0.0373,0.0103,0.0105,0.0298,0.055099999999999996,-0.029500000000000002,-0.0027,0.0144,0.026600000000000002,0.0304,0.105,0.0472,0.10619999999999999,0.0637,0.024300000000000002,0.0046,-0.032400000000000005,-0.0124,-0.0085,-0.0004,-0.0319,0.0545,0.0695,0.07139999999999999,0.0452,0.021099999999999997,-0.0042,-0.027000000000000003,-0.0095,-0.0455,-0.0363,-0.011200000000000002,-0.04019999999999999,0.032799999999999996,0.0662,0.002,0.023799999999999998,0.0672,0.0723,0.0218,0.0432,0.0292,0.0297,-0.021
2004-03-31,0.042800000000000005,0.0143,0.0404,-0.0019,-0.0406,-0.030600000000000002,0.022000000000000002,-0.0014000000000000002,0.015,0.030600000000000002,-0.0296,0.0098,-0.050300000000000004,-0.0166,-0.045899999999999996,-0.021099999999999997,0.026600000000000002,0.0495,-0.044800000000000006,-0.0756,0.0125,0.0073,-0.0207,-0.049800000000000004,-0.0331,-0.0068000000000000005,0.07,-0.0259,0.0696,-0.0006,0.011399999999999999,-0.0203,0.0572,0.015700000000000002,0.0009,-0.028999999999999998,-0.0462,-0.0092,0.006999999999999999,-0.0015,-0.0046,0.0192,-0.0011,0.008,-0.0038,-0.008,0.02,-0.0227,-0.0501
2004-04-30,0.0027,0.0305,0.0473,0.0038,0.018500000000000003,-0.0626,-0.0168,-0.0007000000000000001,0.022099999999999998,-0.015700000000000002,0.013300000000000001,0.0274,0.0385,-0.0063,-0.0043,-0.038,-0.0032,-0.1125,-0.0872,-0.028999999999999998,-0.025699999999999997,-0.024700000000000003,0.036699999999999997,0.018600000000000002,0.0604,0.0391,-0.21100000000000002,-0.1282,0.0292,0.026600000000000002,-0.035699999999999996,-0.0043,0.0059,0.0108,-0.0886,-0.013600000000000001,-0.0787,-0.0583,0.0154,-0.0236,0.0017000000000000001,0.0092,-0.0321,-0.0101,-0.054000000000000006,-0.0048,-0.0467,-0.0819,-0.0183
2004-05-31,0.0121,-0.0174,0.021400000000000002,0.0226,-0.126,0.0294,0.005600000000000001,0.004,0.015300000000000001,0.0042,-0.0095,-0.0023,-0.0042,0.0060999999999999995,0.011200000000000002,-0.046,0.0256,0.013500000000000002,0.058499999999999996,-0.0138,0.0218,0.0069,-0.0281,0.0079,0.0166,0.0382,0.0643,0.0326,0.0665,0.0048,0.0126,-0.0296,0.013000000000000001,0.0051,0.050199999999999995,0.0274,0.08800000000000001,0.0379,0.0029,0.0499,0.020099999999999996,0.0016,0.0074,-0.029500000000000002,0.0254,0.0009,-0.0060999999999999995,0.0055000000000000005,0.0352
2004-06-30,0.035699999999999996,0.0209,0.0462,-0.0024,0.0611,0.0331,0.0351,-0.0258,0.022000000000000002,0.0434,0.0363,0.0311,-0.0163,0.054400000000000004,0.0417,0.0279,0.0239,-0.0003,0.0942,0.124,0.059500000000000004,0.0662,0.056900000000000006,0.0973,0.048,0.0576,-0.031200000000000002,0.043899999999999995,0.1381,0.0536,0.0203,0.008,-0.0467,0.0102,0.0379,0.04650000000000001,-0.012,0.0637,0.0501,0.0672,0.0635,0.0281,-0.0034000000000000002,-0.0058,0.0070999999999999995,0.0054,0.0452,-0.0049,0.0496
2004-07-31,-0.0496,-0.0393,-0.204,-0.10039999999999999,-0.0375,-0.056299999999999996,-0.067,-0.0438,-0.0519,-0.0519,-0.061500000000000006,-0.0695,-0.0567,-0.0331,-0.0732,-0.0178,-0.04650000000000001,-0.018500000000000003,-0.0019,-0.0673,-0.0621,-0.0727,-0.0366,0.0121,-0.0075,-0.0044,0.028900000000000002,0.0245,-0.015,0.034,0.0106,-0.01,-0.077,-0.0431,-0.0753,-0.0674,-0.1209,-0.1137,-0.055099999999999996,-0.0292,-0.0454,-0.11359999999999999,-0.0347,0.026099999999999998,-0.011200000000000002,-0.0311,0.0088,-0.0642,0.0053
2004-08-31,0.019,-0.001,0.001,0.018799999999999997,0.0322,0.0128,-0.017,0.0028000000000000004,0.0467,0.0,0.0004,-0.0098,0.023700000000000002,0.0301,0.0128,0.0121,0.0406,0.0393,-0.0023,0.0017000000000000001,-0.024399999999999998,0.010700000000000001,-0.034,0.0039000000000000003,-0.018000000000000002,0.0029,0.0947,0.037200000000000004,-0.050199999999999995,-0.013300000000000001,0.036699999999999997,0.011699999999999999,-0.038900000000000004,-0.0311,-0.055,-0.0274,-0.0667,-0.045599999999999995,0.0014000000000000002,0.001,-0.0083,-0.0245,-0.008100000000000001,-0.0259,0.0404,0.0095,0.0666,0.0321,-0.0095
2004-09-30,0.0298,-0.0069,-0.0406,-0.0795,-0.0252,0.08130000000000001,0.0408,0.011000000000000001,-0.0288,0.0277,0.0125,0.0622,-0.0335,0.044800000000000006,-0.0151,0.0352,0.028399999999999998,0.081,0.0797,-0.0134,0.0608,0.0208,0.0209,-0.0022,0.0526,0.0472,0.0455,0.0742,0.08779999999999999,0.0882,0.0138,0.013300000000000001,0.0101,0.0393,0.019799999999999998,0.0463,0.0262,0.030899999999999997,-0.0032,0.0383,0.030299999999999997,-0.0003,0.028900000000000002,0.0482,-0.006500000000000001,0.013300000000000001,0.0213,0.014499999999999999,0.019299999999999998
2004-10-31,0.0248,0.0342,0.0683,0.0108,0.029500000000000002,0.0028000000000000004,0.031,0.0256,-0.036000000000000004,0.0507,-0.003,-0.0255,-0.025699999999999997,0.0032,0.036699999999999997,0.0633,0.0068000000000000005,0.0096,-0.0358,-0.0178,-0.0096,0.0276,-0.0432,-0.028999999999999998,0.0073,-0.0134,0.0363,-0.0735,-0.0012,0.006500000000000001,0.0424,0.0331,-0.0204,0.0181,0.0463,0.0525,0.0617,0.057,-0.0393,0.0342,0.0693,0.027200000000000002,0.0331,0.029500000000000002,0.0229,-0.0504,0.039,0.0482,0.0067
2004-11-30,0.0052,0.036000000000000004,0.0095,-0.006999999999999999,0.17309999999999998,0.0664,0.0699,0.018799999999999997,0.0406,0.0405,0.0839,0.0128,-0.001,0.0876,0.0824,0.0507,0.061900000000000004,0.07429999999999999,0.1305,0.1341,0.07690000000000001,0.0806,0.08070000000000001,0.0666,0.07440000000000001,0.1235,-0.0063,0.08039999999999999,0.257,0.06309999999999999,0.0489,0.0363,0.1131,0.0473,0.0736,0.0662,0.037200000000000004,0.038,0.054000000000000006,0.1054,0.056799999999999996,0.084,0.024700000000000003,0.07429999999999999,0.0294,0.081,0.0604,0.057,0.030600000000000002
2004-12-31,0.0435,0.0545,-0.0073,0.0436,0.0738,0.0484,0.0824,0.0121,0.0412,0.056100000000000004,0.042800000000000005,0.0478,0.0601,0.0279,0.0387,0.042,0.0291,0.1073,-0.016200000000000003,0.07519999999999999,0.031400000000000004,0.039599999999999996,0.050199999999999995,0.0108,-0.0276,-0.0674,-0.0681,0.0207,-0.0302,-0.0231,0.0248,0.0418,0.0305,0.0311,0.041299999999999996,0.0318,0.0225,0.030699999999999998,0.0352,0.0431,0.04190000000000001,0.059500000000000004,0.030699999999999998,0.0508,0.0353,0.047599999999999996,0.1316,0.0555,0.042800000000000005
2005-01-31,-0.0281,0.0039000000000000003,0.0308,-0.0067,0.0441,-0.0218,-0.0507,-0.033,-0.0126,-0.0256,0.019299999999999998,-0.0009,-0.055999999999999994,-0.014499999999999999,-0.0796,-0.0332,0.032,0.030899999999999997,-0.0037,-0.052300000000000006,-0.051100000000000007,-0.0034999999999999996,-0.0801,-0.009399999999999999,-0.0246,0.0055000000000000005,-0.06480000000000001,0.0111,0.0455,0.029900000000000003,0.0176,-0.0424,-0.0118,-0.0331,-0.047,-0.0678,-0.0768,-0.044500000000000005,-0.0319,-0.0412,-0.0688,-0.0273,-0.009399999999999999,0.0037,-0.0302,-0.008,0.022000000000000002,-0.0049,-0.0060999999999999995
2005-02-28,0.029300000000000003,-0.0103,-0.0037,0.0147,0.0316,0.0002,-0.0111,-0.0009,0.0002,0.0209,0.0444,0.013500000000000002,0.0254,0.0827,0.025,0.008100000000000001,-0.0036,0.0926,0.0977,0.0286,0.0625,0.029900000000000003,-0.0034000000000000002,0.0475,0.0174,0.019,0.08039999999999999,0.1052,0.142,0.1957,0.0236,-0.0044,-0.022799999999999997,0.0091,-0.0083,-0.022099999999999998,0.039900000000000005,0.0226,0.0163,0.0974,0.0248,0.031200000000000002,0.0007000000000000001,0.0113,-0.015300000000000001,0.0259,0.0787,-0.0052,-0.0072
2005-03-31,0.008199999999999999,-0.013600000000000001,-0.003,-0.009899999999999999,0.0032,-0.0644,0.0008,-0.011699999999999999,-0.0059,-0.0108,0.0653,-0.0487,0.0002,-0.0204,0.0033,-0.0642,-0.0079,-0.071,-0.0755,-0.0368,-0.0291,-0.024399999999999998,-0.0855,0.024399999999999998,0.018500000000000003,0.0255,-0.059500000000000004,-0.0461,-0.0358,-0.0344,0.0060999999999999995,-0.0004,-0.003,-0.0045000000000000005,-0.0104,-0.0278,-0.0315,-0.0643,-0.0037,-0.0199,-0.0097,-0.018000000000000002,0.0070999999999999995,0.0029,-0.0315,-0.0434,-0.0434,-0.011899999999999999,0.0045000000000000005
2005-04-30,-0.0126,-0.0006,0.0128,0.022099999999999998,-0.0138,-0.1148,-0.0364,-0.0301,-0.025699999999999997,-0.073,0.0077,0.0301,0.045,-0.0745,-0.047599999999999996,-0.0593,-0.0062,-0.0345,-0.0971,-0.0679,-0.054000000000000006,-0.0793,-0.1118,-0.0042,-0.032400000000000005,-0.0109,-0.1045,-0.09390000000000001,-0.0608,-0.0558,0.0213,-0.02,-0.03,-0.0364,-0.0645,-0.0489,-0.024,-0.0545,-0.0824,-0.0493,-0.0629,-0.0269,-0.056600000000000004,-0.0584,0.0039000000000000003,-0.0189,-0.0102,-0.044000000000000004,-0.0058
2005-05-31,0.048,0.0194,0.0388,0.0241,0.031,0.032799999999999996,0.045700000000000005,-0.0121,0.0169,0.0663,0.0196,0.004699999999999999,0.0169,0.0022,0.0584,0.059000000000000004,0.0256,0.1026,0.0019,-0.013300000000000001,0.0575,0.07339999999999999,0.1023,0.0554,0.0385,0.0706,-0.0141,0.0572,0.10339999999999999,0.0195,0.0166,0.015,0.05,0.0219,0.1058,0.061500000000000006,0.1051,0.08839999999999999,0.0070999999999999995,0.0005,0.051100000000000007,0.042699999999999995,0.0667,0.081,0.024900000000000002,0.0593,0.092,0.0137,0.0089
2005-06-30,-0.0062,-0.0245,0.0218,-0.0394,-0.022400000000000003,0.018799999999999997,-0.011200000000000002,-0.006999999999999999,-0.0256,0.0581,0.035,-0.0158,-0.0073,-0.0096,0.0139,0.0165,-0.0066,0.0889,-0.027000000000000003,0.016,0.005699999999999999,-0.0286,0.0291,-0.0014000000000000002,0.0217,-0.003,0.0487,0.0672,0.073,0.0575,0.0556,0.0019,0.0461,0.0287,-0.0111,-0.027200000000000002,-0.0115,-0.0139,-0.0315,-0.034,-0.031,0.015,0.0304,-0.0246,0.0092,0.0397,0.0655,0.0591,-0.029500000000000002
2005-07-31,0.0454,0.021400000000000002,0.042800000000000005,0.0166,0.0378,0.029900000000000003,0.0362,0.0264,0.0344,0.032799999999999996,-0.0425,0.0635,0.0387,0.0463,0.026000000000000002,0.0281,0.0812,0.1116,0.1315,0.11259999999999999,0.10369999999999999,0.0667,0.0756,0.0174,0.06559999999999999,-0.0219,-0.0388,0.1038,0.20920000000000002,0.0554,0.0298,0.0313,0.0168,0.053200000000000004,0.0316,0.054400000000000004,0.09269999999999999,0.0874,0.051500000000000004,0.047400000000000005,0.0814,0.0521,0.0603,0.0455,0.0052,0.032400000000000005,-0.013300000000000001,0.047400000000000005,-0.0021
2005-08-31,-0.0401,-0.0187,-0.0217,0.005,0.0447,0.0273,-0.013999999999999999,0.0139,-0.010700000000000001,-0.039599999999999996,-0.0006,0.0040999999999999995,-0.0052,-0.0605,-0.061399999999999996,-0.022000000000000002,-0.013999999999999999,-0.034,-0.0078000000000000005,-0.034,0.0123,0.0039000000000000003,-0.0414,-0.0002,-0.0012,0.0,0.0472,0.015600000000000001,0.0877,0.057300000000000004,0.0125,-0.012,-0.0087,-0.0034000000000000002,-0.026699999999999998,0.0078000000000000005,-0.006500000000000001,0.0108,-0.0359,0.0103,-0.0346,-0.0139,-0.066,-0.0482,-0.0171,-0.009000000000000001,-0.035699999999999996,-0.0118,-0.0206
2005-09-30,0.0158,0.020099999999999996,-0.0832,0.0054,0.047400000000000005,-0.0359,-0.0165,-0.037000000000000005,0.015300000000000001,-0.018500000000000003,-0.011000000000000001,-0.0412,-0.0144,-0.018500000000000003,-0.0141,-0.045700000000000005,0.042199999999999994,0.011200000000000002,0.0308,0.0012,-0.0019,0.0227,-0.0518,0.009899999999999999,0.0458,-0.0227,0.1938,0.1073,0.0949,0.07200000000000001,0.0438,-0.0147,-0.0645,0.011699999999999999,0.022000000000000002,-0.0004,0.0111,-0.0042,0.0070999999999999995,-0.0526,0.038,-0.0008,-0.022000000000000002,-0.0027,-0.0147,0.0435,-0.0141,0.0681,0.0040999999999999995
2005-10-31,-0.0447,-0.0301,-0.0095,0.0052,0.0173,-0.0717,-0.0358,-0.0629,-0.032799999999999996,-0.023,-0.045599999999999995,-0.0149,-0.0359,0.0233,0.0038,-0.0407,-0.0381,-0.1097,-0.0433,-0.0109,-0.0466,-0.0391,-0.0786,-0.048,-0.027999999999999997,-0.0158,-0.1007,-0.029900000000000003,-0.0974,-0.1017,-0.06849999999999999,-0.030299999999999997,0.0024,-0.0031,-0.0155,0.013600000000000001,-0.0655,-0.035,0.0089,-0.009399999999999999,0.025699999999999997,-0.0199,0.0219,0.0016,0.028399999999999998,0.020499999999999997,-0.08410000000000001,0.0326,0.012199999999999999
2005-11-30,-0.0353,-0.006500000000000001,0.04650000000000001,0.0154,-0.026000000000000002,0.06280000000000001,0.0525,0.0265,0.031,0.0625,0.053399999999999996,0.0236,0.0104,0.0342,0.04019999999999999,0.0519,0.0331,0.0729,0.1291,0.0013,0.0713,0.0644,-0.0108,0.056600000000000004,-0.0067,0.0105,0.0862,0.06559999999999999,0.0066,0.0102,-0.0022,0.0264,0.0351,0.0447,0.0269,0.056600000000000004,0.1081,0.08130000000000001,0.0748,0.0764,0.0748,0.0455,0.0368,0.0683,0.0444,0.046900000000000004,0.0321,0.0433,0.0487
2005-12-31,-0.0031,0.0005,-0.0033,-0.021099999999999997,0.042699999999999995,-0.0113,-0.0101,-0.0208,0.0155,-0.0024,-0.015700000000000002,0.011399999999999999,0.0311,0.0058,0.019299999999999998,0.009000000000000001,0.0008,-0.0042,0.036699999999999997,-0.027000000000000003,0.0069,-0.0063,-0.0151,0.030699999999999998,0.0062,0.043899999999999995,0.1471,0.026600000000000002,0.0152,0.0040999999999999995,0.0124,-0.0173,-0.0339,-0.0013,0.0033,-0.026699999999999998,-0.0268,-0.0165,0.016200000000000003,-0.0007000000000000001,0.0177,0.0106,-0.0106,0.01,0.0034000000000000002,0.001,-0.0034000000000000002,0.0074,-0.0078000000000000005
2006-01-31,0.026699999999999998,0.015300000000000001,0.0342,-0.0074,-0.0233,0.0697,0.0359,0.0058,0.026600000000000002,0.0248,0.0067,0.0311,0.0209,0.032400000000000005,0.0398,-0.0305,0.07629999999999999,0.10800000000000001,0.1493,0.09369999999999999,0.1159,0.0658,0.050300000000000004,0.0143,0.050199999999999995,0.0637,0.16620000000000001,0.1745,0.1514,0.12480000000000001,0.030299999999999997,0.038599999999999995,-0.0017000000000000001,0.0347,0.0493,0.0315,0.0447,0.057699999999999994,-0.0302,0.0003,0.0493,0.0691,0.006999999999999999,0.0434,0.0054,-0.0104,0.0004,0.0977,-0.0285
2006-02-28,0.0066,0.016200000000000003,0.0042,0.0194,-0.0004,0.0102,0.0103,0.0147,0.011000000000000001,0.0024,0.0073,-0.020499999999999997,0.0189,-0.0029,0.0319,0.0341,0.026000000000000002,-0.0738,-0.0296,0.024700000000000003,-0.0086,0.0323,-0.0231,0.048799999999999996,0.06,0.0703,-0.1286,-0.0574,-0.08529999999999999,-0.0814,0.0023,0.033,-0.0084,0.0159,0.0178,-0.0348,-0.004,0.0252,0.0113,-0.0038,0.011399999999999999,0.015600000000000001,0.0128,0.0213,0.020099999999999996,0.0051,0.0203,0.021400000000000002,0.0062
2006-03-31,0.0466,0.0263,0.069,0.0027,0.0008,0.0415,0.0336,-0.002,-0.004,0.0337,-0.0125,-0.012,-0.009399999999999999,0.0131,0.0321,-0.020099999999999996,0.0431,0.021,0.12140000000000001,0.0401,0.0316,0.0509,0.0232,0.038,0.0296,0.0327,0.0023,0.11380000000000001,0.0581,0.0395,-0.0365,0.018000000000000002,0.0379,0.024,0.0253,0.029900000000000003,0.032,0.027200000000000002,0.0322,0.0165,0.0466,0.0387,0.0223,0.023399999999999997,0.003,-0.0034000000000000002,0.0776,0.0329,0.0526
2006-04-30,-0.0168,0.0229,0.0064,0.0097,0.034300000000000004,-0.07690000000000001,0.0363,-0.0319,0.014499999999999999,-0.0116,-0.0124,-0.0058,-0.0223,0.029300000000000003,0.03,0.0115,0.014199999999999999,-0.0134,0.0765,0.0719,0.0592,0.0076,-0.0108,0.053099999999999994,0.0444,0.0108,0.1152,0.0538,0.2078,0.0405,0.0182,0.0147,0.0183,0.0085,-0.0191,-0.0275,0.01,0.0154,0.07200000000000001,-0.0362,0.0039000000000000003,-0.0321,-0.013500000000000002,-0.0016,0.0512,-0.0072,0.0045000000000000005,0.0102,-0.0022
2006-05-31,-0.058499999999999996,0.036000000000000004,0.0348,0.0362,-0.0109,-0.0245,0.0175,-0.0232,-0.042,-0.054400000000000004,0.0002,-0.0434,-0.019,-0.0226,-0.0315,0.0137,-0.0722,-0.0943,-0.0463,-0.0226,-0.0368,-0.042800000000000005,0.0256,-0.0088,-0.0346,-0.0414,-0.1173,-0.1149,-0.016399999999999998,-0.0353,0.0151,0.0,-0.0371,-0.0404,-0.0562,-0.0664,-0.09,-0.0504,-0.0236,-0.0395,-0.0165,-0.0213,-0.013999999999999999,-0.0371,-0.0268,-0.0356,-0.0808,-0.0683,0.0008
2006-06-30,0.002,-0.0069,0.0305,-0.008100000000000001,0.0315,0.0123,0.0074,-0.0018,0.0088,-0.0024,0.0007000000000000001,-0.0424,0.0079,-0.0111,-0.0095,0.0147,-0.0362,-0.0354,0.028999999999999998,-0.0608,-0.0088,0.0129,0.0179,-0.006500000000000001,0.0199,-0.012,0.0138,0.0104,-0.060599999999999994,0.030600000000000002,0.0242,0.029500000000000002,-0.0064,-0.0007000000000000001,-0.0298,0.0077,-0.0362,-0.0176,-0.033,0.008100000000000001,0.0434,-0.0118,0.004699999999999999,0.016399999999999998,-0.006999999999999999,-0.0013,0.017,-0.0009,-0.021400000000000002
2006-07-31,0.0285,0.0149,0.0331,0.044500000000000005,0.0911,-0.0387,-0.07490000000000001,-0.0068000000000000005,0.0042,-0.0308,0.013999999999999999,0.044800000000000006,0.0429,-0.0431,0.0052,-0.031200000000000002,-0.08410000000000001,-0.0665,-0.0412,0.0279,-0.06,-0.0613,-0.0375,-0.0349,-0.018799999999999997,0.0953,-0.0317,-0.0149,-0.1259,0.056799999999999996,0.0483,0.024399999999999998,-0.0382,-0.0492,-0.0338,-0.024300000000000002,-0.0599,-0.0255,-0.0565,0.0102,-0.1148,-0.02,-0.047400000000000005,-0.060599999999999994,0.0218,0.0031,-0.059800000000000006,0.0078000000000000005,-0.008
2006-08-31,0.1005,0.022099999999999998,-0.0361,0.0225,0.0421,0.0374,0.0233,0.029900000000000003,0.0675,0.04190000000000001,0.0547,0.0118,0.023,0.0387,0.0473,0.0137,0.023700000000000002,0.0124,-0.0259,-0.065,-0.0066,0.013999999999999999,0.031200000000000002,-0.0097,0.0115,0.0333,0.0147,0.030899999999999997,-0.1042,-0.0305,0.022799999999999997,0.022799999999999997,-0.0115,0.0304,0.12050000000000001,0.055999999999999994,0.0808,0.0358,0.0232,0.0397,-0.0121,0.0161,0.023799999999999998,0.0297,0.0084,0.0374,-0.0603,0.0043,0.0404
2006-09-30,-0.0127,0.0052,-0.011899999999999999,-0.0013,-0.0638,0.0508,0.0483,0.011000000000000001,0.017,0.0909,-0.0182,-0.0066,0.0232,0.0246,0.039599999999999996,0.0192,0.0102,-0.0355,0.0007000000000000001,0.0323,0.0015,0.0346,0.0333,0.0364,0.0437,0.042800000000000005,-0.15689999999999998,-0.016399999999999998,-0.1505,-0.0351,-0.0212,0.0366,0.0246,0.0219,0.041299999999999996,0.048799999999999996,0.0226,0.0086,0.0197,0.024700000000000003,0.041299999999999996,0.0139,0.06309999999999999,0.0717,0.029300000000000003,0.0204,-0.0025,0.09390000000000001,0.0296
2006-10-31,-0.0454,0.0194,-0.0584,0.0043,0.054000000000000006,0.12689999999999999,0.08259999999999999,0.0629,0.0321,0.08039999999999999,-0.044500000000000005,0.0387,0.0178,0.057699999999999994,0.06,0.0026,0.043,0.0582,0.1076,0.1219,0.0301,0.0492,0.038900000000000004,0.0322,0.017,0.0084,0.0596,0.09949999999999999,0.145,0.049800000000000004,0.0536,0.052000000000000005,-0.006999999999999999,0.0471,0.0472,0.068,-0.0092,0.06570000000000001,0.048499999999999995,0.0547,0.062,0.0473,0.0317,0.077,0.013300000000000001,0.0086,0.0664,0.0634,0.0278
2006-11-30,0.0797,0.0017000000000000001,-0.0033,-0.0046,0.0355,0.0096,0.052000000000000005,0.0177,0.0046,0.0425,0.0269,0.0197,-0.005699999999999999,0.0282,0.0394,0.036699999999999997,0.0475,0.0765,0.0883,-0.0172,0.042300000000000004,0.020099999999999996,0.01,0.044199999999999996,0.0496,0.0403,0.0452,0.08800000000000001,0.058499999999999996,0.08650000000000001,0.030600000000000002,0.0063,0.0406,0.0199,0.0762,0.0217,0.016,0.0128,0.023,0.056900000000000006,0.021,0.0233,-0.0226,0.0175,-0.0005,0.024,0.0334,0.0159,0.010700000000000001
2006-12-31,0.0711,0.0043,0.0258,0.024300000000000002,0.0304,-0.0129,0.0487,0.0183,0.0126,0.0016,0.028900000000000002,0.0268,-0.0063,0.0106,0.0161,-0.0147,0.0209,-0.022799999999999997,-0.0262,0.0231,0.0005,-0.0054,0.0152,0.0029,-0.015,0.013300000000000001,-0.035,-0.0253,-0.1266,-0.0167,0.0073,0.0433,0.0064,0.0144,-0.0064,-0.0049,-0.028300000000000002,0.0167,0.0076,0.0322,-0.0223,-0.0036,0.0176,0.0216,0.0415,0.0347,0.022099999999999998,0.0296,0.0441
2007-01-31,0.0417,0.0053,0.0321,0.0165,0.014199999999999999,0.0151,0.0666,-0.0108,0.0203,0.0301,0.0101,0.056100000000000004,0.032,0.0374,-0.0077,0.0765,0.0504,0.011399999999999999,0.09720000000000001,-0.0525,0.0138,0.0352,0.061200000000000004,0.0393,0.049100000000000005,0.0542,-0.0126,0.11109999999999999,0.0151,-0.013999999999999999,0.0048,0.0273,0.0725,0.0227,0.0078000000000000005,0.0326,0.0139,0.018600000000000002,0.0070999999999999995,0.0632,0.044000000000000004,0.04019999999999999,0.039599999999999996,0.0103,-0.0026,-0.0086,0.11359999999999999,0.0403,-0.0182
2007-02-28,-0.023799999999999998,0.0021,-0.034,-0.0264,-0.0323,0.0268,-0.052300000000000006,0.0005,-0.0143,0.015700000000000002,0.0296,-0.0286,-0.0326,0.021099999999999997,0.015700000000000002,0.0507,0.0217,-0.0341,0.0195,-0.0559,0.0262,-0.0154,0.009399999999999999,-0.016399999999999998,-0.013500000000000002,0.0073,0.008199999999999999,0.09820000000000001,0.019299999999999998,-0.022099999999999998,0.0416,-0.0278,-0.0088,-0.0029,-0.0358,-0.0405,0.0070999999999999995,-0.0067,0.013600000000000001,0.0233,-0.0067,0.0004,-0.0045000000000000005,-0.0158,-0.0277,0.0018,0.019799999999999998,-0.06309999999999999,-0.029300000000000003
2007-03-31,0.0447,0.0276,0.0464,0.024900000000000002,0.0492,0.004,-0.0014000000000000002,-0.0197,-0.009300000000000001,0.006999999999999999,-0.0059,0.0046,-0.0039000000000000003,0.020499999999999997,0.0252,-0.0382,-0.0408,-0.0444,0.0603,-0.0022,0.026099999999999998,-0.0026,0.025,0.0058,0.0018,0.0007000000000000001,-0.0555,0.0513,0.024,0.0599,0.0433,0.0231,-0.008199999999999999,0.0031,0.0127,0.0148,-0.009899999999999999,0.026000000000000002,0.0102,0.026000000000000002,-0.0034999999999999996,0.0275,0.0042,0.0115,-0.0113,0.0051,0.0147,0.005600000000000001,0.0152
2007-04-30,0.0638,0.032799999999999996,0.0524,0.048499999999999995,0.0273,0.0941,0.008199999999999999,0.0208,0.036000000000000004,0.0158,0.031400000000000004,0.0391,0.0774,0.0182,0.0335,0.08539999999999999,0.0363,0.042800000000000005,0.0337,0.0791,0.066,0.0629,0.0583,0.0679,0.0381,-0.0038,-0.0077,0.0756,0.14400000000000002,0.0492,0.0392,0.0174,0.034300000000000004,0.0444,0.0499,0.0395,0.0599,0.0268,0.050300000000000004,0.08560000000000001,0.029900000000000003,0.0141,0.0215,0.024,0.0281,0.0382,0.031400000000000004,0.061200000000000004,0.0298
2007-05-31,0.0381,0.0038,0.049,0.0341,0.026099999999999998,-0.0031,0.0166,0.0645,-0.009300000000000001,0.0495,0.0232,0.011000000000000001,0.0106,0.0504,0.016,0.0974,0.058899999999999994,0.08289999999999999,0.10490000000000001,0.0637,0.057999999999999996,0.0751,0.039900000000000005,0.0682,0.027200000000000002,0.0305,-0.034300000000000004,0.09380000000000001,0.1328,0.0699,0.011899999999999999,0.0731,0.06,0.0632,0.0636,0.0347,0.022799999999999997,0.0305,0.0414,0.0513,0.04769999999999999,0.0298,0.0196,0.0363,0.0207,0.0354,0.051399999999999994,0.038,0.0216
2007-06-30,0.0672,-0.0108,0.0034000000000000002,-0.0206,-0.0007000000000000001,-0.0495,-0.0146,-0.0315,-0.031400000000000004,-0.0053,-0.0092,-0.0143,-0.04,0.019299999999999998,-0.04650000000000001,0.0009,-0.0262,-0.0737,-0.0333,0.0662,0.0158,-0.011699999999999999,0.051,-0.0155,-0.0298,-0.0297,-0.0296,0.024900000000000002,-0.08560000000000001,0.0111,-0.0482,-0.018000000000000002,0.0194,-0.0152,0.015600000000000001,-0.0132,0.0277,0.0151,-0.0085,-0.0048,-0.0231,-0.0171,-0.0177,-0.0405,-0.0379,-0.0313,-0.0675,-0.0406,0.0128
2007-07-31,-0.0333,-0.048,-0.0197,-0.0116,-0.0495,-0.0705,-0.009899999999999999,-0.08310000000000001,-0.0029,-0.0455,-0.053899999999999997,-0.0192,-0.0443,-0.0072,-0.0672,-0.0375,-0.0438,-0.0732,-0.046,-0.0139,0.0124,0.0019,-0.0787,0.0472,-0.009300000000000001,0.0436,0.0634,0.07429999999999999,-0.1381,-0.0078000000000000005,-0.0373,-0.0311,-0.0687,-0.0473,0.026600000000000002,-0.0222,-0.021,-0.0017000000000000001,-0.0233,-0.018600000000000002,-0.0129,-0.048,-0.0554,-0.0195,-0.0737,-0.0767,-0.096,-0.0742,0.0024
2007-08-31,0.0737,0.0181,0.0536,0.0344,0.0406,-0.0414,0.042300000000000004,-0.0617,0.024,-0.0277,-0.0009,0.0242,0.024700000000000003,0.021,-0.0123,-0.0265,-0.011399999999999999,-0.0354,-0.0235,-0.044500000000000005,0.0131,0.0121,-0.0149,-0.015700000000000002,-0.0178,0.0126,-0.0039000000000000003,-0.0495,-0.0106,0.0026,0.0184,-0.0086,0.0066,-0.0088,0.0582,0.0187,0.0227,0.0184,-0.0033,0.0031,-0.0197,0.018600000000000002,0.0131,0.0263,0.0288,0.0199,-0.043899999999999995,-0.026000000000000002,0.025099999999999997
2007-09-30,0.20579999999999998,0.021,0.07919999999999999,0.0684,0.0123,-0.0475,0.12029999999999999,-0.0161,0.056600000000000004,0.0232,0.0333,0.0473,0.0326,0.0519,0.0245,-0.0533,-0.0029,-0.026699999999999998,0.0758,0.038,0.0467,0.04650000000000001,0.0604,0.0796,0.04769999999999999,0.0859,0.0766,0.1483,0.1361,0.0771,0.0348,0.020499999999999997,0.0329,0.0012,0.0405,0.0504,0.0318,0.0516,0.0184,0.0034000000000000002,-0.0002,0.0103,-0.0177,0.0276,0.0013,0.0279,-0.0045000000000000005,0.061500000000000006,0.0519
2007-10-31,0.1361,-0.019299999999999998,0.1134,0.0416,0.045599999999999995,-0.0291,0.002,-0.0034000000000000002,0.0127,-0.015,-0.0168,-0.0174,0.023799999999999998,0.032799999999999996,0.0359,0.0554,0.0253,0.0713,0.0273,0.0347,-0.012,-0.0025,0.0052,-0.0192,0.0622,0.005,0.1272,0.10400000000000001,0.1918,0.0241,0.06559999999999999,-0.0218,0.0917,0.0387,0.073,0.1096,0.0098,0.036000000000000004,0.0063,0.0318,0.0241,0.026699999999999998,-0.0012,0.046900000000000004,-0.037200000000000004,-0.020499999999999997,-0.006500000000000001,0.0637,0.029900000000000003
2007-11-30,0.0091,0.0147,-0.0762,0.021400000000000002,0.0652,-0.07400000000000001,-0.083,-0.08779999999999999,0.0363,-0.0823,-0.0032,-0.006999999999999999,0.0019,-0.043899999999999995,-0.0688,-0.0604,-0.06509999999999999,-0.1192,-0.0662,-0.0636,-0.0269,0.036699999999999997,-0.13390000000000002,-0.0345,-0.0537,0.0077,-0.012199999999999999,-0.138,0.0392,-0.045599999999999995,-0.0070999999999999995,-0.0625,-0.0759,-0.0674,-0.1072,-0.0762,-0.054000000000000006,-0.029300000000000003,-0.0613,-0.0319,-0.0397,-0.0736,-0.0279,-0.050199999999999995,-0.083,-0.0096,-0.1184,-0.0819,-0.0274
2007-12-31,0.1164,-0.0008,-0.0183,-0.0103,-0.022000000000000002,-0.0478,-0.0417,-0.015700000000000002,-0.0124,-0.0732,-0.0048,0.0077,-0.0525,0.042300000000000004,-0.0181,-0.0613,-0.0319,0.03,0.0219,0.022799999999999997,0.0323,0.0060999999999999995,-0.026600000000000002,0.0029,0.0019,-0.0483,-0.014199999999999999,-0.008199999999999999,0.1381,0.07519999999999999,0.009000000000000001,-0.0025,-0.0623,-0.0127,0.0002,0.028300000000000002,0.0105,-0.0012,-0.0077,0.038,-0.0371,-0.005600000000000001,-0.0305,-0.0444,-0.0775,0.0023,-0.08109999999999999,-0.0116,-0.011699999999999999
2008-01-31,-0.0051,-0.0781,-0.1362,-0.0788,-0.0060999999999999995,-0.0407,-0.09269999999999999,-0.0677,-0.0849,0.0001,-0.06849999999999999,-0.0345,-0.047400000000000005,-0.057699999999999994,-0.045,0.0137,-0.0292,-0.0124,-0.0984,-0.1317,-0.09849999999999999,-0.1056,-0.046,-0.07730000000000001,-0.034,0.0129,0.0929,-0.1003,-0.0319,-0.0929,-0.0693,-0.07780000000000001,-0.0108,-0.0735,-0.1705,-0.1014,-0.1222,-0.1137,-0.0472,-0.019799999999999998,0.0313,-0.0409,0.016,-0.0637,0.0397,-0.0622,0.0011,-0.0575,-0.044500000000000005
2008-02-29,0.0282,0.0304,0.0296,0.011399999999999999,-0.0291,-0.0802,-0.057999999999999996,-0.0981,0.0007000000000000001,-0.0453,-0.0353,0.005699999999999999,-0.0113,0.0418,-0.0385,-0.0182,-0.07730000000000001,-0.0365,0.0815,0.145,0.032,-0.0118,-0.06849999999999999,-0.023799999999999998,-0.0259,-0.0383,-0.0342,0.1444,0.087,0.0688,-0.030299999999999997,-0.0385,-0.135,-0.013500000000000002,-0.0075,-0.061900000000000004,-0.0329,0.0167,-0.0415,0.0096,-0.0433,-0.0209,-0.0583,-0.0046,-0.1206,-0.0803,-0.0604,-0.1211,-0.0202
2008-03-31,-0.037599999999999995,0.0223,-0.0209,0.037599999999999995,-0.0025,0.033,-0.0277,-0.057999999999999996,0.0355,0.0335,-0.0444,-0.009300000000000001,-0.0182,-0.0178,0.0323,-0.008100000000000001,0.0395,0.0063,0.0023,0.0182,-0.0068000000000000005,0.0034999999999999996,-0.038900000000000004,-0.046,0.012,-0.037200000000000004,-0.107,-0.06280000000000001,-0.0765,-0.0273,0.008100000000000001,-0.0005,-0.0675,-0.020099999999999996,0.0048,0.0116,0.005,-0.0003,-0.009399999999999999,0.0226,0.0297,-0.0219,0.0254,0.0298,-0.016399999999999998,-0.0641,0.0072,-0.063,0.0421
2008-04-30,0.0273,0.037200000000000004,-0.032,-0.0271,-0.09480000000000001,0.0525,-0.0172,0.024300000000000002,-0.0354,0.0259,0.0662,0.0166,-0.0025,0.0941,-0.0118,0.0819,0.0397,0.0394,0.06480000000000001,0.1516,0.095,0.0258,0.13849999999999998,0.09359999999999999,0.08800000000000001,0.0622,-0.0392,0.1371,0.21059999999999998,0.10289999999999999,0.0639,0.0462,0.14150000000000001,0.038900000000000004,0.0726,0.0646,0.07139999999999999,0.0333,-0.0168,0.0451,0.0637,0.011200000000000002,0.056799999999999996,0.046900000000000004,0.0556,0.0375,-0.0024,0.08650000000000001,-0.0623
2008-05-31,0.1093,0.008,-0.07919999999999999,0.0144,0.1012,0.039599999999999996,-0.0126,0.004,0.0005,0.0356,0.0008,0.0004,0.0213,0.0317,0.0087,-0.0229,0.0378,0.0483,0.0925,0.056100000000000004,0.058600000000000006,0.11220000000000001,-0.0297,-0.004699999999999999,0.0361,0.029300000000000003,0.061900000000000004,0.036000000000000004,0.23600000000000002,0.0359,0.0359,0.0479,0.005,0.0302,0.064,0.052199999999999996,0.061200000000000004,0.0571,0.015300000000000001,0.054400000000000004,0.0375,0.0694,0.0039000000000000003,-0.0124,-0.0632,-0.011899999999999999,0.0052,-0.0349,-0.0197
2008-06-30,-0.0167,-0.09699999999999999,-0.1351,-0.050499999999999996,-0.062,-0.1003,-0.20989999999999998,-0.1175,-0.07919999999999999,-0.125,-0.0781,-0.014499999999999999,-0.030899999999999997,-0.045,-0.12269999999999999,-0.15109999999999998,-0.13720000000000002,-0.09230000000000001,-0.057999999999999996,0.0768,-0.0622,-0.12179999999999999,-0.22870000000000001,-0.1809,-0.09230000000000001,-0.0978,0.0868,-0.0178,0.2114,0.0203,-0.0040999999999999995,-0.1092,-0.09480000000000001,-0.06860000000000001,-0.1059,-0.0781,-0.10300000000000001,-0.0425,-0.1282,-0.1562,-0.10439999999999999,-0.0725,-0.0817,-0.1,-0.2091,-0.145,-0.15560000000000002,-0.1346,-0.1117
2008-07-31,-0.049100000000000005,0.061799999999999994,-0.0123,0.026000000000000002,0.0359,0.09720000000000001,-0.023700000000000002,-0.0451,0.0801,-0.0379,0.0385,0.0383,0.0754,-0.0062,0.051399999999999994,-0.1041,-0.0053,-0.026600000000000002,-0.1168,0.0441,-0.0516,-0.002,-0.0371,-0.0025,0.075,0.050499999999999996,-0.0723,-0.1483,-0.22940000000000002,-0.1528,-0.071,-0.030899999999999997,0.08900000000000001,0.0040999999999999995,-0.0098,-0.0199,0.0113,0.0262,0.0444,0.0332,0.061,0.0132,0.0076,0.015700000000000002,0.1193,0.023399999999999997,-0.06,0.0287,0.0048
2008-08-31,-0.0363,-0.0048,0.0761,0.0118,0.0333,-0.0375,0.0579,0.0349,0.0592,0.08789999999999999,0.053200000000000004,0.0348,0.012199999999999999,-0.0277,0.0719,0.1445,0.045599999999999995,0.038900000000000004,-0.0678,-0.052000000000000005,0.0032,-0.013500000000000002,0.0011,0.0377,0.0282,0.11560000000000001,-0.0974,-0.0471,-0.061900000000000004,0.0026,-0.0046,0.04,0.024700000000000003,0.0387,0.04190000000000001,0.015700000000000002,0.0206,0.0108,0.0281,0.0418,0.0168,0.0316,0.061500000000000006,0.0403,-0.0018,0.019,0.0605,-0.0053,0.0046
2008-09-30,-0.1291,-0.0158,0.0072,0.0187,-0.0608,-0.052300000000000006,-0.1697,-0.1361,-0.0042,-0.0095,-0.0667,-0.0707,-0.0567,-0.18530000000000002,-0.09449999999999999,-0.053099999999999994,-0.0796,-0.1485,-0.3098,-0.2816,-0.2095,-0.1582,-0.1076,-0.1387,-0.1956,-0.062400000000000004,-0.1474,-0.2849,-0.38060000000000005,-0.1093,-0.1184,-0.1261,-0.0825,-0.0974,-0.1574,-0.0818,-0.17379999999999998,-0.1143,-0.038900000000000004,-0.17,-0.09699999999999999,-0.1009,-0.0519,-0.0478,0.031200000000000002,-0.1272,-0.0647,-0.1562,-0.0223
2008-10-31,-0.11019999999999999,-0.08689999999999999,-0.225,-0.16649999999999998,-0.0655,-0.23260000000000003,-0.3224,-0.24600000000000002,-0.1336,-0.21960000000000002,-0.1891,-0.1932,-0.0882,-0.21239999999999998,-0.1893,-0.2809,-0.32020000000000004,-0.2626,-0.32409999999999994,-0.2869,-0.2978,-0.24710000000000001,-0.3643,-0.1442,-0.21050000000000002,-0.2168,-0.336,-0.3486,-0.29309999999999997,-0.1638,-0.1112,-0.1553,-0.0725,-0.23329999999999998,-0.16940000000000002,-0.1819,-0.17079999999999998,-0.23129999999999998,-0.1833,-0.196,-0.107,-0.209,-0.14529999999999998,-0.1251,-0.1525,-0.2688,-0.3669,-0.2601,-0.1821
2008-11-30,-0.10710000000000001,-0.07400000000000001,-0.146,0.0554,-0.0733,-0.1161,-0.2445,-0.1074,-0.0245,-0.14300000000000002,-0.13570000000000002,-0.18899999999999997,-0.048799999999999996,-0.1603,-0.0504,-0.2793,-0.0209,-0.041299999999999996,-0.12240000000000001,-0.18469999999999998,-0.0809,-0.0013,-0.062,-0.1185,-0.1351,-0.0833,0.2608,-0.0492,-0.2929,0.009399999999999999,0.0126,-0.0158,-0.0286,-0.0435,-0.0973,-0.1076,-0.1441,-0.0857,-0.042699999999999995,-0.0687,-0.1027,-0.11449999999999999,-0.0758,-0.0643,-0.17170000000000002,-0.060700000000000004,-0.2751,-0.1494,-0.1063
2008-12-31,-0.09720000000000001,0.0255,0.1812,-0.0167,0.013600000000000001,0.13,0.08380000000000001,-0.0322,-0.0208,0.037000000000000005,0.0747,0.061900000000000004,0.0679,-0.0236,-0.003,0.1308,0.012,0.0843,0.1666,-0.0434,0.030899999999999997,0.055999999999999994,-0.0301,0.0746,0.1059,0.08960000000000001,0.21969999999999998,0.1127,-0.0432,-0.024,-0.0204,0.0347,0.0326,0.0318,-0.0123,0.0259,0.0564,-0.0245,-0.0836,0.1219,-0.0161,0.0646,0.0354,0.1112,-0.0432,0.1265,0.0898,0.0444,-0.0406
2009-01-31,0.0717,-0.003,-0.0741,-0.0738,-0.0663,-0.1411,-0.12689999999999999,-0.10679999999999999,-0.1085,-0.11800000000000001,-0.0363,0.0273,-0.0291,-0.065,-0.1489,-0.2521,-0.16079999999999997,-0.1177,-0.1663,-0.0933,-0.0983,-0.11939999999999999,-0.09949999999999999,-0.0437,-0.045599999999999995,-0.0285,-0.0252,-0.1167,0.0213,-0.0364,-0.0084,-0.1032,-0.001,-0.0774,-0.0318,-0.0294,-0.0341,-0.0048,-0.09949999999999999,-0.1017,-0.15810000000000002,-0.014199999999999999,-0.08650000000000001,-0.0776,-0.2733,-0.1463,-0.0688,-0.09480000000000001,-0.1523
2009-02-28,-0.0051,-0.1105,-0.032,-0.047400000000000005,-0.0855,-0.1421,-0.1558,-0.1322,-0.1108,-0.08470000000000001,-0.1007,-0.125,-0.1057,-0.08259999999999999,-0.2089,-0.2867,-0.1723,-0.1219,-0.1881,-0.2024,-0.1284,-0.1533,-0.10189999999999999,-0.1812,-0.21969999999999998,-0.20829999999999999,0.0412,-0.0051,-0.0496,-0.1266,-0.1252,-0.0695,-0.1097,-0.0731,-0.0736,-0.027200000000000002,-0.0647,-0.0864,-0.1449,-0.042199999999999994,-0.1234,-0.0864,-0.0121,-0.0746,-0.1624,-0.19879999999999998,-0.2465,-0.0393,-0.1868
2009-03-31,0.0889,0.0096,0.1495,0.0709,0.0733,0.0526,0.08960000000000001,0.0823,0.0053,0.15689999999999998,0.0203,0.0454,0.0815,0.1648,0.0594,0.2981,0.1036,0.1523,0.1213,0.0553,0.11699999999999999,0.07730000000000001,0.11960000000000001,0.0666,-0.0334,0.08259999999999999,0.086,0.19149999999999998,0.0027,0.0404,0.0282,0.0795,0.042300000000000004,0.0925,0.14150000000000001,0.09820000000000001,0.1401,0.06849999999999999,0.08,0.0646,0.0816,0.0417,0.1134,0.091,0.1543,0.1097,0.0019,0.19469999999999998,0.1103
2009-04-30,0.0311,0.0344,0.2861,-0.0144,0.0222,0.2311,0.4096,0.3057,0.08650000000000001,0.2164,0.1566,0.0655,-0.031200000000000002,0.1709,0.3209,0.5918,0.34590000000000004,0.147,0.2589,0.3951,0.19640000000000002,0.2271,0.4946,0.1518,0.2854,0.1399,-0.08380000000000001,0.0978,0.1522,0.0432,0.0209,0.0965,-0.048499999999999995,0.124,0.1754,0.1066,0.1253,0.0935,0.23399999999999999,0.1265,0.1516,0.1508,0.094,0.0917,0.1991,0.13449999999999998,0.6509999999999999,0.1432,0.1565
2009-05-31,-0.0297,0.07690000000000001,0.0095,0.0949,0.12619999999999998,0.026600000000000002,0.0872,-0.0028000000000000004,0.045599999999999995,0.030299999999999997,0.0398,0.0542,0.065,0.0698,0.0235,-0.0706,-0.0388,0.0,0.09699999999999999,0.08259999999999999,0.042699999999999995,-0.0174,-0.032799999999999996,0.0941,0.0724,0.0681,0.2133,0.1634,0.3519,0.09939999999999999,0.0464,0.0105,-0.0087,0.004699999999999999,0.006,0.0405,0.0325,0.035,0.0327,0.0668,0.0222,0.0489,-0.0297,0.0579,0.1035,0.0824,0.0015,0.1211,0.0325
2009-06-30,-0.0808,0.0262,-0.0141,0.016,0.0121,-0.0229,-0.04650000000000001,-0.0144,0.0069,-0.0318,0.0373,0.0466,0.034,-0.0681,0.002,-0.07780000000000001,-0.0327,-0.0018,0.0335,0.0015,-0.024900000000000002,0.014499999999999999,0.051100000000000007,-0.0369,-0.0282,-0.0347,-0.1653,-0.051500000000000004,-0.1209,-0.0458,0.0464,0.0165,0.1406,0.0148,0.061799999999999994,0.0471,0.0279,0.054299999999999994,0.0404,0.0258,0.0072,-0.0064,0.0,-0.031400000000000004,-0.0318,-0.0151,0.012,0.0129,-0.054400000000000004
2009-07-31,0.1209,0.07150000000000001,0.06849999999999999,0.0371,0.0746,0.1091,0.15789999999999998,0.1586,0.10220000000000001,0.1192,0.0658,0.0236,0.0603,0.17010000000000003,0.1905,0.3616,0.17739999999999997,0.1065,0.037599999999999995,0.0582,0.1502,0.1274,0.16390000000000002,0.0541,0.1367,-0.0646,0.022099999999999998,0.1728,0.1547,0.0508,0.0441,0.055999999999999994,0.0132,0.064,0.1276,0.053399999999999996,0.091,0.0654,0.1585,0.11789999999999999,0.1128,0.0908,0.0724,0.023399999999999997,0.0885,0.0956,0.0977,0.0692,0.1048
2009-08-31,-0.0017000000000000001,-0.0004,0.061399999999999996,-0.0073,0.0033,0.0492,0.111,0.0702,-0.0078000000000000005,0.0346,0.0302,0.053,0.015700000000000002,0.0181,0.0702,0.0165,0.0617,0.063,0.0364,0.0794,0.017,0.022799999999999997,0.017,0.11130000000000001,0.12689999999999999,0.012199999999999999,-0.0195,0.051100000000000007,0.0128,0.0077,0.0025,0.0073,0.0329,0.024,0.026000000000000002,0.024900000000000002,0.0194,0.0118,0.0507,0.0046,0.0363,0.0467,0.0388,0.031400000000000004,0.12179999999999999,0.1082,0.1418,0.0253,0.0349
2009-09-30,-0.0668,0.0212,0.0605,0.0774,0.0455,0.039599999999999996,0.12560000000000002,-0.0264,0.0642,0.1243,0.035,0.0218,0.0209,0.0687,0.0663,0.0116,0.0171,-0.0325,0.0645,0.09449999999999999,0.0872,0.07339999999999999,0.0256,0.056100000000000004,0.0875,0.0403,0.1188,0.094,0.16269999999999998,0.0481,0.022400000000000003,0.0649,0.063,0.045700000000000005,0.07780000000000001,0.0496,0.0269,0.06849999999999999,0.0206,0.0592,0.0366,0.0404,0.021099999999999997,0.035699999999999996,0.0002,-0.0001,0.0723,0.073,0.0809
2009-10-31,-0.12380000000000001,0.011000000000000001,-0.0405,0.0098,-0.0028000000000000004,0.0173,-0.13,-0.0079,0.0066,-0.026699999999999998,-0.0292,-0.054400000000000004,-0.0311,-0.0403,-0.042,-0.0663,-0.04769999999999999,-0.0902,-0.1211,-0.0913,-0.0005,-0.057800000000000004,-0.0254,-0.0435,-0.071,-0.1051,-0.0158,0.023399999999999997,-0.0002,0.0255,-0.0271,-0.0398,-0.1061,-0.037000000000000005,-0.015700000000000002,0.0173,-0.06709999999999999,-0.0338,-0.005600000000000001,-0.0541,-0.055999999999999994,-0.027999999999999997,0.0087,-0.0304,-0.0576,-0.0424,-0.1025,-0.0377,-0.069
2009-11-30,0.1812,0.02,0.0034000000000000002,0.0527,0.0217,0.042199999999999994,0.0922,0.0322,0.0726,0.017,0.0392,0.09949999999999999,0.0796,0.0978,0.0404,0.0301,0.048499999999999995,-0.040999999999999995,0.0751,0.0365,0.0601,0.058600000000000006,0.11019999999999999,0.09390000000000001,0.055,0.121,0.24059999999999998,0.122,0.1058,0.03,0.0458,0.0684,0.0369,0.05,0.035,0.053200000000000004,0.0572,0.0377,0.0917,0.005,0.1199,0.044800000000000006,0.0458,0.078,0.0556,0.0521,0.1,0.0168,0.0641
2009-12-31,0.0195,0.030600000000000002,0.0557,-0.0072,0.0327,0.0365,-0.0152,0.1678,-0.0199,0.0454,0.07150000000000001,0.037000000000000005,0.018799999999999997,0.0236,0.019299999999999998,0.11019999999999999,0.07,0.062400000000000004,0.157,0.03,0.0384,0.0519,0.0639,0.0352,0.0548,-0.0138,-0.11699999999999999,-0.0184,0.073,-0.0077,0.0587,0.0642,0.0735,0.0553,0.051699999999999996,0.0542,0.083,0.0604,0.0403,0.0556,0.04769999999999999,0.0507,0.0132,0.0269,-0.011000000000000001,0.0292,0.1139,0.009300000000000001,-0.0218
2010-01-31,-0.0668,0.004699999999999999,-0.0242,-0.037000000000000005,-0.0332,-0.0217,0.0365,0.0369,0.0079,-0.0323,-0.0377,-0.0034999999999999996,0.0034000000000000002,-0.0397,-0.0741,-0.0848,-0.029300000000000003,-0.0017000000000000001,-0.1249,-0.0702,-0.0654,-0.0479,0.0096,0.0088,-0.0913,-0.0151,-0.1115,-0.1623,-0.0726,-0.047599999999999996,-0.044500000000000005,-0.0677,-0.0334,-0.0333,-0.07629999999999999,-0.0774,-0.0931,-0.053899999999999997,-0.0501,-0.0864,-0.0434,-0.025,-0.0192,-0.009399999999999999,0.011899999999999999,0.0074,-0.0368,-0.0774,0.0796
2010-02-28,-0.066,0.0302,0.1367,0.0025,0.043899999999999995,0.1424,0.026000000000000002,-0.0319,0.0353,0.065,0.022000000000000002,0.0219,-0.0015,0.054299999999999994,0.0654,0.15710000000000002,0.0406,0.0202,0.044800000000000006,0.08109999999999999,0.08349999999999999,0.1047,0.0676,0.0397,0.052000000000000005,0.0536,0.1434,0.1283,0.10640000000000001,0.0231,-0.0042,0.0276,0.0131,0.02,0.0713,0.0346,0.0516,0.0681,0.0216,0.0791,0.0676,0.0594,0.0432,0.0447,0.0219,0.036000000000000004,0.07339999999999999,0.0395,0.024300000000000002
2010-03-31,0.0204,0.042199999999999994,0.056100000000000004,0.0613,0.0611,0.0644,0.1506,0.0542,0.020099999999999996,0.11560000000000001,0.0708,0.0444,0.032,0.0731,0.046799999999999994,0.08039999999999999,0.0839,0.059500000000000004,0.1199,0.015600000000000001,0.0638,0.0708,0.0883,0.1091,0.1778,0.0608,0.0384,0.1091,0.0195,0.032400000000000005,0.031200000000000002,0.07629999999999999,0.0678,0.06480000000000001,0.09,0.0472,0.0771,0.0761,0.0591,0.060700000000000004,0.08,0.0599,0.061799999999999994,0.08470000000000001,0.0849,0.0843,0.1367,0.073,0.066
2010-04-30,-0.102,0.0008,-0.0171,-0.0177,-0.0246,-0.009399999999999999,0.1636,0.0173,0.0118,0.0436,0.025699999999999997,0.0036,-0.031200000000000002,0.030600000000000002,0.0861,0.1142,0.1151,0.0958,-0.0294,0.0639,0.0602,0.0451,0.0473,0.0222,0.2214,0.016200000000000003,0.10800000000000001,-0.0382,-0.0197,0.043,0.0285,0.0341,0.0301,0.0239,0.0528,0.0038,0.015700000000000002,0.065,0.0463,0.0184,0.0354,0.032,0.0183,0.0745,0.0304,-0.0154,0.0581,-0.0102,0.0040999999999999995
2010-05-31,-0.1821,-0.0391,-0.0019,-0.038900000000000004,-0.0766,-0.055099999999999996,-0.0786,-0.10400000000000001,-0.042199999999999994,-0.059699999999999996,-0.0377,-0.08470000000000001,-0.0832,-0.1007,-0.049,-0.0975,-0.1061,-0.1072,-0.0748,-0.0947,-0.10339999999999999,-0.1012,-0.10039999999999999,-0.09609999999999999,-0.1133,-0.0634,-0.0516,-0.0596,-0.1512,-0.10060000000000001,-0.063,-0.058499999999999996,-0.0761,-0.0662,-0.0737,-0.0837,-0.0755,-0.0699,-0.0901,-0.0851,-0.0575,-0.0403,-0.058499999999999996,-0.0524,-0.107,-0.059500000000000004,-0.12029999999999999,-0.08470000000000001,-0.1003
2010-06-30,-0.0855,-0.0131,-0.0070999999999999995,-0.0166,0.0331,-0.0393,-0.1082,-0.0754,-0.032,-0.09369999999999999,-0.07400000000000001,-0.0347,-0.0075,-0.0789,-0.0882,-0.1461,-0.1193,-0.134,-0.133,-0.0554,-0.0545,-0.0712,-0.0983,-0.0567,-0.1711,-0.0692,0.13269999999999998,-0.1276,-0.0934,-0.0616,-0.0070999999999999995,-0.0384,-0.125,-0.0646,-0.051500000000000004,-0.0633,-0.0745,-0.057,-0.026099999999999998,-0.0053,-0.0754,-0.052300000000000006,-0.106,-0.054000000000000006,-0.0736,-0.0473,-0.1293,-0.1041,-0.0016
2010-07-31,0.1884,0.029300000000000003,0.06709999999999999,0.0836,0.1074,0.0207,0.0951,0.056100000000000004,0.0408,0.08289999999999999,-0.0533,0.0032,0.0311,0.1474,0.0812,0.0649,0.08869999999999999,0.06860000000000001,0.08259999999999999,0.0971,0.1419,0.1359,0.15990000000000001,0.10289999999999999,0.1255,0.013999999999999999,-0.0891,0.17010000000000003,0.1405,0.0745,0.0681,0.0959,0.07730000000000001,0.0613,0.0617,0.0861,0.07690000000000001,0.0125,0.07769999999999999,0.07519999999999999,0.1076,0.0321,0.04650000000000001,0.0709,0.0583,0.056900000000000006,0.1419,0.1024,0.042
2010-08-31,-0.0924,0.0109,-0.004,-0.0002,0.0002,-0.0231,-0.009899999999999999,-0.10550000000000001,-0.0383,-0.07490000000000001,-0.044199999999999996,-0.0814,-0.0008,-0.0042,-0.0229,-0.0553,-0.054400000000000004,-0.0722,-0.0876,-0.0931,-0.0821,-0.0708,-0.10490000000000001,-0.0819,-0.09609999999999999,-0.06480000000000001,0.1164,-0.0203,-0.0621,-0.0333,0.0036,-0.0199,-0.19760000000000003,-0.0664,-0.0941,-0.037000000000000005,-0.0858,-0.0601,-0.0645,-0.041299999999999996,-0.05,-0.075,-0.04190000000000001,0.0037,-0.1039,-0.043,-0.07,-0.0794,-0.0408
2010-09-30,-0.0572,0.0242,0.04190000000000001,0.0496,0.0977,0.10710000000000001,0.1535,0.13970000000000002,0.0379,0.1773,0.124,0.1174,0.0823,0.0993,0.0958,0.1336,0.1075,0.0968,0.1216,0.1451,0.1602,0.1418,0.1362,0.10099999999999999,0.1941,0.0392,0.04650000000000001,0.1421,0.1349,0.0904,0.0365,0.0788,0.1865,0.11560000000000001,0.1378,0.1117,0.1354,0.1539,0.0969,0.0602,0.102,0.0983,0.1364,0.075,0.06280000000000001,0.08710000000000001,0.1264,0.08070000000000001,0.0836
2010-10-31,0.1957,0.0383,0.08960000000000001,0.0187,0.0535,0.021400000000000002,0.1563,0.0687,0.044000000000000004,0.034300000000000004,0.0304,0.0025,0.0222,0.08349999999999999,0.0209,0.0322,0.048,-0.0194,0.0466,0.09910000000000001,0.0453,0.049800000000000004,0.0989,0.0608,0.014499999999999999,0.0055000000000000005,-0.022799999999999997,0.1316,0.06849999999999999,0.044800000000000006,0.018600000000000002,0.045599999999999995,-0.07200000000000001,0.0366,0.0506,0.0883,0.0373,0.0603,0.0308,0.059500000000000004,0.0552,0.049100000000000005,0.0131,0.0601,0.0001,0.019,-0.0179,0.076,-0.0184
2010-11-30,0.0085,-0.027200000000000002,0.009300000000000001,0.0196,-0.039,0.0915,0.0704,-0.0187,-0.0252,0.091,0.015300000000000001,-0.0021,-0.0432,0.008199999999999999,0.030899999999999997,-0.0127,0.0321,0.026600000000000002,0.029300000000000003,0.0935,0.0665,0.0406,0.0652,-0.0051,-0.0028000000000000004,-0.0301,0.008199999999999999,0.0398,0.1457,0.051399999999999994,-0.013600000000000001,-0.0189,0.0016,0.0143,-0.0138,-0.0273,0.0335,0.024900000000000002,0.005,-0.006999999999999999,0.0231,0.0019,0.049699999999999994,0.041299999999999996,0.0007000000000000001,-0.0078000000000000005,0.0012,-0.008100000000000001,-0.006
2010-12-31,0.1585,0.0461,0.0096,0.0353,0.042300000000000004,0.019299999999999998,-0.0124,0.08380000000000001,0.056900000000000006,0.0091,0.09140000000000001,0.0943,0.0433,0.0754,0.0721,0.041299999999999996,0.10529999999999999,0.1452,0.13269999999999998,0.1084,0.1041,0.056299999999999996,0.0867,0.0409,0.1636,0.0292,0.0603,0.16620000000000001,0.1446,0.09179999999999999,0.0323,0.0659,0.1148,0.0654,0.0417,0.0692,0.0537,0.09570000000000001,0.0463,0.057300000000000004,0.031200000000000002,0.0679,0.0346,-0.0029,0.1242,0.0742,0.07719999999999999,0.09300000000000001,0.0801
2011-01-31,0.0506,-0.0196,0.0189,-0.0359,-0.033,-0.0655,0.0375,0.028999999999999998,-0.0103,-0.0353,0.0172,0.024700000000000003,-0.016200000000000003,0.0158,0.0196,-0.0375,0.029500000000000002,0.0668,0.039,0.0783,0.0547,0.0377,0.0002,0.0506,0.0278,0.11380000000000001,-0.1085,-0.0636,0.0176,0.0718,0.0218,0.0005,-0.0037,0.0178,0.0435,0.025099999999999997,0.0654,0.0273,0.0301,0.037000000000000005,-0.004699999999999999,0.0292,-0.0127,-0.0276,0.0258,0.0313,0.0222,0.0152,0.0536
2011-02-28,-0.012,0.06570000000000001,0.0319,0.005699999999999999,0.08650000000000001,0.06509999999999999,0.0103,0.0265,0.0138,0.0848,0.0689,0.0455,0.0277,0.05,0.039900000000000005,0.0713,0.0308,-0.0029,0.0394,0.0885,0.0405,0.0273,-0.030299999999999997,0.0281,0.0674,0.0027,0.0482,0.0001,0.0013,0.0797,0.0242,0.07400000000000001,0.1114,0.052199999999999996,0.0168,0.015700000000000002,0.0393,0.058499999999999996,0.0316,0.042800000000000005,0.0131,0.028900000000000002,0.013999999999999999,0.041299999999999996,0.0151,0.0512,0.0862,0.03,0.0504
2011-03-31,0.0033,0.0155,0.0454,0.0336,0.0638,0.015700000000000002,-0.0109,-0.0013,0.0013,-0.0407,0.0354,0.005600000000000001,0.0258,0.0195,0.0611,0.0443,0.0345,0.0149,0.0076,0.0942,0.0425,0.0096,0.0171,0.0217,0.1802,0.016200000000000003,0.0067,0.0009,0.0892,0.0182,0.0092,0.0168,0.023,0.017,-0.0318,-0.0008,-0.032,0.0192,0.0176,0.0046,0.031400000000000004,0.0143,0.0051,0.0195,-0.0192,-0.0037,0.0106,-0.0246,-0.030299999999999997
2011-04-30,-0.0417,0.0576,0.0518,0.0393,0.0537,0.042699999999999995,0.067,0.0006,0.050300000000000004,0.081,0.0106,0.050300000000000004,0.0695,0.0449,0.044500000000000005,0.0495,0.0008,0.0008,0.0052,-0.0525,0.0171,0.0032,0.022799999999999997,0.0425,0.0168,-0.0105,0.062400000000000004,-0.0277,-0.0279,0.0178,0.04,0.0326,0.0146,0.015600000000000001,0.0131,0.0325,0.0463,0.0407,0.0195,0.0066,0.030600000000000002,0.0416,0.051699999999999996,0.0115,-0.0062,0.042,0.0524,-0.0073,0.0139
2011-05-31,0.0286,0.0231,0.036699999999999997,0.0054,0.0452,-0.0085,-0.0044,0.011699999999999999,0.029900000000000003,0.0064,0.0055000000000000005,-0.0018,0.0262,-0.0363,0.0176,0.0279,-0.018500000000000003,-0.0263,-0.053,-0.0326,-0.058499999999999996,-0.060899999999999996,-0.0335,-0.0166,-0.0626,-0.008100000000000001,-0.0581,-0.0559,-0.057800000000000004,-0.0446,0.0132,0.0077,-0.008100000000000001,-0.016,-0.021400000000000002,-0.0232,-0.009000000000000001,-0.0014000000000000002,-0.0062,0.0571,-0.0042,0.0134,0.002,0.0449,-0.028300000000000002,-0.0151,-0.0333,-0.0404,-0.039900000000000005
2011-06-30,0.015,-0.0111,0.0403,0.0062,-0.0562,-0.0062,-0.0165,-0.0045000000000000005,-0.0269,0.0388,-0.0288,-0.0326,-0.0147,-0.0029,0.0024,-0.0646,-0.018600000000000002,-0.049699999999999994,-0.0194,0.0802,-0.005699999999999999,0.002,-0.0154,0.003,-0.0275,0.0286,-0.0506,-0.0067,-0.059000000000000004,-0.0216,-0.0034000000000000002,-0.0138,0.0187,-0.0222,-0.036699999999999997,-0.0089,-0.0417,-0.013500000000000002,0.0059,-0.066,-0.0045000000000000005,-0.0202,-0.0137,0.0165,-0.0223,-0.011699999999999999,-0.0346,-0.0444,-0.024300000000000002
2011-07-31,0.0131,-0.0022,-0.0593,-0.0298,0.028399999999999998,-0.0507,0.061799999999999994,-0.0304,-0.0282,0.023700000000000002,-0.09210000000000002,-0.0438,-0.030299999999999997,-0.020499999999999997,-0.0553,-0.062400000000000004,-0.0751,-0.0461,-0.0623,-0.0387,-0.0467,-0.0933,-0.0981,-0.0596,-0.0605,-0.0581,0.0354,-0.0078000000000000005,0.0062,0.0048,-0.0033,-0.049800000000000004,-0.0092,-0.0379,0.0455,0.0068000000000000005,-0.061399999999999996,-0.08220000000000001,-0.0704,-0.0463,-0.0509,-0.0453,-0.0008,-0.0011,-0.0362,-0.0521,-0.038599999999999995,-0.026699999999999998,-0.0466
2011-08-31,-0.0679,-0.014199999999999999,0.0217,0.0226,0.0034000000000000002,-0.0302,-0.0613,-0.0315,0.0064,-0.0581,-0.138,-0.0483,-0.018799999999999997,-0.08349999999999999,-0.0253,-0.0696,-0.0731,-0.1014,-0.1321,-0.0699,-0.0815,-0.07919999999999999,-0.12179999999999999,-0.0718,-0.08960000000000001,-0.0129,0.0974,-0.0596,-0.196,-0.09570000000000001,0.002,-0.0504,-0.1433,-0.0711,-0.0698,-0.0622,-0.0733,-0.083,-0.0536,-0.0808,-0.0724,-0.0406,-0.0333,-0.0068000000000000005,-0.0933,-0.0786,-0.12539999999999998,-0.11599999999999999,-0.050300000000000004
2011-09-30,-0.1286,-0.037200000000000004,-0.0264,-0.0384,-0.049100000000000005,-0.0944,-0.2147,-0.08,-0.0374,-0.051399999999999994,-0.0925,-0.0774,-0.0277,-0.15869999999999998,-0.11960000000000001,-0.1435,-0.16390000000000002,-0.1533,-0.20579999999999998,-0.1814,-0.16390000000000002,-0.1374,-0.138,-0.0437,-0.18899999999999997,-0.0408,-0.051399999999999994,-0.3072,-0.2994,-0.1167,-0.0161,-0.0572,-0.1392,-0.0843,-0.037599999999999995,-0.0403,-0.0556,-0.10310000000000001,-0.09820000000000001,-0.1278,-0.0946,-0.0814,-0.0285,-0.0537,-0.1168,-0.0837,-0.1563,-0.14529999999999998,-0.050199999999999995
2011-10-31,0.2104,0.0369,0.0256,0.0191,0.0759,0.16269999999999998,0.1536,0.08789999999999999,0.0426,0.1654,0.1164,0.06280000000000001,0.049400000000000006,0.18109999999999998,0.1343,0.1429,0.23870000000000002,0.1993,0.1815,0.24050000000000002,0.2293,0.1869,0.2377,0.1056,0.2933,0.0553,0.07980000000000001,0.2703,0.2837,0.1594,0.067,0.0761,0.1868,0.13,0.1183,0.1148,0.1241,0.11720000000000001,0.106,0.133,0.1553,0.1379,0.0908,0.1014,0.1325,0.1359,0.1634,0.1389,0.09369999999999999
2011-11-30,0.0017000000000000001,0.0054,-0.008100000000000001,0.0051,0.0716,-0.0069,-0.030699999999999998,0.0052,0.0074,-0.037200000000000004,0.0184,-0.005600000000000001,0.0166,-0.0084,-0.0013,-0.010700000000000001,0.0277,0.0282,-0.0146,0.09609999999999999,0.021099999999999997,0.057800000000000004,-0.08650000000000001,0.0174,0.0527,0.0405,0.024900000000000002,0.0046,-0.06309999999999999,0.0239,0.0101,0.003,-0.0342,-0.0104,-0.0332,-0.0194,-0.005,-0.009300000000000001,0.012199999999999999,0.0016,0.014199999999999999,0.0115,0.008199999999999999,0.0242,-0.0407,-0.0067,0.0037,-0.0471,-0.0167
2011-12-31,-0.04,0.0105,0.0256,0.0397,0.0362,-0.06480000000000001,-0.0431,0.05,0.0215,-0.0231,-0.0143,0.019,0.0415,0.0013,0.0066,0.008100000000000001,-0.0144,-0.0028000000000000004,-0.0525,-0.0812,-0.039,-0.0447,-0.0155,0.0029,0.0225,0.0288,-0.1284,-0.045899999999999996,-0.1366,-0.0001,0.0291,0.031200000000000002,0.0449,0.022400000000000003,0.0058,-0.0268,-0.0175,-0.0178,0.0116,0.0058,0.0115,-0.0002,0.0033,0.0401,0.0313,0.0095,0.0146,-0.014199999999999999,0.039599999999999996
2012-01-31,0.16870000000000002,0.0079,0.0424,-0.0232,-0.0466,0.1108,0.1252,0.0342,-0.012,0.09699999999999999,0.0461,0.067,0.0268,0.113,0.0812,0.0703,0.0647,0.0967,0.1234,0.0437,0.1276,0.1027,0.1321,0.049,0.0472,0.022799999999999997,0.053399999999999996,0.1891,0.0143,0.01,-0.0271,0.023700000000000002,0.0739,0.053200000000000004,0.1143,0.0592,0.0911,0.1499,0.038,0.08810000000000001,0.0677,0.061,0.04019999999999999,0.0323,0.07719999999999999,0.051500000000000004,0.10490000000000001,0.1012,0.0381
2012-02-29,-0.0512,0.0207,0.0479,0.0078000000000000005,0.10529999999999999,0.062400000000000004,0.058600000000000006,0.013500000000000002,0.06559999999999999,0.0638,0.0662,0.009399999999999999,0.009300000000000001,0.0217,0.0215,0.0584,0.0513,0.060899999999999996,-0.0269,0.08289999999999999,0.0447,0.017,0.049699999999999994,0.042800000000000005,0.07490000000000001,0.0727,-0.0319,-0.058600000000000006,-0.0174,0.067,0.013000000000000001,0.0507,-0.0319,0.039,0.11320000000000001,0.059500000000000004,0.0378,0.0215,0.035699999999999996,0.0431,-0.0152,0.0154,0.0346,0.0282,0.0709,0.0528,0.0745,0.0666,0.0163
2012-03-31,0.0296,0.0152,0.042300000000000004,0.060599999999999994,0.049400000000000006,0.029500000000000002,0.042300000000000004,0.0407,0.015600000000000001,0.0159,0.0002,0.0355,0.0433,0.028900000000000002,0.057,0.0451,0.031,0.0143,0.006500000000000001,0.0414,-0.023799999999999998,0.010700000000000001,0.0058,0.0004,-0.023799999999999998,0.0123,-0.1204,-0.0458,-0.12269999999999999,-0.0308,0.0148,0.023799999999999998,-0.015,0.0219,0.0707,0.0385,0.035,0.0393,0.0154,0.0173,0.0077,0.029900000000000003,0.0524,0.039599999999999996,0.0935,0.0377,0.0571,0.0455,0.037599999999999995
2012-04-30,-0.0405,0.0103,0.0317,0.0134,0.0183,0.0102,-0.0276,-0.0269,-0.0209,-0.0007000000000000001,-0.0067,0.0023,0.0077,0.0116,-0.0091,-0.0015,-0.0199,0.0212,-0.0426,-0.026099999999999998,-0.0161,-0.016399999999999998,-0.07719999999999999,0.0025,-0.0187,0.0132,-0.061799999999999994,0.0044,0.0242,-0.016399999999999998,0.017,0.0169,-0.0338,-0.0001,-0.0339,-0.0074,-0.0323,-0.0294,-0.0045000000000000005,-0.0204,0.0146,-0.0021,0.0132,0.0083,-0.0236,-0.008199999999999999,0.028399999999999998,-0.0535,-0.0158
2012-05-31,0.0053,-0.0329,0.0159,-0.0025,-0.0361,-0.0783,-0.1322,-0.07769999999999999,-0.0464,-0.0567,-0.0623,-0.0548,-0.0256,-0.08439999999999999,-0.050199999999999995,-0.026000000000000002,-0.0556,-0.0805,-0.1457,-0.1391,-0.1109,-0.0765,-0.0739,-0.07519999999999999,-0.10779999999999999,-0.0827,-0.0368,-0.15789999999999998,-0.2371,-0.10310000000000001,-0.0088,-0.0077,-0.1007,-0.0692,-0.0722,-0.078,-0.09359999999999999,-0.0639,-0.0513,-0.0942,-0.0203,-0.0616,-0.0206,-0.044800000000000006,-0.09480000000000001,-0.0726,-0.059800000000000006,-0.11789999999999999,-0.0276
2012-06-30,0.0689,0.0134,0.0217,0.0576,0.059800000000000006,0.0127,0.0016,0.06860000000000001,0.0,-0.1041,0.1449,0.0592,0.065,0.0313,0.0368,0.022000000000000002,0.0173,0.08130000000000001,0.0478,0.0189,0.0001,-0.020499999999999997,-0.0416,0.024399999999999998,0.0872,0.0541,0.04,0.08470000000000001,0.0241,0.0584,0.0342,0.0702,0.0371,0.0519,0.015600000000000001,0.0434,0.0216,0.0024,0.0278,0.0176,0.039900000000000005,0.0276,0.030600000000000002,-0.0231,0.052300000000000006,0.0368,0.0407,0.042800000000000005,0.067
2012-07-31,0.0327,-0.027200000000000002,0.0277,0.020499999999999997,0.0394,0.0626,-0.121,0.0092,0.0359,0.0204,-0.0447,-0.0416,0.0323,-0.0096,-0.0371,-0.0075,-0.0254,-0.0195,-0.014499999999999999,-0.053899999999999997,0.015,0.0342,-0.0116,-0.014199999999999999,0.0246,0.0296,-0.08929999999999999,-0.0115,-0.1094,0.030699999999999998,0.035,0.0416,-0.11779999999999999,-0.0021,0.021,-0.0129,-0.0043,0.006500000000000001,0.0091,0.0253,-0.0086,0.0046,0.0232,-0.0339,-0.0006,-0.032,-0.024,-0.0121,0.0089
2012-08-31,0.021400000000000002,0.0441,-0.0698,0.0028000000000000004,-0.0294,0.0341,0.08460000000000001,0.0677,0.032,0.0815,0.0668,0.0354,0.0011,0.0296,0.0387,0.08070000000000001,0.0776,0.0796,-0.0123,0.09179999999999999,0.0408,0.0373,0.0424,0.031,-0.0073,0.0264,0.1575,0.028900000000000002,0.003,0.0239,-0.0346,0.0097,0.062400000000000004,0.0217,0.0827,0.0418,0.022000000000000002,0.028399999999999998,0.022099999999999998,0.0294,-0.0154,0.004,0.0346,0.0165,0.031,0.0613,0.0493,0.049,-0.0062
2012-09-30,0.0466,0.011399999999999999,0.0176,-0.0104,-0.0004,0.0012,0.0702,0.0643,0.026099999999999998,-0.004,0.083,0.0588,0.042,0.0148,0.053200000000000004,0.0537,0.040999999999999995,0.06509999999999999,0.037599999999999995,0.0365,0.02,-0.0017000000000000001,0.0342,-0.0089,0.0397,0.0339,0.1366,0.086,0.0206,0.0384,0.021099999999999997,0.048600000000000004,0.0398,0.0252,0.0026,0.0318,-0.0286,0.0253,0.022000000000000002,0.04190000000000001,-0.022799999999999997,0.0044,0.018000000000000002,0.037200000000000004,0.045899999999999996,0.0139,0.0332,0.0406,0.06309999999999999
2012-10-31,-0.0484,-0.0059,-0.027000000000000003,-0.019,-0.0252,-0.0095,0.021099999999999997,-0.008,0.0106,-0.0111,-0.051399999999999994,-0.037200000000000004,-0.013300000000000001,-0.0246,0.0255,0.0473,0.037599999999999995,0.0296,-0.0077,-0.0179,-0.008,0.0129,0.064,0.0059,0.0286,0.0052,-0.0286,0.0226,0.205,-0.022000000000000002,0.0109,-0.024300000000000002,-0.0268,-0.0028000000000000004,-0.10679999999999999,-0.054900000000000004,-0.039599999999999996,-0.0147,-0.0282,0.009300000000000001,0.0297,0.0258,-0.0096,-0.0492,0.0138,0.0287,-0.011000000000000001,0.0248,-0.0385
2012-11-30,0.058499999999999996,0.038900000000000004,0.0325,0.0195,0.0327,0.0207,0.0209,-0.0262,0.0131,0.0394,0.04,0.0086,0.0147,0.0323,0.019799999999999998,0.0406,0.044500000000000005,-0.0097,0.0255,-0.0496,0.0168,0.0548,0.0278,0.0409,0.0202,0.0191,-0.1418,0.0141,-0.1127,-0.013300000000000001,-0.0379,0.0006,0.0438,0.0137,0.0078000000000000005,0.012,0.0203,0.0407,0.043,-0.004699999999999999,0.0042,0.0232,0.0108,0.0265,-0.006500000000000001,-0.0219,0.0073,0.0007000000000000001,0.0089
2012-12-31,0.03,-0.0070999999999999995,-0.0363,-0.009300000000000001,-0.0559,-0.0116,0.0466,0.053200000000000004,-0.0171,-0.0017000000000000001,0.031,0.0036,-0.0096,0.0443,0.0018,0.0353,0.032400000000000005,0.061799999999999994,0.0655,0.07150000000000001,0.0414,0.037000000000000005,0.0834,0.0239,0.0546,-0.0143,-0.008199999999999999,-0.0149,0.0766,0.012199999999999999,0.0012,0.0115,0.038599999999999995,0.0288,-0.04190000000000001,0.0158,0.0301,0.0348,0.0358,0.02,0.0315,0.0213,-0.022000000000000002,0.018000000000000002,0.0529,0.0171,0.0591,0.0572,0.0128
2013-01-31,0.0701,0.0737,0.0241,0.0512,0.056100000000000004,0.027000000000000003,0.1593,0.054299999999999994,0.08900000000000001,0.023,0.0967,0.1005,0.0758,0.049699999999999994,0.11380000000000001,0.092,0.0787,0.111,0.0403,0.04769999999999999,0.08070000000000001,0.0728,0.013300000000000001,0.024700000000000003,0.0901,-0.0394,-0.08529999999999999,0.0383,-0.037200000000000004,0.0766,0.050499999999999996,0.048499999999999995,0.0837,0.0679,-0.0644,0.0588,0.0333,0.0747,0.058499999999999996,0.0447,0.085,0.064,0.0536,0.0535,0.044000000000000004,0.0644,0.058899999999999994,0.1304,0.071
2013-02-28,-0.0040999999999999995,0.0484,0.0354,0.0508,0.022000000000000002,0.0587,-0.0158,-0.084,0.0308,0.014499999999999999,0.0078000000000000005,-0.0123,0.0189,-0.0088,0.0229,0.0565,0.0229,-0.0347,-0.027200000000000002,0.0848,-0.0113,0.0097,-0.0103,0.0363,0.0636,0.0281,-0.08220000000000001,-0.0739,-0.0812,0.008,0.022000000000000002,0.0229,0.031400000000000004,0.0137,-0.011200000000000002,0.0083,0.0195,0.015600000000000001,0.045700000000000005,0.0492,0.0361,0.0203,0.005600000000000001,0.0079,0.0126,0.0068000000000000005,0.0319,0.015700000000000002,0.0431
2013-03-31,0.046,0.07980000000000001,0.0482,0.053099999999999994,0.0273,0.0742,0.0791,0.0723,0.0226,0.0278,0.0588,0.0325,0.07200000000000001,0.012,0.0638,0.0891,0.021099999999999997,0.06309999999999999,0.0207,0.08810000000000001,0.0036,0.0062,0.039900000000000005,0.0564,0.0645,0.0897,0.0256,0.0039000000000000003,0.0086,0.0209,0.056900000000000006,0.0564,0.0894,0.0528,0.019,0.023399999999999997,0.0363,0.0344,0.053,0.0698,0.047,0.0347,0.0479,0.053099999999999994,0.0444,0.0525,0.0635,0.0353,0.0174
2013-04-30,0.0139,0.0175,0.0483,0.0354,0.044000000000000004,0.044199999999999996,0.044199999999999996,-0.0006,0.0121,0.09050000000000001,-0.0044,-0.018000000000000002,0.0363,0.0397,-0.0078000000000000005,0.01,-0.0285,-0.032400000000000005,-0.043899999999999995,0.0134,-0.0126,-0.0141,0.0484,0.0055000000000000005,-0.0286,0.0254,-0.2223,-0.0694,-0.056600000000000004,-0.013300000000000001,0.0513,0.0432,0.0018,0.013999999999999999,-0.0159,0.015600000000000001,0.0040999999999999995,-0.0146,-0.0005,0.004,-0.0013,0.002,0.0326,0.0258,0.0125,0.0369,-0.029900000000000003,-0.0012,0.0004
2013-05-31,-0.0506,-0.020499999999999997,-0.0501,-0.0148,-0.0297,0.0063,0.0263,0.0377,-0.0023,0.0109,0.0432,0.052000000000000005,0.0079,0.0354,0.0182,0.0070999999999999995,0.0721,0.0345,0.0384,0.1431,0.053,0.0407,0.1137,0.0663,0.0174,0.07200000000000001,0.031,-0.0054,0.0048,0.030699999999999998,-0.07139999999999999,-0.0176,0.0901,0.0296,0.06280000000000001,0.0377,0.047599999999999996,0.049800000000000004,0.024900000000000002,0.0067,0.028300000000000002,0.0387,0.0239,-0.0021,0.0819,0.0455,-0.0098,0.0864,0.050499999999999996
2013-06-30,-0.0098,0.008,0.011000000000000001,0.009000000000000001,-0.0226,0.015600000000000001,-0.051100000000000007,0.0183,-0.006500000000000001,0.0074,-0.013000000000000001,0.002,-0.0168,-0.0495,-0.0342,0.022799999999999997,-0.0593,-0.0692,-0.0473,-0.0158,-0.0352,-0.0333,0.0045000000000000005,0.0123,-0.0196,0.024399999999999998,-0.1175,-0.0902,-0.23199999999999998,-0.021099999999999997,0.008199999999999999,0.019799999999999998,-0.0409,-0.0064,-0.0635,-0.0256,-0.012,-0.0044,-0.0091,-0.0049,-0.0098,-0.0055000000000000005,-0.0039000000000000003,0.0166,-0.0064,0.015700000000000002,-0.0255,-0.031,-0.009300000000000001
2013-07-31,0.011899999999999999,0.054299999999999994,0.0036,0.027200000000000002,0.0176,-0.0104,0.0625,0.0827,0.0516,0.0163,0.0166,0.0571,0.08929999999999999,0.0641,0.057300000000000004,0.1191,0.058499999999999996,-0.005699999999999999,0.0704,0.1396,0.0437,0.0971,0.0971,0.0688,0.0682,0.1058,0.012,-0.0011,0.1054,0.051100000000000007,0.0458,0.034300000000000004,0.058899999999999994,0.063,0.056299999999999996,0.0452,0.0785,0.053200000000000004,0.0748,0.0862,0.039,0.0641,0.0641,0.028999999999999998,0.0653,0.0599,0.0242,0.07690000000000001,0.0444
2013-08-31,-0.0124,-0.036699999999999997,-0.045599999999999995,-0.0395,-0.048499999999999995,-0.0137,0.0359,-0.0506,-0.028999999999999998,-0.019,-0.04190000000000001,-0.0375,-0.0362,-0.0064,-0.0406,-0.034,-0.0484,-0.0533,-0.0285,-0.0331,-0.0031,-0.019799999999999998,-0.012199999999999999,-0.031200000000000002,0.0219,0.023799999999999998,0.0558,0.0434,0.0375,-0.0197,-0.0443,-0.0329,-0.0472,-0.0225,-0.056600000000000004,0.0001,0.0197,-0.0253,-0.0264,-0.0209,-0.0273,-0.025099999999999997,-0.0492,-0.0219,-0.0471,-0.0269,-0.0559,-0.051,-0.041100000000000005
2013-09-30,0.0617,-0.002,0.0001,0.0128,0.042699999999999995,0.036699999999999997,0.11220000000000001,0.09,0.0076,0.0728,0.059699999999999996,0.0373,0.041299999999999996,0.0518,0.0706,0.0848,0.0913,0.0761,0.08349999999999999,0.0843,0.0605,0.071,0.0674,0.0858,0.0757,0.0495,-0.1144,0.0473,0.0256,0.0195,0.0105,0.042800000000000005,0.0207,0.0646,0.0106,0.0512,0.0194,0.06480000000000001,0.0342,-0.0019,0.058600000000000006,0.0565,0.0441,0.0407,0.0248,0.0326,0.0368,0.045599999999999995,0.030699999999999998
2013-10-31,0.0104,0.0527,0.046900000000000004,0.0633,0.0536,0.0986,0.0333,0.049800000000000004,0.0633,0.024900000000000002,0.0383,0.057,0.0316,0.0388,0.06509999999999999,0.044199999999999996,0.0405,0.0308,0.0824,-0.0496,0.014499999999999999,0.055,-0.0013,0.0528,0.0647,0.052199999999999996,-0.0325,0.0762,0.1017,0.0473,0.0334,0.058499999999999996,0.0662,0.039,0.0051,0.027999999999999997,0.0643,0.0342,0.0698,0.054299999999999994,0.0583,0.058600000000000006,0.0541,0.0384,0.029300000000000003,0.0245,0.039,0.0584,0.045599999999999995
2013-11-30,0.0747,-0.0007000000000000001,0.0231,0.0113,-0.0242,0.032400000000000005,0.0323,0.0175,0.0388,0.0682,0.020499999999999997,0.0197,0.051100000000000007,0.012,0.0177,0.042699999999999995,0.0305,0.024,0.017,0.0029,0.0151,0.0339,0.0171,0.046,0.076,0.0755,-0.08650000000000001,-0.049699999999999994,-0.0348,0.0092,-0.0181,0.0008,0.029500000000000002,0.034300000000000004,0.0069,0.034,0.0467,0.028999999999999998,0.0521,-0.008,0.0527,0.0382,0.037599999999999995,0.0339,0.0645,0.057300000000000004,0.053,0.0507,0.015300000000000001
2013-12-31,0.0308,0.0288,0.034,-0.004,0.029900000000000003,0.023399999999999997,0.0799,0.0805,-0.0196,0.009899999999999999,-0.0138,0.0113,0.0062,0.049800000000000004,0.059000000000000004,0.037200000000000004,0.0471,0.06309999999999999,0.06559999999999999,-0.01,0.0535,0.0323,0.0163,0.0286,0.0728,0.0405,-0.052300000000000006,0.0925,0.0789,0.0296,0.0179,0.0398,0.042199999999999994,0.045899999999999996,0.047599999999999996,0.044000000000000004,0.0276,0.0506,0.025099999999999997,0.046,0.0225,0.025699999999999997,0.0005,-0.0027,0.027200000000000002,0.016399999999999998,0.043899999999999995,0.0433,0.031200000000000002
2014-01-31,-0.0803,-0.0368,-0.0727,-0.0046,-0.0833,-0.0862,0.0043,-0.0652,-0.061399999999999996,-0.0764,0.016399999999999998,0.0092,0.0195,-0.0382,-0.0518,-0.027200000000000002,-0.0546,-0.0048,-0.055099999999999996,-0.0877,-0.044199999999999996,-0.0273,-0.0255,-0.0384,0.0304,0.0253,-0.0279,-0.0739,-0.0761,-0.0689,0.024900000000000002,-0.0381,-0.0352,-0.052199999999999996,0.0104,0.004,-0.053099999999999994,0.0146,-0.0501,-0.0359,-0.015700000000000002,-0.024,-0.0764,-0.0462,-0.0349,-0.052300000000000006,-0.031,-0.055,-0.0737
2014-02-28,0.029900000000000003,0.048799999999999996,0.0231,0.015700000000000002,0.0335,0.0342,0.09449999999999999,0.08289999999999999,0.0337,0.0541,0.0333,0.036000000000000004,0.0701,0.0781,0.0213,0.0084,0.0796,0.045899999999999996,0.0256,0.0621,0.059500000000000004,0.038,0.0872,0.0354,0.13419999999999999,0.0674,0.0832,0.0604,0.0467,0.057,0.030899999999999997,0.0256,0.0793,0.0414,0.0263,0.055999999999999994,0.0524,0.0464,0.0499,0.0791,0.021099999999999997,0.0453,0.057800000000000004,0.0473,0.029900000000000003,0.0377,0.045700000000000005,0.0321,0.0239
2014-03-31,0.0371,0.0319,0.0166,0.048,0.040999999999999995,0.044800000000000006,-0.07440000000000001,-0.0021,0.018500000000000003,-0.0013,0.0209,0.014199999999999999,-0.0341,0.006500000000000001,-0.0259,-0.0015,-0.0169,-0.0349,0.0363,-0.045700000000000005,0.0105,0.0009,-0.0113,-0.0129,-0.0022,0.0091,-0.0269,-0.0023,-0.028999999999999998,0.025,0.0268,0.0015,-0.0139,-0.0076,0.0359,-0.029900000000000003,0.0274,-0.026699999999999998,-0.0053,-0.0127,0.0277,0.0044,-0.0124,0.0169,0.031200000000000002,0.0227,-0.0286,0.0108,0.0441
2014-04-30,-0.026000000000000002,0.0022,0.040999999999999995,0.0155,0.056900000000000006,-0.0113,-0.0434,-0.017,0.0288,-0.0363,-0.0108,-0.047,0.0051,0.0005,-0.0105,0.0042,-0.015,-0.0408,0.0073,-0.0535,0.0138,-0.0083,0.0014000000000000002,0.013000000000000001,0.0091,0.0060999999999999995,0.0323,0.0291,0.0895,0.0564,0.0398,0.0039000000000000003,-0.0066,-0.0155,-0.0062,-0.0342,0.0326,-0.033,0.0043,-0.0152,0.0113,-0.005600000000000001,-0.008199999999999999,-0.013500000000000002,-0.0463,-0.0167,-0.031400000000000004,-0.0263,0.0318
2014-05-31,0.0984,0.0507,0.0062,0.030600000000000002,0.039900000000000005,-0.0106,0.0405,-0.0049,-0.0069,0.018799999999999997,0.035699999999999996,0.0425,0.013300000000000001,0.0269,-0.0063,0.0276,0.0007000000000000001,0.0088,-0.0175,0.016399999999999998,0.005,-0.0051,0.0176,0.0172,0.054299999999999994,-0.009399999999999999,-0.0895,-0.009399999999999999,-0.0732,0.0097,0.0001,0.041100000000000005,0.018600000000000002,0.0252,0.0385,0.024700000000000003,0.049800000000000004,0.0325,0.030899999999999997,0.0409,0.054400000000000004,0.035,0.0025,0.0236,0.0167,0.0296,0.0126,-0.0074,-0.0036
2014-06-30,0.0254,0.0009,0.0415,0.0286,-0.011899999999999999,0.0067,0.0216,0.0886,-0.0131,-0.0016,0.032400000000000005,0.0317,0.027999999999999997,0.0078000000000000005,0.0395,0.0775,0.0246,0.0192,0.048799999999999996,0.1185,0.0542,0.0358,0.0409,-0.0233,0.013500000000000002,-0.0089,0.1467,0.0495,0.0387,0.041299999999999996,0.054299999999999994,0.0154,0.032799999999999996,0.026600000000000002,0.020099999999999996,0.022799999999999997,0.0397,0.028399999999999998,0.0166,0.0351,0.013600000000000001,0.0098,0.0098,0.0264,0.0277,0.0263,0.0374,0.0518,-0.0002
2014-07-31,-0.0823,-0.0478,-0.0687,-0.029500000000000002,-0.0326,-0.0572,-0.0338,-0.0169,-0.029900000000000003,-0.0073,0.061900000000000004,-0.0137,-0.006,-0.032,-0.08349999999999999,-0.0572,-0.0785,-0.0992,0.0241,-0.1362,-0.0601,-0.06570000000000001,-0.0385,-0.060599999999999994,-0.0085,0.0182,-0.0338,0.028900000000000002,-0.1115,-0.0346,-0.064,0.008,-0.031,-0.0125,0.0218,0.0076,-0.0036,-0.0358,-0.0368,-0.0646,-0.0213,-0.0285,-0.0144,-0.0322,-0.0169,-0.0381,-0.0378,-0.0063,-0.0265
2014-08-31,0.0311,0.0621,0.0782,0.054900000000000004,0.0464,0.028300000000000002,-0.0275,0.0233,0.0583,0.0348,0.0472,0.019299999999999998,0.0623,0.043899999999999995,0.0558,0.1018,0.0673,0.0701,0.061200000000000004,-0.0388,0.054400000000000004,0.0352,0.0425,0.0548,0.091,0.0447,0.0761,0.0029,0.0417,0.023,0.053099999999999994,0.0033,0.05,0.039599999999999996,0.0298,0.0325,0.06280000000000001,0.039,0.036000000000000004,0.0227,0.0452,0.047400000000000005,0.057300000000000004,0.0239,0.026099999999999998,0.0604,0.0906,0.047400000000000005,0.0637
2014-09-30,-0.0246,-0.0204,0.025099999999999997,0.0083,0.0204,-0.0796,-0.0374,-0.0711,-0.0032,0.04,-0.036000000000000004,-0.0341,0.005699999999999999,-0.021400000000000002,-0.0204,-0.0235,-0.0536,-0.0764,-0.0475,-0.08449999999999999,-0.0677,-0.0484,-0.1005,-0.009300000000000001,-0.0172,0.039900000000000005,-0.17300000000000001,-0.0955,-0.1445,-0.07769999999999999,-0.0338,-0.014499999999999999,-0.073,-0.0246,-0.0127,-0.0098,-0.0179,-0.024300000000000002,-0.0313,-0.0582,0.0040999999999999995,-0.0225,-0.013600000000000001,-0.005600000000000001,0.0009,-0.019799999999999998,-0.0582,-0.0025,-0.0033
2014-10-31,0.032799999999999996,0.028300000000000002,-0.0034000000000000002,0.032400000000000005,0.058499999999999996,0.044500000000000005,-0.0032,0.025099999999999997,0.041299999999999996,0.0144,0.044199999999999996,0.1061,0.0526,-0.011000000000000001,0.0253,0.0203,0.0455,0.0344,0.0222,0.0098,0.023399999999999997,0.0317,0.0196,0.0176,-0.06309999999999999,0.0326,-0.2023,-0.0745,-0.063,-0.042199999999999994,0.06709999999999999,0.013000000000000001,0.029900000000000003,0.0643,-0.0098,-0.0007000000000000001,0.0366,0.034300000000000004,0.06570000000000001,0.0542,0.0634,0.0346,0.028300000000000002,0.013000000000000001,0.036000000000000004,0.0509,0.025699999999999997,0.0253,0.0143
2014-11-30,0.037200000000000004,0.05,0.0764,0.0436,0.009899999999999999,0.0233,-0.0103,0.0129,0.030299999999999997,0.0894,-0.0147,0.0501,0.0236,0.022099999999999998,0.0344,0.0758,0.0176,0.0126,-0.0233,-0.0917,-0.0101,-0.0005,0.0527,0.052000000000000005,-0.027200000000000002,0.0111,-0.0048,-0.009399999999999999,0.0397,-0.0973,0.0026,0.0246,0.0471,0.0291,0.07980000000000001,0.018600000000000002,0.0687,0.0416,0.0492,0.042199999999999994,0.06309999999999999,0.0208,0.0886,0.0579,0.0155,0.0203,0.0463,0.0215,0.040999999999999995
2014-12-31,-0.0005,-0.0134,-0.051699999999999996,-0.0438,-0.028999999999999998,-0.0268,-0.052000000000000005,0.018500000000000003,0.0008,-0.0068000000000000005,0.0348,0.0028000000000000004,-0.013000000000000001,0.008100000000000001,0.0447,-0.0031,0.0148,-0.0166,-0.0666,-0.057999999999999996,-0.0096,-0.0102,0.006500000000000001,-0.0036,-0.034,0.0091,0.0349,-0.0787,-0.1648,0.0072,0.018600000000000002,-0.020499999999999997,0.0276,-0.0036,0.0077,-0.008,-0.0286,0.0015,0.017,0.0453,0.0146,0.0054,0.022400000000000003,-0.005699999999999999,0.0197,0.0187,-0.0040999999999999995,0.0341,-0.0059
2015-01-31,-0.0087,-0.0218,-0.011200000000000002,0.0088,0.030699999999999998,-0.0013,0.0026,-0.0196,-0.0464,-0.0392,-0.0256,-0.0002,0.0216,-0.0204,-0.006500000000000001,0.0207,-0.0378,-0.0639,-0.09480000000000001,-0.1408,-0.0767,-0.0547,-0.06269999999999999,0.011699999999999999,-0.022099999999999998,-0.0079,0.301,-0.1018,-0.1748,-0.0421,0.0124,-0.0447,-0.0708,-0.017,-0.08070000000000001,-0.050300000000000004,-0.0053,-0.0246,-0.0207,-0.0466,-0.044500000000000005,-0.0235,-0.0042,0.008,-0.0943,-0.044199999999999996,0.0036,-0.0746,-0.0452
2015-02-28,0.0207,0.0366,0.0649,0.045,0.0546,0.0541,0.057300000000000004,0.08039999999999999,0.035699999999999996,0.059500000000000004,0.042699999999999995,0.0509,0.0383,0.0805,0.0756,0.13369999999999999,0.0594,0.1063,0.0356,0.1459,0.0629,0.0552,0.08990000000000001,0.055099999999999996,0.1825,0.0725,0.030299999999999997,0.177,0.1503,0.0464,-0.0436,0.0892,0.0553,0.08070000000000001,0.0809,0.0827,0.09119999999999999,0.053399999999999996,0.059800000000000006,0.1119,0.0285,0.050300000000000004,0.0579,0.0682,0.07980000000000001,0.07780000000000001,0.0582,0.0851,0.054400000000000004
2015-03-31,-0.053099999999999994,0.0274,-0.04650000000000001,-0.0208,-0.085,-0.0417,-0.022000000000000002,0.0043,-0.0233,0.0118,0.0504,0.013300000000000001,0.0052,-0.0346,0.0106,0.0332,0.0089,0.016,-0.0288,0.0258,-0.0366,-0.0051,-0.0043,-0.0143,0.0067,0.0256,-0.1714,-0.049699999999999994,-0.1865,-0.023700000000000002,-0.0031,-0.0212,-0.028399999999999998,0.0058,-0.07429999999999999,-0.0199,-0.0278,0.0011,-0.0147,-0.0325,-0.0305,0.006500000000000001,0.0092,-0.0025,-0.0074,0.023,0.0141,0.0012,-0.0232
2015-04-30,0.0103,-0.0026,-0.0043,-0.0049,0.0601,0.09230000000000001,0.0317,-0.0401,-0.023700000000000002,-0.0165,-0.0169,-0.022400000000000003,-0.0144,0.0118,-0.0446,-0.0596,-0.0086,-0.0547,0.0408,-0.0217,0.0213,0.0143,0.0012,-0.0252,-0.07490000000000001,-0.06860000000000001,0.19210000000000002,0.11449999999999999,0.1079,0.0663,0.0028000000000000004,0.0363,-0.0326,-0.0108,0.0421,0.0346,-0.005699999999999999,-0.0292,-0.0279,-0.0174,-0.0161,-0.0129,-0.0274,0.005600000000000001,0.0207,-0.0183,-0.032799999999999996,0.0052,0.0161
2015-05-31,0.0337,0.026600000000000002,0.0019,0.019799999999999998,0.0158,-0.037000000000000005,0.0165,0.0199,-0.0003,-0.0024,0.049100000000000005,0.022099999999999998,0.054000000000000006,0.0116,0.0115,0.0438,0.0226,0.0127,-0.0373,-0.0621,0.0022,0.0287,0.0115,0.0167,0.0305,0.019799999999999998,0.0263,-0.0684,-0.1711,-0.050499999999999996,-0.0043,0.0033,0.0003,0.011200000000000002,0.019,-0.005699999999999999,0.049699999999999994,0.041100000000000005,0.0151,0.0034000000000000002,-0.035699999999999996,0.0149,0.0075,0.0161,0.026600000000000002,0.047,0.01,0.0245,0.0073
2015-06-30,-0.0759,-0.0138,-0.0239,-0.0167,-0.024700000000000003,0.005,0.013300000000000001,0.0015,-0.0072,0.039900000000000005,0.051,0.0044,0.0001,-0.0286,-0.0053,0.040999999999999995,-0.0167,0.0305,-0.055,0.0681,-0.0086,-0.0345,-0.024399999999999998,-0.024,-0.0915,-0.0086,-0.1332,-0.0487,-0.2291,-0.0365,-0.0527,-0.0055000000000000005,-0.0375,-0.011200000000000002,-0.0591,-0.0212,-0.0588,-0.0052,-0.0275,-0.0478,-0.0341,-0.0253,-0.0055000000000000005,0.0033,0.0178,0.0215,-0.028999999999999998,-0.0040999999999999995,-0.0342
2015-07-31,-0.027200000000000002,0.0387,0.06849999999999999,0.0354,0.0974,-0.0377,0.0812,-0.0271,0.0073,0.057800000000000004,0.0184,0.0453,0.0348,-0.049100000000000005,0.0134,-0.006999999999999999,0.0147,0.0064,-0.0825,-0.193,-0.0564,-0.042,-0.031200000000000002,-0.0192,0.0513,0.0917,-0.2642,-0.10830000000000001,-0.2681,-0.08900000000000001,0.0265,0.0152,0.0231,0.0106,0.0281,0.056299999999999996,-0.027999999999999997,0.024,-0.0049,0.0073,0.031400000000000004,-0.011200000000000002,0.062400000000000004,0.0426,0.0256,0.016,0.014199999999999999,0.0021,0.019
2015-08-31,-0.0461,-0.0404,-0.047,-0.030899999999999997,-0.0401,-0.0479,-0.0757,-0.0842,-0.0701,-0.037599999999999995,-0.0652,-0.0453,-0.091,-0.0729,-0.0584,-0.030699999999999998,-0.018799999999999997,-0.0256,-0.044000000000000004,-0.0455,-0.035,-0.0895,-0.061,-0.0507,-0.0495,-0.0172,-0.0029,-0.0161,0.0809,-0.037200000000000004,-0.0408,-0.08380000000000001,-0.0131,-0.0501,-0.079,-0.056600000000000004,-0.0553,-0.0698,-0.06,-0.036000000000000004,-0.06509999999999999,-0.0417,-0.0538,-0.0643,-0.0637,-0.055999999999999994,-0.0942,-0.0843,-0.051699999999999996
2015-09-30,-0.1118,-0.0176,0.0204,0.026000000000000002,0.0252,-0.054299999999999994,-0.10880000000000001,-0.054400000000000004,-0.0048,0.0028000000000000004,-0.09820000000000001,-0.0559,-0.069,-0.0827,-0.0424,-0.059000000000000004,-0.0795,-0.0518,-0.1067,-0.2115,-0.09050000000000001,-0.08800000000000001,-0.0252,-0.0204,-0.099,0.014199999999999999,-0.057999999999999996,-0.060599999999999994,-0.3671,-0.0556,-0.005,-0.025,-0.0131,-0.0242,-0.021400000000000002,-0.01,-0.0086,-0.0414,-0.0236,-0.05,-0.0077,-0.057999999999999996,-0.021099999999999997,0.0059,-0.032400000000000005,-0.0202,-0.043899999999999995,-0.0481,-0.0128
2015-10-31,0.0868,0.0575,0.0565,0.08070000000000001,0.1085,0.1182,0.1532,0.12179999999999999,0.0616,0.0073,-0.0418,0.0527,0.08789999999999999,0.1663,0.0574,0.0789,0.08109999999999999,0.0255,0.0588,-0.064,0.0859,0.07980000000000001,0.0601,0.09390000000000001,0.0745,0.064,0.18,0.0735,-0.3106,0.12380000000000001,0.0209,0.0907,0.044800000000000006,0.0711,0.0816,0.1174,0.09179999999999999,0.075,0.1026,0.0984,0.0652,0.0513,0.049400000000000006,0.050300000000000004,0.054900000000000004,0.0518,0.0901,0.077,0.0849
2015-11-30,0.018600000000000002,-0.0144,0.026000000000000002,-0.0069,-0.030299999999999997,-0.0222,-0.0006,-0.0017000000000000001,-0.011200000000000002,-0.013999999999999999,0.0091,0.0256,0.0025,0.0169,0.0215,-0.026099999999999998,0.0313,0.0633,-0.0129,0.12869999999999998,0.0197,0.013500000000000002,0.019799999999999998,-0.0052,0.013500000000000002,-0.0001,-0.0552,-0.0625,0.09970000000000001,0.0104,-0.0342,-0.0192,-0.0391,0.0191,-0.0338,0.018500000000000003,0.0032,0.0509,0.0002,-0.0032,-0.011399999999999999,0.0291,0.009000000000000001,-0.009899999999999999,0.030600000000000002,-0.0034000000000000002,-0.014199999999999999,0.032400000000000005,0.0053
2015-12-31,0.021,0.0291,0.0033,0.0033,0.0158,-0.0241,-0.016,-0.0582,0.018500000000000003,-0.0421,-0.0248,-0.0034999999999999996,0.0062,-0.0467,0.0278,-0.0262,-0.0424,-0.0634,-0.0222,-0.1467,-0.0571,-0.0019,-0.041299999999999996,-0.0134,-0.0883,-0.0034999999999999996,-0.0199,-0.0727,-0.0669,-0.0966,-0.0239,-0.0296,-0.06559999999999999,-0.0339,-0.023399999999999997,-0.0051,-0.0623,-0.004,-0.038599999999999995,-0.024900000000000002,-0.049800000000000004,-0.0168,0.0045000000000000005,-0.0087,-0.032,-0.0053,-0.0545,-0.051399999999999994,0.011699999999999999
2016-01-31,-0.0681,-0.0108,-0.0151,-0.0017000000000000001,0.0441,-0.0176,-0.0929,-0.056100000000000004,0.0038,0.0172,-0.048799999999999996,-0.0506,-0.11259999999999999,-0.1107,-0.0771,-0.053099999999999994,-0.0721,-0.10099999999999999,-0.0968,-0.0728,-0.0495,-0.08220000000000001,-0.132,-0.0984,-0.06269999999999999,-0.0218,0.0933,-0.0799,-0.0412,-0.0436,0.0467,0.0039000000000000003,-0.091,-0.0779,-0.1185,-0.0432,-0.06849999999999999,-0.0673,-0.0443,-0.11109999999999999,-0.0876,-0.0837,-0.0495,-0.0066,-0.1091,-0.06,-0.121,-0.1131,-0.0366
2016-02-29,-0.0051,0.021099999999999997,-0.004699999999999999,-0.023399999999999997,0.0095,0.0817,0.0331,-0.0181,-0.0004,0.0131,-0.0288,0.0126,-0.0121,0.06860000000000001,0.0216,0.006500000000000001,0.0382,0.0018,0.0738,0.18469999999999998,0.0489,0.0354,0.0409,0.0341,-0.01,0.0294,0.3186,0.0808,0.0625,-0.030299999999999997,0.0172,0.0091,-0.029500000000000002,0.0184,0.0709,-0.0319,0.0064,0.0038,0.0323,0.0158,0.071,0.044500000000000005,-0.0034999999999999996,0.0079,-0.0449,-0.0005,-0.0342,-0.022799999999999997,0.0225
2016-03-31,-0.009399999999999999,0.0364,0.0723,0.056799999999999996,0.0492,0.0694,0.0913,0.0708,0.0483,0.0253,0.0882,0.0622,0.0322,0.0839,0.1191,0.036000000000000004,0.1092,0.1207,0.1775,0.0962,0.09789999999999999,0.0911,0.1061,0.037200000000000004,0.09050000000000001,0.028399999999999998,0.0472,0.1572,0.26539999999999997,0.10859999999999999,0.0784,0.0616,0.0308,0.0787,0.08650000000000001,0.081,0.09179999999999999,0.08449999999999999,0.0782,0.1117,0.06860000000000001,0.061399999999999996,0.057699999999999994,0.0537,0.06280000000000001,0.0702,0.1082,0.068,0.0746
2016-04-30,0.0724,0.0121,-0.014499999999999999,0.0037,-0.0028000000000000004,-0.0352,-0.0677,0.0132,-0.005699999999999999,-0.022400000000000003,0.0604,0.0664,0.0458,0.0378,0.0049,0.0154,0.0176,-0.0111,0.0986,0.16949999999999998,0.0347,0.0235,0.0161,0.0509,0.054900000000000004,0.0347,0.3392,0.11470000000000001,0.28300000000000003,0.0916,-0.008,0.0069,-0.0404,0.0052,-0.031200000000000002,-0.0319,-0.0796,-0.006,0.0053,0.0292,-0.011200000000000002,0.0012,-0.0024,-0.023799999999999998,0.06,0.012,-0.024700000000000003,0.027200000000000002,-0.004699999999999999
2016-05-31,0.1664,0.0124,0.0025,-0.009000000000000001,0.008199999999999999,0.0336,0.0602,-0.012199999999999999,0.0034000000000000002,-0.0478,-0.0096,0.0212,0.0273,-0.013000000000000001,0.024300000000000002,-0.0168,0.0373,0.0317,-0.085,-0.0478,0.0032,-0.01,-0.0252,-0.0174,-0.022099999999999998,0.0258,-0.0754,-0.0441,0.015700000000000002,-0.0060999999999999995,0.022400000000000003,0.0017000000000000001,0.0353,0.0397,0.0484,0.048799999999999996,0.0661,0.0336,0.0182,0.016200000000000003,-0.0216,0.015600000000000001,0.0118,-0.0144,0.0194,0.0206,-0.0216,0.0374,-0.0207
2016-06-30,-0.0658,0.0753,0.0353,0.053399999999999996,0.07,-0.031,-0.04769999999999999,-0.016,0.034,0.018500000000000003,-0.0044,0.042199999999999994,-0.0092,-0.0109,0.0075,-0.0467,-0.0235,0.0008,0.0258,-0.044500000000000005,-0.0077,-0.0015,-0.0701,0.008,0.0038,0.0437,0.2386,0.0365,0.0526,0.0255,0.07429999999999999,0.0355,0.0104,-0.0115,-0.0308,-0.021,-0.014199999999999999,-0.0024,0.0239,0.0003,-0.0282,0.0163,0.006,0.011200000000000002,-0.0718,-0.0024,-0.0433,-0.06849999999999999,0.0403
2016-07-31,0.0368,0.0012,-0.028900000000000002,0.0181,-0.0277,0.047400000000000005,0.0647,0.0781,0.0262,0.0196,0.0248,0.0508,0.0667,0.0434,0.0506,0.09759999999999999,0.063,0.0478,0.1373,0.0604,0.0666,0.051699999999999996,0.0888,0.0407,0.0516,0.0231,0.162,0.045599999999999995,0.20920000000000002,-0.0281,-0.0026,0.0225,0.0506,0.0495,0.0741,0.0745,0.08869999999999999,0.0524,0.0227,0.04769999999999999,0.0546,0.0344,0.0432,0.0222,0.0481,0.0064,0.0546,0.0719,-0.0074
2016-08-31,-0.0012,-0.0012,-0.013999999999999999,-0.0086,-0.012,0.0158,0.0079,0.0043,0.0146,0.0103,-0.0684,0.0002,-0.0348,0.024700000000000003,0.0431,0.0166,0.011899999999999999,0.0033,-0.0768,0.041100000000000005,0.0397,0.0015,-0.0048,0.0011,0.03,-0.0452,-0.1382,-0.0815,-0.0453,0.016399999999999998,-0.0378,-0.0317,-0.0412,0.0025,0.0329,0.0148,0.0285,-0.0033,0.0105,0.06280000000000001,0.0109,-0.0102,-0.015700000000000002,-0.0021,0.0625,0.0171,-0.0040999999999999995,0.0562,0.0206
2016-09-30,-0.0403,-0.031400000000000004,-0.0222,0.0177,-0.0278,-0.0398,0.0658,-0.0365,0.003,-0.0674,0.0217,0.0137,0.0033,-0.0172,-0.0294,-0.048799999999999996,-0.025699999999999997,-0.0226,0.024700000000000003,-0.003,0.0268,0.015700000000000002,-0.003,-0.0066,-0.0034999999999999996,-0.0118,0.0258,0.0206,0.0768,0.0282,0.0183,0.004699999999999999,-0.004,0.0070999999999999995,0.0409,0.0069,0.048499999999999995,0.018600000000000002,-0.0072,0.032,0.0298,-0.0262,-0.0005,-0.0215,-0.023,0.0028000000000000004,-0.0184,-0.0125,-0.0363
2016-10-31,-0.021,-0.0014000000000000002,-0.0029,-0.0168,0.0461,0.0079,0.0675,-0.0832,-0.0308,-0.0535,-0.0673,-0.0802,-0.07490000000000001,-0.0187,-0.0455,-0.0738,-0.0374,-0.0417,-0.029300000000000003,-0.0181,-0.0392,-0.056799999999999996,-0.0327,0.0259,-0.030299999999999997,0.018500000000000003,-0.054299999999999994,0.030699999999999998,-0.0866,-0.0297,-0.0066,-0.0305,0.001,-0.028900000000000002,-0.0271,0.0,-0.011399999999999999,-0.0555,-0.059800000000000006,-0.0391,-0.0073,-0.0812,-0.037599999999999995,-0.0195,0.0338,-0.011000000000000001,-0.058600000000000006,-0.0059,-0.0073
2016-11-30,0.021099999999999997,-0.0557,-0.0398,-0.0579,-0.0512,0.09029999999999999,0.0292,0.0812,-0.0359,0.0132,0.0084,-0.01,0.0319,0.0761,0.0701,0.07919999999999999,0.1066,0.08800000000000001,0.21660000000000001,0.0817,0.12480000000000001,0.09390000000000001,0.0675,0.0836,0.1505,0.0821,-0.11320000000000001,0.19519999999999998,0.20850000000000002,0.0956,-0.0265,0.0654,0.09380000000000001,0.0392,0.0116,-0.0084,0.0271,0.0216,0.041100000000000005,0.0345,0.1295,0.09539999999999998,0.027200000000000002,0.0861,0.1382,0.109,0.0751,0.157,0.0739
2016-12-31,0.0334,0.054400000000000004,0.0248,0.0298,0.054299999999999994,-0.0735,-0.0264,0.0264,0.0165,-0.008199999999999999,0.0091,0.0286,0.0025,0.0034999999999999996,0.0115,0.0171,0.001,0.0019,-0.0216,0.0263,-0.0024,-0.0073,0.0433,0.0141,0.014199999999999999,-0.0538,0.0219,-0.0271,-0.0964,0.0204,0.0361,0.0489,0.031,0.0074,0.005,-0.003,0.0291,0.0097,0.0226,-0.0079,0.0097,0.022400000000000003,-0.008,0.0052,0.049100000000000005,0.0177,0.034300000000000004,0.0319,0.033
2017-01-31,0.0579,0.0101,-0.0025,-0.0095,0.0565,0.0038,0.0576,0.0165,0.0265,0.0033,0.0424,0.0527,0.012199999999999999,0.0383,0.024,0.056299999999999996,0.031400000000000004,0.048799999999999996,0.0349,0.0353,0.0453,0.0406,0.053899999999999997,0.0187,0.029500000000000002,-0.0006,0.10490000000000001,0.1285,-0.053099999999999994,-0.043,0.0109,0.0333,0.0101,0.0287,0.033,0.0593,0.025099999999999997,0.06559999999999999,0.0183,0.049800000000000004,0.0204,0.0197,0.0108,0.006999999999999999,0.0017000000000000001,0.0087,0.011899999999999999,0.0129,-0.0187
2017-02-28,0.0394,0.0175,0.008100000000000001,0.061500000000000006,0.07980000000000001,0.0596,-0.001,-0.0017000000000000001,0.05,0.0275,0.0729,0.043,0.0746,0.0313,0.0032,0.0408,0.0208,0.0226,0.0917,0.0711,0.022000000000000002,0.0225,0.008100000000000001,0.06709999999999999,0.0178,0.0557,-0.0819,-0.08460000000000001,-0.094,-0.0242,0.0385,-0.0012,-0.004699999999999999,0.0398,0.084,0.0316,0.0708,0.0462,0.0407,0.0001,0.0278,0.026099999999999998,0.0296,0.0254,0.052000000000000005,0.0356,0.056600000000000004,0.0363,0.0326
2017-03-31,-0.0042,-0.0084,0.0392,0.0088,0.0105,0.015600000000000001,0.0639,0.011899999999999999,-0.0034000000000000002,0.0077,-0.0075,0.0242,-0.0034999999999999996,0.022000000000000002,0.0032,0.0129,0.0171,0.0345,-0.0617,0.003,0.0151,0.0055000000000000005,-0.0031,-0.016200000000000003,-0.042,0.0085,-0.0433,-0.018600000000000002,0.055099999999999996,-0.0124,0.0038,0.0088,0.0317,0.0039000000000000003,0.0004,0.0204,0.0337,0.0075,0.0046,-0.0103,-0.0288,-0.0111,0.008100000000000001,0.0275,-0.0294,-0.0103,0.015300000000000001,-0.0206,-0.013999999999999999
2017-04-30,0.030600000000000002,0.0059,0.0068000000000000005,0.019299999999999998,-0.0009,-0.042300000000000004,0.0373,-0.0139,-0.0045000000000000005,-0.0102,-0.0137,0.050199999999999995,0.0031,0.013300000000000001,0.0644,0.025699999999999997,0.011399999999999999,0.0022,-0.005600000000000001,0.037599999999999995,0.04019999999999999,-0.0045000000000000005,0.0184,0.0473,0.030899999999999997,0.0104,0.026600000000000002,-0.0227,-0.1185,-0.0269,0.0032,0.0011,0.029900000000000003,0.021099999999999997,0.0175,0.0421,-0.0029,0.044199999999999996,0.0159,0.0404,0.0223,-0.0332,0.0333,0.0432,-0.006999999999999999,0.0245,0.0633,-0.0036,-0.0129
2017-05-31,0.0044,-0.0011,0.0584,0.043,0.061799999999999994,0.0455,0.0321,-0.0161,0.0173,-0.018000000000000002,-0.0206,0.0207,-0.0060999999999999995,-0.0058,0.0388,0.0177,-0.0202,-0.0279,-0.046,-0.022099999999999998,0.029900000000000003,-0.021,-0.0048,0.0305,-0.0215,0.0464,0.009000000000000001,-0.016,-0.0512,-0.0339,0.024399999999999998,-0.0152,-0.006999999999999999,0.0304,-0.026099999999999998,0.038900000000000004,0.0639,0.0354,0.029500000000000002,0.0278,0.0275,0.0254,0.0062,0.0709,-0.0218,0.0138,0.0296,-0.0137,-0.0167
2017-06-30,0.0103,-0.0418,-0.0074,-0.0121,-0.012199999999999999,0.0174,-0.0042,0.029900000000000003,-0.003,0.0932,0.0707,0.037000000000000005,0.057999999999999996,0.0197,0.005,0.0151,0.0246,0.0584,-0.0019,-0.005,-0.0016,0.0199,0.0359,0.016,0.0436,-0.0121,-0.053,0.008199999999999999,0.0227,-0.0012,-0.0191,-0.0246,0.049800000000000004,0.0138,-0.0209,-0.0101,-0.0444,-0.0079,0.015,0.0369,0.0344,0.0019,-0.023799999999999998,-0.024700000000000003,0.0682,0.0375,0.030899999999999997,0.0642,0.011200000000000002
2017-07-31,-0.008199999999999999,0.013500000000000002,0.0263,0.012199999999999999,-0.0438,-0.0504,0.0621,0.0294,0.018600000000000002,0.013300000000000001,-0.055999999999999994,-0.0015,0.0132,0.011200000000000002,-0.0421,0.022400000000000003,0.0060999999999999995,-0.0012,0.013000000000000001,0.0605,0.030600000000000002,-0.0002,-0.0095,0.07730000000000001,-0.030899999999999997,0.0481,0.1193,0.0779,0.12789999999999999,0.0196,0.029900000000000003,0.0533,0.0064,0.0452,0.025,0.0387,0.037599999999999995,0.0126,-0.027000000000000003,-0.0111,-0.046,-0.0079,0.0104,-0.0235,0.0103,0.0294,0.0131,0.0334,0.006999999999999999
2017-08-31,0.0018,-0.0487,0.0037,0.0105,-0.0087,-0.0965,-0.003,-0.054299999999999994,0.0008,-0.0496,-0.023700000000000002,0.0015,0.0342,0.0165,-0.0171,0.0127,-0.0108,0.0005,0.0167,0.0298,-0.0184,-0.0268,0.019,0.0235,0.0036,0.0464,0.0253,0.0048,-0.0051,-0.0518,0.0218,-0.0248,0.0349,-0.003,0.012,0.0183,0.058899999999999994,0.0452,0.011399999999999999,-0.0029,0.0053,-0.042300000000000004,-0.0166,0.013500000000000002,-0.0149,-0.0045000000000000005,-0.021,-0.018500000000000003,0.0067
2017-09-30,0.022799999999999997,0.0069,-0.0042,-0.0292,-0.0204,-0.0024,0.0395,0.0304,-0.002,0.013600000000000001,-0.0173,0.0126,0.024900000000000002,0.044800000000000006,0.0654,0.0004,0.0782,0.0732,0.0373,0.0601,0.0913,0.0559,0.07629999999999999,0.0246,0.0789,0.0331,-0.0255,-0.0179,0.0139,0.1105,-0.0195,-0.015,0.0344,0.0252,0.042699999999999995,0.0017000000000000001,-0.0008,0.031,0.0265,0.0202,0.0637,0.045700000000000005,0.028399999999999998,0.0013,0.0632,0.021099999999999997,0.0202,0.0669,0.006999999999999999
2017-10-31,0.0167,0.0022,0.015700000000000002,0.013000000000000001,-0.0282,-0.0535,0.0274,-0.0187,-0.0305,0.0278,-0.0365,0.039599999999999996,-0.0337,0.056600000000000004,0.0255,0.0542,0.0279,0.0932,0.0229,0.0525,0.055999999999999994,0.0464,0.022000000000000002,0.019,0.0223,-0.0095,-0.0472,0.0294,0.0217,0.0040999999999999995,0.0302,-0.0558,0.0049,0.042300000000000004,0.015300000000000001,0.067,0.0898,0.053099999999999994,0.0472,0.032,-0.018600000000000002,-0.0085,0.0327,0.0387,0.032,0.0454,0.0387,0.0217,-0.0262
2017-11-30,-0.016,0.0632,0.0187,0.0441,0.0141,0.0725,0.0302,0.1155,0.0471,0.0729,0.0359,0.04650000000000001,0.0195,0.0215,0.024399999999999998,0.0755,0.055099999999999996,0.08990000000000001,-0.0144,0.0395,0.022000000000000002,0.0052,0.0060999999999999995,0.0405,0.0345,0.0329,0.0044,0.0011,0.0942,0.0292,0.0242,0.0401,0.0139,0.0313,0.0562,-0.0014000000000000002,0.0208,0.0178,0.0562,-0.0048,0.0688,0.036699999999999997,0.0904,0.0533,0.0296,0.053,0.0192,0.0584,0.0054
2017-12-31,-0.0182,-0.0016,0.0066,0.044000000000000004,0.0496,-0.056600000000000004,0.0137,0.0148,0.024,0.045599999999999995,0.030899999999999997,-0.0391,0.0044,0.0063,-0.0131,-0.0222,0.0223,0.0069,0.1321,-0.0245,0.0248,0.0331,-0.0123,0.0405,0.015700000000000002,0.005,0.0206,0.13849999999999998,0.1168,0.049800000000000004,-0.049800000000000004,0.0449,0.0137,0.0042,0.0134,0.0031,-0.0097,-0.0217,-0.0084,-0.009399999999999999,0.03,0.0429,0.0263,0.0127,0.018799999999999997,-0.0163,0.0091,0.021,0.0088
2018-01-31,0.0435,0.0037,0.0576,-0.0012,0.0013,0.038,0.18289999999999998,0.049699999999999994,-0.0233,0.07150000000000001,0.0817,0.1009,0.0555,0.0171,0.0034000000000000002,0.016,0.0105,-0.0118,0.036000000000000004,0.0409,0.0383,0.0227,0.035699999999999996,0.1322,-0.0134,0.0882,0.0675,0.0276,0.0091,0.027999999999999997,-0.0281,0.0315,0.0524,0.0757,0.09390000000000001,0.0969,0.0416,0.0836,0.0472,0.031,0.0253,0.0473,0.1155,0.0252,0.0728,0.04019999999999999,0.0371,0.0524,0.0403
2018-02-28,0.0121,-0.0679,-0.08380000000000001,-0.0674,-0.0661,0.0067,0.0076,-0.0342,-0.0666,-0.0191,-0.019799999999999998,-0.027200000000000002,-0.0375,-0.051699999999999996,-0.0839,-0.12480000000000001,-0.0949,-0.1008,-0.0199,0.0037,-0.042199999999999994,-0.0555,-0.0632,-0.0015,0.0296,0.0006,-0.0581,-0.0276,0.0587,-0.1094,-0.0454,-0.0705,-0.0394,-0.03,0.0484,-0.0143,0.0286,-0.039900000000000005,-0.056600000000000004,-0.037200000000000004,-0.0629,-0.053899999999999997,-0.044500000000000005,-0.0403,-0.0217,-0.044199999999999996,-0.0338,-0.0134,-0.052199999999999996
2018-03-31,-0.0495,-0.0226,-0.0042,0.0125,-0.0165,-0.0924,0.0037,-0.0013,0.0187,0.0068000000000000005,-0.013500000000000002,0.0031,-0.0302,-0.0187,0.0168,-0.0216,-0.0073,0.018600000000000002,-0.0587,0.024,-0.0115,-0.0147,-0.06709999999999999,-0.061,-0.008100000000000001,-0.031400000000000004,0.0279,-0.008,-0.0645,0.0318,0.0317,-0.0253,0.026099999999999998,-0.0123,-0.0311,-0.0361,-0.0321,-0.0040999999999999995,-0.0509,-0.0155,0.0058,-0.0104,-0.033,-0.0028000000000000004,-0.0464,-0.021400000000000002,0.0451,-0.0131,-0.0349
2018-04-30,0.08,-0.0336,-0.0078000000000000005,-0.0437,-0.1417,0.0644,0.0302,-0.004699999999999999,-0.055999999999999994,0.0329,0.0009,0.0297,-0.0070999999999999995,0.0077,0.0028000000000000004,-0.0958,-0.051100000000000007,-0.0083,0.0368,0.0406,-0.056299999999999996,-0.0659,0.0017000000000000001,-0.0182,-0.005,-0.0417,0.005699999999999999,-0.042199999999999994,-0.024900000000000002,0.1009,0.0278,-0.0231,0.0067,0.0002,0.0187,0.015600000000000001,-0.030299999999999997,-0.026099999999999998,-0.0736,-0.0138,0.0026,0.0086,0.041100000000000005,0.036699999999999997,0.009899999999999999,0.0352,-0.0116,-0.0155,-0.0121
2018-05-31,0.0154,-0.0083,-0.0128,-0.012199999999999999,-0.0187,0.0083,0.09519999999999999,0.0072,-0.0033,0.038900000000000004,0.0783,0.0576,0.0124,0.022799999999999997,-0.0127,-0.014199999999999999,0.0437,-0.0060999999999999995,0.0558,0.0298,0.0288,0.07980000000000001,0.0362,0.0451,0.03,0.0037,-0.0007000000000000001,0.0385,0.1167,0.0334,0.0027,-0.0131,-0.0040999999999999995,0.0527,-0.013300000000000001,0.0592,0.1101,0.0319,0.018799999999999997,-0.030699999999999998,0.0493,0.015700000000000002,0.0129,-0.0208,0.0105,-0.010700000000000001,-0.0326,0.0034999999999999996,0.0001
2018-06-30,0.0024,0.0613,0.0415,0.044000000000000004,0.0308,0.057,0.0478,0.0235,0.0406,0.0677,0.016,0.0259,0.012,0.0034999999999999996,0.005,0.0342,-0.011899999999999999,-0.0189,-0.050199999999999995,-0.049699999999999994,-0.0501,-0.0146,0.006500000000000001,-0.0319,-0.0026,-0.052000000000000005,-0.033,-0.0144,0.0407,0.004699999999999999,0.025699999999999997,0.06509999999999999,0.0187,0.028399999999999998,0.0064,0.0073,-0.0311,0.0007000000000000001,0.0013,-0.0253,-0.035,0.0034000000000000002,0.0416,-0.0292,-0.009300000000000001,0.0028000000000000004,-0.0202,-0.033,-0.0174
2018-07-31,0.0058,0.0031,0.056600000000000004,0.0354,0.0524,0.0435,-0.0703,-0.0462,0.022799999999999997,0.0070999999999999995,0.0751,0.022799999999999997,0.0667,0.048499999999999995,0.0581,-0.0908,0.051699999999999996,-0.0022,0.0425,0.135,0.0611,0.0908,-0.031200000000000002,0.0719,0.0888,0.09849999999999999,-0.0308,-0.0206,-0.031,0.0109,0.0168,0.0273,0.0512,0.016200000000000003,-0.01,0.0236,0.0227,0.0823,0.0653,0.038900000000000004,0.0784,0.023799999999999998,0.034,0.013999999999999999,0.043899999999999995,0.0521,0.0277,0.0239,0.0596
2018-08-31,-0.0382,0.0104,-0.031200000000000002,-0.019,-0.054400000000000004,0.0605,0.023,-0.0462,0.0259,0.0508,0.057300000000000004,0.061200000000000004,0.0403,0.0002,0.0052,0.0364,0.0028000000000000004,0.006999999999999999,-0.0323,-0.008199999999999999,-0.0212,-0.0022,-0.0174,-0.0239,0.0116,-0.0029,-0.1531,-0.0973,-0.0070999999999999995,-0.028900000000000002,0.009300000000000001,0.028900000000000002,0.0060999999999999995,0.07490000000000001,0.107,0.05,0.1073,0.0362,-0.0026,-0.0063,0.0291,0.0369,0.0907,0.0366,0.026600000000000002,0.0366,-0.0412,0.0019,0.024
2018-09-30,-0.059800000000000006,-0.0227,0.031200000000000002,0.002,0.0538,0.061,-0.0104,-0.021099999999999997,0.011000000000000001,0.0111,-0.0031,0.0384,0.018500000000000003,-0.0311,0.018799999999999997,-0.06509999999999999,-0.014499999999999999,-0.049800000000000004,-0.0069,0.023799999999999998,0.0083,-0.002,-0.050499999999999996,0.06709999999999999,0.0245,0.0717,-0.024,-0.0158,-0.0608,0.0347,-0.005699999999999999,0.0179,-0.020499999999999997,-0.003,0.0021,-0.0022,-0.0051,0.011000000000000001,-0.009399999999999999,0.0187,0.0125,-0.0147,0.0051,0.0298,-0.0296,0.0101,-0.0504,-0.0335,0.0026
2018-10-31,-0.0401,0.009000000000000001,0.012199999999999999,-0.016,0.079,-0.1431,-0.1598,-0.0571,-0.0036,-0.1007,-0.0643,-0.12359999999999999,-0.0809,-0.1109,-0.1155,-0.25989999999999996,-0.16210000000000002,-0.0915,-0.1162,-0.1059,-0.1408,-0.11789999999999999,0.009899999999999999,-0.0928,-0.17010000000000003,-0.1444,0.0051,-0.126,0.0131,-0.1177,-0.0006,-0.0040999999999999995,-0.042300000000000004,-0.0839,-0.0776,-0.09359999999999999,-0.0788,-0.09630000000000001,-0.0949,-0.11019999999999999,-0.09759999999999999,-0.0779,-0.10289999999999999,-0.016200000000000003,-0.060899999999999996,-0.0471,-0.1142,-0.046799999999999994,-0.0552
2018-11-30,-0.068,0.0025,0.0681,0.058499999999999996,-0.08410000000000001,-0.057999999999999996,0.0016,0.0375,0.0639,-0.0097,0.034300000000000004,0.0455,0.0706,0.049800000000000004,0.0636,0.0291,0.0506,0.0168,-0.03,-0.0438,0.0727,0.0363,0.038,0.0076,0.07400000000000001,0.013000000000000001,0.0248,-0.0184,-0.1409,-0.0216,0.0326,0.0252,0.0403,0.013000000000000001,0.0087,0.0105,-0.0842,0.0716,0.0758,0.10210000000000001,0.0621,0.0317,0.018500000000000003,0.0639,0.029300000000000003,0.044199999999999996,0.051399999999999994,-0.0022,0.0232
2018-12-31,-0.13269999999999998,-0.1112,-0.07780000000000001,-0.09720000000000001,-0.1585,-0.1589,-0.07719999999999999,-0.1446,-0.0546,-0.0784,-0.1531,-0.08460000000000001,-0.077,-0.078,-0.08900000000000001,-0.1002,-0.12269999999999999,-0.0962,-0.1479,-0.0316,-0.09630000000000001,-0.1229,-0.11289999999999999,-0.10189999999999999,-0.1747,-0.1174,0.0721,-0.1065,-0.0209,-0.1317,-0.04769999999999999,-0.087,-0.12300000000000001,-0.0942,-0.09480000000000001,-0.0738,-0.0882,-0.0919,-0.0755,-0.1251,-0.1517,-0.1121,-0.09119999999999999,-0.062400000000000004,-0.1295,-0.09939999999999999,-0.1216,-0.0863,-0.0674
2019-01-31,0.1461,0.0852,0.037000000000000005,0.0353,0.0787,0.1534,0.1935,0.1338,0.0658,0.1249,0.113,0.0943,0.04,0.0553,0.0695,0.09699999999999999,0.13119999999999998,0.1354,0.171,0.1041,0.1094,0.1134,0.0977,0.1551,0.064,0.10369999999999999,0.001,0.09970000000000001,0.1424,0.1033,0.0538,0.0545,0.047400000000000005,0.10490000000000001,0.10640000000000001,0.1052,0.0637,0.0932,0.0689,0.1292,0.0993,0.0883,0.08990000000000001,0.0458,0.1065,0.08789999999999999,0.154,0.0827,0.063
2019-02-28,-0.0023,-0.0355,-0.0359,0.0239,0.10210000000000001,0.0823,0.036000000000000004,0.039900000000000005,0.0475,0.0555,0.014499999999999999,0.038,0.033,0.038900000000000004,0.042199999999999994,0.0673,0.0588,0.0209,0.0227,0.14550000000000002,0.038900000000000004,0.0536,0.0268,0.10300000000000001,0.030299999999999997,0.0682,-0.0087,0.0873,-0.042699999999999995,0.0245,0.0355,0.0304,0.056100000000000004,0.0699,0.08449999999999999,0.0409,0.0687,0.0894,0.0351,0.014499999999999999,0.0415,0.0455,-0.0004,0.0429,0.0438,-0.0105,0.0493,0.0265,0.0062
2019-03-31,0.0137,0.0555,0.0125,0.049100000000000005,0.0646,-0.0327,0.0007000000000000001,-0.053099999999999994,0.0436,-0.0029,-0.0345,0.0208,0.004,-0.0152,0.023399999999999997,-0.0776,-0.0183,0.0282,-0.04650000000000001,-0.0176,0.0025,-0.038900000000000004,-0.0604,-0.0676,-0.0374,-0.031400000000000004,0.0308,0.059800000000000006,-0.0189,0.0206,0.0333,0.006,-0.0078000000000000005,0.0281,0.0236,0.0319,0.052199999999999996,0.0315,0.0078000000000000005,0.038599999999999995,-0.0042,-0.0151,0.039,0.0382,-0.0288,-0.011699999999999999,-0.0275,-0.031400000000000004,0.0042
2019-04-30,0.0026,0.0256,0.0525,0.06570000000000001,-0.0355,0.0857,0.0608,0.0152,0.0323,0.05,0.004,-0.037599999999999995,-0.032400000000000005,0.055,0.0677,0.0684,0.0639,0.0806,-0.0264,-0.005,0.0645,0.064,0.0426,0.0354,0.0408,0.1059,-0.107,0.0073,0.0286,0.0011,0.01,0.059800000000000006,0.0308,0.0432,0.040999999999999995,0.0674,0.06309999999999999,0.015600000000000001,-0.035,0.0281,0.0496,0.0392,0.0495,0.039599999999999996,0.0874,0.021099999999999997,0.0417,0.0928,0.0653
2019-05-31,-0.0493,-0.0546,0.0028000000000000004,-0.039900000000000005,-0.10289999999999999,-0.013300000000000001,-0.094,-0.0908,-0.0385,-0.10890000000000001,-0.047599999999999996,-0.0297,-0.0341,-0.1293,-0.0971,-0.023399999999999997,-0.09380000000000001,-0.049400000000000006,-0.15460000000000002,-0.10800000000000001,-0.11789999999999999,-0.11699999999999999,-0.1445,-0.08810000000000001,-0.11599999999999999,0.0227,0.0297,-0.1092,-0.1211,-0.1193,-0.0155,-0.03,-0.024900000000000002,-0.0278,-0.1127,-0.0635,-0.13390000000000002,-0.0662,-0.10439999999999999,-0.0506,-0.0934,-0.0592,-0.07,-0.0141,-0.07440000000000001,0.004699999999999999,-0.1371,-0.0693,-0.0713
2019-06-30,0.107,0.0484,0.04190000000000001,0.0525,0.01,0.0929,0.07200000000000001,0.0872,0.06849999999999999,0.0904,0.10369999999999999,0.0978,0.058600000000000006,0.1096,0.08839999999999999,0.09720000000000001,0.1174,0.055999999999999994,0.1604,0.030699999999999998,0.1232,0.1065,0.1392,0.0719,0.1045,0.0719,0.1858,0.1398,0.0296,0.08900000000000001,0.0364,0.051500000000000004,0.0659,0.0626,0.0726,0.0554,0.1231,0.11320000000000001,0.078,0.10099999999999999,0.0669,0.0747,0.0722,0.0737,0.0698,0.0405,0.12029999999999999,0.0625,0.075
2019-07-31,0.0053,0.024900000000000002,0.0294,-0.0215,0.0338,0.1382,-0.0387,0.0335,0.0489,0.009300000000000001,0.0248,0.0121,-0.0334,0.0132,-0.0151,-0.1115,0.0034999999999999996,0.0026,-0.0254,-0.0192,0.0060999999999999995,-0.008100000000000001,0.0095,-0.0223,0.030699999999999998,-0.002,-0.0443,-0.0216,-0.1192,-0.0262,-0.0101,0.020499999999999997,0.0268,0.0315,0.026099999999999998,0.0373,0.0548,-0.042199999999999994,0.0024,0.0144,0.0195,0.0014000000000000002,0.005600000000000001,0.0323,0.0363,0.022000000000000002,0.0405,0.0271,-0.021400000000000002
2019-08-31,-0.013000000000000001,-0.0007000000000000001,0.026600000000000002,0.0617,-0.1105,0.018799999999999997,-0.0731,-0.0449,0.0158,-0.059000000000000004,-0.0518,-0.0043,-0.0037,-0.0516,-0.0288,-0.0547,-0.0285,0.0319,-0.12029999999999999,-0.1133,-0.0638,-0.0516,-0.08,0.0406,-0.1001,0.056600000000000004,0.0922,-0.06860000000000001,-0.1519,-0.08529999999999999,0.0345,0.0029,-0.013500000000000002,-0.0151,-0.1206,-0.0225,-0.0191,-0.0083,-0.045899999999999996,0.0178,-0.071,-0.0245,-0.001,0.0149,-0.0509,-0.052000000000000005,-0.0412,-0.0327,-0.0365
2019-09-30,-0.0414,0.016200000000000003,-0.005,0.017,0.0199,-0.0632,-0.0414,0.006500000000000001,0.0173,0.0986,0.009399999999999999,-0.0154,-0.0096,0.0512,0.0105,0.0737,0.063,0.0644,0.0709,0.013000000000000001,0.0608,0.0557,0.057,0.023399999999999997,0.0434,0.012,-0.0519,0.0666,-0.08650000000000001,0.0379,0.0394,0.0126,-0.0105,-0.024399999999999998,0.046799999999999994,-0.0067,0.0467,0.0336,0.0271,-0.009399999999999999,0.004699999999999999,0.0582,0.008199999999999999,-0.025,0.0395,-0.0008,0.031,0.022000000000000002,0.028300000000000002
2019-10-31,-0.0458,-0.0206,-0.005,-0.0106,0.081,0.0552,0.0575,0.0297,-0.0068000000000000005,-0.0222,0.0258,0.03,0.0525,-0.011699999999999999,0.014199999999999999,0.10800000000000001,0.0397,0.0191,0.0354,-0.0313,0.063,0.0304,0.0717,-0.0378,0.004699999999999999,-0.038,0.059800000000000006,-0.008,-0.11109999999999999,-0.0209,-0.0139,0.0219,-0.022000000000000002,0.0132,-0.0013,0.0203,0.0746,0.0034000000000000002,-0.0028000000000000004,0.0083,0.0155,0.026699999999999998,0.0151,-0.043,0.0371,0.041100000000000005,0.013600000000000001,0.0115,0.027000000000000003
2019-11-30,-0.0068000000000000005,0.0341,-0.0018,-0.006,0.0552,0.0412,0.064,-0.0118,-0.0134,0.0546,0.0827,0.04650000000000001,0.055,0.0382,-0.0034999999999999996,-0.0226,0.045899999999999996,0.019,0.0608,-0.044500000000000005,0.0296,0.0892,0.0313,0.061500000000000006,0.11720000000000001,0.0552,-0.027000000000000003,0.059699999999999996,-0.09789999999999999,0.0115,-0.021400000000000002,0.024700000000000003,-0.0046,0.0377,-0.0101,0.0546,0.0594,0.0521,0.0362,0.0181,0.0276,0.041299999999999996,0.0206,0.027000000000000003,0.0504,0.06509999999999999,0.068,0.0724,0.0441
2019-12-31,0.1114,0.030600000000000002,0.0397,0.0139,0.0321,-0.0102,0.0492,0.0326,0.025699999999999997,0.0789,0.031,0.0124,0.0408,0.013600000000000001,0.0311,-0.0337,0.024300000000000002,-0.0265,0.0078000000000000005,0.1165,0.0387,0.023799999999999998,0.0751,-0.053,0.0029,-0.0031,0.14859999999999998,0.0828,0.006500000000000001,0.06280000000000001,0.0412,0.0104,0.037000000000000005,0.0104,0.0499,0.0192,0.0733,0.0409,0.027200000000000002,0.0059,-0.0021,0.0241,0.0121,0.0227,0.0322,0.0215,0.0565,0.008199999999999999,0.0174
2020-01-31,-0.0331,-0.0138,0.0521,0.027000000000000003,-0.0366,-0.0337,0.0101,-0.0432,0.004,-0.0632,0.0062,-0.0096,-0.0245,-0.0753,-0.0308,-0.0455,-0.0128,0.059500000000000004,-0.1531,-0.0741,-0.0512,-0.0438,0.09449999999999999,0.0019,-0.0235,0.09720000000000001,0.0163,-0.0904,-0.23129999999999998,-0.1189,0.0483,-0.0212,-0.0051,0.029900000000000003,-0.0227,0.0542,0.0225,-0.0248,-0.0604,-0.0097,-0.0015,-0.030299999999999997,0.011399999999999999,0.015,-0.037000000000000005,-0.0275,-0.0187,0.0298,0.008100000000000001
2020-02-29,-0.0611,-0.0931,-0.0819,-0.0748,-0.06709999999999999,-0.1711,-0.0368,-0.0667,-0.08460000000000001,-0.1011,-0.0501,-0.0762,-0.0479,-0.0974,-0.0817,-0.0815,-0.08380000000000001,-0.0868,-0.1027,-0.106,-0.053200000000000004,-0.06509999999999999,-0.0625,-0.1219,-0.1096,-0.121,-0.0285,-0.12119999999999999,-0.0873,-0.1553,-0.0989,-0.0622,-0.0626,-0.0716,-0.1226,-0.0528,-0.0885,-0.0833,-0.0747,-0.0726,-0.1091,-0.094,-0.0603,-0.09380000000000001,-0.1151,-0.0891,-0.0989,-0.1057,-0.0843
2020-03-31,-0.1119,-0.042199999999999994,-0.15460000000000002,-0.1,-0.0643,-0.1885,-0.163,-0.22699999999999998,-0.0675,-0.1766,-0.1858,-0.1144,-0.023799999999999998,-0.17370000000000002,-0.094,-0.3602,-0.2564,-0.3214,-0.2208,-0.3371,-0.17489999999999997,-0.2107,-0.2409,-0.358,-0.23550000000000001,-0.0843,-0.0037,-0.1902,-0.40990000000000004,-0.3465,-0.1305,-0.1322,-0.285,-0.1814,-0.08039999999999999,-0.0981,-0.08789999999999999,-0.0824,-0.0973,-0.0967,-0.16820000000000002,-0.1773,-0.045,-0.2212,-0.23920000000000002,-0.1277,-0.361,-0.1689,-0.1496
2020-04-30,0.0959,0.0861,0.047599999999999996,0.1094,0.019799999999999998,0.18030000000000002,0.1467,0.084,0.1025,0.09570000000000001,0.1567,0.1388,0.132,0.16760000000000003,0.1834,0.1319,0.1344,0.2202,0.1164,0.11320000000000001,0.0974,0.1458,0.2884,0.0703,0.1283,0.1371,0.3184,0.1234,0.1795,0.3284,0.0518,0.09210000000000002,0.15439999999999998,0.1814,0.0818,0.1555,0.1437,0.161,0.10490000000000001,0.0771,0.0861,0.1253,0.18789999999999998,0.1867,0.1144,0.1186,0.12710000000000002,0.138,0.0232
2020-05-31,0.051699999999999996,0.0368,0.0406,0.0092,-0.0121,0.0158,0.0336,0.11789999999999999,0.0213,0.1143,0.0451,0.052300000000000006,0.0387,0.09230000000000001,0.10310000000000001,0.08039999999999999,0.1139,0.1503,0.0582,0.0434,0.0711,0.09609999999999999,0.09179999999999999,0.0521,0.0837,0.0103,-0.0034000000000000002,0.048,0.0317,0.005600000000000001,0.0463,0.0481,0.073,0.1036,0.1025,0.07440000000000001,0.0788,0.0711,0.0288,0.030699999999999998,0.0805,0.0799,0.042800000000000005,0.026000000000000002,0.0282,0.037599999999999995,0.054900000000000004,0.0613,0.0060999999999999995
2020-06-30,-0.0256,-0.0029,-0.032799999999999996,0.0034999999999999996,-0.0075,0.09140000000000001,0.0259,0.0131,0.0197,0.025,-0.028300000000000002,-0.015700000000000002,-0.0132,0.008,0.0363,0.0579,0.0518,0.021400000000000002,0.04650000000000001,0.14429999999999998,0.048499999999999995,0.052300000000000006,0.1611,0.0693,-0.049400000000000006,-0.0385,0.0545,0.11410000000000001,-0.0641,-0.0037,-0.050199999999999995,-0.0262,0.0116,0.0447,-0.0062,0.0506,0.08960000000000001,0.0286,0.0096,-0.008,0.011200000000000002,0.0132,0.0558,-0.0236,-0.0025,-0.0137,0.045899999999999996,0.0069,-0.0194
2020-07-31,0.056900000000000006,0.059800000000000006,0.0697,0.054299999999999994,0.07780000000000001,0.1505,0.0424,0.0501,0.07780000000000001,0.0066,0.1653,0.1101,0.0139,0.0722,0.1188,-0.1895,0.0665,0.1323,0.0223,0.2198,0.0889,0.08869999999999999,0.20420000000000002,-0.0794,0.039,0.0301,0.1506,0.0602,0.0654,-0.048600000000000004,0.0634,0.0506,0.07200000000000001,0.061200000000000004,0.0407,0.0482,0.1038,0.1045,-0.0005,0.0354,0.06480000000000001,0.0521,0.1036,0.0435,0.0078000000000000005,0.0369,-0.0088,0.030899999999999997,0.0634
2020-08-31,-0.0034999999999999996,0.0346,0.056100000000000004,0.026000000000000002,0.04769999999999999,0.0751,0.125,0.0364,0.0483,0.12210000000000001,0.0092,0.0347,0.0206,0.0512,0.060700000000000004,0.1255,0.08,0.0724,0.0827,-0.006,0.047599999999999996,0.1229,0.4755,0.0885,0.0028000000000000004,0.0337,-0.019799999999999998,0.099,0.0213,-0.0127,-0.0225,0.055999999999999994,0.0729,0.044500000000000005,-0.056299999999999996,0.09970000000000001,0.16390000000000002,0.0176,0.0638,0.0712,0.1303,0.050199999999999995,0.0802,0.1225,0.0643,0.022000000000000002,0.1173,0.0412,0.09910000000000001
2020-09-30,0.0025,-0.039599999999999996,-0.006,0.0025,-0.0664,0.10980000000000001,-0.04650000000000001,-0.0461,-0.0066,0.0584,-0.0073,-0.0125,-0.015600000000000001,0.0103,-0.0215,0.0262,-0.0254,0.0392,-0.049100000000000005,0.0152,0.0037,0.0074,-0.1051,-0.053099999999999994,-0.059000000000000004,-0.0174,-0.06280000000000001,0.0203,0.0821,-0.1516,-0.0032,-0.0197,-0.0265,-0.0148,-0.0572,-0.0567,-0.0602,-0.0078000000000000005,-0.015700000000000002,0.0352,0.0141,-0.023799999999999998,-0.0455,-0.0077,-0.050300000000000004,-0.0233,-0.0174,-0.040999999999999995,-0.0125
2020-10-31,0.1255,-0.0316,-0.0278,-0.046,-0.056900000000000006,0.0666,-0.044199999999999996,-0.061200000000000004,-0.0054,-0.0176,0.0013,-0.030600000000000002,-0.0521,-0.0013,0.0089,0.052300000000000006,-0.0087,-0.058899999999999994,0.07339999999999999,0.1496,0.0239,-0.0049,-0.04650000000000001,-0.0623,-0.011899999999999999,-0.0765,-0.0163,0.1217,-0.18969999999999998,-0.0447,0.0447,-0.038900000000000004,-0.0046,-0.042800000000000005,-0.0521,-0.0048,-0.0443,0.037200000000000004,-0.0155,0.050199999999999995,-0.0338,-0.008100000000000001,-0.030600000000000002,-0.0091,-0.0132,-0.0062,0.0394,0.0025,-0.0245
2020-11-30,0.1521,0.0725,0.09210000000000002,0.111,0.0805,0.21059999999999998,0.1148,0.23800000000000002,0.0576,0.1445,0.139,0.0761,0.10310000000000001,0.125,0.0782,0.24050000000000002,0.14529999999999998,0.1112,0.1911,0.19329999999999997,0.17559999999999998,0.18289999999999998,0.36450000000000005,0.3257,0.1825,0.0622,-0.0556,0.142,0.1597,0.2872,0.026600000000000002,0.1447,0.1351,0.16260000000000002,0.2007,0.09380000000000001,0.1182,0.0762,0.09300000000000001,0.1079,0.1745,0.1598,0.0747,0.1118,0.18309999999999998,0.1191,0.21420000000000003,0.16940000000000002,0.16649999999999998
2020-12-31,0.013300000000000001,0.0194,0.0683,0.0331,0.0866,0.159,0.09849999999999999,0.1093,0.0078000000000000005,0.044000000000000004,0.0726,0.0633,0.039,0.0332,0.0739,0.1177,0.0451,0.0113,0.0647,0.1477,0.0282,0.0363,0.16899999999999998,0.0241,0.0398,-0.0118,0.0556,0.0992,0.27390000000000003,0.055999999999999994,0.0062,0.0512,0.0263,0.038900000000000004,0.08289999999999999,0.036000000000000004,0.0795,0.0345,0.0121,0.024300000000000002,0.008100000000000001,0.0321,0.009399999999999999,0.0398,0.07690000000000001,0.0434,0.1042,0.0828,0.0256
2021-01-31,0.0248,-0.0131,-0.09630000000000001,-0.0688,-0.022799999999999997,0.0575,-0.0388,0.0414,-0.059500000000000004,-0.048499999999999995,0.0599,0.014499999999999999,0.0393,-0.0043,-0.0146,0.0127,0.008199999999999999,0.0592,-0.04769999999999999,0.0148,0.0217,0.0265,0.1246,-0.0748,0.0039000000000000003,-0.0562,-0.0158,0.0209,0.11199999999999999,0.0518,-0.0044,-0.0355,-0.034,-0.0426,0.008199999999999999,0.0055000000000000005,0.0073,0.0472,-0.0054,-0.0512,-0.0451,-0.0252,0.0070999999999999995,-0.043899999999999995,-0.030699999999999998,-0.037000000000000005,0.039,-0.0129,-0.027200000000000002
2021-02-28,0.12390000000000001,-0.0005,0.0067,-0.0333,0.057300000000000004,-0.024700000000000003,0.1073,0.1366,-0.0005,0.0406,-0.0187,0.011399999999999999,-0.0208,0.024900000000000002,0.0363,0.1997,0.0719,0.0414,0.17420000000000002,0.1494,0.11869999999999999,0.0649,-0.0999,0.0898,0.053,0.0322,-0.0687,0.1487,0.0487,0.2396,-0.045899999999999996,0.0426,0.0644,0.0864,0.0636,0.0339,-0.026000000000000002,-0.022099999999999998,0.0168,0.0086,0.0913,0.052300000000000006,-0.0318,0.0767,0.1442,0.035,0.1839,0.09369999999999999,0.060599999999999994
2021-03-31,0.0335,0.0802,0.0718,0.08410000000000001,0.1173,-0.078,-0.032799999999999996,0.052000000000000005,0.0739,0.0037,0.0279,-0.006,-0.0015,0.0775,0.0225,0.0833,0.0934,0.1334,0.2224,-0.0248,0.0726,0.0443,0.0098,0.11630000000000001,0.0767,0.0858,0.09369999999999999,-0.0063,-0.1367,0.022400000000000003,0.1039,0.0163,0.06849999999999999,0.0134,0.09449999999999999,0.0019,0.008100000000000001,0.0161,0.0888,0.059800000000000006,0.0784,0.08869999999999999,0.055999999999999994,0.0325,0.0506,0.0966,-0.0165,0.0404,0.0666
2021-04-30,0.0421,0.027000000000000003,0.0322,0.0358,0.0143,0.0151,0.0029,0.0033,0.0161,0.049400000000000006,0.04769999999999999,0.0599,0.016399999999999998,0.044000000000000004,0.0913,0.06309999999999999,0.0513,0.0701,0.0286,0.1079,0.0225,-0.0072,0.0416,0.0132,0.029500000000000002,0.030299999999999997,0.0305,0.061200000000000004,-0.0078000000000000005,0.0059,0.0398,0.0308,-0.0009,0.0704,0.0259,0.0832,0.0406,0.049699999999999994,0.024700000000000003,0.0862,0.0392,0.056900000000000006,0.0741,0.0533,0.0592,0.0622,0.037599999999999995,0.0719,0.0547
2021-05-31,-0.061200000000000004,0.039,0.019299999999999998,0.0213,0.0204,0.0381,-0.0092,0.0279,0.0042,-0.0074,0.015300000000000001,-0.031,0.0089,0.0484,0.0533,0.0317,0.0,-0.0111,0.1442,-0.054299999999999994,0.0235,-0.002,-0.06509999999999999,0.0521,0.0038,0.0143,0.1996,0.0659,0.3677,0.0617,-0.0116,-0.0051,0.0018,-0.010700000000000001,0.0197,-0.0079,-0.015,0.011000000000000001,0.036699999999999997,-0.0353,0.020099999999999996,0.0109,-0.0273,-0.0138,0.0291,0.0302,0.012199999999999999,0.0455,0.0463
2021-06-30,-0.023799999999999998,-0.031,-0.0146,-0.0097,0.0199,0.12689999999999999,0.011000000000000001,-0.004,-0.0051,0.08560000000000001,0.0088,0.0383,0.0496,-0.0501,0.016,-0.07339999999999999,-0.0256,-0.0458,-0.061200000000000004,-0.0102,-0.0134,0.0594,0.0542,-0.0275,-0.019,0.019799999999999998,-0.1336,-0.078,0.066,0.055999999999999994,-0.014199999999999999,-0.0001,0.0255,0.0385,0.0184,0.0669,0.0867,0.056900000000000006,-0.017,-0.0361,-0.0447,-0.018000000000000002,0.0384,-0.0073,-0.031,-0.0333,-0.005600000000000001,0.0167,-0.0353
2021-07-31,-0.0305,-0.024300000000000002,0.045599999999999995,0.0129,0.0096,-0.038,-0.0833,-0.0254,0.0392,0.0478,0.0279,0.0501,0.0204,0.0022,0.038599999999999995,0.0009,-0.004,0.032400000000000005,0.07200000000000001,0.053200000000000004,0.0036,-0.0043,-0.0063,-0.011899999999999999,0.0171,-0.022099999999999998,-0.0273,0.0226,0.1724,-0.0889,0.0297,0.0036,0.0173,0.011200000000000002,0.0254,0.0371,0.031,0.0633,-0.0098,-0.0141,-0.0447,0.0235,-0.0079,0.052000000000000005,-0.0043,0.0013,0.043,0.0178,0.0053
2021-08-31,0.026000000000000002,-0.005699999999999999,-0.0009,-0.0158,0.0347,-0.10279999999999999,0.10830000000000001,0.004699999999999999,0.0002,-0.0059,-0.026099999999999998,0.0248,0.0363,0.0058,0.055999999999999994,-0.0032,0.031,0.0104,0.0351,0.1454,0.0104,0.0169,0.0258,-0.0199,0.0271,-0.024399999999999998,-0.0748,-0.0172,0.22649999999999998,-0.0134,0.0323,0.0137,0.0034000000000000002,0.0173,0.0593,0.053399999999999996,0.04190000000000001,0.0359,0.0064,0.09949999999999999,0.0008,0.0138,0.0301,-0.0097,0.0203,0.0192,0.0405,0.061,0.021099999999999997
2021-09-30,-0.0414,-0.022000000000000002,-0.059800000000000006,-0.0296,-0.0712,-0.1002,0.0155,0.0128,-0.0415,-0.0915,-0.0814,-0.0444,-0.064,-0.055099999999999996,-0.0735,-0.08039999999999999,-0.066,-0.08529999999999999,-0.10640000000000001,0.0223,-0.076,-0.0625,0.0449,0.0039000000000000003,-0.0453,-0.0404,-0.0636,-0.0965,0.109,0.1127,-0.0487,-0.0558,-0.033,-0.0591,-0.0636,-0.064,-0.0587,-0.0552,-0.0725,-0.06709999999999999,-0.029500000000000002,-0.045700000000000005,-0.0454,-0.0072,0.009899999999999999,-0.0377,-0.0092,-0.056100000000000004,-0.0453
2021-10-31,0.0279,0.022799999999999997,0.0545,0.0536,-0.0137,0.0366,0.0799,0.0207,0.0382,0.12269999999999999,0.008100000000000001,0.0365,0.0183,0.0883,0.0319,0.0059,0.0716,0.0746,0.1014,-0.053,0.0484,0.13470000000000001,0.3385,0.0004,0.0434,-0.0263,0.0004,0.1189,0.0464,0.10289999999999999,0.051100000000000007,-0.0424,0.1125,0.0063,0.0521,0.09369999999999999,0.0758,0.0622,0.0098,0.0088,0.09949999999999999,0.0645,0.056900000000000006,0.009000000000000001,0.0403,0.1054,0.066,0.11539999999999999,0.047400000000000005
2021-11-30,0.0315,-0.0345,-0.056299999999999996,0.0007000000000000001,-0.0702,-0.18059999999999998,-0.0789,-0.0426,0.009000000000000001,0.0011,-0.11779999999999999,-0.07629999999999999,-0.0208,-0.0055000000000000005,0.0325,-0.043899999999999995,0.0407,0.037599999999999995,-0.06280000000000001,-0.0207,0.012199999999999999,-0.0354,0.030600000000000002,-0.0625,-0.0483,0.0016,0.0076,0.0043,-0.1873,-0.0538,-0.0197,-0.0719,-0.0212,-0.08289999999999999,0.025,-0.0345,0.1204,-0.0051,-0.0287,-0.016,-0.058499999999999996,-0.0116,0.021400000000000002,-0.018600000000000002,-0.0626,-0.051500000000000004,-0.0894,-0.0455,-0.044800000000000006
2021-12-31,0.048600000000000004,0.096,0.1267,0.0925,0.1245,-0.022099999999999998,-0.0184,0.0362,0.1124,-0.0366,0.1017,0.09210000000000002,0.0521,0.0639,0.06280000000000001,0.087,0.0806,0.0883,0.09789999999999999,-0.0467,0.045700000000000005,-0.0401,-0.0536,0.061,0.053099999999999994,0.0482,0.1112,0.0849,0.1434,0.0292,0.08560000000000001,0.0395,0.0006,0.030299999999999997,0.1121,-0.0038,0.034300000000000004,0.0508,0.0608,0.0302,0.08259999999999999,0.0876,-0.0011,0.0814,0.0317,0.0986,0.0956,0.0245,0.0533
2022-01-31,0.0134,0.0126,0.0014000000000000002,-0.0191,0.0788,-0.1832,-0.1949,-0.0564,-0.0591,-0.11130000000000001,-0.1446,-0.10869999999999999,-0.07339999999999999,-0.0764,-0.1104,-0.1235,-0.1184,-0.1344,-0.1032,-0.1962,-0.0653,-0.1442,-0.09960000000000001,0.0023,-0.0319,0.058600000000000006,-0.0246,-0.0654,0.0066,0.1783,-0.021,-0.019299999999999998,-0.1048,-0.08689999999999999,-0.10439999999999999,-0.0906,-0.06559999999999999,-0.1249,-0.0506,0.0255,-0.056799999999999996,-0.0646,-0.0901,-0.083,0.018799999999999997,-0.0321,-0.0794,-0.0362,0.009300000000000001
2022-02-28,0.0815,0.0089,0.014499999999999999,-0.053399999999999996,-0.008,-0.0215,-0.0066,0.0341,-0.042800000000000005,-0.0584,0.0412,0.015700000000000002,-0.024900000000000002,-0.0263,-0.009899999999999999,-0.07339999999999999,-0.006,-0.0391,0.23879999999999998,0.1038,-0.045899999999999996,0.0025,-0.0707,0.0958,0.057999999999999996,0.105,0.081,0.1121,0.35509999999999997,0.0824,-0.0109,0.0029,-0.0187,-0.0928,-0.012,-0.059800000000000006,-0.026000000000000002,-0.041100000000000005,-0.0817,-0.018000000000000002,-0.011200000000000002,0.0168,-0.0178,-0.0129,-0.0187,0.0115,-0.0275,-0.042800000000000005,0.0027
2022-03-31,0.10710000000000001,0.0121,-0.006500000000000001,0.0336,-0.022400000000000003,-0.0897,-0.0378,0.0064,-0.029300000000000003,-0.008100000000000001,0.0264,0.0085,0.0712,0.0316,0.0174,-0.0907,-0.0653,-0.0548,0.1553,0.1376,0.0294,0.0125,0.16690000000000002,-0.0242,0.0292,0.0127,0.20329999999999998,0.068,0.2595,0.0974,0.0969,-0.0242,0.1065,0.049699999999999994,0.0206,0.0226,0.0461,0.0432,-0.014199999999999999,0.0332,0.045,0.031,0.0346,0.0012,-0.049,0.0641,-0.018500000000000003,-0.0007000000000000001,0.0786
2022-04-30,-0.0013,0.0253,0.042699999999999995,0.0304,0.0637,-0.114,-0.2797,-0.1,0.0233,-0.0691,-0.1523,-0.1159,-0.0432,-0.0239,-0.12369999999999999,0.0674,-0.031400000000000004,-0.0637,-0.0642,-0.0308,-0.1013,-0.1338,-0.17550000000000002,-0.0932,-0.053399999999999996,-0.0321,-0.0934,-0.1549,0.078,-0.013999999999999999,-0.0371,-0.1056,-0.049800000000000004,-0.0984,-0.1056,-0.12990000000000002,-0.1324,-0.09720000000000001,0.0091,-0.038599999999999995,-0.10310000000000001,-0.0217,-0.1124,-0.0513,-0.085,-0.0335,-0.1159,-0.12710000000000002,-0.0735
2022-05-31,0.0741,-0.0322,-0.003,-0.0159,0.0268,-0.012,-0.0382,-0.0696,-0.0524,-0.0674,-0.008,-0.018000000000000002,0.0208,0.0481,-0.0105,0.0235,0.028999999999999998,0.054900000000000004,-0.0818,0.028399999999999998,0.030899999999999997,-0.0097,-0.0974,-0.0333,0.019,0.019799999999999998,-0.0681,-0.0219,0.0207,0.1583,0.048,0.0866,-0.0432,-0.0216,-0.0333,-0.032400000000000005,-0.0123,0.0194,0.0127,-0.0454,-0.042199999999999994,0.0105,-0.056100000000000004,-0.020099999999999996,0.0359,0.011399999999999999,-0.0226,0.04,-0.011000000000000001
2022-06-30,-0.1251,-0.0196,0.005,0.0001,-0.1168,-0.115,-0.1091,-0.124,-0.026699999999999998,-0.1192,-0.1157,-0.081,0.0085,-0.15439999999999998,-0.0647,-0.11220000000000001,-0.11789999999999999,-0.1009,-0.2115,-0.0461,-0.1366,-0.1017,-0.11699999999999999,-0.0143,-0.07730000000000001,-0.0308,-0.11800000000000001,-0.1972,-0.1073,-0.1666,-0.0654,-0.0663,-0.0622,-0.09849999999999999,-0.08380000000000001,-0.058899999999999994,-0.1117,-0.07429999999999999,-0.085,-0.08470000000000001,-0.0897,-0.0633,-0.0863,-0.0803,-0.1249,-0.0204,-0.1355,-0.0981,-0.12029999999999999
2022-07-31,0.06480000000000001,0.0355,0.033,0.054299999999999994,0.0055000000000000005,0.0298,0.17120000000000002,0.1209,0.0069,0.11789999999999999,0.12890000000000001,0.0629,0.0051,0.0759,0.125,0.069,0.1741,0.1534,0.20440000000000003,0.1442,0.135,0.2164,0.2904,0.0633,0.0827,-0.013600000000000001,-0.2122,0.0867,0.0332,0.1043,0.06269999999999999,-0.0003,0.1232,0.13140000000000002,0.0913,0.07919999999999999,0.1725,0.13019999999999998,0.0722,0.0705,0.0951,0.0906,0.1641,0.114,0.0857,0.0315,0.1407,0.10550000000000001,0.1007
2022-08-31,0.052300000000000006,-0.003,-0.0438,-0.0187,-0.0013,-0.0535,-0.0225,-0.0499,-0.0213,-0.059000000000000004,-0.0327,-0.047,-0.0538,-0.0139,-0.0555,-0.122,-0.0789,-0.0583,-0.013000000000000001,-0.0127,-0.050199999999999995,-0.042800000000000005,-0.0572,-0.0171,-0.0239,0.019299999999999998,-0.0931,-0.0259,0.1431,0.033,0.0011,-0.0287,-0.0681,-0.0461,-0.0361,-0.048499999999999995,-0.056299999999999996,-0.0839,-0.0706,-0.0911,-0.016399999999999998,-0.016200000000000003,-0.0344,-0.0167,-0.0326,-0.0085,-0.061399999999999996,-0.0108,-0.0301
2022-09-30,-0.0711,-0.07730000000000001,-0.0818,-0.053,-0.10619999999999999,-0.15689999999999998,-0.042,-0.1343,-0.1056,-0.1751,-0.049800000000000004,-0.0605,-0.0015,-0.11199999999999999,-0.13849999999999998,-0.1553,-0.0759,-0.08,-0.18,-0.055099999999999996,-0.09759999999999999,-0.10490000000000001,-0.0638,-0.12789999999999999,-0.0758,-0.0816,0.029900000000000003,-0.0771,-0.0966,-0.0929,-0.1161,-0.1386,-0.0636,-0.1036,-0.11130000000000001,-0.1119,-0.126,-0.0789,-0.13019999999999998,-0.1381,-0.14029999999999998,-0.0951,-0.0768,-0.062,-0.0909,-0.0447,-0.1288,-0.08689999999999999,-0.0638
2022-10-31,0.1374,0.1127,0.0712,0.09369999999999999,0.1207,0.0393,0.15,0.08789999999999999,0.0565,0.10880000000000001,0.049,0.0833,0.0941,0.0895,-0.0046,0.0843,0.0827,0.11710000000000001,0.1991,0.16449999999999998,0.1689,0.024399999999999998,-0.075,0.1594,0.1714,0.2516,0.0199,0.09119999999999999,0.1231,0.23920000000000002,0.0345,0.106,0.1148,0.0747,0.1344,0.0134,0.09179999999999999,0.0581,0.12029999999999999,0.0567,0.07429999999999999,0.1368,0.02,0.1058,0.134,0.1273,0.0692,0.1144,0.10830000000000001
2022-11-30,0.0241,0.0298,0.077,0.032400000000000005,0.0559,0.0509,0.0728,0.1567,0.0943,0.1752,0.044800000000000006,0.059800000000000006,0.0527,0.10529999999999999,0.0282,0.0699,0.0558,0.0819,0.13970000000000002,-0.2781,0.09970000000000001,0.056299999999999996,-0.0942,0.086,0.031,0.017,0.12,0.20149999999999998,0.1362,0.0088,0.06849999999999999,0.0218,0.058899999999999994,0.0374,0.08439999999999999,0.0579,0.0408,0.0935,0.0541,0.10550000000000001,0.10310000000000001,0.0506,0.0285,0.0601,0.0519,0.013999999999999999,0.1081,0.086,0.0707
2022-12-31,-0.12240000000000001,-0.023799999999999998,-0.0042,-0.04019999999999999,0.018799999999999997,-0.1023,-0.053899999999999997,-0.07769999999999999,0.0079,-0.002,-0.0401,0.0006,-0.02,-0.06280000000000001,-0.028300000000000002,-0.0092,-0.045899999999999996,-0.0021,-0.076,-0.1485,-0.0418,-0.07519999999999999,-0.2999,0.019799999999999998,-0.0187,-0.0115,0.0051,-0.0472,-0.1293,-0.0412,-0.011200000000000002,-0.0682,-0.0758,-0.0529,-0.0672,-0.06849999999999999,-0.1085,-0.0294,-0.04,-0.042699999999999995,-0.0722,-0.056299999999999996,-0.0892,-0.0642,-0.06480000000000001,-0.0321,-0.06570000000000001,-0.066,-0.0327
2023-01-31,0.0989,-0.022000000000000002,-0.0262,-0.0368,0.0146,0.1649,0.19329999999999997,0.1149,-0.0043,0.09029999999999999,0.0325,0.0131,-0.0229,0.0916,0.1069,0.1589,0.1264,0.1407,0.2217,0.15380000000000002,0.0806,0.1232,0.3093,0.039599999999999996,0.013999999999999999,-0.018000000000000002,0.1223,0.1653,0.038900000000000004,0.027200000000000002,-0.012199999999999999,0.1356,0.08449999999999999,0.0973,0.0567,0.09179999999999999,0.1209,0.031200000000000002,0.005,0.0934,0.0989,0.0689,0.1094,0.09759999999999999,0.09359999999999999,-0.0034999999999999996,0.163,0.085,0.0213
2023-02-28,-0.0337,-0.012199999999999999,-0.026699999999999998,0.0028000000000000004,-0.0338,-0.0381,-0.042300000000000004,-0.0463,-0.0274,-0.0602,-0.0317,-0.028999999999999998,-0.048799999999999996,-0.0453,0.0302,-0.1288,0.0189,-0.0084,0.0207,0.0004,-0.0086,0.0331,0.1192,-0.018799999999999997,-0.0007000000000000001,0.0245,-0.17579999999999998,-0.034300000000000004,0.0124,-0.0704,-0.053200000000000004,-0.065,-0.022400000000000003,-0.0461,0.0001,-0.016200000000000003,0.0305,-0.05,-0.0513,-0.0401,0.0005,-0.0034000000000000002,-0.0554,-0.0254,-0.0189,-0.0358,-0.022799999999999997,-0.0222,-0.0235
2023-03-31,-0.0264,0.0346,0.051699999999999996,0.0424,0.0018,-0.0083,0.0304,-0.0378,0.0513,0.042199999999999994,-0.014499999999999999,0.0475,0.0223,-0.0355,0.0102,-0.057699999999999994,-0.0332,0.0385,-0.0808,-0.064,0.0039000000000000003,-0.0383,-0.0037,0.0144,-0.0403,0.0043,0.1495,-0.0096,-0.0575,-0.0029,0.0395,-0.001,0.0029,-0.0152,0.0655,0.1201,0.11470000000000001,0.0384,0.0063,-0.008,-0.0016,0.0060999999999999995,0.0355,0.0334,-0.1189,-0.0473,-0.0818,-0.0756,0.0246
2023-04-30,0.0001,0.029300000000000003,0.0342,0.042300000000000004,0.040999999999999995,-0.029300000000000003,0.0079,0.0173,0.0437,0.0222,0.037000000000000005,0.0735,0.0308,-0.003,0.019299999999999998,0.0418,0.0223,0.06309999999999999,-0.0683,0.0191,-0.04019999999999999,-0.0525,-0.16329999999999997,-0.0058,-0.032,-0.023399999999999997,-0.0371,-0.0231,-0.0526,0.0269,0.0172,0.009899999999999999,-0.009399999999999999,0.0,-0.0688,0.023399999999999997,-0.0098,-0.0479,0.0109,-0.019799999999999998,-0.019299999999999998,0.0045000000000000005,0.0183,0.050499999999999996,0.0174,0.037000000000000005,-0.0048,0.0032,0.0542
2023-05-31,-0.1094,-0.050300000000000004,-0.0382,-0.030299999999999997,-0.0873,-0.0891,0.0355,-0.0064,-0.0909,-0.1359,-0.0645,-0.060899999999999996,-0.024700000000000003,-0.0764,-0.045899999999999996,-0.1137,-0.0141,-0.009899999999999999,-0.0848,-0.1402,-0.0091,0.0115,0.1594,-0.041299999999999996,-0.037000000000000005,-0.038599999999999995,-0.1346,-0.0414,-0.12359999999999999,-0.0955,-0.0583,-0.0941,-0.0286,-0.030699999999999998,0.0547,0.09449999999999999,0.10550000000000001,-0.0278,-0.0882,-0.0611,-0.0060999999999999995,-0.0127,0.0195,-0.051699999999999996,-0.039599999999999996,-0.0373,0.004,-0.0364,-0.0208
2023-06-30,0.0632,-0.0075,0.013600000000000001,0.028300000000000002,0.0781,0.1091,0.0934,0.0603,0.0719,0.0713,0.0861,0.086,0.0288,0.1119,0.13,0.12179999999999999,0.193,0.1591,0.2022,0.3614,0.1409,0.1765,0.2559,0.0727,0.17859999999999998,0.038,0.038,0.1306,0.2003,0.0634,0.025099999999999997,0.0462,0.06709999999999999,0.0908,0.061,0.0381,0.0855,0.0576,0.0654,0.0786,0.1115,0.11599999999999999,0.0785,0.0576,0.0706,0.037599999999999995,0.0949,0.058499999999999996,0.0674
2023-07-31,-0.0095,0.0209,0.0215,0.032400000000000005,0.0149,0.0696,0.0134,0.0395,0.0034000000000000002,0.0097,-0.004,-0.021400000000000002,0.0067,0.043899999999999995,0.0195,0.0346,0.0364,0.037000000000000005,0.0341,0.0958,0.0602,0.039,0.028999999999999998,0.0176,0.0526,-0.0212,0.020499999999999997,0.0943,0.087,0.0745,0.0277,0.0095,0.04019999999999999,0.0361,0.0218,0.0475,0.0359,0.0326,0.0501,0.0555,0.0742,-0.0103,0.0319,0.0287,0.0718,0.0388,0.0526,0.0823,0.0148
2023-08-31,-0.0839,-0.053,-0.0134,-0.0462,-0.032799999999999996,-0.0092,-0.044199999999999996,0.0587,-0.0176,-0.060899999999999996,-0.0436,-0.0704,0.0269,-0.0424,0.0388,-0.0392,-0.006,-0.0179,-0.0152,0.0085,-0.0179,-0.08650000000000001,-0.0482,-0.023700000000000002,-0.0557,0.0199,-0.0987,-0.0559,0.0336,0.0202,-0.0536,0.0016,-0.025099999999999997,-0.0348,0.06269999999999999,-0.014499999999999999,-0.024700000000000003,-0.0006,-0.015600000000000001,-0.036699999999999997,-0.054400000000000004,-0.0152,0.0048,-0.0513,-0.051,-0.0187,-0.047599999999999996,-0.0245,0.0049
2023-09-30,0.0084,-0.042699999999999995,-0.0646,-0.051399999999999994,-0.0246,-0.07400000000000001,-0.1121,-0.062,-0.0681,-0.044500000000000005,-0.0528,-0.0689,-0.0392,-0.0617,-0.0806,-0.1192,-0.0742,-0.0931,-0.045899999999999996,-0.061900000000000004,-0.0669,-0.0742,-0.0242,-0.1061,-0.0545,-0.08529999999999999,-0.0581,-0.0703,0.2588,0.0298,-0.050499999999999996,-0.032,-0.049800000000000004,-0.0687,-0.0499,-0.0407,-0.0837,-0.0736,-0.0655,-0.025699999999999997,-0.046,-0.027000000000000003,-0.0613,-0.044500000000000005,-0.0393,0.025699999999999997,-0.1038,-0.0347,-0.027200000000000002
2023-10-31,-0.0583,-0.049800000000000004,-0.0039000000000000003,-0.0434,-0.04,-0.1438,0.027999999999999997,-0.0206,-0.0003,0.042699999999999995,-0.0432,-0.0636,-0.0405,-0.065,-0.10220000000000001,-0.062400000000000004,-0.0662,-0.056900000000000006,-0.0401,-0.226,-0.0697,-0.1293,-0.1832,0.0377,-0.0049,0.09359999999999999,0.0182,-0.0536,-0.10099999999999999,-0.061,0.0102,-0.0013,-0.0195,-0.0668,-0.0255,0.0033,-0.0288,-0.10890000000000001,-0.027000000000000003,-0.0346,-0.0673,-0.009000000000000001,0.006500000000000001,-0.0171,-0.0291,0.0349,-0.0897,-0.0636,-0.0173
2023-11-30,-0.0229,0.042199999999999994,0.0479,0.039,0.047599999999999996,0.0591,0.1101,0.0791,0.0496,0.106,0.0608,0.10039999999999999,0.044500000000000005,0.08039999999999999,0.1082,0.0843,0.1548,0.1675,0.1114,0.0978,0.09910000000000001,0.1008,0.16510000000000002,0.11259999999999999,0.0962,0.0076,0.099,0.07919999999999999,0.1418,-0.0159,0.051500000000000004,0.0696,0.1195,0.14859999999999998,0.0231,0.1207,0.1261,0.1223,0.0806,0.10439999999999999,0.12279999999999999,0.0791,0.0695,0.0767,0.1317,0.0394,0.0983,0.1348,0.0664
2023-12-31,0.0672,0.0434,0.0226,0.0055000000000000005,0.009300000000000001,0.10220000000000001,0.0392,0.08789999999999999,0.0031,0.0463,0.0984,0.07400000000000001,0.0644,0.08470000000000001,0.0447,0.16649999999999998,0.1173,0.1631,0.0966,0.06269999999999999,0.1036,0.1321,0.0617,0.0663,0.0971,0.031,0.023399999999999997,0.13019999999999998,0.045,0.0001,0.0173,0.0225,0.0916,0.0731,0.0483,0.0302,0.0613,0.0862,0.04650000000000001,0.0355,0.08039999999999999,0.0463,0.0638,0.0506,0.0969,-0.0058,0.1745,0.1007,0.0141
2024-01-31,-0.045599999999999995,-0.0154,-0.0072,-0.008199999999999999,-0.025099999999999997,-0.0613,0.0793,-0.0040999999999999995,0.0383,-0.0519,-0.0005,0.0408,0.0373,-0.053099999999999994,0.006,-0.0254,-0.0007000000000000001,-0.0279,0.0089,-0.08789999999999999,-0.002,-0.0926,-0.18899999999999997,-0.023700000000000002,0.0104,-0.050199999999999995,-0.1677,-0.0374,0.0732,-0.0021,-0.0301,0.045700000000000005,-0.0351,0.0003,0.045700000000000005,0.039900000000000005,0.025,-0.0006,-0.0632,-0.012,-0.0151,0.0294,0.0134,0.0062,0.015700000000000002,0.0172,-0.052000000000000005,-0.0203,0.044800000000000006
2024-02-29,0.1535,-0.009399999999999999,0.0432,0.001,0.0,0.0368,0.0645,0.0148,0.03,0.0591,0.0288,0.0278,0.0545,0.0363,0.0291,0.1211,0.1007,0.10830000000000001,0.0487,0.1691,0.0863,0.0808,0.0723,0.019799999999999998,0.0894,0.0384,-0.08800000000000001,0.036699999999999997,-0.07200000000000001,0.031400000000000004,0.0239,-0.027200000000000002,0.0347,0.0351,0.0571,0.0463,0.08199999999999999,0.0795,0.0227,0.0564,0.0727,0.0572,0.1084,0.0546,0.0405,0.0202,0.047599999999999996,0.0475,0.0713
2024-03-31,0.078,0.0392,0.02,0.046,0.0516,0.0203,0.009399999999999999,-0.0045000000000000005,0.0311,-0.0634,0.058499999999999996,0.0373,0.013000000000000001,0.0564,0.0779,0.0723,0.059000000000000004,0.0932,0.0548,0.134,0.058600000000000006,0.05,-0.0664,0.0321,0.0253,0.0535,0.1883,0.1775,-0.042199999999999994,0.10439999999999999,0.0704,0.030899999999999997,0.0492,0.034300000000000004,0.0692,0.017,0.0286,0.0203,0.0888,0.061799999999999994,0.0109,0.0441,0.027000000000000003,0.0088,0.053899999999999997,0.0403,0.0288,0.046799999999999994,0.0414
2024-04-30,-0.0582,0.0064,-0.0187,-0.0197,0.0246,-0.0325,-0.09519999999999999,-0.058499999999999996,-0.015600000000000001,-0.0636,-0.0776,-0.056799999999999996,-0.057300000000000004,-0.0724,-0.0837,-0.1215,-0.0667,-0.0733,-0.09269999999999999,-0.09880000000000001,-0.057,-0.0761,-0.0023,-0.0152,0.0387,0.0159,0.1234,0.032799999999999996,-0.008199999999999999,-0.0064,0.0158,-0.0653,-0.0541,-0.06,-0.059500000000000004,-0.0507,-0.032799999999999996,-0.039599999999999996,0.0235,-0.0305,-0.0794,-0.0592,-0.0507,-0.0232,-0.039,-0.0409,-0.11349999999999999,-0.0458,-0.0233
2024-05-31,0.042699999999999995,-0.0144,0.0203,-0.018000000000000002,0.0642,0.0060999999999999995,0.0975,0.12990000000000002,0.0019,0.0496,0.0169,0.0059,0.0426,0.0499,0.0194,0.06709999999999999,0.0075,0.058499999999999996,0.0443,0.0965,0.018799999999999997,0.0467,-0.0086,0.0765,0.0296,-0.0051,0.0635,0.0236,0.07339999999999999,-0.0062,0.0803,0.0374,0.0165,-0.0027,0.057300000000000004,0.0355,0.155,0.0264,0.0447,0.0394,0.0034999999999999996,0.0015,0.036699999999999997,-0.0348,0.029500000000000002,0.0368,0.0472,0.046799999999999994,0.0392
2024-06-30,-0.031200000000000002,-0.0369,-0.0013,-0.030699999999999998,0.0106,-0.035,0.0438,0.0116,-0.0012,-0.1253,-0.0236,0.0155,0.0393,-0.0524,-0.0384,-0.061900000000000004,-0.0558,-0.050499999999999996,-0.057800000000000004,-0.0689,0.0219,-0.0443,0.0697,-0.0351,-0.0583,0.0076,-0.022099999999999998,-0.0728,-0.09230000000000001,-0.0206,-0.0416,-0.006,0.018799999999999997,0.0006,0.055099999999999996,0.0774,0.08960000000000001,-0.0064,0.005600000000000001,-0.08650000000000001,0.0301,-0.028399999999999998,0.0509,0.0059,-0.0060999999999999995,-0.0023,-0.0087,0.0046,-0.0127
2024-07-31,0.0509,0.041100000000000005,0.035699999999999996,0.0304,0.11689999999999999,0.0848,-0.0395,0.0316,-0.010700000000000001,-0.0236,0.0814,-0.026600000000000002,0.0124,0.06570000000000001,0.0318,0.3161,0.1273,0.16079999999999997,0.0642,0.0849,-0.0028000000000000004,0.0757,0.1198,0.086,0.054299999999999994,0.1335,0.17079999999999998,0.014199999999999999,0.0264,0.0196,0.0639,0.0385,0.0737,0.0746,-0.0206,-0.0407,-0.0037,0.0731,0.0174,0.10210000000000001,0.0013,0.0646,-0.0013,-0.0265,0.0748,0.0836,0.1963,0.06709999999999999,0.0593
2024-08-31,0.0235,0.0506,0.0538,0.0088,0.0796,-0.0208,0.0596,0.0169,0.0635,0.057800000000000004,0.0446,0.0753,0.06269999999999999,0.0158,-0.014199999999999999,-0.017,-0.0012,0.013600000000000001,-0.06849999999999999,-0.13849999999999998,-0.013600000000000001,-0.0331,-0.0537,0.0121,0.0338,0.07139999999999999,0.0755,-0.0546,-0.0705,-0.029300000000000003,0.0458,0.0124,0.0374,0.0424,-0.0146,0.0123,0.018600000000000002,-0.0084,0.0436,0.0125,0.0253,-0.0123,0.0076,0.0553,0.0222,0.0432,0.0031,0.0095,0.0642
2024-09-30,0.0275,0.0092,0.0077,0.013000000000000001,-0.0132,0.0337,0.0429,-0.0233,0.010700000000000001,0.057800000000000004,0.0265,0.0073,-0.031,0.037599999999999995,-0.006,0.016200000000000003,0.0592,0.0521,0.018500000000000003,0.0074,0.0467,0.0125,0.14800000000000002,-0.018799999999999997,0.0379,0.0533,0.0192,0.09720000000000001,0.0451,-0.0334,0.053399999999999996,0.0556,0.0337,0.013300000000000001,0.0406,0.0397,0.0217,0.0132,-0.0085,0.0327,0.0253,-0.0076,0.0409,0.054299999999999994,-0.02,-0.0101,0.061500000000000006,0.0263,-0.013000000000000001
2024-10-31,0.044000000000000004,-0.0429,-0.07690000000000001,-0.051500000000000004,0.0839,0.0027,0.0406,0.0060999999999999995,-0.0583,-0.061200000000000004,-0.0802,-0.0118,-0.0327,-0.0387,0.006,-0.1711,-0.018000000000000002,-0.0521,-0.0152,-0.0323,-0.0481,-0.0023,-0.0313,-0.0199,-0.0337,-0.038,-0.13119999999999998,-0.0077,-0.0073,-0.004699999999999999,0.0069,0.023700000000000002,-0.0021,0.0007000000000000001,-0.0005,-0.0043,0.009300000000000001,-0.0895,-0.035699999999999996,-0.0361,0.014199999999999999,-0.0154,-0.0096,-0.0066,0.0513,-0.0429,0.008100000000000001,0.0653,-0.0285
2024-11-30,0.030600000000000002,0.006500000000000001,0.0028000000000000004,-0.004,0.0215,0.04,0.1412,0.054000000000000006,0.0702,0.0785,0.0264,0.058499999999999996,-0.0294,0.0235,0.038900000000000004,0.10710000000000001,0.1036,0.09140000000000001,0.1042,0.40009999999999996,0.065,0.1081,0.3125,0.031200000000000002,0.07200000000000001,0.1267,-0.07690000000000001,-0.0077,0.11220000000000001,0.0647,0.0621,0.09179999999999999,0.0924,0.07490000000000001,0.0664,0.065,0.0337,0.024,0.0436,0.0623,0.0817,0.1186,0.1025,0.0625,0.1324,0.0837,0.0753,0.1402,0.0728
2024-12-31,-0.0695,-0.056799999999999996,-0.0329,-0.0603,-0.08259999999999999,-0.0667,-0.0155,-0.061799999999999994,-0.061200000000000004,0.0203,-0.1204,-0.0449,-0.049800000000000004,-0.1134,-0.06269999999999999,-0.1097,-0.1272,-0.1527,-0.17989999999999998,-0.0416,-0.08839999999999999,-0.084,0.1185,-0.0226,-0.0581,-0.0727,-0.11199999999999999,-0.11380000000000001,-0.1764,-0.0875,-0.07780000000000001,-0.0796,-0.1192,-0.048600000000000004,-0.0016,0.003,0.0349,-0.0334,-0.0667,-0.0859,-0.0863,-0.086,-0.003,-0.0426,-0.0554,-0.1115,-0.08839999999999999,-0.0655,-0.0626
2025-01-31,0.1295,-0.0263,0.005699999999999999,-0.0375,0.0548,-0.0038,0.0684,0.018000000000000002,0.0016,0.026099999999999998,0.1321,0.0966,0.044500000000000005,0.041299999999999996,0.0375,0.0209,0.0809,0.0179,0.0649,0.08130000000000001,0.0601,0.0242,0.0031,0.054000000000000006,0.08560000000000001,0.009000000000000001,0.1449,0.0097,-0.09210000000000002,0.0149,0.0292,0.0137,0.077,0.046900000000000004,0.022400000000000003,0.052199999999999996,-0.059699999999999996,0.071,0.0034999999999999996,0.0012,0.020499999999999997,0.0478,0.0726,0.0364,0.0855,0.0499,0.0925,0.08259999999999999,0.0608
2025-02-28,-0.05,0.030899999999999997,0.1137,0.02,0.15439999999999998,0.0359,-0.0018,-0.0345,0.036000000000000004,-0.052199999999999996,-0.017,-0.0053,0.0562,-0.0351,-0.14300000000000002,-0.0594,-0.0713,-0.10980000000000001,0.0382,-0.0664,-0.04,-0.0803,-0.2351,0.0178,-0.1133,-0.0981,-0.0141,-0.036699999999999997,-0.16870000000000002,0.033,0.0202,0.094,0.0051,-0.0208,-0.0354,-0.0695,0.0036,-0.09029999999999999,0.0347,-0.015300000000000001,0.009899999999999999,-0.0039000000000000003,-0.0506,0.0279,-0.0053,0.002,-0.0209,-0.0536,0.0658
2025-03-31,-0.0003,0.016399999999999998,0.0253,-0.0004,0.048,-0.0677,-0.0678,-0.0265,-0.0233,-0.1825,0.029500000000000002,-0.0584,-0.0426,-0.053099999999999994,-0.038599999999999995,-0.0434,-0.0634,-0.0412,-0.081,-0.18489999999999998,-0.057800000000000004,-0.1036,-0.1015,-0.0027,-0.0023,-0.0179,0.13019999999999998,0.0105,-0.0069,0.0391,0.0076,-0.0134,-0.026000000000000002,-0.0495,-0.0998,-0.08460000000000001,-0.10300000000000001,-0.06280000000000001,-0.0246,-0.027200000000000002,-0.08039999999999999,-0.0052,-0.08650000000000001,-0.0728,-0.07690000000000001,0.0412,-0.08449999999999999,-0.0818,0.0143
2025-04-30,-0.0068000000000000005,-0.0179,0.0151,-0.0581,0.0518,-0.0636,0.1412,0.0199,-0.0348,-0.0766,0.0055000000000000005,-0.0034000000000000002,-0.0091,-0.0464,-0.0253,-0.063,-0.016200000000000003,0.0315,0.0032,-0.026699999999999998,-0.0305,-0.022799999999999997,0.06269999999999999,0.0087,0.0246,0.10220000000000001,0.0819,0.0097,-0.0127,-0.1435,-0.0132,-0.049,0.0366,-0.024,-0.0195,0.0368,-0.0079,-0.0548,-0.0797,-0.0144,-0.0273,0.019799999999999998,0.0132,-0.0264,-0.021,-0.0816,-0.0757,-0.0022,0.0005
2025-05-31,0.13019999999999998,-0.0288,0.0029,-0.0344,0.0462,0.0555,0.0653,0.0418,0.040999999999999995,0.1027,0.0368,0.0227,-0.0703,0.0233,0.0438,-0.0271,0.023700000000000002,0.075,0.0397,0.1317,0.0816,0.16510000000000002,0.1977,0.1052,0.06709999999999999,0.0821,0.015300000000000001,0.0401,-0.0166,0.0182,0.034300000000000004,0.038599999999999995,0.0902,0.0467,0.0958,0.12,0.102,0.0197,0.06,0.024900000000000002,0.0727,0.023799999999999998,0.0647,0.0368,0.07440000000000001,-0.0461,0.0127,0.0791,0.004699999999999999
2025-06-30,0.053399999999999996,-0.013600000000000001,-0.0083,-0.0167,0.0075,0.0683,0.1026,0.0361,-0.0391,0.020099999999999996,0.0335,0.0137,0.021,0.0034000000000000002,0.0206,0.045899999999999996,0.0298,0.0917,0.1043,0.0579,0.07400000000000001,0.09390000000000001,-0.0637,0.061,0.044000000000000004,0.0348,0.10779999999999999,0.077,0.0297,0.052300000000000006,0.0101,0.0363,-0.0255,0.0016,0.1247,0.0758,0.11199999999999999,0.0638,-0.0483,0.0177,0.0475,0.0155,0.0275,0.0196,0.065,0.0006,0.1048,0.0851,-0.0158
2025-07-31,-0.0194,-0.0038,-0.0412,0.0338,-0.0584,0.0192,-0.0875,-0.0333,-0.031,0.025099999999999997,-0.0824,-0.0513,0.010700000000000001,-0.0067,0.0388,0.0095,0.053399999999999996,0.0895,0.0342,0.1943,0.0351,0.1308,-0.0144,0.049100000000000005,-0.0338,-0.0565,0.0533,-0.004,0.1253,0.0356,0.0337,-0.0336,-0.0298,0.0008,0.0617,0.0508,0.065,0.0383,-0.0202,-0.0042,-0.0206,0.0014000000000000002,0.0311,-0.025099999999999997,0.008199999999999999,-0.0974,0.10869999999999999,0.0447,-0.0232
2025-08-31,0.0281,0.0013,0.034300000000000004,0.0349,0.0387,0.0641,0.05,0.056900000000000006,0.0327,0.0425,0.1402,0.0245,0.0455,0.0634,0.0506,0.1747,0.054000000000000006,0.0645,0.042199999999999994,0.0078000000000000005,-0.0208,0.0178,0.08199999999999999,0.0032,0.0103,0.0412,0.23420000000000002,0.0733,0.1288,0.043,-0.0159,0.038,-0.009899999999999999,0.0161,0.0342,-0.0139,0.0353,0.0168,0.054000000000000006,0.0199,0.0421,0.0154,0.0085,0.0088,0.051100000000000007,0.07490000000000001,0.0579,-0.0018,0.0447
2025-09-30,-0.0946,-0.0177,-0.0154,-0.071,-0.0209,-0.0302,-0.0169,0.0091,-0.0354,-0.0542,0.037599999999999995,-0.0381,0.0393,-0.0463,0.02,-0.0335,-0.027999999999999997,0.0374,0.0097,-0.0021,0.0907,0.086,0.26489999999999997,0.046799999999999994,0.0373,0.0471,0.1802,0.0709,0.1802,-0.0075,0.0398,-0.0113,0.011000000000000001,-0.045700000000000005,0.056100000000000004,0.060899999999999996,0.0885,0.0336,-0.0392,-0.038900000000000004,0.0049,0.008,-0.0106,-0.0461,0.0013,0.0163,-0.035,0.0296,-0.0075
2025-10-31,-0.0864,-0.054299999999999994,0.0316,0.0337,-0.1153,0.008199999999999999,-0.0636,-0.0803,-0.0304,-0.0604,0.036000000000000004,0.0067,0.0557,-0.0319,0.0043,-0.09570000000000001,-0.012199999999999999,-0.0009,0.11289999999999999,-0.0175,0.085,0.16870000000000002,0.027200000000000002,0.0189,0.0335,0.0336,-0.0368,0.051500000000000004,0.010700000000000001,-0.008199999999999999,0.0044,-0.058499999999999996,-0.1164,-0.0484,0.08289999999999999,0.0184,0.0924,0.1116,-0.054900000000000004,-0.0786,-0.0024,0.0002,0.0285,-0.036000000000000004,-0.001,-0.0636,-0.018799999999999997,-0.0298,-0.0421
2025-11-30,0.0812,0.031400000000000004,0.062,0.0235,0.0782,0.092,-0.015300000000000001,0.0225,0.011399999999999999,0.0392,0.0758,0.0541,0.12990000000000002,0.034,0.049,0.0029,0.0327,0.031,0.049100000000000005,0.016200000000000003,0.0105,-0.07769999999999999,-0.0388,-0.0227,0.009000000000000001,-0.16219999999999998,0.126,0.0046,-0.020499999999999997,0.0246,0.028999999999999998,-0.014499999999999999,-0.032400000000000005,-0.0051,-0.0473,-0.021,-0.0326,0.0278,-0.023399999999999997,0.044500000000000005,0.0055000000000000005,0.0177,-0.0043,0.066,0.013500000000000002,0.033,0.07150000000000001,0.0031,0.061799999999999994
2025-12-31,-0.0073,-0.0345,-0.0235,-0.0199,0.018799999999999997,-0.0159,-0.0821,0.0286,-0.024300000000000002,0.038599999999999995,-0.0553,-0.0275,-0.0072,-0.018600000000000002,-0.0241,-0.0302,-0.002,-0.07200000000000001,0.057300000000000004,0.0218,0.015,-0.0516,0.046,0.0387,0.038,0.1341,0.10039999999999999,0.0528,0.1245,-0.009399999999999999,-0.042699999999999995,0.0371,0.0151,0.0212,-0.0075,-0.0064,-0.0067,-0.0007000000000000001,-0.013999999999999999,0.0377,0.0334,-0.0352,-0.0115,0.0086,0.05,0.013600000000000001,-0.0006,0.0296,-0.0183
2026-01-31,0.0833,0.0623,0.0664,0.0636,0.1066,0.0704,-0.1011,0.0536,0.0767,-0.0144,0.0003,-0.0381,0.0184,0.1036,-0.0341,0.0915,0.0588,0.10189999999999999,0.0805,0.040999999999999995,0.1727,0.19649999999999998,-0.026600000000000002,0.0507,0.1188,0.1747,0.1346,0.2064,0.08070000000000001,0.1393,0.0286,0.034,0.0059,-0.0321,0.0525,-0.042300000000000004,0.0181,0.053200000000000004,0.0121,0.0576,0.0139,0.0721,0.0482,0.0338,-0.0242,-0.048600000000000004,0.0604,0.0263,-0.0159
2026-02-28,0.0935,0.051500000000000004,0.08810000000000001,0.08990000000000001,0.0611,0.0111,0.1153,-0.0252,0.0864,0.0541,0.0747,0.013000000000000001,0.0526,0.0664,0.10039999999999999,0.0447,0.0634,0.11689999999999999,0.0637,0.0438,0.0947,0.005,-0.050199999999999995,0.0506,0.12029999999999999,0.0196,0.16879999999999998,0.1131,-0.12279999999999999,0.08839999999999999,0.099,0.0404,0.0046,-0.0672,0.0496,-0.09140000000000001,-0.0182,0.0215,0.0857,0.0797,0.0346,0.0553,-0.036000000000000004,0.062,-0.0429,-0.015600000000000001,-0.1042,-0.0745,0.057999999999999996
2026-03-31,0.0329,-0.0889,-0.0857,-0.0808,-0.0863,-0.0925,-0.0187,0.059000000000000004,-0.14279999999999998,-0.11460000000000001,-0.0959,-0.1189,-0.057300000000000004,-0.0105,-0.0781,-0.1929,-0.122,-0.08529999999999999,-0.052000000000000005,-0.0347,-0.087,-0.0718,-0.0794,-0.11130000000000001,-0.079,-0.0998,-0.19030000000000002,-0.1672,0.1475,0.1309,-0.020499999999999997,-0.026099999999999998,-0.0661,-0.053200000000000004,-0.0274,-0.0584,-0.0368,-0.0716,-0.13849999999999998,-0.1082,-0.0689,-0.09140000000000001,-0.029500000000000002,-0.0765,-0.0253,-0.054299999999999994,-0.0824,-0.0337,-0.0575
2026-04-30,-0.0298,0.0058,0.0416,0.0322,0.0288,0.0541,-0.0072,0.0177,0.019799999999999998,-0.030699999999999998,0.019299999999999998,-0.044000000000000004,-0.0189,0.0239,0.1024,0.0862,0.057,0.1938,0.1789,0.0582,0.1524,0.28850000000000003,0.0326,0.0155,0.044800000000000006,-0.057999999999999996,0.0177,0.024399999999999998,-0.1105,-0.0416,0.020499999999999997,-0.0226,0.053,0.0417,0.2902,0.14550000000000002,0.2094,0.08349999999999999,-0.0264,-0.0051,0.07719999999999999,0.044199999999999996,0.1375,0.0484,0.084,0.11779999999999999,0.0664,0.08410000000000001,-0.012199999999999999
2026-05-31,-0.032,-0.0087,0.0227,-0.0745,0.037000000000000005,-0.013500000000000002,-0.0454,-0.028399999999999998,-0.0116,0.0248,0.0101,-0.048,0.050199999999999995,-0.0353,0.0194,0.0418,-0.0326,-0.0137,0.11359999999999999,0.0040999999999999995,0.0426,0.0637,0.1278,0.061900000000000004,-0.055099999999999996,0.1999,-0.0038,0.0729,0.028300000000000002,-0.0616,-0.049699999999999994,-0.0146,-0.0168,-0.0033,0.24780000000000002,0.0872,0.1439,0.051500000000000004,0.027000000000000003,-0.0248,0.016,-0.0365,-0.026699999999999998,-0.0279,-0.022799999999999997,-0.011699999999999999,-0.0658,0.0254,0.0058
2026-06-30,0.0836,-0.0154,0.042,-0.02,0.0345,0.027000000000000003,-0.094,-0.030600000000000002,0.0368,-0.0487,0.1036,0.0087,0.08689999999999999,0.0013,0.1335,0.1477,0.14400000000000002,0.0638,-0.0509,0.0765,0.2713,0.034300000000000004,-0.0344,0.0604,0.0105,-0.0828,-0.1505,-0.0575,-0.1315,-0.056900000000000006,0.027999999999999997,-0.0898,0.015600000000000001,0.0172,0.0226,-0.10949999999999999,-0.025,0.1779,0.1069,0.13269999999999998,0.0395,0.0689,-0.0559,0.021400000000000002,0.0833,0.0855,0.10710000000000001,-0.030699999999999998,0.04019999999999999
2026-07-31,-0.061500000000000006,0.046900000000000004,0.058899999999999994,0.013000000000000001,0.022799999999999997,0.0166,0.0006,0.0649,-0.0044,0.0707,0.0398,0.0565,-0.005600000000000001,-0.0115,-0.06309999999999999,0.0045000000000000005,-0.0475,-0.12240000000000001,-0.24170000000000003,-0.056799999999999996,-0.21059999999999998,-0.19640000000000002,-0.20989999999999998,0.0165,0.0824,-0.0405,-0.018799999999999997,-0.010700000000000001,-0.0649,0.14800000000000002,-0.0178,0.0319,0.0318,0.0992,-0.0163,0.0587,-0.051500000000000004,-0.12990000000000002,0.0194,0.023399999999999997,0.0016,0.0192,0.0678,0.0126,0.0425,0.038599999999999995,0.0282,0.0674,0.0262
