name,value,source_table,note
identity_overlap_months,500,M1_signal_audit_identity.csv,
identity_months_not_equal,0,M1_signal_audit_identity.csv,
R2_teamz_on_z_VIX_full,0.08313768426763957,M1_signal_audit_decomposition.csv,
R2_teamz_on_z_EMV_overall_full,0.16809947128282443,M1_signal_audit_decomposition.csv,
R2_teamz_on_z_VIX_and_z_EMV_overall_full,0.16863600008403268,M1_signal_audit_decomposition.csv,
joint_teamz_full_b_zVIX,-0.030327657487622946,M1_signal_audit_decomposition.csv,
joint_teamz_full_t_zVIX,-0.35240842418691065,M1_signal_audit_decomposition.csv,
joint_teamz_full_b_zEMVoverall,0.425468928824239,M1_signal_audit_decomposition.csv,
joint_teamz_full_t_zEMVoverall,5.0653367285800215,M1_signal_audit_decomposition.csv,
joint_teamz_full_n,405,M1_signal_audit_decomposition.csv,
R2_teamz_on_z_VIX_pre_2021-10,0.10186362549643702,M1_signal_audit_decomposition.csv,
R2_teamz_on_z_EMV_overall_pre_2021-10,0.16088372312233645,M1_signal_audit_decomposition.csv,
R2_teamz_on_z_VIX_and_z_EMV_overall_pre_2021-10,0.16101414303480255,M1_signal_audit_decomposition.csv,
joint_teamz_pre_2021-10_b_zVIX,0.015013946681495425,M1_signal_audit_decomposition.csv,
joint_teamz_pre_2021-10_t_zVIX,0.16471731151605848,M1_signal_audit_decomposition.csv,
joint_teamz_pre_2021-10_b_zEMVoverall,0.3631184579754948,M1_signal_audit_decomposition.csv,
joint_teamz_pre_2021-10_t_zEMVoverall,4.086280097077242,M1_signal_audit_decomposition.csv,
joint_teamz_pre_2021-10_n,346,M1_signal_audit_decomposition.csv,
R2_teamz_on_z_VIX_post_2021-10,1.964520835895378e-06,M1_signal_audit_decomposition.csv,
R2_teamz_on_z_EMV_overall_post_2021-10,0.24529678752240258,M1_signal_audit_decomposition.csv,
R2_teamz_on_z_VIX_and_z_EMV_overall_post_2021-10,0.28145188014266453,M1_signal_audit_decomposition.csv,
joint_teamz_post_2021-10_b_zVIX,-0.27938431390261503,M1_signal_audit_decomposition.csv,
joint_teamz_post_2021-10_t_zVIX,-1.9207834341912016,M1_signal_audit_decomposition.csv,
joint_teamz_post_2021-10_b_zEMVoverall,0.6688456626819392,M1_signal_audit_decomposition.csv,
joint_teamz_post_2021-10_t_zEMVoverall,3.8087986758598262,M1_signal_audit_decomposition.csv,
joint_teamz_post_2021-10_n,59,M1_signal_audit_decomposition.csv,
R2_teamz_on_z_VIX_validation,0.021382250800447977,M1_signal_audit_decomposition.csv,
R2_teamz_on_z_EMV_overall_validation,0.12618589087743615,M1_signal_audit_decomposition.csv,
R2_teamz_on_z_VIX_and_z_EMV_overall_validation,0.1657907103126317,M1_signal_audit_decomposition.csv,
joint_teamz_validation_b_zVIX,-0.299888258391817,M1_signal_audit_decomposition.csv,
joint_teamz_validation_t_zVIX,-2.509700292670026,M1_signal_audit_decomposition.csv,
joint_teamz_validation_b_zEMVoverall,0.6218896040104243,M1_signal_audit_decomposition.csv,
joint_teamz_validation_t_zEMVoverall,5.4402427098190955,M1_signal_audit_decomposition.csv,
joint_teamz_validation_n,151,M1_signal_audit_decomposition.csv,
R2_teamz_on_z_VIX_holdout,0.011230021628870879,M1_signal_audit_decomposition.csv,
R2_teamz_on_z_EMV_overall_holdout,0.25010201339281934,M1_signal_audit_decomposition.csv,
R2_teamz_on_z_VIX_and_z_EMV_overall_holdout,0.26700259282779526,M1_signal_audit_decomposition.csv,
joint_teamz_holdout_b_zVIX,-0.2225948885814928,M1_signal_audit_decomposition.csv,
joint_teamz_holdout_t_zVIX,-1.1302297002789103,M1_signal_audit_decomposition.csv,
joint_teamz_holdout_b_zEMVoverall,0.626610978136279,M1_signal_audit_decomposition.csv,
joint_teamz_holdout_t_zEMVoverall,3.2017841269251264,M1_signal_audit_decomposition.csv,
joint_teamz_holdout_n,48,M1_signal_audit_decomposition.csv,
R2_EMVenv_level_on_EMV_overall_full,0.11001062661595984,M1_signal_audit_decomposition.csv,
R2_share_level_on_EMV_overall_full,0.005852612691982895,M1_signal_audit_decomposition.csv,
R2_EMVenv_level_on_VIX_full,0.041952549158915775,M1_signal_audit_decomposition.csv,
R2_share_level_on_VIX_full,0.009036815990089875,M1_signal_audit_decomposition.csv,
R2_EMVenv_level_on_EMV_overall_and_VIX_full,0.1125378686038262,M1_signal_audit_decomposition.csv,
R2_share_level_on_EMV_overall_and_VIX_full,0.00916516231504172,M1_signal_audit_decomposition.csv,
R2_logEMVenv_nonzero_on_log_EMV_overall_full,0.1358075162696747,M1_signal_audit_decomposition.csv,
R2_logEMVenv_nonzero_on_log_VIX_full,0.06568317911739441,M1_signal_audit_decomposition.csv,
R2_logEMVenv_nonzero_on_log_EMV_overall_and_log_VIX_full,0.13695164339116606,M1_signal_audit_decomposition.csv,
decomp_teamz_full_start,1992-12,M1_signal_audit_decomposition.csv,
share_n,500,M1_signal_audit_share_summary.csv,
share_mean_share,0.013571703180969414,M1_signal_audit_share_summary.csv,
share_median_share,0.011869508959381513,M1_signal_audit_share_summary.csv,
share_n_nonzero_post_2021_10,20,M1_signal_audit_share_summary.csv,
share_min_nonzero_share_post_2021_10,0.006191974217068106,M1_signal_audit_share_summary.csv,
share_max_nonzero_share_post_2021_10,0.05381155814360859,M1_signal_audit_share_summary.csv,
corr_EMV_env_EMV_overall_full,0.32036176572441344,M1_signal_audit_decomposition_correlations.csv,
corr_EMV_env_EMV_overall_pre_2021-10,0.32853258875861413,M1_signal_audit_decomposition_correlations.csv,
corr_EMV_env_EMV_overall_post_2021-10,0.43764154908047415,M1_signal_audit_decomposition_correlations.csv,
corr_EMV_env_VIX_full,0.20482321440431484,M1_signal_audit_decomposition_correlations.csv,
corr_EMV_env_VIX_pre_2021-10,0.2450356906521068,M1_signal_audit_decomposition_correlations.csv,
corr_EMV_env_VIX_post_2021-10,0.09293773252760794,M1_signal_audit_decomposition_correlations.csv,
corr_log_EMV_env_nonzero_log_EMV_overall_full,0.36288149257326513,M1_signal_audit_decomposition_correlations.csv,
corr_log_EMV_env_nonzero_log_EMV_overall_pre_2021-10,0.3458255915394067,M1_signal_audit_decomposition_correlations.csv,
corr_log_EMV_env_nonzero_log_EMV_overall_post_2021-10,0.25043908955763694,M1_signal_audit_decomposition_correlations.csv,
corr_log_EMV_env_nonzero_log_VIX_full,0.25628729800244626,M1_signal_audit_decomposition_correlations.csv,
corr_log_EMV_env_nonzero_log_VIX_pre_2021-10,0.2633376189525581,M1_signal_audit_decomposition_correlations.csv,
corr_log_EMV_env_nonzero_log_VIX_post_2021-10,0.01828752732689421,M1_signal_audit_decomposition_correlations.csv,
corr_z_EMV_env_z_VIX_full,0.2883360613375294,M1_signal_audit_decomposition_correlations.csv,
corr_z_EMV_env_z_VIX_pre_2021-10,0.31916081447514316,M1_signal_audit_decomposition_correlations.csv,
corr_z_EMV_env_z_VIX_post_2021-10,-0.0014016136543632774,M1_signal_audit_decomposition_correlations.csv,
corr_z_EMV_env_z_EMV_overall_full,0.39120910508849677,M1_signal_audit_decomposition_correlations.csv,
corr_z_EMV_env_z_EMV_overall_pre_2021-10,0.3797577254912813,M1_signal_audit_decomposition_correlations.csv,
corr_z_EMV_env_z_EMV_overall_post_2021-10,0.495274456763523,M1_signal_audit_decomposition_correlations.csv,
corr_EMV_env_share_VIX_full,-0.09506216907945063,M1_signal_audit_decomposition_correlations.csv,
corr_EMV_env_share_VIX_pre_2021-10,-0.11875213656848213,M1_signal_audit_decomposition_correlations.csv,
corr_EMV_env_share_VIX_post_2021-10,0.028322149220247703,M1_signal_audit_decomposition_correlations.csv,
corr_EMV_env_share_EMV_overall_full,-0.1133124485025286,M1_signal_audit_decomposition_correlations.csv,
corr_EMV_env_share_EMV_overall_pre_2021-10,-0.1443913239200683,M1_signal_audit_decomposition_correlations.csv,
corr_EMV_env_share_EMV_overall_post_2021-10,0.2182934932084848,M1_signal_audit_decomposition_correlations.csv,
corr_z_EMV_env_share_z_VIX_full,-0.05182660871056406,M1_signal_audit_decomposition_correlations.csv,
corr_z_EMV_env_share_z_VIX_pre_2021-10,-0.05929278925057565,M1_signal_audit_decomposition_correlations.csv,
corr_z_EMV_env_share_z_VIX_post_2021-10,-0.06447748672969639,M1_signal_audit_decomposition_correlations.csv,
corr_EMV_overall_VIX_full,0.7223487199504667,M1_signal_audit_decomposition_correlations.csv,
corr_EMV_overall_VIX_pre_2021-10,0.7743090407336731,M1_signal_audit_decomposition_correlations.csv,
corr_EMV_overall_VIX_post_2021-10,0.35287860749659705,M1_signal_audit_decomposition_correlations.csv,
zeros_full_1985,51/500,M1_signal_audit_zero_counts.csv,
zero_share_full_1985,0.102,M1_signal_audit_zero_counts.csv,
zeros_pre_2021-10,12/441,M1_signal_audit_zero_counts.csv,
zero_share_pre_2021-10,0.027210884353741496,M1_signal_audit_zero_counts.csv,
zeros_post_2021-10,39/59,M1_signal_audit_zero_counts.csv,
zero_share_post_2021-10,0.6610169491525424,M1_signal_audit_zero_counts.csv,
zeros_post2010,43/199,M1_signal_audit_zero_counts.csv,
zero_share_post2010,0.21608040201005024,M1_signal_audit_zero_counts.csv,
zeros_validation,12/151,M1_signal_audit_zero_counts.csv,
zero_share_validation,0.07947019867549669,M1_signal_audit_zero_counts.csv,
zeros_holdout,31/48,M1_signal_audit_zero_counts.csv,
zero_share_holdout,0.6458333333333334,M1_signal_audit_zero_counts.csv,
zeros_pre_covid,4/120,M1_signal_audit_zero_counts.csv,
zero_share_pre_covid,0.03333333333333333,M1_signal_audit_zero_counts.csv,
zeros_covid,4/24,M1_signal_audit_zero_counts.csv,
zero_share_covid,0.16666666666666666,M1_signal_audit_zero_counts.csv,
zeros_inflation_rates,25/36,M1_signal_audit_zero_counts.csv,
zero_share_inflation_rates,0.6944444444444444,M1_signal_audit_zero_counts.csv,
zeros_last18,9/18,M1_signal_audit_zero_counts.csv,
zero_share_last18,0.5,M1_signal_audit_zero_counts.csv,
zeros_last12,8/12,M1_signal_audit_zero_counts.csv,
zero_share_last12,0.6666666666666666,M1_signal_audit_zero_counts.csv,
fisher_zero_odds_ratio,69.7125,M1_signal_audit_zero_counts.csv,
fisher_zero_p,1.347955324669806e-32,M1_signal_audit_zero_counts.csv,
zero_share_24m_max_pre2021,0.125,M1_signal_audit_zero_share_24m.csv,
zero_share_24m_max_all,0.7916666666666666,M1_signal_audit_zero_share_24m.csv,
zero_share_24m_argmax,2024-02,M1_signal_audit_zero_share_24m.csv,
team_p80_months_2010_2026-07,34,M1_signal_audit_zero_mechanics.csv,replicates team notebook
mech_threshold_sample_n_zero,50,M1_signal_audit_zero_mechanics.csv,
mech_threshold_sample_n_months,405,M1_signal_audit_zero_mechanics.csv,
mech_threshold_sample_mean_z_zero_months,-1.1795808940431391,M1_signal_audit_zero_mechanics.csv,
mech_threshold_sample_mean_z_nonzero_months,0.1835113448286512,M1_signal_audit_zero_mechanics.csv,
mech_threshold_sample_share_nonzero_months_above_threshold,0.23098591549295774,M1_signal_audit_zero_mechanics.csv,
mech_threshold_sample_share_zero_months_above_threshold,0.0,M1_signal_audit_zero_mechanics.csv,
mech_threshold_sample_n_crossings,50,M1_signal_audit_zero_mechanics.csv,
mech_threshold_sample_n_crossings_prev_month_zero,7,M1_signal_audit_zero_mechanics.csv,
mech_threshold_sample_share_months_in_hold3,0.35555555555555557,M1_signal_audit_zero_mechanics.csv,
mech_threshold_sample_share_months_in_hold6,0.5876543209876544,M1_signal_audit_zero_mechanics.csv,
mech_threshold_sample_mean_threshold,0.7631072261794339,M1_signal_audit_zero_mechanics.csv,
mech_threshold_sample_min_threshold,0.6140841018175687,M1_signal_audit_zero_mechanics.csv,
mech_threshold_sample_max_threshold,0.993078261365925,M1_signal_audit_zero_mechanics.csv,
mech_threshold_sample_n_state_months,82,M1_signal_audit_zero_mechanics.csv,
mech_threshold_sample_n_nonzero_months,355,M1_signal_audit_zero_mechanics.csv,
mech_threshold_sample_n_nonzero_prev_zero,23,M1_signal_audit_zero_mechanics.csv,
mech_threshold_sample_n_state_prev_zero,7,M1_signal_audit_zero_mechanics.csv,
mech_threshold_sample_corr_z_nonzero_dummy,0.4033890944875241,M1_signal_audit_zero_mechanics.csv,
mech_pre_2021-10_n_zero,11,M1_signal_audit_zero_mechanics.csv,
mech_pre_2021-10_n_months,346,M1_signal_audit_zero_mechanics.csv,
mech_pre_2021-10_mean_z_zero_months,-1.6967152523286102,M1_signal_audit_zero_mechanics.csv,
mech_pre_2021-10_mean_z_nonzero_months,0.14150002897198985,M1_signal_audit_zero_mechanics.csv,
mech_pre_2021-10_share_nonzero_months_above_threshold,0.2208955223880597,M1_signal_audit_zero_mechanics.csv,
mech_pre_2021-10_share_zero_months_above_threshold,0.0,M1_signal_audit_zero_mechanics.csv,
mech_pre_2021-10_n_crossings,44,M1_signal_audit_zero_mechanics.csv,
mech_pre_2021-10_n_crossings_prev_month_zero,1,M1_signal_audit_zero_mechanics.csv,
mech_pre_2021-10_share_months_in_hold3,0.3670520231213873,M1_signal_audit_zero_mechanics.csv,
mech_pre_2021-10_share_months_in_hold6,0.5924855491329479,M1_signal_audit_zero_mechanics.csv,
mech_pre_2021-10_mean_threshold,0.7562119966297692,M1_signal_audit_zero_mechanics.csv,
mech_pre_2021-10_min_threshold,0.6140841018175687,M1_signal_audit_zero_mechanics.csv,
mech_pre_2021-10_max_threshold,0.993078261365925,M1_signal_audit_zero_mechanics.csv,
mech_pre_2021-10_n_state_months,74,M1_signal_audit_zero_mechanics.csv,
mech_pre_2021-10_n_nonzero_months,335,M1_signal_audit_zero_mechanics.csv,
mech_pre_2021-10_n_nonzero_prev_zero,10,M1_signal_audit_zero_mechanics.csv,
mech_pre_2021-10_n_state_prev_zero,1,M1_signal_audit_zero_mechanics.csv,
mech_pre_2021-10_corr_z_nonzero_dummy,0.2950475729263268,M1_signal_audit_zero_mechanics.csv,
mech_post_2021-10_n_zero,39,M1_signal_audit_zero_mechanics.csv,
mech_post_2021-10_n_months,59,M1_signal_audit_zero_mechanics.csv,
mech_post_2021-10_mean_z_zero_months,-1.0337224852959552,M1_signal_audit_zero_mechanics.csv,
mech_post_2021-10_mean_z_nonzero_months,0.8872008854277282,M1_signal_audit_zero_mechanics.csv,
mech_post_2021-10_share_nonzero_months_above_threshold,0.4,M1_signal_audit_zero_mechanics.csv,
mech_post_2021-10_share_zero_months_above_threshold,0.0,M1_signal_audit_zero_mechanics.csv,
mech_post_2021-10_n_crossings,6,M1_signal_audit_zero_mechanics.csv,
mech_post_2021-10_n_crossings_prev_month_zero,6,M1_signal_audit_zero_mechanics.csv,
mech_post_2021-10_share_months_in_hold3,0.288135593220339,M1_signal_audit_zero_mechanics.csv,
mech_post_2021-10_share_months_in_hold6,0.559322033898305,M1_signal_audit_zero_mechanics.csv,
mech_post_2021-10_mean_threshold,0.8035436570978072,M1_signal_audit_zero_mechanics.csv,
mech_post_2021-10_min_threshold,0.7976662880478254,M1_signal_audit_zero_mechanics.csv,
mech_post_2021-10_max_threshold,0.8090040836124446,M1_signal_audit_zero_mechanics.csv,
mech_post_2021-10_n_state_months,8,M1_signal_audit_zero_mechanics.csv,
mech_post_2021-10_n_nonzero_months,20,M1_signal_audit_zero_mechanics.csv,
mech_post_2021-10_n_nonzero_prev_zero,13,M1_signal_audit_zero_mechanics.csv,
mech_post_2021-10_n_state_prev_zero,6,M1_signal_audit_zero_mechanics.csv,
mech_post_2021-10_corr_z_nonzero_dummy,0.8006171355035281,M1_signal_audit_zero_mechanics.csv,
mech_validation_n_zero,12,M1_signal_audit_zero_mechanics.csv,
mech_validation_n_months,151,M1_signal_audit_zero_mechanics.csv,
mech_validation_mean_z_zero_months,-1.5613494220038184,M1_signal_audit_zero_mechanics.csv,
mech_validation_mean_z_nonzero_months,0.08117810986857518,M1_signal_audit_zero_mechanics.csv,
mech_validation_share_nonzero_months_above_threshold,0.19424460431654678,M1_signal_audit_zero_mechanics.csv,
mech_validation_share_zero_months_above_threshold,0.0,M1_signal_audit_zero_mechanics.csv,
mech_validation_n_crossings,21,M1_signal_audit_zero_mechanics.csv,
mech_validation_n_crossings_prev_month_zero,2,M1_signal_audit_zero_mechanics.csv,
mech_validation_share_months_in_hold3,0.39072847682119205,M1_signal_audit_zero_mechanics.csv,
mech_validation_share_months_in_hold6,0.6423841059602649,M1_signal_audit_zero_mechanics.csv,
mech_validation_mean_threshold,0.8092432066381867,M1_signal_audit_zero_mechanics.csv,
mech_validation_min_threshold,0.7831614312151967,M1_signal_audit_zero_mechanics.csv,
mech_validation_max_threshold,0.8431143582091452,M1_signal_audit_zero_mechanics.csv,
mech_validation_n_state_months,27,M1_signal_audit_zero_mechanics.csv,
mech_validation_n_nonzero_months,139,M1_signal_audit_zero_mechanics.csv,
mech_validation_n_nonzero_prev_zero,7,M1_signal_audit_zero_mechanics.csv,
mech_validation_n_state_prev_zero,2,M1_signal_audit_zero_mechanics.csv,
mech_validation_corr_z_nonzero_dummy,0.41693727020923194,M1_signal_audit_zero_mechanics.csv,
mech_holdout_n_zero,31,M1_signal_audit_zero_mechanics.csv,
mech_holdout_n_months,48,M1_signal_audit_zero_mechanics.csv,
mech_holdout_mean_z_zero_months,-0.9487724669784385,M1_signal_audit_zero_mechanics.csv,
mech_holdout_mean_z_nonzero_months,0.9481500513631128,M1_signal_audit_zero_mechanics.csv,
mech_holdout_share_nonzero_months_above_threshold,0.4117647058823529,M1_signal_audit_zero_mechanics.csv,
mech_holdout_share_zero_months_above_threshold,0.0,M1_signal_audit_zero_mechanics.csv,
mech_holdout_n_crossings,5,M1_signal_audit_zero_mechanics.csv,
mech_holdout_n_crossings_prev_month_zero,5,M1_signal_audit_zero_mechanics.csv,
mech_holdout_share_months_in_hold3,0.3333333333333333,M1_signal_audit_zero_mechanics.csv,
mech_holdout_share_months_in_hold6,0.6458333333333334,M1_signal_audit_zero_mechanics.csv,
mech_holdout_mean_threshold,0.8029529625925292,M1_signal_audit_zero_mechanics.csv,
mech_holdout_min_threshold,0.7976662880478254,M1_signal_audit_zero_mechanics.csv,
mech_holdout_max_threshold,0.8085595960866667,M1_signal_audit_zero_mechanics.csv,
mech_holdout_n_state_months,7,M1_signal_audit_zero_mechanics.csv,
mech_holdout_n_nonzero_months,17,M1_signal_audit_zero_mechanics.csv,
mech_holdout_n_nonzero_prev_zero,11,M1_signal_audit_zero_mechanics.csv,
mech_holdout_n_state_prev_zero,5,M1_signal_audit_zero_mechanics.csv,
mech_holdout_corr_z_nonzero_dummy,0.786470289474137,M1_signal_audit_zero_mechanics.csv,
window_2019-07_window_zero_share,0.05,M1_signal_audit_zero_window_arithmetic.csv,
window_2019-07_threshold,0.8022602318119573,M1_signal_audit_zero_window_arithmetic.csv,
window_2019-07_z_of_zero_month,-1.5874522753322649,M1_signal_audit_zero_window_arithmetic.csv,
window_2019-07_min_EMV_env_to_cross,0.45224424450661743,M1_signal_audit_zero_window_arithmetic.csv,
window_2019-07_window_median_nonzero_EMV_env,0.2584,M1_signal_audit_zero_window_arithmetic.csv,
window_2019-07_window_min_nonzero_EMV_env,0.05812,M1_signal_audit_zero_window_arithmetic.csv,
window_2019-07_window_mean_log1p,0.2476976659588299,M1_signal_audit_zero_window_arithmetic.csv,
window_2019-07_window_sd_log1p,0.15146068655151923,M1_signal_audit_zero_window_arithmetic.csv,
window_2020-07_window_zero_share,0.03333333333333333,M1_signal_audit_zero_window_arithmetic.csv,
window_2020-07_threshold,0.8099573404757096,M1_signal_audit_zero_window_arithmetic.csv,
window_2020-07_z_of_zero_month,-1.630555157969509,M1_signal_audit_zero_window_arithmetic.csv,
window_2020-07_min_EMV_env_to_cross,0.5151592291775631,M1_signal_audit_zero_window_arithmetic.csv,
window_2020-07_window_median_nonzero_EMV_env,0.293425,M1_signal_audit_zero_window_arithmetic.csv,
window_2020-07_window_min_nonzero_EMV_env,0.09501,M1_signal_audit_zero_window_arithmetic.csv,
window_2020-07_window_mean_log1p,0.27700524993250286,M1_signal_audit_zero_window_arithmetic.csv,
window_2020-07_window_sd_log1p,0.16541845495393132,M1_signal_audit_zero_window_arithmetic.csv,
window_2021-07_window_zero_share,0.03333333333333333,M1_signal_audit_zero_window_arithmetic.csv,
window_2021-07_threshold,0.8095760377304035,M1_signal_audit_zero_window_arithmetic.csv,
window_2021-07_z_of_zero_month,-1.5869072843749203,M1_signal_audit_zero_window_arithmetic.csv,
window_2021-07_min_EMV_env_to_cross,0.5268819726048869,M1_signal_audit_zero_window_arithmetic.csv,
window_2021-07_window_median_nonzero_EMV_env,0.30210499999999996,M1_signal_audit_zero_window_arithmetic.csv,
window_2021-07_window_min_nonzero_EMV_env,0.09501,M1_signal_audit_zero_window_arithmetic.csv,
window_2021-07_window_mean_log1p,0.2790241421585749,M1_signal_audit_zero_window_arithmetic.csv,
window_2021-07_window_sd_log1p,0.17215415546034774,M1_signal_audit_zero_window_arithmetic.csv,
window_2021-09_window_zero_share,0.03333333333333333,M1_signal_audit_zero_window_arithmetic.csv,
window_2021-09_threshold,0.8091947349850976,M1_signal_audit_zero_window_arithmetic.csv,
window_2021-09_z_of_zero_month,-1.5797649825016464,M1_signal_audit_zero_window_arithmetic.csv,
window_2021-09_min_EMV_env_to_cross,0.5258617396044748,M1_signal_audit_zero_window_arithmetic.csv,
window_2021-09_window_median_nonzero_EMV_env,0.306165,M1_signal_audit_zero_window_arithmetic.csv,
window_2021-09_window_min_nonzero_EMV_env,0.09501,M1_signal_audit_zero_window_arithmetic.csv,
window_2021-09_window_mean_log1p,0.2811366082361332,M1_signal_audit_zero_window_arithmetic.csv,
window_2021-09_window_sd_log1p,0.17109241123860022,M1_signal_audit_zero_window_arithmetic.csv,
window_2022-07_window_zero_share,0.13333333333333333,M1_signal_audit_zero_window_arithmetic.csv,
window_2022-07_threshold,0.8042670166755318,M1_signal_audit_zero_window_arithmetic.csv,
window_2022-07_z_of_zero_month,-1.3476019872872143,M1_signal_audit_zero_window_arithmetic.csv,
window_2022-07_min_EMV_env_to_cross,0.5145105459670569,M1_signal_audit_zero_window_arithmetic.csv,
window_2022-07_window_median_nonzero_EMV_env,0.322035,M1_signal_audit_zero_window_arithmetic.csv,
window_2022-07_window_min_nonzero_EMV_env,0.10401,M1_signal_audit_zero_window_arithmetic.csv,
window_2022-07_window_mean_log1p,0.2648175697946022,M1_signal_audit_zero_window_arithmetic.csv,
window_2022-07_window_sd_log1p,0.1897887729269464,M1_signal_audit_zero_window_arithmetic.csv,
window_2023-07_window_zero_share,0.2833333333333333,M1_signal_audit_zero_window_arithmetic.csv,
window_2023-07_threshold,0.8061529886565495,M1_signal_audit_zero_window_arithmetic.csv,
window_2023-07_z_of_zero_month,-1.1344977758880268,M1_signal_audit_zero_window_arithmetic.csv,
window_2023-07_min_EMV_env_to_cross,0.5032023506523886,M1_signal_audit_zero_window_arithmetic.csv,
window_2023-07_window_median_nonzero_EMV_env,0.33921,M1_signal_audit_zero_window_arithmetic.csv,
window_2023-07_window_min_nonzero_EMV_env,0.1063,M1_signal_audit_zero_window_arithmetic.csv,
window_2023-07_window_mean_log1p,0.2348522272611956,M1_signal_audit_zero_window_arithmetic.csv,
window_2023-07_window_sd_log1p,0.2070098613259645,M1_signal_audit_zero_window_arithmetic.csv,
window_2024-07_window_zero_share,0.45,M1_signal_audit_zero_window_arithmetic.csv,
window_2024-07_threshold,0.8022602318119573,M1_signal_audit_zero_window_arithmetic.csv,
window_2024-07_z_of_zero_month,-0.8887292476398572,M1_signal_audit_zero_window_arithmetic.csv,
window_2024-07_min_EMV_env_to_cross,0.44664429348657225,M1_signal_audit_zero_window_arithmetic.csv,
window_2024-07_window_median_nonzero_EMV_env,0.35154,M1_signal_audit_zero_window_arithmetic.csv,
window_2024-07_window_min_nonzero_EMV_env,0.1063,M1_signal_audit_zero_window_arithmetic.csv,
window_2024-07_window_mean_log1p,0.19094514902885557,M1_signal_audit_zero_window_arithmetic.csv,
window_2024-07_window_sd_log1p,0.2148518792826237,M1_signal_audit_zero_window_arithmetic.csv,
window_2025-07_window_zero_share,0.5166666666666667,M1_signal_audit_zero_window_arithmetic.csv,
window_2025-07_threshold,0.8013414801209114,M1_signal_audit_zero_window_arithmetic.csv,
window_2025-07_z_of_zero_month,-0.7063262129506948,M1_signal_audit_zero_window_arithmetic.csv,
window_2025-07_min_EMV_env_to_cross,0.44651475072506075,M1_signal_audit_zero_window_arithmetic.csv,
window_2025-07_window_median_nonzero_EMV_env,0.34306,M1_signal_audit_zero_window_arithmetic.csv,
window_2025-07_window_min_nonzero_EMV_env,0.12134,M1_signal_audit_zero_window_arithmetic.csv,
window_2025-07_window_mean_log1p,0.17306659721581644,M1_signal_audit_zero_window_arithmetic.csv,
window_2025-07_window_sd_log1p,0.23958276587633145,M1_signal_audit_zero_window_arithmetic.csv,
window_2026-07_window_zero_share,0.6333333333333333,M1_signal_audit_zero_window_arithmetic.csv,
window_2026-07_threshold,0.799871403291677,M1_signal_audit_zero_window_arithmetic.csv,
window_2026-07_z_of_zero_month,-0.5877658448469638,M1_signal_audit_zero_window_arithmetic.csv,
window_2026-07_min_EMV_env_to_cross,0.40572571008948655,M1_signal_audit_zero_window_arithmetic.csv,
window_2026-07_window_median_nonzero_EMV_env,0.380815,M1_signal_audit_zero_window_arithmetic.csv,
window_2026-07_window_min_nonzero_EMV_env,0.15762,M1_signal_audit_zero_window_arithmetic.csv,
window_2026-07_window_mean_log1p,0.1416361002163603,M1_signal_audit_zero_window_arithmetic.csv,
window_2026-07_window_sd_log1p,0.2409736827311529,M1_signal_audit_zero_window_arithmetic.csv,
cf_team_validation_tail_n_state,1,M1_signal_audit_zero_counterfactual_summary.csv,
cf_team_validation_tail_n_crossings,1,M1_signal_audit_zero_counterfactual_summary.csv,
cf_team_validation_tail_crossing_months,2022-07,M1_signal_audit_zero_counterfactual_summary.csv,
cf_team_validation_tail_n_state_months_differ_from_team,0,M1_signal_audit_zero_counterfactual_summary.csv,
cf_team_validation_tail_n_crossing_months_differ_from_team,0,M1_signal_audit_zero_counterfactual_summary.csv,
cf_team_validation_tail_share_months_in_hold6,0.2,M1_signal_audit_zero_counterfactual_summary.csv,
cf_team_holdout_n_state,7,M1_signal_audit_zero_counterfactual_summary.csv,
cf_team_holdout_n_crossings,5,M1_signal_audit_zero_counterfactual_summary.csv,
cf_team_holdout_crossing_months,2023-04 2024-06 2025-02 2025-09 2025-11,M1_signal_audit_zero_counterfactual_summary.csv,
cf_team_holdout_n_state_months_differ_from_team,0,M1_signal_audit_zero_counterfactual_summary.csv,
cf_team_holdout_n_crossing_months_differ_from_team,0,M1_signal_audit_zero_counterfactual_summary.csv,
cf_team_holdout_share_months_in_hold6,0.6458333333333334,M1_signal_audit_zero_counterfactual_summary.csv,
cf_team_post_2021-10_n_state,8,M1_signal_audit_zero_counterfactual_summary.csv,
cf_team_post_2021-10_n_crossings,6,M1_signal_audit_zero_counterfactual_summary.csv,
cf_team_post_2021-10_crossing_months,2022-07 2023-04 2024-06 2025-02 2025-09 2025-11,M1_signal_audit_zero_counterfactual_summary.csv,
cf_team_post_2021-10_n_state_months_differ_from_team,0,M1_signal_audit_zero_counterfactual_summary.csv,
cf_team_post_2021-10_n_crossing_months_differ_from_team,0,M1_signal_audit_zero_counterfactual_summary.csv,
cf_team_post_2021-10_share_months_in_hold6,0.559322033898305,M1_signal_audit_zero_counterfactual_summary.csv,
cf_team_validation_n_state,27,M1_signal_audit_zero_counterfactual_summary.csv,
cf_team_validation_n_crossings,21,M1_signal_audit_zero_counterfactual_summary.csv,
cf_team_validation_crossing_months,2010-04 2010-07 2011-08 2012-10 2013-03 2015-01 2015-07 2015-09 2016-01 2016-11 2017-12 2018-05 2018-10 2018-12 2019-04 2019-09 2019-12 2020-05 2020-10 2021-05 2022-07,M1_signal_audit_zero_counterfactual_summary.csv,
cf_team_validation_n_state_months_differ_from_team,0,M1_signal_audit_zero_counterfactual_summary.csv,
cf_team_validation_n_crossing_months_differ_from_team,0,M1_signal_audit_zero_counterfactual_summary.csv,
cf_team_validation_share_months_in_hold6,0.6423841059602649,M1_signal_audit_zero_counterfactual_summary.csv,
cf_frozen_2021-09_scaling_validation_tail_n_state,1,M1_signal_audit_zero_counterfactual_summary.csv,
cf_frozen_2021-09_scaling_validation_tail_n_crossings,1,M1_signal_audit_zero_counterfactual_summary.csv,
cf_frozen_2021-09_scaling_validation_tail_crossing_months,2022-07,M1_signal_audit_zero_counterfactual_summary.csv,
cf_frozen_2021-09_scaling_validation_tail_n_state_months_differ_from_team,0,M1_signal_audit_zero_counterfactual_summary.csv,
cf_frozen_2021-09_scaling_validation_tail_n_crossing_months_differ_from_team,0,M1_signal_audit_zero_counterfactual_summary.csv,
cf_frozen_2021-09_scaling_validation_tail_share_months_in_hold6,0.2,M1_signal_audit_zero_counterfactual_summary.csv,
cf_frozen_2021-09_scaling_holdout_n_state,7,M1_signal_audit_zero_counterfactual_summary.csv,
cf_frozen_2021-09_scaling_holdout_n_crossings,5,M1_signal_audit_zero_counterfactual_summary.csv,
cf_frozen_2021-09_scaling_holdout_crossing_months,2023-04 2024-06 2025-02 2025-09 2025-11,M1_signal_audit_zero_counterfactual_summary.csv,
cf_frozen_2021-09_scaling_holdout_n_state_months_differ_from_team,0,M1_signal_audit_zero_counterfactual_summary.csv,
cf_frozen_2021-09_scaling_holdout_n_crossing_months_differ_from_team,0,M1_signal_audit_zero_counterfactual_summary.csv,
cf_frozen_2021-09_scaling_holdout_share_months_in_hold6,0.6458333333333334,M1_signal_audit_zero_counterfactual_summary.csv,
cf_frozen_2021-09_scaling_post_2021-10_n_state,8,M1_signal_audit_zero_counterfactual_summary.csv,
cf_frozen_2021-09_scaling_post_2021-10_n_crossings,6,M1_signal_audit_zero_counterfactual_summary.csv,
cf_frozen_2021-09_scaling_post_2021-10_crossing_months,2022-07 2023-04 2024-06 2025-02 2025-09 2025-11,M1_signal_audit_zero_counterfactual_summary.csv,
cf_frozen_2021-09_scaling_post_2021-10_n_state_months_differ_from_team,0,M1_signal_audit_zero_counterfactual_summary.csv,
cf_frozen_2021-09_scaling_post_2021-10_n_crossing_months_differ_from_team,0,M1_signal_audit_zero_counterfactual_summary.csv,
cf_frozen_2021-09_scaling_post_2021-10_share_months_in_hold6,0.559322033898305,M1_signal_audit_zero_counterfactual_summary.csv,
cf_frozen_2021-09_scaling_validation_n_state,27,M1_signal_audit_zero_counterfactual_summary.csv,
cf_frozen_2021-09_scaling_validation_n_crossings,21,M1_signal_audit_zero_counterfactual_summary.csv,
cf_frozen_2021-09_scaling_validation_crossing_months,2010-04 2010-07 2011-08 2012-10 2013-03 2015-01 2015-07 2015-09 2016-01 2016-11 2017-12 2018-05 2018-10 2018-12 2019-04 2019-09 2019-12 2020-05 2020-10 2021-05 2022-07,M1_signal_audit_zero_counterfactual_summary.csv,
cf_frozen_2021-09_scaling_validation_n_state_months_differ_from_team,0,M1_signal_audit_zero_counterfactual_summary.csv,
cf_frozen_2021-09_scaling_validation_n_crossing_months_differ_from_team,0,M1_signal_audit_zero_counterfactual_summary.csv,
cf_frozen_2021-09_scaling_validation_share_months_in_hold6,0.6423841059602649,M1_signal_audit_zero_counterfactual_summary.csv,
cf_zeros_missing_60m_calendar_validation_tail_n_state,1,M1_signal_audit_zero_counterfactual_summary.csv,
cf_zeros_missing_60m_calendar_validation_tail_n_crossings,1,M1_signal_audit_zero_counterfactual_summary.csv,
cf_zeros_missing_60m_calendar_validation_tail_crossing_months,2022-07,M1_signal_audit_zero_counterfactual_summary.csv,
cf_zeros_missing_60m_calendar_validation_tail_n_state_months_differ_from_team,0,M1_signal_audit_zero_counterfactual_summary.csv,
cf_zeros_missing_60m_calendar_validation_tail_n_crossing_months_differ_from_team,0,M1_signal_audit_zero_counterfactual_summary.csv,
cf_zeros_missing_60m_calendar_validation_tail_share_months_in_hold6,0.2,M1_signal_audit_zero_counterfactual_summary.csv,
cf_zeros_missing_60m_calendar_holdout_n_state,6,M1_signal_audit_zero_counterfactual_summary.csv,
cf_zeros_missing_60m_calendar_holdout_n_crossings,5,M1_signal_audit_zero_counterfactual_summary.csv,
cf_zeros_missing_60m_calendar_holdout_crossing_months,2023-04 2024-06 2025-02 2025-09 2025-11,M1_signal_audit_zero_counterfactual_summary.csv,
cf_zeros_missing_60m_calendar_holdout_n_state_months_differ_from_team,1,M1_signal_audit_zero_counterfactual_summary.csv,
cf_zeros_missing_60m_calendar_holdout_n_crossing_months_differ_from_team,0,M1_signal_audit_zero_counterfactual_summary.csv,
cf_zeros_missing_60m_calendar_holdout_share_months_in_hold6,0.6458333333333334,M1_signal_audit_zero_counterfactual_summary.csv,
cf_zeros_missing_60m_calendar_post_2021-10_n_state,7,M1_signal_audit_zero_counterfactual_summary.csv,
cf_zeros_missing_60m_calendar_post_2021-10_n_crossings,6,M1_signal_audit_zero_counterfactual_summary.csv,
cf_zeros_missing_60m_calendar_post_2021-10_crossing_months,2022-07 2023-04 2024-06 2025-02 2025-09 2025-11,M1_signal_audit_zero_counterfactual_summary.csv,
cf_zeros_missing_60m_calendar_post_2021-10_n_state_months_differ_from_team,1,M1_signal_audit_zero_counterfactual_summary.csv,
cf_zeros_missing_60m_calendar_post_2021-10_n_crossing_months_differ_from_team,0,M1_signal_audit_zero_counterfactual_summary.csv,
cf_zeros_missing_60m_calendar_post_2021-10_share_months_in_hold6,0.559322033898305,M1_signal_audit_zero_counterfactual_summary.csv,
cf_zeros_missing_60m_calendar_validation_n_state,26,M1_signal_audit_zero_counterfactual_summary.csv,
cf_zeros_missing_60m_calendar_validation_n_crossings,20,M1_signal_audit_zero_counterfactual_summary.csv,
cf_zeros_missing_60m_calendar_validation_crossing_months,2010-04 2010-07 2011-08 2012-10 2013-03 2015-01 2015-09 2016-01 2016-11 2017-12 2018-05 2018-10 2018-12 2019-04 2019-09 2019-12 2020-05 2020-10 2021-05 2022-07,M1_signal_audit_zero_counterfactual_summary.csv,
cf_zeros_missing_60m_calendar_validation_n_state_months_differ_from_team,1,M1_signal_audit_zero_counterfactual_summary.csv,
cf_zeros_missing_60m_calendar_validation_n_crossing_months_differ_from_team,1,M1_signal_audit_zero_counterfactual_summary.csv,
cf_zeros_missing_60m_calendar_validation_share_months_in_hold6,0.6291390728476821,M1_signal_audit_zero_counterfactual_summary.csv,
cf_zeros_missing_last60_nonzero_validation_tail_n_state,1,M1_signal_audit_zero_counterfactual_summary.csv,
cf_zeros_missing_last60_nonzero_validation_tail_n_crossings,1,M1_signal_audit_zero_counterfactual_summary.csv,
cf_zeros_missing_last60_nonzero_validation_tail_crossing_months,2022-07,M1_signal_audit_zero_counterfactual_summary.csv,
cf_zeros_missing_last60_nonzero_validation_tail_n_state_months_differ_from_team,0,M1_signal_audit_zero_counterfactual_summary.csv,
cf_zeros_missing_last60_nonzero_validation_tail_n_crossing_months_differ_from_team,0,M1_signal_audit_zero_counterfactual_summary.csv,
cf_zeros_missing_last60_nonzero_validation_tail_share_months_in_hold6,0.2,M1_signal_audit_zero_counterfactual_summary.csv,
cf_zeros_missing_last60_nonzero_holdout_n_state,7,M1_signal_audit_zero_counterfactual_summary.csv,
cf_zeros_missing_last60_nonzero_holdout_n_crossings,5,M1_signal_audit_zero_counterfactual_summary.csv,
cf_zeros_missing_last60_nonzero_holdout_crossing_months,2023-04 2024-06 2025-02 2025-09 2025-11,M1_signal_audit_zero_counterfactual_summary.csv,
cf_zeros_missing_last60_nonzero_holdout_n_state_months_differ_from_team,0,M1_signal_audit_zero_counterfactual_summary.csv,
cf_zeros_missing_last60_nonzero_holdout_n_crossing_months_differ_from_team,0,M1_signal_audit_zero_counterfactual_summary.csv,
cf_zeros_missing_last60_nonzero_holdout_share_months_in_hold6,0.6458333333333334,M1_signal_audit_zero_counterfactual_summary.csv,
cf_zeros_missing_last60_nonzero_post_2021-10_n_state,8,M1_signal_audit_zero_counterfactual_summary.csv,
cf_zeros_missing_last60_nonzero_post_2021-10_n_crossings,6,M1_signal_audit_zero_counterfactual_summary.csv,
cf_zeros_missing_last60_nonzero_post_2021-10_crossing_months,2022-07 2023-04 2024-06 2025-02 2025-09 2025-11,M1_signal_audit_zero_counterfactual_summary.csv,
cf_zeros_missing_last60_nonzero_post_2021-10_n_state_months_differ_from_team,0,M1_signal_audit_zero_counterfactual_summary.csv,
cf_zeros_missing_last60_nonzero_post_2021-10_n_crossing_months_differ_from_team,0,M1_signal_audit_zero_counterfactual_summary.csv,
cf_zeros_missing_last60_nonzero_post_2021-10_share_months_in_hold6,0.559322033898305,M1_signal_audit_zero_counterfactual_summary.csv,
cf_zeros_missing_last60_nonzero_validation_n_state,26,M1_signal_audit_zero_counterfactual_summary.csv,
cf_zeros_missing_last60_nonzero_validation_n_crossings,20,M1_signal_audit_zero_counterfactual_summary.csv,
cf_zeros_missing_last60_nonzero_validation_crossing_months,2010-04 2010-07 2011-08 2012-10 2013-03 2015-01 2015-09 2016-01 2016-11 2017-12 2018-05 2018-10 2018-12 2019-04 2019-09 2019-12 2020-05 2020-10 2021-05 2022-07,M1_signal_audit_zero_counterfactual_summary.csv,
cf_zeros_missing_last60_nonzero_validation_n_state_months_differ_from_team,1,M1_signal_audit_zero_counterfactual_summary.csv,
cf_zeros_missing_last60_nonzero_validation_n_crossing_months_differ_from_team,1,M1_signal_audit_zero_counterfactual_summary.csv,
cf_zeros_missing_last60_nonzero_validation_share_months_in_hold6,0.6291390728476821,M1_signal_audit_zero_counterfactual_summary.csv,
cf_frozen_2021-09_scaling_team_threshold_validation_tail_n_state,1,M1_signal_audit_zero_counterfactual_summary.csv,
cf_frozen_2021-09_scaling_team_threshold_validation_tail_n_crossings,1,M1_signal_audit_zero_counterfactual_summary.csv,
cf_frozen_2021-09_scaling_team_threshold_validation_tail_crossing_months,2022-07,M1_signal_audit_zero_counterfactual_summary.csv,
cf_frozen_2021-09_scaling_team_threshold_validation_tail_n_state_months_differ_from_team,0,M1_signal_audit_zero_counterfactual_summary.csv,
cf_frozen_2021-09_scaling_team_threshold_validation_tail_n_crossing_months_differ_from_team,0,M1_signal_audit_zero_counterfactual_summary.csv,
cf_frozen_2021-09_scaling_team_threshold_validation_tail_share_months_in_hold6,0.2,M1_signal_audit_zero_counterfactual_summary.csv,
cf_frozen_2021-09_scaling_team_threshold_holdout_n_state,7,M1_signal_audit_zero_counterfactual_summary.csv,
cf_frozen_2021-09_scaling_team_threshold_holdout_n_crossings,5,M1_signal_audit_zero_counterfactual_summary.csv,
cf_frozen_2021-09_scaling_team_threshold_holdout_crossing_months,2023-04 2024-06 2025-02 2025-09 2025-11,M1_signal_audit_zero_counterfactual_summary.csv,
cf_frozen_2021-09_scaling_team_threshold_holdout_n_state_months_differ_from_team,0,M1_signal_audit_zero_counterfactual_summary.csv,
cf_frozen_2021-09_scaling_team_threshold_holdout_n_crossing_months_differ_from_team,0,M1_signal_audit_zero_counterfactual_summary.csv,
cf_frozen_2021-09_scaling_team_threshold_holdout_share_months_in_hold6,0.6458333333333334,M1_signal_audit_zero_counterfactual_summary.csv,
cf_frozen_2021-09_scaling_team_threshold_post_2021-10_n_state,8,M1_signal_audit_zero_counterfactual_summary.csv,
cf_frozen_2021-09_scaling_team_threshold_post_2021-10_n_crossings,6,M1_signal_audit_zero_counterfactual_summary.csv,
cf_frozen_2021-09_scaling_team_threshold_post_2021-10_crossing_months,2022-07 2023-04 2024-06 2025-02 2025-09 2025-11,M1_signal_audit_zero_counterfactual_summary.csv,
cf_frozen_2021-09_scaling_team_threshold_post_2021-10_n_state_months_differ_from_team,0,M1_signal_audit_zero_counterfactual_summary.csv,
cf_frozen_2021-09_scaling_team_threshold_post_2021-10_n_crossing_months_differ_from_team,0,M1_signal_audit_zero_counterfactual_summary.csv,
cf_frozen_2021-09_scaling_team_threshold_post_2021-10_share_months_in_hold6,0.559322033898305,M1_signal_audit_zero_counterfactual_summary.csv,
cf_frozen_2021-09_scaling_team_threshold_validation_n_state,27,M1_signal_audit_zero_counterfactual_summary.csv,
cf_frozen_2021-09_scaling_team_threshold_validation_n_crossings,21,M1_signal_audit_zero_counterfactual_summary.csv,
cf_frozen_2021-09_scaling_team_threshold_validation_crossing_months,2010-04 2010-07 2011-08 2012-10 2013-03 2015-01 2015-07 2015-09 2016-01 2016-11 2017-12 2018-05 2018-10 2018-12 2019-04 2019-09 2019-12 2020-05 2020-10 2021-05 2022-07,M1_signal_audit_zero_counterfactual_summary.csv,
cf_frozen_2021-09_scaling_team_threshold_validation_n_state_months_differ_from_team,0,M1_signal_audit_zero_counterfactual_summary.csv,
cf_frozen_2021-09_scaling_team_threshold_validation_n_crossing_months_differ_from_team,0,M1_signal_audit_zero_counterfactual_summary.csv,
cf_frozen_2021-09_scaling_team_threshold_validation_share_months_in_hold6,0.6423841059602649,M1_signal_audit_zero_counterfactual_summary.csv,
cf_frozen_window_mean_log1p,0.2811366082361332,M1_signal_audit_zero_counterfactual_months.csv,
cf_frozen_window_sd_log1p,0.17109241123860022,M1_signal_audit_zero_counterfactual_months.csv,
cf_holdout_entry_readings_min,0.63768,M1_signal_audit_zero_counterfactual_holdout_nonzero.csv,
cf_holdout_entry_readings_max,0.94006,M1_signal_audit_zero_counterfactual_holdout_nonzero.csv,
cf_holdout_nonzero_after_zero,11,M1_signal_audit_zero_counterfactual_holdout_nonzero.csv,
cf_holdout_nonzero_after_zero_no_entry,6,M1_signal_audit_zero_counterfactual_holdout_nonzero.csv,
cf_holdout_nonzero_after_zero_no_entry_min,0.15762,M1_signal_audit_zero_counterfactual_holdout_nonzero.csv,
cf_holdout_nonzero_after_zero_no_entry_max,0.3596,M1_signal_audit_zero_counterfactual_holdout_nonzero.csv,
cf_holdout_readings_between_bars,0,M1_signal_audit_zero_counterfactual_holdout_nonzero.csv,
cf_holdout_bar_team_min,0.36643463551490374,M1_signal_audit_zero_counterfactual_holdout_nonzero.csv,
cf_holdout_bar_team_max,0.5267285696692385,M1_signal_audit_zero_counterfactual_holdout_nonzero.csv,
cf_holdout_bar_frozen_min,0.5183303191078429,M1_signal_audit_zero_counterfactual_holdout_nonzero.csv,
cf_holdout_bar_frozen_max,0.5208157580652342,M1_signal_audit_zero_counterfactual_holdout_nonzero.csv,
baserate_n_nonzero,17,M1_signal_audit_zero_entry_base_rate.csv,
baserate_n_nonzero_prev_zero,11,M1_signal_audit_zero_entry_base_rate.csv,
baserate_n_nonzero_prev_nonzero,6,M1_signal_audit_zero_entry_base_rate.csv,
baserate_base_rate,0.6470588235294118,M1_signal_audit_zero_entry_base_rate.csv,
baserate_n_state_prev_zero,5,M1_signal_audit_zero_entry_base_rate.csv,
baserate_n_state_prev_nonzero,2,M1_signal_audit_zero_entry_base_rate.csv,
baserate_fisher_odds_ratio,1.6666666666666667,M1_signal_audit_zero_entry_base_rate.csv,
baserate_fisher_p,1.0,M1_signal_audit_zero_entry_base_rate.csv,
baserate_n_entries,5,M1_signal_audit_zero_entry_base_rate.csv,
baserate_n_entries_prev_zero,5,M1_signal_audit_zero_entry_base_rate.csv,
baserate_binom_p_one_sided,0.11342761982368649,M1_signal_audit_zero_entry_base_rate.csv,
baserate_binom_p_two_sided,0.16910646635541465,M1_signal_audit_zero_entry_base_rate.csv,
cross_high_VIX_crossing_all_threshold_sample_n_events,50,M1_signal_audit_crossings_vix_summary.csv,
cross_high_VIX_crossing_all_threshold_sample_n_events_flag,31,M1_signal_audit_crossings_vix_summary.csv,
cross_high_VIX_crossing_all_threshold_sample_frac_events_flag,0.62,M1_signal_audit_crossings_vix_summary.csv,
cross_high_VIX_crossing_all_threshold_sample_frac_other_flag,0.4887005649717514,M1_signal_audit_crossings_vix_summary.csv,
cross_high_VIX_crossing_all_threshold_sample_fisher_p,0.09671189663827252,M1_signal_audit_crossings_vix_summary.csv,
cross_high_VIX_crossing_all_threshold_sample_fisher_odds_ratio,1.7070276848189838,M1_signal_audit_crossings_vix_summary.csv,
cross_high_VIX_crossing_all_threshold_sample_p_circular_shift,0.11286089238845144,M1_signal_audit_crossings_vix_summary.csv,
cross_high_VIX_crossing_all_threshold_sample_n_shifts,381,M1_signal_audit_crossings_vix_summary.csv,
cross_high_VIX_crossing_all_threshold_sample_p_lpm_nw12,0.048972515014319894,M1_signal_audit_crossings_vix_summary.csv,
cross_high_VIX_crossing_all_threshold_sample_t_lpm_nw12,1.968830879531,M1_signal_audit_crossings_vix_summary.csv,
cross_high_VIX_crossing_all_threshold_sample_n_months,404,M1_signal_audit_crossings_vix_summary.csv,
cross_high_VIX_crossing_since_2010_n_events,26,M1_signal_audit_crossings_vix_summary.csv,
cross_high_VIX_crossing_since_2010_n_events_flag,13,M1_signal_audit_crossings_vix_summary.csv,
cross_high_VIX_crossing_since_2010_frac_events_flag,0.5,M1_signal_audit_crossings_vix_summary.csv,
cross_high_VIX_crossing_since_2010_frac_other_flag,0.4161849710982659,M1_signal_audit_crossings_vix_summary.csv,
cross_high_VIX_crossing_since_2010_fisher_p,0.5243162115108437,M1_signal_audit_crossings_vix_summary.csv,
cross_high_VIX_crossing_since_2010_fisher_odds_ratio,1.4027777777777777,M1_signal_audit_crossings_vix_summary.csv,
cross_high_VIX_crossing_since_2010_p_circular_shift,0.5340909090909091,M1_signal_audit_crossings_vix_summary.csv,
cross_high_VIX_crossing_since_2010_n_shifts,176,M1_signal_audit_crossings_vix_summary.csv,
cross_high_VIX_crossing_since_2010_p_lpm_nw12,0.3372152709923929,M1_signal_audit_crossings_vix_summary.csv,
cross_high_VIX_crossing_since_2010_t_lpm_nw12,0.959682028149005,M1_signal_audit_crossings_vix_summary.csv,
cross_high_VIX_crossing_since_2010_n_months,199,M1_signal_audit_crossings_vix_summary.csv,
cross_high_VIX_crossing_pre2010_n_events,24,M1_signal_audit_crossings_vix_summary.csv,
cross_high_VIX_crossing_pre2010_n_events_flag,18,M1_signal_audit_crossings_vix_summary.csv,
cross_high_VIX_crossing_pre2010_frac_events_flag,0.75,M1_signal_audit_crossings_vix_summary.csv,
cross_high_VIX_crossing_pre2010_frac_other_flag,0.5611111111111111,M1_signal_audit_crossings_vix_summary.csv,
cross_high_VIX_crossing_pre2010_fisher_p,0.08336420930168645,M1_signal_audit_crossings_vix_summary.csv,
cross_high_VIX_crossing_pre2010_fisher_odds_ratio,2.3465346534653464,M1_signal_audit_crossings_vix_summary.csv,
cross_high_VIX_crossing_pre2010_p_circular_shift,0.20994475138121546,M1_signal_audit_crossings_vix_summary.csv,
cross_high_VIX_crossing_pre2010_n_shifts,181,M1_signal_audit_crossings_vix_summary.csv,
cross_high_VIX_crossing_pre2010_p_lpm_nw12,0.07134198038465853,M1_signal_audit_crossings_vix_summary.csv,
cross_high_VIX_crossing_pre2010_t_lpm_nw12,1.8032944717600599,M1_signal_audit_crossings_vix_summary.csv,
cross_high_VIX_crossing_pre2010_n_months,204,M1_signal_audit_crossings_vix_summary.csv,
cross_high_VIX_crossing_validation_n_events,21,M1_signal_audit_crossings_vix_summary.csv,
cross_high_VIX_crossing_validation_n_events_flag,11,M1_signal_audit_crossings_vix_summary.csv,
cross_high_VIX_crossing_validation_frac_events_flag,0.5238095238095238,M1_signal_audit_crossings_vix_summary.csv,
cross_high_VIX_crossing_validation_frac_other_flag,0.4,M1_signal_audit_crossings_vix_summary.csv,
cross_high_VIX_crossing_validation_fisher_p,0.3428288592001135,M1_signal_audit_crossings_vix_summary.csv,
cross_high_VIX_crossing_validation_fisher_odds_ratio,1.65,M1_signal_audit_crossings_vix_summary.csv,
cross_high_VIX_crossing_validation_p_circular_shift,0.328125,M1_signal_audit_crossings_vix_summary.csv,
cross_high_VIX_crossing_validation_n_shifts,128,M1_signal_audit_crossings_vix_summary.csv,
cross_high_VIX_crossing_validation_p_lpm_nw12,0.19806214305660974,M1_signal_audit_crossings_vix_summary.csv,
cross_high_VIX_crossing_validation_t_lpm_nw12,1.2870922308517827,M1_signal_audit_crossings_vix_summary.csv,
cross_high_VIX_crossing_validation_n_months,151,M1_signal_audit_crossings_vix_summary.csv,
cross_high_VIX_crossing_holdout_n_events,5,M1_signal_audit_crossings_vix_summary.csv,
cross_high_VIX_crossing_holdout_n_events_flag,2,M1_signal_audit_crossings_vix_summary.csv,
cross_high_VIX_crossing_holdout_frac_events_flag,0.4,M1_signal_audit_crossings_vix_summary.csv,
cross_high_VIX_crossing_holdout_frac_other_flag,0.46511627906976744,M1_signal_audit_crossings_vix_summary.csv,
cross_high_VIX_crossing_holdout_fisher_p,1.0,M1_signal_audit_crossings_vix_summary.csv,
cross_high_VIX_crossing_holdout_fisher_odds_ratio,0.7666666666666667,M1_signal_audit_crossings_vix_summary.csv,
cross_high_VIX_crossing_holdout_p_circular_shift,1.0,M1_signal_audit_crossings_vix_summary.csv,
cross_high_VIX_crossing_holdout_n_shifts,25,M1_signal_audit_crossings_vix_summary.csv,
cross_high_VIX_crossing_holdout_p_lpm_nw12,0.7296412809261958,M1_signal_audit_crossings_vix_summary.csv,
cross_high_VIX_crossing_holdout_t_lpm_nw12,-0.34560274742025143,M1_signal_audit_crossings_vix_summary.csv,
cross_high_VIX_crossing_holdout_n_months,48,M1_signal_audit_crossings_vix_summary.csv,
cross_high_VIX_state_all_threshold_sample_n_events,82,M1_signal_audit_crossings_vix_summary.csv,
cross_high_VIX_state_all_threshold_sample_n_events_flag,59,M1_signal_audit_crossings_vix_summary.csv,
cross_high_VIX_state_all_threshold_sample_frac_events_flag,0.7195121951219512,M1_signal_audit_crossings_vix_summary.csv,
cross_high_VIX_state_all_threshold_sample_frac_other_flag,0.4503105590062112,M1_signal_audit_crossings_vix_summary.csv,
cross_high_VIX_state_all_threshold_sample_fisher_p,1.2863213227850397e-05,M1_signal_audit_crossings_vix_summary.csv,
cross_high_VIX_state_all_threshold_sample_fisher_odds_ratio,3.131334332833583,M1_signal_audit_crossings_vix_summary.csv,
cross_high_VIX_state_all_threshold_sample_p_circular_shift,0.0026246719160104987,M1_signal_audit_crossings_vix_summary.csv,
cross_high_VIX_state_all_threshold_sample_n_shifts,381,M1_signal_audit_crossings_vix_summary.csv,
cross_high_VIX_state_all_threshold_sample_p_lpm_nw12,0.0001207604382851521,M1_signal_audit_crossings_vix_summary.csv,
cross_high_VIX_state_all_threshold_sample_t_lpm_nw12,3.844577253499016,M1_signal_audit_crossings_vix_summary.csv,
cross_high_VIX_state_all_threshold_sample_n_months,404,M1_signal_audit_crossings_vix_summary.csv,
cross_high_VIX_state_since_2010_n_events,34,M1_signal_audit_crossings_vix_summary.csv,
cross_high_VIX_state_since_2010_n_events_flag,19,M1_signal_audit_crossings_vix_summary.csv,
cross_high_VIX_state_since_2010_frac_events_flag,0.5588235294117647,M1_signal_audit_crossings_vix_summary.csv,
cross_high_VIX_state_since_2010_frac_other_flag,0.4,M1_signal_audit_crossings_vix_summary.csv,
cross_high_VIX_state_since_2010_fisher_p,0.1268491568116201,M1_signal_audit_crossings_vix_summary.csv,
cross_high_VIX_state_since_2010_fisher_odds_ratio,1.9,M1_signal_audit_crossings_vix_summary.csv,
cross_high_VIX_state_since_2010_p_circular_shift,0.18181818181818182,M1_signal_audit_crossings_vix_summary.csv,
cross_high_VIX_state_since_2010_n_shifts,176,M1_signal_audit_crossings_vix_summary.csv,
cross_high_VIX_state_since_2010_p_lpm_nw12,0.022653264797886076,M1_signal_audit_crossings_vix_summary.csv,
cross_high_VIX_state_since_2010_t_lpm_nw12,2.2792322191402294,M1_signal_audit_crossings_vix_summary.csv,
cross_high_VIX_state_since_2010_n_months,199,M1_signal_audit_crossings_vix_summary.csv,
cross_high_VIX_state_pre2010_n_events,48,M1_signal_audit_crossings_vix_summary.csv,
cross_high_VIX_state_pre2010_n_events_flag,40,M1_signal_audit_crossings_vix_summary.csv,
cross_high_VIX_state_pre2010_frac_events_flag,0.8333333333333334,M1_signal_audit_crossings_vix_summary.csv,
cross_high_VIX_state_pre2010_frac_other_flag,0.5064102564102564,M1_signal_audit_crossings_vix_summary.csv,
cross_high_VIX_state_pre2010_fisher_p,4.652128784473241e-05,M1_signal_audit_crossings_vix_summary.csv,
cross_high_VIX_state_pre2010_fisher_odds_ratio,4.8734177215189876,M1_signal_audit_crossings_vix_summary.csv,
cross_high_VIX_state_pre2010_p_circular_shift,0.15469613259668508,M1_signal_audit_crossings_vix_summary.csv,
cross_high_VIX_state_pre2010_n_shifts,181,M1_signal_audit_crossings_vix_summary.csv,
cross_high_VIX_state_pre2010_p_lpm_nw12,0.0023231536322910274,M1_signal_audit_crossings_vix_summary.csv,
cross_high_VIX_state_pre2010_t_lpm_nw12,3.045472058823376,M1_signal_audit_crossings_vix_summary.csv,
cross_high_VIX_state_pre2010_n_months,204,M1_signal_audit_crossings_vix_summary.csv,
cross_high_VIX_state_validation_n_events,27,M1_signal_audit_crossings_vix_summary.csv,
cross_high_VIX_state_validation_n_events_flag,15,M1_signal_audit_crossings_vix_summary.csv,
cross_high_VIX_state_validation_frac_events_flag,0.5555555555555556,M1_signal_audit_crossings_vix_summary.csv,
cross_high_VIX_state_validation_frac_other_flag,0.3870967741935484,M1_signal_audit_crossings_vix_summary.csv,
cross_high_VIX_state_validation_fisher_p,0.13284935755589708,M1_signal_audit_crossings_vix_summary.csv,
cross_high_VIX_state_validation_fisher_odds_ratio,1.9791666666666667,M1_signal_audit_crossings_vix_summary.csv,
cross_high_VIX_state_validation_p_circular_shift,0.265625,M1_signal_audit_crossings_vix_summary.csv,
cross_high_VIX_state_validation_n_shifts,128,M1_signal_audit_crossings_vix_summary.csv,
cross_high_VIX_state_validation_p_lpm_nw12,0.043739478912193076,M1_signal_audit_crossings_vix_summary.csv,
cross_high_VIX_state_validation_t_lpm_nw12,2.0165788796645843,M1_signal_audit_crossings_vix_summary.csv,
cross_high_VIX_state_validation_n_months,151,M1_signal_audit_crossings_vix_summary.csv,
cross_high_VIX_state_holdout_n_events,7,M1_signal_audit_crossings_vix_summary.csv,
cross_high_VIX_state_holdout_n_events_flag,4,M1_signal_audit_crossings_vix_summary.csv,
cross_high_VIX_state_holdout_frac_events_flag,0.5714285714285714,M1_signal_audit_crossings_vix_summary.csv,
cross_high_VIX_state_holdout_frac_other_flag,0.43902439024390244,M1_signal_audit_crossings_vix_summary.csv,
cross_high_VIX_state_holdout_fisher_p,0.6873110121502007,M1_signal_audit_crossings_vix_summary.csv,
cross_high_VIX_state_holdout_fisher_odds_ratio,1.7037037037037037,M1_signal_audit_crossings_vix_summary.csv,
cross_high_VIX_state_holdout_p_circular_shift,0.64,M1_signal_audit_crossings_vix_summary.csv,
cross_high_VIX_state_holdout_n_shifts,25,M1_signal_audit_crossings_vix_summary.csv,
cross_high_VIX_state_holdout_p_lpm_nw12,0.29098582617733615,M1_signal_audit_crossings_vix_summary.csv,
cross_high_VIX_state_holdout_t_lpm_nw12,1.0559614529112022,M1_signal_audit_crossings_vix_summary.csv,
cross_high_VIX_state_holdout_n_months,48,M1_signal_audit_crossings_vix_summary.csv,
cross_high_EMV_overall_crossing_all_threshold_sample_n_events,50,M1_signal_audit_crossings_vix_summary.csv,
cross_high_EMV_overall_crossing_all_threshold_sample_n_events_flag,44,M1_signal_audit_crossings_vix_summary.csv,
cross_high_EMV_overall_crossing_all_threshold_sample_frac_events_flag,0.88,M1_signal_audit_crossings_vix_summary.csv,
cross_high_EMV_overall_crossing_all_threshold_sample_frac_other_flag,0.6450704225352113,M1_signal_audit_crossings_vix_summary.csv,
cross_high_EMV_overall_crossing_all_threshold_sample_fisher_p,0.0006105368540243307,M1_signal_audit_crossings_vix_summary.csv,
cross_high_EMV_overall_crossing_all_threshold_sample_fisher_odds_ratio,4.034934497816594,M1_signal_audit_crossings_vix_summary.csv,
cross_high_EMV_overall_crossing_all_threshold_sample_p_circular_shift,0.0,M1_signal_audit_crossings_vix_summary.csv,
cross_high_EMV_overall_crossing_all_threshold_sample_n_shifts,382,M1_signal_audit_crossings_vix_summary.csv,
cross_high_EMV_overall_crossing_all_threshold_sample_p_lpm_nw12,0.00025235414143556827,M1_signal_audit_crossings_vix_summary.csv,
cross_high_EMV_overall_crossing_all_threshold_sample_t_lpm_nw12,3.6598589262370247,M1_signal_audit_crossings_vix_summary.csv,
cross_high_EMV_overall_crossing_all_threshold_sample_n_months,405,M1_signal_audit_crossings_vix_summary.csv,
cross_high_EMV_overall_crossing_since_2010_n_events,26,M1_signal_audit_crossings_vix_summary.csv,
cross_high_EMV_overall_crossing_since_2010_n_events_flag,23,M1_signal_audit_crossings_vix_summary.csv,
cross_high_EMV_overall_crossing_since_2010_frac_events_flag,0.8846153846153846,M1_signal_audit_crossings_vix_summary.csv,
cross_high_EMV_overall_crossing_since_2010_frac_other_flag,0.5606936416184971,M1_signal_audit_crossings_vix_summary.csv,
cross_high_EMV_overall_crossing_since_2010_fisher_p,0.0011841118098317306,M1_signal_audit_crossings_vix_summary.csv,
cross_high_EMV_overall_crossing_since_2010_fisher_odds_ratio,6.006872852233677,M1_signal_audit_crossings_vix_summary.csv,
cross_high_EMV_overall_crossing_since_2010_p_circular_shift,0.0,M1_signal_audit_crossings_vix_summary.csv,
cross_high_EMV_overall_crossing_since_2010_n_shifts,176,M1_signal_audit_crossings_vix_summary.csv,
cross_high_EMV_overall_crossing_since_2010_p_lpm_nw12,0.00012484672568281597,M1_signal_audit_crossings_vix_summary.csv,
cross_high_EMV_overall_crossing_since_2010_t_lpm_nw12,3.8364084105850673,M1_signal_audit_crossings_vix_summary.csv,
cross_high_EMV_overall_crossing_since_2010_n_months,199,M1_signal_audit_crossings_vix_summary.csv,
cross_high_EMV_overall_crossing_pre2010_n_events,24,M1_signal_audit_crossings_vix_summary.csv,
cross_high_EMV_overall_crossing_pre2010_n_events_flag,21,M1_signal_audit_crossings_vix_summary.csv,
cross_high_EMV_overall_crossing_pre2010_frac_events_flag,0.875,M1_signal_audit_crossings_vix_summary.csv,
cross_high_EMV_overall_crossing_pre2010_frac_other_flag,0.7237569060773481,M1_signal_audit_crossings_vix_summary.csv,
cross_high_EMV_overall_crossing_pre2010_fisher_p,0.13955348285818617,M1_signal_audit_crossings_vix_summary.csv,
cross_high_EMV_overall_crossing_pre2010_fisher_odds_ratio,2.6717557251908395,M1_signal_audit_crossings_vix_summary.csv,
cross_high_EMV_overall_crossing_pre2010_p_circular_shift,0.13736263736263737,M1_signal_audit_crossings_vix_summary.csv,
cross_high_EMV_overall_crossing_pre2010_n_shifts,182,M1_signal_audit_crossings_vix_summary.csv,
cross_high_EMV_overall_crossing_pre2010_p_lpm_nw12,0.10085912033567009,M1_signal_audit_crossings_vix_summary.csv,
cross_high_EMV_overall_crossing_pre2010_t_lpm_nw12,1.6407028148757519,M1_signal_audit_crossings_vix_summary.csv,
cross_high_EMV_overall_crossing_pre2010_n_months,205,M1_signal_audit_crossings_vix_summary.csv,
cross_high_EMV_overall_crossing_validation_n_events,21,M1_signal_audit_crossings_vix_summary.csv,
cross_high_EMV_overall_crossing_validation_n_events_flag,18,M1_signal_audit_crossings_vix_summary.csv,
cross_high_EMV_overall_crossing_validation_frac_events_flag,0.8571428571428571,M1_signal_audit_crossings_vix_summary.csv,
cross_high_EMV_overall_crossing_validation_frac_other_flag,0.47692307692307695,M1_signal_audit_crossings_vix_summary.csv,
cross_high_EMV_overall_crossing_validation_fisher_p,0.001634192535429565,M1_signal_audit_crossings_vix_summary.csv,
cross_high_EMV_overall_crossing_validation_fisher_odds_ratio,6.580645161290323,M1_signal_audit_crossings_vix_summary.csv,
cross_high_EMV_overall_crossing_validation_p_circular_shift,0.0,M1_signal_audit_crossings_vix_summary.csv,
cross_high_EMV_overall_crossing_validation_n_shifts,128,M1_signal_audit_crossings_vix_summary.csv,
cross_high_EMV_overall_crossing_validation_p_lpm_nw12,0.00014993558779924287,M1_signal_audit_crossings_vix_summary.csv,
cross_high_EMV_overall_crossing_validation_t_lpm_nw12,3.7911761085185907,M1_signal_audit_crossings_vix_summary.csv,
cross_high_EMV_overall_crossing_validation_n_months,151,M1_signal_audit_crossings_vix_summary.csv,
cross_high_EMV_overall_crossing_holdout_n_events,5,M1_signal_audit_crossings_vix_summary.csv,
cross_high_EMV_overall_crossing_holdout_n_events_flag,5,M1_signal_audit_crossings_vix_summary.csv,
cross_high_EMV_overall_crossing_holdout_frac_events_flag,1.0,M1_signal_audit_crossings_vix_summary.csv,
cross_high_EMV_overall_crossing_holdout_frac_other_flag,0.813953488372093,M1_signal_audit_crossings_vix_summary.csv,
cross_high_EMV_overall_crossing_holdout_fisher_p,0.5730197441575795,M1_signal_audit_crossings_vix_summary.csv,
cross_high_EMV_overall_crossing_holdout_fisher_odds_ratio,inf,M1_signal_audit_crossings_vix_summary.csv,
cross_high_EMV_overall_crossing_holdout_p_circular_shift,0.72,M1_signal_audit_crossings_vix_summary.csv,
cross_high_EMV_overall_crossing_holdout_n_shifts,25,M1_signal_audit_crossings_vix_summary.csv,
cross_high_EMV_overall_crossing_holdout_p_lpm_nw12,0.023113511537279852,M1_signal_audit_crossings_vix_summary.csv,
cross_high_EMV_overall_crossing_holdout_t_lpm_nw12,2.271553179339337,M1_signal_audit_crossings_vix_summary.csv,
cross_high_EMV_overall_crossing_holdout_n_months,48,M1_signal_audit_crossings_vix_summary.csv,
cross_high_EMV_overall_state_all_threshold_sample_n_events,82,M1_signal_audit_crossings_vix_summary.csv,
cross_high_EMV_overall_state_all_threshold_sample_n_events_flag,73,M1_signal_audit_crossings_vix_summary.csv,
cross_high_EMV_overall_state_all_threshold_sample_frac_events_flag,0.8902439024390244,M1_signal_audit_crossings_vix_summary.csv,
cross_high_EMV_overall_state_all_threshold_sample_frac_other_flag,0.6191950464396285,M1_signal_audit_crossings_vix_summary.csv,
cross_high_EMV_overall_state_all_threshold_sample_fisher_p,7.735793332316272e-07,M1_signal_audit_crossings_vix_summary.csv,
cross_high_EMV_overall_state_all_threshold_sample_fisher_odds_ratio,4.988333333333333,M1_signal_audit_crossings_vix_summary.csv,
cross_high_EMV_overall_state_all_threshold_sample_p_circular_shift,0.0,M1_signal_audit_crossings_vix_summary.csv,
cross_high_EMV_overall_state_all_threshold_sample_n_shifts,382,M1_signal_audit_crossings_vix_summary.csv,
cross_high_EMV_overall_state_all_threshold_sample_p_lpm_nw12,3.9237031746974465e-05,M1_signal_audit_crossings_vix_summary.csv,
cross_high_EMV_overall_state_all_threshold_sample_t_lpm_nw12,4.111927033479306,M1_signal_audit_crossings_vix_summary.csv,
cross_high_EMV_overall_state_all_threshold_sample_n_months,405,M1_signal_audit_crossings_vix_summary.csv,
cross_high_EMV_overall_state_since_2010_n_events,34,M1_signal_audit_crossings_vix_summary.csv,
cross_high_EMV_overall_state_since_2010_n_events_flag,29,M1_signal_audit_crossings_vix_summary.csv,
cross_high_EMV_overall_state_since_2010_frac_events_flag,0.8529411764705882,M1_signal_audit_crossings_vix_summary.csv,
cross_high_EMV_overall_state_since_2010_frac_other_flag,0.5515151515151515,M1_signal_audit_crossings_vix_summary.csv,
cross_high_EMV_overall_state_since_2010_fisher_p,0.0009289786528956918,M1_signal_audit_crossings_vix_summary.csv,
cross_high_EMV_overall_state_since_2010_fisher_odds_ratio,4.716483516483517,M1_signal_audit_crossings_vix_summary.csv,
cross_high_EMV_overall_state_since_2010_p_circular_shift,0.005681818181818182,M1_signal_audit_crossings_vix_summary.csv,
cross_high_EMV_overall_state_since_2010_n_shifts,176,M1_signal_audit_crossings_vix_summary.csv,
cross_high_EMV_overall_state_since_2010_p_lpm_nw12,0.0009035993680266535,M1_signal_audit_crossings_vix_summary.csv,
cross_high_EMV_overall_state_since_2010_t_lpm_nw12,3.3189397082638314,M1_signal_audit_crossings_vix_summary.csv,
cross_high_EMV_overall_state_since_2010_n_months,199,M1_signal_audit_crossings_vix_summary.csv,
cross_high_EMV_overall_state_pre2010_n_events,48,M1_signal_audit_crossings_vix_summary.csv,
cross_high_EMV_overall_state_pre2010_n_events_flag,44,M1_signal_audit_crossings_vix_summary.csv,
cross_high_EMV_overall_state_pre2010_frac_events_flag,0.9166666666666666,M1_signal_audit_crossings_vix_summary.csv,
cross_high_EMV_overall_state_pre2010_frac_other_flag,0.6878980891719745,M1_signal_audit_crossings_vix_summary.csv,
cross_high_EMV_overall_state_pre2010_fisher_p,0.001175235600368856,M1_signal_audit_crossings_vix_summary.csv,
cross_high_EMV_overall_state_pre2010_fisher_odds_ratio,4.9907407407407405,M1_signal_audit_crossings_vix_summary.csv,
cross_high_EMV_overall_state_pre2010_p_circular_shift,0.12087912087912088,M1_signal_audit_crossings_vix_summary.csv,
cross_high_EMV_overall_state_pre2010_n_shifts,182,M1_signal_audit_crossings_vix_summary.csv,
cross_high_EMV_overall_state_pre2010_p_lpm_nw12,0.01501351185483508,M1_signal_audit_crossings_vix_summary.csv,
cross_high_EMV_overall_state_pre2010_t_lpm_nw12,2.43205296117906,M1_signal_audit_crossings_vix_summary.csv,
cross_high_EMV_overall_state_pre2010_n_months,205,M1_signal_audit_crossings_vix_summary.csv,
cross_high_EMV_overall_state_validation_n_events,27,M1_signal_audit_crossings_vix_summary.csv,
cross_high_EMV_overall_state_validation_n_events_flag,23,M1_signal_audit_crossings_vix_summary.csv,
cross_high_EMV_overall_state_validation_frac_events_flag,0.8518518518518519,M1_signal_audit_crossings_vix_summary.csv,
cross_high_EMV_overall_state_validation_frac_other_flag,0.4596774193548387,M1_signal_audit_crossings_vix_summary.csv,
cross_high_EMV_overall_state_validation_fisher_p,0.0002113297927970097,M1_signal_audit_crossings_vix_summary.csv,
cross_high_EMV_overall_state_validation_fisher_odds_ratio,6.758771929824562,M1_signal_audit_crossings_vix_summary.csv,
cross_high_EMV_overall_state_validation_p_circular_shift,0.0,M1_signal_audit_crossings_vix_summary.csv,
cross_high_EMV_overall_state_validation_n_shifts,128,M1_signal_audit_crossings_vix_summary.csv,
cross_high_EMV_overall_state_validation_p_lpm_nw12,0.00012973618974280695,M1_signal_audit_crossings_vix_summary.csv,
cross_high_EMV_overall_state_validation_t_lpm_nw12,3.826958856049441,M1_signal_audit_crossings_vix_summary.csv,
cross_high_EMV_overall_state_validation_n_months,151,M1_signal_audit_crossings_vix_summary.csv,
cross_high_EMV_overall_state_holdout_n_events,7,M1_signal_audit_crossings_vix_summary.csv,
cross_high_EMV_overall_state_holdout_n_events_flag,6,M1_signal_audit_crossings_vix_summary.csv,
cross_high_EMV_overall_state_holdout_frac_events_flag,0.8571428571428571,M1_signal_audit_crossings_vix_summary.csv,
cross_high_EMV_overall_state_holdout_frac_other_flag,0.8292682926829268,M1_signal_audit_crossings_vix_summary.csv,
cross_high_EMV_overall_state_holdout_fisher_p,1.0,M1_signal_audit_crossings_vix_summary.csv,
cross_high_EMV_overall_state_holdout_fisher_odds_ratio,1.2352941176470589,M1_signal_audit_crossings_vix_summary.csv,
cross_high_EMV_overall_state_holdout_p_circular_shift,1.0,M1_signal_audit_crossings_vix_summary.csv,
cross_high_EMV_overall_state_holdout_n_shifts,25,M1_signal_audit_crossings_vix_summary.csv,
cross_high_EMV_overall_state_holdout_p_lpm_nw12,0.825126453513376,M1_signal_audit_crossings_vix_summary.csv,
cross_high_EMV_overall_state_holdout_t_lpm_nw12,0.22095630772372504,M1_signal_audit_crossings_vix_summary.csv,
cross_high_EMV_overall_state_holdout_n_months,48,M1_signal_audit_crossings_vix_summary.csv,
cross_n_holdout,5,M1_signal_audit_crossings.csv,
cross_n_holdout_prev_zero,5,M1_signal_audit_crossings.csv,
cross_n_validation,21,M1_signal_audit_crossings.csv,
cross_threshold_first_month,1992-12,M1_signal_audit_crossings.csv,
q5prim_MCCC_start,2005-12,M1_signal_audit_q5_primary_robustness.csv,
q5prim_MCCC_end,2025-06,M1_signal_audit_q5_primary_robustness.csv,
q5prim_MCCC_n,235,M1_signal_audit_q5_primary_robustness.csv,
q5prim_MCCC_pearson,-0.00035038761452605257,M1_signal_audit_q5_primary_robustness.csv,
q5prim_MCCC_t_primary,-0.004720830856679354,M1_signal_audit_q5_primary_robustness.csv,
q5prim_MCCC_p_primary,0.996233335936098,M1_signal_audit_q5_primary_robustness.csv,
q5prim_MCCC_holm_p_primary,0.996233335936098,M1_signal_audit_q5_primary_robustness.csv,
q5prim_MCCC_p_reverse_direction,0.9962339836573755,M1_signal_audit_q5_primary_robustness.csv,
q5prim_MCCC_p_slope_nw24,0.9963499234237024,M1_signal_audit_q5_primary_robustness.csv,
q5prim_MCCC_p_hac_direction_free,0.9962175641545719,M1_signal_audit_q5_primary_robustness.csv,
q5prim_MCCC_p_hac_direction_free_nw24,0.9963346234185657,M1_signal_audit_q5_primary_robustness.csv,
q5prim_MCCC_partial_r_given_z_EMV_overall,0.02481626775829884,M1_signal_audit_q5_primary_robustness.csv,
q5prim_MCCC_p_partial_hac,0.7240615559527619,M1_signal_audit_q5_primary_robustness.csv,
q5prim_MCCC_n_partial,235,M1_signal_audit_q5_primary_robustness.csv,
q5prim_CPU_start,1990-03,M1_signal_audit_q5_primary_robustness.csv,
q5prim_CPU_end,2025-09,M1_signal_audit_q5_primary_robustness.csv,
q5prim_CPU_n,427,M1_signal_audit_q5_primary_robustness.csv,
q5prim_CPU_pearson,0.122784557316318,M1_signal_audit_q5_primary_robustness.csv,
q5prim_CPU_t_primary,2.0840242643859432,M1_signal_audit_q5_primary_robustness.csv,
q5prim_CPU_p_primary,0.037157960196353416,M1_signal_audit_q5_primary_robustness.csv,
q5prim_CPU_holm_p_primary,0.07431592039270683,M1_signal_audit_q5_primary_robustness.csv,
q5prim_CPU_p_reverse_direction,0.0483121834713895,M1_signal_audit_q5_primary_robustness.csv,
q5prim_CPU_p_slope_nw24,0.05039464624076699,M1_signal_audit_q5_primary_robustness.csv,
q5prim_CPU_p_hac_direction_free,0.040194769976606363,M1_signal_audit_q5_primary_robustness.csv,
q5prim_CPU_p_hac_direction_free_nw24,0.06141784004247249,M1_signal_audit_q5_primary_robustness.csv,
q5prim_CPU_partial_r_given_z_EMV_overall,0.050569385424538156,M1_signal_audit_q5_primary_robustness.csv,
q5prim_CPU_p_partial_hac,0.3576788930888539,M1_signal_audit_q5_primary_robustness.csv,
q5prim_CPU_n_partial,427,M1_signal_audit_q5_primary_robustness.csv,
corr_EMV_env_level_vs_VIX_overlap,0.20482321440431484,M1_signal_audit_measure_correlations.csv,
corr_EMV_env_level_vs_VIX_overlap_p_hac,0.003510674716071598,M1_signal_audit_measure_correlations.csv,
corr_EMV_env_level_vs_VIX_overlap_t_hac,2.919078796141564,M1_signal_audit_measure_correlations.csv,
corr_EMV_env_level_vs_VIX_overlap_n,440,M1_signal_audit_measure_correlations.csv,
corr_EMV_env_level_vs_VIX_common,0.2232260513083049,M1_signal_audit_measure_correlations.csv,
corr_EMV_env_level_vs_VIX_common_p_hac,0.004945646708784569,M1_signal_audit_measure_correlations.csv,
corr_EMV_env_level_vs_VIX_common_t_hac,2.8105528413385117,M1_signal_audit_measure_correlations.csv,
corr_EMV_env_level_vs_VIX_common_n,233,M1_signal_audit_measure_correlations.csv,
corr_EMV_env_z_vs_VIX_overlap,0.2883360613375294,M1_signal_audit_measure_correlations.csv,
corr_EMV_env_z_vs_VIX_overlap_p_hac,7.433489183436887e-05,M1_signal_audit_measure_correlations.csv,
corr_EMV_env_z_vs_VIX_overlap_t_hac,3.9619667579412834,M1_signal_audit_measure_correlations.csv,
corr_EMV_env_z_vs_VIX_overlap_n,405,M1_signal_audit_measure_correlations.csv,
corr_EMV_env_z_vs_VIX_common,0.32901832557376054,M1_signal_audit_measure_correlations.csv,
corr_EMV_env_z_vs_VIX_common_p_hac,0.0012153803652804268,M1_signal_audit_measure_correlations.csv,
corr_EMV_env_z_vs_VIX_common_t_hac,3.2352458386518794,M1_signal_audit_measure_correlations.csv,
corr_EMV_env_z_vs_VIX_common_n,233,M1_signal_audit_measure_correlations.csv,
corr_EMV_env_shock_vs_VIX_overlap,0.14472315339303854,M1_signal_audit_measure_correlations.csv,
corr_EMV_env_shock_vs_VIX_overlap_p_hac,0.007035481816597233,M1_signal_audit_measure_correlations.csv,
corr_EMV_env_shock_vs_VIX_overlap_t_hac,2.6951600964318727,M1_signal_audit_measure_correlations.csv,
corr_EMV_env_shock_vs_VIX_overlap_n,403,M1_signal_audit_measure_correlations.csv,
corr_EMV_env_shock_vs_VIX_common,0.13639800829897034,M1_signal_audit_measure_correlations.csv,
corr_EMV_env_shock_vs_VIX_common_p_hac,0.042229640625132944,M1_signal_audit_measure_correlations.csv,
corr_EMV_env_shock_vs_VIX_common_t_hac,2.031250000101564,M1_signal_audit_measure_correlations.csv,
corr_EMV_env_shock_vs_VIX_common_n,233,M1_signal_audit_measure_correlations.csv,
corr_EMV_env_shock_vs_RATE_overlap,0.11102625371201896,M1_signal_audit_measure_correlations.csv,
corr_EMV_env_shock_vs_RATE_overlap_p_hac,0.019924136728534346,M1_signal_audit_measure_correlations.csv,
corr_EMV_env_shock_vs_RATE_overlap_t_hac,2.3277734472991893,M1_signal_audit_measure_correlations.csv,
corr_EMV_env_shock_vs_RATE_overlap_n,463,M1_signal_audit_measure_correlations.csv,
corr_EMV_env_shock_vs_Mkt-RF_overlap,-0.13319028218565573,M1_signal_audit_measure_correlations.csv,
corr_EMV_env_shock_vs_Mkt-RF_overlap_p_hac,0.01816839532521182,M1_signal_audit_measure_correlations.csv,
corr_EMV_env_shock_vs_Mkt-RF_overlap_t_hac,-2.362168232462924,M1_signal_audit_measure_correlations.csv,
corr_EMV_env_shock_vs_Mkt-RF_overlap_n,462,M1_signal_audit_measure_correlations.csv,
corr_EMV_overall_level_vs_EMV_env_overlap,0.32036176572441344,M1_signal_audit_measure_correlations.csv,
corr_EMV_overall_level_vs_EMV_env_overlap_p_hac,1.707554095672368e-07,M1_signal_audit_measure_correlations.csv,
corr_EMV_overall_level_vs_EMV_env_overlap_t_hac,5.228646596649951,M1_signal_audit_measure_correlations.csv,
corr_EMV_overall_level_vs_EMV_env_overlap_n,500,M1_signal_audit_measure_correlations.csv,
corr_EMV_overall_level_vs_EMV_env_common,0.3954643956299208,M1_signal_audit_measure_correlations.csv,
corr_EMV_overall_level_vs_EMV_env_common_p_hac,1.6286448441302837e-09,M1_signal_audit_measure_correlations.csv,
corr_EMV_overall_level_vs_EMV_env_common_t_hac,6.031083023332875,M1_signal_audit_measure_correlations.csv,
corr_EMV_overall_level_vs_EMV_env_common_n,233,M1_signal_audit_measure_correlations.csv,
corr_EMV_overall_level_vs_VIX_overlap,0.7223487199504667,M1_signal_audit_measure_correlations.csv,
corr_EMV_overall_level_vs_VIX_overlap_p_hac,9.216917909357482e-68,M1_signal_audit_measure_correlations.csv,
corr_EMV_overall_level_vs_VIX_overlap_t_hac,17.393652317037386,M1_signal_audit_measure_correlations.csv,
corr_EMV_overall_level_vs_VIX_overlap_n,440,M1_signal_audit_measure_correlations.csv,
corr_EMV_overall_level_vs_VIX_common,0.712784424330619,M1_signal_audit_measure_correlations.csv,
corr_EMV_overall_level_vs_VIX_common_p_hac,7.208544856759388e-40,M1_signal_audit_measure_correlations.csv,
corr_EMV_overall_level_vs_VIX_common_t_hac,13.214791851965678,M1_signal_audit_measure_correlations.csv,
corr_EMV_overall_level_vs_VIX_common_n,233,M1_signal_audit_measure_correlations.csv,
corr_EMV_overall_z_vs_EMV_env_overlap,0.39120910508849677,M1_signal_audit_measure_correlations.csv,
corr_EMV_overall_z_vs_EMV_env_overlap_p_hac,9.944668918457894e-13,M1_signal_audit_measure_correlations.csv,
corr_EMV_overall_z_vs_EMV_env_overlap_t_hac,7.131270460713231,M1_signal_audit_measure_correlations.csv,
corr_EMV_overall_z_vs_EMV_env_overlap_n,465,M1_signal_audit_measure_correlations.csv,
corr_EMV_overall_z_vs_EMV_env_common,0.5077134734969445,M1_signal_audit_measure_correlations.csv,
corr_EMV_overall_z_vs_EMV_env_common_p_hac,6.689851702145705e-13,M1_signal_audit_measure_correlations.csv,
corr_EMV_overall_z_vs_EMV_env_common_t_hac,7.185628916480183,M1_signal_audit_measure_correlations.csv,
corr_EMV_overall_z_vs_EMV_env_common_n,233,M1_signal_audit_measure_correlations.csv,
corr_EMV_overall_z_vs_VIX_overlap,0.7411852101644861,M1_signal_audit_measure_correlations.csv,
corr_EMV_overall_z_vs_VIX_overlap_p_hac,7.629157793695952e-79,M1_signal_audit_measure_correlations.csv,
corr_EMV_overall_z_vs_VIX_overlap_t_hac,18.79945827543787,M1_signal_audit_measure_correlations.csv,
corr_EMV_overall_z_vs_VIX_overlap_n,405,M1_signal_audit_measure_correlations.csv,
corr_EMV_overall_z_vs_VIX_common,0.7653294359984549,M1_signal_audit_measure_correlations.csv,
corr_EMV_overall_z_vs_VIX_common_p_hac,4.783268031152155e-75,M1_signal_audit_measure_correlations.csv,
corr_EMV_overall_z_vs_VIX_common_t_hac,18.329838072355702,M1_signal_audit_measure_correlations.csv,
corr_EMV_overall_z_vs_VIX_common_n,233,M1_signal_audit_measure_correlations.csv,
corr_EMV_overall_shock_vs_EMV_env_overlap,0.2333357084060352,M1_signal_audit_measure_correlations.csv,
corr_EMV_overall_shock_vs_EMV_env_overlap_p_hac,2.7231756307198187e-06,M1_signal_audit_measure_correlations.csv,
corr_EMV_overall_shock_vs_EMV_env_overlap_t_hac,4.6906657200558035,M1_signal_audit_measure_correlations.csv,
corr_EMV_overall_shock_vs_EMV_env_overlap_n,463,M1_signal_audit_measure_correlations.csv,
corr_EMV_overall_shock_vs_EMV_env_common,0.27154501503187567,M1_signal_audit_measure_correlations.csv,
corr_EMV_overall_shock_vs_EMV_env_common_p_hac,4.868022694185704e-06,M1_signal_audit_measure_correlations.csv,
corr_EMV_overall_shock_vs_EMV_env_common_t_hac,4.57039651257001,M1_signal_audit_measure_correlations.csv,
corr_EMV_overall_shock_vs_EMV_env_common_n,233,M1_signal_audit_measure_correlations.csv,
corr_EMV_overall_shock_vs_VIX_overlap,0.6427720944244028,M1_signal_audit_measure_correlations.csv,
corr_EMV_overall_shock_vs_VIX_overlap_p_hac,2.90765110528437e-37,M1_signal_audit_measure_correlations.csv,
corr_EMV_overall_shock_vs_VIX_overlap_t_hac,12.755430207277888,M1_signal_audit_measure_correlations.csv,
corr_EMV_overall_shock_vs_VIX_overlap_n,403,M1_signal_audit_measure_correlations.csv,
corr_EMV_overall_shock_vs_VIX_common,0.6695570242871894,M1_signal_audit_measure_correlations.csv,
corr_EMV_overall_shock_vs_VIX_common_p_hac,4.580315223679165e-30,M1_signal_audit_measure_correlations.csv,
corr_EMV_overall_shock_vs_VIX_common_t_hac,11.392059925804311,M1_signal_audit_measure_correlations.csv,
corr_EMV_overall_shock_vs_VIX_common_n,233,M1_signal_audit_measure_correlations.csv,
corr_EMV_overall_shock_vs_RATE_overlap,0.17623609661596115,M1_signal_audit_measure_correlations.csv,
corr_EMV_overall_shock_vs_RATE_overlap_p_hac,0.0009952282102243428,M1_signal_audit_measure_correlations.csv,
corr_EMV_overall_shock_vs_RATE_overlap_t_hac,3.2918722154502436,M1_signal_audit_measure_correlations.csv,
corr_EMV_overall_shock_vs_RATE_overlap_n,463,M1_signal_audit_measure_correlations.csv,
corr_EMV_overall_shock_vs_Mkt-RF_overlap,-0.3398872667711907,M1_signal_audit_measure_correlations.csv,
corr_EMV_overall_shock_vs_Mkt-RF_overlap_p_hac,9.471460918582213e-10,M1_signal_audit_measure_correlations.csv,
corr_EMV_overall_shock_vs_Mkt-RF_overlap_t_hac,-6.118071436036593,M1_signal_audit_measure_correlations.csv,
corr_EMV_overall_shock_vs_Mkt-RF_overlap_n,462,M1_signal_audit_measure_correlations.csv,
corr_VIX_level_vs_EMV_env_overlap,0.2048232144043148,M1_signal_audit_measure_correlations.csv,
corr_VIX_level_vs_EMV_env_overlap_p_hac,0.0035106747160716044,M1_signal_audit_measure_correlations.csv,
corr_VIX_level_vs_EMV_env_overlap_t_hac,2.9190787961415636,M1_signal_audit_measure_correlations.csv,
corr_VIX_level_vs_EMV_env_overlap_n,440,M1_signal_audit_measure_correlations.csv,
corr_VIX_level_vs_EMV_env_common,0.22322605130830486,M1_signal_audit_measure_correlations.csv,
corr_VIX_level_vs_EMV_env_common_p_hac,0.004945646708784578,M1_signal_audit_measure_correlations.csv,
corr_VIX_level_vs_EMV_env_common_t_hac,2.8105528413385112,M1_signal_audit_measure_correlations.csv,
corr_VIX_level_vs_EMV_env_common_n,233,M1_signal_audit_measure_correlations.csv,
corr_VIX_z_vs_EMV_env_overlap,0.2883360613375294,M1_signal_audit_measure_correlations.csv,
corr_VIX_z_vs_EMV_env_overlap_p_hac,7.433489183436887e-05,M1_signal_audit_measure_correlations.csv,
corr_VIX_z_vs_EMV_env_overlap_t_hac,3.9619667579412834,M1_signal_audit_measure_correlations.csv,
corr_VIX_z_vs_EMV_env_overlap_n,405,M1_signal_audit_measure_correlations.csv,
corr_VIX_z_vs_EMV_env_common,0.32901832557376054,M1_signal_audit_measure_correlations.csv,
corr_VIX_z_vs_EMV_env_common_p_hac,0.0012153803652804268,M1_signal_audit_measure_correlations.csv,
corr_VIX_z_vs_EMV_env_common_t_hac,3.2352458386518794,M1_signal_audit_measure_correlations.csv,
corr_VIX_z_vs_EMV_env_common_n,233,M1_signal_audit_measure_correlations.csv,
corr_VIX_shock_vs_EMV_env_overlap,0.1447231533930385,M1_signal_audit_measure_correlations.csv,
corr_VIX_shock_vs_EMV_env_overlap_p_hac,0.007035481816597238,M1_signal_audit_measure_correlations.csv,
corr_VIX_shock_vs_EMV_env_overlap_t_hac,2.6951600964318723,M1_signal_audit_measure_correlations.csv,
corr_VIX_shock_vs_EMV_env_overlap_n,403,M1_signal_audit_measure_correlations.csv,
corr_VIX_shock_vs_EMV_env_common,0.1363980082989703,M1_signal_audit_measure_correlations.csv,
corr_VIX_shock_vs_EMV_env_common_p_hac,0.042229640625133014,M1_signal_audit_measure_correlations.csv,
corr_VIX_shock_vs_EMV_env_common_t_hac,2.0312500001015636,M1_signal_audit_measure_correlations.csv,
corr_VIX_shock_vs_EMV_env_common_n,233,M1_signal_audit_measure_correlations.csv,
corr_VIX_shock_vs_RATE_overlap,0.16536139852253376,M1_signal_audit_measure_correlations.csv,
corr_VIX_shock_vs_RATE_overlap_p_hac,0.04686467363857126,M1_signal_audit_measure_correlations.csv,
corr_VIX_shock_vs_RATE_overlap_t_hac,1.9875211578246068,M1_signal_audit_measure_correlations.csv,
corr_VIX_shock_vs_RATE_overlap_n,403,M1_signal_audit_measure_correlations.csv,
corr_VIX_shock_vs_Mkt-RF_overlap,-0.5947302172264332,M1_signal_audit_measure_correlations.csv,
corr_VIX_shock_vs_Mkt-RF_overlap_p_hac,6.755391472856842e-53,M1_signal_audit_measure_correlations.csv,
corr_VIX_shock_vs_Mkt-RF_overlap_t_hac,-15.308055115807806,M1_signal_audit_measure_correlations.csv,
corr_VIX_shock_vs_Mkt-RF_overlap_n,402,M1_signal_audit_measure_correlations.csv,
corr_EMV_env_share_level_vs_EMV_env_overlap,0.841646989919124,M1_signal_audit_measure_correlations.csv,
corr_EMV_env_share_level_vs_EMV_env_overlap_p_hac,7.123518908559979e-150,M1_signal_audit_measure_correlations.csv,
corr_EMV_env_share_level_vs_EMV_env_overlap_t_hac,26.074361076445808,M1_signal_audit_measure_correlations.csv,
corr_EMV_env_share_level_vs_EMV_env_overlap_n,500,M1_signal_audit_measure_correlations.csv,
corr_EMV_env_share_level_vs_EMV_env_common,0.8468811365012797,M1_signal_audit_measure_correlations.csv,
corr_EMV_env_share_level_vs_EMV_env_common_p_hac,6.210202285583399e-119,M1_signal_audit_measure_correlations.csv,
corr_EMV_env_share_level_vs_EMV_env_common_t_hac,23.186643283341983,M1_signal_audit_measure_correlations.csv,
corr_EMV_env_share_level_vs_EMV_env_common_n,233,M1_signal_audit_measure_correlations.csv,
corr_EMV_env_share_level_vs_VIX_overlap,-0.09506216907945063,M1_signal_audit_measure_correlations.csv,
corr_EMV_env_share_level_vs_VIX_overlap_p_hac,0.050045565049761126,M1_signal_audit_measure_correlations.csv,
corr_EMV_env_share_level_vs_VIX_overlap_t_hac,-1.9595743224716515,M1_signal_audit_measure_correlations.csv,
corr_EMV_env_share_level_vs_VIX_overlap_n,440,M1_signal_audit_measure_correlations.csv,
corr_EMV_env_share_level_vs_VIX_common,-0.08882962253331694,M1_signal_audit_measure_correlations.csv,
corr_EMV_env_share_level_vs_VIX_common_p_hac,0.10529613659461,M1_signal_audit_measure_correlations.csv,
corr_EMV_env_share_level_vs_VIX_common_t_hac,-1.6197027900208343,M1_signal_audit_measure_correlations.csv,
corr_EMV_env_share_level_vs_VIX_common_n,233,M1_signal_audit_measure_correlations.csv,
corr_EMV_env_share_z_vs_EMV_env_overlap,0.8647284771069431,M1_signal_audit_measure_correlations.csv,
corr_EMV_env_share_z_vs_EMV_env_overlap_p_hac,0.0,M1_signal_audit_measure_correlations.csv,
corr_EMV_env_share_z_vs_EMV_env_overlap_t_hac,42.60083602511323,M1_signal_audit_measure_correlations.csv,
corr_EMV_env_share_z_vs_EMV_env_overlap_n,465,M1_signal_audit_measure_correlations.csv,
corr_EMV_env_share_z_vs_EMV_env_common,0.8534388998836747,M1_signal_audit_measure_correlations.csv,
corr_EMV_env_share_z_vs_EMV_env_common_p_hac,2.6757529698455355e-214,M1_signal_audit_measure_correlations.csv,
corr_EMV_env_share_z_vs_EMV_env_common_t_hac,31.24421008354242,M1_signal_audit_measure_correlations.csv,
corr_EMV_env_share_z_vs_EMV_env_common_n,233,M1_signal_audit_measure_correlations.csv,
corr_EMV_env_share_z_vs_VIX_overlap,-0.05182660871056406,M1_signal_audit_measure_correlations.csv,
corr_EMV_env_share_z_vs_VIX_overlap_p_hac,0.35734528695174184,M1_signal_audit_measure_correlations.csv,
corr_EMV_env_share_z_vs_VIX_overlap_t_hac,-0.9204353803531675,M1_signal_audit_measure_correlations.csv,
corr_EMV_env_share_z_vs_VIX_overlap_n,405,M1_signal_audit_measure_correlations.csv,
corr_EMV_env_share_z_vs_VIX_common,-0.028610109524888405,M1_signal_audit_measure_correlations.csv,
corr_EMV_env_share_z_vs_VIX_common_p_hac,0.7159862570986579,M1_signal_audit_measure_correlations.csv,
corr_EMV_env_share_z_vs_VIX_common_t_hac,-0.3638282617028055,M1_signal_audit_measure_correlations.csv,
corr_EMV_env_share_z_vs_VIX_common_n,233,M1_signal_audit_measure_correlations.csv,
corr_EMV_env_share_shock_vs_EMV_env_overlap,0.8767433043957293,M1_signal_audit_measure_correlations.csv,
corr_EMV_env_share_shock_vs_EMV_env_overlap_p_hac,4.431146111520176e-233,M1_signal_audit_measure_correlations.csv,
corr_EMV_env_share_shock_vs_EMV_env_overlap_t_hac,32.597628705860664,M1_signal_audit_measure_correlations.csv,
corr_EMV_env_share_shock_vs_EMV_env_overlap_n,463,M1_signal_audit_measure_correlations.csv,
corr_EMV_env_share_shock_vs_EMV_env_common,0.8631329504878481,M1_signal_audit_measure_correlations.csv,
corr_EMV_env_share_shock_vs_EMV_env_common_p_hac,3.008244422173382e-145,M1_signal_audit_measure_correlations.csv,
corr_EMV_env_share_shock_vs_EMV_env_common_t_hac,25.66324679157527,M1_signal_audit_measure_correlations.csv,
corr_EMV_env_share_shock_vs_EMV_env_common_n,233,M1_signal_audit_measure_correlations.csv,
corr_EMV_env_share_shock_vs_VIX_overlap,-0.04084771100999878,M1_signal_audit_measure_correlations.csv,
corr_EMV_env_share_shock_vs_VIX_overlap_p_hac,0.16381773798193966,M1_signal_audit_measure_correlations.csv,
corr_EMV_env_share_shock_vs_VIX_overlap_t_hac,-1.3923457032394297,M1_signal_audit_measure_correlations.csv,
corr_EMV_env_share_shock_vs_VIX_overlap_n,403,M1_signal_audit_measure_correlations.csv,
corr_EMV_env_share_shock_vs_VIX_common,-0.06845780875363487,M1_signal_audit_measure_correlations.csv,
corr_EMV_env_share_shock_vs_VIX_common_p_hac,0.04507843512638218,M1_signal_audit_measure_correlations.csv,
corr_EMV_env_share_shock_vs_VIX_common_t_hac,-2.0039218260248415,M1_signal_audit_measure_correlations.csv,
corr_EMV_env_share_shock_vs_VIX_common_n,233,M1_signal_audit_measure_correlations.csv,
corr_EMV_env_share_shock_vs_RATE_overlap,0.0429222822534789,M1_signal_audit_measure_correlations.csv,
corr_EMV_env_share_shock_vs_RATE_overlap_p_hac,0.3753044934242804,M1_signal_audit_measure_correlations.csv,
corr_EMV_env_share_shock_vs_RATE_overlap_t_hac,0.8865810622642574,M1_signal_audit_measure_correlations.csv,
corr_EMV_env_share_shock_vs_RATE_overlap_n,463,M1_signal_audit_measure_correlations.csv,
corr_EMV_env_share_shock_vs_Mkt-RF_overlap,-0.014185884963279004,M1_signal_audit_measure_correlations.csv,
corr_EMV_env_share_shock_vs_Mkt-RF_overlap_p_hac,0.7212530353506008,M1_signal_audit_measure_correlations.csv,
corr_EMV_env_share_shock_vs_Mkt-RF_overlap_t_hac,-0.3567846408818533,M1_signal_audit_measure_correlations.csv,
corr_EMV_env_share_shock_vs_Mkt-RF_overlap_n,462,M1_signal_audit_measure_correlations.csv,
corr_MCCC_level_vs_EMV_env_overlap,-0.03937402662555271,M1_signal_audit_measure_correlations.csv,
corr_MCCC_level_vs_EMV_env_overlap_p_hac,0.6679023168417878,M1_signal_audit_measure_correlations.csv,
corr_MCCC_level_vs_EMV_env_overlap_t_hac,-0.4290287300208815,M1_signal_audit_measure_correlations.csv,
corr_MCCC_level_vs_EMV_env_overlap_n,270,M1_signal_audit_measure_correlations.csv,
corr_MCCC_level_vs_EMV_env_common,-0.1456520161499518,M1_signal_audit_measure_correlations.csv,
corr_MCCC_level_vs_EMV_env_common_p_hac,0.12820678764118035,M1_signal_audit_measure_correlations.csv,
corr_MCCC_level_vs_EMV_env_common_t_hac,-1.521211431581297,M1_signal_audit_measure_correlations.csv,
corr_MCCC_level_vs_EMV_env_common_n,233,M1_signal_audit_measure_correlations.csv,
corr_MCCC_level_vs_VIX_overlap,-0.043954073143555636,M1_signal_audit_measure_correlations.csv,
corr_MCCC_level_vs_VIX_overlap_p_hac,0.6367302700166255,M1_signal_audit_measure_correlations.csv,
corr_MCCC_level_vs_VIX_overlap_t_hac,-0.47227533961224166,M1_signal_audit_measure_correlations.csv,
corr_MCCC_level_vs_VIX_overlap_n,270,M1_signal_audit_measure_correlations.csv,
corr_MCCC_level_vs_VIX_common,-0.11322179441067226,M1_signal_audit_measure_correlations.csv,
corr_MCCC_level_vs_VIX_common_p_hac,0.2717238462228735,M1_signal_audit_measure_correlations.csv,
corr_MCCC_level_vs_VIX_common_t_hac,-1.099101384216747,M1_signal_audit_measure_correlations.csv,
corr_MCCC_level_vs_VIX_common_n,233,M1_signal_audit_measure_correlations.csv,
corr_MCCC_z_vs_EMV_env_overlap,-0.00035038761452605257,M1_signal_audit_measure_correlations.csv,
corr_MCCC_z_vs_EMV_env_overlap_p_hac,0.9962175641545719,M1_signal_audit_measure_correlations.csv,
corr_MCCC_z_vs_EMV_env_overlap_t_hac,-0.0047405980746276655,M1_signal_audit_measure_correlations.csv,
corr_MCCC_z_vs_EMV_env_overlap_n,235,M1_signal_audit_measure_correlations.csv,
corr_MCCC_z_vs_EMV_env_common,-0.0020110814308438476,M1_signal_audit_measure_correlations.csv,
corr_MCCC_z_vs_EMV_env_common_p_hac,0.9783969683306343,M1_signal_audit_measure_correlations.csv,
corr_MCCC_z_vs_EMV_env_common_t_hac,-0.027078693903752404,M1_signal_audit_measure_correlations.csv,
corr_MCCC_z_vs_EMV_env_common_n,233,M1_signal_audit_measure_correlations.csv,
corr_MCCC_z_vs_VIX_overlap,-0.0742053830744053,M1_signal_audit_measure_correlations.csv,
corr_MCCC_z_vs_VIX_overlap_p_hac,0.4668927379263311,M1_signal_audit_measure_correlations.csv,
corr_MCCC_z_vs_VIX_overlap_t_hac,-0.7275440548381517,M1_signal_audit_measure_correlations.csv,
corr_MCCC_z_vs_VIX_overlap_n,235,M1_signal_audit_measure_correlations.csv,
corr_MCCC_z_vs_VIX_common,-0.06935622680903598,M1_signal_audit_measure_correlations.csv,
corr_MCCC_z_vs_VIX_common_p_hac,0.5010028640029647,M1_signal_audit_measure_correlations.csv,
corr_MCCC_z_vs_VIX_common_t_hac,-0.6729126497944086,M1_signal_audit_measure_correlations.csv,
corr_MCCC_z_vs_VIX_common_n,233,M1_signal_audit_measure_correlations.csv,
corr_MCCC_shock_vs_EMV_env_overlap,-0.14591538758591474,M1_signal_audit_measure_correlations.csv,
corr_MCCC_shock_vs_EMV_env_overlap_p_hac,0.005636726599539798,M1_signal_audit_measure_correlations.csv,
corr_MCCC_shock_vs_EMV_env_overlap_t_hac,-2.7681976139600173,M1_signal_audit_measure_correlations.csv,
corr_MCCC_shock_vs_EMV_env_overlap_n,233,M1_signal_audit_measure_correlations.csv,
corr_MCCC_shock_vs_EMV_env_common,-0.14591538758591474,M1_signal_audit_measure_correlations.csv,
corr_MCCC_shock_vs_EMV_env_common_p_hac,0.005636726599539798,M1_signal_audit_measure_correlations.csv,
corr_MCCC_shock_vs_EMV_env_common_t_hac,-2.7681976139600173,M1_signal_audit_measure_correlations.csv,
corr_MCCC_shock_vs_EMV_env_common_n,233,M1_signal_audit_measure_correlations.csv,
corr_MCCC_shock_vs_VIX_overlap,-0.09713533289917407,M1_signal_audit_measure_correlations.csv,
corr_MCCC_shock_vs_VIX_overlap_p_hac,0.05002231568983321,M1_signal_audit_measure_correlations.csv,
corr_MCCC_shock_vs_VIX_overlap_t_hac,-1.9597731085941252,M1_signal_audit_measure_correlations.csv,
corr_MCCC_shock_vs_VIX_overlap_n,233,M1_signal_audit_measure_correlations.csv,
corr_MCCC_shock_vs_VIX_common,-0.09713533289917407,M1_signal_audit_measure_correlations.csv,
corr_MCCC_shock_vs_VIX_common_p_hac,0.05002231568983321,M1_signal_audit_measure_correlations.csv,
corr_MCCC_shock_vs_VIX_common_t_hac,-1.9597731085941252,M1_signal_audit_measure_correlations.csv,
corr_MCCC_shock_vs_VIX_common_n,233,M1_signal_audit_measure_correlations.csv,
corr_MCCC_shock_vs_RATE_overlap,-0.121388516961207,M1_signal_audit_measure_correlations.csv,
corr_MCCC_shock_vs_RATE_overlap_p_hac,0.03060087256168517,M1_signal_audit_measure_correlations.csv,
corr_MCCC_shock_vs_RATE_overlap_t_hac,-2.1622245441678642,M1_signal_audit_measure_correlations.csv,
corr_MCCC_shock_vs_RATE_overlap_n,233,M1_signal_audit_measure_correlations.csv,
corr_MCCC_shock_vs_Mkt-RF_overlap,0.13816827304049267,M1_signal_audit_measure_correlations.csv,
corr_MCCC_shock_vs_Mkt-RF_overlap_p_hac,0.0098482926164049,M1_signal_audit_measure_correlations.csv,
corr_MCCC_shock_vs_Mkt-RF_overlap_t_hac,2.5811109462039696,M1_signal_audit_measure_correlations.csv,
corr_MCCC_shock_vs_Mkt-RF_overlap_n,233,M1_signal_audit_measure_correlations.csv,
corr_MCCC_transition_level_vs_EMV_env_overlap,-0.00038787961758164505,M1_signal_audit_measure_correlations.csv,
corr_MCCC_transition_level_vs_EMV_env_overlap_p_hac,0.9965256386279233,M1_signal_audit_measure_correlations.csv,
corr_MCCC_transition_level_vs_EMV_env_overlap_t_hac,-0.004354479986969855,M1_signal_audit_measure_correlations.csv,
corr_MCCC_transition_level_vs_EMV_env_overlap_n,270,M1_signal_audit_measure_correlations.csv,
corr_MCCC_transition_level_vs_EMV_env_common,-0.11296745680899786,M1_signal_audit_measure_correlations.csv,
corr_MCCC_transition_level_vs_EMV_env_common_p_hac,0.22805298436858312,M1_signal_audit_measure_correlations.csv,
corr_MCCC_transition_level_vs_EMV_env_common_t_hac,-1.2053894706201034,M1_signal_audit_measure_correlations.csv,
corr_MCCC_transition_level_vs_EMV_env_common_n,233,M1_signal_audit_measure_correlations.csv,
corr_MCCC_transition_level_vs_VIX_overlap,0.00527175659032136,M1_signal_audit_measure_correlations.csv,
corr_MCCC_transition_level_vs_VIX_overlap_p_hac,0.9532607615760348,M1_signal_audit_measure_correlations.csv,
corr_MCCC_transition_level_vs_VIX_overlap_t_hac,0.05861249079104415,M1_signal_audit_measure_correlations.csv,
corr_MCCC_transition_level_vs_VIX_overlap_n,270,M1_signal_audit_measure_correlations.csv,
corr_MCCC_transition_level_vs_VIX_common,-0.06663753372507433,M1_signal_audit_measure_correlations.csv,
corr_MCCC_transition_level_vs_VIX_common_p_hac,0.5162153575213994,M1_signal_audit_measure_correlations.csv,
corr_MCCC_transition_level_vs_VIX_common_t_hac,-0.6491903357906622,M1_signal_audit_measure_correlations.csv,
corr_MCCC_transition_level_vs_VIX_common_n,233,M1_signal_audit_measure_correlations.csv,
corr_MCCC_transition_z_vs_EMV_env_overlap,0.07287964110437209,M1_signal_audit_measure_correlations.csv,
corr_MCCC_transition_z_vs_EMV_env_overlap_p_hac,0.28981500843837893,M1_signal_audit_measure_correlations.csv,
corr_MCCC_transition_z_vs_EMV_env_overlap_t_hac,1.0585275258794826,M1_signal_audit_measure_correlations.csv,
corr_MCCC_transition_z_vs_EMV_env_overlap_n,235,M1_signal_audit_measure_correlations.csv,
corr_MCCC_transition_z_vs_EMV_env_common,0.07087539802832299,M1_signal_audit_measure_correlations.csv,
corr_MCCC_transition_z_vs_EMV_env_common_p_hac,0.306003196944017,M1_signal_audit_measure_correlations.csv,
corr_MCCC_transition_z_vs_EMV_env_common_t_hac,1.0236445455277934,M1_signal_audit_measure_correlations.csv,
corr_MCCC_transition_z_vs_EMV_env_common_n,233,M1_signal_audit_measure_correlations.csv,
corr_MCCC_transition_z_vs_VIX_overlap,0.03128231215867885,M1_signal_audit_measure_correlations.csv,
corr_MCCC_transition_z_vs_VIX_overlap_p_hac,0.7620032459964157,M1_signal_audit_measure_correlations.csv,
corr_MCCC_transition_z_vs_VIX_overlap_t_hac,0.30285122172352946,M1_signal_audit_measure_correlations.csv,
corr_MCCC_transition_z_vs_VIX_overlap_n,235,M1_signal_audit_measure_correlations.csv,
corr_MCCC_transition_z_vs_VIX_common,0.03554934887576293,M1_signal_audit_measure_correlations.csv,
corr_MCCC_transition_z_vs_VIX_common_p_hac,0.733581973898749,M1_signal_audit_measure_correlations.csv,
corr_MCCC_transition_z_vs_VIX_common_t_hac,0.3403646002053426,M1_signal_audit_measure_correlations.csv,
corr_MCCC_transition_z_vs_VIX_common_n,233,M1_signal_audit_measure_correlations.csv,
corr_MCCC_transition_shock_vs_EMV_env_overlap,-0.09699857319135885,M1_signal_audit_measure_correlations.csv,
corr_MCCC_transition_shock_vs_EMV_env_overlap_p_hac,0.029553084206056516,M1_signal_audit_measure_correlations.csv,
corr_MCCC_transition_shock_vs_EMV_env_overlap_t_hac,-2.176029106490077,M1_signal_audit_measure_correlations.csv,
corr_MCCC_transition_shock_vs_EMV_env_overlap_n,233,M1_signal_audit_measure_correlations.csv,
corr_MCCC_transition_shock_vs_EMV_env_common,-0.09699857319135885,M1_signal_audit_measure_correlations.csv,
corr_MCCC_transition_shock_vs_EMV_env_common_p_hac,0.029553084206056516,M1_signal_audit_measure_correlations.csv,
corr_MCCC_transition_shock_vs_EMV_env_common_t_hac,-2.176029106490077,M1_signal_audit_measure_correlations.csv,
corr_MCCC_transition_shock_vs_EMV_env_common_n,233,M1_signal_audit_measure_correlations.csv,
corr_MCCC_transition_shock_vs_VIX_overlap,-0.0765920952248614,M1_signal_audit_measure_correlations.csv,
corr_MCCC_transition_shock_vs_VIX_overlap_p_hac,0.0948231369028006,M1_signal_audit_measure_correlations.csv,
corr_MCCC_transition_shock_vs_VIX_overlap_t_hac,-1.670486557233446,M1_signal_audit_measure_correlations.csv,
corr_MCCC_transition_shock_vs_VIX_overlap_n,233,M1_signal_audit_measure_correlations.csv,
corr_MCCC_transition_shock_vs_VIX_common,-0.0765920952248614,M1_signal_audit_measure_correlations.csv,
corr_MCCC_transition_shock_vs_VIX_common_p_hac,0.0948231369028006,M1_signal_audit_measure_correlations.csv,
corr_MCCC_transition_shock_vs_VIX_common_t_hac,-1.670486557233446,M1_signal_audit_measure_correlations.csv,
corr_MCCC_transition_shock_vs_VIX_common_n,233,M1_signal_audit_measure_correlations.csv,
corr_MCCC_transition_shock_vs_RATE_overlap,-0.12004034394272574,M1_signal_audit_measure_correlations.csv,
corr_MCCC_transition_shock_vs_RATE_overlap_p_hac,0.06308187596179213,M1_signal_audit_measure_correlations.csv,
corr_MCCC_transition_shock_vs_RATE_overlap_t_hac,-1.8586139667523418,M1_signal_audit_measure_correlations.csv,
corr_MCCC_transition_shock_vs_RATE_overlap_n,233,M1_signal_audit_measure_correlations.csv,
corr_MCCC_transition_shock_vs_Mkt-RF_overlap,0.01966959060013373,M1_signal_audit_measure_correlations.csv,
corr_MCCC_transition_shock_vs_Mkt-RF_overlap_p_hac,0.7330324206282366,M1_signal_audit_measure_correlations.csv,
corr_MCCC_transition_shock_vs_Mkt-RF_overlap_t_hac,0.34109452784313693,M1_signal_audit_measure_correlations.csv,
corr_MCCC_transition_shock_vs_Mkt-RF_overlap_n,233,M1_signal_audit_measure_correlations.csv,
corr_CPU_level_vs_EMV_env_overlap,0.1453451180701539,M1_signal_audit_measure_correlations.csv,
corr_CPU_level_vs_EMV_env_overlap_p_hac,0.1516367921188078,M1_signal_audit_measure_correlations.csv,
corr_CPU_level_vs_EMV_env_overlap_t_hac,1.433773911582899,M1_signal_audit_measure_correlations.csv,
corr_CPU_level_vs_EMV_env_overlap_n,462,M1_signal_audit_measure_correlations.csv,
corr_CPU_level_vs_EMV_env_common,0.09243616030828064,M1_signal_audit_measure_correlations.csv,
corr_CPU_level_vs_EMV_env_common_p_hac,0.5187798186179442,M1_signal_audit_measure_correlations.csv,
corr_CPU_level_vs_EMV_env_common_t_hac,0.6452274212215418,M1_signal_audit_measure_correlations.csv,
corr_CPU_level_vs_EMV_env_common_n,233,M1_signal_audit_measure_correlations.csv,
corr_CPU_level_vs_VIX_overlap,0.06576851142474106,M1_signal_audit_measure_correlations.csv,
corr_CPU_level_vs_VIX_overlap_p_hac,0.2947643244268727,M1_signal_audit_measure_correlations.csv,
corr_CPU_level_vs_VIX_overlap_t_hac,1.047727172947934,M1_signal_audit_measure_correlations.csv,
corr_CPU_level_vs_VIX_overlap_n,429,M1_signal_audit_measure_correlations.csv,
corr_CPU_level_vs_VIX_common,0.09389095727222084,M1_signal_audit_measure_correlations.csv,
corr_CPU_level_vs_VIX_common_p_hac,0.277938265627243,M1_signal_audit_measure_correlations.csv,
corr_CPU_level_vs_VIX_common_t_hac,1.0849624974072767,M1_signal_audit_measure_correlations.csv,
corr_CPU_level_vs_VIX_common_n,233,M1_signal_audit_measure_correlations.csv,
corr_CPU_z_vs_EMV_env_overlap,0.122784557316318,M1_signal_audit_measure_correlations.csv,
corr_CPU_z_vs_EMV_env_overlap_p_hac,0.040194769976606363,M1_signal_audit_measure_correlations.csv,
corr_CPU_z_vs_EMV_env_overlap_t_hac,2.0517417191881333,M1_signal_audit_measure_correlations.csv,
corr_CPU_z_vs_EMV_env_overlap_n,427,M1_signal_audit_measure_correlations.csv,
corr_CPU_z_vs_EMV_env_common,0.15605906989165344,M1_signal_audit_measure_correlations.csv,
corr_CPU_z_vs_EMV_env_common_p_hac,0.0675904611596738,M1_signal_audit_measure_correlations.csv,
corr_CPU_z_vs_EMV_env_common_t_hac,1.8277274841131643,M1_signal_audit_measure_correlations.csv,
corr_CPU_z_vs_EMV_env_common_n,233,M1_signal_audit_measure_correlations.csv,
corr_CPU_z_vs_VIX_overlap,0.15070827364167136,M1_signal_audit_measure_correlations.csv,
corr_CPU_z_vs_VIX_overlap_p_hac,0.0826178750530137,M1_signal_audit_measure_correlations.csv,
corr_CPU_z_vs_VIX_overlap_t_hac,1.7356944517438553,M1_signal_audit_measure_correlations.csv,
corr_CPU_z_vs_VIX_overlap_n,394,M1_signal_audit_measure_correlations.csv,
corr_CPU_z_vs_VIX_common,0.2484566561171468,M1_signal_audit_measure_correlations.csv,
corr_CPU_z_vs_VIX_common_p_hac,0.005929299947251016,M1_signal_audit_measure_correlations.csv,
corr_CPU_z_vs_VIX_common_t_hac,2.751665784016784,M1_signal_audit_measure_correlations.csv,
corr_CPU_z_vs_VIX_common_n,233,M1_signal_audit_measure_correlations.csv,
corr_CPU_shock_vs_EMV_env_overlap,0.12961510259432646,M1_signal_audit_measure_correlations.csv,
corr_CPU_shock_vs_EMV_env_overlap_p_hac,0.041559653267276495,M1_signal_audit_measure_correlations.csv,
corr_CPU_shock_vs_EMV_env_overlap_t_hac,2.037902812643905,M1_signal_audit_measure_correlations.csv,
corr_CPU_shock_vs_EMV_env_overlap_n,425,M1_signal_audit_measure_correlations.csv,
corr_CPU_shock_vs_EMV_env_common,0.150071834444067,M1_signal_audit_measure_correlations.csv,
corr_CPU_shock_vs_EMV_env_common_p_hac,0.044485312194662174,M1_signal_audit_measure_correlations.csv,
corr_CPU_shock_vs_EMV_env_common_t_hac,2.0094888857630453,M1_signal_audit_measure_correlations.csv,
corr_CPU_shock_vs_EMV_env_common_n,233,M1_signal_audit_measure_correlations.csv,
corr_CPU_shock_vs_VIX_overlap,0.08852895270104953,M1_signal_audit_measure_correlations.csv,
corr_CPU_shock_vs_VIX_overlap_p_hac,0.06388622680781528,M1_signal_audit_measure_correlations.csv,
corr_CPU_shock_vs_VIX_overlap_t_hac,1.8529730131948412,M1_signal_audit_measure_correlations.csv,
corr_CPU_shock_vs_VIX_overlap_n,392,M1_signal_audit_measure_correlations.csv,
corr_CPU_shock_vs_VIX_common,0.1058140705062196,M1_signal_audit_measure_correlations.csv,
corr_CPU_shock_vs_VIX_common_p_hac,0.047802108097055214,M1_signal_audit_measure_correlations.csv,
corr_CPU_shock_vs_VIX_common_t_hac,1.9791234567609108,M1_signal_audit_measure_correlations.csv,
corr_CPU_shock_vs_VIX_common_n,233,M1_signal_audit_measure_correlations.csv,
corr_CPU_shock_vs_RATE_overlap,0.04014666755636269,M1_signal_audit_measure_correlations.csv,
corr_CPU_shock_vs_RATE_overlap_p_hac,0.3843234743152344,M1_signal_audit_measure_correlations.csv,
corr_CPU_shock_vs_RATE_overlap_t_hac,0.8699577856278065,M1_signal_audit_measure_correlations.csv,
corr_CPU_shock_vs_RATE_overlap_n,425,M1_signal_audit_measure_correlations.csv,
corr_CPU_shock_vs_Mkt-RF_overlap,-0.020591970727440588,M1_signal_audit_measure_correlations.csv,
corr_CPU_shock_vs_Mkt-RF_overlap_p_hac,0.701535323938776,M1_signal_audit_measure_correlations.csv,
corr_CPU_shock_vs_Mkt-RF_overlap_t_hac,-0.3832487649459251,M1_signal_audit_measure_correlations.csv,
corr_CPU_shock_vs_Mkt-RF_overlap_n,425,M1_signal_audit_measure_correlations.csv,
corr_MCCC_z_vs_EMV_env_share_overlap,-0.004134245827109965,M1_signal_audit_measure_correlations.csv,
corr_MCCC_z_vs_EMV_env_share_overlap_p_hac,0.9559471318560548,M1_signal_audit_measure_correlations.csv,
corr_MCCC_z_vs_EMV_env_share_overlap_t_hac,-0.05524016358210061,M1_signal_audit_measure_correlations.csv,
corr_MCCC_z_vs_EMV_env_share_overlap_n,235,M1_signal_audit_measure_correlations.csv,
corr_MCCC_z_vs_EMV_env_share_common,-0.010289386623376624,M1_signal_audit_measure_correlations.csv,
corr_MCCC_z_vs_EMV_env_share_common_p_hac,0.8913383243323122,M1_signal_audit_measure_correlations.csv,
corr_MCCC_z_vs_EMV_env_share_common_t_hac,-0.1366109455386532,M1_signal_audit_measure_correlations.csv,
corr_MCCC_z_vs_EMV_env_share_common_n,233,M1_signal_audit_measure_correlations.csv,
corr_CPU_z_vs_EMV_env_share_overlap,0.030528288927173082,M1_signal_audit_measure_correlations.csv,
corr_CPU_z_vs_EMV_env_share_overlap_p_hac,0.6196554624932211,M1_signal_audit_measure_correlations.csv,
corr_CPU_z_vs_EMV_env_share_overlap_t_hac,0.4963387055739984,M1_signal_audit_measure_correlations.csv,
corr_CPU_z_vs_EMV_env_share_overlap_n,427,M1_signal_audit_measure_correlations.csv,
corr_CPU_z_vs_EMV_env_share_common,0.007889978649967785,M1_signal_audit_measure_correlations.csv,
corr_CPU_z_vs_EMV_env_share_common_p_hac,0.9360346818871187,M1_signal_audit_measure_correlations.csv,
corr_CPU_z_vs_EMV_env_share_common_t_hac,0.08025470530818066,M1_signal_audit_measure_correlations.csv,
corr_CPU_z_vs_EMV_env_share_common_n,233,M1_signal_audit_measure_correlations.csv,
corr_MCCC_transition_z_vs_EMV_env_share_overlap,0.04064019698198445,M1_signal_audit_measure_correlations.csv,
corr_MCCC_transition_z_vs_EMV_env_share_overlap_p_hac,0.6023245716086858,M1_signal_audit_measure_correlations.csv,
corr_MCCC_transition_z_vs_EMV_env_share_overlap_t_hac,0.5210605786294016,M1_signal_audit_measure_correlations.csv,
corr_MCCC_transition_z_vs_EMV_env_share_overlap_n,235,M1_signal_audit_measure_correlations.csv,
corr_MCCC_transition_z_vs_EMV_env_share_common,0.034100804822665504,M1_signal_audit_measure_correlations.csv,
corr_MCCC_transition_z_vs_EMV_env_share_common_p_hac,0.6638105014019353,M1_signal_audit_measure_correlations.csv,
corr_MCCC_transition_z_vs_EMV_env_share_common_t_hac,0.4346582578567799,M1_signal_audit_measure_correlations.csv,
corr_MCCC_transition_z_vs_EMV_env_share_common_n,233,M1_signal_audit_measure_correlations.csv,
common_sample_start,2006-02,M1_signal_audit_zsignal_corr_matrix_common.csv,
common_sample_end,2025-06,M1_signal_audit_zsignal_corr_matrix_common.csv,
contemp_MCCC_green_minus_brown_none_full_slope_pct,-0.09252070365316288,M1_signal_audit_contemporaneous.csv,
contemp_MCCC_green_minus_brown_none_full_t,-0.4921042676917497,M1_signal_audit_contemporaneous.csv,
contemp_MCCC_green_minus_brown_none_full_p,0.6226456354524978,M1_signal_audit_contemporaneous.csv,
contemp_MCCC_green_minus_brown_none_full_n,233,M1_signal_audit_contemporaneous.csv,
contemp_MCCC_green_minus_brown_none_full_start,2006-02,M1_signal_audit_contemporaneous.csv,
contemp_MCCC_green_minus_brown_none_full_holm_p,0.6226456354524978,M1_signal_audit_contemporaneous.csv,
contemp_MCCC_green_minus_brown_none_post2010_slope_pct,-0.045140583042988576,M1_signal_audit_contemporaneous.csv,
contemp_MCCC_green_minus_brown_none_post2010_t,-0.22574318486407152,M1_signal_audit_contemporaneous.csv,
contemp_MCCC_green_minus_brown_none_post2010_p,0.8214011682470967,M1_signal_audit_contemporaneous.csv,
contemp_MCCC_green_minus_brown_none_post2010_n,186,M1_signal_audit_contemporaneous.csv,
contemp_MCCC_green_minus_brown_none_post2010_start,2010-01,M1_signal_audit_contemporaneous.csv,
contemp_MCCC_green_minus_brown_none_validation_slope_pct,0.04317461104546203,M1_signal_audit_contemporaneous.csv,
contemp_MCCC_green_minus_brown_none_validation_t,0.1710627357415085,M1_signal_audit_contemporaneous.csv,
contemp_MCCC_green_minus_brown_none_validation_p,0.8641744364982495,M1_signal_audit_contemporaneous.csv,
contemp_MCCC_green_minus_brown_none_validation_n,151,M1_signal_audit_contemporaneous.csv,
contemp_MCCC_green_minus_brown_none_validation_start,2010-01,M1_signal_audit_contemporaneous.csv,
contemp_MCCC_green_minus_brown_none_holdout_slope_pct,-0.15539872921474066,M1_signal_audit_contemporaneous.csv,
contemp_MCCC_green_minus_brown_none_holdout_t,-0.5079852998266652,M1_signal_audit_contemporaneous.csv,
contemp_MCCC_green_minus_brown_none_holdout_p,0.6114636524436048,M1_signal_audit_contemporaneous.csv,
contemp_MCCC_green_minus_brown_none_holdout_n,35,M1_signal_audit_contemporaneous.csv,
contemp_MCCC_green_minus_brown_none_holdout_start,2022-08,M1_signal_audit_contemporaneous.csv,
contemp_MCCC_green_minus_brown_none_covid_slope_pct,0.5333066264484041,M1_signal_audit_contemporaneous.csv,
contemp_MCCC_green_minus_brown_none_covid_t,0.9601829084237982,M1_signal_audit_contemporaneous.csv,
contemp_MCCC_green_minus_brown_none_covid_p,0.3369631672762696,M1_signal_audit_contemporaneous.csv,
contemp_MCCC_green_minus_brown_none_covid_n,24,M1_signal_audit_contemporaneous.csv,
contemp_MCCC_green_minus_brown_none_covid_start,2020-01,M1_signal_audit_contemporaneous.csv,
contemp_MCCC_green_minus_brown_FF3_full_slope_pct,-0.04911863342730794,M1_signal_audit_contemporaneous.csv,
contemp_MCCC_green_minus_brown_FF3_full_t,-0.29787637076740153,M1_signal_audit_contemporaneous.csv,
contemp_MCCC_green_minus_brown_FF3_full_p,0.7657975231362704,M1_signal_audit_contemporaneous.csv,
contemp_MCCC_green_minus_brown_FF3_full_n,233,M1_signal_audit_contemporaneous.csv,
contemp_MCCC_green_minus_brown_FF3_full_start,2006-02,M1_signal_audit_contemporaneous.csv,
contemp_MCCC_green_minus_brown_FF3_post2010_slope_pct,0.046667280569908945,M1_signal_audit_contemporaneous.csv,
contemp_MCCC_green_minus_brown_FF3_post2010_t,0.2900264580867002,M1_signal_audit_contemporaneous.csv,
contemp_MCCC_green_minus_brown_FF3_post2010_p,0.7717959964725519,M1_signal_audit_contemporaneous.csv,
contemp_MCCC_green_minus_brown_FF3_post2010_n,186,M1_signal_audit_contemporaneous.csv,
contemp_MCCC_green_minus_brown_FF3_post2010_start,2010-01,M1_signal_audit_contemporaneous.csv,
contemp_MCCC_green_minus_brown_FF3_validation_slope_pct,0.11709705857403348,M1_signal_audit_contemporaneous.csv,
contemp_MCCC_green_minus_brown_FF3_validation_t,0.5154287499686416,M1_signal_audit_contemporaneous.csv,
contemp_MCCC_green_minus_brown_FF3_validation_p,0.6062534465508591,M1_signal_audit_contemporaneous.csv,
contemp_MCCC_green_minus_brown_FF3_validation_n,151,M1_signal_audit_contemporaneous.csv,
contemp_MCCC_green_minus_brown_FF3_validation_start,2010-01,M1_signal_audit_contemporaneous.csv,
contemp_MCCC_green_minus_brown_FF3_holdout_slope_pct,-0.02929969091671387,M1_signal_audit_contemporaneous.csv,
contemp_MCCC_green_minus_brown_FF3_holdout_t,-0.11870147851077181,M1_signal_audit_contemporaneous.csv,
contemp_MCCC_green_minus_brown_FF3_holdout_p,0.9055118651492924,M1_signal_audit_contemporaneous.csv,
contemp_MCCC_green_minus_brown_FF3_holdout_n,35,M1_signal_audit_contemporaneous.csv,
contemp_MCCC_green_minus_brown_FF3_holdout_start,2022-08,M1_signal_audit_contemporaneous.csv,
contemp_MCCC_green_minus_brown_FF3_RATE_full_slope_pct,-0.023587435209789277,M1_signal_audit_contemporaneous.csv,
contemp_MCCC_green_minus_brown_FF3_RATE_full_t,-0.1403772476527945,M1_signal_audit_contemporaneous.csv,
contemp_MCCC_green_minus_brown_FF3_RATE_full_p,0.8883619335822879,M1_signal_audit_contemporaneous.csv,
contemp_MCCC_green_minus_brown_FF3_RATE_full_n,233,M1_signal_audit_contemporaneous.csv,
contemp_MCCC_green_minus_brown_FF3_RATE_full_start,2006-02,M1_signal_audit_contemporaneous.csv,
contemp_MCCC_green_minus_brown_FF3_RATE_post2010_slope_pct,0.061505723126358706,M1_signal_audit_contemporaneous.csv,
contemp_MCCC_green_minus_brown_FF3_RATE_post2010_t,0.37340044586929616,M1_signal_audit_contemporaneous.csv,
contemp_MCCC_green_minus_brown_FF3_RATE_post2010_p,0.7088504277031944,M1_signal_audit_contemporaneous.csv,
contemp_MCCC_green_minus_brown_FF3_RATE_post2010_n,186,M1_signal_audit_contemporaneous.csv,
contemp_MCCC_green_minus_brown_FF3_RATE_post2010_start,2010-01,M1_signal_audit_contemporaneous.csv,
contemp_MCCC_green_minus_brown_FF3_RATE_validation_slope_pct,0.1176694382646429,M1_signal_audit_contemporaneous.csv,
contemp_MCCC_green_minus_brown_FF3_RATE_validation_t,0.5109703139649416,M1_signal_audit_contemporaneous.csv,
contemp_MCCC_green_minus_brown_FF3_RATE_validation_p,0.6093718438702675,M1_signal_audit_contemporaneous.csv,
contemp_MCCC_green_minus_brown_FF3_RATE_validation_n,151,M1_signal_audit_contemporaneous.csv,
contemp_MCCC_green_minus_brown_FF3_RATE_validation_start,2010-01,M1_signal_audit_contemporaneous.csv,
contemp_MCCC_green_minus_brown_FF3_RATE_holdout_slope_pct,0.03995936816646292,M1_signal_audit_contemporaneous.csv,
contemp_MCCC_green_minus_brown_FF3_RATE_holdout_t,0.15908897599504057,M1_signal_audit_contemporaneous.csv,
contemp_MCCC_green_minus_brown_FF3_RATE_holdout_p,0.8735987734882568,M1_signal_audit_contemporaneous.csv,
contemp_MCCC_green_minus_brown_FF3_RATE_holdout_n,35,M1_signal_audit_contemporaneous.csv,
contemp_MCCC_green_minus_brown_FF3_RATE_holdout_start,2022-08,M1_signal_audit_contemporaneous.csv,
contemp_MCCC_green_excess_none_full_slope_pct,0.7488235660846629,M1_signal_audit_contemporaneous.csv,
contemp_MCCC_green_excess_none_full_t,2.484110420032205,M1_signal_audit_contemporaneous.csv,
contemp_MCCC_green_excess_none_full_p,0.012987552942262654,M1_signal_audit_contemporaneous.csv,
contemp_MCCC_green_excess_none_full_n,233,M1_signal_audit_contemporaneous.csv,
contemp_MCCC_green_excess_none_full_start,2006-02,M1_signal_audit_contemporaneous.csv,
contemp_MCCC_brown_excess_none_full_slope_pct,0.8413442697378265,M1_signal_audit_contemporaneous.csv,
contemp_MCCC_brown_excess_none_full_t,2.220257326952741,M1_signal_audit_contemporaneous.csv,
contemp_MCCC_brown_excess_none_full_p,0.02640130485679175,M1_signal_audit_contemporaneous.csv,
contemp_MCCC_brown_excess_none_full_n,233,M1_signal_audit_contemporaneous.csv,
contemp_MCCC_brown_excess_none_full_start,2006-02,M1_signal_audit_contemporaneous.csv,
contemp_CPU_green_minus_brown_none_full_slope_pct,-0.15953316903509762,M1_signal_audit_contemporaneous.csv,
contemp_CPU_green_minus_brown_none_full_t,-1.2346713970922978,M1_signal_audit_contemporaneous.csv,
contemp_CPU_green_minus_brown_none_full_p,0.2169528251843742,M1_signal_audit_contemporaneous.csv,
contemp_CPU_green_minus_brown_none_full_n,425,M1_signal_audit_contemporaneous.csv,
contemp_CPU_green_minus_brown_none_full_start,1990-05,M1_signal_audit_contemporaneous.csv,
contemp_CPU_green_minus_brown_none_full_holm_p,0.4339056503687484,M1_signal_audit_contemporaneous.csv,
contemp_CPU_green_minus_brown_none_post2010_slope_pct,-0.19870269144255526,M1_signal_audit_contemporaneous.csv,
contemp_CPU_green_minus_brown_none_post2010_t,-1.417389748808008,M1_signal_audit_contemporaneous.csv,
contemp_CPU_green_minus_brown_none_post2010_p,0.15636900815664495,M1_signal_audit_contemporaneous.csv,
contemp_CPU_green_minus_brown_none_post2010_n,189,M1_signal_audit_contemporaneous.csv,
contemp_CPU_green_minus_brown_none_post2010_start,2010-01,M1_signal_audit_contemporaneous.csv,
contemp_CPU_green_minus_brown_none_validation_slope_pct,-0.25234242425383924,M1_signal_audit_contemporaneous.csv,
contemp_CPU_green_minus_brown_none_validation_t,-1.3376590423360508,M1_signal_audit_contemporaneous.csv,
contemp_CPU_green_minus_brown_none_validation_p,0.18100760817828687,M1_signal_audit_contemporaneous.csv,
contemp_CPU_green_minus_brown_none_validation_n,151,M1_signal_audit_contemporaneous.csv,
contemp_CPU_green_minus_brown_none_validation_start,2010-01,M1_signal_audit_contemporaneous.csv,
contemp_CPU_green_minus_brown_none_holdout_slope_pct,-0.11907671136133868,M1_signal_audit_contemporaneous.csv,
contemp_CPU_green_minus_brown_none_holdout_t,-0.6903484761515372,M1_signal_audit_contemporaneous.csv,
contemp_CPU_green_minus_brown_none_holdout_p,0.4899750698298291,M1_signal_audit_contemporaneous.csv,
contemp_CPU_green_minus_brown_none_holdout_n,38,M1_signal_audit_contemporaneous.csv,
contemp_CPU_green_minus_brown_none_holdout_start,2022-08,M1_signal_audit_contemporaneous.csv,
contemp_CPU_green_minus_brown_none_covid_slope_pct,0.2762522802736389,M1_signal_audit_contemporaneous.csv,
contemp_CPU_green_minus_brown_none_covid_t,0.8430591096108899,M1_signal_audit_contemporaneous.csv,
contemp_CPU_green_minus_brown_none_covid_p,0.39919538615225103,M1_signal_audit_contemporaneous.csv,
contemp_CPU_green_minus_brown_none_covid_n,24,M1_signal_audit_contemporaneous.csv,
contemp_CPU_green_minus_brown_none_covid_start,2020-01,M1_signal_audit_contemporaneous.csv,
contemp_CPU_green_minus_brown_FF3_full_slope_pct,-0.17658169762855733,M1_signal_audit_contemporaneous.csv,
contemp_CPU_green_minus_brown_FF3_full_t,-1.4026645004597862,M1_signal_audit_contemporaneous.csv,
contemp_CPU_green_minus_brown_FF3_full_p,0.1607169079575561,M1_signal_audit_contemporaneous.csv,
contemp_CPU_green_minus_brown_FF3_full_n,425,M1_signal_audit_contemporaneous.csv,
contemp_CPU_green_minus_brown_FF3_full_start,1990-05,M1_signal_audit_contemporaneous.csv,
contemp_CPU_green_minus_brown_FF3_post2010_slope_pct,-0.16914268327975293,M1_signal_audit_contemporaneous.csv,
contemp_CPU_green_minus_brown_FF3_post2010_t,-1.2301967573478765,M1_signal_audit_contemporaneous.csv,
contemp_CPU_green_minus_brown_FF3_post2010_p,0.21862343387821592,M1_signal_audit_contemporaneous.csv,
contemp_CPU_green_minus_brown_FF3_post2010_n,189,M1_signal_audit_contemporaneous.csv,
contemp_CPU_green_minus_brown_FF3_post2010_start,2010-01,M1_signal_audit_contemporaneous.csv,
contemp_CPU_green_minus_brown_FF3_validation_slope_pct,-0.25128374967164485,M1_signal_audit_contemporaneous.csv,
contemp_CPU_green_minus_brown_FF3_validation_t,-1.7200615410423297,M1_signal_audit_contemporaneous.csv,
contemp_CPU_green_minus_brown_FF3_validation_p,0.08542125561585026,M1_signal_audit_contemporaneous.csv,
contemp_CPU_green_minus_brown_FF3_validation_n,151,M1_signal_audit_contemporaneous.csv,
contemp_CPU_green_minus_brown_FF3_validation_start,2010-01,M1_signal_audit_contemporaneous.csv,
contemp_CPU_green_minus_brown_FF3_holdout_slope_pct,-0.0824890494409661,M1_signal_audit_contemporaneous.csv,
contemp_CPU_green_minus_brown_FF3_holdout_t,-0.40546299383483375,M1_signal_audit_contemporaneous.csv,
contemp_CPU_green_minus_brown_FF3_holdout_p,0.6851372148541334,M1_signal_audit_contemporaneous.csv,
contemp_CPU_green_minus_brown_FF3_holdout_n,38,M1_signal_audit_contemporaneous.csv,
contemp_CPU_green_minus_brown_FF3_holdout_start,2022-08,M1_signal_audit_contemporaneous.csv,
contemp_CPU_green_minus_brown_FF3_RATE_full_slope_pct,-0.18215785797279194,M1_signal_audit_contemporaneous.csv,
contemp_CPU_green_minus_brown_FF3_RATE_full_t,-1.434926980815855,M1_signal_audit_contemporaneous.csv,
contemp_CPU_green_minus_brown_FF3_RATE_full_p,0.151307906288871,M1_signal_audit_contemporaneous.csv,
contemp_CPU_green_minus_brown_FF3_RATE_full_n,425,M1_signal_audit_contemporaneous.csv,
contemp_CPU_green_minus_brown_FF3_RATE_full_start,1990-05,M1_signal_audit_contemporaneous.csv,
contemp_CPU_green_minus_brown_FF3_RATE_post2010_slope_pct,-0.18086672138094884,M1_signal_audit_contemporaneous.csv,
contemp_CPU_green_minus_brown_FF3_RATE_post2010_t,-1.2803985245115619,M1_signal_audit_contemporaneous.csv,
contemp_CPU_green_minus_brown_FF3_RATE_post2010_p,0.20040501263233323,M1_signal_audit_contemporaneous.csv,
contemp_CPU_green_minus_brown_FF3_RATE_post2010_n,189,M1_signal_audit_contemporaneous.csv,
contemp_CPU_green_minus_brown_FF3_RATE_post2010_start,2010-01,M1_signal_audit_contemporaneous.csv,
contemp_CPU_green_minus_brown_FF3_RATE_validation_slope_pct,-0.2536930271666629,M1_signal_audit_contemporaneous.csv,
contemp_CPU_green_minus_brown_FF3_RATE_validation_t,-1.6959921141246381,M1_signal_audit_contemporaneous.csv,
contemp_CPU_green_minus_brown_FF3_RATE_validation_p,0.08988737350026214,M1_signal_audit_contemporaneous.csv,
contemp_CPU_green_minus_brown_FF3_RATE_validation_n,151,M1_signal_audit_contemporaneous.csv,
contemp_CPU_green_minus_brown_FF3_RATE_validation_start,2010-01,M1_signal_audit_contemporaneous.csv,
contemp_CPU_green_minus_brown_FF3_RATE_holdout_slope_pct,-0.08712493477145651,M1_signal_audit_contemporaneous.csv,
contemp_CPU_green_minus_brown_FF3_RATE_holdout_t,-0.4021593697199561,M1_signal_audit_contemporaneous.csv,
contemp_CPU_green_minus_brown_FF3_RATE_holdout_p,0.6875667419168151,M1_signal_audit_contemporaneous.csv,
contemp_CPU_green_minus_brown_FF3_RATE_holdout_n,38,M1_signal_audit_contemporaneous.csv,
contemp_CPU_green_minus_brown_FF3_RATE_holdout_start,2022-08,M1_signal_audit_contemporaneous.csv,
contemp_CPU_green_excess_none_full_slope_pct,-0.11945420558250898,M1_signal_audit_contemporaneous.csv,
contemp_CPU_green_excess_none_full_t,-0.39530064150447003,M1_signal_audit_contemporaneous.csv,
contemp_CPU_green_excess_none_full_p,0.6926210260326868,M1_signal_audit_contemporaneous.csv,
contemp_CPU_green_excess_none_full_n,425,M1_signal_audit_contemporaneous.csv,
contemp_CPU_green_excess_none_full_start,1990-05,M1_signal_audit_contemporaneous.csv,
contemp_CPU_brown_excess_none_full_slope_pct,0.040078963452588816,M1_signal_audit_contemporaneous.csv,
contemp_CPU_brown_excess_none_full_t,0.12122512542603048,M1_signal_audit_contemporaneous.csv,
contemp_CPU_brown_excess_none_full_p,0.903512723660403,M1_signal_audit_contemporaneous.csv,
contemp_CPU_brown_excess_none_full_n,425,M1_signal_audit_contemporaneous.csv,
contemp_CPU_brown_excess_none_full_start,1990-05,M1_signal_audit_contemporaneous.csv,
contemp_MCCC_fullAR1_green_minus_brown_none_full_slope_pct,-0.07447596485325074,M1_signal_audit_contemporaneous.csv,
contemp_MCCC_fullAR1_green_minus_brown_none_full_t,-0.465812670144807,M1_signal_audit_contemporaneous.csv,
contemp_MCCC_fullAR1_green_minus_brown_none_full_p,0.6413495951222861,M1_signal_audit_contemporaneous.csv,
contemp_MCCC_fullAR1_green_minus_brown_none_full_n,269,M1_signal_audit_contemporaneous.csv,
contemp_MCCC_fullAR1_green_minus_brown_none_full_start,2003-02,M1_signal_audit_contemporaneous.csv,
contemp_MCCC_fullAR1_green_minus_brown_none_post2010_slope_pct,-0.06095875949471465,M1_signal_audit_contemporaneous.csv,
contemp_MCCC_fullAR1_green_minus_brown_none_post2010_t,-0.33950819848331665,M1_signal_audit_contemporaneous.csv,
contemp_MCCC_fullAR1_green_minus_brown_none_post2010_p,0.734226921973965,M1_signal_audit_contemporaneous.csv,
contemp_MCCC_fullAR1_green_minus_brown_none_post2010_n,186,M1_signal_audit_contemporaneous.csv,
contemp_MCCC_fullAR1_green_minus_brown_none_post2010_start,2010-01,M1_signal_audit_contemporaneous.csv,
contemp_MCCC_fullAR1_green_minus_brown_none_validation_slope_pct,-0.003935847094507219,M1_signal_audit_contemporaneous.csv,
contemp_MCCC_fullAR1_green_minus_brown_none_validation_t,-0.016856383662676805,M1_signal_audit_contemporaneous.csv,
contemp_MCCC_fullAR1_green_minus_brown_none_validation_p,0.9865511886132521,M1_signal_audit_contemporaneous.csv,
contemp_MCCC_fullAR1_green_minus_brown_none_validation_n,151,M1_signal_audit_contemporaneous.csv,
contemp_MCCC_fullAR1_green_minus_brown_none_validation_start,2010-01,M1_signal_audit_contemporaneous.csv,
contemp_MCCC_fullAR1_green_minus_brown_none_holdout_slope_pct,-0.1467261293741584,M1_signal_audit_contemporaneous.csv,
contemp_MCCC_fullAR1_green_minus_brown_none_holdout_t,-0.4866510979885242,M1_signal_audit_contemporaneous.csv,
contemp_MCCC_fullAR1_green_minus_brown_none_holdout_p,0.6265056057301426,M1_signal_audit_contemporaneous.csv,
contemp_MCCC_fullAR1_green_minus_brown_none_holdout_n,35,M1_signal_audit_contemporaneous.csv,
contemp_MCCC_fullAR1_green_minus_brown_none_holdout_start,2022-08,M1_signal_audit_contemporaneous.csv,
contemp_MCCC_fullAR1_green_minus_brown_none_covid_slope_pct,0.5144547628409171,M1_signal_audit_contemporaneous.csv,
contemp_MCCC_fullAR1_green_minus_brown_none_covid_t,0.9494466769555848,M1_signal_audit_contemporaneous.csv,
contemp_MCCC_fullAR1_green_minus_brown_none_covid_p,0.34239347997186176,M1_signal_audit_contemporaneous.csv,
contemp_MCCC_fullAR1_green_minus_brown_none_covid_n,24,M1_signal_audit_contemporaneous.csv,
contemp_MCCC_fullAR1_green_minus_brown_none_covid_start,2020-01,M1_signal_audit_contemporaneous.csv,
contemp_MCCC_fullAR1_green_minus_brown_FF3_full_slope_pct,-0.03721503685252086,M1_signal_audit_contemporaneous.csv,
contemp_MCCC_fullAR1_green_minus_brown_FF3_full_t,-0.2653849802750079,M1_signal_audit_contemporaneous.csv,
contemp_MCCC_fullAR1_green_minus_brown_FF3_full_p,0.7907129054763212,M1_signal_audit_contemporaneous.csv,
contemp_MCCC_fullAR1_green_minus_brown_FF3_full_n,269,M1_signal_audit_contemporaneous.csv,
contemp_MCCC_fullAR1_green_minus_brown_FF3_full_start,2003-02,M1_signal_audit_contemporaneous.csv,
contemp_MCCC_fullAR1_green_minus_brown_FF3_post2010_slope_pct,0.028434840417945348,M1_signal_audit_contemporaneous.csv,
contemp_MCCC_fullAR1_green_minus_brown_FF3_post2010_t,0.19621766677270558,M1_signal_audit_contemporaneous.csv,
contemp_MCCC_fullAR1_green_minus_brown_FF3_post2010_p,0.8444398007511242,M1_signal_audit_contemporaneous.csv,
contemp_MCCC_fullAR1_green_minus_brown_FF3_post2010_n,186,M1_signal_audit_contemporaneous.csv,
contemp_MCCC_fullAR1_green_minus_brown_FF3_post2010_start,2010-01,M1_signal_audit_contemporaneous.csv,
contemp_MCCC_fullAR1_green_minus_brown_FF3_validation_slope_pct,0.07193162282964466,M1_signal_audit_contemporaneous.csv,
contemp_MCCC_fullAR1_green_minus_brown_FF3_validation_t,0.33800111081946815,M1_signal_audit_contemporaneous.csv,
contemp_MCCC_fullAR1_green_minus_brown_FF3_validation_p,0.735362350680478,M1_signal_audit_contemporaneous.csv,
contemp_MCCC_fullAR1_green_minus_brown_FF3_validation_n,151,M1_signal_audit_contemporaneous.csv,
contemp_MCCC_fullAR1_green_minus_brown_FF3_validation_start,2010-01,M1_signal_audit_contemporaneous.csv,
contemp_MCCC_fullAR1_green_minus_brown_FF3_holdout_slope_pct,-0.018319532159800044,M1_signal_audit_contemporaneous.csv,
contemp_MCCC_fullAR1_green_minus_brown_FF3_holdout_t,-0.07540447301189948,M1_signal_audit_contemporaneous.csv,
contemp_MCCC_fullAR1_green_minus_brown_FF3_holdout_p,0.939892900395303,M1_signal_audit_contemporaneous.csv,
contemp_MCCC_fullAR1_green_minus_brown_FF3_holdout_n,35,M1_signal_audit_contemporaneous.csv,
contemp_MCCC_fullAR1_green_minus_brown_FF3_holdout_start,2022-08,M1_signal_audit_contemporaneous.csv,
contemp_MCCC_fullAR1_green_minus_brown_FF3_RATE_full_slope_pct,-0.009998396234733024,M1_signal_audit_contemporaneous.csv,
contemp_MCCC_fullAR1_green_minus_brown_FF3_RATE_full_t,-0.07050431544738621,M1_signal_audit_contemporaneous.csv,
contemp_MCCC_fullAR1_green_minus_brown_FF3_RATE_full_p,0.943792265869612,M1_signal_audit_contemporaneous.csv,
contemp_MCCC_fullAR1_green_minus_brown_FF3_RATE_full_n,269,M1_signal_audit_contemporaneous.csv,
contemp_MCCC_fullAR1_green_minus_brown_FF3_RATE_full_start,2003-02,M1_signal_audit_contemporaneous.csv,
contemp_MCCC_fullAR1_green_minus_brown_FF3_RATE_post2010_slope_pct,0.04325125860623166,M1_signal_audit_contemporaneous.csv,
contemp_MCCC_fullAR1_green_minus_brown_FF3_RATE_post2010_t,0.29260505261843023,M1_signal_audit_contemporaneous.csv,
contemp_MCCC_fullAR1_green_minus_brown_FF3_RATE_post2010_p,0.7698240512966685,M1_signal_audit_contemporaneous.csv,
contemp_MCCC_fullAR1_green_minus_brown_FF3_RATE_post2010_n,186,M1_signal_audit_contemporaneous.csv,
contemp_MCCC_fullAR1_green_minus_brown_FF3_RATE_post2010_start,2010-01,M1_signal_audit_contemporaneous.csv,
contemp_MCCC_fullAR1_green_minus_brown_FF3_RATE_validation_slope_pct,0.07215295212122473,M1_signal_audit_contemporaneous.csv,
contemp_MCCC_fullAR1_green_minus_brown_FF3_RATE_validation_t,0.3372428338137567,M1_signal_audit_contemporaneous.csv,
contemp_MCCC_fullAR1_green_minus_brown_FF3_RATE_validation_p,0.7359338498841353,M1_signal_audit_contemporaneous.csv,
contemp_MCCC_fullAR1_green_minus_brown_FF3_RATE_validation_n,151,M1_signal_audit_contemporaneous.csv,
contemp_MCCC_fullAR1_green_minus_brown_FF3_RATE_validation_start,2010-01,M1_signal_audit_contemporaneous.csv,
contemp_MCCC_fullAR1_green_minus_brown_FF3_RATE_holdout_slope_pct,0.04945135579528846,M1_signal_audit_contemporaneous.csv,
contemp_MCCC_fullAR1_green_minus_brown_FF3_RATE_holdout_t,0.20071472633401768,M1_signal_audit_contemporaneous.csv,
contemp_MCCC_fullAR1_green_minus_brown_FF3_RATE_holdout_p,0.8409216440968168,M1_signal_audit_contemporaneous.csv,
contemp_MCCC_fullAR1_green_minus_brown_FF3_RATE_holdout_n,35,M1_signal_audit_contemporaneous.csv,
contemp_MCCC_fullAR1_green_minus_brown_FF3_RATE_holdout_start,2022-08,M1_signal_audit_contemporaneous.csv,
contemp_MCCC_transition_green_minus_brown_none_full_slope_pct,-0.08181433432087161,M1_signal_audit_contemporaneous.csv,
contemp_MCCC_transition_green_minus_brown_none_full_t,-0.4342083619798039,M1_signal_audit_contemporaneous.csv,
contemp_MCCC_transition_green_minus_brown_none_full_p,0.6641371414067081,M1_signal_audit_contemporaneous.csv,
contemp_MCCC_transition_green_minus_brown_none_full_n,233,M1_signal_audit_contemporaneous.csv,
contemp_MCCC_transition_green_minus_brown_none_full_start,2006-02,M1_signal_audit_contemporaneous.csv,
contemp_MCCC_transition_green_minus_brown_none_post2010_slope_pct,-0.022302358911697823,M1_signal_audit_contemporaneous.csv,
contemp_MCCC_transition_green_minus_brown_none_post2010_t,-0.11136389764420941,M1_signal_audit_contemporaneous.csv,
contemp_MCCC_transition_green_minus_brown_none_post2010_p,0.9113277874474739,M1_signal_audit_contemporaneous.csv,
contemp_MCCC_transition_green_minus_brown_none_post2010_n,186,M1_signal_audit_contemporaneous.csv,
contemp_MCCC_transition_green_minus_brown_none_post2010_start,2010-01,M1_signal_audit_contemporaneous.csv,
contemp_MCCC_transition_green_minus_brown_none_validation_slope_pct,-0.003165039193004359,M1_signal_audit_contemporaneous.csv,
contemp_MCCC_transition_green_minus_brown_none_validation_t,-0.013938071444202801,M1_signal_audit_contemporaneous.csv,
contemp_MCCC_transition_green_minus_brown_none_validation_p,0.9888793880550447,M1_signal_audit_contemporaneous.csv,
contemp_MCCC_transition_green_minus_brown_none_validation_n,151,M1_signal_audit_contemporaneous.csv,
contemp_MCCC_transition_green_minus_brown_none_validation_start,2010-01,M1_signal_audit_contemporaneous.csv,
contemp_MCCC_transition_green_minus_brown_none_holdout_slope_pct,-0.08747448463639321,M1_signal_audit_contemporaneous.csv,
contemp_MCCC_transition_green_minus_brown_none_holdout_t,-0.18639583414437122,M1_signal_audit_contemporaneous.csv,
contemp_MCCC_transition_green_minus_brown_none_holdout_p,0.8521343590574151,M1_signal_audit_contemporaneous.csv,
contemp_MCCC_transition_green_minus_brown_none_holdout_n,35,M1_signal_audit_contemporaneous.csv,
contemp_MCCC_transition_green_minus_brown_none_holdout_start,2022-08,M1_signal_audit_contemporaneous.csv,
contemp_MCCC_transition_green_minus_brown_none_covid_slope_pct,0.4731524817368871,M1_signal_audit_contemporaneous.csv,
contemp_MCCC_transition_green_minus_brown_none_covid_t,1.14532193056133,M1_signal_audit_contemporaneous.csv,
contemp_MCCC_transition_green_minus_brown_none_covid_p,0.25207582464959366,M1_signal_audit_contemporaneous.csv,
contemp_MCCC_transition_green_minus_brown_none_covid_n,24,M1_signal_audit_contemporaneous.csv,
contemp_MCCC_transition_green_minus_brown_none_covid_start,2020-01,M1_signal_audit_contemporaneous.csv,
contemp_MCCC_transition_green_minus_brown_FF3_full_slope_pct,-0.05983928813821182,M1_signal_audit_contemporaneous.csv,
contemp_MCCC_transition_green_minus_brown_FF3_full_t,-0.3489999115800933,M1_signal_audit_contemporaneous.csv,
contemp_MCCC_transition_green_minus_brown_FF3_full_p,0.7270893759475578,M1_signal_audit_contemporaneous.csv,
contemp_MCCC_transition_green_minus_brown_FF3_full_n,233,M1_signal_audit_contemporaneous.csv,
contemp_MCCC_transition_green_minus_brown_FF3_full_start,2006-02,M1_signal_audit_contemporaneous.csv,
contemp_MCCC_transition_green_minus_brown_FF3_post2010_slope_pct,0.02782128965988143,M1_signal_audit_contemporaneous.csv,
contemp_MCCC_transition_green_minus_brown_FF3_post2010_t,0.16801809566167603,M1_signal_audit_contemporaneous.csv,
contemp_MCCC_transition_green_minus_brown_FF3_post2010_p,0.8665690431730337,M1_signal_audit_contemporaneous.csv,
contemp_MCCC_transition_green_minus_brown_FF3_post2010_n,186,M1_signal_audit_contemporaneous.csv,
contemp_MCCC_transition_green_minus_brown_FF3_post2010_start,2010-01,M1_signal_audit_contemporaneous.csv,
contemp_MCCC_transition_green_minus_brown_FF3_validation_slope_pct,0.02715762319705084,M1_signal_audit_contemporaneous.csv,
contemp_MCCC_transition_green_minus_brown_FF3_validation_t,0.13093073451457848,M1_signal_audit_contemporaneous.csv,
contemp_MCCC_transition_green_minus_brown_FF3_validation_p,0.8958301013348354,M1_signal_audit_contemporaneous.csv,
contemp_MCCC_transition_green_minus_brown_FF3_validation_n,151,M1_signal_audit_contemporaneous.csv,
contemp_MCCC_transition_green_minus_brown_FF3_validation_start,2010-01,M1_signal_audit_contemporaneous.csv,
contemp_MCCC_transition_green_minus_brown_FF3_holdout_slope_pct,0.06520704968024772,M1_signal_audit_contemporaneous.csv,
contemp_MCCC_transition_green_minus_brown_FF3_holdout_t,0.19360238433422355,M1_signal_audit_contemporaneous.csv,
contemp_MCCC_transition_green_minus_brown_FF3_holdout_p,0.8464872310885193,M1_signal_audit_contemporaneous.csv,
contemp_MCCC_transition_green_minus_brown_FF3_holdout_n,35,M1_signal_audit_contemporaneous.csv,
contemp_MCCC_transition_green_minus_brown_FF3_holdout_start,2022-08,M1_signal_audit_contemporaneous.csv,
contemp_MCCC_transition_green_minus_brown_FF3_RATE_full_slope_pct,-0.032279209766960505,M1_signal_audit_contemporaneous.csv,
contemp_MCCC_transition_green_minus_brown_FF3_RATE_full_t,-0.18771911970498004,M1_signal_audit_contemporaneous.csv,
contemp_MCCC_transition_green_minus_brown_FF3_RATE_full_p,0.8510968413584783,M1_signal_audit_contemporaneous.csv,
contemp_MCCC_transition_green_minus_brown_FF3_RATE_full_n,233,M1_signal_audit_contemporaneous.csv,
contemp_MCCC_transition_green_minus_brown_FF3_RATE_full_start,2006-02,M1_signal_audit_contemporaneous.csv,
contemp_MCCC_transition_green_minus_brown_FF3_RATE_post2010_slope_pct,0.04534544644379546,M1_signal_audit_contemporaneous.csv,
contemp_MCCC_transition_green_minus_brown_FF3_RATE_post2010_t,0.26786276269010556,M1_signal_audit_contemporaneous.csv,
contemp_MCCC_transition_green_minus_brown_FF3_RATE_post2010_p,0.7888049576308349,M1_signal_audit_contemporaneous.csv,
contemp_MCCC_transition_green_minus_brown_FF3_RATE_post2010_n,186,M1_signal_audit_contemporaneous.csv,
contemp_MCCC_transition_green_minus_brown_FF3_RATE_post2010_start,2010-01,M1_signal_audit_contemporaneous.csv,
contemp_MCCC_transition_green_minus_brown_FF3_RATE_validation_slope_pct,0.027337777155432022,M1_signal_audit_contemporaneous.csv,
contemp_MCCC_transition_green_minus_brown_FF3_RATE_validation_t,0.13017413923337945,M1_signal_audit_contemporaneous.csv,
contemp_MCCC_transition_green_minus_brown_FF3_RATE_validation_p,0.8964286543671902,M1_signal_audit_contemporaneous.csv,
contemp_MCCC_transition_green_minus_brown_FF3_RATE_validation_n,151,M1_signal_audit_contemporaneous.csv,
contemp_MCCC_transition_green_minus_brown_FF3_RATE_validation_start,2010-01,M1_signal_audit_contemporaneous.csv,
contemp_MCCC_transition_green_minus_brown_FF3_RATE_holdout_slope_pct,0.10997047954947382,M1_signal_audit_contemporaneous.csv,
contemp_MCCC_transition_green_minus_brown_FF3_RATE_holdout_t,0.3439773665548782,M1_signal_audit_contemporaneous.csv,
contemp_MCCC_transition_green_minus_brown_FF3_RATE_holdout_p,0.7308633075232249,M1_signal_audit_contemporaneous.csv,
contemp_MCCC_transition_green_minus_brown_FF3_RATE_holdout_n,35,M1_signal_audit_contemporaneous.csv,
contemp_MCCC_transition_green_minus_brown_FF3_RATE_holdout_start,2022-08,M1_signal_audit_contemporaneous.csv,
contemp_CPU_fullAR1_green_minus_brown_none_full_slope_pct,-0.1644461864255292,M1_signal_audit_contemporaneous.csv,
contemp_CPU_fullAR1_green_minus_brown_none_full_t,-1.3825269559593854,M1_signal_audit_contemporaneous.csv,
contemp_CPU_fullAR1_green_minus_brown_none_full_p,0.16680995959115108,M1_signal_audit_contemporaneous.csv,
contemp_CPU_fullAR1_green_minus_brown_none_full_n,461,M1_signal_audit_contemporaneous.csv,
contemp_CPU_fullAR1_green_minus_brown_none_full_start,1987-05,M1_signal_audit_contemporaneous.csv,
contemp_CPU_fullAR1_green_minus_brown_none_post2010_slope_pct,-0.2161218276774044,M1_signal_audit_contemporaneous.csv,
contemp_CPU_fullAR1_green_minus_brown_none_post2010_t,-1.5899601507204757,M1_signal_audit_contemporaneous.csv,
contemp_CPU_fullAR1_green_minus_brown_none_post2010_p,0.1118437876863682,M1_signal_audit_contemporaneous.csv,
contemp_CPU_fullAR1_green_minus_brown_none_post2010_n,189,M1_signal_audit_contemporaneous.csv,
contemp_CPU_fullAR1_green_minus_brown_none_post2010_start,2010-01,M1_signal_audit_contemporaneous.csv,
contemp_CPU_fullAR1_green_minus_brown_none_validation_slope_pct,-0.2738203974238713,M1_signal_audit_contemporaneous.csv,
contemp_CPU_fullAR1_green_minus_brown_none_validation_t,-1.5501963740386393,M1_signal_audit_contemporaneous.csv,
contemp_CPU_fullAR1_green_minus_brown_none_validation_p,0.12109438987262522,M1_signal_audit_contemporaneous.csv,
contemp_CPU_fullAR1_green_minus_brown_none_validation_n,151,M1_signal_audit_contemporaneous.csv,
contemp_CPU_fullAR1_green_minus_brown_none_validation_start,2010-01,M1_signal_audit_contemporaneous.csv,
contemp_CPU_fullAR1_green_minus_brown_none_holdout_slope_pct,-0.13079511713915964,M1_signal_audit_contemporaneous.csv,
contemp_CPU_fullAR1_green_minus_brown_none_holdout_t,-0.7553597815929781,M1_signal_audit_contemporaneous.csv,
contemp_CPU_fullAR1_green_minus_brown_none_holdout_p,0.45003313788573973,M1_signal_audit_contemporaneous.csv,
contemp_CPU_fullAR1_green_minus_brown_none_holdout_n,38,M1_signal_audit_contemporaneous.csv,
contemp_CPU_fullAR1_green_minus_brown_none_holdout_start,2022-08,M1_signal_audit_contemporaneous.csv,
contemp_CPU_fullAR1_green_minus_brown_none_covid_slope_pct,0.24724367474137188,M1_signal_audit_contemporaneous.csv,
contemp_CPU_fullAR1_green_minus_brown_none_covid_t,0.9081420651253344,M1_signal_audit_contemporaneous.csv,
contemp_CPU_fullAR1_green_minus_brown_none_covid_p,0.36380316841492866,M1_signal_audit_contemporaneous.csv,
contemp_CPU_fullAR1_green_minus_brown_none_covid_n,24,M1_signal_audit_contemporaneous.csv,
contemp_CPU_fullAR1_green_minus_brown_none_covid_start,2020-01,M1_signal_audit_contemporaneous.csv,
contemp_CPU_fullAR1_green_minus_brown_FF3_full_slope_pct,-0.16283150432362206,M1_signal_audit_contemporaneous.csv,
contemp_CPU_fullAR1_green_minus_brown_FF3_full_t,-1.3747441826993134,M1_signal_audit_contemporaneous.csv,
contemp_CPU_fullAR1_green_minus_brown_FF3_full_p,0.1692107682906222,M1_signal_audit_contemporaneous.csv,
contemp_CPU_fullAR1_green_minus_brown_FF3_full_n,461,M1_signal_audit_contemporaneous.csv,
contemp_CPU_fullAR1_green_minus_brown_FF3_full_start,1987-05,M1_signal_audit_contemporaneous.csv,
contemp_CPU_fullAR1_green_minus_brown_FF3_post2010_slope_pct,-0.1767415515261228,M1_signal_audit_contemporaneous.csv,
contemp_CPU_fullAR1_green_minus_brown_FF3_post2010_t,-1.3118409816140812,M1_signal_audit_contemporaneous.csv,
contemp_CPU_fullAR1_green_minus_brown_FF3_post2010_p,0.18957379417401488,M1_signal_audit_contemporaneous.csv,
contemp_CPU_fullAR1_green_minus_brown_FF3_post2010_n,189,M1_signal_audit_contemporaneous.csv,
contemp_CPU_fullAR1_green_minus_brown_FF3_post2010_start,2010-01,M1_signal_audit_contemporaneous.csv,
contemp_CPU_fullAR1_green_minus_brown_FF3_validation_slope_pct,-0.2545681908717108,M1_signal_audit_contemporaneous.csv,
contemp_CPU_fullAR1_green_minus_brown_FF3_validation_t,-1.801529808443683,M1_signal_audit_contemporaneous.csv,
contemp_CPU_fullAR1_green_minus_brown_FF3_validation_p,0.07161941335988845,M1_signal_audit_contemporaneous.csv,
contemp_CPU_fullAR1_green_minus_brown_FF3_validation_n,151,M1_signal_audit_contemporaneous.csv,
contemp_CPU_fullAR1_green_minus_brown_FF3_validation_start,2010-01,M1_signal_audit_contemporaneous.csv,
contemp_CPU_fullAR1_green_minus_brown_FF3_holdout_slope_pct,-0.09134957371677854,M1_signal_audit_contemporaneous.csv,
contemp_CPU_fullAR1_green_minus_brown_FF3_holdout_t,-0.4484235905486942,M1_signal_audit_contemporaneous.csv,
contemp_CPU_fullAR1_green_minus_brown_FF3_holdout_p,0.6538475195924114,M1_signal_audit_contemporaneous.csv,
contemp_CPU_fullAR1_green_minus_brown_FF3_holdout_n,38,M1_signal_audit_contemporaneous.csv,
contemp_CPU_fullAR1_green_minus_brown_FF3_holdout_start,2022-08,M1_signal_audit_contemporaneous.csv,
contemp_CPU_fullAR1_green_minus_brown_FF3_RATE_full_slope_pct,-0.16586804947507916,M1_signal_audit_contemporaneous.csv,
contemp_CPU_fullAR1_green_minus_brown_FF3_RATE_full_t,-1.3871860932056452,M1_signal_audit_contemporaneous.csv,
contemp_CPU_fullAR1_green_minus_brown_FF3_RATE_full_p,0.1653850249149864,M1_signal_audit_contemporaneous.csv,
contemp_CPU_fullAR1_green_minus_brown_FF3_RATE_full_n,461,M1_signal_audit_contemporaneous.csv,
contemp_CPU_fullAR1_green_minus_brown_FF3_RATE_full_start,1987-05,M1_signal_audit_contemporaneous.csv,
contemp_CPU_fullAR1_green_minus_brown_FF3_RATE_post2010_slope_pct,-0.1894018491958819,M1_signal_audit_contemporaneous.csv,
contemp_CPU_fullAR1_green_minus_brown_FF3_RATE_post2010_t,-1.3645302370882024,M1_signal_audit_contemporaneous.csv,
contemp_CPU_fullAR1_green_minus_brown_FF3_RATE_post2010_p,0.17240074435895036,M1_signal_audit_contemporaneous.csv,
contemp_CPU_fullAR1_green_minus_brown_FF3_RATE_post2010_n,189,M1_signal_audit_contemporaneous.csv,
contemp_CPU_fullAR1_green_minus_brown_FF3_RATE_post2010_start,2010-01,M1_signal_audit_contemporaneous.csv,
contemp_CPU_fullAR1_green_minus_brown_FF3_RATE_validation_slope_pct,-0.25796324866000847,M1_signal_audit_contemporaneous.csv,
contemp_CPU_fullAR1_green_minus_brown_FF3_RATE_validation_t,-1.7868409155834706,M1_signal_audit_contemporaneous.csv,
contemp_CPU_fullAR1_green_minus_brown_FF3_RATE_validation_p,0.07396320425900306,M1_signal_audit_contemporaneous.csv,
contemp_CPU_fullAR1_green_minus_brown_FF3_RATE_validation_n,151,M1_signal_audit_contemporaneous.csv,
contemp_CPU_fullAR1_green_minus_brown_FF3_RATE_validation_start,2010-01,M1_signal_audit_contemporaneous.csv,
contemp_CPU_fullAR1_green_minus_brown_FF3_RATE_holdout_slope_pct,-0.09527077263514395,M1_signal_audit_contemporaneous.csv,
contemp_CPU_fullAR1_green_minus_brown_FF3_RATE_holdout_t,-0.43819555784304876,M1_signal_audit_contemporaneous.csv,
contemp_CPU_fullAR1_green_minus_brown_FF3_RATE_holdout_p,0.6612445284562889,M1_signal_audit_contemporaneous.csv,
contemp_CPU_fullAR1_green_minus_brown_FF3_RATE_holdout_n,38,M1_signal_audit_contemporaneous.csv,
contemp_CPU_fullAR1_green_minus_brown_FF3_RATE_holdout_start,2022-08,M1_signal_audit_contemporaneous.csv,
contemp_EMV_env_green_minus_brown_none_full_slope_pct,-0.03567043505182855,M1_signal_audit_contemporaneous.csv,
contemp_EMV_env_green_minus_brown_none_full_t,-0.2756228963377979,M1_signal_audit_contemporaneous.csv,
contemp_EMV_env_green_minus_brown_none_full_p,0.7828377218763198,M1_signal_audit_contemporaneous.csv,
contemp_EMV_env_green_minus_brown_none_full_n,462,M1_signal_audit_contemporaneous.csv,
contemp_EMV_env_green_minus_brown_none_full_start,1988-02,M1_signal_audit_contemporaneous.csv,
contemp_EMV_env_green_minus_brown_none_post2010_slope_pct,0.03673908071827518,M1_signal_audit_contemporaneous.csv,
contemp_EMV_env_green_minus_brown_none_post2010_t,0.24364691197724406,M1_signal_audit_contemporaneous.csv,
contemp_EMV_env_green_minus_brown_none_post2010_p,0.8075042924229524,M1_signal_audit_contemporaneous.csv,
contemp_EMV_env_green_minus_brown_none_post2010_n,199,M1_signal_audit_contemporaneous.csv,
contemp_EMV_env_green_minus_brown_none_post2010_start,2010-01,M1_signal_audit_contemporaneous.csv,
contemp_EMV_env_green_minus_brown_none_validation_slope_pct,-0.056354161049238814,M1_signal_audit_contemporaneous.csv,
contemp_EMV_env_green_minus_brown_none_validation_t,-0.31088036759347804,M1_signal_audit_contemporaneous.csv,
contemp_EMV_env_green_minus_brown_none_validation_p,0.7558915698672277,M1_signal_audit_contemporaneous.csv,
contemp_EMV_env_green_minus_brown_none_validation_n,151,M1_signal_audit_contemporaneous.csv,
contemp_EMV_env_green_minus_brown_none_validation_start,2010-01,M1_signal_audit_contemporaneous.csv,
contemp_EMV_env_green_minus_brown_none_holdout_slope_pct,0.10796617600313269,M1_signal_audit_contemporaneous.csv,
contemp_EMV_env_green_minus_brown_none_holdout_t,0.4037786352962008,M1_signal_audit_contemporaneous.csv,
contemp_EMV_env_green_minus_brown_none_holdout_p,0.6863755085110247,M1_signal_audit_contemporaneous.csv,
contemp_EMV_env_green_minus_brown_none_holdout_n,48,M1_signal_audit_contemporaneous.csv,
contemp_EMV_env_green_minus_brown_none_holdout_start,2022-08,M1_signal_audit_contemporaneous.csv,
contemp_EMV_env_green_minus_brown_none_covid_slope_pct,0.18289420707740528,M1_signal_audit_contemporaneous.csv,
contemp_EMV_env_green_minus_brown_none_covid_t,0.31703816257648815,M1_signal_audit_contemporaneous.csv,
contemp_EMV_env_green_minus_brown_none_covid_p,0.7512146452107257,M1_signal_audit_contemporaneous.csv,
contemp_EMV_env_green_minus_brown_none_covid_n,24,M1_signal_audit_contemporaneous.csv,
contemp_EMV_env_green_minus_brown_none_covid_start,2020-01,M1_signal_audit_contemporaneous.csv,
contemp_EMV_env_green_minus_brown_FF3_full_slope_pct,0.003041413956691859,M1_signal_audit_contemporaneous.csv,
contemp_EMV_env_green_minus_brown_FF3_full_t,0.02692795384553722,M1_signal_audit_contemporaneous.csv,
contemp_EMV_env_green_minus_brown_FF3_full_p,0.9785171976532945,M1_signal_audit_contemporaneous.csv,
contemp_EMV_env_green_minus_brown_FF3_full_n,462,M1_signal_audit_contemporaneous.csv,
contemp_EMV_env_green_minus_brown_FF3_full_start,1988-02,M1_signal_audit_contemporaneous.csv,
contemp_EMV_env_green_minus_brown_FF3_post2010_slope_pct,0.03707544570765744,M1_signal_audit_contemporaneous.csv,
contemp_EMV_env_green_minus_brown_FF3_post2010_t,0.28250482026235807,M1_signal_audit_contemporaneous.csv,
contemp_EMV_env_green_minus_brown_FF3_post2010_p,0.7775564510148709,M1_signal_audit_contemporaneous.csv,
contemp_EMV_env_green_minus_brown_FF3_post2010_n,199,M1_signal_audit_contemporaneous.csv,
contemp_EMV_env_green_minus_brown_FF3_post2010_start,2010-01,M1_signal_audit_contemporaneous.csv,
contemp_EMV_env_green_minus_brown_FF3_validation_slope_pct,-0.06248168355371225,M1_signal_audit_contemporaneous.csv,
contemp_EMV_env_green_minus_brown_FF3_validation_t,-0.43128348204391465,M1_signal_audit_contemporaneous.csv,
contemp_EMV_env_green_minus_brown_FF3_validation_p,0.6662622592859586,M1_signal_audit_contemporaneous.csv,
contemp_EMV_env_green_minus_brown_FF3_validation_n,151,M1_signal_audit_contemporaneous.csv,
contemp_EMV_env_green_minus_brown_FF3_validation_start,2010-01,M1_signal_audit_contemporaneous.csv,
contemp_EMV_env_green_minus_brown_FF3_holdout_slope_pct,0.04565455575628523,M1_signal_audit_contemporaneous.csv,
contemp_EMV_env_green_minus_brown_FF3_holdout_t,0.1462686824750409,M1_signal_audit_contemporaneous.csv,
contemp_EMV_env_green_minus_brown_FF3_holdout_p,0.8837092876950097,M1_signal_audit_contemporaneous.csv,
contemp_EMV_env_green_minus_brown_FF3_holdout_n,48,M1_signal_audit_contemporaneous.csv,
contemp_EMV_env_green_minus_brown_FF3_holdout_start,2022-08,M1_signal_audit_contemporaneous.csv,
contemp_EMV_env_green_minus_brown_FF3_RATE_full_slope_pct,-0.012473031509785562,M1_signal_audit_contemporaneous.csv,
contemp_EMV_env_green_minus_brown_FF3_RATE_full_t,-0.10810174466237289,M1_signal_audit_contemporaneous.csv,
contemp_EMV_env_green_minus_brown_FF3_RATE_full_p,0.9139149842256458,M1_signal_audit_contemporaneous.csv,
contemp_EMV_env_green_minus_brown_FF3_RATE_full_n,462,M1_signal_audit_contemporaneous.csv,
contemp_EMV_env_green_minus_brown_FF3_RATE_full_start,1988-02,M1_signal_audit_contemporaneous.csv,
contemp_EMV_env_green_minus_brown_FF3_RATE_post2010_slope_pct,0.018713858103907362,M1_signal_audit_contemporaneous.csv,
contemp_EMV_env_green_minus_brown_FF3_RATE_post2010_t,0.13810926386669028,M1_signal_audit_contemporaneous.csv,
contemp_EMV_env_green_minus_brown_FF3_RATE_post2010_p,0.8901540644341629,M1_signal_audit_contemporaneous.csv,
contemp_EMV_env_green_minus_brown_FF3_RATE_post2010_n,199,M1_signal_audit_contemporaneous.csv,
contemp_EMV_env_green_minus_brown_FF3_RATE_post2010_start,2010-01,M1_signal_audit_contemporaneous.csv,
contemp_EMV_env_green_minus_brown_FF3_RATE_validation_slope_pct,-0.06404324452056631,M1_signal_audit_contemporaneous.csv,
contemp_EMV_env_green_minus_brown_FF3_RATE_validation_t,-0.40940562050442475,M1_signal_audit_contemporaneous.csv,
contemp_EMV_env_green_minus_brown_FF3_RATE_validation_p,0.6822420156497617,M1_signal_audit_contemporaneous.csv,
contemp_EMV_env_green_minus_brown_FF3_RATE_validation_n,151,M1_signal_audit_contemporaneous.csv,
contemp_EMV_env_green_minus_brown_FF3_RATE_validation_start,2010-01,M1_signal_audit_contemporaneous.csv,
contemp_EMV_env_green_minus_brown_FF3_RATE_holdout_slope_pct,-0.002396274902813746,M1_signal_audit_contemporaneous.csv,
contemp_EMV_env_green_minus_brown_FF3_RATE_holdout_t,-0.007596361861265251,M1_signal_audit_contemporaneous.csv,
contemp_EMV_env_green_minus_brown_FF3_RATE_holdout_p,0.9939390384436891,M1_signal_audit_contemporaneous.csv,
contemp_EMV_env_green_minus_brown_FF3_RATE_holdout_n,48,M1_signal_audit_contemporaneous.csv,
contemp_EMV_env_green_minus_brown_FF3_RATE_holdout_start,2022-08,M1_signal_audit_contemporaneous.csv,
contemp_EMV_env_share_green_minus_brown_none_full_slope_pct,-0.04066642464724815,M1_signal_audit_contemporaneous.csv,
contemp_EMV_env_share_green_minus_brown_none_full_t,-0.3109600328542067,M1_signal_audit_contemporaneous.csv,
contemp_EMV_env_share_green_minus_brown_none_full_p,0.7558310055086959,M1_signal_audit_contemporaneous.csv,
contemp_EMV_env_share_green_minus_brown_none_full_n,462,M1_signal_audit_contemporaneous.csv,
contemp_EMV_env_share_green_minus_brown_none_full_start,1988-02,M1_signal_audit_contemporaneous.csv,
contemp_EMV_env_share_green_minus_brown_none_post2010_slope_pct,0.12202639573471888,M1_signal_audit_contemporaneous.csv,
contemp_EMV_env_share_green_minus_brown_none_post2010_t,0.8603935990694211,M1_signal_audit_contemporaneous.csv,
contemp_EMV_env_share_green_minus_brown_none_post2010_p,0.38957211305488804,M1_signal_audit_contemporaneous.csv,
contemp_EMV_env_share_green_minus_brown_none_post2010_n,199,M1_signal_audit_contemporaneous.csv,
contemp_EMV_env_share_green_minus_brown_none_post2010_start,2010-01,M1_signal_audit_contemporaneous.csv,
contemp_EMV_env_share_green_minus_brown_none_validation_slope_pct,-0.023693931759690003,M1_signal_audit_contemporaneous.csv,
contemp_EMV_env_share_green_minus_brown_none_validation_t,-0.15428003315875136,M1_signal_audit_contemporaneous.csv,
contemp_EMV_env_share_green_minus_brown_none_validation_p,0.877388940050121,M1_signal_audit_contemporaneous.csv,
contemp_EMV_env_share_green_minus_brown_none_validation_n,151,M1_signal_audit_contemporaneous.csv,
contemp_EMV_env_share_green_minus_brown_none_validation_start,2010-01,M1_signal_audit_contemporaneous.csv,
contemp_EMV_env_share_green_minus_brown_none_holdout_slope_pct,0.41626269965655105,M1_signal_audit_contemporaneous.csv,
contemp_EMV_env_share_green_minus_brown_none_holdout_t,1.075077723665199,M1_signal_audit_contemporaneous.csv,
contemp_EMV_env_share_green_minus_brown_none_holdout_p,0.2823399319226225,M1_signal_audit_contemporaneous.csv,
contemp_EMV_env_share_green_minus_brown_none_holdout_n,48,M1_signal_audit_contemporaneous.csv,
contemp_EMV_env_share_green_minus_brown_none_holdout_start,2022-08,M1_signal_audit_contemporaneous.csv,
contemp_EMV_env_share_green_minus_brown_none_covid_slope_pct,0.10521512600858043,M1_signal_audit_contemporaneous.csv,
contemp_EMV_env_share_green_minus_brown_none_covid_t,0.2603365866636809,M1_signal_audit_contemporaneous.csv,
contemp_EMV_env_share_green_minus_brown_none_covid_p,0.794604153204619,M1_signal_audit_contemporaneous.csv,
contemp_EMV_env_share_green_minus_brown_none_covid_n,24,M1_signal_audit_contemporaneous.csv,
contemp_EMV_env_share_green_minus_brown_none_covid_start,2020-01,M1_signal_audit_contemporaneous.csv,
contemp_EMV_env_share_green_minus_brown_FF3_full_slope_pct,0.005071779672080273,M1_signal_audit_contemporaneous.csv,
contemp_EMV_env_share_green_minus_brown_FF3_full_t,0.04419372354475623,M1_signal_audit_contemporaneous.csv,
contemp_EMV_env_share_green_minus_brown_FF3_full_p,0.9647499850529851,M1_signal_audit_contemporaneous.csv,
contemp_EMV_env_share_green_minus_brown_FF3_full_n,462,M1_signal_audit_contemporaneous.csv,
contemp_EMV_env_share_green_minus_brown_FF3_full_start,1988-02,M1_signal_audit_contemporaneous.csv,
contemp_EMV_env_share_green_minus_brown_FF3_post2010_slope_pct,0.1600947182393027,M1_signal_audit_contemporaneous.csv,
contemp_EMV_env_share_green_minus_brown_FF3_post2010_t,1.287786536643319,M1_signal_audit_contemporaneous.csv,
contemp_EMV_env_share_green_minus_brown_FF3_post2010_p,0.19782028015038688,M1_signal_audit_contemporaneous.csv,
contemp_EMV_env_share_green_minus_brown_FF3_post2010_n,199,M1_signal_audit_contemporaneous.csv,
contemp_EMV_env_share_green_minus_brown_FF3_post2010_start,2010-01,M1_signal_audit_contemporaneous.csv,
contemp_EMV_env_share_green_minus_brown_FF3_validation_slope_pct,0.04934319942633588,M1_signal_audit_contemporaneous.csv,
contemp_EMV_env_share_green_minus_brown_FF3_validation_t,0.42380165791948826,M1_signal_audit_contemporaneous.csv,
contemp_EMV_env_share_green_minus_brown_FF3_validation_p,0.6717104689128847,M1_signal_audit_contemporaneous.csv,
contemp_EMV_env_share_green_minus_brown_FF3_validation_n,151,M1_signal_audit_contemporaneous.csv,
contemp_EMV_env_share_green_minus_brown_FF3_validation_start,2010-01,M1_signal_audit_contemporaneous.csv,
contemp_EMV_env_share_green_minus_brown_FF3_holdout_slope_pct,0.3491002007177179,M1_signal_audit_contemporaneous.csv,
contemp_EMV_env_share_green_minus_brown_FF3_holdout_t,0.8462457017761665,M1_signal_audit_contemporaneous.csv,
contemp_EMV_env_share_green_minus_brown_FF3_holdout_p,0.397415691613893,M1_signal_audit_contemporaneous.csv,
contemp_EMV_env_share_green_minus_brown_FF3_holdout_n,48,M1_signal_audit_contemporaneous.csv,
contemp_EMV_env_share_green_minus_brown_FF3_holdout_start,2022-08,M1_signal_audit_contemporaneous.csv,
contemp_EMV_env_share_green_minus_brown_FF3_RATE_full_slope_pct,-0.0013520324888173087,M1_signal_audit_contemporaneous.csv,
contemp_EMV_env_share_green_minus_brown_FF3_RATE_full_t,-0.011594587435476275,M1_signal_audit_contemporaneous.csv,
contemp_EMV_env_share_green_minus_brown_FF3_RATE_full_p,0.9907490649708914,M1_signal_audit_contemporaneous.csv,
contemp_EMV_env_share_green_minus_brown_FF3_RATE_full_n,462,M1_signal_audit_contemporaneous.csv,
contemp_EMV_env_share_green_minus_brown_FF3_RATE_full_start,1988-02,M1_signal_audit_contemporaneous.csv,
contemp_EMV_env_share_green_minus_brown_FF3_RATE_post2010_slope_pct,0.15092457885041147,M1_signal_audit_contemporaneous.csv,
contemp_EMV_env_share_green_minus_brown_FF3_RATE_post2010_t,1.221209860269226,M1_signal_audit_contemporaneous.csv,
contemp_EMV_env_share_green_minus_brown_FF3_RATE_post2010_p,0.22200657185258044,M1_signal_audit_contemporaneous.csv,
contemp_EMV_env_share_green_minus_brown_FF3_RATE_post2010_n,199,M1_signal_audit_contemporaneous.csv,
contemp_EMV_env_share_green_minus_brown_FF3_RATE_post2010_start,2010-01,M1_signal_audit_contemporaneous.csv,
contemp_EMV_env_share_green_minus_brown_FF3_RATE_validation_slope_pct,0.04962701409130564,M1_signal_audit_contemporaneous.csv,
contemp_EMV_env_share_green_minus_brown_FF3_RATE_validation_t,0.42505604593899177,M1_signal_audit_contemporaneous.csv,
contemp_EMV_env_share_green_minus_brown_FF3_RATE_validation_p,0.6707958186487673,M1_signal_audit_contemporaneous.csv,
contemp_EMV_env_share_green_minus_brown_FF3_RATE_validation_n,151,M1_signal_audit_contemporaneous.csv,
contemp_EMV_env_share_green_minus_brown_FF3_RATE_validation_start,2010-01,M1_signal_audit_contemporaneous.csv,
contemp_EMV_env_share_green_minus_brown_FF3_RATE_holdout_slope_pct,0.3174681188422757,M1_signal_audit_contemporaneous.csv,
contemp_EMV_env_share_green_minus_brown_FF3_RATE_holdout_t,0.7904081874957105,M1_signal_audit_contemporaneous.csv,
contemp_EMV_env_share_green_minus_brown_FF3_RATE_holdout_p,0.4292894221824677,M1_signal_audit_contemporaneous.csv,
contemp_EMV_env_share_green_minus_brown_FF3_RATE_holdout_n,48,M1_signal_audit_contemporaneous.csv,
contemp_EMV_env_share_green_minus_brown_FF3_RATE_holdout_start,2022-08,M1_signal_audit_contemporaneous.csv,
contemp_EMV_overall_green_minus_brown_none_full_slope_pct,0.1490683823856138,M1_signal_audit_contemporaneous.csv,
contemp_EMV_overall_green_minus_brown_none_full_t,0.8851189813231816,M1_signal_audit_contemporaneous.csv,
contemp_EMV_overall_green_minus_brown_none_full_p,0.3760924630157877,M1_signal_audit_contemporaneous.csv,
contemp_EMV_overall_green_minus_brown_none_full_n,462,M1_signal_audit_contemporaneous.csv,
contemp_EMV_overall_green_minus_brown_none_full_start,1988-02,M1_signal_audit_contemporaneous.csv,
contemp_EMV_overall_green_minus_brown_none_post2010_slope_pct,0.08816891141955698,M1_signal_audit_contemporaneous.csv,
contemp_EMV_overall_green_minus_brown_none_post2010_t,0.43293508183030105,M1_signal_audit_contemporaneous.csv,
contemp_EMV_overall_green_minus_brown_none_post2010_p,0.6650619326398494,M1_signal_audit_contemporaneous.csv,
contemp_EMV_overall_green_minus_brown_none_post2010_n,199,M1_signal_audit_contemporaneous.csv,
contemp_EMV_overall_green_minus_brown_none_post2010_start,2010-01,M1_signal_audit_contemporaneous.csv,
contemp_EMV_overall_green_minus_brown_none_validation_slope_pct,0.15266106885318756,M1_signal_audit_contemporaneous.csv,
contemp_EMV_overall_green_minus_brown_none_validation_t,0.5930232335875171,M1_signal_audit_contemporaneous.csv,
contemp_EMV_overall_green_minus_brown_none_validation_p,0.5531656035678134,M1_signal_audit_contemporaneous.csv,
contemp_EMV_overall_green_minus_brown_none_validation_n,151,M1_signal_audit_contemporaneous.csv,
contemp_EMV_overall_green_minus_brown_none_validation_start,2010-01,M1_signal_audit_contemporaneous.csv,
contemp_EMV_overall_green_minus_brown_none_holdout_slope_pct,-0.04775627704663083,M1_signal_audit_contemporaneous.csv,
contemp_EMV_overall_green_minus_brown_none_holdout_t,-0.29700337217858613,M1_signal_audit_contemporaneous.csv,
contemp_EMV_overall_green_minus_brown_none_holdout_p,0.7664639346173396,M1_signal_audit_contemporaneous.csv,
contemp_EMV_overall_green_minus_brown_none_holdout_n,48,M1_signal_audit_contemporaneous.csv,
contemp_EMV_overall_green_minus_brown_none_holdout_start,2022-08,M1_signal_audit_contemporaneous.csv,
contemp_EMV_overall_green_minus_brown_none_covid_slope_pct,0.6870931859675393,M1_signal_audit_contemporaneous.csv,
contemp_EMV_overall_green_minus_brown_none_covid_t,2.595712459191626,M1_signal_audit_contemporaneous.csv,
contemp_EMV_overall_green_minus_brown_none_covid_p,0.009439502385570972,M1_signal_audit_contemporaneous.csv,
contemp_EMV_overall_green_minus_brown_none_covid_n,24,M1_signal_audit_contemporaneous.csv,
contemp_EMV_overall_green_minus_brown_none_covid_start,2020-01,M1_signal_audit_contemporaneous.csv,
contemp_EMV_overall_green_minus_brown_FF3_full_slope_pct,0.18952343568168312,M1_signal_audit_contemporaneous.csv,
contemp_EMV_overall_green_minus_brown_FF3_full_t,0.9829644892842344,M1_signal_audit_contemporaneous.csv,
contemp_EMV_overall_green_minus_brown_FF3_full_p,0.32562491618716827,M1_signal_audit_contemporaneous.csv,
contemp_EMV_overall_green_minus_brown_FF3_full_n,462,M1_signal_audit_contemporaneous.csv,
contemp_EMV_overall_green_minus_brown_FF3_full_start,1988-02,M1_signal_audit_contemporaneous.csv,
contemp_EMV_overall_green_minus_brown_FF3_post2010_slope_pct,-0.14137360106346705,M1_signal_audit_contemporaneous.csv,
contemp_EMV_overall_green_minus_brown_FF3_post2010_t,-1.1304787496752038,M1_signal_audit_contemporaneous.csv,
contemp_EMV_overall_green_minus_brown_FF3_post2010_p,0.2582745477659857,M1_signal_audit_contemporaneous.csv,
contemp_EMV_overall_green_minus_brown_FF3_post2010_n,199,M1_signal_audit_contemporaneous.csv,
contemp_EMV_overall_green_minus_brown_FF3_post2010_start,2010-01,M1_signal_audit_contemporaneous.csv,
contemp_EMV_overall_green_minus_brown_FF3_validation_slope_pct,-0.12258281218616617,M1_signal_audit_contemporaneous.csv,
contemp_EMV_overall_green_minus_brown_FF3_validation_t,-0.8629398382006964,M1_signal_audit_contemporaneous.csv,
contemp_EMV_overall_green_minus_brown_FF3_validation_p,0.38817054558619,M1_signal_audit_contemporaneous.csv,
contemp_EMV_overall_green_minus_brown_FF3_validation_n,151,M1_signal_audit_contemporaneous.csv,
contemp_EMV_overall_green_minus_brown_FF3_validation_start,2010-01,M1_signal_audit_contemporaneous.csv,
contemp_EMV_overall_green_minus_brown_FF3_holdout_slope_pct,-0.21319028312309532,M1_signal_audit_contemporaneous.csv,
contemp_EMV_overall_green_minus_brown_FF3_holdout_t,-1.001025096729404,M1_signal_audit_contemporaneous.csv,
contemp_EMV_overall_green_minus_brown_FF3_holdout_p,0.31681467533471364,M1_signal_audit_contemporaneous.csv,
contemp_EMV_overall_green_minus_brown_FF3_holdout_n,48,M1_signal_audit_contemporaneous.csv,
contemp_EMV_overall_green_minus_brown_FF3_holdout_start,2022-08,M1_signal_audit_contemporaneous.csv,
contemp_EMV_overall_green_minus_brown_FF3_RATE_full_slope_pct,0.16891594983157765,M1_signal_audit_contemporaneous.csv,
contemp_EMV_overall_green_minus_brown_FF3_RATE_full_t,0.863352079999532,M1_signal_audit_contemporaneous.csv,
contemp_EMV_overall_green_minus_brown_FF3_RATE_full_p,0.3879439179639663,M1_signal_audit_contemporaneous.csv,
contemp_EMV_overall_green_minus_brown_FF3_RATE_full_n,462,M1_signal_audit_contemporaneous.csv,
contemp_EMV_overall_green_minus_brown_FF3_RATE_full_start,1988-02,M1_signal_audit_contemporaneous.csv,
contemp_EMV_overall_green_minus_brown_FF3_RATE_post2010_slope_pct,-0.1753889512039271,M1_signal_audit_contemporaneous.csv,
contemp_EMV_overall_green_minus_brown_FF3_RATE_post2010_t,-1.4885200005248793,M1_signal_audit_contemporaneous.csv,
contemp_EMV_overall_green_minus_brown_FF3_RATE_post2010_p,0.1366138115938184,M1_signal_audit_contemporaneous.csv,
contemp_EMV_overall_green_minus_brown_FF3_RATE_post2010_n,199,M1_signal_audit_contemporaneous.csv,
contemp_EMV_overall_green_minus_brown_FF3_RATE_post2010_start,2010-01,M1_signal_audit_contemporaneous.csv,
contemp_EMV_overall_green_minus_brown_FF3_RATE_validation_slope_pct,-0.1300982556670798,M1_signal_audit_contemporaneous.csv,
contemp_EMV_overall_green_minus_brown_FF3_RATE_validation_t,-0.9041665764506228,M1_signal_audit_contemporaneous.csv,
contemp_EMV_overall_green_minus_brown_FF3_RATE_validation_p,0.3659070802291394,M1_signal_audit_contemporaneous.csv,
contemp_EMV_overall_green_minus_brown_FF3_RATE_validation_n,151,M1_signal_audit_contemporaneous.csv,
contemp_EMV_overall_green_minus_brown_FF3_RATE_validation_start,2010-01,M1_signal_audit_contemporaneous.csv,
contemp_EMV_overall_green_minus_brown_FF3_RATE_holdout_slope_pct,-0.26528338814794356,M1_signal_audit_contemporaneous.csv,
contemp_EMV_overall_green_minus_brown_FF3_RATE_holdout_t,-1.3940135944458627,M1_signal_audit_contemporaneous.csv,
contemp_EMV_overall_green_minus_brown_FF3_RATE_holdout_p,0.16331349949411667,M1_signal_audit_contemporaneous.csv,
contemp_EMV_overall_green_minus_brown_FF3_RATE_holdout_n,48,M1_signal_audit_contemporaneous.csv,
contemp_EMV_overall_green_minus_brown_FF3_RATE_holdout_start,2022-08,M1_signal_audit_contemporaneous.csv,
contemp_VIX_green_minus_brown_none_full_slope_pct,0.10266298271609492,M1_signal_audit_contemporaneous.csv,
contemp_VIX_green_minus_brown_none_full_t,0.551560111844158,M1_signal_audit_contemporaneous.csv,
contemp_VIX_green_minus_brown_none_full_p,0.5812497714283307,M1_signal_audit_contemporaneous.csv,
contemp_VIX_green_minus_brown_none_full_n,402,M1_signal_audit_contemporaneous.csv,
contemp_VIX_green_minus_brown_none_full_start,1993-02,M1_signal_audit_contemporaneous.csv,
contemp_VIX_green_minus_brown_none_post2010_slope_pct,0.2810453524813789,M1_signal_audit_contemporaneous.csv,
contemp_VIX_green_minus_brown_none_post2010_t,1.3639570463922936,M1_signal_audit_contemporaneous.csv,
contemp_VIX_green_minus_brown_none_post2010_p,0.17258108486535306,M1_signal_audit_contemporaneous.csv,
contemp_VIX_green_minus_brown_none_post2010_n,199,M1_signal_audit_contemporaneous.csv,
contemp_VIX_green_minus_brown_none_post2010_start,2010-01,M1_signal_audit_contemporaneous.csv,
contemp_VIX_green_minus_brown_none_validation_slope_pct,0.253563068707612,M1_signal_audit_contemporaneous.csv,
contemp_VIX_green_minus_brown_none_validation_t,1.0416199301685944,M1_signal_audit_contemporaneous.csv,
contemp_VIX_green_minus_brown_none_validation_p,0.2975879247539319,M1_signal_audit_contemporaneous.csv,
contemp_VIX_green_minus_brown_none_validation_n,151,M1_signal_audit_contemporaneous.csv,
contemp_VIX_green_minus_brown_none_validation_start,2010-01,M1_signal_audit_contemporaneous.csv,
contemp_VIX_green_minus_brown_none_holdout_slope_pct,0.41873373876108944,M1_signal_audit_contemporaneous.csv,
contemp_VIX_green_minus_brown_none_holdout_t,1.5354368911580798,M1_signal_audit_contemporaneous.csv,
contemp_VIX_green_minus_brown_none_holdout_p,0.12467654775081642,M1_signal_audit_contemporaneous.csv,
contemp_VIX_green_minus_brown_none_holdout_n,48,M1_signal_audit_contemporaneous.csv,
contemp_VIX_green_minus_brown_none_holdout_start,2022-08,M1_signal_audit_contemporaneous.csv,
contemp_VIX_green_minus_brown_none_covid_slope_pct,0.5559301916885713,M1_signal_audit_contemporaneous.csv,
contemp_VIX_green_minus_brown_none_covid_t,5.0480499084694355,M1_signal_audit_contemporaneous.csv,
contemp_VIX_green_minus_brown_none_covid_p,4.463425610879088e-07,M1_signal_audit_contemporaneous.csv,
contemp_VIX_green_minus_brown_none_covid_n,24,M1_signal_audit_contemporaneous.csv,
contemp_VIX_green_minus_brown_none_covid_start,2020-01,M1_signal_audit_contemporaneous.csv,
contemp_VIX_green_minus_brown_FF3_full_slope_pct,0.11030436388524761,M1_signal_audit_contemporaneous.csv,
contemp_VIX_green_minus_brown_FF3_full_t,0.658032444822962,M1_signal_audit_contemporaneous.csv,
contemp_VIX_green_minus_brown_FF3_full_p,0.5105172831786544,M1_signal_audit_contemporaneous.csv,
contemp_VIX_green_minus_brown_FF3_full_n,402,M1_signal_audit_contemporaneous.csv,
contemp_VIX_green_minus_brown_FF3_full_start,1993-02,M1_signal_audit_contemporaneous.csv,
contemp_VIX_green_minus_brown_FF3_post2010_slope_pct,-0.06162534230366117,M1_signal_audit_contemporaneous.csv,
contemp_VIX_green_minus_brown_FF3_post2010_t,-0.3029293014223321,M1_signal_audit_contemporaneous.csv,
contemp_VIX_green_minus_brown_FF3_post2010_p,0.7619437405719196,M1_signal_audit_contemporaneous.csv,
contemp_VIX_green_minus_brown_FF3_post2010_n,199,M1_signal_audit_contemporaneous.csv,
contemp_VIX_green_minus_brown_FF3_post2010_start,2010-01,M1_signal_audit_contemporaneous.csv,
contemp_VIX_green_minus_brown_FF3_validation_slope_pct,-0.14824783133464348,M1_signal_audit_contemporaneous.csv,
contemp_VIX_green_minus_brown_FF3_validation_t,-0.6051988487068808,M1_signal_audit_contemporaneous.csv,
contemp_VIX_green_minus_brown_FF3_validation_p,0.5450468807075106,M1_signal_audit_contemporaneous.csv,
contemp_VIX_green_minus_brown_FF3_validation_n,151,M1_signal_audit_contemporaneous.csv,
contemp_VIX_green_minus_brown_FF3_validation_start,2010-01,M1_signal_audit_contemporaneous.csv,
contemp_VIX_green_minus_brown_FF3_holdout_slope_pct,0.20527160760904847,M1_signal_audit_contemporaneous.csv,
contemp_VIX_green_minus_brown_FF3_holdout_t,0.7206574110308228,M1_signal_audit_contemporaneous.csv,
contemp_VIX_green_minus_brown_FF3_holdout_p,0.4711203217395711,M1_signal_audit_contemporaneous.csv,
contemp_VIX_green_minus_brown_FF3_holdout_n,48,M1_signal_audit_contemporaneous.csv,
contemp_VIX_green_minus_brown_FF3_holdout_start,2022-08,M1_signal_audit_contemporaneous.csv,
contemp_VIX_green_minus_brown_FF3_RATE_full_slope_pct,0.08733787163065754,M1_signal_audit_contemporaneous.csv,
contemp_VIX_green_minus_brown_FF3_RATE_full_t,0.5269626323676424,M1_signal_audit_contemporaneous.csv,
contemp_VIX_green_minus_brown_FF3_RATE_full_p,0.598219538145452,M1_signal_audit_contemporaneous.csv,
contemp_VIX_green_minus_brown_FF3_RATE_full_n,402,M1_signal_audit_contemporaneous.csv,
contemp_VIX_green_minus_brown_FF3_RATE_full_start,1993-02,M1_signal_audit_contemporaneous.csv,
contemp_VIX_green_minus_brown_FF3_RATE_post2010_slope_pct,-0.09244702675614408,M1_signal_audit_contemporaneous.csv,
contemp_VIX_green_minus_brown_FF3_RATE_post2010_t,-0.454187614677814,M1_signal_audit_contemporaneous.csv,
contemp_VIX_green_minus_brown_FF3_RATE_post2010_p,0.6496937966119573,M1_signal_audit_contemporaneous.csv,
contemp_VIX_green_minus_brown_FF3_RATE_post2010_n,199,M1_signal_audit_contemporaneous.csv,
contemp_VIX_green_minus_brown_FF3_RATE_post2010_start,2010-01,M1_signal_audit_contemporaneous.csv,
contemp_VIX_green_minus_brown_FF3_RATE_validation_slope_pct,-0.15798002836230643,M1_signal_audit_contemporaneous.csv,
contemp_VIX_green_minus_brown_FF3_RATE_validation_t,-0.6802234831532287,M1_signal_audit_contemporaneous.csv,
contemp_VIX_green_minus_brown_FF3_RATE_validation_p,0.49636296529742197,M1_signal_audit_contemporaneous.csv,
contemp_VIX_green_minus_brown_FF3_RATE_validation_n,151,M1_signal_audit_contemporaneous.csv,
contemp_VIX_green_minus_brown_FF3_RATE_validation_start,2010-01,M1_signal_audit_contemporaneous.csv,
contemp_VIX_green_minus_brown_FF3_RATE_holdout_slope_pct,0.24903907852752571,M1_signal_audit_contemporaneous.csv,
contemp_VIX_green_minus_brown_FF3_RATE_holdout_t,0.7566925875948528,M1_signal_audit_contemporaneous.csv,
contemp_VIX_green_minus_brown_FF3_RATE_holdout_p,0.4492340566643861,M1_signal_audit_contemporaneous.csv,
contemp_VIX_green_minus_brown_FF3_RATE_holdout_n,48,M1_signal_audit_contemporaneous.csv,
contemp_VIX_green_minus_brown_FF3_RATE_holdout_start,2022-08,M1_signal_audit_contemporaneous.csv,
ic_z_EMV_env_GB_full_overlap,0.03226593582953418,M1_signal_audit_predictive_ic.csv,
ic_z_EMV_env_GB_full_overlap_t,0.5616788550175059,M1_signal_audit_predictive_ic.csv,
ic_z_EMV_env_GB_full_overlap_p,0.5743348435034479,M1_signal_audit_predictive_ic.csv,
ic_z_EMV_env_GB_full_overlap_n,463,M1_signal_audit_predictive_ic.csv,
ic_z_EMV_env_GB_full_overlap_start,1987-12,M1_signal_audit_predictive_ic.csv,
ic_z_EMV_env_GB_full_overlap_end,2026-06,M1_signal_audit_predictive_ic.csv,
ic_z_EMV_env_GB_common,0.03798189424586844,M1_signal_audit_predictive_ic.csv,
ic_z_EMV_env_GB_common_t,0.4518897448693121,M1_signal_audit_predictive_ic.csv,
ic_z_EMV_env_GB_common_p,0.6513484126378297,M1_signal_audit_predictive_ic.csv,
ic_z_EMV_env_GB_common_n,233,M1_signal_audit_predictive_ic.csv,
ic_z_EMV_env_GB_common_start,2006-02,M1_signal_audit_predictive_ic.csv,
ic_z_EMV_env_GB_common_end,2025-06,M1_signal_audit_predictive_ic.csv,
ic_z_EMV_env_GB_validation,0.18159327361696148,M1_signal_audit_predictive_ic.csv,
ic_z_EMV_env_GB_validation_t,1.8095588296034855,M1_signal_audit_predictive_ic.csv,
ic_z_EMV_env_GB_validation_p,0.0703642293334943,M1_signal_audit_predictive_ic.csv,
ic_z_EMV_env_GB_validation_n,151,M1_signal_audit_predictive_ic.csv,
ic_z_EMV_env_GB_validation_start,2010-01,M1_signal_audit_predictive_ic.csv,
ic_z_EMV_env_GB_validation_end,2022-07,M1_signal_audit_predictive_ic.csv,
ic_z_EMV_env_GB_holdout,-0.12727545843476107,M1_signal_audit_predictive_ic.csv,
ic_z_EMV_env_GB_holdout_t,-1.282643585985062,M1_signal_audit_predictive_ic.csv,
ic_z_EMV_env_GB_holdout_p,0.19961697262686506,M1_signal_audit_predictive_ic.csv,
ic_z_EMV_env_GB_holdout_n,47,M1_signal_audit_predictive_ic.csv,
ic_z_EMV_env_GB_holdout_start,2022-08,M1_signal_audit_predictive_ic.csv,
ic_z_EMV_env_GB_holdout_end,2026-06,M1_signal_audit_predictive_ic.csv,
ic_z_EMV_env_GB_ctrl_FF3_RATE_full_overlap,0.005759451545107281,M1_signal_audit_predictive_ic.csv,
ic_z_EMV_env_GB_ctrl_FF3_RATE_full_overlap_t,0.1065176175760686,M1_signal_audit_predictive_ic.csv,
ic_z_EMV_env_GB_ctrl_FF3_RATE_full_overlap_p,0.9151716781230691,M1_signal_audit_predictive_ic.csv,
ic_z_EMV_env_GB_ctrl_FF3_RATE_full_overlap_n,463,M1_signal_audit_predictive_ic.csv,
ic_z_EMV_env_GB_ctrl_FF3_RATE_full_overlap_start,1987-12,M1_signal_audit_predictive_ic.csv,
ic_z_EMV_env_GB_ctrl_FF3_RATE_full_overlap_end,2026-06,M1_signal_audit_predictive_ic.csv,
ic_z_EMV_env_GB_ctrl_FF3_RATE_validation,0.0680356951679843,M1_signal_audit_predictive_ic.csv,
ic_z_EMV_env_GB_ctrl_FF3_RATE_validation_t,0.8798264440434285,M1_signal_audit_predictive_ic.csv,
ic_z_EMV_env_GB_ctrl_FF3_RATE_validation_p,0.3789533368445802,M1_signal_audit_predictive_ic.csv,
ic_z_EMV_env_GB_ctrl_FF3_RATE_validation_n,151,M1_signal_audit_predictive_ic.csv,
ic_z_EMV_env_GB_ctrl_FF3_RATE_validation_start,2010-01,M1_signal_audit_predictive_ic.csv,
ic_z_EMV_env_GB_ctrl_FF3_RATE_validation_end,2022-07,M1_signal_audit_predictive_ic.csv,
ic_z_EMV_env_GB_ctrl_FF3_RATE_holdout,-0.1797428665782403,M1_signal_audit_predictive_ic.csv,
ic_z_EMV_env_GB_ctrl_FF3_RATE_holdout_t,-2.0047615507985745,M1_signal_audit_predictive_ic.csv,
ic_z_EMV_env_GB_ctrl_FF3_RATE_holdout_p,0.04498854481884091,M1_signal_audit_predictive_ic.csv,
ic_z_EMV_env_GB_ctrl_FF3_RATE_holdout_n,47,M1_signal_audit_predictive_ic.csv,
ic_z_EMV_env_GB_ctrl_FF3_RATE_holdout_start,2022-08,M1_signal_audit_predictive_ic.csv,
ic_z_EMV_env_GB_ctrl_FF3_RATE_holdout_end,2026-06,M1_signal_audit_predictive_ic.csv,
ic_z_EMV_env_brown_resid_FF3_full_overlap,-0.015907811533525128,M1_signal_audit_predictive_ic.csv,
ic_z_EMV_env_brown_resid_FF3_full_overlap_t,-0.3349862396436896,M1_signal_audit_predictive_ic.csv,
ic_z_EMV_env_brown_resid_FF3_full_overlap_p,0.737635466314118,M1_signal_audit_predictive_ic.csv,
ic_z_EMV_env_brown_resid_FF3_full_overlap_n,463,M1_signal_audit_predictive_ic.csv,
ic_z_EMV_env_brown_resid_FF3_full_overlap_start,1987-12,M1_signal_audit_predictive_ic.csv,
ic_z_EMV_env_brown_resid_FF3_full_overlap_end,2026-06,M1_signal_audit_predictive_ic.csv,
ic_z_EMV_env_brown_resid_FF3_common,-0.01892826934135903,M1_signal_audit_predictive_ic.csv,
ic_z_EMV_env_brown_resid_FF3_common_t,-0.3018144622406328,M1_signal_audit_predictive_ic.csv,
ic_z_EMV_env_brown_resid_FF3_common_p,0.7627935054223641,M1_signal_audit_predictive_ic.csv,
ic_z_EMV_env_brown_resid_FF3_common_n,233,M1_signal_audit_predictive_ic.csv,
ic_z_EMV_env_brown_resid_FF3_common_start,2006-02,M1_signal_audit_predictive_ic.csv,
ic_z_EMV_env_brown_resid_FF3_common_end,2025-06,M1_signal_audit_predictive_ic.csv,
ic_z_EMV_env_brown_resid_FF3_validation,-0.0914730149869855,M1_signal_audit_predictive_ic.csv,
ic_z_EMV_env_brown_resid_FF3_validation_t,-1.2065306185096294,M1_signal_audit_predictive_ic.csv,
ic_z_EMV_env_brown_resid_FF3_validation_p,0.2276129605701116,M1_signal_audit_predictive_ic.csv,
ic_z_EMV_env_brown_resid_FF3_validation_n,151,M1_signal_audit_predictive_ic.csv,
ic_z_EMV_env_brown_resid_FF3_validation_start,2010-01,M1_signal_audit_predictive_ic.csv,
ic_z_EMV_env_brown_resid_FF3_validation_end,2022-07,M1_signal_audit_predictive_ic.csv,
ic_z_EMV_env_brown_resid_FF3_holdout,0.12338786754257365,M1_signal_audit_predictive_ic.csv,
ic_z_EMV_env_brown_resid_FF3_holdout_t,1.1121635794239895,M1_signal_audit_predictive_ic.csv,
ic_z_EMV_env_brown_resid_FF3_holdout_p,0.2660678241442004,M1_signal_audit_predictive_ic.csv,
ic_z_EMV_env_brown_resid_FF3_holdout_n,47,M1_signal_audit_predictive_ic.csv,
ic_z_EMV_env_brown_resid_FF3_holdout_start,2022-08,M1_signal_audit_predictive_ic.csv,
ic_z_EMV_env_brown_resid_FF3_holdout_end,2026-06,M1_signal_audit_predictive_ic.csv,
ic_z_EMV_env_brown_resid_FF3_RATE_full_overlap,-0.008303698659025013,M1_signal_audit_predictive_ic.csv,
ic_z_EMV_env_brown_resid_FF3_RATE_full_overlap_t,-0.17096493087099565,M1_signal_audit_predictive_ic.csv,
ic_z_EMV_env_brown_resid_FF3_RATE_full_overlap_p,0.8642513406726033,M1_signal_audit_predictive_ic.csv,
ic_z_EMV_env_brown_resid_FF3_RATE_full_overlap_n,463,M1_signal_audit_predictive_ic.csv,
ic_z_EMV_env_brown_resid_FF3_RATE_full_overlap_start,1987-12,M1_signal_audit_predictive_ic.csv,
ic_z_EMV_env_brown_resid_FF3_RATE_full_overlap_end,2026-06,M1_signal_audit_predictive_ic.csv,
ic_z_EMV_env_brown_resid_FF3_RATE_validation,-0.10325456303767942,M1_signal_audit_predictive_ic.csv,
ic_z_EMV_env_brown_resid_FF3_RATE_validation_t,-1.2746143115857396,M1_signal_audit_predictive_ic.csv,
ic_z_EMV_env_brown_resid_FF3_RATE_validation_p,0.20244578939505697,M1_signal_audit_predictive_ic.csv,
ic_z_EMV_env_brown_resid_FF3_RATE_validation_n,151,M1_signal_audit_predictive_ic.csv,
ic_z_EMV_env_brown_resid_FF3_RATE_validation_start,2010-01,M1_signal_audit_predictive_ic.csv,
ic_z_EMV_env_brown_resid_FF3_RATE_validation_end,2022-07,M1_signal_audit_predictive_ic.csv,
ic_z_EMV_env_brown_resid_FF3_RATE_holdout,0.1209827435977079,M1_signal_audit_predictive_ic.csv,
ic_z_EMV_env_brown_resid_FF3_RATE_holdout_t,1.0046285697575252,M1_signal_audit_predictive_ic.csv,
ic_z_EMV_env_brown_resid_FF3_RATE_holdout_p,0.3150757349870382,M1_signal_audit_predictive_ic.csv,
ic_z_EMV_env_brown_resid_FF3_RATE_holdout_n,47,M1_signal_audit_predictive_ic.csv,
ic_z_EMV_env_brown_resid_FF3_RATE_holdout_start,2022-08,M1_signal_audit_predictive_ic.csv,
ic_z_EMV_env_brown_resid_FF3_RATE_holdout_end,2026-06,M1_signal_audit_predictive_ic.csv,
ic_z_EMV_overall_GB_full_overlap,0.037041884491592424,M1_signal_audit_predictive_ic.csv,
ic_z_EMV_overall_GB_full_overlap_t,0.7210772473852209,M1_signal_audit_predictive_ic.csv,
ic_z_EMV_overall_GB_full_overlap_p,0.4708619889092256,M1_signal_audit_predictive_ic.csv,
ic_z_EMV_overall_GB_full_overlap_n,463,M1_signal_audit_predictive_ic.csv,
ic_z_EMV_overall_GB_full_overlap_start,1987-12,M1_signal_audit_predictive_ic.csv,
ic_z_EMV_overall_GB_full_overlap_end,2026-06,M1_signal_audit_predictive_ic.csv,
ic_z_EMV_overall_GB_common,-0.08938093979315079,M1_signal_audit_predictive_ic.csv,
ic_z_EMV_overall_GB_common_t,-1.3604372362570503,M1_signal_audit_predictive_ic.csv,
ic_z_EMV_overall_GB_common_p,0.17369160179844179,M1_signal_audit_predictive_ic.csv,
ic_z_EMV_overall_GB_common_n,233,M1_signal_audit_predictive_ic.csv,
ic_z_EMV_overall_GB_common_start,2006-02,M1_signal_audit_predictive_ic.csv,
ic_z_EMV_overall_GB_common_end,2025-06,M1_signal_audit_predictive_ic.csv,
ic_z_EMV_overall_GB_validation,-0.006725250752102821,M1_signal_audit_predictive_ic.csv,
ic_z_EMV_overall_GB_validation_t,-0.09000560965337194,M1_signal_audit_predictive_ic.csv,
ic_z_EMV_overall_GB_validation_p,0.9282827570655221,M1_signal_audit_predictive_ic.csv,
ic_z_EMV_overall_GB_validation_n,151,M1_signal_audit_predictive_ic.csv,
ic_z_EMV_overall_GB_validation_start,2010-01,M1_signal_audit_predictive_ic.csv,
ic_z_EMV_overall_GB_validation_end,2022-07,M1_signal_audit_predictive_ic.csv,
ic_z_EMV_overall_GB_holdout,-0.19952682730899227,M1_signal_audit_predictive_ic.csv,
ic_z_EMV_overall_GB_holdout_t,-1.8310550178176825,M1_signal_audit_predictive_ic.csv,
ic_z_EMV_overall_GB_holdout_p,0.06709233158427508,M1_signal_audit_predictive_ic.csv,
ic_z_EMV_overall_GB_holdout_n,47,M1_signal_audit_predictive_ic.csv,
ic_z_EMV_overall_GB_holdout_start,2022-08,M1_signal_audit_predictive_ic.csv,
ic_z_EMV_overall_GB_holdout_end,2026-06,M1_signal_audit_predictive_ic.csv,
ic_z_EMV_overall_GB_ctrl_FF3_RATE_full_overlap,-0.006095712988594876,M1_signal_audit_predictive_ic.csv,
ic_z_EMV_overall_GB_ctrl_FF3_RATE_full_overlap_t,-0.1187574413099307,M1_signal_audit_predictive_ic.csv,
ic_z_EMV_overall_GB_ctrl_FF3_RATE_full_overlap_p,0.9054675269108869,M1_signal_audit_predictive_ic.csv,
ic_z_EMV_overall_GB_ctrl_FF3_RATE_full_overlap_n,463,M1_signal_audit_predictive_ic.csv,
ic_z_EMV_overall_GB_ctrl_FF3_RATE_full_overlap_start,1987-12,M1_signal_audit_predictive_ic.csv,
ic_z_EMV_overall_GB_ctrl_FF3_RATE_full_overlap_end,2026-06,M1_signal_audit_predictive_ic.csv,
ic_z_EMV_overall_GB_ctrl_FF3_RATE_validation,-0.04760757309738827,M1_signal_audit_predictive_ic.csv,
ic_z_EMV_overall_GB_ctrl_FF3_RATE_validation_t,-0.7455888439551088,M1_signal_audit_predictive_ic.csv,
ic_z_EMV_overall_GB_ctrl_FF3_RATE_validation_p,0.455915824091636,M1_signal_audit_predictive_ic.csv,
ic_z_EMV_overall_GB_ctrl_FF3_RATE_validation_n,151,M1_signal_audit_predictive_ic.csv,
ic_z_EMV_overall_GB_ctrl_FF3_RATE_validation_start,2010-01,M1_signal_audit_predictive_ic.csv,
ic_z_EMV_overall_GB_ctrl_FF3_RATE_validation_end,2022-07,M1_signal_audit_predictive_ic.csv,
ic_z_EMV_overall_GB_ctrl_FF3_RATE_holdout,-0.19767273392830895,M1_signal_audit_predictive_ic.csv,
ic_z_EMV_overall_GB_ctrl_FF3_RATE_holdout_t,-1.9714752742156412,M1_signal_audit_predictive_ic.csv,
ic_z_EMV_overall_GB_ctrl_FF3_RATE_holdout_p,0.048669538473586835,M1_signal_audit_predictive_ic.csv,
ic_z_EMV_overall_GB_ctrl_FF3_RATE_holdout_n,47,M1_signal_audit_predictive_ic.csv,
ic_z_EMV_overall_GB_ctrl_FF3_RATE_holdout_start,2022-08,M1_signal_audit_predictive_ic.csv,
ic_z_EMV_overall_GB_ctrl_FF3_RATE_holdout_end,2026-06,M1_signal_audit_predictive_ic.csv,
ic_z_EMV_overall_brown_resid_FF3_full_overlap,-0.03165236534258755,M1_signal_audit_predictive_ic.csv,
ic_z_EMV_overall_brown_resid_FF3_full_overlap_t,-0.728550160894562,M1_signal_audit_predictive_ic.csv,
ic_z_EMV_overall_brown_resid_FF3_full_overlap_p,0.4662768745785735,M1_signal_audit_predictive_ic.csv,
ic_z_EMV_overall_brown_resid_FF3_full_overlap_n,463,M1_signal_audit_predictive_ic.csv,
ic_z_EMV_overall_brown_resid_FF3_full_overlap_start,1987-12,M1_signal_audit_predictive_ic.csv,
ic_z_EMV_overall_brown_resid_FF3_full_overlap_end,2026-06,M1_signal_audit_predictive_ic.csv,
ic_z_EMV_overall_brown_resid_FF3_common,0.014692110680643602,M1_signal_audit_predictive_ic.csv,
ic_z_EMV_overall_brown_resid_FF3_common_t,0.23743276778329064,M1_signal_audit_predictive_ic.csv,
ic_z_EMV_overall_brown_resid_FF3_common_p,0.8123210713851834,M1_signal_audit_predictive_ic.csv,
ic_z_EMV_overall_brown_resid_FF3_common_n,233,M1_signal_audit_predictive_ic.csv,
ic_z_EMV_overall_brown_resid_FF3_common_start,2006-02,M1_signal_audit_predictive_ic.csv,
ic_z_EMV_overall_brown_resid_FF3_common_end,2025-06,M1_signal_audit_predictive_ic.csv,
ic_z_EMV_overall_brown_resid_FF3_validation,-0.05201046372731142,M1_signal_audit_predictive_ic.csv,
ic_z_EMV_overall_brown_resid_FF3_validation_t,-0.5584440085731661,M1_signal_audit_predictive_ic.csv,
ic_z_EMV_overall_brown_resid_FF3_validation_p,0.5765412284474923,M1_signal_audit_predictive_ic.csv,
ic_z_EMV_overall_brown_resid_FF3_validation_n,151,M1_signal_audit_predictive_ic.csv,
ic_z_EMV_overall_brown_resid_FF3_validation_start,2010-01,M1_signal_audit_predictive_ic.csv,
ic_z_EMV_overall_brown_resid_FF3_validation_end,2022-07,M1_signal_audit_predictive_ic.csv,
ic_z_EMV_overall_brown_resid_FF3_holdout,0.09578354042442838,M1_signal_audit_predictive_ic.csv,
ic_z_EMV_overall_brown_resid_FF3_holdout_t,0.9900505974189958,M1_signal_audit_predictive_ic.csv,
ic_z_EMV_overall_brown_resid_FF3_holdout_p,0.322149388599102,M1_signal_audit_predictive_ic.csv,
ic_z_EMV_overall_brown_resid_FF3_holdout_n,47,M1_signal_audit_predictive_ic.csv,
ic_z_EMV_overall_brown_resid_FF3_holdout_start,2022-08,M1_signal_audit_predictive_ic.csv,
ic_z_EMV_overall_brown_resid_FF3_holdout_end,2026-06,M1_signal_audit_predictive_ic.csv,
ic_z_EMV_overall_brown_resid_FF3_RATE_full_overlap,-0.037732260864809866,M1_signal_audit_predictive_ic.csv,
ic_z_EMV_overall_brown_resid_FF3_RATE_full_overlap_t,-0.8406760389779917,M1_signal_audit_predictive_ic.csv,
ic_z_EMV_overall_brown_resid_FF3_RATE_full_overlap_p,0.40052944746779795,M1_signal_audit_predictive_ic.csv,
ic_z_EMV_overall_brown_resid_FF3_RATE_full_overlap_n,463,M1_signal_audit_predictive_ic.csv,
ic_z_EMV_overall_brown_resid_FF3_RATE_full_overlap_start,1987-12,M1_signal_audit_predictive_ic.csv,
ic_z_EMV_overall_brown_resid_FF3_RATE_full_overlap_end,2026-06,M1_signal_audit_predictive_ic.csv,
ic_z_EMV_overall_brown_resid_FF3_RATE_validation,-0.09972996156018585,M1_signal_audit_predictive_ic.csv,
ic_z_EMV_overall_brown_resid_FF3_RATE_validation_t,-1.0540835402145257,M1_signal_audit_predictive_ic.csv,
ic_z_EMV_overall_brown_resid_FF3_RATE_validation_p,0.291844671295694,M1_signal_audit_predictive_ic.csv,
ic_z_EMV_overall_brown_resid_FF3_RATE_validation_n,151,M1_signal_audit_predictive_ic.csv,
ic_z_EMV_overall_brown_resid_FF3_RATE_validation_start,2010-01,M1_signal_audit_predictive_ic.csv,
ic_z_EMV_overall_brown_resid_FF3_RATE_validation_end,2022-07,M1_signal_audit_predictive_ic.csv,
ic_z_EMV_overall_brown_resid_FF3_RATE_holdout,0.10607988053178909,M1_signal_audit_predictive_ic.csv,
ic_z_EMV_overall_brown_resid_FF3_RATE_holdout_t,1.1100931838726877,M1_signal_audit_predictive_ic.csv,
ic_z_EMV_overall_brown_resid_FF3_RATE_holdout_p,0.26695887411031893,M1_signal_audit_predictive_ic.csv,
ic_z_EMV_overall_brown_resid_FF3_RATE_holdout_n,47,M1_signal_audit_predictive_ic.csv,
ic_z_EMV_overall_brown_resid_FF3_RATE_holdout_start,2022-08,M1_signal_audit_predictive_ic.csv,
ic_z_EMV_overall_brown_resid_FF3_RATE_holdout_end,2026-06,M1_signal_audit_predictive_ic.csv,
ic_z_VIX_GB_full_overlap,0.060614943441601635,M1_signal_audit_predictive_ic.csv,
ic_z_VIX_GB_full_overlap_t,1.0813325692701452,M1_signal_audit_predictive_ic.csv,
ic_z_VIX_GB_full_overlap_p,0.2795492047324535,M1_signal_audit_predictive_ic.csv,
ic_z_VIX_GB_full_overlap_n,403,M1_signal_audit_predictive_ic.csv,
ic_z_VIX_GB_full_overlap_start,1992-12,M1_signal_audit_predictive_ic.csv,
ic_z_VIX_GB_full_overlap_end,2026-06,M1_signal_audit_predictive_ic.csv,
ic_z_VIX_GB_common,-0.11126780569727733,M1_signal_audit_predictive_ic.csv,
ic_z_VIX_GB_common_t,-1.5171324469084113,M1_signal_audit_predictive_ic.csv,
ic_z_VIX_GB_common_p,0.12923324761753588,M1_signal_audit_predictive_ic.csv,
ic_z_VIX_GB_common_n,233,M1_signal_audit_predictive_ic.csv,
ic_z_VIX_GB_common_start,2006-02,M1_signal_audit_predictive_ic.csv,
ic_z_VIX_GB_common_end,2025-06,M1_signal_audit_predictive_ic.csv,
ic_z_VIX_GB_validation,-0.11874621661881453,M1_signal_audit_predictive_ic.csv,
ic_z_VIX_GB_validation_t,-1.3043234561939574,M1_signal_audit_predictive_ic.csv,
ic_z_VIX_GB_validation_p,0.19212332102511065,M1_signal_audit_predictive_ic.csv,
ic_z_VIX_GB_validation_n,151,M1_signal_audit_predictive_ic.csv,
ic_z_VIX_GB_validation_start,2010-01,M1_signal_audit_predictive_ic.csv,
ic_z_VIX_GB_validation_end,2022-07,M1_signal_audit_predictive_ic.csv,
ic_z_VIX_GB_holdout,-0.0730645418717361,M1_signal_audit_predictive_ic.csv,
ic_z_VIX_GB_holdout_t,-1.012088440948486,M1_signal_audit_predictive_ic.csv,
ic_z_VIX_GB_holdout_p,0.3114957686544738,M1_signal_audit_predictive_ic.csv,
ic_z_VIX_GB_holdout_n,47,M1_signal_audit_predictive_ic.csv,
ic_z_VIX_GB_holdout_start,2022-08,M1_signal_audit_predictive_ic.csv,
ic_z_VIX_GB_holdout_end,2026-06,M1_signal_audit_predictive_ic.csv,
ic_z_VIX_GB_ctrl_FF3_RATE_full_overlap,0.02595524462249335,M1_signal_audit_predictive_ic.csv,
ic_z_VIX_GB_ctrl_FF3_RATE_full_overlap_t,0.45657997399686684,M1_signal_audit_predictive_ic.csv,
ic_z_VIX_GB_ctrl_FF3_RATE_full_overlap_p,0.647972975960353,M1_signal_audit_predictive_ic.csv,
ic_z_VIX_GB_ctrl_FF3_RATE_full_overlap_n,403,M1_signal_audit_predictive_ic.csv,
ic_z_VIX_GB_ctrl_FF3_RATE_full_overlap_start,1992-12,M1_signal_audit_predictive_ic.csv,
ic_z_VIX_GB_ctrl_FF3_RATE_full_overlap_end,2026-06,M1_signal_audit_predictive_ic.csv,
ic_z_VIX_GB_ctrl_FF3_RATE_validation,-0.12761831357844294,M1_signal_audit_predictive_ic.csv,
ic_z_VIX_GB_ctrl_FF3_RATE_validation_t,-1.7816979971702895,M1_signal_audit_predictive_ic.csv,
ic_z_VIX_GB_ctrl_FF3_RATE_validation_p,0.07479849369050985,M1_signal_audit_predictive_ic.csv,
ic_z_VIX_GB_ctrl_FF3_RATE_validation_n,151,M1_signal_audit_predictive_ic.csv,
ic_z_VIX_GB_ctrl_FF3_RATE_validation_start,2010-01,M1_signal_audit_predictive_ic.csv,
ic_z_VIX_GB_ctrl_FF3_RATE_validation_end,2022-07,M1_signal_audit_predictive_ic.csv,
ic_z_VIX_GB_ctrl_FF3_RATE_holdout,-0.04218452667998325,M1_signal_audit_predictive_ic.csv,
ic_z_VIX_GB_ctrl_FF3_RATE_holdout_t,-0.5105554664862882,M1_signal_audit_predictive_ic.csv,
ic_z_VIX_GB_ctrl_FF3_RATE_holdout_p,0.6096623661327482,M1_signal_audit_predictive_ic.csv,
ic_z_VIX_GB_ctrl_FF3_RATE_holdout_n,47,M1_signal_audit_predictive_ic.csv,
ic_z_VIX_GB_ctrl_FF3_RATE_holdout_start,2022-08,M1_signal_audit_predictive_ic.csv,
ic_z_VIX_GB_ctrl_FF3_RATE_holdout_end,2026-06,M1_signal_audit_predictive_ic.csv,
ic_z_VIX_brown_resid_FF3_full_overlap,-0.09244194215559451,M1_signal_audit_predictive_ic.csv,
ic_z_VIX_brown_resid_FF3_full_overlap_t,-2.1516292345101817,M1_signal_audit_predictive_ic.csv,
ic_z_VIX_brown_resid_FF3_full_overlap_p,0.03142656770139625,M1_signal_audit_predictive_ic.csv,
ic_z_VIX_brown_resid_FF3_full_overlap_n,403,M1_signal_audit_predictive_ic.csv,
ic_z_VIX_brown_resid_FF3_full_overlap_start,1992-12,M1_signal_audit_predictive_ic.csv,
ic_z_VIX_brown_resid_FF3_full_overlap_end,2026-06,M1_signal_audit_predictive_ic.csv,
ic_z_VIX_brown_resid_FF3_common,-0.033849945687270816,M1_signal_audit_predictive_ic.csv,
ic_z_VIX_brown_resid_FF3_common_t,-0.5389938052196014,M1_signal_audit_predictive_ic.csv,
ic_z_VIX_brown_resid_FF3_common_p,0.5898911290107027,M1_signal_audit_predictive_ic.csv,
ic_z_VIX_brown_resid_FF3_common_n,233,M1_signal_audit_predictive_ic.csv,
ic_z_VIX_brown_resid_FF3_common_start,2006-02,M1_signal_audit_predictive_ic.csv,
ic_z_VIX_brown_resid_FF3_common_end,2025-06,M1_signal_audit_predictive_ic.csv,
ic_z_VIX_brown_resid_FF3_validation,-0.037806024064864455,M1_signal_audit_predictive_ic.csv,
ic_z_VIX_brown_resid_FF3_validation_t,-0.39467743693370105,M1_signal_audit_predictive_ic.csv,
ic_z_VIX_brown_resid_FF3_validation_p,0.6930809564871155,M1_signal_audit_predictive_ic.csv,
ic_z_VIX_brown_resid_FF3_validation_n,151,M1_signal_audit_predictive_ic.csv,
ic_z_VIX_brown_resid_FF3_validation_start,2010-01,M1_signal_audit_predictive_ic.csv,
ic_z_VIX_brown_resid_FF3_validation_end,2022-07,M1_signal_audit_predictive_ic.csv,
ic_z_VIX_brown_resid_FF3_holdout,-0.03523709321558165,M1_signal_audit_predictive_ic.csv,
ic_z_VIX_brown_resid_FF3_holdout_t,-0.201613218450538,M1_signal_audit_predictive_ic.csv,
ic_z_VIX_brown_resid_FF3_holdout_p,0.8402191106049512,M1_signal_audit_predictive_ic.csv,
ic_z_VIX_brown_resid_FF3_holdout_n,47,M1_signal_audit_predictive_ic.csv,
ic_z_VIX_brown_resid_FF3_holdout_start,2022-08,M1_signal_audit_predictive_ic.csv,
ic_z_VIX_brown_resid_FF3_holdout_end,2026-06,M1_signal_audit_predictive_ic.csv,
ic_z_VIX_brown_resid_FF3_RATE_full_overlap,-0.09828140949435514,M1_signal_audit_predictive_ic.csv,
ic_z_VIX_brown_resid_FF3_RATE_full_overlap_t,-2.191099351180339,M1_signal_audit_predictive_ic.csv,
ic_z_VIX_brown_resid_FF3_RATE_full_overlap_p,0.028444603680631713,M1_signal_audit_predictive_ic.csv,
ic_z_VIX_brown_resid_FF3_RATE_full_overlap_n,403,M1_signal_audit_predictive_ic.csv,
ic_z_VIX_brown_resid_FF3_RATE_full_overlap_start,1992-12,M1_signal_audit_predictive_ic.csv,
ic_z_VIX_brown_resid_FF3_RATE_full_overlap_end,2026-06,M1_signal_audit_predictive_ic.csv,
ic_z_VIX_brown_resid_FF3_RATE_validation,-0.08601887467711142,M1_signal_audit_predictive_ic.csv,
ic_z_VIX_brown_resid_FF3_RATE_validation_t,-0.9083661189464689,M1_signal_audit_predictive_ic.csv,
ic_z_VIX_brown_resid_FF3_RATE_validation_p,0.3636848200884929,M1_signal_audit_predictive_ic.csv,
ic_z_VIX_brown_resid_FF3_RATE_validation_n,151,M1_signal_audit_predictive_ic.csv,
ic_z_VIX_brown_resid_FF3_RATE_validation_start,2010-01,M1_signal_audit_predictive_ic.csv,
ic_z_VIX_brown_resid_FF3_RATE_validation_end,2022-07,M1_signal_audit_predictive_ic.csv,
ic_z_VIX_brown_resid_FF3_RATE_holdout,-0.06371988717426684,M1_signal_audit_predictive_ic.csv,
ic_z_VIX_brown_resid_FF3_RATE_holdout_t,-0.37587307921946805,M1_signal_audit_predictive_ic.csv,
ic_z_VIX_brown_resid_FF3_RATE_holdout_p,0.707011255110073,M1_signal_audit_predictive_ic.csv,
ic_z_VIX_brown_resid_FF3_RATE_holdout_n,47,M1_signal_audit_predictive_ic.csv,
ic_z_VIX_brown_resid_FF3_RATE_holdout_start,2022-08,M1_signal_audit_predictive_ic.csv,
ic_z_VIX_brown_resid_FF3_RATE_holdout_end,2026-06,M1_signal_audit_predictive_ic.csv,
ic_z_EMV_env_share_GB_full_overlap,0.03179989158592179,M1_signal_audit_predictive_ic.csv,
ic_z_EMV_env_share_GB_full_overlap_t,0.6010733309038784,M1_signal_audit_predictive_ic.csv,
ic_z_EMV_env_share_GB_full_overlap_p,0.5477911453922465,M1_signal_audit_predictive_ic.csv,
ic_z_EMV_env_share_GB_full_overlap_n,463,M1_signal_audit_predictive_ic.csv,
ic_z_EMV_env_share_GB_full_overlap_start,1987-12,M1_signal_audit_predictive_ic.csv,
ic_z_EMV_env_share_GB_full_overlap_end,2026-06,M1_signal_audit_predictive_ic.csv,
ic_z_EMV_env_share_GB_common,0.11989360169439449,M1_signal_audit_predictive_ic.csv,
ic_z_EMV_env_share_GB_common_t,1.659887463764439,M1_signal_audit_predictive_ic.csv,
ic_z_EMV_env_share_GB_common_p,0.09693709387065096,M1_signal_audit_predictive_ic.csv,
ic_z_EMV_env_share_GB_common_n,233,M1_signal_audit_predictive_ic.csv,
ic_z_EMV_env_share_GB_common_start,2006-02,M1_signal_audit_predictive_ic.csv,
ic_z_EMV_env_share_GB_common_end,2025-06,M1_signal_audit_predictive_ic.csv,
ic_z_EMV_env_share_GB_validation,0.21760326616429757,M1_signal_audit_predictive_ic.csv,
ic_z_EMV_env_share_GB_validation_t,2.616294559510693,M1_signal_audit_predictive_ic.csv,
ic_z_EMV_env_share_GB_validation_p,0.00888898376567854,M1_signal_audit_predictive_ic.csv,
ic_z_EMV_env_share_GB_validation_n,151,M1_signal_audit_predictive_ic.csv,
ic_z_EMV_env_share_GB_validation_start,2010-01,M1_signal_audit_predictive_ic.csv,
ic_z_EMV_env_share_GB_validation_end,2022-07,M1_signal_audit_predictive_ic.csv,
ic_z_EMV_env_share_GB_holdout,-0.11791333296968032,M1_signal_audit_predictive_ic.csv,
ic_z_EMV_env_share_GB_holdout_t,-1.00116283235639,M1_signal_audit_predictive_ic.csv,
ic_z_EMV_env_share_GB_holdout_p,0.3167480922750544,M1_signal_audit_predictive_ic.csv,
ic_z_EMV_env_share_GB_holdout_n,47,M1_signal_audit_predictive_ic.csv,
ic_z_EMV_env_share_GB_holdout_start,2022-08,M1_signal_audit_predictive_ic.csv,
ic_z_EMV_env_share_GB_holdout_end,2026-06,M1_signal_audit_predictive_ic.csv,
ic_z_EMV_env_share_GB_ctrl_FF3_RATE_full_overlap,0.023712639801221812,M1_signal_audit_predictive_ic.csv,
ic_z_EMV_env_share_GB_ctrl_FF3_RATE_full_overlap_t,0.5013741828514018,M1_signal_audit_predictive_ic.csv,
ic_z_EMV_env_share_GB_ctrl_FF3_RATE_full_overlap_p,0.6161078058273034,M1_signal_audit_predictive_ic.csv,
ic_z_EMV_env_share_GB_ctrl_FF3_RATE_full_overlap_n,463,M1_signal_audit_predictive_ic.csv,
ic_z_EMV_env_share_GB_ctrl_FF3_RATE_full_overlap_start,1987-12,M1_signal_audit_predictive_ic.csv,
ic_z_EMV_env_share_GB_ctrl_FF3_RATE_full_overlap_end,2026-06,M1_signal_audit_predictive_ic.csv,
ic_z_EMV_env_share_GB_ctrl_FF3_RATE_validation,0.1215883515885747,M1_signal_audit_predictive_ic.csv,
ic_z_EMV_env_share_GB_ctrl_FF3_RATE_validation_t,2.024491581868286,M1_signal_audit_predictive_ic.csv,
ic_z_EMV_env_share_GB_ctrl_FF3_RATE_validation_p,0.04291959726203186,M1_signal_audit_predictive_ic.csv,
ic_z_EMV_env_share_GB_ctrl_FF3_RATE_validation_n,151,M1_signal_audit_predictive_ic.csv,
ic_z_EMV_env_share_GB_ctrl_FF3_RATE_validation_start,2010-01,M1_signal_audit_predictive_ic.csv,
ic_z_EMV_env_share_GB_ctrl_FF3_RATE_validation_end,2022-07,M1_signal_audit_predictive_ic.csv,
ic_z_EMV_env_share_GB_ctrl_FF3_RATE_holdout,-0.1764741193255028,M1_signal_audit_predictive_ic.csv,
ic_z_EMV_env_share_GB_ctrl_FF3_RATE_holdout_t,-1.6899270337772758,M1_signal_audit_predictive_ic.csv,
ic_z_EMV_env_share_GB_ctrl_FF3_RATE_holdout_p,0.09104191493399949,M1_signal_audit_predictive_ic.csv,
ic_z_EMV_env_share_GB_ctrl_FF3_RATE_holdout_n,47,M1_signal_audit_predictive_ic.csv,
ic_z_EMV_env_share_GB_ctrl_FF3_RATE_holdout_start,2022-08,M1_signal_audit_predictive_ic.csv,
ic_z_EMV_env_share_GB_ctrl_FF3_RATE_holdout_end,2026-06,M1_signal_audit_predictive_ic.csv,
ic_z_EMV_env_share_brown_resid_FF3_full_overlap,-0.0018808274130643159,M1_signal_audit_predictive_ic.csv,
ic_z_EMV_env_share_brown_resid_FF3_full_overlap_t,-0.043442623228933754,M1_signal_audit_predictive_ic.csv,
ic_z_EMV_env_share_brown_resid_FF3_full_overlap_p,0.9653487013312458,M1_signal_audit_predictive_ic.csv,
ic_z_EMV_env_share_brown_resid_FF3_full_overlap_n,463,M1_signal_audit_predictive_ic.csv,
ic_z_EMV_env_share_brown_resid_FF3_full_overlap_start,1987-12,M1_signal_audit_predictive_ic.csv,
ic_z_EMV_env_share_brown_resid_FF3_full_overlap_end,2026-06,M1_signal_audit_predictive_ic.csv,
ic_z_EMV_env_share_brown_resid_FF3_common,-0.03094164821101295,M1_signal_audit_predictive_ic.csv,
ic_z_EMV_env_share_brown_resid_FF3_common_t,-0.5715679656838234,M1_signal_audit_predictive_ic.csv,
ic_z_EMV_env_share_brown_resid_FF3_common_p,0.5676147030485887,M1_signal_audit_predictive_ic.csv,
ic_z_EMV_env_share_brown_resid_FF3_common_n,233,M1_signal_audit_predictive_ic.csv,
ic_z_EMV_env_share_brown_resid_FF3_common_start,2006-02,M1_signal_audit_predictive_ic.csv,
ic_z_EMV_env_share_brown_resid_FF3_common_end,2025-06,M1_signal_audit_predictive_ic.csv,
ic_z_EMV_env_share_brown_resid_FF3_validation,-0.07924038484046751,M1_signal_audit_predictive_ic.csv,
ic_z_EMV_env_share_brown_resid_FF3_validation_t,-1.4840628026415565,M1_signal_audit_predictive_ic.csv,
ic_z_EMV_env_share_brown_resid_FF3_validation_p,0.13779226024873228,M1_signal_audit_predictive_ic.csv,
ic_z_EMV_env_share_brown_resid_FF3_validation_n,151,M1_signal_audit_predictive_ic.csv,
ic_z_EMV_env_share_brown_resid_FF3_validation_start,2010-01,M1_signal_audit_predictive_ic.csv,
ic_z_EMV_env_share_brown_resid_FF3_validation_end,2022-07,M1_signal_audit_predictive_ic.csv,
ic_z_EMV_env_share_brown_resid_FF3_holdout,0.13191725950255215,M1_signal_audit_predictive_ic.csv,
ic_z_EMV_env_share_brown_resid_FF3_holdout_t,1.1045573192638212,M1_signal_audit_predictive_ic.csv,
ic_z_EMV_env_share_brown_resid_FF3_holdout_p,0.26935145365497215,M1_signal_audit_predictive_ic.csv,
ic_z_EMV_env_share_brown_resid_FF3_holdout_n,47,M1_signal_audit_predictive_ic.csv,
ic_z_EMV_env_share_brown_resid_FF3_holdout_start,2022-08,M1_signal_audit_predictive_ic.csv,
ic_z_EMV_env_share_brown_resid_FF3_holdout_end,2026-06,M1_signal_audit_predictive_ic.csv,
ic_z_EMV_env_share_brown_resid_FF3_RATE_full_overlap,0.008053483242661842,M1_signal_audit_predictive_ic.csv,
ic_z_EMV_env_share_brown_resid_FF3_RATE_full_overlap_t,0.18397201345940842,M1_signal_audit_predictive_ic.csv,
ic_z_EMV_env_share_brown_resid_FF3_RATE_full_overlap_p,0.8540354101859897,M1_signal_audit_predictive_ic.csv,
ic_z_EMV_env_share_brown_resid_FF3_RATE_full_overlap_n,463,M1_signal_audit_predictive_ic.csv,
ic_z_EMV_env_share_brown_resid_FF3_RATE_full_overlap_start,1987-12,M1_signal_audit_predictive_ic.csv,
ic_z_EMV_env_share_brown_resid_FF3_RATE_full_overlap_end,2026-06,M1_signal_audit_predictive_ic.csv,
ic_z_EMV_env_share_brown_resid_FF3_RATE_validation,-0.07321855364215343,M1_signal_audit_predictive_ic.csv,
ic_z_EMV_env_share_brown_resid_FF3_RATE_validation_t,-1.361601885012982,M1_signal_audit_predictive_ic.csv,
ic_z_EMV_env_share_brown_resid_FF3_RATE_validation_p,0.17332356004329708,M1_signal_audit_predictive_ic.csv,
ic_z_EMV_env_share_brown_resid_FF3_RATE_validation_n,151,M1_signal_audit_predictive_ic.csv,
ic_z_EMV_env_share_brown_resid_FF3_RATE_validation_start,2010-01,M1_signal_audit_predictive_ic.csv,
ic_z_EMV_env_share_brown_resid_FF3_RATE_validation_end,2022-07,M1_signal_audit_predictive_ic.csv,
ic_z_EMV_env_share_brown_resid_FF3_RATE_holdout,0.1219519854267978,M1_signal_audit_predictive_ic.csv,
ic_z_EMV_env_share_brown_resid_FF3_RATE_holdout_t,0.8899087526373163,M1_signal_audit_predictive_ic.csv,
ic_z_EMV_env_share_brown_resid_FF3_RATE_holdout_p,0.37351488377351394,M1_signal_audit_predictive_ic.csv,
ic_z_EMV_env_share_brown_resid_FF3_RATE_holdout_n,47,M1_signal_audit_predictive_ic.csv,
ic_z_EMV_env_share_brown_resid_FF3_RATE_holdout_start,2022-08,M1_signal_audit_predictive_ic.csv,
ic_z_EMV_env_share_brown_resid_FF3_RATE_holdout_end,2026-06,M1_signal_audit_predictive_ic.csv,
ic_z_MCCC_GB_full_overlap,-0.022081494642394093,M1_signal_audit_predictive_ic.csv,
ic_z_MCCC_GB_full_overlap_t,-0.3624016260779278,M1_signal_audit_predictive_ic.csv,
ic_z_MCCC_GB_full_overlap_p,0.7170519245363463,M1_signal_audit_predictive_ic.csv,
ic_z_MCCC_GB_full_overlap_n,235,M1_signal_audit_predictive_ic.csv,
ic_z_MCCC_GB_full_overlap_start,2005-12,M1_signal_audit_predictive_ic.csv,
ic_z_MCCC_GB_full_overlap_end,2025-06,M1_signal_audit_predictive_ic.csv,
ic_z_MCCC_GB_full_overlap_holm_p,1.0,M1_signal_audit_predictive_ic.csv,
ic_z_MCCC_GB_common,-0.01767322103477792,M1_signal_audit_predictive_ic.csv,
ic_z_MCCC_GB_common_t,-0.2882173076314001,M1_signal_audit_predictive_ic.csv,
ic_z_MCCC_GB_common_p,0.7731804010845587,M1_signal_audit_predictive_ic.csv,
ic_z_MCCC_GB_common_n,233,M1_signal_audit_predictive_ic.csv,
ic_z_MCCC_GB_common_start,2006-02,M1_signal_audit_predictive_ic.csv,
ic_z_MCCC_GB_common_end,2025-06,M1_signal_audit_predictive_ic.csv,
ic_z_MCCC_GB_validation,0.006059962430677005,M1_signal_audit_predictive_ic.csv,
ic_z_MCCC_GB_validation_t,0.08103373610873046,M1_signal_audit_predictive_ic.csv,
ic_z_MCCC_GB_validation_p,0.9354151231807275,M1_signal_audit_predictive_ic.csv,
ic_z_MCCC_GB_validation_n,151,M1_signal_audit_predictive_ic.csv,
ic_z_MCCC_GB_validation_start,2010-01,M1_signal_audit_predictive_ic.csv,
ic_z_MCCC_GB_validation_end,2022-07,M1_signal_audit_predictive_ic.csv,
ic_z_MCCC_GB_holdout,0.11443927675570643,M1_signal_audit_predictive_ic.csv,
ic_z_MCCC_GB_holdout_t,0.6280309473891592,M1_signal_audit_predictive_ic.csv,
ic_z_MCCC_GB_holdout_p,0.5299836668738156,M1_signal_audit_predictive_ic.csv,
ic_z_MCCC_GB_holdout_n,35,M1_signal_audit_predictive_ic.csv,
ic_z_MCCC_GB_holdout_start,2022-08,M1_signal_audit_predictive_ic.csv,
ic_z_MCCC_GB_holdout_end,2025-06,M1_signal_audit_predictive_ic.csv,
ic_z_MCCC_GB_ctrl_FF3_RATE_full_overlap,-0.0019500973736127978,M1_signal_audit_predictive_ic.csv,
ic_z_MCCC_GB_ctrl_FF3_RATE_full_overlap_t,-0.03232796161403277,M1_signal_audit_predictive_ic.csv,
ic_z_MCCC_GB_ctrl_FF3_RATE_full_overlap_p,0.9742105107109121,M1_signal_audit_predictive_ic.csv,
ic_z_MCCC_GB_ctrl_FF3_RATE_full_overlap_n,235,M1_signal_audit_predictive_ic.csv,
ic_z_MCCC_GB_ctrl_FF3_RATE_full_overlap_start,2005-12,M1_signal_audit_predictive_ic.csv,
ic_z_MCCC_GB_ctrl_FF3_RATE_full_overlap_end,2025-06,M1_signal_audit_predictive_ic.csv,
ic_z_MCCC_GB_ctrl_FF3_RATE_validation,0.029966341792259432,M1_signal_audit_predictive_ic.csv,
ic_z_MCCC_GB_ctrl_FF3_RATE_validation_t,0.4740160348761354,M1_signal_audit_predictive_ic.csv,
ic_z_MCCC_GB_ctrl_FF3_RATE_validation_p,0.6354884727496907,M1_signal_audit_predictive_ic.csv,
ic_z_MCCC_GB_ctrl_FF3_RATE_validation_n,151,M1_signal_audit_predictive_ic.csv,
ic_z_MCCC_GB_ctrl_FF3_RATE_validation_start,2010-01,M1_signal_audit_predictive_ic.csv,
ic_z_MCCC_GB_ctrl_FF3_RATE_validation_end,2022-07,M1_signal_audit_predictive_ic.csv,
ic_z_MCCC_GB_ctrl_FF3_RATE_holdout,0.17336421390754592,M1_signal_audit_predictive_ic.csv,
ic_z_MCCC_GB_ctrl_FF3_RATE_holdout_t,1.3170823971495453,M1_signal_audit_predictive_ic.csv,
ic_z_MCCC_GB_ctrl_FF3_RATE_holdout_p,0.18781100675637585,M1_signal_audit_predictive_ic.csv,
ic_z_MCCC_GB_ctrl_FF3_RATE_holdout_n,35,M1_signal_audit_predictive_ic.csv,
ic_z_MCCC_GB_ctrl_FF3_RATE_holdout_start,2022-08,M1_signal_audit_predictive_ic.csv,
ic_z_MCCC_GB_ctrl_FF3_RATE_holdout_end,2025-06,M1_signal_audit_predictive_ic.csv,
ic_z_MCCC_brown_resid_FF3_full_overlap,0.07446642545373938,M1_signal_audit_predictive_ic.csv,
ic_z_MCCC_brown_resid_FF3_full_overlap_t,1.2654414031636205,M1_signal_audit_predictive_ic.csv,
ic_z_MCCC_brown_resid_FF3_full_overlap_p,0.20571314122924922,M1_signal_audit_predictive_ic.csv,
ic_z_MCCC_brown_resid_FF3_full_overlap_n,235,M1_signal_audit_predictive_ic.csv,
ic_z_MCCC_brown_resid_FF3_full_overlap_start,2005-12,M1_signal_audit_predictive_ic.csv,
ic_z_MCCC_brown_resid_FF3_full_overlap_end,2025-06,M1_signal_audit_predictive_ic.csv,
ic_z_MCCC_brown_resid_FF3_full_overlap_holm_p,1.0,M1_signal_audit_predictive_ic.csv,
ic_z_MCCC_brown_resid_FF3_common,0.073317869577037,M1_signal_audit_predictive_ic.csv,
ic_z_MCCC_brown_resid_FF3_common_t,1.240086175327899,M1_signal_audit_predictive_ic.csv,
ic_z_MCCC_brown_resid_FF3_common_p,0.21494352179048692,M1_signal_audit_predictive_ic.csv,
ic_z_MCCC_brown_resid_FF3_common_n,233,M1_signal_audit_predictive_ic.csv,
ic_z_MCCC_brown_resid_FF3_common_start,2006-02,M1_signal_audit_predictive_ic.csv,
ic_z_MCCC_brown_resid_FF3_common_end,2025-06,M1_signal_audit_predictive_ic.csv,
ic_z_MCCC_brown_resid_FF3_validation,0.05765214070124152,M1_signal_audit_predictive_ic.csv,
ic_z_MCCC_brown_resid_FF3_validation_t,0.8135261856880887,M1_signal_audit_predictive_ic.csv,
ic_z_MCCC_brown_resid_FF3_validation_p,0.4159164392409076,M1_signal_audit_predictive_ic.csv,
ic_z_MCCC_brown_resid_FF3_validation_n,151,M1_signal_audit_predictive_ic.csv,
ic_z_MCCC_brown_resid_FF3_validation_start,2010-01,M1_signal_audit_predictive_ic.csv,
ic_z_MCCC_brown_resid_FF3_validation_end,2022-07,M1_signal_audit_predictive_ic.csv,
ic_z_MCCC_brown_resid_FF3_holdout,0.016004466728101796,M1_signal_audit_predictive_ic.csv,
ic_z_MCCC_brown_resid_FF3_holdout_t,0.09161829908057212,M1_signal_audit_predictive_ic.csv,
ic_z_MCCC_brown_resid_FF3_holdout_p,0.9270013120348565,M1_signal_audit_predictive_ic.csv,
ic_z_MCCC_brown_resid_FF3_holdout_n,35,M1_signal_audit_predictive_ic.csv,
ic_z_MCCC_brown_resid_FF3_holdout_start,2022-08,M1_signal_audit_predictive_ic.csv,
ic_z_MCCC_brown_resid_FF3_holdout_end,2025-06,M1_signal_audit_predictive_ic.csv,
ic_z_MCCC_brown_resid_FF3_RATE_full_overlap,0.07907971868715427,M1_signal_audit_predictive_ic.csv,
ic_z_MCCC_brown_resid_FF3_RATE_full_overlap_t,1.3981462607417172,M1_signal_audit_predictive_ic.csv,
ic_z_MCCC_brown_resid_FF3_RATE_full_overlap_p,0.16206915045692805,M1_signal_audit_predictive_ic.csv,
ic_z_MCCC_brown_resid_FF3_RATE_full_overlap_n,235,M1_signal_audit_predictive_ic.csv,
ic_z_MCCC_brown_resid_FF3_RATE_full_overlap_start,2005-12,M1_signal_audit_predictive_ic.csv,
ic_z_MCCC_brown_resid_FF3_RATE_full_overlap_end,2025-06,M1_signal_audit_predictive_ic.csv,
ic_z_MCCC_brown_resid_FF3_RATE_validation,0.06336787650127847,M1_signal_audit_predictive_ic.csv,
ic_z_MCCC_brown_resid_FF3_RATE_validation_t,0.9267891655450884,M1_signal_audit_predictive_ic.csv,
ic_z_MCCC_brown_resid_FF3_RATE_validation_p,0.3540360113521812,M1_signal_audit_predictive_ic.csv,
ic_z_MCCC_brown_resid_FF3_RATE_validation_n,151,M1_signal_audit_predictive_ic.csv,
ic_z_MCCC_brown_resid_FF3_RATE_validation_start,2010-01,M1_signal_audit_predictive_ic.csv,
ic_z_MCCC_brown_resid_FF3_RATE_validation_end,2022-07,M1_signal_audit_predictive_ic.csv,
ic_z_MCCC_brown_resid_FF3_RATE_holdout,0.01717485158213256,M1_signal_audit_predictive_ic.csv,
ic_z_MCCC_brown_resid_FF3_RATE_holdout_t,0.10627828506234338,M1_signal_audit_predictive_ic.csv,
ic_z_MCCC_brown_resid_FF3_RATE_holdout_p,0.9153615600114575,M1_signal_audit_predictive_ic.csv,
ic_z_MCCC_brown_resid_FF3_RATE_holdout_n,35,M1_signal_audit_predictive_ic.csv,
ic_z_MCCC_brown_resid_FF3_RATE_holdout_start,2022-08,M1_signal_audit_predictive_ic.csv,
ic_z_MCCC_brown_resid_FF3_RATE_holdout_end,2025-06,M1_signal_audit_predictive_ic.csv,
ic_z_MCCC_transition_GB_full_overlap,-0.04760159864597746,M1_signal_audit_predictive_ic.csv,
ic_z_MCCC_transition_GB_full_overlap_t,-0.8394764887741483,M1_signal_audit_predictive_ic.csv,
ic_z_MCCC_transition_GB_full_overlap_p,0.40120197732009766,M1_signal_audit_predictive_ic.csv,
ic_z_MCCC_transition_GB_full_overlap_n,235,M1_signal_audit_predictive_ic.csv,
ic_z_MCCC_transition_GB_full_overlap_start,2005-12,M1_signal_audit_predictive_ic.csv,
ic_z_MCCC_transition_GB_full_overlap_end,2025-06,M1_signal_audit_predictive_ic.csv,
ic_z_MCCC_transition_GB_common,-0.04308912781111374,M1_signal_audit_predictive_ic.csv,
ic_z_MCCC_transition_GB_common_t,-0.7526783390080366,M1_signal_audit_predictive_ic.csv,
ic_z_MCCC_transition_GB_common_p,0.4516432294894853,M1_signal_audit_predictive_ic.csv,
ic_z_MCCC_transition_GB_common_n,233,M1_signal_audit_predictive_ic.csv,
ic_z_MCCC_transition_GB_common_start,2006-02,M1_signal_audit_predictive_ic.csv,
ic_z_MCCC_transition_GB_common_end,2025-06,M1_signal_audit_predictive_ic.csv,
ic_z_MCCC_transition_GB_validation,-0.004746066373127318,M1_signal_audit_predictive_ic.csv,
ic_z_MCCC_transition_GB_validation_t,-0.06201595259471279,M1_signal_audit_predictive_ic.csv,
ic_z_MCCC_transition_GB_validation_p,0.9505501281205876,M1_signal_audit_predictive_ic.csv,
ic_z_MCCC_transition_GB_validation_n,151,M1_signal_audit_predictive_ic.csv,
ic_z_MCCC_transition_GB_validation_start,2010-01,M1_signal_audit_predictive_ic.csv,
ic_z_MCCC_transition_GB_validation_end,2022-07,M1_signal_audit_predictive_ic.csv,
ic_z_MCCC_transition_GB_holdout,0.0458784886214169,M1_signal_audit_predictive_ic.csv,
ic_z_MCCC_transition_GB_holdout_t,0.3275373398373524,M1_signal_audit_predictive_ic.csv,
ic_z_MCCC_transition_GB_holdout_p,0.7432615059037369,M1_signal_audit_predictive_ic.csv,
ic_z_MCCC_transition_GB_holdout_n,35,M1_signal_audit_predictive_ic.csv,
ic_z_MCCC_transition_GB_holdout_start,2022-08,M1_signal_audit_predictive_ic.csv,
ic_z_MCCC_transition_GB_holdout_end,2025-06,M1_signal_audit_predictive_ic.csv,
ic_z_MCCC_transition_GB_ctrl_FF3_RATE_full_overlap,-0.032110241830279405,M1_signal_audit_predictive_ic.csv,
ic_z_MCCC_transition_GB_ctrl_FF3_RATE_full_overlap_t,-0.5585203716440471,M1_signal_audit_predictive_ic.csv,
ic_z_MCCC_transition_GB_ctrl_FF3_RATE_full_overlap_p,0.5764890976090291,M1_signal_audit_predictive_ic.csv,
ic_z_MCCC_transition_GB_ctrl_FF3_RATE_full_overlap_n,235,M1_signal_audit_predictive_ic.csv,
ic_z_MCCC_transition_GB_ctrl_FF3_RATE_full_overlap_start,2005-12,M1_signal_audit_predictive_ic.csv,
ic_z_MCCC_transition_GB_ctrl_FF3_RATE_full_overlap_end,2025-06,M1_signal_audit_predictive_ic.csv,
ic_z_MCCC_transition_GB_ctrl_FF3_RATE_validation,0.018686180602391605,M1_signal_audit_predictive_ic.csv,
ic_z_MCCC_transition_GB_ctrl_FF3_RATE_validation_t,0.28345822166965273,M1_signal_audit_predictive_ic.csv,
ic_z_MCCC_transition_GB_ctrl_FF3_RATE_validation_p,0.7768256031194057,M1_signal_audit_predictive_ic.csv,
ic_z_MCCC_transition_GB_ctrl_FF3_RATE_validation_n,151,M1_signal_audit_predictive_ic.csv,
ic_z_MCCC_transition_GB_ctrl_FF3_RATE_validation_start,2010-01,M1_signal_audit_predictive_ic.csv,
ic_z_MCCC_transition_GB_ctrl_FF3_RATE_validation_end,2022-07,M1_signal_audit_predictive_ic.csv,
ic_z_MCCC_transition_GB_ctrl_FF3_RATE_holdout,0.10448562133667014,M1_signal_audit_predictive_ic.csv,
ic_z_MCCC_transition_GB_ctrl_FF3_RATE_holdout_t,1.028444831939132,M1_signal_audit_predictive_ic.csv,
ic_z_MCCC_transition_GB_ctrl_FF3_RATE_holdout_p,0.3037406289889236,M1_signal_audit_predictive_ic.csv,
ic_z_MCCC_transition_GB_ctrl_FF3_RATE_holdout_n,35,M1_signal_audit_predictive_ic.csv,
ic_z_MCCC_transition_GB_ctrl_FF3_RATE_holdout_start,2022-08,M1_signal_audit_predictive_ic.csv,
ic_z_MCCC_transition_GB_ctrl_FF3_RATE_holdout_end,2025-06,M1_signal_audit_predictive_ic.csv,
ic_z_MCCC_transition_brown_resid_FF3_full_overlap,0.0627205137755374,M1_signal_audit_predictive_ic.csv,
ic_z_MCCC_transition_brown_resid_FF3_full_overlap_t,1.1301795727629707,M1_signal_audit_predictive_ic.csv,
ic_z_MCCC_transition_brown_resid_FF3_full_overlap_p,0.2584005653836823,M1_signal_audit_predictive_ic.csv,
ic_z_MCCC_transition_brown_resid_FF3_full_overlap_n,235,M1_signal_audit_predictive_ic.csv,
ic_z_MCCC_transition_brown_resid_FF3_full_overlap_start,2005-12,M1_signal_audit_predictive_ic.csv,
ic_z_MCCC_transition_brown_resid_FF3_full_overlap_end,2025-06,M1_signal_audit_predictive_ic.csv,
ic_z_MCCC_transition_brown_resid_FF3_common,0.06324282842141152,M1_signal_audit_predictive_ic.csv,
ic_z_MCCC_transition_brown_resid_FF3_common_t,1.134976770442018,M1_signal_audit_predictive_ic.csv,
ic_z_MCCC_transition_brown_resid_FF3_common_p,0.2563850515007646,M1_signal_audit_predictive_ic.csv,
ic_z_MCCC_transition_brown_resid_FF3_common_n,233,M1_signal_audit_predictive_ic.csv,
ic_z_MCCC_transition_brown_resid_FF3_common_start,2006-02,M1_signal_audit_predictive_ic.csv,
ic_z_MCCC_transition_brown_resid_FF3_common_end,2025-06,M1_signal_audit_predictive_ic.csv,
ic_z_MCCC_transition_brown_resid_FF3_validation,0.04413709479233285,M1_signal_audit_predictive_ic.csv,
ic_z_MCCC_transition_brown_resid_FF3_validation_t,0.6271075428426482,M1_signal_audit_predictive_ic.csv,
ic_z_MCCC_transition_brown_resid_FF3_validation_p,0.5305887431224174,M1_signal_audit_predictive_ic.csv,
ic_z_MCCC_transition_brown_resid_FF3_validation_n,151,M1_signal_audit_predictive_ic.csv,
ic_z_MCCC_transition_brown_resid_FF3_validation_start,2010-01,M1_signal_audit_predictive_ic.csv,
ic_z_MCCC_transition_brown_resid_FF3_validation_end,2022-07,M1_signal_audit_predictive_ic.csv,
ic_z_MCCC_transition_brown_resid_FF3_holdout,0.0628418571509065,M1_signal_audit_predictive_ic.csv,
ic_z_MCCC_transition_brown_resid_FF3_holdout_t,0.4240580348749051,M1_signal_audit_predictive_ic.csv,
ic_z_MCCC_transition_brown_resid_FF3_holdout_p,0.6715234893668621,M1_signal_audit_predictive_ic.csv,
ic_z_MCCC_transition_brown_resid_FF3_holdout_n,35,M1_signal_audit_predictive_ic.csv,
ic_z_MCCC_transition_brown_resid_FF3_holdout_start,2022-08,M1_signal_audit_predictive_ic.csv,
ic_z_MCCC_transition_brown_resid_FF3_holdout_end,2025-06,M1_signal_audit_predictive_ic.csv,
ic_z_MCCC_transition_brown_resid_FF3_RATE_full_overlap,0.06330358865947083,M1_signal_audit_predictive_ic.csv,
ic_z_MCCC_transition_brown_resid_FF3_RATE_full_overlap_t,1.1976597247306868,M1_signal_audit_predictive_ic.csv,
ic_z_MCCC_transition_brown_resid_FF3_RATE_full_overlap_p,0.2310495146942082,M1_signal_audit_predictive_ic.csv,
ic_z_MCCC_transition_brown_resid_FF3_RATE_full_overlap_n,235,M1_signal_audit_predictive_ic.csv,
ic_z_MCCC_transition_brown_resid_FF3_RATE_full_overlap_start,2005-12,M1_signal_audit_predictive_ic.csv,
ic_z_MCCC_transition_brown_resid_FF3_RATE_full_overlap_end,2025-06,M1_signal_audit_predictive_ic.csv,
ic_z_MCCC_transition_brown_resid_FF3_RATE_validation,0.04122653975357655,M1_signal_audit_predictive_ic.csv,
ic_z_MCCC_transition_brown_resid_FF3_RATE_validation_t,0.6216835685093125,M1_signal_audit_predictive_ic.csv,
ic_z_MCCC_transition_brown_resid_FF3_RATE_validation_p,0.534149958244484,M1_signal_audit_predictive_ic.csv,
ic_z_MCCC_transition_brown_resid_FF3_RATE_validation_n,151,M1_signal_audit_predictive_ic.csv,
ic_z_MCCC_transition_brown_resid_FF3_RATE_validation_start,2010-01,M1_signal_audit_predictive_ic.csv,
ic_z_MCCC_transition_brown_resid_FF3_RATE_validation_end,2022-07,M1_signal_audit_predictive_ic.csv,
ic_z_MCCC_transition_brown_resid_FF3_RATE_holdout,0.044358974409045994,M1_signal_audit_predictive_ic.csv,
ic_z_MCCC_transition_brown_resid_FF3_RATE_holdout_t,0.3267783604913888,M1_signal_audit_predictive_ic.csv,
ic_z_MCCC_transition_brown_resid_FF3_RATE_holdout_p,0.7438355275238522,M1_signal_audit_predictive_ic.csv,
ic_z_MCCC_transition_brown_resid_FF3_RATE_holdout_n,35,M1_signal_audit_predictive_ic.csv,
ic_z_MCCC_transition_brown_resid_FF3_RATE_holdout_start,2022-08,M1_signal_audit_predictive_ic.csv,
ic_z_MCCC_transition_brown_resid_FF3_RATE_holdout_end,2025-06,M1_signal_audit_predictive_ic.csv,
ic_z_CPU_GB_full_overlap,0.02710704466459138,M1_signal_audit_predictive_ic.csv,
ic_z_CPU_GB_full_overlap_t,0.5820716937234506,M1_signal_audit_predictive_ic.csv,
ic_z_CPU_GB_full_overlap_p,0.5605183906585355,M1_signal_audit_predictive_ic.csv,
ic_z_CPU_GB_full_overlap_n,427,M1_signal_audit_predictive_ic.csv,
ic_z_CPU_GB_full_overlap_start,1990-03,M1_signal_audit_predictive_ic.csv,
ic_z_CPU_GB_full_overlap_end,2025-09,M1_signal_audit_predictive_ic.csv,
ic_z_CPU_GB_full_overlap_holm_p,1.0,M1_signal_audit_predictive_ic.csv,
ic_z_CPU_GB_common,0.010517202430844735,M1_signal_audit_predictive_ic.csv,
ic_z_CPU_GB_common_t,0.2022385431184364,M1_signal_audit_predictive_ic.csv,
ic_z_CPU_GB_common_p,0.8397302425706457,M1_signal_audit_predictive_ic.csv,
ic_z_CPU_GB_common_n,233,M1_signal_audit_predictive_ic.csv,
ic_z_CPU_GB_common_start,2006-02,M1_signal_audit_predictive_ic.csv,
ic_z_CPU_GB_common_end,2025-06,M1_signal_audit_predictive_ic.csv,
ic_z_CPU_GB_validation,0.00691223883240648,M1_signal_audit_predictive_ic.csv,
ic_z_CPU_GB_validation_t,0.099326911420438,M1_signal_audit_predictive_ic.csv,
ic_z_CPU_GB_validation_p,0.9208787118425292,M1_signal_audit_predictive_ic.csv,
ic_z_CPU_GB_validation_n,151,M1_signal_audit_predictive_ic.csv,
ic_z_CPU_GB_validation_start,2010-01,M1_signal_audit_predictive_ic.csv,
ic_z_CPU_GB_validation_end,2022-07,M1_signal_audit_predictive_ic.csv,
ic_z_CPU_GB_holdout,0.05000932962991675,M1_signal_audit_predictive_ic.csv,
ic_z_CPU_GB_holdout_t,0.5691272043159179,M1_signal_audit_predictive_ic.csv,
ic_z_CPU_GB_holdout_p,0.5692698177669888,M1_signal_audit_predictive_ic.csv,
ic_z_CPU_GB_holdout_n,38,M1_signal_audit_predictive_ic.csv,
ic_z_CPU_GB_holdout_start,2022-08,M1_signal_audit_predictive_ic.csv,
ic_z_CPU_GB_holdout_end,2025-09,M1_signal_audit_predictive_ic.csv,
ic_z_CPU_GB_ctrl_FF3_RATE_full_overlap,0.015413279266037251,M1_signal_audit_predictive_ic.csv,
ic_z_CPU_GB_ctrl_FF3_RATE_full_overlap_t,0.3646736862678937,M1_signal_audit_predictive_ic.csv,
ic_z_CPU_GB_ctrl_FF3_RATE_full_overlap_p,0.7153550031849101,M1_signal_audit_predictive_ic.csv,
ic_z_CPU_GB_ctrl_FF3_RATE_full_overlap_n,427,M1_signal_audit_predictive_ic.csv,
ic_z_CPU_GB_ctrl_FF3_RATE_full_overlap_start,1990-03,M1_signal_audit_predictive_ic.csv,
ic_z_CPU_GB_ctrl_FF3_RATE_full_overlap_end,2025-09,M1_signal_audit_predictive_ic.csv,
ic_z_CPU_GB_ctrl_FF3_RATE_validation,-0.01663776017179319,M1_signal_audit_predictive_ic.csv,
ic_z_CPU_GB_ctrl_FF3_RATE_validation_t,-0.2942910115031122,M1_signal_audit_predictive_ic.csv,
ic_z_CPU_GB_ctrl_FF3_RATE_validation_p,0.7685355404896895,M1_signal_audit_predictive_ic.csv,
ic_z_CPU_GB_ctrl_FF3_RATE_validation_n,151,M1_signal_audit_predictive_ic.csv,
ic_z_CPU_GB_ctrl_FF3_RATE_validation_start,2010-01,M1_signal_audit_predictive_ic.csv,
ic_z_CPU_GB_ctrl_FF3_RATE_validation_end,2022-07,M1_signal_audit_predictive_ic.csv,
ic_z_CPU_GB_ctrl_FF3_RATE_holdout,-0.004569389380505155,M1_signal_audit_predictive_ic.csv,
ic_z_CPU_GB_ctrl_FF3_RATE_holdout_t,-0.05448760606785704,M1_signal_audit_predictive_ic.csv,
ic_z_CPU_GB_ctrl_FF3_RATE_holdout_p,0.9565466828463114,M1_signal_audit_predictive_ic.csv,
ic_z_CPU_GB_ctrl_FF3_RATE_holdout_n,38,M1_signal_audit_predictive_ic.csv,
ic_z_CPU_GB_ctrl_FF3_RATE_holdout_start,2022-08,M1_signal_audit_predictive_ic.csv,
ic_z_CPU_GB_ctrl_FF3_RATE_holdout_end,2025-09,M1_signal_audit_predictive_ic.csv,
ic_z_CPU_brown_resid_FF3_full_overlap,-0.07285117443540445,M1_signal_audit_predictive_ic.csv,
ic_z_CPU_brown_resid_FF3_full_overlap_t,-1.5524804399953547,M1_signal_audit_predictive_ic.csv,
ic_z_CPU_brown_resid_FF3_full_overlap_p,0.12054730936348648,M1_signal_audit_predictive_ic.csv,
ic_z_CPU_brown_resid_FF3_full_overlap_n,427,M1_signal_audit_predictive_ic.csv,
ic_z_CPU_brown_resid_FF3_full_overlap_start,1990-03,M1_signal_audit_predictive_ic.csv,
ic_z_CPU_brown_resid_FF3_full_overlap_end,2025-09,M1_signal_audit_predictive_ic.csv,
ic_z_CPU_brown_resid_FF3_full_overlap_holm_p,0.8438311655444054,M1_signal_audit_predictive_ic.csv,
ic_z_CPU_brown_resid_FF3_common,-0.04645539883468781,M1_signal_audit_predictive_ic.csv,
ic_z_CPU_brown_resid_FF3_common_t,-0.9259571130047429,M1_signal_audit_predictive_ic.csv,
ic_z_CPU_brown_resid_FF3_common_p,0.35446826848885904,M1_signal_audit_predictive_ic.csv,
ic_z_CPU_brown_resid_FF3_common_n,233,M1_signal_audit_predictive_ic.csv,
ic_z_CPU_brown_resid_FF3_common_start,2006-02,M1_signal_audit_predictive_ic.csv,
ic_z_CPU_brown_resid_FF3_common_end,2025-06,M1_signal_audit_predictive_ic.csv,
ic_z_CPU_brown_resid_FF3_validation,-0.06734092903565497,M1_signal_audit_predictive_ic.csv,
ic_z_CPU_brown_resid_FF3_validation_t,-0.9908406368701427,M1_signal_audit_predictive_ic.csv,
ic_z_CPU_brown_resid_FF3_validation_p,0.3217634029196256,M1_signal_audit_predictive_ic.csv,
ic_z_CPU_brown_resid_FF3_validation_n,151,M1_signal_audit_predictive_ic.csv,
ic_z_CPU_brown_resid_FF3_validation_start,2010-01,M1_signal_audit_predictive_ic.csv,
ic_z_CPU_brown_resid_FF3_validation_end,2022-07,M1_signal_audit_predictive_ic.csv,
ic_z_CPU_brown_resid_FF3_holdout,-0.07836355293130781,M1_signal_audit_predictive_ic.csv,
ic_z_CPU_brown_resid_FF3_holdout_t,-0.8668760281241414,M1_signal_audit_predictive_ic.csv,
ic_z_CPU_brown_resid_FF3_holdout_p,0.38600993934566785,M1_signal_audit_predictive_ic.csv,
ic_z_CPU_brown_resid_FF3_holdout_n,38,M1_signal_audit_predictive_ic.csv,
ic_z_CPU_brown_resid_FF3_holdout_start,2022-08,M1_signal_audit_predictive_ic.csv,
ic_z_CPU_brown_resid_FF3_holdout_end,2025-09,M1_signal_audit_predictive_ic.csv,
ic_z_CPU_brown_resid_FF3_RATE_full_overlap,-0.06875737311509773,M1_signal_audit_predictive_ic.csv,
ic_z_CPU_brown_resid_FF3_RATE_full_overlap_t,-1.4580274207517057,M1_signal_audit_predictive_ic.csv,
ic_z_CPU_brown_resid_FF3_RATE_full_overlap_p,0.1448329850148766,M1_signal_audit_predictive_ic.csv,
ic_z_CPU_brown_resid_FF3_RATE_full_overlap_n,427,M1_signal_audit_predictive_ic.csv,
ic_z_CPU_brown_resid_FF3_RATE_full_overlap_start,1990-03,M1_signal_audit_predictive_ic.csv,
ic_z_CPU_brown_resid_FF3_RATE_full_overlap_end,2025-09,M1_signal_audit_predictive_ic.csv,
ic_z_CPU_brown_resid_FF3_RATE_validation,-0.07816380354497904,M1_signal_audit_predictive_ic.csv,
ic_z_CPU_brown_resid_FF3_RATE_validation_t,-1.1306033972982037,M1_signal_audit_predictive_ic.csv,
ic_z_CPU_brown_resid_FF3_RATE_validation_p,0.25822205697058587,M1_signal_audit_predictive_ic.csv,
ic_z_CPU_brown_resid_FF3_RATE_validation_n,151,M1_signal_audit_predictive_ic.csv,
ic_z_CPU_brown_resid_FF3_RATE_validation_start,2010-01,M1_signal_audit_predictive_ic.csv,
ic_z_CPU_brown_resid_FF3_RATE_validation_end,2022-07,M1_signal_audit_predictive_ic.csv,
ic_z_CPU_brown_resid_FF3_RATE_holdout,-0.05410323578981761,M1_signal_audit_predictive_ic.csv,
ic_z_CPU_brown_resid_FF3_RATE_holdout_t,-0.563664136788223,M1_signal_audit_predictive_ic.csv,
ic_z_CPU_brown_resid_FF3_RATE_holdout_p,0.5729827288416818,M1_signal_audit_predictive_ic.csv,
ic_z_CPU_brown_resid_FF3_RATE_holdout_n,38,M1_signal_audit_predictive_ic.csv,
ic_z_CPU_brown_resid_FF3_RATE_holdout_start,2022-08,M1_signal_audit_predictive_ic.csv,
ic_z_CPU_brown_resid_FF3_RATE_holdout_end,2025-09,M1_signal_audit_predictive_ic.csv,
ic_shock_EMV_env_GB_full_overlap,0.06466012705283058,M1_signal_audit_predictive_ic.csv,
ic_shock_EMV_env_GB_full_overlap_t,1.2563261238080596,M1_signal_audit_predictive_ic.csv,
ic_shock_EMV_env_GB_full_overlap_p,0.2089977541490976,M1_signal_audit_predictive_ic.csv,
ic_shock_EMV_env_GB_full_overlap_n,461,M1_signal_audit_predictive_ic.csv,
ic_shock_EMV_env_GB_full_overlap_start,1988-02,M1_signal_audit_predictive_ic.csv,
ic_shock_EMV_env_GB_full_overlap_end,2026-06,M1_signal_audit_predictive_ic.csv,
ic_shock_EMV_env_GB_common,0.08901320116990852,M1_signal_audit_predictive_ic.csv,
ic_shock_EMV_env_GB_common_t,1.2352663353695843,M1_signal_audit_predictive_ic.csv,
ic_shock_EMV_env_GB_common_p,0.2167313983382051,M1_signal_audit_predictive_ic.csv,
ic_shock_EMV_env_GB_common_n,233,M1_signal_audit_predictive_ic.csv,
ic_shock_EMV_env_GB_common_start,2006-02,M1_signal_audit_predictive_ic.csv,
ic_shock_EMV_env_GB_common_end,2025-06,M1_signal_audit_predictive_ic.csv,
ic_shock_EMV_env_GB_validation,0.2074702524065572,M1_signal_audit_predictive_ic.csv,
ic_shock_EMV_env_GB_validation_t,2.4486433123723894,M1_signal_audit_predictive_ic.csv,
ic_shock_EMV_env_GB_validation_p,0.014339537195740127,M1_signal_audit_predictive_ic.csv,
ic_shock_EMV_env_GB_validation_n,151,M1_signal_audit_predictive_ic.csv,
ic_shock_EMV_env_GB_validation_start,2010-01,M1_signal_audit_predictive_ic.csv,
ic_shock_EMV_env_GB_validation_end,2022-07,M1_signal_audit_predictive_ic.csv,
ic_shock_EMV_env_GB_holdout,-0.06389526684171892,M1_signal_audit_predictive_ic.csv,
ic_shock_EMV_env_GB_holdout_t,-0.6611097678107916,M1_signal_audit_predictive_ic.csv,
ic_shock_EMV_env_GB_holdout_p,0.5085419215957678,M1_signal_audit_predictive_ic.csv,
ic_shock_EMV_env_GB_holdout_n,47,M1_signal_audit_predictive_ic.csv,
ic_shock_EMV_env_GB_holdout_start,2022-08,M1_signal_audit_predictive_ic.csv,
ic_shock_EMV_env_GB_holdout_end,2026-06,M1_signal_audit_predictive_ic.csv,
ic_shock_EMV_env_GB_ctrl_FF3_RATE_full_overlap,0.030250465552926955,M1_signal_audit_predictive_ic.csv,
ic_shock_EMV_env_GB_ctrl_FF3_RATE_full_overlap_t,0.6789326623226664,M1_signal_audit_predictive_ic.csv,
ic_shock_EMV_env_GB_ctrl_FF3_RATE_full_overlap_p,0.497180529168339,M1_signal_audit_predictive_ic.csv,
ic_shock_EMV_env_GB_ctrl_FF3_RATE_full_overlap_n,461,M1_signal_audit_predictive_ic.csv,
ic_shock_EMV_env_GB_ctrl_FF3_RATE_full_overlap_start,1988-02,M1_signal_audit_predictive_ic.csv,
ic_shock_EMV_env_GB_ctrl_FF3_RATE_full_overlap_end,2026-06,M1_signal_audit_predictive_ic.csv,
ic_shock_EMV_env_GB_ctrl_FF3_RATE_validation,0.10241690469502956,M1_signal_audit_predictive_ic.csv,
ic_shock_EMV_env_GB_ctrl_FF3_RATE_validation_t,1.7421059103440335,M1_signal_audit_predictive_ic.csv,
ic_shock_EMV_env_GB_ctrl_FF3_RATE_validation_p,0.08148991358876803,M1_signal_audit_predictive_ic.csv,
ic_shock_EMV_env_GB_ctrl_FF3_RATE_validation_n,151,M1_signal_audit_predictive_ic.csv,
ic_shock_EMV_env_GB_ctrl_FF3_RATE_validation_start,2010-01,M1_signal_audit_predictive_ic.csv,
ic_shock_EMV_env_GB_ctrl_FF3_RATE_validation_end,2022-07,M1_signal_audit_predictive_ic.csv,
ic_shock_EMV_env_GB_ctrl_FF3_RATE_holdout,-0.1249189876151526,M1_signal_audit_predictive_ic.csv,
ic_shock_EMV_env_GB_ctrl_FF3_RATE_holdout_t,-1.3792210675897587,M1_signal_audit_predictive_ic.csv,
ic_shock_EMV_env_GB_ctrl_FF3_RATE_holdout_p,0.16782660437224795,M1_signal_audit_predictive_ic.csv,
ic_shock_EMV_env_GB_ctrl_FF3_RATE_holdout_n,47,M1_signal_audit_predictive_ic.csv,
ic_shock_EMV_env_GB_ctrl_FF3_RATE_holdout_start,2022-08,M1_signal_audit_predictive_ic.csv,
ic_shock_EMV_env_GB_ctrl_FF3_RATE_holdout_end,2026-06,M1_signal_audit_predictive_ic.csv,
ic_shock_EMV_env_brown_resid_FF3_full_overlap,-0.011551678510619376,M1_signal_audit_predictive_ic.csv,
ic_shock_EMV_env_brown_resid_FF3_full_overlap_t,-0.23924139240546008,M1_signal_audit_predictive_ic.csv,
ic_shock_EMV_env_brown_resid_FF3_full_overlap_p,0.8109184079035066,M1_signal_audit_predictive_ic.csv,
ic_shock_EMV_env_brown_resid_FF3_full_overlap_n,461,M1_signal_audit_predictive_ic.csv,
ic_shock_EMV_env_brown_resid_FF3_full_overlap_start,1988-02,M1_signal_audit_predictive_ic.csv,
ic_shock_EMV_env_brown_resid_FF3_full_overlap_end,2026-06,M1_signal_audit_predictive_ic.csv,
ic_shock_EMV_env_brown_resid_FF3_common,-0.017093645053310978,M1_signal_audit_predictive_ic.csv,
ic_shock_EMV_env_brown_resid_FF3_common_t,-0.25452391923998535,M1_signal_audit_predictive_ic.csv,
ic_shock_EMV_env_brown_resid_FF3_common_p,0.7990908275179833,M1_signal_audit_predictive_ic.csv,
ic_shock_EMV_env_brown_resid_FF3_common_n,233,M1_signal_audit_predictive_ic.csv,
ic_shock_EMV_env_brown_resid_FF3_common_start,2006-02,M1_signal_audit_predictive_ic.csv,
ic_shock_EMV_env_brown_resid_FF3_common_end,2025-06,M1_signal_audit_predictive_ic.csv,
ic_shock_EMV_env_brown_resid_FF3_validation,-0.09545231049377237,M1_signal_audit_predictive_ic.csv,
ic_shock_EMV_env_brown_resid_FF3_validation_t,-1.4771239248785775,M1_signal_audit_predictive_ic.csv,
ic_shock_EMV_env_brown_resid_FF3_validation_p,0.1396424213932239,M1_signal_audit_predictive_ic.csv,
ic_shock_EMV_env_brown_resid_FF3_validation_n,151,M1_signal_audit_predictive_ic.csv,
ic_shock_EMV_env_brown_resid_FF3_validation_start,2010-01,M1_signal_audit_predictive_ic.csv,
ic_shock_EMV_env_brown_resid_FF3_validation_end,2022-07,M1_signal_audit_predictive_ic.csv,
ic_shock_EMV_env_brown_resid_FF3_holdout,0.15997767282002529,M1_signal_audit_predictive_ic.csv,
ic_shock_EMV_env_brown_resid_FF3_holdout_t,2.376769372667882,M1_signal_audit_predictive_ic.csv,
ic_shock_EMV_env_brown_resid_FF3_holdout_p,0.017465004037459906,M1_signal_audit_predictive_ic.csv,
ic_shock_EMV_env_brown_resid_FF3_holdout_n,47,M1_signal_audit_predictive_ic.csv,
ic_shock_EMV_env_brown_resid_FF3_holdout_start,2022-08,M1_signal_audit_predictive_ic.csv,
ic_shock_EMV_env_brown_resid_FF3_holdout_end,2026-06,M1_signal_audit_predictive_ic.csv,
ic_shock_EMV_env_brown_resid_FF3_RATE_full_overlap,-0.007716997493467298,M1_signal_audit_predictive_ic.csv,
ic_shock_EMV_env_brown_resid_FF3_RATE_full_overlap_t,-0.15581535555644918,M1_signal_audit_predictive_ic.csv,
ic_shock_EMV_env_brown_resid_FF3_RATE_full_overlap_p,0.8761785664797594,M1_signal_audit_predictive_ic.csv,
ic_shock_EMV_env_brown_resid_FF3_RATE_full_overlap_n,461,M1_signal_audit_predictive_ic.csv,
ic_shock_EMV_env_brown_resid_FF3_RATE_full_overlap_start,1988-02,M1_signal_audit_predictive_ic.csv,
ic_shock_EMV_env_brown_resid_FF3_RATE_full_overlap_end,2026-06,M1_signal_audit_predictive_ic.csv,
ic_shock_EMV_env_brown_resid_FF3_RATE_validation,-0.10604877839545859,M1_signal_audit_predictive_ic.csv,
ic_shock_EMV_env_brown_resid_FF3_RATE_validation_t,-1.560175959310957,M1_signal_audit_predictive_ic.csv,
ic_shock_EMV_env_brown_resid_FF3_RATE_validation_p,0.1187183051438553,M1_signal_audit_predictive_ic.csv,
ic_shock_EMV_env_brown_resid_FF3_RATE_validation_n,151,M1_signal_audit_predictive_ic.csv,
ic_shock_EMV_env_brown_resid_FF3_RATE_validation_start,2010-01,M1_signal_audit_predictive_ic.csv,
ic_shock_EMV_env_brown_resid_FF3_RATE_validation_end,2022-07,M1_signal_audit_predictive_ic.csv,
ic_shock_EMV_env_brown_resid_FF3_RATE_holdout,0.16148628168245793,M1_signal_audit_predictive_ic.csv,
ic_shock_EMV_env_brown_resid_FF3_RATE_holdout_t,2.2376662143779167,M1_signal_audit_predictive_ic.csv,
ic_shock_EMV_env_brown_resid_FF3_RATE_holdout_p,0.025242830051771015,M1_signal_audit_predictive_ic.csv,
ic_shock_EMV_env_brown_resid_FF3_RATE_holdout_n,47,M1_signal_audit_predictive_ic.csv,
ic_shock_EMV_env_brown_resid_FF3_RATE_holdout_start,2022-08,M1_signal_audit_predictive_ic.csv,
ic_shock_EMV_env_brown_resid_FF3_RATE_holdout_end,2026-06,M1_signal_audit_predictive_ic.csv,
ic_shock_EMV_overall_GB_full_overlap,-0.02528714648560866,M1_signal_audit_predictive_ic.csv,
ic_shock_EMV_overall_GB_full_overlap_t,-0.4746229895878954,M1_signal_audit_predictive_ic.csv,
ic_shock_EMV_overall_GB_full_overlap_p,0.6350557170720228,M1_signal_audit_predictive_ic.csv,
ic_shock_EMV_overall_GB_full_overlap_n,461,M1_signal_audit_predictive_ic.csv,
ic_shock_EMV_overall_GB_full_overlap_start,1988-02,M1_signal_audit_predictive_ic.csv,
ic_shock_EMV_overall_GB_full_overlap_end,2026-06,M1_signal_audit_predictive_ic.csv,
ic_shock_EMV_overall_GB_common,-0.049539138128621464,M1_signal_audit_predictive_ic.csv,
ic_shock_EMV_overall_GB_common_t,-0.6517633547762057,M1_signal_audit_predictive_ic.csv,
ic_shock_EMV_overall_GB_common_p,0.5145538450130569,M1_signal_audit_predictive_ic.csv,
ic_shock_EMV_overall_GB_common_n,233,M1_signal_audit_predictive_ic.csv,
ic_shock_EMV_overall_GB_common_start,2006-02,M1_signal_audit_predictive_ic.csv,
ic_shock_EMV_overall_GB_common_end,2025-06,M1_signal_audit_predictive_ic.csv,
ic_shock_EMV_overall_GB_validation,0.057385827960026434,M1_signal_audit_predictive_ic.csv,
ic_shock_EMV_overall_GB_validation_t,0.7336599281806161,M1_signal_audit_predictive_ic.csv,
ic_shock_EMV_overall_GB_validation_p,0.4631560267333602,M1_signal_audit_predictive_ic.csv,
ic_shock_EMV_overall_GB_validation_n,151,M1_signal_audit_predictive_ic.csv,
ic_shock_EMV_overall_GB_validation_start,2010-01,M1_signal_audit_predictive_ic.csv,
ic_shock_EMV_overall_GB_validation_end,2022-07,M1_signal_audit_predictive_ic.csv,
ic_shock_EMV_overall_GB_holdout,-0.19294130683051683,M1_signal_audit_predictive_ic.csv,
ic_shock_EMV_overall_GB_holdout_t,-2.1360859401319563,M1_signal_audit_predictive_ic.csv,
ic_shock_EMV_overall_GB_holdout_p,0.03267240955028924,M1_signal_audit_predictive_ic.csv,
ic_shock_EMV_overall_GB_holdout_n,47,M1_signal_audit_predictive_ic.csv,
ic_shock_EMV_overall_GB_holdout_start,2022-08,M1_signal_audit_predictive_ic.csv,
ic_shock_EMV_overall_GB_holdout_end,2026-06,M1_signal_audit_predictive_ic.csv,
ic_shock_EMV_overall_GB_ctrl_FF3_RATE_full_overlap,-0.0461250319980617,M1_signal_audit_predictive_ic.csv,
ic_shock_EMV_overall_GB_ctrl_FF3_RATE_full_overlap_t,-0.8758736704990707,M1_signal_audit_predictive_ic.csv,
ic_shock_EMV_overall_GB_ctrl_FF3_RATE_full_overlap_p,0.3810987145689195,M1_signal_audit_predictive_ic.csv,
ic_shock_EMV_overall_GB_ctrl_FF3_RATE_full_overlap_n,461,M1_signal_audit_predictive_ic.csv,
ic_shock_EMV_overall_GB_ctrl_FF3_RATE_full_overlap_start,1988-02,M1_signal_audit_predictive_ic.csv,
ic_shock_EMV_overall_GB_ctrl_FF3_RATE_full_overlap_end,2026-06,M1_signal_audit_predictive_ic.csv,
ic_shock_EMV_overall_GB_ctrl_FF3_RATE_validation,0.04173326598310706,M1_signal_audit_predictive_ic.csv,
ic_shock_EMV_overall_GB_ctrl_FF3_RATE_validation_t,0.6429189939557194,M1_signal_audit_predictive_ic.csv,
ic_shock_EMV_overall_GB_ctrl_FF3_RATE_validation_p,0.5202766640142342,M1_signal_audit_predictive_ic.csv,
ic_shock_EMV_overall_GB_ctrl_FF3_RATE_validation_n,151,M1_signal_audit_predictive_ic.csv,
ic_shock_EMV_overall_GB_ctrl_FF3_RATE_validation_start,2010-01,M1_signal_audit_predictive_ic.csv,
ic_shock_EMV_overall_GB_ctrl_FF3_RATE_validation_end,2022-07,M1_signal_audit_predictive_ic.csv,
ic_shock_EMV_overall_GB_ctrl_FF3_RATE_holdout,-0.18439984900022555,M1_signal_audit_predictive_ic.csv,
ic_shock_EMV_overall_GB_ctrl_FF3_RATE_holdout_t,-2.155497491012344,M1_signal_audit_predictive_ic.csv,
ic_shock_EMV_overall_GB_ctrl_FF3_RATE_holdout_p,0.031122924751256886,M1_signal_audit_predictive_ic.csv,
ic_shock_EMV_overall_GB_ctrl_FF3_RATE_holdout_n,47,M1_signal_audit_predictive_ic.csv,
ic_shock_EMV_overall_GB_ctrl_FF3_RATE_holdout_start,2022-08,M1_signal_audit_predictive_ic.csv,
ic_shock_EMV_overall_GB_ctrl_FF3_RATE_holdout_end,2026-06,M1_signal_audit_predictive_ic.csv,
ic_shock_EMV_overall_brown_resid_FF3_full_overlap,0.00683722164461332,M1_signal_audit_predictive_ic.csv,
ic_shock_EMV_overall_brown_resid_FF3_full_overlap_t,0.09998080374859807,M1_signal_audit_predictive_ic.csv,
ic_shock_EMV_overall_brown_resid_FF3_full_overlap_p,0.9203595654623606,M1_signal_audit_predictive_ic.csv,
ic_shock_EMV_overall_brown_resid_FF3_full_overlap_n,461,M1_signal_audit_predictive_ic.csv,
ic_shock_EMV_overall_brown_resid_FF3_full_overlap_start,1988-02,M1_signal_audit_predictive_ic.csv,
ic_shock_EMV_overall_brown_resid_FF3_full_overlap_end,2026-06,M1_signal_audit_predictive_ic.csv,
ic_shock_EMV_overall_brown_resid_FF3_common,-0.033766513901317886,M1_signal_audit_predictive_ic.csv,
ic_shock_EMV_overall_brown_resid_FF3_common_t,-0.41041062944088097,M1_signal_audit_predictive_ic.csv,
ic_shock_EMV_overall_brown_resid_FF3_common_p,0.6815047502103786,M1_signal_audit_predictive_ic.csv,
ic_shock_EMV_overall_brown_resid_FF3_common_n,233,M1_signal_audit_predictive_ic.csv,
ic_shock_EMV_overall_brown_resid_FF3_common_start,2006-02,M1_signal_audit_predictive_ic.csv,
ic_shock_EMV_overall_brown_resid_FF3_common_end,2025-06,M1_signal_audit_predictive_ic.csv,
ic_shock_EMV_overall_brown_resid_FF3_validation,-0.1023015588874056,M1_signal_audit_predictive_ic.csv,
ic_shock_EMV_overall_brown_resid_FF3_validation_t,-0.8436993892107958,M1_signal_audit_predictive_ic.csv,
ic_shock_EMV_overall_brown_resid_FF3_validation_p,0.3988374089444334,M1_signal_audit_predictive_ic.csv,
ic_shock_EMV_overall_brown_resid_FF3_validation_n,151,M1_signal_audit_predictive_ic.csv,
ic_shock_EMV_overall_brown_resid_FF3_validation_start,2010-01,M1_signal_audit_predictive_ic.csv,
ic_shock_EMV_overall_brown_resid_FF3_validation_end,2022-07,M1_signal_audit_predictive_ic.csv,
ic_shock_EMV_overall_brown_resid_FF3_holdout,0.15437866867448546,M1_signal_audit_predictive_ic.csv,
ic_shock_EMV_overall_brown_resid_FF3_holdout_t,1.1771768021629998,M1_signal_audit_predictive_ic.csv,
ic_shock_EMV_overall_brown_resid_FF3_holdout_p,0.2391249456834953,M1_signal_audit_predictive_ic.csv,
ic_shock_EMV_overall_brown_resid_FF3_holdout_n,47,M1_signal_audit_predictive_ic.csv,
ic_shock_EMV_overall_brown_resid_FF3_holdout_start,2022-08,M1_signal_audit_predictive_ic.csv,
ic_shock_EMV_overall_brown_resid_FF3_holdout_end,2026-06,M1_signal_audit_predictive_ic.csv,
ic_shock_EMV_overall_brown_resid_FF3_RATE_full_overlap,-0.011250377062896772,M1_signal_audit_predictive_ic.csv,
ic_shock_EMV_overall_brown_resid_FF3_RATE_full_overlap_t,-0.1558548635442854,M1_signal_audit_predictive_ic.csv,
ic_shock_EMV_overall_brown_resid_FF3_RATE_full_overlap_p,0.8761474241109939,M1_signal_audit_predictive_ic.csv,
ic_shock_EMV_overall_brown_resid_FF3_RATE_full_overlap_n,461,M1_signal_audit_predictive_ic.csv,
ic_shock_EMV_overall_brown_resid_FF3_RATE_full_overlap_start,1988-02,M1_signal_audit_predictive_ic.csv,
ic_shock_EMV_overall_brown_resid_FF3_RATE_full_overlap_end,2026-06,M1_signal_audit_predictive_ic.csv,
ic_shock_EMV_overall_brown_resid_FF3_RATE_validation,-0.15320089192584338,M1_signal_audit_predictive_ic.csv,
ic_shock_EMV_overall_brown_resid_FF3_RATE_validation_t,-1.2126593359877647,M1_signal_audit_predictive_ic.csv,
ic_shock_EMV_overall_brown_resid_FF3_RATE_validation_p,0.2252600928862969,M1_signal_audit_predictive_ic.csv,
ic_shock_EMV_overall_brown_resid_FF3_RATE_validation_n,151,M1_signal_audit_predictive_ic.csv,
ic_shock_EMV_overall_brown_resid_FF3_RATE_validation_start,2010-01,M1_signal_audit_predictive_ic.csv,
ic_shock_EMV_overall_brown_resid_FF3_RATE_validation_end,2022-07,M1_signal_audit_predictive_ic.csv,
ic_shock_EMV_overall_brown_resid_FF3_RATE_holdout,0.16738424743918118,M1_signal_audit_predictive_ic.csv,
ic_shock_EMV_overall_brown_resid_FF3_RATE_holdout_t,1.1991181780492388,M1_signal_audit_predictive_ic.csv,
ic_shock_EMV_overall_brown_resid_FF3_RATE_holdout_p,0.2304819967157704,M1_signal_audit_predictive_ic.csv,
ic_shock_EMV_overall_brown_resid_FF3_RATE_holdout_n,47,M1_signal_audit_predictive_ic.csv,
ic_shock_EMV_overall_brown_resid_FF3_RATE_holdout_start,2022-08,M1_signal_audit_predictive_ic.csv,
ic_shock_EMV_overall_brown_resid_FF3_RATE_holdout_end,2026-06,M1_signal_audit_predictive_ic.csv,
ic_shock_VIX_GB_full_overlap,-0.026935271841584174,M1_signal_audit_predictive_ic.csv,
ic_shock_VIX_GB_full_overlap_t,-0.358533689879631,M1_signal_audit_predictive_ic.csv,
ic_shock_VIX_GB_full_overlap_p,0.719943960447007,M1_signal_audit_predictive_ic.csv,
ic_shock_VIX_GB_full_overlap_n,401,M1_signal_audit_predictive_ic.csv,
ic_shock_VIX_GB_full_overlap_start,1993-02,M1_signal_audit_predictive_ic.csv,
ic_shock_VIX_GB_full_overlap_end,2026-06,M1_signal_audit_predictive_ic.csv,
ic_shock_VIX_GB_common,-0.10258963082556662,M1_signal_audit_predictive_ic.csv,
ic_shock_VIX_GB_common_t,-0.9434122120570421,M1_signal_audit_predictive_ic.csv,
ic_shock_VIX_GB_common_p,0.34547009915622695,M1_signal_audit_predictive_ic.csv,
ic_shock_VIX_GB_common_n,233,M1_signal_audit_predictive_ic.csv,
ic_shock_VIX_GB_common_start,2006-02,M1_signal_audit_predictive_ic.csv,
ic_shock_VIX_GB_common_end,2025-06,M1_signal_audit_predictive_ic.csv,
ic_shock_VIX_GB_validation,0.033129028418711286,M1_signal_audit_predictive_ic.csv,
ic_shock_VIX_GB_validation_t,0.3999368481663767,M1_signal_audit_predictive_ic.csv,
ic_shock_VIX_GB_validation_p,0.6892030312360706,M1_signal_audit_predictive_ic.csv,
ic_shock_VIX_GB_validation_n,151,M1_signal_audit_predictive_ic.csv,
ic_shock_VIX_GB_validation_start,2010-01,M1_signal_audit_predictive_ic.csv,
ic_shock_VIX_GB_validation_end,2022-07,M1_signal_audit_predictive_ic.csv,
ic_shock_VIX_GB_holdout,-0.13078298115055317,M1_signal_audit_predictive_ic.csv,
ic_shock_VIX_GB_holdout_t,-1.6624945943811162,M1_signal_audit_predictive_ic.csv,
ic_shock_VIX_GB_holdout_p,0.09641364631601776,M1_signal_audit_predictive_ic.csv,
ic_shock_VIX_GB_holdout_n,47,M1_signal_audit_predictive_ic.csv,
ic_shock_VIX_GB_holdout_start,2022-08,M1_signal_audit_predictive_ic.csv,
ic_shock_VIX_GB_holdout_end,2026-06,M1_signal_audit_predictive_ic.csv,
ic_shock_VIX_GB_ctrl_FF3_RATE_full_overlap,-0.0547752900973119,M1_signal_audit_predictive_ic.csv,
ic_shock_VIX_GB_ctrl_FF3_RATE_full_overlap_t,-0.7235985335521591,M1_signal_audit_predictive_ic.csv,
ic_shock_VIX_GB_ctrl_FF3_RATE_full_overlap_p,0.46931224195585897,M1_signal_audit_predictive_ic.csv,
ic_shock_VIX_GB_ctrl_FF3_RATE_full_overlap_n,401,M1_signal_audit_predictive_ic.csv,
ic_shock_VIX_GB_ctrl_FF3_RATE_full_overlap_start,1993-02,M1_signal_audit_predictive_ic.csv,
ic_shock_VIX_GB_ctrl_FF3_RATE_full_overlap_end,2026-06,M1_signal_audit_predictive_ic.csv,
ic_shock_VIX_GB_ctrl_FF3_RATE_validation,0.0216327898386613,M1_signal_audit_predictive_ic.csv,
ic_shock_VIX_GB_ctrl_FF3_RATE_validation_t,0.24784286137377645,M1_signal_audit_predictive_ic.csv,
ic_shock_VIX_GB_ctrl_FF3_RATE_validation_p,0.8042559906968856,M1_signal_audit_predictive_ic.csv,
ic_shock_VIX_GB_ctrl_FF3_RATE_validation_n,151,M1_signal_audit_predictive_ic.csv,
ic_shock_VIX_GB_ctrl_FF3_RATE_validation_start,2010-01,M1_signal_audit_predictive_ic.csv,
ic_shock_VIX_GB_ctrl_FF3_RATE_validation_end,2022-07,M1_signal_audit_predictive_ic.csv,
ic_shock_VIX_GB_ctrl_FF3_RATE_holdout,-0.11666183997025441,M1_signal_audit_predictive_ic.csv,
ic_shock_VIX_GB_ctrl_FF3_RATE_holdout_t,-1.1356675547320374,M1_signal_audit_predictive_ic.csv,
ic_shock_VIX_GB_ctrl_FF3_RATE_holdout_p,0.25609572435187355,M1_signal_audit_predictive_ic.csv,
ic_shock_VIX_GB_ctrl_FF3_RATE_holdout_n,47,M1_signal_audit_predictive_ic.csv,
ic_shock_VIX_GB_ctrl_FF3_RATE_holdout_start,2022-08,M1_signal_audit_predictive_ic.csv,
ic_shock_VIX_GB_ctrl_FF3_RATE_holdout_end,2026-06,M1_signal_audit_predictive_ic.csv,
ic_shock_VIX_brown_resid_FF3_full_overlap,-0.02122529043929342,M1_signal_audit_predictive_ic.csv,
ic_shock_VIX_brown_resid_FF3_full_overlap_t,-0.26552961116026685,M1_signal_audit_predictive_ic.csv,
ic_shock_VIX_brown_resid_FF3_full_overlap_p,0.7906015018658948,M1_signal_audit_predictive_ic.csv,
ic_shock_VIX_brown_resid_FF3_full_overlap_n,401,M1_signal_audit_predictive_ic.csv,
ic_shock_VIX_brown_resid_FF3_full_overlap_start,1993-02,M1_signal_audit_predictive_ic.csv,
ic_shock_VIX_brown_resid_FF3_full_overlap_end,2026-06,M1_signal_audit_predictive_ic.csv,
ic_shock_VIX_brown_resid_FF3_common,-0.017481223555662246,M1_signal_audit_predictive_ic.csv,
ic_shock_VIX_brown_resid_FF3_common_t,-0.1653787806225799,M1_signal_audit_predictive_ic.csv,
ic_shock_VIX_brown_resid_FF3_common_p,0.8686458543080564,M1_signal_audit_predictive_ic.csv,
ic_shock_VIX_brown_resid_FF3_common_n,233,M1_signal_audit_predictive_ic.csv,
ic_shock_VIX_brown_resid_FF3_common_start,2006-02,M1_signal_audit_predictive_ic.csv,
ic_shock_VIX_brown_resid_FF3_common_end,2025-06,M1_signal_audit_predictive_ic.csv,
ic_shock_VIX_brown_resid_FF3_validation,-0.1323218826906635,M1_signal_audit_predictive_ic.csv,
ic_shock_VIX_brown_resid_FF3_validation_t,-1.1555387833858721,M1_signal_audit_predictive_ic.csv,
ic_shock_VIX_brown_resid_FF3_validation_p,0.24786986011255696,M1_signal_audit_predictive_ic.csv,
ic_shock_VIX_brown_resid_FF3_validation_n,151,M1_signal_audit_predictive_ic.csv,
ic_shock_VIX_brown_resid_FF3_validation_start,2010-01,M1_signal_audit_predictive_ic.csv,
ic_shock_VIX_brown_resid_FF3_validation_end,2022-07,M1_signal_audit_predictive_ic.csv,
ic_shock_VIX_brown_resid_FF3_holdout,0.05101797906712796,M1_signal_audit_predictive_ic.csv,
ic_shock_VIX_brown_resid_FF3_holdout_t,0.40870611667190876,M1_signal_audit_predictive_ic.csv,
ic_shock_VIX_brown_resid_FF3_holdout_p,0.6827553444374732,M1_signal_audit_predictive_ic.csv,
ic_shock_VIX_brown_resid_FF3_holdout_n,47,M1_signal_audit_predictive_ic.csv,
ic_shock_VIX_brown_resid_FF3_holdout_start,2022-08,M1_signal_audit_predictive_ic.csv,
ic_shock_VIX_brown_resid_FF3_holdout_end,2026-06,M1_signal_audit_predictive_ic.csv,
ic_shock_VIX_brown_resid_FF3_RATE_full_overlap,-0.037787280640981996,M1_signal_audit_predictive_ic.csv,
ic_shock_VIX_brown_resid_FF3_RATE_full_overlap_t,-0.4317645576406694,M1_signal_audit_predictive_ic.csv,
ic_shock_VIX_brown_resid_FF3_RATE_full_overlap_p,0.6659125414755797,M1_signal_audit_predictive_ic.csv,
ic_shock_VIX_brown_resid_FF3_RATE_full_overlap_n,401,M1_signal_audit_predictive_ic.csv,
ic_shock_VIX_brown_resid_FF3_RATE_full_overlap_start,1993-02,M1_signal_audit_predictive_ic.csv,
ic_shock_VIX_brown_resid_FF3_RATE_full_overlap_end,2026-06,M1_signal_audit_predictive_ic.csv,
ic_shock_VIX_brown_resid_FF3_RATE_validation,-0.18495296831812183,M1_signal_audit_predictive_ic.csv,
ic_shock_VIX_brown_resid_FF3_RATE_validation_t,-1.600756231740008,M1_signal_audit_predictive_ic.csv,
ic_shock_VIX_brown_resid_FF3_RATE_validation_p,0.10943092115713826,M1_signal_audit_predictive_ic.csv,
ic_shock_VIX_brown_resid_FF3_RATE_validation_n,151,M1_signal_audit_predictive_ic.csv,
ic_shock_VIX_brown_resid_FF3_RATE_validation_start,2010-01,M1_signal_audit_predictive_ic.csv,
ic_shock_VIX_brown_resid_FF3_RATE_validation_end,2022-07,M1_signal_audit_predictive_ic.csv,
ic_shock_VIX_brown_resid_FF3_RATE_holdout,0.04210323334258777,M1_signal_audit_predictive_ic.csv,
ic_shock_VIX_brown_resid_FF3_RATE_holdout_t,0.33792850194231744,M1_signal_audit_predictive_ic.csv,
ic_shock_VIX_brown_resid_FF3_RATE_holdout_p,0.7354170682979022,M1_signal_audit_predictive_ic.csv,
ic_shock_VIX_brown_resid_FF3_RATE_holdout_n,47,M1_signal_audit_predictive_ic.csv,
ic_shock_VIX_brown_resid_FF3_RATE_holdout_start,2022-08,M1_signal_audit_predictive_ic.csv,
ic_shock_VIX_brown_resid_FF3_RATE_holdout_end,2026-06,M1_signal_audit_predictive_ic.csv,
ic_shock_EMV_env_share_GB_full_overlap,0.06892764332390917,M1_signal_audit_predictive_ic.csv,
ic_shock_EMV_env_share_GB_full_overlap_t,1.5059796468651665,M1_signal_audit_predictive_ic.csv,
ic_shock_EMV_env_share_GB_full_overlap_p,0.1320723985951468,M1_signal_audit_predictive_ic.csv,
ic_shock_EMV_env_share_GB_full_overlap_n,461,M1_signal_audit_predictive_ic.csv,
ic_shock_EMV_env_share_GB_full_overlap_start,1988-02,M1_signal_audit_predictive_ic.csv,
ic_shock_EMV_env_share_GB_full_overlap_end,2026-06,M1_signal_audit_predictive_ic.csv,
ic_shock_EMV_env_share_GB_common,0.14269783450674003,M1_signal_audit_predictive_ic.csv,
ic_shock_EMV_env_share_GB_common_t,2.1148109355245057,M1_signal_audit_predictive_ic.csv,
ic_shock_EMV_env_share_GB_common_p,0.03444606446905098,M1_signal_audit_predictive_ic.csv,
ic_shock_EMV_env_share_GB_common_n,233,M1_signal_audit_predictive_ic.csv,
ic_shock_EMV_env_share_GB_common_start,2006-02,M1_signal_audit_predictive_ic.csv,
ic_shock_EMV_env_share_GB_common_end,2025-06,M1_signal_audit_predictive_ic.csv,
ic_shock_EMV_env_share_GB_validation,0.22893656607978785,M1_signal_audit_predictive_ic.csv,
ic_shock_EMV_env_share_GB_validation_t,2.948289523608934,M1_signal_audit_predictive_ic.csv,
ic_shock_EMV_env_share_GB_validation_p,0.0031953764782710597,M1_signal_audit_predictive_ic.csv,
ic_shock_EMV_env_share_GB_validation_n,151,M1_signal_audit_predictive_ic.csv,
ic_shock_EMV_env_share_GB_validation_start,2010-01,M1_signal_audit_predictive_ic.csv,
ic_shock_EMV_env_share_GB_validation_end,2022-07,M1_signal_audit_predictive_ic.csv,
ic_shock_EMV_env_share_GB_holdout,-0.09290411144328886,M1_signal_audit_predictive_ic.csv,
ic_shock_EMV_env_share_GB_holdout_t,-0.7236139901986812,M1_signal_audit_predictive_ic.csv,
ic_shock_EMV_env_share_GB_holdout_p,0.46930274999948307,M1_signal_audit_predictive_ic.csv,
ic_shock_EMV_env_share_GB_holdout_n,47,M1_signal_audit_predictive_ic.csv,
ic_shock_EMV_env_share_GB_holdout_start,2022-08,M1_signal_audit_predictive_ic.csv,
ic_shock_EMV_env_share_GB_holdout_end,2026-06,M1_signal_audit_predictive_ic.csv,
ic_shock_EMV_env_share_GB_ctrl_FF3_RATE_full_overlap,0.04615736640475864,M1_signal_audit_predictive_ic.csv,
ic_shock_EMV_env_share_GB_ctrl_FF3_RATE_full_overlap_t,1.1726209704953034,M1_signal_audit_predictive_ic.csv,
ic_shock_EMV_env_share_GB_ctrl_FF3_RATE_full_overlap_p,0.24094783609092474,M1_signal_audit_predictive_ic.csv,
ic_shock_EMV_env_share_GB_ctrl_FF3_RATE_full_overlap_n,461,M1_signal_audit_predictive_ic.csv,
ic_shock_EMV_env_share_GB_ctrl_FF3_RATE_full_overlap_start,1988-02,M1_signal_audit_predictive_ic.csv,
ic_shock_EMV_env_share_GB_ctrl_FF3_RATE_full_overlap_end,2026-06,M1_signal_audit_predictive_ic.csv,
ic_shock_EMV_env_share_GB_ctrl_FF3_RATE_validation,0.1309179983992495,M1_signal_audit_predictive_ic.csv,
ic_shock_EMV_env_share_GB_ctrl_FF3_RATE_validation_t,2.5604769447170384,M1_signal_audit_predictive_ic.csv,
ic_shock_EMV_env_share_GB_ctrl_FF3_RATE_validation_p,0.010452859884997036,M1_signal_audit_predictive_ic.csv,
ic_shock_EMV_env_share_GB_ctrl_FF3_RATE_validation_n,151,M1_signal_audit_predictive_ic.csv,
ic_shock_EMV_env_share_GB_ctrl_FF3_RATE_validation_start,2010-01,M1_signal_audit_predictive_ic.csv,
ic_shock_EMV_env_share_GB_ctrl_FF3_RATE_validation_end,2022-07,M1_signal_audit_predictive_ic.csv,
ic_shock_EMV_env_share_GB_ctrl_FF3_RATE_holdout,-0.16248059436728632,M1_signal_audit_predictive_ic.csv,
ic_shock_EMV_env_share_GB_ctrl_FF3_RATE_holdout_t,-1.5270879546266427,M1_signal_audit_predictive_ic.csv,
ic_shock_EMV_env_share_GB_ctrl_FF3_RATE_holdout_p,0.12673914175997436,M1_signal_audit_predictive_ic.csv,
ic_shock_EMV_env_share_GB_ctrl_FF3_RATE_holdout_n,47,M1_signal_audit_predictive_ic.csv,
ic_shock_EMV_env_share_GB_ctrl_FF3_RATE_holdout_start,2022-08,M1_signal_audit_predictive_ic.csv,
ic_shock_EMV_env_share_GB_ctrl_FF3_RATE_holdout_end,2026-06,M1_signal_audit_predictive_ic.csv,
ic_shock_EMV_env_share_brown_resid_FF3_full_overlap,-0.018190403722348973,M1_signal_audit_predictive_ic.csv,
ic_shock_EMV_env_share_brown_resid_FF3_full_overlap_t,-0.4846587554531768,M1_signal_audit_predictive_ic.csv,
ic_shock_EMV_env_share_brown_resid_FF3_full_overlap_p,0.6279184279339607,M1_signal_audit_predictive_ic.csv,
ic_shock_EMV_env_share_brown_resid_FF3_full_overlap_n,461,M1_signal_audit_predictive_ic.csv,
ic_shock_EMV_env_share_brown_resid_FF3_full_overlap_start,1988-02,M1_signal_audit_predictive_ic.csv,
ic_shock_EMV_env_share_brown_resid_FF3_full_overlap_end,2026-06,M1_signal_audit_predictive_ic.csv,
ic_shock_EMV_env_share_brown_resid_FF3_common,-0.03920614558657385,M1_signal_audit_predictive_ic.csv,
ic_shock_EMV_env_share_brown_resid_FF3_common_t,-0.7691561490592059,M1_signal_audit_predictive_ic.csv,
ic_shock_EMV_env_share_brown_resid_FF3_common_p,0.44180061881154953,M1_signal_audit_predictive_ic.csv,
ic_shock_EMV_env_share_brown_resid_FF3_common_n,233,M1_signal_audit_predictive_ic.csv,
ic_shock_EMV_env_share_brown_resid_FF3_common_start,2006-02,M1_signal_audit_predictive_ic.csv,
ic_shock_EMV_env_share_brown_resid_FF3_common_end,2025-06,M1_signal_audit_predictive_ic.csv,
ic_shock_EMV_env_share_brown_resid_FF3_validation,-0.0803909285555512,M1_signal_audit_predictive_ic.csv,
ic_shock_EMV_env_share_brown_resid_FF3_validation_t,-1.6612847239371413,M1_signal_audit_predictive_ic.csv,
ic_shock_EMV_env_share_brown_resid_FF3_validation_p,0.09665627657023496,M1_signal_audit_predictive_ic.csv,
ic_shock_EMV_env_share_brown_resid_FF3_validation_n,151,M1_signal_audit_predictive_ic.csv,
ic_shock_EMV_env_share_brown_resid_FF3_validation_start,2010-01,M1_signal_audit_predictive_ic.csv,
ic_shock_EMV_env_share_brown_resid_FF3_validation_end,2022-07,M1_signal_audit_predictive_ic.csv,
ic_shock_EMV_env_share_brown_resid_FF3_holdout,0.13853842037988212,M1_signal_audit_predictive_ic.csv,
ic_shock_EMV_env_share_brown_resid_FF3_holdout_t,1.2883151497799554,M1_signal_audit_predictive_ic.csv,
ic_shock_EMV_env_share_brown_resid_FF3_holdout_p,0.19763628157386348,M1_signal_audit_predictive_ic.csv,
ic_shock_EMV_env_share_brown_resid_FF3_holdout_n,47,M1_signal_audit_predictive_ic.csv,
ic_shock_EMV_env_share_brown_resid_FF3_holdout_start,2022-08,M1_signal_audit_predictive_ic.csv,
ic_shock_EMV_env_share_brown_resid_FF3_holdout_end,2026-06,M1_signal_audit_predictive_ic.csv,
ic_shock_EMV_env_share_brown_resid_FF3_RATE_full_overlap,-0.010410808571924751,M1_signal_audit_predictive_ic.csv,
ic_shock_EMV_env_share_brown_resid_FF3_RATE_full_overlap_t,-0.27090297354010445,M1_signal_audit_predictive_ic.csv,
ic_shock_EMV_env_share_brown_resid_FF3_RATE_full_overlap_p,0.7864656579639209,M1_signal_audit_predictive_ic.csv,
ic_shock_EMV_env_share_brown_resid_FF3_RATE_full_overlap_n,461,M1_signal_audit_predictive_ic.csv,
ic_shock_EMV_env_share_brown_resid_FF3_RATE_full_overlap_start,1988-02,M1_signal_audit_predictive_ic.csv,
ic_shock_EMV_env_share_brown_resid_FF3_RATE_full_overlap_end,2026-06,M1_signal_audit_predictive_ic.csv,
ic_shock_EMV_env_share_brown_resid_FF3_RATE_validation,-0.07103495941180424,M1_signal_audit_predictive_ic.csv,
ic_shock_EMV_env_share_brown_resid_FF3_RATE_validation_t,-1.4773560804506485,M1_signal_audit_predictive_ic.csv,
ic_shock_EMV_env_share_brown_resid_FF3_RATE_validation_p,0.13958021253819122,M1_signal_audit_predictive_ic.csv,
ic_shock_EMV_env_share_brown_resid_FF3_RATE_validation_n,151,M1_signal_audit_predictive_ic.csv,
ic_shock_EMV_env_share_brown_resid_FF3_RATE_validation_start,2010-01,M1_signal_audit_predictive_ic.csv,
ic_shock_EMV_env_share_brown_resid_FF3_RATE_validation_end,2022-07,M1_signal_audit_predictive_ic.csv,
ic_shock_EMV_env_share_brown_resid_FF3_RATE_holdout,0.12543961413988336,M1_signal_audit_predictive_ic.csv,
ic_shock_EMV_env_share_brown_resid_FF3_RATE_holdout_t,1.0075585913941951,M1_signal_audit_predictive_ic.csv,
ic_shock_EMV_env_share_brown_resid_FF3_RATE_holdout_p,0.31366641640444226,M1_signal_audit_predictive_ic.csv,
ic_shock_EMV_env_share_brown_resid_FF3_RATE_holdout_n,47,M1_signal_audit_predictive_ic.csv,
ic_shock_EMV_env_share_brown_resid_FF3_RATE_holdout_start,2022-08,M1_signal_audit_predictive_ic.csv,
ic_shock_EMV_env_share_brown_resid_FF3_RATE_holdout_end,2026-06,M1_signal_audit_predictive_ic.csv,
ic_shock_MCCC_GB_full_overlap,0.001324728542517007,M1_signal_audit_predictive_ic.csv,
ic_shock_MCCC_GB_full_overlap_t,0.01798130186486755,M1_signal_audit_predictive_ic.csv,
ic_shock_MCCC_GB_full_overlap_p,0.9856537699508242,M1_signal_audit_predictive_ic.csv,
ic_shock_MCCC_GB_full_overlap_n,233,M1_signal_audit_predictive_ic.csv,
ic_shock_MCCC_GB_full_overlap_start,2006-02,M1_signal_audit_predictive_ic.csv,
ic_shock_MCCC_GB_full_overlap_end,2025-06,M1_signal_audit_predictive_ic.csv,
ic_shock_MCCC_GB_full_overlap_holm_p,1.0,M1_signal_audit_predictive_ic.csv,
ic_shock_MCCC_GB_common,0.001324728542517007,M1_signal_audit_predictive_ic.csv,
ic_shock_MCCC_GB_common_t,0.01798130186486755,M1_signal_audit_predictive_ic.csv,
ic_shock_MCCC_GB_common_p,0.9856537699508242,M1_signal_audit_predictive_ic.csv,
ic_shock_MCCC_GB_common_n,233,M1_signal_audit_predictive_ic.csv,
ic_shock_MCCC_GB_common_start,2006-02,M1_signal_audit_predictive_ic.csv,
ic_shock_MCCC_GB_common_end,2025-06,M1_signal_audit_predictive_ic.csv,
ic_shock_MCCC_GB_validation,-0.015299535711562512,M1_signal_audit_predictive_ic.csv,
ic_shock_MCCC_GB_validation_t,-0.1870164815428609,M1_signal_audit_predictive_ic.csv,
ic_shock_MCCC_GB_validation_p,0.851647710525798,M1_signal_audit_predictive_ic.csv,
ic_shock_MCCC_GB_validation_n,151,M1_signal_audit_predictive_ic.csv,
ic_shock_MCCC_GB_validation_start,2010-01,M1_signal_audit_predictive_ic.csv,
ic_shock_MCCC_GB_validation_end,2022-07,M1_signal_audit_predictive_ic.csv,
ic_shock_MCCC_GB_holdout,0.07782172649056465,M1_signal_audit_predictive_ic.csv,
ic_shock_MCCC_GB_holdout_t,0.4157095103475715,M1_signal_audit_predictive_ic.csv,
ic_shock_MCCC_GB_holdout_p,0.6776225812224324,M1_signal_audit_predictive_ic.csv,
ic_shock_MCCC_GB_holdout_n,35,M1_signal_audit_predictive_ic.csv,
ic_shock_MCCC_GB_holdout_start,2022-08,M1_signal_audit_predictive_ic.csv,
ic_shock_MCCC_GB_holdout_end,2025-06,M1_signal_audit_predictive_ic.csv,
ic_shock_MCCC_GB_ctrl_FF3_RATE_full_overlap,0.03994774746065171,M1_signal_audit_predictive_ic.csv,
ic_shock_MCCC_GB_ctrl_FF3_RATE_full_overlap_t,0.5748633507278534,M1_signal_audit_predictive_ic.csv,
ic_shock_MCCC_GB_ctrl_FF3_RATE_full_overlap_p,0.5653837178827168,M1_signal_audit_predictive_ic.csv,
ic_shock_MCCC_GB_ctrl_FF3_RATE_full_overlap_n,233,M1_signal_audit_predictive_ic.csv,
ic_shock_MCCC_GB_ctrl_FF3_RATE_full_overlap_start,2006-02,M1_signal_audit_predictive_ic.csv,
ic_shock_MCCC_GB_ctrl_FF3_RATE_full_overlap_end,2025-06,M1_signal_audit_predictive_ic.csv,
ic_shock_MCCC_GB_ctrl_FF3_RATE_validation,0.03325770033094211,M1_signal_audit_predictive_ic.csv,
ic_shock_MCCC_GB_ctrl_FF3_RATE_validation_t,0.4059225388825022,M1_signal_audit_predictive_ic.csv,
ic_shock_MCCC_GB_ctrl_FF3_RATE_validation_p,0.6847995167535079,M1_signal_audit_predictive_ic.csv,
ic_shock_MCCC_GB_ctrl_FF3_RATE_validation_n,151,M1_signal_audit_predictive_ic.csv,
ic_shock_MCCC_GB_ctrl_FF3_RATE_validation_start,2010-01,M1_signal_audit_predictive_ic.csv,
ic_shock_MCCC_GB_ctrl_FF3_RATE_validation_end,2022-07,M1_signal_audit_predictive_ic.csv,
ic_shock_MCCC_GB_ctrl_FF3_RATE_holdout,0.1283037943503722,M1_signal_audit_predictive_ic.csv,
ic_shock_MCCC_GB_ctrl_FF3_RATE_holdout_t,0.8523592499046985,M1_signal_audit_predictive_ic.csv,
ic_shock_MCCC_GB_ctrl_FF3_RATE_holdout_p,0.3940147301379341,M1_signal_audit_predictive_ic.csv,
ic_shock_MCCC_GB_ctrl_FF3_RATE_holdout_n,35,M1_signal_audit_predictive_ic.csv,
ic_shock_MCCC_GB_ctrl_FF3_RATE_holdout_start,2022-08,M1_signal_audit_predictive_ic.csv,
ic_shock_MCCC_GB_ctrl_FF3_RATE_holdout_end,2025-06,M1_signal_audit_predictive_ic.csv,
ic_shock_MCCC_brown_resid_FF3_full_overlap,0.02012320985580089,M1_signal_audit_predictive_ic.csv,
ic_shock_MCCC_brown_resid_FF3_full_overlap_t,0.28695231145947603,M1_signal_audit_predictive_ic.csv,
ic_shock_MCCC_brown_resid_FF3_full_overlap_p,0.7741488351968554,M1_signal_audit_predictive_ic.csv,
ic_shock_MCCC_brown_resid_FF3_full_overlap_n,233,M1_signal_audit_predictive_ic.csv,
ic_shock_MCCC_brown_resid_FF3_full_overlap_start,2006-02,M1_signal_audit_predictive_ic.csv,
ic_shock_MCCC_brown_resid_FF3_full_overlap_end,2025-06,M1_signal_audit_predictive_ic.csv,
ic_shock_MCCC_brown_resid_FF3_full_overlap_holm_p,1.0,M1_signal_audit_predictive_ic.csv,
ic_shock_MCCC_brown_resid_FF3_common,0.02012320985580089,M1_signal_audit_predictive_ic.csv,
ic_shock_MCCC_brown_resid_FF3_common_t,0.28695231145947603,M1_signal_audit_predictive_ic.csv,
ic_shock_MCCC_brown_resid_FF3_common_p,0.7741488351968554,M1_signal_audit_predictive_ic.csv,
ic_shock_MCCC_brown_resid_FF3_common_n,233,M1_signal_audit_predictive_ic.csv,
ic_shock_MCCC_brown_resid_FF3_common_start,2006-02,M1_signal_audit_predictive_ic.csv,
ic_shock_MCCC_brown_resid_FF3_common_end,2025-06,M1_signal_audit_predictive_ic.csv,
ic_shock_MCCC_brown_resid_FF3_validation,0.042422376537107835,M1_signal_audit_predictive_ic.csv,
ic_shock_MCCC_brown_resid_FF3_validation_t,0.4748690052767931,M1_signal_audit_predictive_ic.csv,
ic_shock_MCCC_brown_resid_FF3_validation_p,0.6348803446086555,M1_signal_audit_predictive_ic.csv,
ic_shock_MCCC_brown_resid_FF3_validation_n,151,M1_signal_audit_predictive_ic.csv,
ic_shock_MCCC_brown_resid_FF3_validation_start,2010-01,M1_signal_audit_predictive_ic.csv,
ic_shock_MCCC_brown_resid_FF3_validation_end,2022-07,M1_signal_audit_predictive_ic.csv,
ic_shock_MCCC_brown_resid_FF3_holdout,-0.11450617372471637,M1_signal_audit_predictive_ic.csv,
ic_shock_MCCC_brown_resid_FF3_holdout_t,-0.8737331354551446,M1_signal_audit_predictive_ic.csv,
ic_shock_MCCC_brown_resid_FF3_holdout_p,0.38226360137941484,M1_signal_audit_predictive_ic.csv,
ic_shock_MCCC_brown_resid_FF3_holdout_n,35,M1_signal_audit_predictive_ic.csv,
ic_shock_MCCC_brown_resid_FF3_holdout_start,2022-08,M1_signal_audit_predictive_ic.csv,
ic_shock_MCCC_brown_resid_FF3_holdout_end,2025-06,M1_signal_audit_predictive_ic.csv,
ic_shock_MCCC_brown_resid_FF3_RATE_full_overlap,0.03414993824422924,M1_signal_audit_predictive_ic.csv,
ic_shock_MCCC_brown_resid_FF3_RATE_full_overlap_t,0.5031188795405181,M1_signal_audit_predictive_ic.csv,
ic_shock_MCCC_brown_resid_FF3_RATE_full_overlap_p,0.6148806937711234,M1_signal_audit_predictive_ic.csv,
ic_shock_MCCC_brown_resid_FF3_RATE_full_overlap_n,233,M1_signal_audit_predictive_ic.csv,
ic_shock_MCCC_brown_resid_FF3_RATE_full_overlap_start,2006-02,M1_signal_audit_predictive_ic.csv,
ic_shock_MCCC_brown_resid_FF3_RATE_full_overlap_end,2025-06,M1_signal_audit_predictive_ic.csv,
ic_shock_MCCC_brown_resid_FF3_RATE_validation,0.057754036413149176,M1_signal_audit_predictive_ic.csv,
ic_shock_MCCC_brown_resid_FF3_RATE_validation_t,0.6659070541502619,M1_signal_audit_predictive_ic.csv,
ic_shock_MCCC_brown_resid_FF3_RATE_validation_p,0.5054705113579518,M1_signal_audit_predictive_ic.csv,
ic_shock_MCCC_brown_resid_FF3_RATE_validation_n,151,M1_signal_audit_predictive_ic.csv,
ic_shock_MCCC_brown_resid_FF3_RATE_validation_start,2010-01,M1_signal_audit_predictive_ic.csv,
ic_shock_MCCC_brown_resid_FF3_RATE_validation_end,2022-07,M1_signal_audit_predictive_ic.csv,
ic_shock_MCCC_brown_resid_FF3_RATE_holdout,-0.0919161210676666,M1_signal_audit_predictive_ic.csv,
ic_shock_MCCC_brown_resid_FF3_RATE_holdout_t,-0.7280675895156602,M1_signal_audit_predictive_ic.csv,
ic_shock_MCCC_brown_resid_FF3_RATE_holdout_p,0.46657221261288184,M1_signal_audit_predictive_ic.csv,
ic_shock_MCCC_brown_resid_FF3_RATE_holdout_n,35,M1_signal_audit_predictive_ic.csv,
ic_shock_MCCC_brown_resid_FF3_RATE_holdout_start,2022-08,M1_signal_audit_predictive_ic.csv,
ic_shock_MCCC_brown_resid_FF3_RATE_holdout_end,2025-06,M1_signal_audit_predictive_ic.csv,
ic_shock_MCCC_transition_GB_full_overlap,-0.05833288268738712,M1_signal_audit_predictive_ic.csv,
ic_shock_MCCC_transition_GB_full_overlap_t,-0.9377703892823329,M1_signal_audit_predictive_ic.csv,
ic_shock_MCCC_transition_GB_full_overlap_p,0.3483624213227555,M1_signal_audit_predictive_ic.csv,
ic_shock_MCCC_transition_GB_full_overlap_n,233,M1_signal_audit_predictive_ic.csv,
ic_shock_MCCC_transition_GB_full_overlap_start,2006-02,M1_signal_audit_predictive_ic.csv,
ic_shock_MCCC_transition_GB_full_overlap_end,2025-06,M1_signal_audit_predictive_ic.csv,
ic_shock_MCCC_transition_GB_common,-0.05833288268738712,M1_signal_audit_predictive_ic.csv,
ic_shock_MCCC_transition_GB_common_t,-0.9377703892823329,M1_signal_audit_predictive_ic.csv,
ic_shock_MCCC_transition_GB_common_p,0.3483624213227555,M1_signal_audit_predictive_ic.csv,
ic_shock_MCCC_transition_GB_common_n,233,M1_signal_audit_predictive_ic.csv,
ic_shock_MCCC_transition_GB_common_start,2006-02,M1_signal_audit_predictive_ic.csv,
ic_shock_MCCC_transition_GB_common_end,2025-06,M1_signal_audit_predictive_ic.csv,
ic_shock_MCCC_transition_GB_validation,-0.055653367731519264,M1_signal_audit_predictive_ic.csv,
ic_shock_MCCC_transition_GB_validation_t,-0.7385863380619172,M1_signal_audit_predictive_ic.csv,
ic_shock_MCCC_transition_GB_validation_p,0.46015822263180683,M1_signal_audit_predictive_ic.csv,
ic_shock_MCCC_transition_GB_validation_n,151,M1_signal_audit_predictive_ic.csv,
ic_shock_MCCC_transition_GB_validation_start,2010-01,M1_signal_audit_predictive_ic.csv,
ic_shock_MCCC_transition_GB_validation_end,2022-07,M1_signal_audit_predictive_ic.csv,
ic_shock_MCCC_transition_GB_holdout,0.04538603065952592,M1_signal_audit_predictive_ic.csv,
ic_shock_MCCC_transition_GB_holdout_t,0.32319124568823104,M1_signal_audit_predictive_ic.csv,
ic_shock_MCCC_transition_GB_holdout_p,0.7465504103923518,M1_signal_audit_predictive_ic.csv,
ic_shock_MCCC_transition_GB_holdout_n,35,M1_signal_audit_predictive_ic.csv,
ic_shock_MCCC_transition_GB_holdout_start,2022-08,M1_signal_audit_predictive_ic.csv,
ic_shock_MCCC_transition_GB_holdout_end,2025-06,M1_signal_audit_predictive_ic.csv,
ic_shock_MCCC_transition_GB_ctrl_FF3_RATE_full_overlap,-0.009045040403081973,M1_signal_audit_predictive_ic.csv,
ic_shock_MCCC_transition_GB_ctrl_FF3_RATE_full_overlap_t,-0.13281217740010604,M1_signal_audit_predictive_ic.csv,
ic_shock_MCCC_transition_GB_ctrl_FF3_RATE_full_overlap_p,0.8943419235077037,M1_signal_audit_predictive_ic.csv,
ic_shock_MCCC_transition_GB_ctrl_FF3_RATE_full_overlap_n,233,M1_signal_audit_predictive_ic.csv,
ic_shock_MCCC_transition_GB_ctrl_FF3_RATE_full_overlap_start,2006-02,M1_signal_audit_predictive_ic.csv,
ic_shock_MCCC_transition_GB_ctrl_FF3_RATE_full_overlap_end,2025-06,M1_signal_audit_predictive_ic.csv,
ic_shock_MCCC_transition_GB_ctrl_FF3_RATE_validation,0.016995593411135063,M1_signal_audit_predictive_ic.csv,
ic_shock_MCCC_transition_GB_ctrl_FF3_RATE_validation_t,0.19588928735575595,M1_signal_audit_predictive_ic.csv,
ic_shock_MCCC_transition_GB_ctrl_FF3_RATE_validation_p,0.8446968222819574,M1_signal_audit_predictive_ic.csv,
ic_shock_MCCC_transition_GB_ctrl_FF3_RATE_validation_n,151,M1_signal_audit_predictive_ic.csv,
ic_shock_MCCC_transition_GB_ctrl_FF3_RATE_validation_start,2010-01,M1_signal_audit_predictive_ic.csv,
ic_shock_MCCC_transition_GB_ctrl_FF3_RATE_validation_end,2022-07,M1_signal_audit_predictive_ic.csv,
ic_shock_MCCC_transition_GB_ctrl_FF3_RATE_holdout,0.14498127079863443,M1_signal_audit_predictive_ic.csv,
ic_shock_MCCC_transition_GB_ctrl_FF3_RATE_holdout_t,1.4815396036232122,M1_signal_audit_predictive_ic.csv,
ic_shock_MCCC_transition_GB_ctrl_FF3_RATE_holdout_p,0.1384628396310875,M1_signal_audit_predictive_ic.csv,
ic_shock_MCCC_transition_GB_ctrl_FF3_RATE_holdout_n,35,M1_signal_audit_predictive_ic.csv,
ic_shock_MCCC_transition_GB_ctrl_FF3_RATE_holdout_start,2022-08,M1_signal_audit_predictive_ic.csv,
ic_shock_MCCC_transition_GB_ctrl_FF3_RATE_holdout_end,2025-06,M1_signal_audit_predictive_ic.csv,
ic_shock_MCCC_transition_brown_resid_FF3_full_overlap,0.02332452809946938,M1_signal_audit_predictive_ic.csv,
ic_shock_MCCC_transition_brown_resid_FF3_full_overlap_t,0.34203851719575784,M1_signal_audit_predictive_ic.csv,
ic_shock_MCCC_transition_brown_resid_FF3_full_overlap_p,0.7323219059140229,M1_signal_audit_predictive_ic.csv,
ic_shock_MCCC_transition_brown_resid_FF3_full_overlap_n,233,M1_signal_audit_predictive_ic.csv,
ic_shock_MCCC_transition_brown_resid_FF3_full_overlap_start,2006-02,M1_signal_audit_predictive_ic.csv,
ic_shock_MCCC_transition_brown_resid_FF3_full_overlap_end,2025-06,M1_signal_audit_predictive_ic.csv,
ic_shock_MCCC_transition_brown_resid_FF3_common,0.02332452809946938,M1_signal_audit_predictive_ic.csv,
ic_shock_MCCC_transition_brown_resid_FF3_common_t,0.34203851719575784,M1_signal_audit_predictive_ic.csv,
ic_shock_MCCC_transition_brown_resid_FF3_common_p,0.7323219059140229,M1_signal_audit_predictive_ic.csv,
ic_shock_MCCC_transition_brown_resid_FF3_common_n,233,M1_signal_audit_predictive_ic.csv,
ic_shock_MCCC_transition_brown_resid_FF3_common_start,2006-02,M1_signal_audit_predictive_ic.csv,
ic_shock_MCCC_transition_brown_resid_FF3_common_end,2025-06,M1_signal_audit_predictive_ic.csv,
ic_shock_MCCC_transition_brown_resid_FF3_validation,0.0239311810185688,M1_signal_audit_predictive_ic.csv,
ic_shock_MCCC_transition_brown_resid_FF3_validation_t,0.25278184967292794,M1_signal_audit_predictive_ic.csv,
ic_shock_MCCC_transition_brown_resid_FF3_validation_p,0.8004367941614472,M1_signal_audit_predictive_ic.csv,
ic_shock_MCCC_transition_brown_resid_FF3_validation_n,151,M1_signal_audit_predictive_ic.csv,
ic_shock_MCCC_transition_brown_resid_FF3_validation_start,2010-01,M1_signal_audit_predictive_ic.csv,
ic_shock_MCCC_transition_brown_resid_FF3_validation_end,2022-07,M1_signal_audit_predictive_ic.csv,
ic_shock_MCCC_transition_brown_resid_FF3_holdout,-0.07436598760231951,M1_signal_audit_predictive_ic.csv,
ic_shock_MCCC_transition_brown_resid_FF3_holdout_t,-0.6827359422904431,M1_signal_audit_predictive_ic.csv,
ic_shock_MCCC_transition_brown_resid_FF3_holdout_p,0.4947737136927811,M1_signal_audit_predictive_ic.csv,
ic_shock_MCCC_transition_brown_resid_FF3_holdout_n,35,M1_signal_audit_predictive_ic.csv,
ic_shock_MCCC_transition_brown_resid_FF3_holdout_start,2022-08,M1_signal_audit_predictive_ic.csv,
ic_shock_MCCC_transition_brown_resid_FF3_holdout_end,2025-06,M1_signal_audit_predictive_ic.csv,
ic_shock_MCCC_transition_brown_resid_FF3_RATE_full_overlap,0.03140357466859955,M1_signal_audit_predictive_ic.csv,
ic_shock_MCCC_transition_brown_resid_FF3_RATE_full_overlap_t,0.4778470172682076,M1_signal_audit_predictive_ic.csv,
ic_shock_MCCC_transition_brown_resid_FF3_RATE_full_overlap_p,0.6327590939561887,M1_signal_audit_predictive_ic.csv,
ic_shock_MCCC_transition_brown_resid_FF3_RATE_full_overlap_n,233,M1_signal_audit_predictive_ic.csv,
ic_shock_MCCC_transition_brown_resid_FF3_RATE_full_overlap_start,2006-02,M1_signal_audit_predictive_ic.csv,
ic_shock_MCCC_transition_brown_resid_FF3_RATE_full_overlap_end,2025-06,M1_signal_audit_predictive_ic.csv,
ic_shock_MCCC_transition_brown_resid_FF3_RATE_validation,0.043343174280663296,M1_signal_audit_predictive_ic.csv,
ic_shock_MCCC_transition_brown_resid_FF3_RATE_validation_t,0.47916271977833214,M1_signal_audit_predictive_ic.csv,
ic_shock_MCCC_transition_brown_resid_FF3_RATE_validation_p,0.6318228733235454,M1_signal_audit_predictive_ic.csv,
ic_shock_MCCC_transition_brown_resid_FF3_RATE_validation_n,151,M1_signal_audit_predictive_ic.csv,
ic_shock_MCCC_transition_brown_resid_FF3_RATE_validation_start,2010-01,M1_signal_audit_predictive_ic.csv,
ic_shock_MCCC_transition_brown_resid_FF3_RATE_validation_end,2022-07,M1_signal_audit_predictive_ic.csv,
ic_shock_MCCC_transition_brown_resid_FF3_RATE_holdout,-0.08955311236479184,M1_signal_audit_predictive_ic.csv,
ic_shock_MCCC_transition_brown_resid_FF3_RATE_holdout_t,-0.8310114945518948,M1_signal_audit_predictive_ic.csv,
ic_shock_MCCC_transition_brown_resid_FF3_RATE_holdout_p,0.40596713589103195,M1_signal_audit_predictive_ic.csv,
ic_shock_MCCC_transition_brown_resid_FF3_RATE_holdout_n,35,M1_signal_audit_predictive_ic.csv,
ic_shock_MCCC_transition_brown_resid_FF3_RATE_holdout_start,2022-08,M1_signal_audit_predictive_ic.csv,
ic_shock_MCCC_transition_brown_resid_FF3_RATE_holdout_end,2025-06,M1_signal_audit_predictive_ic.csv,
ic_shock_CPU_GB_full_overlap,0.037879002682692745,M1_signal_audit_predictive_ic.csv,
ic_shock_CPU_GB_full_overlap_t,1.0217457368929543,M1_signal_audit_predictive_ic.csv,
ic_shock_CPU_GB_full_overlap_p,0.30690125787018674,M1_signal_audit_predictive_ic.csv,
ic_shock_CPU_GB_full_overlap_n,425,M1_signal_audit_predictive_ic.csv,
ic_shock_CPU_GB_full_overlap_start,1990-05,M1_signal_audit_predictive_ic.csv,
ic_shock_CPU_GB_full_overlap_end,2025-09,M1_signal_audit_predictive_ic.csv,
ic_shock_CPU_GB_full_overlap_holm_p,1.0,M1_signal_audit_predictive_ic.csv,
ic_shock_CPU_GB_common,0.03689223602721044,M1_signal_audit_predictive_ic.csv,
ic_shock_CPU_GB_common_t,0.9115658019479344,M1_signal_audit_predictive_ic.csv,
ic_shock_CPU_GB_common_p,0.36199733165035086,M1_signal_audit_predictive_ic.csv,
ic_shock_CPU_GB_common_n,233,M1_signal_audit_predictive_ic.csv,
ic_shock_CPU_GB_common_start,2006-02,M1_signal_audit_predictive_ic.csv,
ic_shock_CPU_GB_common_end,2025-06,M1_signal_audit_predictive_ic.csv,
ic_shock_CPU_GB_validation,0.0251418834034776,M1_signal_audit_predictive_ic.csv,
ic_shock_CPU_GB_validation_t,0.48368134489393955,M1_signal_audit_predictive_ic.csv,
ic_shock_CPU_GB_validation_p,0.6286120346347543,M1_signal_audit_predictive_ic.csv,
ic_shock_CPU_GB_validation_n,151,M1_signal_audit_predictive_ic.csv,
ic_shock_CPU_GB_validation_start,2010-01,M1_signal_audit_predictive_ic.csv,
ic_shock_CPU_GB_validation_end,2022-07,M1_signal_audit_predictive_ic.csv,
ic_shock_CPU_GB_holdout,0.1631782587247644,M1_signal_audit_predictive_ic.csv,
ic_shock_CPU_GB_holdout_t,1.852201326440654,M1_signal_audit_predictive_ic.csv,
ic_shock_CPU_GB_holdout_p,0.06399691839116675,M1_signal_audit_predictive_ic.csv,
ic_shock_CPU_GB_holdout_n,38,M1_signal_audit_predictive_ic.csv,
ic_shock_CPU_GB_holdout_start,2022-08,M1_signal_audit_predictive_ic.csv,
ic_shock_CPU_GB_holdout_end,2025-09,M1_signal_audit_predictive_ic.csv,
ic_shock_CPU_GB_ctrl_FF3_RATE_full_overlap,0.01681056695741952,M1_signal_audit_predictive_ic.csv,
ic_shock_CPU_GB_ctrl_FF3_RATE_full_overlap_t,0.4254943831367805,M1_signal_audit_predictive_ic.csv,
ic_shock_CPU_GB_ctrl_FF3_RATE_full_overlap_p,0.6704763153466913,M1_signal_audit_predictive_ic.csv,
ic_shock_CPU_GB_ctrl_FF3_RATE_full_overlap_n,425,M1_signal_audit_predictive_ic.csv,
ic_shock_CPU_GB_ctrl_FF3_RATE_full_overlap_start,1990-05,M1_signal_audit_predictive_ic.csv,
ic_shock_CPU_GB_ctrl_FF3_RATE_full_overlap_end,2025-09,M1_signal_audit_predictive_ic.csv,
ic_shock_CPU_GB_ctrl_FF3_RATE_validation,-0.014187167935312021,M1_signal_audit_predictive_ic.csv,
ic_shock_CPU_GB_ctrl_FF3_RATE_validation_t,-0.25355841457591005,M1_signal_audit_predictive_ic.csv,
ic_shock_CPU_GB_ctrl_FF3_RATE_validation_p,0.7998367271774127,M1_signal_audit_predictive_ic.csv,
ic_shock_CPU_GB_ctrl_FF3_RATE_validation_n,151,M1_signal_audit_predictive_ic.csv,
ic_shock_CPU_GB_ctrl_FF3_RATE_validation_start,2010-01,M1_signal_audit_predictive_ic.csv,
ic_shock_CPU_GB_ctrl_FF3_RATE_validation_end,2022-07,M1_signal_audit_predictive_ic.csv,
ic_shock_CPU_GB_ctrl_FF3_RATE_holdout,0.12758403138717275,M1_signal_audit_predictive_ic.csv,
ic_shock_CPU_GB_ctrl_FF3_RATE_holdout_t,1.0138624855902088,M1_signal_audit_predictive_ic.csv,
ic_shock_CPU_GB_ctrl_FF3_RATE_holdout_p,0.31064837416680025,M1_signal_audit_predictive_ic.csv,
ic_shock_CPU_GB_ctrl_FF3_RATE_holdout_n,38,M1_signal_audit_predictive_ic.csv,
ic_shock_CPU_GB_ctrl_FF3_RATE_holdout_start,2022-08,M1_signal_audit_predictive_ic.csv,
ic_shock_CPU_GB_ctrl_FF3_RATE_holdout_end,2025-09,M1_signal_audit_predictive_ic.csv,
ic_shock_CPU_brown_resid_FF3_full_overlap,-0.07850391532593287,M1_signal_audit_predictive_ic.csv,
ic_shock_CPU_brown_resid_FF3_full_overlap_t,-1.76810370580526,M1_signal_audit_predictive_ic.csv,
ic_shock_CPU_brown_resid_FF3_full_overlap_p,0.07704356804432298,M1_signal_audit_predictive_ic.csv,
ic_shock_CPU_brown_resid_FF3_full_overlap_n,425,M1_signal_audit_predictive_ic.csv,
ic_shock_CPU_brown_resid_FF3_full_overlap_start,1990-05,M1_signal_audit_predictive_ic.csv,
ic_shock_CPU_brown_resid_FF3_full_overlap_end,2025-09,M1_signal_audit_predictive_ic.csv,
ic_shock_CPU_brown_resid_FF3_full_overlap_holm_p,0.6163485443545839,M1_signal_audit_predictive_ic.csv,
ic_shock_CPU_brown_resid_FF3_common,-0.06390748340493747,M1_signal_audit_predictive_ic.csv,
ic_shock_CPU_brown_resid_FF3_common_t,-1.2008796631502636,M1_signal_audit_predictive_ic.csv,
ic_shock_CPU_brown_resid_FF3_common_p,0.22979788410537882,M1_signal_audit_predictive_ic.csv,
ic_shock_CPU_brown_resid_FF3_common_n,233,M1_signal_audit_predictive_ic.csv,
ic_shock_CPU_brown_resid_FF3_common_start,2006-02,M1_signal_audit_predictive_ic.csv,
ic_shock_CPU_brown_resid_FF3_common_end,2025-06,M1_signal_audit_predictive_ic.csv,
ic_shock_CPU_brown_resid_FF3_validation,-0.06308029726478111,M1_signal_audit_predictive_ic.csv,
ic_shock_CPU_brown_resid_FF3_validation_t,-0.8379057182154022,M1_signal_audit_predictive_ic.csv,
ic_shock_CPU_brown_resid_FF3_validation_p,0.4020836569979559,M1_signal_audit_predictive_ic.csv,
ic_shock_CPU_brown_resid_FF3_validation_n,151,M1_signal_audit_predictive_ic.csv,
ic_shock_CPU_brown_resid_FF3_validation_start,2010-01,M1_signal_audit_predictive_ic.csv,
ic_shock_CPU_brown_resid_FF3_validation_end,2022-07,M1_signal_audit_predictive_ic.csv,
ic_shock_CPU_brown_resid_FF3_holdout,-0.17954725630173984,M1_signal_audit_predictive_ic.csv,
ic_shock_CPU_brown_resid_FF3_holdout_t,-1.9315362875370905,M1_signal_audit_predictive_ic.csv,
ic_shock_CPU_brown_resid_FF3_holdout_p,0.053416766276771416,M1_signal_audit_predictive_ic.csv,
ic_shock_CPU_brown_resid_FF3_holdout_n,38,M1_signal_audit_predictive_ic.csv,
ic_shock_CPU_brown_resid_FF3_holdout_start,2022-08,M1_signal_audit_predictive_ic.csv,
ic_shock_CPU_brown_resid_FF3_holdout_end,2025-09,M1_signal_audit_predictive_ic.csv,
ic_shock_CPU_brown_resid_FF3_RATE_full_overlap,-0.07037059647179232,M1_signal_audit_predictive_ic.csv,
ic_shock_CPU_brown_resid_FF3_RATE_full_overlap_t,-1.5851837889146365,M1_signal_audit_predictive_ic.csv,
ic_shock_CPU_brown_resid_FF3_RATE_full_overlap_p,0.11292458264277831,M1_signal_audit_predictive_ic.csv,
ic_shock_CPU_brown_resid_FF3_RATE_full_overlap_n,425,M1_signal_audit_predictive_ic.csv,
ic_shock_CPU_brown_resid_FF3_RATE_full_overlap_start,1990-05,M1_signal_audit_predictive_ic.csv,
ic_shock_CPU_brown_resid_FF3_RATE_full_overlap_end,2025-09,M1_signal_audit_predictive_ic.csv,
ic_shock_CPU_brown_resid_FF3_RATE_validation,-0.0705519404340693,M1_signal_audit_predictive_ic.csv,
ic_shock_CPU_brown_resid_FF3_RATE_validation_t,-0.9188232129387559,M1_signal_audit_predictive_ic.csv,
ic_shock_CPU_brown_resid_FF3_RATE_validation_p,0.35818804877364907,M1_signal_audit_predictive_ic.csv,
ic_shock_CPU_brown_resid_FF3_RATE_validation_n,151,M1_signal_audit_predictive_ic.csv,
ic_shock_CPU_brown_resid_FF3_RATE_validation_start,2010-01,M1_signal_audit_predictive_ic.csv,
ic_shock_CPU_brown_resid_FF3_RATE_validation_end,2022-07,M1_signal_audit_predictive_ic.csv,
ic_shock_CPU_brown_resid_FF3_RATE_holdout,-0.12239255264682358,M1_signal_audit_predictive_ic.csv,
ic_shock_CPU_brown_resid_FF3_RATE_holdout_t,-1.206489923288553,M1_signal_audit_predictive_ic.csv,
ic_shock_CPU_brown_resid_FF3_RATE_holdout_p,0.22762864213478473,M1_signal_audit_predictive_ic.csv,
ic_shock_CPU_brown_resid_FF3_RATE_holdout_n,38,M1_signal_audit_predictive_ic.csv,
ic_shock_CPU_brown_resid_FF3_RATE_holdout_start,2022-08,M1_signal_audit_predictive_ic.csv,
ic_shock_CPU_brown_resid_FF3_RATE_holdout_end,2025-09,M1_signal_audit_predictive_ic.csv,
ic_z_MCCC_lag1_GB_full_overlap,-0.008022228176055005,M1_signal_audit_predictive_ic.csv,
ic_z_MCCC_lag1_GB_full_overlap_t,-0.1283842670609493,M1_signal_audit_predictive_ic.csv,
ic_z_MCCC_lag1_GB_full_overlap_p,0.8978448811859314,M1_signal_audit_predictive_ic.csv,
ic_z_MCCC_lag1_GB_full_overlap_n,234,M1_signal_audit_predictive_ic.csv,
ic_z_MCCC_lag1_GB_full_overlap_start,2006-01,M1_signal_audit_predictive_ic.csv,
ic_z_MCCC_lag1_GB_full_overlap_end,2025-06,M1_signal_audit_predictive_ic.csv,
ic_z_MCCC_lag1_brown_resid_FF3_full_overlap,0.07754699275135783,M1_signal_audit_predictive_ic.csv,
ic_z_MCCC_lag1_brown_resid_FF3_full_overlap_t,1.5438538412372276,M1_signal_audit_predictive_ic.csv,
ic_z_MCCC_lag1_brown_resid_FF3_full_overlap_p,0.12262374448593133,M1_signal_audit_predictive_ic.csv,
ic_z_MCCC_lag1_brown_resid_FF3_full_overlap_n,234,M1_signal_audit_predictive_ic.csv,
ic_z_MCCC_lag1_brown_resid_FF3_full_overlap_start,2006-01,M1_signal_audit_predictive_ic.csv,
ic_z_MCCC_lag1_brown_resid_FF3_full_overlap_end,2025-06,M1_signal_audit_predictive_ic.csv,
ic_shock_MCCC_lag1_GB_full_overlap,0.03187565011405086,M1_signal_audit_predictive_ic.csv,
ic_shock_MCCC_lag1_GB_full_overlap_t,0.3683797114034672,M1_signal_audit_predictive_ic.csv,
ic_shock_MCCC_lag1_GB_full_overlap_p,0.7125901234134936,M1_signal_audit_predictive_ic.csv,
ic_shock_MCCC_lag1_GB_full_overlap_n,232,M1_signal_audit_predictive_ic.csv,
ic_shock_MCCC_lag1_GB_full_overlap_start,2006-03,M1_signal_audit_predictive_ic.csv,
ic_shock_MCCC_lag1_GB_full_overlap_end,2025-06,M1_signal_audit_predictive_ic.csv,
ic_shock_MCCC_lag1_brown_resid_FF3_full_overlap,0.02622398214025294,M1_signal_audit_predictive_ic.csv,
ic_shock_MCCC_lag1_brown_resid_FF3_full_overlap_t,0.355418876649943,M1_signal_audit_predictive_ic.csv,
ic_shock_MCCC_lag1_brown_resid_FF3_full_overlap_p,0.7222758093028536,M1_signal_audit_predictive_ic.csv,
ic_shock_MCCC_lag1_brown_resid_FF3_full_overlap_n,232,M1_signal_audit_predictive_ic.csv,
ic_shock_MCCC_lag1_brown_resid_FF3_full_overlap_start,2006-03,M1_signal_audit_predictive_ic.csv,
ic_shock_MCCC_lag1_brown_resid_FF3_full_overlap_end,2025-06,M1_signal_audit_predictive_ic.csv,
ic_z_CPU_lag1_GB_full_overlap,0.03285340174138528,M1_signal_audit_predictive_ic.csv,
ic_z_CPU_lag1_GB_full_overlap_t,0.7551453624956875,M1_signal_audit_predictive_ic.csv,
ic_z_CPU_lag1_GB_full_overlap_p,0.45016176760983706,M1_signal_audit_predictive_ic.csv,
ic_z_CPU_lag1_GB_full_overlap_n,426,M1_signal_audit_predictive_ic.csv,
ic_z_CPU_lag1_GB_full_overlap_start,1990-04,M1_signal_audit_predictive_ic.csv,
ic_z_CPU_lag1_GB_full_overlap_end,2025-09,M1_signal_audit_predictive_ic.csv,
ic_z_CPU_lag1_brown_resid_FF3_full_overlap,-0.016434493760497278,M1_signal_audit_predictive_ic.csv,
ic_z_CPU_lag1_brown_resid_FF3_full_overlap_t,-0.45123826946531276,M1_signal_audit_predictive_ic.csv,
ic_z_CPU_lag1_brown_resid_FF3_full_overlap_p,0.651817830459666,M1_signal_audit_predictive_ic.csv,
ic_z_CPU_lag1_brown_resid_FF3_full_overlap_n,426,M1_signal_audit_predictive_ic.csv,
ic_z_CPU_lag1_brown_resid_FF3_full_overlap_start,1990-04,M1_signal_audit_predictive_ic.csv,
ic_z_CPU_lag1_brown_resid_FF3_full_overlap_end,2025-09,M1_signal_audit_predictive_ic.csv,
ic_shock_CPU_lag1_GB_full_overlap,0.0660684271831337,M1_signal_audit_predictive_ic.csv,
ic_shock_CPU_lag1_GB_full_overlap_t,1.3742219580378805,M1_signal_audit_predictive_ic.csv,
ic_shock_CPU_lag1_GB_full_overlap_p,0.16937278584395588,M1_signal_audit_predictive_ic.csv,
ic_shock_CPU_lag1_GB_full_overlap_n,424,M1_signal_audit_predictive_ic.csv,
ic_shock_CPU_lag1_GB_full_overlap_start,1990-06,M1_signal_audit_predictive_ic.csv,
ic_shock_CPU_lag1_GB_full_overlap_end,2025-09,M1_signal_audit_predictive_ic.csv,
ic_shock_CPU_lag1_brown_resid_FF3_full_overlap,-0.03425889231141586,M1_signal_audit_predictive_ic.csv,
ic_shock_CPU_lag1_brown_resid_FF3_full_overlap_t,-0.6129013187511145,M1_signal_audit_predictive_ic.csv,
ic_shock_CPU_lag1_brown_resid_FF3_full_overlap_p,0.5399415912414856,M1_signal_audit_predictive_ic.csv,
ic_shock_CPU_lag1_brown_resid_FF3_full_overlap_n,424,M1_signal_audit_predictive_ic.csv,
ic_shock_CPU_lag1_brown_resid_FF3_full_overlap_start,1990-06,M1_signal_audit_predictive_ic.csv,
ic_shock_CPU_lag1_brown_resid_FF3_full_overlap_end,2025-09,M1_signal_audit_predictive_ic.csv,
ic_sign_flips_GB,9/14,M1_signal_audit_ic_sign_stability.csv,
ic_sign_flips_brown_resid_FF3,9/14,M1_signal_audit_ic_sign_stability.csv,
derived_rows,500,M1_signal_audit_identity.csv,rows written to data/derived/attention_measures.csv
std12_EMV_env_max,0.9631102944445615,M1_signal_audit_standardized_measures_12m.csv,
std12_EMV_env_argmax,2009-08,M1_signal_audit_standardized_measures_12m.csv,
std12_EMV_env_min_2022_2024,-1.1585877913775362,M1_signal_audit_standardized_measures_12m.csv,
std12_EMV_env_max_2022_2024,-0.07715326688233153,M1_signal_audit_standardized_measures_12m.csv,
std12_EMV_env_n_2022_2024,36,M1_signal_audit_standardized_measures_12m.csv,
std12_MCCC_max,1.8161875061499833,M1_signal_audit_standardized_measures_12m.csv,
std12_MCCC_argmax,2025-06,M1_signal_audit_standardized_measures_12m.csv,
std12_MCCC_min_2022_2024,1.1935572859924688,M1_signal_audit_standardized_measures_12m.csv,
std12_MCCC_max_2022_2024,1.4884256012892345,M1_signal_audit_standardized_measures_12m.csv,
std12_MCCC_n_2022_2024,36,M1_signal_audit_standardized_measures_12m.csv,
std12_CPU_max,1.9166787946407695,M1_signal_audit_standardized_measures_12m.csv,
std12_CPU_argmax,2025-06,M1_signal_audit_standardized_measures_12m.csv,
std12_CPU_min_2022_2024,0.8798007099926942,M1_signal_audit_standardized_measures_12m.csv,
std12_CPU_max_2022_2024,1.3908372217129077,M1_signal_audit_standardized_measures_12m.csv,
std12_CPU_n_2022_2024,36,M1_signal_audit_standardized_measures_12m.csv,
std12_EMV_env_nonzero_min3_max,1.2637451066017737,M1_signal_audit_standardized_measures_12m.csv,
std12_EMV_env_nonzero_min3_argmax,2025-03,M1_signal_audit_standardized_measures_12m.csv,
std12_EMV_env_nonzero_min3_min_2022_2024,-0.23261929749524207,M1_signal_audit_standardized_measures_12m.csv,
std12_EMV_env_nonzero_min3_max_2022_2024,1.201909100095284,M1_signal_audit_standardized_measures_12m.csv,
std12_EMV_env_nonzero_min3_n_2022_2024,24,M1_signal_audit_standardized_measures_12m.csv,
std12_EMV_env_nonzero_min6_max,1.2637451066017737,M1_signal_audit_standardized_measures_12m.csv,
std12_EMV_env_nonzero_min6_argmax,2025-03,M1_signal_audit_standardized_measures_12m.csv,
std12_EMV_env_nonzero_min6_min_2022_2024,-0.05484983031533478,M1_signal_audit_standardized_measures_12m.csv,
std12_EMV_env_nonzero_min6_max_2022_2024,0.3503896527830384,M1_signal_audit_standardized_measures_12m.csv,
std12_EMV_env_nonzero_min6_n_2022_2024,5,M1_signal_audit_standardized_measures_12m.csv,
nonzero_pre_2021-10_n_months,441,M1_signal_audit_emv_nonzero_levels.csv,
nonzero_pre_2021-10_n_nonzero,429,M1_signal_audit_emv_nonzero_levels.csv,
nonzero_pre_2021-10_median_nonzero,0.24113,M1_signal_audit_emv_nonzero_levels.csv,
nonzero_pre_2021-10_mean_nonzero,0.2823984382284382,M1_signal_audit_emv_nonzero_levels.csv,
nonzero_pre_2021-10_mean_all_months,0.27471412698412695,M1_signal_audit_emv_nonzero_levels.csv,
nonzero_pre_2021-10_mean_std_nonzero_fig_scale,-0.05922786921311573,M1_signal_audit_emv_nonzero_levels.csv,
nonzero_pre_2021-10_n_std_nonzero_fig_scale,217,M1_signal_audit_emv_nonzero_levels.csv,
nonzero_window_60m_to_2021-09_n_months,60,M1_signal_audit_emv_nonzero_levels.csv,
nonzero_window_60m_to_2021-09_n_nonzero,58,M1_signal_audit_emv_nonzero_levels.csv,
nonzero_window_60m_to_2021-09_median_nonzero,0.306165,M1_signal_audit_emv_nonzero_levels.csv,
nonzero_window_60m_to_2021-09_mean_nonzero,0.35666586206896556,M1_signal_audit_emv_nonzero_levels.csv,
nonzero_window_60m_to_2021-09_mean_all_months,0.344777,M1_signal_audit_emv_nonzero_levels.csv,
nonzero_window_60m_to_2021-09_mean_std_nonzero_fig_scale,0.10163358431886477,M1_signal_audit_emv_nonzero_levels.csv,
nonzero_window_60m_to_2021-09_n_std_nonzero_fig_scale,58,M1_signal_audit_emv_nonzero_levels.csv,
nonzero_2003-01_to_2021-09_n_months,225,M1_signal_audit_emv_nonzero_levels.csv,
nonzero_2003-01_to_2021-09_n_nonzero,217,M1_signal_audit_emv_nonzero_levels.csv,
nonzero_2003-01_to_2021-09_median_nonzero,0.26825,M1_signal_audit_emv_nonzero_levels.csv,
nonzero_2003-01_to_2021-09_mean_nonzero,0.3185400921658986,M1_signal_audit_emv_nonzero_levels.csv,
nonzero_2003-01_to_2021-09_mean_all_months,0.3072142222222222,M1_signal_audit_emv_nonzero_levels.csv,
nonzero_2003-01_to_2021-09_mean_std_nonzero_fig_scale,-0.05922786921311573,M1_signal_audit_emv_nonzero_levels.csv,
nonzero_2003-01_to_2021-09_n_std_nonzero_fig_scale,217,M1_signal_audit_emv_nonzero_levels.csv,
nonzero_2022-2024_n_months,36,M1_signal_audit_emv_nonzero_levels.csv,
nonzero_2022-2024_n_nonzero,11,M1_signal_audit_emv_nonzero_levels.csv,
nonzero_2022-2024_median_nonzero,0.3596,M1_signal_audit_emv_nonzero_levels.csv,
nonzero_2022-2024_mean_nonzero,0.4111345454545454,M1_signal_audit_emv_nonzero_levels.csv,
nonzero_2022-2024_mean_all_months,0.12562444444444446,M1_signal_audit_emv_nonzero_levels.csv,
nonzero_2022-2024_mean_std_nonzero_fig_scale,0.3684568318022112,M1_signal_audit_emv_nonzero_levels.csv,
nonzero_2022-2024_n_std_nonzero_fig_scale,11,M1_signal_audit_emv_nonzero_levels.csv,
nonzero_holdout_n_months,48,M1_signal_audit_emv_nonzero_levels.csv,
nonzero_holdout_n_nonzero,17,M1_signal_audit_emv_nonzero_levels.csv,
nonzero_holdout_median_nonzero,0.42198,M1_signal_audit_emv_nonzero_levels.csv,
nonzero_holdout_mean_nonzero,0.5706811764705882,M1_signal_audit_emv_nonzero_levels.csv,
nonzero_holdout_mean_all_months,0.20211625,M1_signal_audit_emv_nonzero_levels.csv,
nonzero_holdout_mean_std_nonzero_fig_scale,0.9288868246864035,M1_signal_audit_emv_nonzero_levels.csv,
nonzero_holdout_n_std_nonzero_fig_scale,12,M1_signal_audit_emv_nonzero_levels.csv,
nonzero_post_2021-10_n_months,59,M1_signal_audit_emv_nonzero_levels.csv,
nonzero_post_2021-10_n_nonzero,20,M1_signal_audit_emv_nonzero_levels.csv,
nonzero_post_2021-10_median_nonzero,0.412005,M1_signal_audit_emv_nonzero_levels.csv,
nonzero_post_2021-10_mean_nonzero,0.5528165,M1_signal_audit_emv_nonzero_levels.csv,
nonzero_post_2021-10_mean_all_months,0.18739542372881354,M1_signal_audit_emv_nonzero_levels.csv,
nonzero_post_2021-10_mean_std_nonzero_fig_scale,0.8568298412830745,M1_signal_audit_emv_nonzero_levels.csv,
nonzero_post_2021-10_n_std_nonzero_fig_scale,15,M1_signal_audit_emv_nonzero_levels.csv,
ledger_rows,667,M1_signal_audit_tests_ledger.csv,
ledger_primary,15,M1_signal_audit_tests_ledger.csv,
ledger_duplicates_merged,21,M1_signal_audit_tests_ledger.csv,same hypothesis and sample reported twice; recorded once
