date,b_const,b_Mkt-RF,b_SMB,b_HML,b_UMD,b_BOND,se_const,se_Mkt-RF,se_SMB,se_HML,se_UMD,se_BOND
1969-12-31,0.0085573761013071,0.05734040850342303,-0.025677535218389447,-0.17043740195378942,0.08202779101287754,0.2323028684982104,0.0036336707440816993,0.12341622725358527,0.1510369947260233,0.15859200775227242,0.1086626328873064,0.33882079260363307
1970-01-31,0.008531248428565803,0.052188167934834495,-0.02244462471571955,-0.16803600163822302,0.08350888780299617,0.2348664991257317,0.003689372317648206,0.110003963939069,0.138737781500764,0.15932760266888027,0.10851198520170767,0.3364986936492913
1970-02-28,0.007543480117094215,0.03158760516705243,0.03452009062731625,-0.20830387004450482,0.04565247335487868,0.09446740461310124,0.0032446367286876484,0.1112587993600114,0.14337565773348784,0.15786042056963878,0.09870365232982745,0.3047428626025993
1970-03-31,0.007595929269362182,0.024390459635508857,0.05067473432354953,-0.22211417441781767,0.03814957226629201,0.09240018866557989,0.003148973491501079,0.11306920195951806,0.14520678371853096,0.15343882124995267,0.0981603503527438,0.3074593161122543
1970-04-30,0.007888949943825836,0.047488752917849125,0.058723221469835746,-0.2674607183008586,0.03908420206680454,0.14018980532392628,0.003211885878144169,0.11542556962381514,0.14935263392660805,0.15043136922863953,0.10065427208595545,0.2984032485426548
1970-05-31,0.008136060969477688,0.04408274752612515,0.0589289038437763,-0.2780287090377534,0.03830054707845877,0.1535928595361533,0.0032768525282370078,0.11390646634153574,0.14584412310627162,0.14671059282756582,0.10064766215321443,0.27078327057242485
1970-06-30,0.008357693453755553,0.03601835933942024,0.055949992348773174,-0.28319720126635656,0.04255254689649097,0.17500309330018587,0.003227713337137945,0.11191837792389611,0.1450338397148555,0.15100133879385585,0.0905370707365222,0.254737542334564
1970-07-31,0.008339228052162704,0.04179619782402709,0.048757143285880274,-0.2495533256572233,0.07306102016052536,0.16498739984089972,0.002965654825355393,0.10805920656330253,0.14326247421575974,0.15155969658587035,0.0848272129251276,0.24879320835054264
1970-08-31,0.008167057818743934,0.033763956337954065,0.0472969946376608,-0.2523932079931279,0.09128896789693877,0.18667830116942713,0.003038713477350946,0.1064985626584592,0.1439426221330626,0.152506030764167,0.07957949107563658,0.24684639921721682
1970-09-30,0.009054608042475402,0.029929493772932976,0.06865083939075878,-0.2953970322499868,0.06429648264017249,0.20525989448676832,0.002980398180812422,0.09875624257377652,0.12465772859987932,0.1263784342367652,0.06029105335592625,0.24373956711426836
1970-10-31,0.00911493950117028,0.04427928338171101,0.07974671042100637,-0.27029064441981127,0.06276987915290387,0.1640373146337335,0.0028043453319267424,0.09974332669331525,0.12282999735787765,0.12447052404159124,0.04848527446252774,0.23278499666784927
1970-11-30,0.00938406599712587,0.04077590987980526,0.09095991709534867,-0.26396565811278294,0.07454896308906851,0.17346736839329452,0.002531558232598012,0.09776344656231983,0.11856630302825202,0.1236591977232684,0.04462041112540198,0.22282427748554065
1970-12-31,0.008955514652627616,0.03778751125229782,0.08562780648876495,-0.27100690136394834,0.07869008988297495,0.14905237441149968,0.0023907060809246895,0.09865150606672868,0.1186468848872906,0.12867488511730646,0.04417993822166357,0.2041276932885527
1971-01-31,0.009035764069416063,0.036890512999541165,0.10466188896444346,-0.22910606122047883,0.10357591801849861,0.14761990433023514,0.002354579922313021,0.09799949970201495,0.11549528043699306,0.14046760289579435,0.045068858443938584,0.2059873019301869
1971-02-28,0.008753532512662155,0.042677701097578985,0.09003046438134714,-0.23330246778769329,0.09407999615656798,0.14853768953615798,0.002352016893893749,0.09798658424241855,0.11861117120934513,0.1364758885065145,0.047040190602884405,0.19084272902584004
1971-03-31,0.0092085805059742,0.027901130977104546,0.09491866281641874,-0.258017101372026,0.09421388419787881,0.17467329924491418,0.0021492489618759416,0.09557819822672346,0.11869950332506414,0.12387572347639375,0.047833428228622556,0.16812872936268142
1971-04-30,0.009313900007624646,0.016207137076076655,0.10966823470051434,-0.25906003308619874,0.11033196256197582,0.21016970747791835,0.00216765941380179,0.09155132418288169,0.11893081232945606,0.12150817252279818,0.053228961438026315,0.17041119581401293
1971-05-31,0.009705241117616403,0.006060178210351333,0.09946849859718271,-0.2819400223518188,0.09659200166135878,0.2293668416677122,0.002215566701289299,0.08917795267761114,0.12054428510223093,0.12148250984761676,0.057332161439321634,0.15961015055571234
1971-06-30,0.009840118030757152,0.003477185763502297,0.10204074543795474,-0.2804268355879174,0.10093119117838642,0.23328431053628168,0.002237120670918422,0.08913681452253658,0.11981940015361595,0.12131700186916268,0.05805445898767186,0.16176939715221153
1971-07-31,0.009536316603761412,0.004858526705444177,0.10436294754630179,-0.27902306141330313,0.10781110448001209,0.24623301251311053,0.0022650788780882508,0.08872505607260697,0.12037676932368874,0.12084403747731594,0.05781764055629353,0.16073176106964934
1971-08-31,0.009462973479337796,-2.666465049037947e-05,0.10564728442279683,-0.28798455438248854,0.10222771567632115,0.24605694253058782,0.0022090730218986302,0.08813412039680749,0.12050093534251291,0.11465776979230048,0.05598454776187138,0.1592725742408143
1971-09-30,0.009153901212296443,0.00944296137173141,0.1060619510736511,-0.27530145779623805,0.10308720604747203,0.2169931646143137,0.0021498837755313215,0.0826938984776769,0.11914276252194964,0.11161977240289209,0.05301041020192235,0.13087759127590978
1971-10-31,0.008182227345449563,-0.0320973754240504,0.17207847800559317,-0.2807380362439699,0.13537646425537259,0.24020244762798515,0.0024029333864725357,0.07619566170473108,0.10391343340042351,0.10757479787076042,0.045215628343674256,0.11443694589534126
1971-11-30,0.008935093797112142,-0.039656286982586456,0.17585826317493009,-0.32640858997034317,0.15265983409437262,0.25479168666118285,0.0022004326322442574,0.07579741702279635,0.09793818741683759,0.1019192732233133,0.04601403604925619,0.12253655230006466
1971-12-31,0.009128234022552055,-0.10224221664209412,0.2076486422003822,-0.35697856835327735,0.16663905753744604,0.39006424880476775,0.002102808120149684,0.07400807426594253,0.0883274035121583,0.10072556323007034,0.05485189593620425,0.11838727485438083
1972-01-31,0.009384684966308367,-0.09480021650562657,0.22225464186491956,-0.3432780096575351,0.14717970259568852,0.3956655577040297,0.0021148686983054506,0.07195870828364652,0.08538883452371074,0.09780565270310188,0.043982358764109976,0.1210948351273907
1972-02-29,0.009401082734110403,-0.09292759009522639,0.21983732530555947,-0.3439710002032885,0.14623249823940362,0.39324121080236896,0.0021038848881080358,0.07176899151100193,0.08654096901874074,0.09761271480363834,0.04471977747815007,0.1207007238662453
1972-03-31,0.009465879712495368,-0.08798568942192547,0.22024787359813713,-0.3369763008319967,0.14659013186015224,0.3907842099687594,0.0021118845006160895,0.0711722866973723,0.08598314231878804,0.09780879765258543,0.04372119367507567,0.12031544093286087
1972-04-30,0.009865054530271117,-0.07801455214163269,0.21110027066607356,-0.34701627658563383,0.14494810579224401,0.37822464780848863,0.0021310224511643366,0.07026632085608814,0.08587457887196905,0.09758678794202665,0.041934974839888256,0.12205237374003476
1972-05-31,0.00989893253261073,-0.06657198242182708,0.19031618278215223,-0.36081808371291546,0.1453950375513616,0.39128103619224053,0.0020862541183377234,0.06978222613829753,0.08727424804123024,0.09852225539818628,0.043550576380165684,0.12740450426399172
1972-06-30,0.009652976490888351,-0.05699427922255307,0.18784989498729693,-0.34575809898005533,0.1449241100312062,0.37549311007709985,0.0020649522557624656,0.06947745948018741,0.09453607588173489,0.09997924292397788,0.04774919126660342,0.12179604791730365
1972-07-31,0.009601249467271792,-0.049220900194683385,0.1984067108107887,-0.3311797834273545,0.14100650388171593,0.3529790597678404,0.002089341719687044,0.06851004491751515,0.09253651951036167,0.10227960386892705,0.04394754664578526,0.11635592690900315
1972-08-31,0.00908360129441464,-0.0655610365453097,0.21600575235710034,-0.3499074211388845,0.1577468138917954,0.3819123855138738,0.0020236172415260337,0.0591574444645578,0.08423455416707064,0.09738781087475508,0.04508700698236762,0.12019015703072007
1972-09-30,0.009194918431906838,-0.05891420612736327,0.20094004184376704,-0.34114194858445157,0.15516737329084473,0.35415681785987957,0.001944996955140841,0.05949636781305076,0.08244442059172512,0.09992785742934222,0.04670323249940263,0.1162267931723505
1972-10-31,0.008702215676590274,-0.0480225628360067,0.19396926188367097,-0.32273668040004294,0.1472124911298513,0.35262010593006715,0.0018744457988072547,0.05451097192865201,0.07867397107601619,0.10935368071343028,0.04607933167328792,0.1147871849449479
1972-11-30,0.008857448658278849,-0.05097585835692633,0.19782659544236533,-0.34146674696194435,0.1529434516309925,0.33144195575447455,0.0017957527442637783,0.051998417384816836,0.07757707149546612,0.09949431645644174,0.0466722927385016,0.10880521105491071
1972-12-31,0.009550699830105333,-0.045694312926936265,0.19778451756520177,-0.3567813030315503,0.17878226299898417,0.3277296688623579,0.0018804204592371065,0.0530095607177394,0.08866466639119172,0.10188079573295669,0.057422607441348014,0.1184278182746128
1973-01-31,0.00850085586246583,0.009655183866113255,0.12422067458803235,-0.4277396202146304,0.1805333956582512,0.26078655745322515,0.0018138394220102779,0.047437541720898,0.05806590361817726,0.09172484253738145,0.05992953323775339,0.10543110420011567
1973-02-28,0.008560662103509099,0.008735845281365402,0.12184600741832663,-0.4393201047315431,0.16071282599878003,0.27278368904908107,0.0018803280369490754,0.04792076384125578,0.056578605375208264,0.09243853993720944,0.05084256493345119,0.10579053487754825
1973-03-31,0.008392390794920405,0.005110618390165987,0.12503508257551665,-0.44121286026047446,0.15561479149799928,0.2823948412527403,0.001852071461081454,0.047594714067535106,0.05737813040708376,0.09191069655557682,0.04831247765727226,0.10715297509975079
1973-04-30,0.008041231970175084,0.0038200036278435504,0.09038671044735455,-0.49634283550541686,0.10117547208745746,0.26838776370344136,0.0018625733280018082,0.05693865705175041,0.05615209298498263,0.10004775798582873,0.045024394767529126,0.09835717862169457
1973-05-31,0.007940398568111098,-0.0027088940627391367,0.112188498667387,-0.49062235968092954,0.09182440513712575,0.276776314298414,0.0019317192484935581,0.054734599921334746,0.06571652286785143,0.10238806637601972,0.05113430673854981,0.10201988552160417
1973-06-30,0.008123408343841888,-0.0023133692491665303,0.1104927593549956,-0.48851913640139943,0.09539484763980595,0.2785150121892235,0.0019803013598495784,0.05448463778315382,0.06546350482946603,0.10080286504209382,0.048867651489883174,0.10508084279560224
1973-07-31,0.006410265644994593,0.019226392458184263,0.08400113870621889,-0.49264343725115245,0.15082222558968794,0.26593952779455715,0.0020796250465818047,0.05972877585693844,0.06000151198328647,0.0766018723700953,0.05241467235671804,0.10555693150457648
1973-08-31,0.005632165183286154,0.02463878127142871,0.05428117779740467,-0.5161113669007262,0.12660101423529715,0.29514387389662944,0.00225746746389791,0.06343364768940828,0.059629877769532505,0.06980183267923323,0.04754185493479424,0.11754855434643917
1973-09-30,0.003959002739352488,0.008271451976694606,0.022878829782266047,-0.5662212248144278,0.15268680418771985,0.27787855557122304,0.0027305603889185375,0.06085809496041186,0.06939422986225983,0.06530919181619946,0.0614650642545701,0.09217165762538547
1973-10-31,0.0024556712270178372,0.022389056473453954,-0.05156598523255955,-0.6405368274158036,0.09164467606447103,0.22298555699498485,0.0033869976308688304,0.07097574457998322,0.11172342959155168,0.0821320246087135,0.05437082877641518,0.11079722074437151
1973-11-30,0.0023403406873038295,0.03638664846242305,-0.05290083866758687,-0.6440386171355053,0.08777124189108132,0.20307701307461468,0.0034955339628764265,0.07177636422810665,0.1128179265377616,0.08202162326123134,0.05488372695353635,0.1143268895763364
1973-12-31,0.002627247069969337,-0.016887632639142447,-0.012035516958488288,-0.6792156489901586,0.04812733956622026,0.22497958697213177,0.003862396380765406,0.06197641758072969,0.11010211871125829,0.10628376664257537,0.07331894730949456,0.09222146441325571
1974-01-31,0.003315014441340817,-0.03426794726093599,0.08884211897718029,-0.5925370399001407,0.05505764145455486,0.16949892599684963,0.003518915795854185,0.058177665831969635,0.06821136947505582,0.05528711872429263,0.06745953936673238,0.11569734266483989
1974-02-28,0.0030799841630698077,-0.03391327324660469,0.08294010875134078,-0.6018280623014449,0.052879813931501846,0.16870742632819827,0.003507602413362042,0.06000167861562498,0.0658614941313781,0.05492760302055822,0.0708614164162277,0.11639597812845245
1974-03-31,0.0035755433670447275,-0.04606163041788842,0.1036447611282129,-0.6015342047741659,0.053954316936173884,0.15389450712821037,0.0035271933493585994,0.06396389628146508,0.07030924893831167,0.055816821990269515,0.07210606452695806,0.12170138344859335
1974-04-30,0.002273051910185393,-0.05283000163938924,0.11122649935048994,-0.593627267128312,0.052191606293420165,0.1313076594513253,0.0032520331465126966,0.06127527804523765,0.06839539364801693,0.05378684963477378,0.07101220667509736,0.1253212869821035
1974-05-31,0.002221246364620934,-0.06697546039922478,0.09684970801992333,-0.6129410434709657,0.03636106339014927,0.15898710856253717,0.0032587168210369386,0.06115568445246555,0.06683015767090966,0.05055024165826664,0.06982481069472118,0.1217814319204334
1974-06-30,0.0019061533525680944,-0.05995769892778237,0.06842264146804294,-0.6247698127208843,0.01781601950989792,0.14233895332470997,0.0031999695706653123,0.06037833192646949,0.06568380974781528,0.05492919172594936,0.07479794942752377,0.12365084202618708
1974-07-31,0.0014972989187612491,-0.033250018943408635,0.014740840031978786,-0.6710690970088016,-0.0047890909998228376,0.15859575038583124,0.003169512908678901,0.06878612770208485,0.08503087767251412,0.07041310014118748,0.08118102919672335,0.12215760294499668
1974-08-31,0.0014760480119013577,-0.08143107710621118,0.0408000977945917,-0.645814070460099,-0.009357503863630379,0.1813925009045712,0.0032689871169601786,0.059916618053854453,0.06814100846785819,0.06732250539000678,0.07959052862861414,0.12476661385633081
1974-09-30,0.0015648378277625002,-0.07612372242435472,0.03827193343310802,-0.6529602249767517,-0.008507255470273369,0.16575931916545872,0.0033291961633063354,0.05552105999803361,0.06537635908392712,0.06791040126564726,0.07895923550077093,0.12728072429316128
1974-10-31,0.0009151606643004254,-0.11452437123855433,0.08902225173915616,-0.608834178874332,-0.004752755969815449,0.19632096875534047,0.003475665598070972,0.0530260365699363,0.05695458150591649,0.06091039466341642,0.08003265938081412,0.1307397704907753
1974-11-30,0.00010508374304461277,-0.0857185246466997,0.09266880904675827,-0.5784159991337703,0.0016770534677991332,0.13761299234041366,0.003620946185478701,0.04885598497335651,0.055555941270506254,0.06944870255253477,0.08083130760629186,0.12916357705417328
1974-12-31,0.0004626224799712522,-0.09168000569158985,0.07957649479643447,-0.591329312197593,-0.002103934808974841,0.14410628022506702,0.0035863080505285374,0.049697952212698134,0.05344118343095074,0.06787575751772944,0.08187415469554706,0.12920964638213148
1975-01-31,0.001124204551545643,-0.015977164917945735,0.12225171534873325,-0.4693464566768184,-0.006922934742179316,0.05792045044924924,0.0035729325202631295,0.06387534279382634,0.06431918768097585,0.12200780714324089,0.09163600811013166,0.14008606030814488
1975-02-28,0.0016818296399219994,-0.009614011569408117,0.1151073152672703,-0.48234298830758826,-0.0097571908765532,0.07075159625137509,0.0035279702533312003,0.06769675331423372,0.06350694655603813,0.11567715617740151,0.0911372483083532,0.14885292877181458
1975-03-31,0.0018693058219800848,-0.001972653747968664,0.1293265238418203,-0.4801898797521643,0.0006220935453123289,0.03230224204178096,0.0035515452355580294,0.06912545050991847,0.06239638859556086,0.11805299956904872,0.09105904465416693,0.15495238918843984
1975-04-30,0.0010441852602954256,-0.05187603198663038,0.12201769925646797,-0.46820083014796116,-0.03933933480765849,0.19908437154984396,0.0034347979732655973,0.060559183063808066,0.0653018011340603,0.11940363640212975,0.09947216096388418,0.17342203781144505
1975-05-31,0.00034046682307648163,-0.050271148419090035,0.11181815095978338,-0.4506145137093576,-0.03991880092907076,0.19936992096655526,0.0033421100115382284,0.063041276289756,0.06388020616758994,0.12326182121626832,0.11223180535688869,0.17292208680530907
1975-06-30,2.797294396965637e-05,-0.047748619222996634,0.10540651841689291,-0.4514474099889835,-0.04710342477291564,0.1845690421115957,0.003354389585099594,0.06218422313666346,0.06370961433959342,0.12042407248597325,0.1135029050243417,0.16864763408676706
1975-07-31,-0.0005538094770718414,-0.03345047380348929,0.09012872933083127,-0.4503156148441086,-0.04557265721662926,0.18140687099779185,0.003418917781085085,0.060823421347543025,0.06625634184945689,0.12419062541649394,0.11569805693553685,0.17943991694224112
1975-08-31,-0.0009420463780662296,-0.028199401656482118,0.10683535240082365,-0.44023061934401697,-0.033506402109627895,0.20707434599215174,0.0036029280546951287,0.06091318921269198,0.05957214137983926,0.12224865277816184,0.11810627678560302,0.1821894965141835
1975-09-30,-0.0010604411282909988,-0.02603314030192759,0.10009574947498699,-0.4321603059883984,-0.031209740142886556,0.20217818884400474,0.0037224980306355595,0.06430003306106805,0.0636899720387303,0.1285823025252173,0.12168099285337292,0.1816880381458814
1975-10-31,-0.0006549800418439707,-0.018428102108282357,0.05929814547956333,-0.4243702013738846,-0.06222772633628407,0.22864821345008596,0.0036108880994631847,0.06488424649364162,0.08076961887707557,0.1299409209815412,0.13763936240558847,0.1827660852432834
1975-11-30,-0.0008817042345111484,-0.02641279821673885,0.0741338774828695,-0.4366768270328019,-0.062077014240108995,0.18517521149631475,0.0036279153471720066,0.06590622485783465,0.07896748432466097,0.13057638607777106,0.13554447829775745,0.19754394524163638
1975-12-31,-0.0007565010936579487,-0.026409615613593992,0.07487364490941573,-0.4348910312586166,-0.06303109074752372,0.19764667907846828,0.003663592894619708,0.06594913426515214,0.0799851077053505,0.13207535687400576,0.13516401616084028,0.2162780975484887
1976-01-31,-0.0009070719709088754,-0.010286139492677454,0.087153576208604,-0.41435044239797786,-0.038860230337546105,0.1990477258572308,0.003796672812960637,0.05101970710625316,0.07594765033354586,0.11013256227347668,0.12196060016721057,0.22153641914451389
1976-02-29,-0.0007889599951446154,-0.01125151256496025,0.1031154314913854,-0.40948469228593126,-0.03093826509654552,0.20181522628028528,0.0038696869566209355,0.05023571506422358,0.07162594392423278,0.10863209972341842,0.12208081836740073,0.22334720664186067
1976-03-31,-0.000898358056962465,-0.010057707075631861,0.10013908721006322,-0.4059025622587643,-0.03079734551123567,0.1908804205574569,0.004053645851081309,0.051254390492354675,0.07521393259117203,0.11048319451579318,0.12223064176198642,0.24330340096975617
1976-04-30,-0.0017233655134969116,-0.001229473217893469,0.0940836156231879,-0.39731496358969787,-0.026336664617265946,0.14463977495567443,0.003987973029454135,0.055184686058674395,0.07339252544730454,0.11055314148373731,0.12286109226392497,0.24518630528724591
1976-05-31,-0.0023446966169151763,-0.0008332460402580497,0.10426352697136747,-0.3872727192014563,-0.017170907256760355,0.20660988890142173,0.0040132701277002,0.05464901057307578,0.07420941269300574,0.11111709125005217,0.12325999806111221,0.26149129557336986
1976-06-30,-0.0027861756494030982,-0.005827812951848511,0.10952095140182097,-0.38299479909823003,-0.018307707935768087,0.2167915283658896,0.0040509845206192115,0.05387963459805994,0.07551685920836855,0.11160170169419001,0.12427712472523125,0.26517835942390017
1976-07-31,-0.0027650124723166726,-0.005751937785199682,0.11057313307716651,-0.3823869314389541,-0.017580069538945097,0.22010780444953373,0.004050067525318539,0.055131841853657215,0.07462745860575978,0.11187861791496302,0.1268385677327877,0.26423532348109363
1976-08-31,-0.0025898066072758963,-0.012781660381236924,0.09970840625252214,-0.3859312842257261,-0.033828510280221755,0.22281012303268144,0.00398340923525917,0.05762806638926222,0.07579011201035951,0.11501311338357091,0.12841511090656538,0.26159412881163013
1976-09-30,-0.002840019583541294,-0.0092322840990028,0.093630866964439,-0.37941127602408053,-0.03486174209313077,0.19404093506041914,0.004078832315449773,0.05852004512219986,0.08014760925983876,0.11667800461741586,0.12888412280482625,0.2824999800391526
1976-10-31,-0.0023425531494869,-0.018512119893173196,0.10240925818522602,-0.3871655614704108,-0.039956701602087835,0.23412718367224208,0.004083595435908071,0.059527743573422345,0.08003154040095212,0.11669906822509112,0.12949104140336148,0.28756828058521217
1976-11-30,-0.003474690068857078,-0.01075137329293821,0.08579602560178919,-0.369584300354721,-0.050497463999357575,0.16283766852236234,0.003922131362651701,0.059348585691872464,0.08074746726786529,0.11405776566668785,0.1326494569544918,0.2804566993475143
1976-12-31,-0.002891898520864303,0.006056648367310208,0.11024757043588446,-0.3702737626695281,-0.02991246998008469,0.19062990936961377,0.003999660442598413,0.06074459292897157,0.08091259505033033,0.1117195917073258,0.1339466180819067,0.2717859019295205
1977-01-31,-0.0030488939967948884,0.005281230617189353,0.09901718330027491,-0.36843898400742703,-0.03486826839708625,0.1857269108790042,0.004003533216403914,0.060904582970879015,0.0748001577027863,0.11336195124613442,0.1275978676737414,0.26019475278927695
1977-02-28,-0.0032811522896917813,-0.0008913980593065335,0.08782662292019257,-0.3560734244804258,-0.048199524370568944,0.19860240991820977,0.003969271814217149,0.06084485220348136,0.07661291513272077,0.11495703840801126,0.13046635492743566,0.2626420181945674
1977-03-31,-0.0036376857062517904,-0.0006430856397098145,0.08034439434060835,-0.3480063547517504,-0.05454653119324597,0.1959133099112048,0.003923158676966672,0.06099524610934991,0.07683499308550172,0.11535316657774451,0.1317129601342376,0.26368801728322383
1977-04-30,-0.0040229098779037,-0.005241919614291823,0.07150164790242547,-0.3413779895261155,-0.06700745912578482,0.2149330682666608,0.0038729047341988974,0.06086503417855972,0.0768527874163244,0.11460570416170499,0.13051780602141208,0.264260758655366
1977-05-31,-0.0042156095187176135,-0.010689673347713924,0.0862660493649439,-0.3287607351939595,-0.0667913149329185,0.20021076180563754,0.003853114189201076,0.0603527473586902,0.07706965024024154,0.10858838704363986,0.1281179446163178,0.26689128174479
1977-06-30,-0.003920509254176638,-0.0034767235776163585,0.0997787307293066,-0.33458421527293064,-0.05399625977180467,0.21807613609071153,0.003977129928587804,0.06046997840934461,0.08058835808169686,0.11275118346334052,0.12820968152284926,0.26441893577352427
1977-07-31,-0.0036905045916251996,-0.007150646108702502,0.10907628688983409,-0.34206400089345457,-0.05205920094430838,0.22174732391359012,0.003953927918528564,0.05985538237273253,0.07996731162599374,0.11143249693441597,0.1279223509940384,0.2639309988345355
1977-08-31,-0.002658097386833702,-0.011601668684857555,0.08003487016882763,-0.3408450921097489,-0.08888317150514574,0.21341684032525388,0.00410180110189288,0.05977587519764944,0.0931422789308452,0.12025995735322191,0.1349030072707013,0.26657555323862847
1977-09-30,-0.002854500054852281,-0.02600242071049983,0.11693436132852025,-0.3572194630691685,-0.07731870054335135,0.30539115915717774,0.003995203025638068,0.05823087444144922,0.09842390064086469,0.12295871371529642,0.13520913975245247,0.25240662614854065
1977-10-31,-0.0030278899012018863,-0.02438335374817384,0.11887190120738177,-0.3580634922181086,-0.0745024543417197,0.30731179695923283,0.0039259884649357965,0.05742122795654303,0.09997962830243817,0.12364900204917796,0.13671720660412662,0.2535430032364449
1977-11-30,-0.00258040650890211,-0.013612150178398355,0.12828062471271168,-0.35542896334041335,-0.06537999122595453,0.300316736925745,0.004030824881029456,0.05544769316470015,0.11548674834440355,0.13466875419145982,0.14991819884479338,0.26024681938510835
1977-12-31,-0.003287083793066331,-0.028007535793007743,0.11554139810513084,-0.31706920117052056,-0.11075027943128724,0.3451439394360082,0.004008348813498839,0.0521779550277381,0.12081043654431577,0.12397096160510691,0.14298753482425655,0.25725293186385007
1978-01-31,-0.0030668386569637322,-0.03766530998691031,0.12623192601853314,-0.31549492314346217,-0.11580402250930982,0.3329247032117253,0.004046122395669335,0.051787976748085905,0.12360313549565996,0.1224662200524849,0.1412013031852116,0.2599990893479643
1978-02-28,-0.002689894913453699,-0.04058336877929939,0.13354975098630606,-0.32012466750092644,-0.10901230868674693,0.32292671870947165,0.004020633085056102,0.05157424836692652,0.12389149199485379,0.12150162636491917,0.13989857371488099,0.26098084900344604
1978-03-31,-0.0028154448829563485,-0.04257687436806255,0.15319847470569026,-0.3312188329076501,-0.10124125551754072,0.333490460203367,0.003999679366395435,0.051490887154652464,0.12330891842952824,0.12176929336432435,0.14026062572716763,0.25882433106383046
1978-04-30,-0.0027305072509805533,-0.04379754246988537,0.14373522352460155,-0.31837717004128574,-0.10218212845574653,0.338236776242691,0.0038933978367812856,0.05096921948152629,0.12695323608755824,0.12465192337175761,0.13717240563443633,0.25398461497451075
1978-05-31,-0.0029271184413306927,-0.04864024539752852,0.1466263899613185,-0.31700158701394854,-0.11263479625367256,0.3639508609452973,0.0038959088822571476,0.05183557491930757,0.11370098914426946,0.11706508115814722,0.12983477308668645,0.2539597414958675
1978-06-30,-0.0033695797471688187,-0.0561639003103301,0.17258558037402233,-0.3294147804024621,-0.11364512303640015,0.3861818476267207,0.004153408805592235,0.05012021988181538,0.11005089877570834,0.11408934630134583,0.12730038351213663,0.2436636159517146
1978-07-31,-0.0019489784728016495,-0.09166386008279129,0.22203662529747165,-0.40827073747190823,-0.19566985344911064,0.4072803365577694,0.003563660992085276,0.052899957922520724,0.1118219967891434,0.12153082015787484,0.10839765531431093,0.2531853008751084
1978-08-31,-0.0016682962451562786,-0.09178817633806302,0.23949189195506568,-0.4196597901758437,-0.17725285028038934,0.40405502316090336,0.0033432033630148373,0.053630801296696104,0.10086289249314646,0.11750937646468426,0.10698712254991033,0.28411953556269187
1978-09-30,0.0009321878678082891,-0.10547057392555036,0.20023116767743152,-0.3827474562667847,-0.3076574236122074,0.6041915538715216,0.002755850935771805,0.04559142056096096,0.0995154683425359,0.09900822301620227,0.0659758197109368,0.16253502086032526
1978-10-31,0.0008876495210382361,-0.10853344695968743,0.23415707693139343,-0.38607564164040653,-0.2530152639312725,0.6936537687095864,0.0026297183715802627,0.04300639730959245,0.07256523963844322,0.09663650853381667,0.04262073538421901,0.13584740920194757
1978-11-30,0.0009156809171058293,-0.10064629271183322,0.2629477736337601,-0.4159430554130268,-0.24814048644254946,0.6539320983805098,0.0025276424033824174,0.04286200441945273,0.071764976129153,0.0979247785350384,0.0376456657495462,0.13148467380663914
1978-12-31,0.0012107654476179522,-0.09710113942529376,0.2643138276197652,-0.4249052127726405,-0.2370816729696495,0.6218101304637589,0.0024838020393838146,0.05095401677022609,0.08343333487004666,0.11067135448646558,0.04904557181171299,0.13499450275561833
1979-01-31,0.0010681750767410957,-0.11313493258947285,0.28899362728338784,-0.43598100689923336,-0.25968280526017434,0.638799789317329,0.002439121246143008,0.05774053281094216,0.1015042177219847,0.11873056039622143,0.06032328473036386,0.12713980849755582
1979-02-28,0.001746685926808116,-0.11863263563751801,0.2852813337445195,-0.4280870417168235,-0.2679057655446156,0.6567293606567962,0.0025086524145520555,0.05581857693073606,0.09855936945373453,0.1143434957062658,0.05738920729532024,0.12516202713410557
1979-03-31,0.0012684247998406878,-0.10866903970252288,0.26356649978541724,-0.40800458880242707,-0.2546196346823477,0.6856788180528316,0.0024935080188003603,0.052780674346862844,0.09651711099158526,0.10710775261967968,0.05229169418671952,0.12018327555419055
1979-04-30,0.0012916570097162277,-0.10940702265158231,0.2706166797447224,-0.4103779370142096,-0.25777449140027414,0.7031899643577008,0.002502434117228257,0.05258351454929154,0.0956765348482723,0.10685771916551864,0.052247707300941026,0.12192825390887226
1979-05-31,0.0007601721788002055,-0.10175069084274845,0.2764272851516857,-0.39304097457673537,-0.25157070021203154,0.7053985086242729,0.002611605047723196,0.051353111265226625,0.09528938451349771,0.10056090627211159,0.0458177517911463,0.12017559601761373
1979-06-30,0.0010951757294952254,-0.10787616629800835,0.27387984783992236,-0.39463021408396626,-0.2439311656973454,0.7039322534767574,0.0025558228143387285,0.05226738008748837,0.09371514644402193,0.10116475509948393,0.046350328145762995,0.11808910833014176
1979-07-31,0.0015898757810391127,-0.11153866873148223,0.2544819078073363,-0.3452890603422388,-0.21644681705531166,0.626677336305558,0.0025185477236411556,0.05142630520805221,0.0909860035355562,0.09171516169447476,0.04987768688768153,0.151047919757732
1979-08-31,0.00032203929585977297,-0.10476375754279536,0.26134697348864766,-0.34830016325283686,-0.23409938800202246,0.7053522782926009,0.0025562090921857185,0.055864612704004814,0.09180986639793945,0.09178496663926229,0.04500002938946007,0.11906850483803068
1979-09-30,0.0006940312605273251,-0.11288669158200876,0.25338524410687696,-0.33090182807578294,-0.20929401996121663,0.6845567905544411,0.0025021172716459808,0.056876392578664545,0.09047762858590158,0.08919642669328101,0.04997103454404591,0.11537764361169532
1979-10-31,0.0013084907474931334,-0.11114716457045415,0.22285939459775111,-0.3212495942759078,-0.19209014329809732,0.5040440441980819,0.0025157553004741774,0.06787544198186468,0.10036427240159425,0.09947661003163691,0.06165247450899374,0.164237882900437
1979-11-30,0.002113272213917525,-0.12779114690661486,0.2281937619907613,-0.3374758709378797,-0.1706239629117466,0.5504595873890193,0.0027096287211851814,0.06635472195735588,0.09784171166106259,0.09766697178375242,0.06725786332540788,0.17080093458520598
1979-12-31,0.0012329301161521145,-0.11120536421873663,0.2239620654549356,-0.3188309184338509,-0.19247775750960097,0.47144567868625226,0.0025622778903443694,0.06548368115388846,0.10753724243186111,0.09940868177451777,0.06376530561906035,0.1911908978134566
1980-01-31,0.0014680786245551186,-0.2001724053221317,0.27927283622910903,-0.4423586051731568,-0.26047242411567106,0.7042721914933204,0.0025669816662607144,0.09427424226009165,0.1336276826328156,0.14245986431671248,0.14610845964715694,0.15740875777915028
1980-02-29,-0.00014726563667883568,-0.1638598130171336,0.18003754396864427,-0.2928415922761691,-0.13881557890876783,0.2943476311508452,0.002840634892086899,0.08213406929627286,0.12374108928300678,0.12352330353616076,0.11963521309786328,0.23354255800809448
1980-03-31,0.00021759829132955916,-0.18935532861707727,0.14477421887358066,-0.3133049268430427,-0.11136173962314136,0.3490095230140121,0.0027809701781455537,0.08665190592109302,0.13014395136282075,0.12561260423286172,0.1325697700543031,0.27373581936805097
1980-04-30,0.0015926066487541453,-0.15457365847116933,0.11275362257088195,-0.3257906127921341,-0.1241944071719061,0.3439114099462729,0.002626994757048975,0.08328206969462675,0.12460500843383929,0.11866967278699422,0.10728458135665418,0.1502490347342781
1980-05-31,0.002335521858255701,-0.14484500346312973,0.14441568326725762,-0.37821693973287834,-0.1552635492576283,0.35555831840068647,0.002568421275749861,0.08952505992899623,0.11899148893962916,0.12573452169364321,0.10304138900671814,0.1266034233527043
1980-06-30,0.0022561395744197907,-0.13565278606088177,0.14336851158730188,-0.36432438729518907,-0.1679902799336967,0.33509862411567315,0.0024988345083250926,0.09467570862293466,0.12063340570558372,0.12233400088931144,0.10400602938888603,0.12082993352583722
1980-07-31,0.001548533749620125,-0.22080004114891053,0.11617348761874258,-0.2585332167140004,-0.07362441612523732,0.4314847752475095,0.0022980497096446494,0.08522807837462358,0.12316480522276109,0.1267689172607553,0.11326547424297324,0.1219165521966774
1980-08-31,0.0024517176102159853,-0.2103169091295968,0.1275699232325022,-0.28436052106404386,-0.09328819305620681,0.370339066632407,0.0023954704229076362,0.08817836102816477,0.11920342144970572,0.11770417467482688,0.10936044041304295,0.1024884400101605
1980-09-30,0.002523332756932541,-0.21522728799332314,0.12908103750946096,-0.27973022260163233,-0.09358290669558977,0.3746088609643842,0.002419005913310549,0.08756705042154772,0.1197477774427941,0.11341006223909726,0.10667710331423298,0.10305669487757604
1980-10-31,0.0012672921846005737,-0.25547266480451086,0.2196286964336508,-0.2898507284053984,-0.10586798102989611,0.3587562725922583,0.0021225020550883567,0.08178830770414362,0.09822686108995886,0.11259226185752072,0.09930262631602384,0.10539598217571824
1980-11-30,0.0013627219692439565,-0.24886705638631768,0.18862972966031485,-0.3035833742926309,-0.07729990986466839,0.3617936433501218,0.0021871325604955697,0.07950698760195819,0.09529921755254495,0.11673723574195147,0.09262242042938343,0.10267624946385505
1980-12-31,0.0018250877657814749,-0.24461116588771764,0.1878400134654653,-0.2951812233588102,-0.09415862873746235,0.34818115791112114,0.002182705167902439,0.0796002930428608,0.10024733941261203,0.11891234519478946,0.08812926139453689,0.1004836839167978
1981-01-31,0.002018418398434213,-0.2935407254343652,0.23547029084784094,-0.3584446421547048,-0.12009401691178163,0.3604656061491375,0.0022485509509342773,0.08256467994122987,0.11207759774621702,0.14389881384317466,0.09390492396914807,0.10514458505794995
1981-02-28,0.0026741732401923467,-0.2571891684354578,0.22802039329584087,-0.31908728890804705,-0.1524331752188863,0.29693801523601515,0.0024925915595041814,0.09394220217464816,0.1201661907687661,0.16144340794332093,0.10457342819442254,0.12331680803684644
1981-03-31,0.002758982605513641,-0.25217268920779,0.238498565905048,-0.3157847573368374,-0.1582827724197664,0.2902854733023264,0.0026769573290435994,0.09776705668557843,0.12293256953771954,0.16411550168712546,0.10707405906336007,0.125404219669575
1981-04-30,0.0037333498905078714,-0.27708337535966754,0.25838231845119963,-0.32677552678982996,-0.15481759883442558,0.30655487355228567,0.0022344165935726775,0.09806940421024814,0.1206770807472564,0.16356524918123594,0.11318140271740577,0.12952993052490064
1981-05-31,0.004828865756798226,-0.2807957461359016,0.2591911910216742,-0.3454638131471295,-0.1627619990801507,0.2809656162338468,0.0022762257703247578,0.09557304091887468,0.12644808775266303,0.17177425974480537,0.11544562876433521,0.13215447728162835
1981-06-30,0.004696430783619246,-0.27713015389085977,0.25986912443456567,-0.3559077716355329,-0.16275399557204362,0.27318717244886626,0.0022310775001313145,0.10117040982139386,0.12991208752013306,0.1684380157366686,0.11730922638023122,0.1375802411323349
1981-07-31,0.005030472761048431,-0.27164710644937945,0.25234987182520474,-0.3508556925762367,-0.1684837836052169,0.2642748222138652,0.0021950889367951284,0.09707660176568317,0.1313942409742653,0.17063753501729434,0.11206238256950528,0.1280603713301037
1981-08-31,0.005310773525510765,-0.27534483945440874,0.23596472969200588,-0.29792895162768684,-0.15717765332748,0.2371930158525236,0.0023822203198742716,0.1004699292617759,0.1335185729890789,0.16076304895042187,0.10934848606906442,0.13287967337419362
1981-09-30,0.006129361970520622,-0.2905802383687572,0.1857393086136491,-0.23057195221829324,-0.10988176827497768,0.2536080279714813,0.002655143773792473,0.1059901244591083,0.1356715982545939,0.15829835030467526,0.10670097121289716,0.12496791696602423
1981-10-31,0.006231031691924408,-0.2827404357727127,0.18813790225755403,-0.2465148104211641,-0.11182462293940876,0.252695189409234,0.0028124667021239055,0.11131275098218867,0.13309053968387996,0.1495560431564557,0.11047741868511016,0.12741167888957372
1981-11-30,0.007058068473035809,-0.29675847904550534,0.18156394057329023,-0.23208635609343015,-0.08254755619389492,0.30215805791055045,0.0028337621590453477,0.10787330713695306,0.12104619487710162,0.14705115917386002,0.10346624332789837,0.10221636819050034
1981-12-31,0.006515931899108419,-0.2994434342474866,0.1772971590843106,-0.2472886095908757,-0.08571496107026177,0.29586078677949157,0.0028446778414629396,0.10286323915977724,0.12451957707179204,0.15565774251434372,0.10019472651182121,0.10458155637999603
1982-01-31,0.0068005191654100594,-0.30984258883938165,0.1861337268558745,-0.15489692126165083,-0.04658148256782495,0.2563872581786203,0.002903984637421792,0.10936335609851183,0.12913232434406755,0.16628750291082312,0.1023348553853086,0.1042555605797417
1982-02-28,0.006950912282385722,-0.30435801600531204,0.18862441090047716,-0.16914117820573943,-0.060860768315530736,0.24785109188267357,0.002940253901684047,0.10915974204056343,0.13152145381573785,0.15090413845453118,0.08285014440046805,0.10408315755110716
1982-03-31,0.007297152517928441,-0.3091192883446434,0.19255858722035957,-0.16887368352861823,-0.05971726871345019,0.25005754261199353,0.002943104315921462,0.110029596554763,0.13030136026011632,0.14582041265188017,0.07804716142586884,0.10220358082801159
1982-04-30,0.006799646295393872,-0.30974723262660586,0.1757533392314869,-0.11782114091649493,-0.028749851503188612,0.25452932850197163,0.0029416258175299754,0.11537235853159086,0.13010209726880267,0.1567155273961519,0.07687132462506818,0.1068204714465843
1982-05-31,0.006784276403424802,-0.31243685575805485,0.17443485028519318,-0.11864823446591058,-0.026171016190382312,0.258826980941959,0.0029193519579588175,0.11292601362868726,0.12990620694085425,0.15561122522347035,0.07551561433689723,0.10365648017724344
1982-06-30,0.00620597220672974,-0.32491917052124886,0.1809667995990522,-0.12473440068146836,-0.025126785233046796,0.25624310183322,0.0028947314330408907,0.11320342017890825,0.13147460761782936,0.15063649409073324,0.07150473740922104,0.10356382150670973
1982-07-31,0.005940946627848224,-0.28533877988390965,0.16892203593980756,-0.10008699284471433,-0.0559498607390445,0.21450343083176693,0.002968091962756362,0.11664593416484981,0.13663223832241767,0.16265043639074364,0.07201221479443558,0.10819128108268117
1982-08-31,0.003961152272249818,-0.35494680307916,0.2522441237784031,-0.1212952335136488,-0.02096217673626105,0.2093996985000623,0.0030226453437178177,0.09468655172200863,0.11464402567601431,0.14846757972183391,0.07132889023192683,0.11956661177453294
1982-09-30,0.004062552245904197,-0.36221161038501803,0.2565749107898367,-0.12550764784379065,-0.012275891770446717,0.22745196337170132,0.0029495073186423556,0.09681602013351548,0.11542244918054813,0.14750403737703652,0.069607529060498,0.11003117804282178
1982-10-31,0.005757445987977706,-0.3679170356148916,0.26554862104545474,-0.17593523193843782,-0.02497809121703494,0.2870093073771721,0.002827815154660996,0.08801565946981815,0.11579511998869144,0.15072697237405852,0.06815673688294951,0.10215168560945544
1982-11-30,0.005791136703745839,-0.38645620931328983,0.27648659745857274,-0.19932553350035165,-0.007719783066088913,0.3152939763442643,0.002892561990887961,0.08769483033504984,0.11874208212803454,0.15450271127730095,0.06666593528327167,0.10861874806830778
1982-12-31,0.00398513985312838,-0.3921211509029151,0.2992131872298075,-0.18848873959483586,0.0035385958143895682,0.31172283725714683,0.003076053603724364,0.0897276374887827,0.12288436083803554,0.15368311712571225,0.06844991284213489,0.11260654781129631
1983-01-31,0.003561571021012884,-0.40768577255469607,0.29479171011263394,-0.1770062456642879,0.02258541579194125,0.31765310625980137,0.003284309732778804,0.08929112781261325,0.11081680005755769,0.14931430203468782,0.07370682223748254,0.11866449361883678
1983-02-28,0.0035831112182110173,-0.4122681883921129,0.2983921717721907,-0.1812614021002529,0.02233019018220946,0.32067601508377835,0.0032929581544789074,0.08757411449646098,0.111192515620485,0.14588722704565127,0.0729510718800667,0.11757086606454271
1983-03-31,0.003688935215270457,-0.4085439165412516,0.2956951731255393,-0.17386932997378302,0.022917086142427864,0.3212670406576859,0.0032319859215772144,0.08701189924619902,0.11207184434922336,0.1443017899022633,0.07272120059750228,0.1178069451758526
1983-04-30,0.003530024344692179,-0.40229853141407756,0.2899023096039688,-0.13955992430415592,0.034827515840412215,0.32388896272109835,0.0032045931838338942,0.0875994373955376,0.10956014738685567,0.14157800572152407,0.07177410941272823,0.11845916541883338
1983-05-31,0.00299943563979125,-0.38008727526954444,0.22749095627590318,-0.09917468395893991,0.06148598306686685,0.32067719982261583,0.003368256532828355,0.09700001851717993,0.1352115061364838,0.15708187984857747,0.08061754709902175,0.12520795952616776
1983-06-30,0.003257246966577502,-0.38403029288749124,0.23158520130840285,-0.1051117431678645,0.06244703850146882,0.32036723366092695,0.0032816860379231583,0.09712926482161291,0.13673937563979907,0.15434193504256058,0.07988365367346474,0.123795137013281
1983-07-31,0.0031660522674241843,-0.38146049898858786,0.20419041613345568,-0.1412751773863839,0.07735574618253344,0.34212849014456415,0.00337116600346893,0.09463467159107997,0.14441158077106664,0.1461421809745054,0.08573920073769105,0.11832154373534505
1983-08-31,0.0035714786880205298,-0.3403293180262433,0.14750022982775476,-0.08993614791376625,0.05890524070746417,0.3052204830114549,0.003188457299200878,0.097897932138925,0.15826794157534568,0.13773208200358303,0.08217120957908124,0.10939519204588664
1983-09-30,0.002961883442326564,-0.34165540871077726,0.1497535138982893,-0.0931120800884152,0.06172270520288843,0.29984596354833537,0.003271242807521248,0.09779949006617183,0.15689855824566612,0.1389297765731686,0.08371345859568137,0.11247428824744374
1983-10-31,0.003995921411308287,-0.3675766215940442,0.1056520812606606,-0.14548432532766803,0.04827313843695572,0.3130327339710533,0.0034200727800771805,0.09168748001107077,0.1614481281531791,0.13294620472344332,0.08293973472584515,0.11078583912615311
1983-11-30,0.003062598501044477,-0.37238862689854146,0.08318886850158975,-0.13208807473584355,0.060857014104391566,0.32483380117144645,0.003603941888601708,0.09096005550760183,0.16395265773319387,0.13168990976817377,0.08359906775774943,0.11326114298083322
1983-12-31,0.0027535424639756087,-0.3688021329447777,0.08252095231358769,-0.12351192643339702,0.05990971458400048,0.32449647749380106,0.003600067667695928,0.09166377896822452,0.1639015303591263,0.13147294935102638,0.08311652523491338,0.11410391548388817
1984-01-31,0.0029672362408353714,-0.34584853834890467,0.0928162207825132,-0.0653280512374313,0.05493798431948203,0.30851148646277265,0.0036330514661117976,0.09673719835097956,0.16626229671774154,0.13969369953674365,0.08407057378045664,0.11852696233358403
1984-02-29,0.0027707911197456213,-0.34099250403076903,0.09128339486822272,-0.06153748098625225,0.055925214665497,0.3060244839039311,0.0036740352092861197,0.09969297342441542,0.16636022625269956,0.1427959210916383,0.08515387348472712,0.11967993605304883
1984-03-31,0.0029873644360964755,-0.3413190596333258,0.08358294286861699,-0.06195139236402349,0.05423433381026087,0.30080038141177645,0.003579909002989914,0.10024124903314058,0.1676946548453588,0.14298355922971498,0.08478578164100704,0.11967859407524162
1984-04-30,0.0027329246527045565,-0.34180623813400257,0.08619202092971823,-0.06506784503823446,0.052140601463301184,0.30268679935263193,0.0035825878894162172,0.10005871587018952,0.1690766170788691,0.14247367529332852,0.08401467099346123,0.11952066191235546
1984-05-31,0.002937538490426316,-0.3474360048998283,0.08773908699530562,-0.06906331523803624,0.05219185769048436,0.3023250302225415,0.0035352247490824584,0.09694988984825256,0.16774843816134416,0.13927248049750104,0.084102587217128,0.11901761419961436
1984-06-30,0.0027958093483593524,-0.34867005330193523,0.08911597264292467,-0.06727506985891628,0.053720000945483945,0.3020027000230806,0.0034360363375444173,0.09837588565380269,0.16701716304039388,0.13867278954192944,0.08241211336964406,0.11946372613517303
1984-07-31,0.0021947488627442526,-0.3347866061954921,0.10898996314511822,-0.0561650306896828,0.0430182192365631,0.28293821397780583,0.003512715553136012,0.10163057596012746,0.16751803105654073,0.14442805685734952,0.08382071418916853,0.12185456962927331
1984-08-31,0.0016845040217227463,-0.3575886647841056,0.1319145073936051,-0.05063371883883638,0.06530182705202307,0.28163256193714886,0.0035663221446716378,0.10079083706571178,0.16541146522548641,0.14755729474697307,0.08435907504131833,0.12577427536304805
1984-09-30,0.00194412798515204,-0.3590070284575394,0.1266174494046589,-0.03871321094400086,0.07976215426410241,0.2853719612354746,0.003585921599211686,0.10139133981444948,0.16503569127300585,0.1441850682921091,0.08289372820647474,0.12728427807915169
1984-10-31,0.0016519443790072009,-0.3553533222613108,0.13805592042184672,-0.04299450509838009,0.06468196442226848,0.26102322744725537,0.003903534273789041,0.10893055248994174,0.17214523147909758,0.15929831285856721,0.07908893811853142,0.12978688875052338
1984-11-30,0.001364833367198402,-0.3535520964245644,0.14008560549146296,-0.048986362432307605,0.052712205366947366,0.2519805884061816,0.00390754901322816,0.11056483718422533,0.17476324992045514,0.15621366674273998,0.08164389187977643,0.13314987305664666
1984-12-31,0.0015664347794399533,-0.3619207050070793,0.15824391904401752,-0.057908486594046724,0.058169093975580705,0.2596396176824419,0.003965111177106294,0.11786312126709285,0.17677390827821188,0.16482608000378549,0.07862517534628904,0.13634359209705324
1985-01-31,0.0019071324628975607,-0.23116234088822823,0.19741353686716537,0.08737047769163693,0.09729513944255429,0.15608155964776915,0.004162976160936842,0.07718754026620261,0.18548615980372501,0.0983234239009448,0.06894168462141757,0.11579385347103527
1985-02-28,0.0017789557757176358,-0.2471670119070459,0.2132608908111043,0.06615650789936543,0.08272293468609129,0.1925627484433519,0.003992452472877455,0.08890169524381028,0.18343856341352738,0.11068892365635362,0.06831184406927612,0.13802186286801157
1985-03-31,-0.0015064683188013126,-0.09636585746186162,0.31196040356474947,0.29685267981298447,0.1653012445307287,0.10926265731005635,0.004403339146567578,0.0752364673971529,0.19963351509354346,0.08565995008679532,0.07543728645192835,0.11914290199372657
1985-04-30,-0.0018977826520848754,-0.09041660082983792,0.31446985894085244,0.3189746560055908,0.1774498294767063,0.07966375719022828,0.004329990445140558,0.07398879485307064,0.1982826822537487,0.09104231253097762,0.07597576384839691,0.11248037826150806
1985-05-31,-0.0020993968640042964,-0.08607492056584848,0.2890757747101698,0.32145619099321066,0.18480263375123102,0.04734493610014867,0.004304880141810574,0.07354467226248626,0.1920000528368282,0.09138941120586339,0.07979520877409425,0.11831081989547045
1985-06-30,-0.001811774111521526,-0.09151585533003057,0.29015265030722115,0.31482832057480964,0.18824825537449283,0.06197525798264675,0.004361594594150788,0.07178639206869607,0.19270402577825926,0.08880773494543222,0.07899590920754641,0.11187411320241737
1985-07-31,-0.002581700667075211,-0.060324034369634724,0.29030221575337867,0.3466659932347319,0.20773863578369667,0.04374504434813832,0.0042802793712029595,0.07923153110039796,0.19733708445840822,0.10463156899544833,0.08826175335211282,0.11421736204857989
1985-08-31,-0.0026905275173682414,-0.06705139031331966,0.27196542174184,0.34280199356271346,0.20557464623982002,0.060731375544290936,0.004283897812662511,0.07984754011774417,0.2031850833984653,0.10451105448237241,0.08784481235841854,0.12047572581493399
1985-09-30,-0.0017434304151265792,-0.10066392284623282,0.24439737605882966,0.3071232371941651,0.20223481823771539,0.08105111841691241,0.004169471098240177,0.07303143271798626,0.2025645472217209,0.0972842956472192,0.08725398367017642,0.12367222629441872
1985-10-31,-0.0013993644434181576,-0.06568254065383594,0.23025611821231098,0.34197963420325334,0.23817687807536145,0.06797972628895166,0.004254533469588169,0.0749791712477007,0.20927235363212093,0.1005027198987238,0.0992414407170403,0.12138713062744073
1985-11-30,-0.00039146203008261823,-0.03497954689306784,0.1782695099068287,0.31203444038306866,0.27499443102792126,0.03164212443494048,0.00444000748287219,0.08354610930905569,0.23668270732920188,0.09608672496223673,0.10962221342890373,0.12440689213979604
1985-12-31,-0.0009944135241932842,-0.00985723755096976,0.17269921214098538,0.32257203210074736,0.3114244690230412,0.03105765688960436,0.004509971006759809,0.08095797410661314,0.23780916982047645,0.10169356067188458,0.10260203947612434,0.1208397875343889
1986-01-31,-0.001639458975009641,0.023323326488380217,0.07767597196460643,0.27679102849122034,0.37816459917261996,-0.009234978360861321,0.0044232171708962825,0.08592345267423591,0.24238483583501153,0.09682037420119856,0.09563615445403204,0.1283043946231872
1986-02-28,-0.0021927777873390155,-0.0037874504799336878,0.09413116793234241,0.26513629006844797,0.3742516196853041,0.022277417909710273,0.004489528675217797,0.08054412744780501,0.2398955998622107,0.09762782045180295,0.09532206841415498,0.12792479821809086
1986-03-31,-0.0020596853673476925,-0.012236335186834334,0.07607329595276383,0.251401567248976,0.37627570119331843,0.04082825574551374,0.0045075298142467244,0.08145176878251055,0.24536811524161747,0.09965212483143264,0.09361978532134055,0.12249832950534735
1986-04-30,-0.00013557051629159238,-0.12111953395027389,0.04311517904398343,0.1021993514857995,0.3440649548217537,0.1522099510066624,0.004813683301794644,0.11706921325067358,0.2620706140702725,0.1534713492157838,0.10402555371347276,0.13783372241982347
1986-05-31,-0.0002698025131530132,-0.10564656787194429,0.01074575350638865,0.10749594676917569,0.341449953181833,0.1451854185712761,0.004763624701506328,0.09940716420391281,0.25880631580696906,0.15010198435232094,0.10021079416800083,0.11276766719003897
1986-06-30,-0.00016949328204463054,-0.08801413180012363,-0.00659567276554146,0.10971885239637623,0.3790273606650105,0.12154494067785215,0.004872975758422362,0.09636043840723511,0.25429291509232166,0.15123960562610467,0.10179544661436511,0.11141889892495188
1986-07-31,-0.0015490207624145533,-0.05548287671189327,0.05199531865428386,0.15101094492068703,0.39576315743033597,0.1124842241786988,0.00482256553825323,0.08517401029880939,0.24828994408462307,0.14798957723169842,0.10276119499470988,0.10918863635706683
1986-08-31,-0.002765585387644809,-0.05355223071206776,0.08680742263997387,0.13434400820686163,0.4286554716762001,0.13466274833195377,0.004586063859656927,0.07643002267714577,0.23262763824747307,0.1504388890503952,0.1021204060250582,0.10462496390371703
1986-09-30,-0.004712939406468086,0.0051531651831446396,0.07103653692011216,0.13915673392726927,0.4805892567649662,0.12839533020267052,0.004341583308258012,0.0819040979018141,0.2183919444170419,0.1568092024793356,0.10445093143115076,0.10618068492948488
1986-10-31,-0.004721310734303876,0.007354622501701352,0.04531723789598985,0.14124255853288248,0.48307231143115037,0.12476073421413814,0.004256138229727578,0.08372405128511907,0.209145040171908,0.1613993485661984,0.10985357600414647,0.10736574420757951
1986-11-30,-0.004760005627005686,0.016547515218326175,0.05277689442431702,0.13909721475164674,0.49137389730643166,0.07716574369038386,0.004178020060942275,0.08648003397076066,0.20506284702714853,0.16423554002399934,0.10847498521749768,0.13613814666227214
1986-12-31,-0.004119155809541232,0.00024178691463311308,0.04989660372842897,0.12192040991352791,0.4875692490442973,0.08188067770873977,0.004144897030981788,0.07993049123073395,0.20574589167522606,0.16197350403198,0.10782374488847199,0.13488058600429212
1987-01-31,-0.00487419602933741,0.008138966314029536,0.05220242009748652,0.10714973146576114,0.482504603797086,0.12198029224985846,0.004117967542682503,0.07490314107333312,0.1994598812982564,0.16362590581070163,0.10753219141047825,0.12241965686003764
1987-02-28,-0.003646694836294622,-0.00027463788386934695,0.08274262708613485,0.08379459862477753,0.4784248821397462,0.1084845557489024,0.00406400815887059,0.07292346260847829,0.20061391406851672,0.16809589627615934,0.1046355779875694,0.12246867833506322
1987-03-31,-0.003662901663142186,-0.0025290358695337356,0.08293824580448111,0.0856386322672516,0.4793143411487698,0.11460677557260139,0.004036558260550084,0.07235837012296122,0.19995976166425247,0.16971223124167908,0.10505490677888361,0.12353204449347197
1987-04-30,-0.0018794203119067686,-0.014021774126082992,0.04569151157322926,0.031686371096118715,0.4725298895475625,0.0625266971811835,0.00414437955689839,0.07447705280970494,0.2001834234285729,0.18375555010669403,0.10416328108044555,0.1285528855973178
1987-05-31,-0.0017637676667358222,-0.00240625206984095,0.0415274137109478,0.03137996453480636,0.46632445523510346,0.03577624901691602,0.004237229076234772,0.0770539159240507,0.20172783741211617,0.18617367105275945,0.10376415449792209,0.12964477685668785
1987-06-30,-0.0011390165763569765,-6.544426421430105e-05,0.029944315860222614,0.03489774534745092,0.48519845575469195,0.012298771750733312,0.0042042430508136865,0.07878673797525805,0.1993644810732838,0.18532089380273523,0.105517524901648,0.13422043485217072
1987-07-31,-0.0006052930243493188,-0.05327663738242569,0.024389873553781583,-0.016681405362767743,0.48433389452998066,0.06289735374231917,0.004005190865857217,0.08549747452983121,0.19856220045552977,0.19312742988656634,0.11800520943769228,0.129961649531944
1987-08-31,0.0001316389244970899,0.002859592762637947,-0.06417143544232157,-0.002943502323733138,0.4305533953536621,0.06905577048619327,0.004058835248471456,0.0877293468387452,0.17610952087966156,0.19735038779392783,0.1131211669506171,0.13675240586388446
1987-09-30,4.710137869017809e-05,0.005340240646792213,-0.08075577591378401,-0.007435143995893095,0.4222240828907271,0.055896723138157176,0.003924710631514877,0.08888264469519011,0.1769556307510573,0.19717959361608806,0.11598935649153194,0.13108168880543025
1987-10-31,0.002154520440909872,-0.11856366085730352,-0.24178300371976852,-0.11288538538982953,0.3859522834273792,0.018457930315493587,0.003570570173831873,0.06875277199636289,0.14708196195805423,0.19639936929645152,0.1200219449685305,0.1062659368691822
1987-11-30,0.0010296626134494815,-0.08610012409521298,-0.3527717274935032,-0.12081262271963605,0.3570750684350865,-0.058498348507670495,0.0036297552807829955,0.0633894861181479,0.15496114219708215,0.2066084775372021,0.12039702062463777,0.10984578502429732
1987-12-31,0.001588531596087247,-0.08990785435489791,-0.33980809020927316,-0.08926123306620878,0.30971387206425693,-0.041009717378245145,0.0032672658030500033,0.058694562198640256,0.13908088483372166,0.1810758276762513,0.12813332671741823,0.11032823979061722
1988-01-31,0.001954070404600487,-0.069140528872231,-0.3206789385238998,-0.053289483685564076,0.27020712158204074,-0.030600945281644386,0.003308481001913822,0.05355540838692381,0.14546168113944397,0.16609785885502426,0.12726524895018843,0.11251185880393708
1988-02-29,0.0022297460258743655,-0.0675426663069956,-0.2993018502715372,-0.04823472291874063,0.27289009695422844,-0.030205292262012795,0.0032075035958209364,0.0534015647137411,0.15279861848096413,0.16478880360729564,0.13279394374758877,0.10711067507615617
1988-03-31,0.001990112315954608,-0.0704814416236704,-0.32327057321435004,-0.06430829621989026,0.2694006690511096,-0.031024021449105234,0.0031520568560065745,0.05301138924446058,0.1289819553900899,0.16784218596649664,0.131738961882907,0.10737106734687936
1988-04-30,0.0015824539224080399,-0.07822345710832791,-0.33615364507241396,-0.08137664951919388,0.2596082309937009,-0.01340421561304763,0.003203187328725297,0.05216670136286007,0.12493038058921861,0.16784863105573092,0.13213196753556444,0.10808217485166827
1988-05-31,0.0014246453834129398,-0.08065253999584776,-0.32739902003950205,-0.08606947997839205,0.25809353650861677,-0.003538069392110571,0.003369611129269432,0.05158184301607539,0.1421778241020367,0.16698948673712571,0.13256884453138426,0.10799037271568829
1988-06-30,0.0019146179396594943,-0.07913741256992243,-0.32002554320787646,-0.09827285384902176,0.25179575485382605,-0.008935171454971132,0.003350449237686354,0.05215917936862842,0.14260623740156875,0.17508130070287833,0.13320302542917914,0.10600364108897252
1988-07-31,0.002363786127071368,-0.07557659007009314,-0.2917413044656684,-0.063274945276273,0.2470809435854397,-0.03220205066613432,0.003293770518782696,0.05322579355199267,0.14522606224030277,0.18486639616835693,0.13565694721318275,0.11246338352928689
1988-08-31,0.002509058692822465,-0.08472110663094026,-0.27515130952119515,-0.0743935347302503,0.25936838307501553,-0.02499104677656388,0.0032516672390938343,0.0600274602914015,0.1529743636286043,0.19813719103919106,0.14991715369125883,0.11969363766788184
1988-09-30,0.0032061295840336394,-0.08311000043532005,-0.2784805765345296,-0.07941417721295488,0.2568600452782024,-0.01033993404710349,0.00313992164503162,0.060037992835260554,0.152435480506797,0.19558946680469266,0.14833732292995433,0.11689393662731906
1988-10-31,0.0031993727988862955,-0.08285173388569941,-0.27779595020243314,-0.07021754244128306,0.24270471814640343,-0.012637233832201097,0.0030689432355243853,0.061889267931693276,0.15490571816715454,0.20638835780143758,0.15861381073208333,0.11823399438369409
1988-11-30,0.004216014473652071,-0.08005264988922078,-0.2371284220895531,-0.07229241789436747,0.23911031511584835,-0.030449795288482524,0.002939592929520988,0.06124422110296303,0.16733885232914814,0.2026666617702515,0.16146762849579852,0.11442848309893523
1988-12-31,0.004132890173019425,-0.07957366792241957,-0.24016504043750866,-0.0684090964805095,0.23929272980185468,-0.029427528064114084,0.0028558570668874416,0.06077536805511072,0.1645129876830629,0.20123377035764203,0.1610462598592627,0.11560618136590727
1989-01-31,0.003980376995213266,-0.10240095090765086,-0.27755216479396705,-0.18471139178764492,0.2648034441313521,-0.02458903659168482,0.0027889161929529394,0.061313602015583016,0.1469481489432852,0.21510510819111986,0.16638355446117167,0.1080834016046483
1989-02-28,0.0037502613200478324,-0.10030994766308181,-0.28649999720704783,-0.19113586723275602,0.2630841143628759,-0.02175527701610972,0.0027361471063491747,0.06082031945833108,0.13874897684531695,0.21862272983016987,0.16582973075794416,0.1085462597210128
1989-03-31,0.0040551928097889624,-0.09864592146826281,-0.2746667754383949,-0.18455988989363997,0.2779975574846901,-0.03014649068167565,0.002761457006665997,0.061181574330532666,0.1408809712479679,0.21728203091522544,0.164921473761404,0.11041481446739669
1989-04-30,0.004354210570138895,-0.09851132460846376,-0.2771737803859305,-0.17512622345543938,0.2835443595067296,-0.047471257788419624,0.002598145477953362,0.062026762238739146,0.13820728609432206,0.216085136388281,0.16499393401486095,0.11371108377304609
1989-05-31,0.0042797617178674295,-0.09702464381984151,-0.2776190228122684,-0.17374038426502184,0.2826671115062731,-0.043571099132747516,0.0026624652005570004,0.06364215725921654,0.13898185868083016,0.21626810537153873,0.16537487448979576,0.11194979887534258
1989-06-30,0.004836806548450694,-0.1038989947830253,-0.2842359017641112,-0.18560590068508534,0.2808976914977302,-0.02303515029891852,0.0026283326350838455,0.06434949242059883,0.1345382590201007,0.21816296610659958,0.16235888731920678,0.10683433318458134
1989-07-31,0.005295375058258392,-0.11997022087217128,-0.29164981733752465,-0.20069101291997393,0.2904261030375084,-0.012807129555954963,0.002517408506115504,0.068594286671284,0.11968640729278994,0.2072220506948169,0.15926284964797735,0.1003047615234603
1989-08-31,0.005495941150606674,-0.09156597742177144,-0.30924885260732426,-0.2006287433416574,0.23309318002504117,0.021182839955026136,0.002352397233174307,0.07362351193489247,0.11956485205743556,0.20788015409189428,0.16982474557152943,0.08585575859268073
1989-09-30,0.005612112006895519,-0.10098775609577862,-0.32488498221911555,-0.24910158498767848,0.22587691416112082,0.019122645661042798,0.002243816696958031,0.07050412517315158,0.11195255410056718,0.21429473106927843,0.16838861859623475,0.08408108172024222
1989-10-31,0.006327635661946865,-0.12123277076314144,-0.34398532104038737,-0.27700852421102895,0.2523026807004436,0.04471079849879951,0.0022769732301427367,0.0684078154084089,0.10509579791259963,0.20497991096449955,0.16377866255817908,0.07655515501337279
1989-11-30,0.006264411542714903,-0.11959539932462587,-0.3388625205174014,-0.2624969020025757,0.2519782719828669,0.05082771601401694,0.002275442509503598,0.06657394256153976,0.10903897766166708,0.20796583478829186,0.16104064932796502,0.07758774236793199
1989-12-31,0.006109112038768986,-0.11822671049241587,-0.3206098166078914,-0.25942597689666713,0.24229058633148035,0.05583888080232233,0.0024156257716611298,0.06488912400484302,0.11346728928777718,0.2059445714528685,0.16110155828314357,0.07897224250920189
1990-01-31,0.004725990240107223,-0.11894286397419723,-0.3262465614078133,-0.19740857496862624,0.3060239138499177,0.06404078923635262,0.0023215141249571768,0.06339520444744318,0.11562023131603134,0.23109781682364797,0.17754394166144033,0.08680209403762121
1990-02-28,0.004713801733676863,-0.1188780326167128,-0.32649780034480635,-0.19730330077508662,0.3057416402540322,0.06419011169456715,0.0023237223832626337,0.06332855273235992,0.11669765975372548,0.2306618021484742,0.178218544326086,0.0855370762369133
1990-03-31,0.0028950490181285948,-0.115159075983136,-0.35509553317744225,-0.19581840005611592,0.2761045387884632,0.11593661597850011,0.002845907609386546,0.06443837914288962,0.10794727360327973,0.2198676035771889,0.17008684277366515,0.09541529676904614
1990-04-30,0.002703806122394769,-0.11623432037749859,-0.3817942716371711,-0.2651225710791323,0.24404945727934663,0.09200531704466354,0.0026934568996228305,0.06000984382740681,0.10017274653641564,0.19107168605979305,0.17008182385700693,0.09385069253058737
1990-05-31,0.00270371989304416,-0.11793094098729522,-0.38372804019595064,-0.2581986991505059,0.25460448510150213,0.11171577296285573,0.002691337285275358,0.0601695849019012,0.10041203856590235,0.18734964924736233,0.1732932844710957,0.09749927262911356
1990-06-30,0.002228940570491077,-0.10341706975299186,-0.3989512120549699,-0.23553385832772675,0.23741020087993253,0.08249635376325225,0.002777068489265917,0.05946652086962028,0.10036182627989214,0.1879148960109964,0.17530398078599008,0.10540367438140782
1990-07-31,0.0026001919582323866,-0.07319809526866555,-0.32332430826461833,-0.25963227160194974,0.09796051746559611,0.0703006209486387,0.0030836158030906687,0.06517424724724645,0.11085399062114427,0.1650048572400308,0.19961000301902718,0.10999445921347716
1990-08-31,0.0021355562905085823,-0.05628335444410994,-0.3093442198806473,-0.2658003586850739,0.07676860888890386,0.08016691133041587,0.0030871952939576937,0.06732367378632197,0.12212394571970929,0.16111940910502587,0.2056741163629368,0.11050264863177868
1990-09-30,0.0017165173091809901,-0.04233150262173628,-0.2990776672663943,-0.26971010677019613,0.05314634937651586,0.07878568985111171,0.0030696771341883707,0.06381487465578674,0.1274371558876957,0.15701361210338088,0.19532439717069705,0.11290753856773589
1990-10-31,0.001425345235345004,-0.05731181945078695,-0.3055188882276166,-0.3253157350763239,0.011224278286869428,0.07586806636199998,0.003145689310088484,0.057122281395039255,0.11639714939634427,0.14328133035161952,0.18013017272942702,0.11406492101350088
1990-11-30,0.001989813247456445,-0.053603216768421946,-0.3148989584093377,-0.3644533419529691,-0.02360323323288865,0.09163843911633435,0.0031220392223488902,0.05603153099926613,0.11119839062679628,0.14713411211393573,0.17050056749660472,0.1166171245792142
1990-12-31,0.0015548675720619583,-0.051172499907914754,-0.32215629441980803,-0.3482956209443609,-0.01939400695711231,0.07581248745795251,0.003121087822087936,0.05670850163836148,0.10925436346936174,0.14634130842209694,0.17000899403366843,0.12010262225403014
1991-01-31,0.0014474825217867106,-0.052583394966015606,-0.3224373675494634,-0.34122680672673117,-0.007910805275138221,0.07796584253131535,0.003166751455101827,0.05590792535748248,0.11748130756235364,0.1468949317614124,0.16187194760464957,0.11980715696157078
1991-02-28,0.0022847593155806622,-0.03671935082897444,-0.2962579399354583,-0.3304669919226374,-0.02954480076206407,0.0995668549361712,0.0031612558060087753,0.052206835431664975,0.1249622881836453,0.14504081219497322,0.16197682179672432,0.12864856641360506
1991-03-31,0.0032694709436219007,-0.03671419548780901,-0.2249163030689779,-0.31701279419911343,-0.0016867182301363338,0.035798768448503604,0.0032929750665562996,0.05358844409754728,0.14595236530856964,0.1457322445879594,0.1661806553762783,0.1421701690468807
1991-04-30,0.0017436608740634837,-0.0023920301286861068,-0.2697406420433509,-0.23705543231772713,0.009043747941254711,-0.06515937306817442,0.002970387826255723,0.04901428507248877,0.13542052930938034,0.13056196753883242,0.16910247519121258,0.11402643664091137
1991-05-31,0.0015605074298768,-0.007844377851664974,-0.2658233449835927,-0.24253767273100027,0.009013303006612,-0.0508893931992085,0.0029659913921097673,0.04869998306703077,0.13653709651730644,0.13060390778773684,0.1681656296380824,0.12154798014896186
1991-06-30,0.001214286388336329,-0.02174397772804615,-0.2745690771387006,-0.29914640481942595,-0.03403235677150746,-0.038798763993393715,0.0031151093445476526,0.04743668388816856,0.12896388091019595,0.14199456233774962,0.14750433535063617,0.1310686078306731
1991-07-31,0.001003121925611322,-0.02186702894215231,-0.2734119329525513,-0.3114751308387841,-0.04497984775574284,-0.05270234544561181,0.003130011317367669,0.04708094629090648,0.1277066076156955,0.15333606388664742,0.14323014174279947,0.1367951305286068
1991-08-31,0.0018819422145667781,0.02785745233115483,-0.33958001936300597,-0.21632001732770362,-0.09211067265243318,-0.04719560177891785,0.0026772788537141397,0.04277959219182224,0.13098657754697904,0.11680695243196416,0.12079538142115903,0.12337354036823339
1991-09-30,0.003647591733225288,-0.003544696256231078,-0.27663987304255805,-0.200053073322833,-0.11961172300333836,-0.061539012102799,0.0025049867857970514,0.041205093894492895,0.1193010294209775,0.11156255558180751,0.10690700727245621,0.12893276829257802
1991-10-31,0.003644549481440255,-0.01109355014022001,-0.2543715660879826,-0.19564302706985254,-0.120975569983541,-0.05447486073216523,0.0024958972703513415,0.04062632845575554,0.11991512789552568,0.11101278598370745,0.10509873377441685,0.1335046756147341
1991-11-30,0.0035587254571708693,0.004463965779393203,-0.2651933735910712,-0.1641677573640748,-0.12521390073818905,-0.06149184593907389,0.0023879394877875356,0.03497119106574214,0.11980623784573845,0.11159070054489917,0.10473462087168557,0.12826852645479772
1991-12-31,0.003352318152949674,0.008145530130177242,-0.26806367826299254,-0.16161271705861363,-0.12828058519225236,-0.07126811915885524,0.0024088933890456846,0.03669314119427169,0.12283458298700466,0.11217052748041526,0.09910847444753954,0.12477595439317782
1992-01-31,0.0039420303982198816,0.008100237103743357,-0.1962212002262172,-0.08916148034222993,-0.11194058950954663,-0.06557888116613728,0.002312886493606202,0.03868638003011593,0.11904950749059534,0.11675288210427082,0.10020647341826101,0.13314234760517596
1992-02-29,0.0039299118002561915,0.022409883265735314,-0.20084513785647634,-0.014999418847923704,-0.09782240814590099,-0.07548399756269239,0.0022951720193455224,0.038694290320166774,0.11636467178019348,0.1275692012880745,0.10177174035446841,0.1372837048786084
1992-03-31,0.0036707034649217213,0.019423310982777275,-0.1975265696103518,-0.04017683954229665,-0.1007220191566479,-0.0681370888768629,0.0022921322249108427,0.03782270517230152,0.12058892106441335,0.1216787693094669,0.10407027578921224,0.13766405522432204
1992-04-30,0.0025544347957864363,-0.031245841695444712,-0.07018625287262839,-0.15155096163519186,-0.056164550438989144,-0.03750152557975921,0.0024938112282420215,0.047636745728698436,0.17701516379962087,0.1319517387924136,0.12648019312614847,0.15896056174781142
1992-05-31,0.0026537691884188533,-0.03201081446833516,-0.06688247701902938,-0.14409668299518066,-0.052976743829123527,-0.021891433283633133,0.002467475753486681,0.04813163909133453,0.1787420777910267,0.1308038170848481,0.12877220186975832,0.17553985298620953
1992-06-30,0.0026113227727539226,-0.03588795461024903,-0.06507074888826224,-0.14253759079466388,-0.050986089526068534,-0.02239607966329296,0.0024478616239682,0.04973275151464287,0.1742224135618374,0.1297685979413254,0.1281091420051008,0.17795095755561277
1992-07-31,0.002989765461666096,-0.02266588765108425,-0.06866845541959482,-0.11365593675059356,-0.03666437298025367,-0.026795865906055802,0.002531497202416543,0.05035767796241533,0.17689679277195514,0.1189791083974105,0.12321334977652852,0.1686956523053101
1992-08-31,0.002345803492318506,-0.03727248205601871,-0.0531887363414862,-0.10154192954404762,-0.01693835511380259,0.03087016045558298,0.002364675350632819,0.05249499239112852,0.17465656193011905,0.11555234284363862,0.11881539295688856,0.1613411691484323
1992-09-30,0.002565800083796056,-0.03823908828985281,-0.04892772516744702,-0.10007713897433759,-0.012867849960280061,0.04191125638592616,0.002478416414656451,0.05298922200865378,0.17499716637645316,0.11692891698379912,0.11869047535114434,0.179074018000706
1992-10-31,0.0007517551073840136,0.04177343743772631,0.036784730393489236,-0.01859200323371648,0.08183850320153613,0.03757390740223841,0.002244641416709639,0.05885935795004484,0.166201417416786,0.09321484152309668,0.10483798087223827,0.16119229291225048
1992-11-30,0.0011104612032884187,-0.017392514023873568,0.09651005424719272,0.016305175679317836,0.10109838578240919,0.22253971284645563,0.0021963182438688987,0.062298332696888795,0.14412044772044422,0.08719728782600256,0.10120342128355318,0.12340214770431042
1992-12-31,0.0014895415228082136,0.0011172771528484976,0.08863076340882263,-0.029057792044056466,0.10842788902770822,0.1674322524974527,0.0021133482260933365,0.059933551737156844,0.13825817070111435,0.08752179536058909,0.08937996307531144,0.12858507573682587
1993-01-31,0.0015481901522003982,-0.0024300236728610203,0.08262920222276329,-0.05129091596756063,0.09981408111630122,0.15533330295608722,0.002153672884479969,0.06236968560004465,0.14163546339587768,0.09338225818114304,0.09538835523111898,0.13298543325688786
1993-02-28,0.001921289665932789,-0.011838058973704463,0.11264537087559051,-0.1376739116291102,0.07650340974618378,0.12862873308398418,0.0021253579124809866,0.05961664729570835,0.12892148517358148,0.10754754990433928,0.09154452541413564,0.14558201546570587
1993-03-31,0.002405031607627366,-0.023233706232892462,0.17799768158193735,-0.1194873831631908,0.11097415022562268,0.16361373463209394,0.0020892917638636152,0.06276887169165883,0.12042095724163791,0.10693522856705948,0.09018793924535473,0.13669898210923967
1993-04-30,0.0027756056715648497,-0.017176862516236166,0.18366358178684566,-0.10802525650637666,0.11943747800459803,0.1260356751052666,0.0021427156559307493,0.06341937100119568,0.11920219773976092,0.10768162006684909,0.09206995178231897,0.1466981734638488
1993-05-31,0.0025927120180043745,-0.019935990393958783,0.1872827360626121,-0.10877654640681025,0.12086414249284995,0.14018982272300745,0.002073984794941813,0.06569917752163158,0.11971280144969675,0.10499160512175398,0.09238157202821021,0.1512696623504932
1993-06-30,0.002820083011019688,-0.016727445374943167,0.19081456216647857,-0.10659693835411259,0.11795434090171503,0.14608101432959666,0.002164081210408223,0.0652135432073769,0.11869490373586865,0.10393066120074597,0.09248108980116142,0.15074032761567385
1993-07-31,0.002408086770880135,-0.01620099251016463,0.18289408873594545,-0.12754604229716943,0.10995872598165779,0.15185378580850523,0.002019379120859855,0.06399714374136058,0.11802662164658882,0.10116978415395747,0.08813581913364897,0.15197468818806967
1993-08-31,0.0019773574283362947,-0.010305676886920787,0.18303014399752032,-0.1334209553656245,0.11320926567772005,0.17222620310822523,0.0018374418181225246,0.06341784838197949,0.11801507042989229,0.10169685512691372,0.08624798272681948,0.1536129577802057
1993-09-30,0.0016206263183229017,-0.022799831498337135,0.21427763881612627,-0.13178159381393645,0.13393378653974264,0.18212494492118847,0.00180424369469602,0.06196253230803589,0.10834487188438759,0.10320462776399257,0.08119685285099276,0.15487165818651694
1993-10-31,0.0011905525470822485,-0.019922474762011873,0.21255417039555152,-0.11826361004491957,0.14618189164814194,0.17769843485648446,0.0018057246243365459,0.06244040777599547,0.11229661336274595,0.10199113365757012,0.0829757651947211,0.15338156200138198
1993-11-30,0.0006502572570932965,-0.018516670194061766,0.2240111960466875,-0.11994036875529253,0.15524120804889918,0.19949896860134553,0.0017446130518803658,0.06284807709790162,0.108264897169117,0.10295595877977998,0.07861218191659937,0.14966036316801992
1993-12-31,0.00037549835548870026,-0.025173551522048587,0.21413452428104493,-0.13173797101093826,0.14119577125884142,0.21710605620571846,0.0019504710355748934,0.06304722647743617,0.110060180090598,0.10150902170110643,0.07582608110620039,0.15896789382607154
1994-01-31,-4.849939350044417e-05,-0.042883407238688165,0.22903986085779976,-0.14460082839773525,0.1496657447662881,0.2335124549228052,0.001991987164012944,0.0648742257264946,0.10920226987719513,0.1024668379443789,0.07621824513060432,0.1590782057101121
1994-02-28,-0.0006035712903958333,-0.031942157532338686,0.21739052129770803,-0.12079233548976073,0.15357305045484787,0.2558845278553734,0.0023110393737932936,0.0626473842665783,0.11658992010025099,0.10436832799475006,0.0784943969335153,0.1620259442210164
1994-03-31,-0.0007294499506950046,-0.04745117237109509,0.2008638938527596,-0.1311486031790907,0.1246560736497748,0.29180719609163885,0.0020154197361528987,0.06176954653691177,0.12452178494377805,0.10234029969276405,0.07884883601147627,0.1594625918282871
1994-04-30,-5.232186440556994e-05,-0.02699296626403378,0.18788280095773652,-0.1127934152274467,0.1269484318150227,0.2135622297875255,0.00205442337405528,0.06269936511907566,0.12953792648119342,0.10127839534174865,0.08064858050645092,0.1557770168631312
1994-05-31,0.0003356063318122348,-0.021649970546739783,0.17350489146608622,-0.11025439130366661,0.11585145627280789,0.19828133567618086,0.002102371015949423,0.06278756483685866,0.1322401549283376,0.10074788569187217,0.08110780833402516,0.16097621001573706
1994-06-30,3.8428347835840716e-05,-0.008565471223102389,0.1795218170281708,-0.11727460762694668,0.12869270729536636,0.1274307856969086,0.0020424268638817387,0.06133444345401935,0.12953564009155671,0.0979409236874725,0.08030423831978685,0.15259916230651224
1994-07-31,-0.00030404788744093183,-0.03159401917826926,0.21071015906302634,-0.11120621766780359,0.12281310957858006,0.14093982129271232,0.0019786699269668194,0.06420056520271206,0.1235705123808168,0.0931060929673529,0.07755120906171487,0.14864733345164127
1994-08-31,-0.000305332166283852,-0.03189967012762179,0.20808371832569167,-0.10343830946144927,0.1199744552268642,0.13616517067720185,0.002009928720477962,0.06388785633472689,0.12365067434164267,0.09074807753368679,0.07752501330447688,0.147808824480497
1994-09-30,-0.00042613376205380155,-0.032325127436283914,0.2106886458779178,-0.09993063677700278,0.11118778209132893,0.1428594441881888,0.0018996300190737047,0.061049301463750094,0.11998549704247909,0.08487597278497122,0.07840471775373772,0.15344142364729343
1994-10-31,-0.0011025196021880784,0.005961436564965818,0.23963906834808424,-0.06839788279776951,0.1274787916270232,0.06005888917725499,0.001845927297533796,0.047472086550553315,0.11146270272859563,0.0761166219506955,0.07378421049416638,0.1347181336889426
1994-11-30,-0.0009275539303138498,-0.0038536428521475687,0.24674417414420008,-0.0723897353625052,0.12330647023579466,0.049268972020414234,0.001968630884487532,0.048690144378207185,0.10949101762610282,0.07593223816818465,0.0745523088537726,0.13493075114849848
1994-12-31,-0.0010592341930999245,2.3855742208971076e-05,0.23728197446596636,-0.07036761358827184,0.1148014041750065,0.03569884100841525,0.0019204811746443011,0.048020857309993156,0.11284630028000428,0.07350073940827777,0.07427977146353268,0.1373481449038938
1995-01-31,0.00018726154157200597,0.022663832914245098,0.16672170569476497,-0.0362914625282842,0.06859742709146899,0.046231675107811246,0.002372347390484244,0.04769763962033624,0.13350830569925753,0.07772486479438516,0.09387558268734979,0.13255809019256146
1995-02-28,0.00023608650899837615,0.02366718093269516,0.16857750724876192,-0.03541099082542727,0.0695398804356972,0.03629391010375413,0.0023587095646214395,0.047952498369766686,0.1310493760197906,0.07742577698905231,0.0917952781815288,0.13347568199942128
1995-03-31,0.0011348017511815614,0.031807854106272127,0.19127058266468816,-0.0739667137681812,0.09077964457707051,-0.031239870116503574,0.002187034107237746,0.04898817537702081,0.12426332211749608,0.06910406259281604,0.08707698448195536,0.1348337758199408
1995-04-30,0.0007303696344044476,0.04578927663645818,0.19133176303129676,-0.049363904815762395,0.08571808608936031,-0.015732001139670146,0.002235740709651199,0.05333581805558559,0.12496310466481188,0.07536318625053841,0.08815464314858384,0.1324806111985754
1995-05-31,0.0007304475508629195,0.03561859979605804,0.19146391543672414,-0.03486578350686794,0.07367986361687967,0.01961168491427563,0.002287143141221032,0.052560085385588456,0.12394384252099483,0.07982146346012756,0.08875187395387318,0.1292089956226656
1995-06-30,0.0009797908197475488,0.023177345348392206,0.1938825212964999,-0.04710233046050728,0.07489372160360475,0.03372649209448328,0.0022583751509017195,0.051932036136197963,0.12148933104683188,0.0796633601392325,0.08737509508901166,0.1286598584927577
1995-07-31,0.0014679717580420612,0.0009340664733939828,0.1534016339052088,-0.06415955944331952,0.11346506865487918,0.038459010398844765,0.002217816133325344,0.05254714241156089,0.1310171109595633,0.0886117072151403,0.07486502274959261,0.1182390670851978
1995-08-31,0.00178311961375645,-0.0011494589169968733,0.15589547509797008,-0.055623611931499395,0.1154599036587972,0.020135356396823123,0.002386892636727704,0.056079826712690455,0.13103033240340103,0.09076870277114789,0.07473259974696585,0.11194586942577231
1995-09-30,0.0017733649736413782,0.011910936304676054,0.14948566591251727,-0.05379899891154932,0.1126258018215778,0.03386373446717743,0.002361490974711827,0.057860519340903284,0.13082522330095672,0.0912797981685455,0.07453547497228456,0.11136760425394798
1995-10-31,0.0013896577022264834,0.02566638274177175,0.18288307863733175,-0.041799203279293075,0.08533263947171532,0.034899654780294456,0.0023302233366312994,0.060674825553578345,0.12179564157440581,0.08130835759993393,0.0779024608926174,0.1156742409533547
1995-11-30,0.00021989725053645675,-0.02710692652813991,0.2162799926360548,-0.023248827469560293,0.166093960600828,-0.010485407294326662,0.0023276354345236915,0.07058892127525113,0.12169453439143552,0.08948239445992642,0.08837439996252076,0.1223736586042246
1995-12-31,0.0007166608225808684,-0.03017325169087734,0.21835932501401228,-0.038754990158583934,0.15825106533329694,0.025159241675946582,0.0022808852115731347,0.0687617817253951,0.12086507827937547,0.09009869020932194,0.08741931491485322,0.11089685234762327
1996-01-31,0.0014013090500711138,-0.01127663391505311,0.20945387992526454,-0.04557171362680307,0.12484415824609225,0.027152168642973956,0.0024076051640430393,0.07250011869413747,0.11918098319615994,0.08742760647798191,0.09587502981064822,0.10814924103470645
1996-02-29,0.0010964465789835378,-0.05108272137151705,0.18018661762705895,-0.049887268179120633,0.1902756242918433,-0.01228273395992717,0.0023786368029676238,0.07112000659506625,0.11579816713691186,0.09464149176743683,0.12297790364189164,0.11647028094704291
1996-03-31,0.0006187164366494288,-0.07135141771056107,0.13973253992655715,-0.04842698381980785,0.1615609197260695,0.062317148771997385,0.0022704863066578453,0.06846156863868097,0.1239475681368667,0.0969828735070155,0.11220236304834584,0.08925236154680857
1996-04-30,0.0006922054505229942,-0.07857252903667755,0.12092446428079404,-0.027391246225096356,0.14419942417994364,0.09761710431703888,0.0023355485944194254,0.0690966701344209,0.11982027654227302,0.09485455103938706,0.11560570847701504,0.08753208396366385
1996-05-31,0.0008162301090935609,-0.07309197316044055,0.13183117059901833,-0.026596160807265255,0.1519622343352677,0.07777939081337441,0.0023862630196272165,0.07096107161303748,0.11382073837269459,0.0946340391087291,0.11972055082298136,0.08457864148731906
1996-06-30,0.0007133454511740114,-0.06487108087631285,0.1282638957746809,-0.024456836010161735,0.14999973410514747,0.07708718432801437,0.002350365025298179,0.07512834433380225,0.10818267672627585,0.09427018901319473,0.1218760272397773,0.08518948702988864
1996-07-31,-5.2815752880041623e-05,-0.00906089911099512,0.15563118129285264,-0.045033385339514925,0.15267552904526724,0.05444748587909795,0.00232604738614316,0.08483567226226335,0.10425492115420941,0.0871267863586824,0.12206017935518364,0.08837519512320775
1996-08-31,-0.0005046183409143988,-0.01695119639742703,0.13952956223319718,-0.040318819293675714,0.17581255040534488,0.016017331024311923,0.0024546804067338743,0.08255095215153778,0.10623888385392169,0.08896384511195739,0.12355466559941287,0.09995408467184759
1996-09-30,-0.0007932086880952105,-0.0028302151499738012,0.13434374721884418,-0.030278434129456924,0.17402508120309304,-0.0021587541382158126,0.0025190014106631965,0.08851855012914187,0.10570878901733086,0.09229028509338497,0.12447914742592738,0.10236955688623288
1996-10-31,-0.0008816317325641215,-0.001819290936932682,0.1419510014468336,-0.038426461091111155,0.1601629905472885,-0.0058697496242555575,0.0025693432367430197,0.08974668979644762,0.1017777849604722,0.08775282347703159,0.12701329420904992,0.10507340283725385
1996-11-30,7.001405543246826e-05,0.013834822969816828,0.11214808395144557,-0.05406071466294024,0.10478967229643224,0.05205935902864613,0.0025027983664768112,0.10280295080269981,0.09686495893729198,0.08276517425944932,0.11538645788184002,0.09490760066800727
1996-12-31,-0.00024669862931055446,0.039192985191613336,0.09130235017500327,-0.06697100563315395,0.1290568046910548,0.04424540555584368,0.002458571844881885,0.10689717994314121,0.0968330537644772,0.0857050751077803,0.12078050598402833,0.0960204826828081
1997-01-31,-0.0002727081515095204,0.06828640994148447,0.020382473020104087,-0.10910816987364287,0.18340365437522288,-0.030826568936374532,0.0024548083481292448,0.10943356513380446,0.1140344546488622,0.08865532265869613,0.12405473200573745,0.09639996369911324
1997-02-28,0.0004542142449723149,0.045075245916891604,-0.010261137532164406,-0.12095575198448864,0.13715179553427304,0.04371835041363683,0.002448170887960444,0.11847238157903768,0.08348860783504997,0.10426613060816306,0.13538690212158908,0.09545244497068066
1997-03-31,0.00014592709278296568,0.06357151478723752,-0.012885763222135548,-0.12789743171914458,0.12730294129745034,0.05959548206157694,0.002335351375486159,0.12101284925335774,0.0846058929439175,0.09956524936748001,0.1376214766340942,0.09907143929828838
1997-04-30,0.0010953400936764674,0.08968530653195471,-0.05961752209215992,-0.07569357784162317,0.03324242236385981,0.07833107034129566,0.002601933586216319,0.11226543270127982,0.05625270800893746,0.09027592756347527,0.1328071377200393,0.09711434191603727
1997-05-31,0.0005209630910896332,0.07659816718939949,-0.08155931514610465,-0.08055370623002653,0.07081918463211984,0.05571043844577189,0.0024822919769476354,0.10230693560191459,0.05685192233991576,0.09219813578900463,0.10980647942202668,0.09652216500576159
1997-06-30,0.00022814007592442836,0.09282664318838314,-0.06757414908191506,-0.0718221933243664,0.08084369387155592,0.047751276716640055,0.002513370576815721,0.1018565230787119,0.05588787563337453,0.09809412398089434,0.11121123767005686,0.09499621848149953
1997-07-31,0.00047320196127194813,0.03852581041444643,-0.030351974004141545,-0.06592920395791266,0.05024774418671636,0.04681762884061488,0.002631792202696173,0.11079401711547464,0.07216149534429046,0.09486163499616591,0.11793228374700343,0.09964468901104216
1997-08-31,0.0003748054591739506,0.0479579334125099,0.010717165303976192,-0.026261453185372277,0.040747664243604605,0.02344684486818529,0.002713585653186453,0.1203719264875134,0.07773968063816204,0.10370149323014996,0.117584782684153,0.10456760914452395
1997-09-30,-0.0001983649486665711,0.10824389865705195,0.05434818433674263,0.03235476137201233,0.04150883152180392,-0.0199337040062761,0.002732096277034907,0.1123703450171884,0.10122806085114718,0.12602754142676192,0.11514790822248784,0.10817739634219463
1997-10-31,0.001236541398528703,0.05679360048317573,0.04325062077938463,0.014087062701948379,0.020601534630710946,0.04467866991886674,0.002916084246531387,0.11172301671174614,0.0904262805374826,0.11886247927523474,0.115401813277972,0.10743796922592969
1997-11-30,0.0017573324135423806,0.05572285536344487,-0.0003798575099420512,-0.0022249714605328194,0.008315192030977935,0.06832343602491824,0.0031416277188349075,0.11183074111952382,0.07786942426616057,0.11596793594050275,0.11611495731105508,0.12010769454558406
1997-12-31,0.0017471969524613404,0.06581384328288757,0.0024677678690028966,0.026446397766386062,0.03188606504680741,0.04957421472243309,0.003145244256188154,0.11165400379045719,0.08120718775129088,0.12293039983470748,0.11409007523374408,0.11374404622890627
1998-01-31,0.0028330850018741262,0.031643543717538955,-0.02292194645216166,-0.02991191802612475,0.024503022422762095,0.11513727932263879,0.0034484549414372638,0.10743335000479359,0.09218033224303748,0.12677722241368347,0.11380014273164173,0.12989091928517613
1998-02-28,0.00266553671065846,0.010691292487939014,-0.013307828920814177,0.05121314899010507,0.05889294519648273,0.16801694974882742,0.003296173884945313,0.11312177189134558,0.09649677676847684,0.11013776886588988,0.10481886144454292,0.1498333946392796
1998-03-31,0.0025099881344266732,0.011304358064778263,-0.02651567612654091,0.04087480698086679,0.03581889265053613,0.13970105921804246,0.0033473153576252168,0.10855401144869571,0.09760517368924633,0.11026028396839314,0.10703941387881348,0.1450094513774831
1998-04-30,0.0028801837915917146,0.011174881359749696,-0.02162036026232596,0.05007104517232716,0.036052800752875265,0.1381023363405981,0.003580048111962287,0.11359496017516203,0.09460819980511327,0.10734448826355836,0.10623921963068816,0.14651506794500352
1998-05-31,0.0024913898525217937,0.020382942870059987,-0.014477525741137358,0.057600652710143585,0.031787726295095506,0.13753886107310184,0.003412928305971581,0.10743137754275664,0.09237563489133589,0.11148379847455556,0.10573131941180224,0.14764864653567625
1998-06-30,0.00288623154160233,0.0006820619800945033,-0.05483524932055649,-0.022318875980366054,0.11143568559591102,0.1462774037796225,0.0034060139058222066,0.10434575192433813,0.1040057384424096,0.12594663864853653,0.12396625419669824,0.14300537921867254
1998-07-31,0.003908278082810247,-0.0427370308538802,-0.089401795003032,-0.07711593426260555,0.14020263422910742,0.17370383103371598,0.00341875292059393,0.10196623743466275,0.11720634142939942,0.1503044081098407,0.12999915627170666,0.14473613292075574
1998-08-31,0.001503225286961162,0.11304405904398498,-0.026840343640704506,-0.0015071038288626826,0.1351199553708688,0.07013464152098928,0.0030197782253452913,0.09347236709017749,0.10954830247521577,0.13844324456729534,0.13301200681123743,0.1395587955399783
1998-09-30,0.00019316947610532854,0.1247957615706593,-0.039093129569660975,0.06493278207562102,0.14651229859518744,-0.07863051113809374,0.003539660896666467,0.09470759124054921,0.1195464636945947,0.132421047256055,0.1605683471460812,0.18633074391524448
1998-10-31,-0.0004119044567418625,0.11519335348981413,0.005408632095343743,0.1062019288759025,0.2132726805054425,-0.1061509961508246,0.003793738392151882,0.09441994738290393,0.11555018344566487,0.13598829199894935,0.17489684354422275,0.19487588415535884
1998-11-30,0.0005208393423553363,0.13377299693906763,-0.009322761594093718,0.06034847711159219,0.20635392201250086,-0.1952462278528171,0.0038660977759773655,0.09740165486383562,0.11905399799673919,0.12488135612385036,0.19691554198839226,0.22305080734083266
1998-12-31,0.000984735674025705,0.14070402324562625,0.02075413924700671,0.058998282066022756,0.27612770724661156,-0.19194801918502488,0.003737628258681958,0.09897994263865331,0.11378299357042065,0.10983126625600013,0.17290719734490495,0.21905149654163003
1999-01-31,0.0019474117676326562,0.13813602168501446,0.016263138752471262,0.00518851450567534,0.28703783194754917,-0.20988555609156342,0.0037794313391623638,0.09749700115281737,0.11286889327516965,0.11257616602126365,0.17264242018838857,0.22726879220715474
1999-02-28,0.0032193686601635655,0.11324550497056607,0.004499188657831388,-0.030693629944549022,0.2696201928155854,-0.24322309308354412,0.0038927890357522074,0.10147488797760883,0.10744182131960145,0.11436706547382142,0.16905901501932935,0.2378363786929471
1999-03-31,0.0029971862897794545,0.10943145053606423,0.034380443809195284,0.0022255899820370906,0.2881749938338096,-0.22557227116259182,0.003922197661442263,0.10288963103283129,0.09720840506903018,0.09984842394751309,0.17171810238085194,0.22747517046600602
1999-04-30,0.0010830520858417358,0.0730409375524689,-0.01283507978062462,-0.07610702281756888,0.4117149175996575,-0.2221865061813253,0.004127577920464996,0.1257811511402956,0.11580599104138024,0.12106542470941405,0.173260584732713,0.24790334098967123
1999-05-31,0.00142992976963093,0.07072697028356403,0.003762140915035142,-0.06216654085751086,0.4046840061415772,-0.23771443749324567,0.003812408342468015,0.12529324884558182,0.10846795863488773,0.11129954833566504,0.16465271174937052,0.2507784154007357
1999-06-30,0.0010754830582597567,0.06958486821917968,-0.007329321007395445,-0.061758712956563905,0.3927350247822886,-0.21820480744930115,0.004107462891620226,0.12816931638604015,0.1080152902828867,0.11270148603188412,0.15041194018037649,0.23458653180181407
1999-07-31,-0.00020701428870612297,0.12199656733523051,-0.061707201227635206,-0.03684173225571638,0.37047178792145136,-0.29876622585776047,0.004433759434958557,0.11206971165779524,0.12302500613268448,0.10540691238738874,0.15476362028005528,0.2322224975139807
1999-08-31,-0.000731632333708143,0.13771701575712264,-0.05096736527769662,-0.012289635851589431,0.3664207617186585,-0.2796533868766136,0.004697529318019864,0.11093659784010515,0.11989243790691388,0.10957760927397332,0.15484884476771782,0.22890984660898808
1999-09-30,-0.0006991188608887981,0.13087394693896032,-0.04062129377542981,-0.01770264857041237,0.38534111114361674,-0.2629480624592204,0.004559912065248767,0.10707982937996295,0.11569716487979777,0.10327348824202516,0.14519112576821813,0.22871306772565167
1999-10-31,-0.0004976089967812353,0.14243240377727764,-0.08518809802025028,-0.04747309010599146,0.39150757390803315,-0.3100790963479425,0.004710488777472818,0.10652619533471362,0.11653982848633973,0.1007147062370897,0.143146881613893,0.22275967831740437
1999-11-30,-0.0007897636122884705,0.15258115356561613,-0.05280582336064053,-0.04777211229345947,0.42079135813680507,-0.2836143265873583,0.004711651842194874,0.1085339368102038,0.10115719624958681,0.10220287029640232,0.1334922760343054,0.22047155051427442
1999-12-31,-1.010357693106154e-05,0.11606226872813544,-0.1324241050658815,-0.042552800166736404,0.2859478825771749,-0.1900146564192633,0.004761758348953293,0.11336142531073329,0.12125620347257807,0.12324225788577933,0.14814888150253314,0.22059153765493503
2000-01-31,0.0010914916361491004,0.06311503411687988,-0.07519459951179319,-0.08005606755793412,0.30450068222330967,-0.24150004594498475,0.0051850037999956605,0.1263301697756134,0.10712476884729016,0.12075171746676193,0.14974721763807555,0.21107501533436399
2000-02-29,0.0010952910894180667,0.06373903911725032,-0.08941868427053912,-0.08436540909318907,0.2940490301878662,-0.25282400064694727,0.005276496396212221,0.126980617056287,0.08493199934135898,0.11994479457937379,0.12790508763631409,0.22326320790545062
2000-03-31,0.001217804999458073,0.06174260797693279,-0.09041318309792881,-0.09066241608591635,0.2916521668581019,-0.24590615433136456,0.005408894778849879,0.12887561673188494,0.08347052941030354,0.1220799175015176,0.13014458783331484,0.23213447222301578
2000-04-30,-0.0002573965872075248,0.09020221173650389,-0.08822259189695997,-0.08530203396276356,0.3239028733471159,-0.2931522989643828,0.004606159907209432,0.10568436296279832,0.08461112206938597,0.11375005509690238,0.11226028735571286,0.2168079640888592
2000-05-31,-9.556372744538681e-05,0.08255157216789112,-0.09380854716762978,-0.09919406536712153,0.31468430113461265,-0.3379466925179395,0.004496544852951647,0.10345193462368842,0.08599391290348883,0.11216067022951635,0.1058473033304457,0.22661853655889297
2000-06-30,-5.587483404959591e-05,0.08394282305442456,-0.07845529269015719,-0.09035771604634252,0.34119899986049657,-0.3067750767107646,0.00456332026843867,0.10457845104274861,0.0861258898690541,0.11092489930632274,0.10505531121660527,0.23987749267709466
2000-07-31,0.00011570670580468264,0.08066760383198478,-0.08815530102133208,-0.13948996233419209,0.3280777276028673,-0.3146200763640686,0.004594932202535473,0.10351169839067176,0.08296146611277806,0.10936615658724783,0.1050483455946089,0.24340994897226764
2000-08-31,-0.00033489276719121403,0.02830420567938828,-0.09223711198025616,-0.19788068569756917,0.2900162308530106,-0.34140353140779034,0.004738290912873105,0.11383338313076055,0.08625006674792354,0.128146032366717,0.09907556761597057,0.2458280574541377
2000-09-30,-0.0007838449905398608,0.026273501679173535,-0.10424415052376726,-0.25505459858615076,0.26832060359116877,-0.35158531140676264,0.004812301209991851,0.11020143469760832,0.08441095924864477,0.1455952807442019,0.10323216731445338,0.2517550358689032
2000-10-31,-0.0013907382942296028,0.02799529586993523,-0.10948793416220916,-0.2740029423513079,0.2737723733360629,-0.35727921762455406,0.004812148536544631,0.11054186244350152,0.08589296609216006,0.15262433568076117,0.10030649901252219,0.25490508230030684
2000-11-30,-0.0010098466066671159,0.0412094496806596,-0.12246767563243463,-0.3211193957163222,0.2547673886265679,-0.33796183474570674,0.004841523992664363,0.10613383830396085,0.08217902986829122,0.15936527003299278,0.1064079768812313,0.26441925840195624
2000-12-31,-0.0012134397724429583,0.0382662541887391,-0.12735792785181657,-0.33365518077662637,0.24954802408810164,-0.3594705157755992,0.005022768392826834,0.10149066840021216,0.07853593463976667,0.1340108717306488,0.10397405756390968,0.2608965003270568
2001-01-31,0.005182619716110588,-0.006725094029923974,-0.05128177269942664,-0.5459578705374237,-0.02951378845601582,-0.17221787800055904,0.005088247070844988,0.09297646610279316,0.09565031512096409,0.16572559225724984,0.14998925821539033,0.294849790732979
2001-02-28,0.005296592332646722,-0.0075746785301667174,-0.03610738338777484,-0.5002172884489234,-0.01031550067761694,-0.18216931581800938,0.005280777576549687,0.09603895499563532,0.10600285443724537,0.1336478894089519,0.1323998021480832,0.28644613011105047
2001-03-31,0.005671400311697284,-0.006689836433097826,-0.03045667510650526,-0.4902338592122664,-0.008764297423826672,-0.20789569224347082,0.0053528297670049465,0.097951723828388,0.10867192706672928,0.1363109247761631,0.13023871660103722,0.29445900654617835
2001-04-30,0.005356878225087548,-0.02989233013440773,-0.02124744000173486,-0.4887445283081325,0.005763134218025684,-0.1798022326214258,0.004857009939869976,0.10732364539322872,0.10944021879990574,0.14125075101097676,0.12522274909367567,0.3166740307191213
2001-05-31,0.005570642863921383,-0.015263806552686623,-0.006360615522815881,-0.45909981743747097,0.008434811665717273,-0.2243291626119457,0.004944592623185177,0.09799856573558409,0.11403379641847171,0.13617995253740803,0.1266154817002725,0.28880127155452745
2001-06-30,0.006014643243658616,-0.022949012330810863,0.002847949671881851,-0.46377268004221617,0.004646346065335483,-0.2074947744727948,0.004788868749150386,0.09827145401121873,0.1146113904077242,0.13614115200171195,0.12383199520416507,0.289571088846228
2001-07-31,0.006339763091074494,-0.03276791438260846,-0.0006633246077684049,-0.46932745712472057,0.002082439305529954,-0.2015417147524463,0.004848957327809977,0.10136602593815495,0.11394805408513244,0.136728437994387,0.12160294826357752,0.29267958215862516
2001-08-31,0.0065191967116718895,-0.02642187999453168,0.0026068548470031955,-0.4678676801804431,-0.0012299745956483588,-0.1921508425863123,0.004821636254534634,0.09623315066721222,0.11455569439123497,0.13586241893273093,0.12121013359036727,0.29145401576616986
2001-09-30,0.007668872461648457,-0.06782930917633537,-0.037815405766105745,-0.5226321181444983,0.014962786247621651,-0.15642812223202401,0.005139739170401588,0.10539678595303924,0.10180056764909098,0.13617934345764693,0.12293252911249737,0.30107623561547997
2001-10-31,0.006100642303282105,-0.045707788448682216,-0.04842854316089005,-0.4762773355722022,0.043166756770438935,-0.22809654088914022,0.004802823844106951,0.09414968788668872,0.09979037390739208,0.12505627314815562,0.1280131225192543,0.2722847465826796
2001-11-30,0.006200084943621467,-0.03678443017877368,-0.034523246802950255,-0.4590540177543314,0.0378127248161291,-0.2804123581849791,0.0046960883619809116,0.08818292206397098,0.09567464730956672,0.1231338312477008,0.12328494069229742,0.2713511189551439
2001-12-31,0.006491241901596801,-0.03563899905719474,-0.02817961372628381,-0.453070404795858,0.037488772576878604,-0.30089033331375425,0.004767941119557572,0.08634173368862756,0.09372132819792128,0.12166183010446263,0.12339409950185967,0.2547766001889048
2002-01-31,0.0060005724306584915,-0.040657639068857096,-0.0314752760993846,-0.46306496581623496,0.034088080658560005,-0.28917529747255344,0.004700340962414956,0.08724454423407652,0.0960884374826967,0.11609720631543129,0.12257508705421538,0.26760720675715677
2002-02-28,0.004886069945063713,-0.04817264898716358,-0.03237576378917088,-0.4939190488866563,0.03341514660660504,-0.3397607161162897,0.004906158190755778,0.08514950727840881,0.10010583654625985,0.10217962327196985,0.11939937236224132,0.26498633638232183
2002-03-31,0.0051829505047999115,-0.059765636041401525,-0.036385793168737454,-0.4999455153190909,0.03387920758747104,-0.3488219836255359,0.004933325850276599,0.08375962986383534,0.09756755115955507,0.09990536994186824,0.11954454654557155,0.2555289955890254
2002-04-30,0.005137779922442163,-0.05444237516059661,-0.05463660633370783,-0.5143987497724101,0.033249363571186547,-0.3645588826094037,0.004902820815140227,0.08522827920768726,0.10189694677445814,0.09454209578662676,0.1216570149269087,0.26780017147261986
2002-05-31,0.005425859722296882,-0.04882558983914543,-0.04695383953069553,-0.5156359414726684,0.02609398241632832,-0.34431000285680946,0.005040697294825899,0.0823432554749098,0.105325321829375,0.09413049981860172,0.12352867042764039,0.27995839998265853
2002-06-30,0.004231545427305865,-0.02443453668143332,-0.06090953004983331,-0.5059279165277077,0.025421903758060443,-0.4274313475320025,0.005157654238203239,0.0805536848171631,0.10880640373488247,0.08437291996228985,0.12376932191476168,0.2747864206498209
2002-07-31,0.0051456854058612314,-0.03015683638827947,-0.0845354067860378,-0.5340710643658014,0.0281751152589768,-0.37007975512100444,0.005075175967712757,0.07331365622878817,0.10863918709219497,0.08297660853641146,0.1229947754085262,0.2760042146054433
2002-08-31,0.005597019294875657,-0.00601742421486498,-0.09876229706732187,-0.5167713034863959,0.030864531298415904,-0.22144915547508606,0.004938469377698144,0.08298498712051151,0.11342819599616936,0.08441501248926994,0.12845386493043578,0.29762584569599043
2002-09-30,0.005255233455909322,-0.04560759991998463,-0.10721737136442384,-0.5444888116537588,0.03145047913587368,-0.20616659794980402,0.0047773086083254595,0.07715689645600897,0.11202738612898608,0.08287650971048759,0.12892083549567168,0.2938914351575059
2002-10-31,0.005986441846516673,-0.019064017360745256,-0.13251694324375143,-0.5692441641348739,0.028609646664086802,-0.23878815407418466,0.005028996069091518,0.07766641577372733,0.11854173952592507,0.08241468033966569,0.12594642821772375,0.2988536331283614
2002-11-30,0.005662061849700867,-0.02636274301460058,-0.12080981744760727,-0.5691640180230881,0.0247113529129261,-0.2538095175248608,0.004615169296040571,0.07844175557369483,0.1133414142614522,0.0822667390669325,0.11141146931900153,0.2958255095595147
2002-12-31,0.004536549090629352,-0.030125151575731396,-0.11500418436067314,-0.5860042235603311,0.007765398329856468,-0.2405222804905596,0.004277005772945172,0.07888890260821049,0.11530264838764417,0.08505260989267246,0.10706190202327172,0.30371100034286774
2003-01-31,0.004318334129749389,-0.030996906531845295,-0.11071953511032381,-0.5798730948727226,0.009876782000721132,-0.2692615091341074,0.004363948464404532,0.07682962512587713,0.11571207112344213,0.08482441250650137,0.10853276902635087,0.31022944056708635
2003-02-28,0.004781209526463846,-0.01808625156480753,-0.11103858664666671,-0.5745261132146668,0.01029620169241989,-0.2690733064244609,0.0044040423693132965,0.07896820552641347,0.11574610656088277,0.08393441007475883,0.1076926657830132,0.3077014563491602
2003-03-31,0.0050233471049442365,-0.022211955717446108,-0.1113890325368839,-0.5828200998609565,0.008287480363792621,-0.25700830756168147,0.004346687211255937,0.081773700167452,0.11538982737042063,0.08558179943975112,0.10709113670568528,0.30698019436546625
2003-04-30,0.004976435296833033,-0.012997774196430528,-0.10719368648215713,-0.5747816685564007,0.0038017357344173747,-0.25938980782835175,0.004260441021259922,0.07957721575110678,0.11529334784543503,0.08438538449672793,0.10482608728777923,0.3089634662525582
2003-05-31,0.004707161521531609,-0.019587280731276552,-0.11503069682653268,-0.5832003946262615,0.010655140963139756,-0.2949100302858617,0.004178228577640961,0.08252982937734568,0.11062188680829123,0.08412093425494012,0.09757172525049827,0.2673091172434221
2003-06-30,0.004278206844262359,-0.02812240331574703,-0.09918201467622248,-0.574578745129628,0.00033736046281898635,-0.29863213208524253,0.0041079328474184955,0.08059737122920035,0.11617184349507555,0.08745295957469451,0.0955575262780671,0.26068033486489467
2003-07-31,0.002761159505035677,-0.021168730202929725,-0.09603849172429202,-0.5618952536388926,-0.003227110066051142,-0.1870673781019771,0.004251688094090571,0.08306465114467088,0.12235847882525833,0.09808296185537374,0.09633866291704714,0.2491352267181624
2003-08-31,0.0033943508585351943,-0.09227255503723905,-0.12593464440996674,-0.6209168090240997,-0.016417045153406612,-0.13283928481512827,0.004001167344772751,0.09249813498113651,0.11330291369767975,0.08774752244226006,0.09274835456894166,0.2526487763505258
2003-09-30,0.0044645223903693795,-0.07351142051518286,-0.13522391124936048,-0.6363714784107285,-0.01989527962306613,-0.020907349559709666,0.0037465218616536348,0.09646985723998575,0.11030690800975501,0.09133315076680501,0.08951082322572815,0.22432623797699175
2003-10-31,0.005354895231199803,-0.07176028146700222,-0.1620757291719726,-0.6725243987072081,-0.032501629184334774,0.047343131806155285,0.0038523774569688887,0.099172691682271,0.11384420945491194,0.10112476839802635,0.08400836067754536,0.20958720190979033
2003-11-30,0.004918490465825466,-0.07746883981096724,-0.15267302221155274,-0.6598675371250476,-0.036213552850163866,0.0833615829597025,0.003687604074487785,0.10031974577166697,0.11277660937825917,0.09760399510003578,0.08418342245476215,0.20810516697663534
2003-12-31,0.003939086360856372,-0.09983368193221617,-0.13761858229572344,-0.656927719636273,-0.0395248125725528,0.0564871165332394,0.0036943889931942346,0.10547976040479663,0.11601229041142064,0.09758661900654636,0.08559863561718266,0.20810696987560878
2004-01-31,0.00358781555715879,-0.08851449695876659,-0.12072126088613842,-0.6249953059020201,-0.03972638047254892,0.08189540244589369,0.0038136466047597028,0.1033678907106634,0.11733288709902841,0.09296278716443504,0.08701799709208119,0.20738017745405882
2004-02-29,0.002938101232958149,-0.08146125805419781,-0.10913301406266229,-0.6160290522770651,-0.039808510448333875,0.10234023881000576,0.003968036812682946,0.10062970656297855,0.11984725692221933,0.09305014784902012,0.08727349442017035,0.20936196107798868
2004-03-31,0.004086031581764619,-0.08164702982719291,-0.13158353666664147,-0.6392519049593248,-0.03776889884818081,0.07372739481615015,0.003575373920306466,0.1012405554799065,0.12723799900527322,0.09871542274060055,0.08649796173047426,0.20956832547152843
2004-04-30,0.0033322001906566307,-0.02979078346811842,-0.0715498497771573,-0.5564281917732331,-0.05507789373791727,0.18363824987763339,0.0038549319870284007,0.09849039834418157,0.12934645303562595,0.10105750623763766,0.08426232891912144,0.20641704332894614
2004-05-31,0.002508581270528145,-0.02523255114971805,-0.07166300492610012,-0.5571372323598212,-0.054969593240505786,0.23838594979664718,0.003979965966203647,0.10333186225457723,0.13333894999319723,0.10330934246710442,0.08632963635867671,0.2137049974972395
2004-06-30,0.0018266699858446346,-0.03712543626652093,-0.07573208845014603,-0.5649546151174356,-0.059934572464363844,0.2514951983545507,0.004204283071447969,0.1018292353791706,0.133418181183521,0.10315878179756952,0.08691794753638057,0.2212598682701066
2004-07-31,0.002371969007321903,-0.05076561352629552,-0.06457541781186227,-0.5746108086701486,-0.06098671651194187,0.24296257477254346,0.004362482447276716,0.10153264014376066,0.13213933416567902,0.10374828129590224,0.0848820198084481,0.2119088294170279
2004-08-31,0.0032683743232726267,-0.058265636872787685,-0.07748528978564381,-0.5930156715475493,-0.05873472375210464,0.2285313821078865,0.004562920439487345,0.1034358346799005,0.13419032955475413,0.1093151330158016,0.084607193510097,0.21490033319002103
2004-09-30,0.002519952016700355,-0.056652010304300046,-0.0766488951980245,-0.5828494000556039,-0.06447880499260783,0.22195358798394282,0.004559113507245257,0.09974736891217699,0.13535896405292439,0.10900645284607548,0.08424727690020938,0.2136912181519229
2004-10-31,0.000876980113097614,-0.08370122494641102,-0.008799899880216407,-0.5379363768970808,-0.09494723982758232,0.2740951914965557,0.004333723373778186,0.10589884838984097,0.1539255609314931,0.11095998960325093,0.08816540096503511,0.20586558672476551
2004-11-30,0.00028085883951948056,-0.09424930770070432,-0.013362788488581509,-0.534546579028494,-0.10062479014781239,0.27436448740146024,0.004356838458109424,0.10416666834726926,0.1540657125844363,0.11391082526962477,0.08797512339607037,0.2065941962049186
2004-12-31,0.002993500430948659,-0.055252153251264646,-0.04365799849568361,-0.575745885616164,-0.0730310169425711,0.21849836863787508,0.0049883429318131655,0.11227460337288653,0.1617936134275013,0.12586725351332073,0.10170853932240524,0.2372409977222504
2005-01-31,0.000998530373532524,-0.010942460415391222,-0.05346920601188719,-0.5508076787126264,-0.07194978231189088,0.3266019548124264,0.004339391100225137,0.12201285789014756,0.16545260656639366,0.12299127740090154,0.1058824513068431,0.21285562458771348
2005-02-28,0.0006880528999230508,-0.015414465566655572,-0.05831368081182339,-0.5480181160277469,-0.0775724246814893,0.32592845757057476,0.004148293747014383,0.11773003568640619,0.1782997027900743,0.1228890536073244,0.10310525768246037,0.21297661966168
2005-03-31,0.000760471044689063,-0.037553829132171423,-0.02734341883680067,-0.5566156649616624,-0.07768049412184941,0.28582104205461334,0.004565707511056038,0.15336858104970885,0.261736780789949,0.11929120330832628,0.10158568761842819,0.21722238484228054
2005-04-30,0.0014717241557188785,-0.06607098254221552,-0.05711323061730267,-0.5353441021325782,-0.1143946995794568,0.3523574287731214,0.004219057783606771,0.15023187026457085,0.24294604523437818,0.1159590662191335,0.09186144451265829,0.20035600943320991
2005-05-31,0.0012588508532354026,-0.06027110082984688,-0.05120095620266242,-0.5355070719937398,-0.1108299260474942,0.36869292441575807,0.004393566571071791,0.14911681558665485,0.24888041434344935,0.11510355921349151,0.09399602423068257,0.20638825024074509
2005-06-30,0.0006128285414376974,-0.08824600911395002,-0.13767971159813958,-0.4502712708219365,-0.18004355195013252,0.3220954326965401,0.004717037682973678,0.12676415107350933,0.23355213702593342,0.11670881693101098,0.07536576152467556,0.22043360440293652
2005-07-31,4.043391909497535e-05,-0.09608965294307284,-0.14600769591781565,-0.4416853151765261,-0.18757773088454885,0.34392690803224746,0.004689425250038233,0.12483202874078568,0.23408727794973685,0.12619555594896212,0.07392497873871921,0.2227710719653907
2005-08-31,0.0014462341403428923,-0.009494682082352074,-0.18197183994165944,-0.4736497598731174,-0.135031804515088,0.41823526850192,0.004187131621022152,0.13413184145890514,0.22207958811158535,0.13039299681465247,0.08824713200987305,0.2202939788411886
2005-09-30,0.0009332538798610941,-0.022325020680538044,-0.1743935801755817,-0.45663644237816675,-0.1468724912728504,0.4104659617900838,0.00424126439939094,0.13272538712309104,0.22145392698391514,0.1363627737346014,0.08672681323433334,0.22250716044059468
2005-10-31,0.0020922760034087634,-0.04796251668845561,-0.21856132783855609,-0.41114857986223385,-0.18408862647404137,0.3757302764983084,0.004199044885661405,0.12736011121027804,0.20674820489072207,0.12814839516533702,0.08723822966086489,0.2148991360154343
2005-11-30,0.001979748480519181,-0.1287635675357734,-0.23061517736930132,-0.2682534954766441,-0.26333158900235054,0.3243900156391161,0.004373157421654017,0.1654343488437259,0.20300462681564108,0.17533761333581566,0.13503350698788844,0.21980486132915197
2005-12-31,0.0016052365838941944,-0.1287343730761843,-0.22577000340787434,-0.2620347498649307,-0.26449381725009674,0.3233612603277265,0.004336875032463918,0.16761860144469687,0.20292775043174363,0.17997268444405856,0.135197806961964,0.23266388730269033
2006-01-31,9.289886864728459e-05,0.02371361019127624,-0.3157261207089963,-0.30258252097426075,-0.07683902105602577,0.3005269675552904,0.0041796786981473134,0.12120076556487452,0.1670412666922926,0.13521238430295726,0.07400635421702248,0.20409546354007396
2006-02-28,0.0001025727655869812,0.03603793923325528,-0.31916299696817224,-0.3451304481487627,-0.0698928515146224,0.3137747915740332,0.0040274202904534585,0.13184956611363913,0.16606731115289294,0.18558942147838745,0.07628802674955981,0.2142577858777733
2006-03-31,0.00018045323658714843,0.04113959409259155,-0.3172908391333363,-0.35661659565539006,-0.06651777067266126,0.30849675854142594,0.003994970989562327,0.13887816637615052,0.1667645838227707,0.207777466367685,0.0774537545221295,0.2136940441549295
2006-04-30,0.0011456922011348122,0.08090734745538888,-0.33308079815933783,-0.46613760518419384,-0.05271247822177236,0.3185049513281939,0.004202425573447397,0.12937450654454777,0.15339675205717823,0.20362191352053366,0.07932635993819007,0.21673265217629464
2006-05-31,0.0007973407220833431,0.08307291617524779,-0.3585298890112151,-0.5310776113095137,-0.05577314582404314,0.3775717034312372,0.0038675723576278155,0.11810154911530009,0.14208670939278678,0.19944016505652473,0.07199395706966336,0.21810931630026278
2006-06-30,0.00032270315168559115,0.11723095008288278,-0.4235711648552994,-0.507231400860954,-0.04330388715570334,0.35986280434067824,0.003764078136428091,0.10523071162849823,0.13780705529536794,0.19056852662879117,0.06924007855441576,0.21834131719553695
2006-07-31,0.000640411369965228,0.11879343365054121,-0.4446377371417846,-0.47170359850401355,-0.044207965711233074,0.3551241734772227,0.003769030384442383,0.10545426368978779,0.13902965467782022,0.19645031973917138,0.0695649762703433,0.21608207662990425
2006-08-31,0.00023413345087783504,0.12392146250441805,-0.45099429023045123,-0.4622603333351976,-0.039799378392789915,0.3338438524162133,0.0036797810788295696,0.10860588021054857,0.14375485813584069,0.19030385360629035,0.0692475088702008,0.21185029649415413
2006-09-30,-0.0004168632899189577,0.13776447412733372,-0.4149767075758107,-0.4472945187755969,-0.06346580664806183,0.3359978364320216,0.003823509153148718,0.10452765923845339,0.14700714499176182,0.21010945352237614,0.07643689558386395,0.21718975960766315
2006-10-31,0.0009998780971510507,0.10656815458746018,-0.32925066701239863,-0.6099118435638432,-0.09581738557315109,0.3920210520184346,0.0036016619623238603,0.11256162814414894,0.16851678450293767,0.18811454965865634,0.0931920316793275,0.21029895021897993
2006-11-30,0.00027812714974672715,0.08957636868518071,-0.32265797725283574,-0.6239157515548743,-0.08452142072491266,0.36943179702485507,0.003584938373044173,0.11759448838387572,0.17164541338359582,0.19311693631188923,0.08572060707571424,0.2101601205869681
2006-12-31,-0.00013001646504413292,0.12149142781371262,-0.4009480119205597,-0.5817011302267652,-0.07424249259567332,0.45700792940641843,0.003393868664881606,0.10970979646539122,0.1525409076292188,0.2060223720253445,0.0813897281275398,0.19234370066148077
2007-01-31,0.00016387859989459776,0.12175453226475758,-0.4016671729430118,-0.5756766075767794,-0.07130842726681783,0.4463918951079827,0.0033003728485048725,0.11046926905111237,0.15256271978570368,0.20817059652374642,0.08083555123400368,0.18990208658531493
2007-02-28,-0.00022064728039659156,0.16119047605742626,-0.44286729650499507,-0.5458955212964842,-0.030538841397955017,0.45461677510510123,0.003332901751463309,0.11258676528815034,0.14647746260864758,0.21349623413341087,0.0775159757614981,0.18319421144244122
2007-03-31,-0.0008348461708605807,0.15114116109752918,-0.4576516978633789,-0.5402034720854896,-0.03651100715037282,0.4770327317923365,0.0032682259634801603,0.10757161021825928,0.14494402689713923,0.21094400422676463,0.07188665356229296,0.18884662404521563
2007-04-30,-0.001448373721138472,0.15366181365755002,-0.4699805759536659,-0.5514751584796813,-0.04813609209109507,0.49392084586140306,0.0031915537334816337,0.11267999059706264,0.16120677297275346,0.22027089028100572,0.069294111033041,0.195682305655601
2007-05-31,-0.0015942246553936972,0.14600110306601882,-0.4777218630234031,-0.5319819555184899,-0.0490021843979469,0.4984887389035406,0.0032935332089911967,0.11455159672768708,0.17490233448903011,0.22280910185451142,0.07029899435765798,0.19504804219750665
2007-06-30,-0.00047199529558816973,0.07570554235557317,-0.39735643024983447,-0.5543935735446137,-0.05583870892797248,0.507677747861683,0.003167088195161574,0.11762953850770996,0.16999272558567924,0.22009789248478276,0.0704475234750457,0.19123665752070867
2007-07-31,-0.0026856435087061294,0.10440925838494201,-0.3394126110593087,-0.34694565965994384,-0.08408478198809467,0.46097529645164836,0.0040154704751623254,0.12166140570282297,0.18802053284668646,0.30553882674883986,0.08082687291917423,0.20720306505182687
2007-08-31,-0.003395185057386739,0.0642918927859368,-0.26087627835484317,-0.4092843410247376,-0.10338843248030724,0.35023351640611367,0.0037304989180334427,0.11477277532772855,0.17127047199734158,0.31463323142320837,0.07661791693792491,0.13778584591452475
2007-09-30,-0.005194834807875561,0.16173446831132193,-0.3291423180538665,-0.36903182155727005,-0.12103084498457148,0.25851333978275104,0.003110882258087592,0.16693182192353484,0.2087178801817469,0.283103205891645,0.07513091007741682,0.13262948335352678
2007-10-31,-0.005916430214711446,-0.0027138363195619228,-0.14641640908214343,-0.1895643331835651,-0.14817689225846245,0.27212163034491116,0.002579527332406709,0.16109086673294018,0.19326799448851187,0.2137163102670384,0.06399745223537559,0.11987523562020025
2007-11-30,-0.006612482634208495,0.02950581467242637,-0.1299664095584973,-0.16304537937414249,-0.15913555879388258,0.21922463241592421,0.0026773655696030393,0.15645155332930388,0.19811826065960653,0.21198337983893425,0.10039166858056328,0.12458571719574832
2007-12-31,-0.006477146433719155,-0.004678580634583554,-0.10966807020611904,-0.11970142389180843,-0.15415756726012061,0.21492522487680438,0.002926824048264124,0.17517571650678998,0.19731125715322081,0.19963125248502872,0.10900366896471073,0.12234384706660349
2008-01-31,-0.007306950090615131,0.038194699322185756,-0.14950954907209968,-0.09926594666053928,-0.15154390210719143,0.21552428389275144,0.00258498491837773,0.16301227725758854,0.19367593676767725,0.18680945282765832,0.10214071871466086,0.10928636817544377
2008-02-29,-0.00830167196688171,0.07221143572583918,-0.1601249551997469,-0.06702039306642375,-0.17289221500639027,0.20332830743753344,0.0025014910504614876,0.16614099902537127,0.19910630611656632,0.17789273394669244,0.10255953675579017,0.11280536289747758
2008-03-31,-0.009374305020252181,0.08219859169731442,-0.18394021881819866,0.005298880938303843,-0.1797983098662514,0.16403270088940097,0.0023304889602197678,0.16816266288839468,0.20403632012657552,0.1629214044322418,0.0952815688890907,0.11795157953535522
2008-04-30,-0.009896245608378137,-0.004801760070925851,-0.10163389807783951,0.01828417126429341,-0.16644080313466286,0.1956727802056185,0.002688319319765651,0.1888249974097343,0.19115775911250985,0.1618171994249631,0.12064631493377706,0.1085615934735987
2008-05-31,-0.009152302265585683,0.05213969838595856,-0.0025568979159446698,-0.003762694961738769,-0.31574146898099226,0.3433446817103313,0.002643127011142058,0.19389549397414818,0.18694232546726244,0.16951009573719186,0.1140283596479992,0.10513841626163856
2008-06-30,-0.008736514843477112,-0.0006832921185144156,0.014039753846312647,-0.025398926472912087,-0.2745295017108312,0.3169293852108493,0.002855141403889037,0.15005002009237253,0.17401298565380563,0.17173120486535493,0.09328758714570946,0.12649946087239342
2008-07-31,-0.008475232295972385,-0.011636125570036395,0.03916530413824221,0.004337881701017843,-0.28809533887170424,0.3198268532162041,0.0028040182027298127,0.15279762147819487,0.17957513274452458,0.17414606356897755,0.09649772022591532,0.13151373726916984
2008-08-31,-0.007614529794996961,-0.017269486954134224,0.09234639938655675,0.0268790197089899,-0.31193078918065087,0.2510988696733678,0.002733862927173435,0.15464300359461647,0.18291143728946693,0.1680505148415295,0.09339344167743145,0.10569262969056445
2008-09-30,-0.0074850607238995965,-0.0934833771994669,0.09444872904770282,0.15978680830677236,-0.2911417021501822,0.23739335010876875,0.002893821843508188,0.1600377790889681,0.16953552332864336,0.17358620337839042,0.0966940892529219,0.1138713325342134
2008-10-31,-0.007276387651833532,-0.0756086367823286,0.0951497690017847,0.20080049142170903,-0.26208207173978937,0.22765489588122267,0.002884242890300267,0.1111382317067168,0.1563342510477842,0.18510099183881376,0.10584182902508926,0.11844867393937761
2008-11-30,-0.008089229915564947,-0.05204264722362055,0.10028441209155217,0.2951221512737262,-0.27041622647773245,0.1452298716019429,0.0028365309537540704,0.11198286474752267,0.15804944786242053,0.2082713919364383,0.10683794981211088,0.12009789204929755
2008-12-31,-0.007332558566015623,-0.010993591092885134,-0.004804180661512718,0.33889428610445826,-0.27261343925911846,0.047525541158861234,0.0027433042864792195,0.11843325769703733,0.13460560945668593,0.20116205166620518,0.09521010690267286,0.114458181364269
2009-01-31,-0.006767171064603452,-0.05721930273725084,0.02589469676951274,0.19827194239446708,-0.3340362714055151,0.020694517902650422,0.0029107435881105463,0.12642144863336535,0.13932000903542088,0.13717033380461607,0.07811465884708269,0.13611516591437667
2009-02-28,-0.00557153336426968,-0.14045588359903013,0.10917964596142457,0.09980222037968434,-0.3527988887188218,-0.06963509522947327,0.0032755577475403206,0.12520781082500204,0.16001495295266546,0.1472369636572857,0.0808683753231321,0.176303132946474
2009-03-31,-0.005573598463407849,-0.1337276293623217,0.09681431463321898,0.10027968804259363,-0.3583907232804902,-0.0800670516704815,0.0031742639939005804,0.12411963757950487,0.15861827887936658,0.14780274236780977,0.07718059643923031,0.17203277721491542
2009-04-30,-0.006424835342285385,-0.10920025309400878,-0.006619184923554386,0.09135813974566544,-0.244601269497769,-0.05758951569413103,0.002848696781027193,0.10356913634403292,0.13592121710947555,0.16462181546036825,0.04780174510648133,0.12765976318479857
2009-05-31,-0.006392345618933504,-0.11249784089187553,0.015299211080085258,0.10135147527780407,-0.23109364626253026,-0.06053035609755751,0.0027133045596581494,0.10047687480300732,0.12889602788715224,0.15933702727309612,0.04880713402725034,0.12538340995141098
2009-06-30,-0.005282749934561672,-0.10741798066186753,0.06768885737037038,0.10435391238425401,-0.2163901673046163,-0.10340170273466097,0.002746324481187497,0.09638840036309033,0.13145165943466222,0.15609339821790505,0.05309211971358826,0.11699080379525455
2009-07-31,-0.004803679006292312,-0.12064210506391637,0.021144442730975405,0.12877967360536074,-0.22122682188732817,-0.08151581564995548,0.002800415211292714,0.08993251580528844,0.1315645386014252,0.14625203148200835,0.052912173242336664,0.12386456338546675
2009-08-31,-0.00548211082826112,-0.12126679822119912,0.05131538778867184,0.08742464103429565,-0.21718138017103894,-0.08386095380231176,0.0027764056911433565,0.08986641960890725,0.13764220665423788,0.14615636269119417,0.050545056160202266,0.12269589765930354
2009-09-30,-0.005122027931810166,-0.1173544165974398,0.0685597629081866,0.0861207592312257,-0.2172412421817457,-0.06805075902217242,0.0028048902106027835,0.08986047859120515,0.1398135060527837,0.1468553081531623,0.05261902867046713,0.12899166881782112
2009-10-31,-0.005483072784314942,-0.11966346184889165,0.058284361907164975,0.0846073526037656,-0.21677723794330855,-0.06959146840520339,0.0026441716068851115,0.08810252175287643,0.1267024549163443,0.1407077626620678,0.05032121801520525,0.12616093916351973
2009-11-30,-0.0047404168143024795,-0.09369099280960488,0.05155901641707636,0.08813379242772164,-0.2030986745630554,-0.0744222258522085,0.002849873712253092,0.08893711809904278,0.11733737268652752,0.14165019598946596,0.049085434957423006,0.12870940808967885
2009-12-31,-0.006463639810869493,-0.11886899935611134,0.016137489705742802,0.10495884440953752,-0.20677276173138587,-0.047002525706687934,0.0025299617324020356,0.0851407240326657,0.12352873940406416,0.13655529107502656,0.04066609314470498,0.12966671087945775
2010-01-31,-0.005800665747255047,-0.13261976413421742,0.012241157673366969,0.12106553398951753,-0.20937706476916018,-0.05709108978506029,0.0025839420493416303,0.07647755497701525,0.1171670613682105,0.13329685114154488,0.041940815972444465,0.1250237561465177
2010-02-28,-0.005466264134457711,-0.12610951252378264,0.011989944977993994,0.1346627500971853,-0.20069701069849064,-0.05469845543478126,0.00267071918587499,0.07723503248320722,0.11777179906577544,0.1303192299326556,0.040071225173875534,0.12789723298142722
2010-03-31,-0.005260147201228029,-0.12271741128366159,0.010586051414407112,0.14124843084680305,-0.19701184197344912,-0.06113493297279325,0.002735029305481642,0.07592721808160371,0.11798931136246969,0.13185778175648355,0.0380490245038057,0.1295548926836489
2010-04-30,-0.005773011966024023,-0.12027886732596693,-0.0010193317833510004,0.12517068174330132,-0.20300644279329372,-0.058060960394172814,0.0026704377160864106,0.07778888758527071,0.12629550284604749,0.13148947444324516,0.03788644461345324,0.12656261017923784
2010-05-31,-0.005985506903477305,-0.13176191437517012,-0.014157830002682205,0.130677991801463,-0.20739001627382672,-0.06401509799016526,0.002676685634111019,0.07484411521679922,0.12306650546385486,0.13071122481653374,0.03757723673682107,0.11869819676887336
2010-06-30,-0.006055120901554303,-0.1350239891088863,-0.036993178259918026,0.09542555062743602,-0.22167266635688085,-0.05756256743703722,0.0026887635609102465,0.07470855930326933,0.12164319624627852,0.13187662201391306,0.040516481016267904,0.1163263570927688
2010-07-31,-0.005301639975788527,-0.11231822185142183,-0.023843570781636205,0.07956448542640673,-0.21428275689875012,-0.05600848659344974,0.002656511651287012,0.07175863797915025,0.12151572489979856,0.13714000339223123,0.04017757096596801,0.12307483828740085
2010-08-31,-0.0047690439732393074,-0.11784616423797695,-0.05147210870559739,0.07877225603506655,-0.21639172695645947,-0.029965691071344183,0.002768522566102747,0.06841370419839349,0.12124507507374406,0.13698528110869945,0.03954546769316162,0.13408481632174504
2010-09-30,-0.004184682759315951,-0.1024771799978634,-0.04685034542986197,0.07131862776775519,-0.207892212141978,-0.022148001984956048,0.002870220459367174,0.06531240365153944,0.12138942146677063,0.13518399485818147,0.038174300953164556,0.1396573382999294
2010-10-31,-0.004047577568173515,-0.08695639929000437,-0.03739608627912329,0.04917498516772012,-0.2034256010795696,0.005756532865747205,0.00305463958914606,0.06831911310820392,0.12032521545614222,0.1412418081509314,0.037270988246861196,0.15495512085523747
2010-11-30,-0.003971496008921454,-0.08732661789591589,-0.03259077886835464,0.04873108884715746,-0.20291747287820036,0.0024108438482734057,0.003072915524035659,0.06813856149635672,0.11560382669841483,0.1419110645132582,0.037315463095802526,0.15002037027492163
2010-12-31,-0.004702218476895639,-0.09907361533763742,-0.021982674912747496,0.02891507069863697,-0.20457865524879468,0.06857904303427625,0.002954171770753114,0.06672081908105817,0.11365062485263588,0.14502751078166637,0.033201173090375645,0.17484920161015519
2011-01-31,-0.004843369145900869,-0.10345917197632681,0.015345841494219851,0.02905406047840861,-0.2021491867471552,0.07593135310565333,0.002910308072172047,0.06576690367189326,0.12006920187291922,0.14464833133873775,0.033431854134608585,0.18069318888882419
2011-02-28,-0.004491726017013775,-0.0997095336664872,0.02077435781641407,0.034672692788435766,-0.19748077578924045,0.06665840366739753,0.0028833357565676274,0.06518673642751782,0.12255484761450366,0.14265490538541825,0.03355593526523586,0.17781514631553214
2011-03-31,-0.004960196959633208,-0.10143455117889735,-0.00995127194022586,0.043978849948376086,-0.203905376128452,0.045185351501666915,0.002950017992612603,0.06744543906467289,0.1227686917414674,0.14203715300961525,0.03327327129297398,0.16838190813068818
2011-04-30,-0.0038671189801017837,-0.09075723631695373,-0.03828271380328359,0.04359174071909988,-0.2011042276730045,0.016792385526926717,0.00296458563963755,0.064697536942623,0.12383245343489632,0.14270700109897147,0.035619754574356934,0.1626240224914317
2011-05-31,-0.0033733188213746997,-0.09400420158232484,-0.053595435108723014,0.04415062448158083,-0.2044421586684903,0.026707972642137742,0.003104751096284958,0.06388820952708524,0.12606693579855152,0.14501307554033155,0.03663847418654529,0.1621806560839329
2011-06-30,-0.0037148742660706217,-0.09296060821494972,-0.050390214025388576,0.03821123731517809,-0.20675855988863748,0.025809386183661895,0.0030644659552765087,0.06532298504984188,0.1254765331450809,0.14689742528769725,0.036698514387389844,0.16089463658817704
2011-07-31,-0.0032711618511928175,-0.0978697714667903,-0.04911119991791561,0.031421055648027024,-0.20860121532028925,0.02244849020243253,0.0032224884673504456,0.06260729132054367,0.13336011478388926,0.1492879979941602,0.03791502103803375,0.1589303432282655
2011-08-31,-0.0032908599319598987,-0.09655193894280335,-0.043674401070120925,0.03107210832029869,-0.2084475494231516,0.011684066890274347,0.0032070444988459607,0.06375449993369006,0.12894250471997387,0.1506054138748818,0.038199418933780205,0.14259237025156454
2011-09-30,-0.003880468383567966,-0.10077447185876971,-0.018393274520671233,0.028574335671441936,-0.20753414553599456,0.0023006613943758747,0.003088342511924728,0.06410089946060114,0.12424076660986043,0.15073079112982055,0.03690000361756953,0.14060721959980982
2011-10-31,-0.0047927978757991594,-0.13469205389056108,-0.04147137905134572,0.04883853253004028,-0.2134169520831348,0.013200116449943927,0.003039879692806435,0.06567911425614113,0.12661332457396915,0.14585765934878225,0.03293741758194901,0.1377937722627729
2011-11-30,-0.0046551067577825355,-0.13382789106888285,-0.03770202507761772,0.04618101838303912,-0.21725607762330962,0.012669809127615173,0.0031064547703478474,0.0667580546781712,0.12510122679120658,0.14610341443133557,0.03461694903255751,0.13742190049487182
2011-12-31,-0.005126288505790459,-0.1344660259883102,-0.018468834988911352,0.025536904584153947,-0.22079359488545736,0.017157094362656722,0.0029935887466388655,0.06703512486773928,0.11759841291910456,0.14966173794158563,0.03260640397156225,0.13664023134077127
2012-01-31,-0.005241285775649442,-0.13215073364109503,-0.0064044738759057186,0.013416702494640165,-0.22814183076306016,0.02854268038556819,0.0030866022034102777,0.06704192178685933,0.11506028628200378,0.1495868754291491,0.03618058416870697,0.1409243492459868
2012-02-29,-0.0039003520821866587,-0.1309029565766304,-0.01933501892804112,0.0220862673024613,-0.22862600710444153,0.018954129037325393,0.0030397624084905575,0.06170511376630528,0.115525414312115,0.14768512989922644,0.038839842571522926,0.1399947288193261
2012-03-31,-0.002859276951994398,-0.12295302849561451,-0.04871897322970735,0.04165013660419531,-0.22165632793006895,-0.014279169327226865,0.0033577649059236413,0.06129343269382946,0.1277963870085639,0.1464581030374512,0.03988668571461078,0.13770916198593894
2012-04-30,-0.0026228759452613234,-0.12289004687188103,-0.048371594502419055,0.04423758382482754,-0.2181513714944307,-0.008678713092628534,0.003543705391079489,0.06206877511358935,0.13482176137476712,0.14635617288629993,0.03899216118366705,0.13926718852093664
2012-05-31,-0.0021571590982181503,-0.12668792214147018,-0.04253244494422334,0.04900588022161986,-0.21291129802443737,-0.0011329725913991617,0.003696097213532724,0.0591033971264677,0.1321593432511395,0.14490868706070684,0.0383334739706175,0.13988275655687213
2012-06-30,-0.0019679582583815905,-0.12610383946831288,-0.04172457489492061,0.049077625481860204,-0.21281049851538042,-0.00287899784091826,0.0038078972508636755,0.058882426397357086,0.13217442741794005,0.1447087120380257,0.0386230631765168,0.14516808712497994
2012-07-31,-0.0016381433632884665,-0.12817272875215094,-0.05425417994647009,0.03263845718563371,-0.2156128036281042,-0.007242254884905902,0.0036648649060857354,0.05676163670571088,0.1252903057143878,0.14864931439425905,0.03806827292158564,0.14121904306730998
2012-08-31,-0.0011548822262543864,-0.1303002172510626,-0.05765011479971221,0.04361932155469664,-0.21699038373790036,-0.033462565562085544,0.0037386232932938397,0.05597701170282948,0.12695642422330988,0.147756306326372,0.04032190728423857,0.13906439326177616
2012-09-30,-0.0009449994241578284,-0.13712662352009675,-0.04450783220644364,0.0561170345118171,-0.21953159492481905,-0.044319541028004825,0.0039051845362952317,0.05706441054105989,0.13438147854646595,0.14625017380686214,0.043681700877536034,0.13980473140056165
2012-10-31,-0.0013124448641146404,-0.13122351370253232,-0.03519265267185701,0.035206804548557846,-0.22043696971422433,-0.036490511627307584,0.0037499928061333772,0.059299698852634156,0.13331063817823782,0.14623836964340783,0.04439582219755685,0.1373813994839054
2012-11-30,-0.0009943732105137004,-0.13355351149210182,-0.05830367365187512,0.03715756558690983,-0.22089368377001556,-0.020227655965054284,0.0035789181258704442,0.05766895529135178,0.1308431312566906,0.14483687089951303,0.043330478959781885,0.13987153878963932
2012-12-31,-0.0006917982342021889,-0.13031489685412395,-0.060818359813577944,0.03696027956211295,-0.21217000192678637,-0.016203742853771824,0.00341062414980808,0.05647809296514726,0.13065694767094677,0.13978084128556,0.04018024326214552,0.13970787298536258
2013-01-31,0.0004586388809983467,-0.13236926207587502,-0.08075607824213113,0.05765010266257939,-0.2183839478291546,-0.030474464298330547,0.0031824695431046123,0.06011509356926093,0.13024053749634637,0.1429786577770634,0.04999663604410644,0.14139525347433599
2013-02-28,0.001029343516668709,-0.1367208624704484,-0.08229134536532007,0.06493244670592091,-0.20955880780176916,-0.03380121845063493,0.002849628392850712,0.0583667446243303,0.12948273535819857,0.14048792251969847,0.0447818061663355,0.1399052555110759
2013-03-31,0.001663871743884896,-0.12826283667353064,-0.07778594705030067,0.0673966785405492,-0.19915864470013595,-0.020111892045713925,0.0027585209243258554,0.058856812435514064,0.1308939201105093,0.14011480994380468,0.04178063142788054,0.14758197177501683
2013-04-30,0.003049473227304284,-0.09813360595466765,-0.16086571166115743,0.0542297043809947,-0.19484996927009474,-0.03514951765154231,0.0025681158081130345,0.055770694612535185,0.13472932668326937,0.14150995806974095,0.04236975563510682,0.1361388285820375
2013-05-31,0.003276336512887489,-0.0961613891319758,-0.14022045697335297,0.04088965804263439,-0.19056858732348622,-0.04304250339501779,0.002467691754170374,0.055573614187846176,0.13794452530067797,0.13893833998798694,0.041445154134888286,0.13087919753183808
2013-06-30,0.003707274288756773,-0.10657793378210537,-0.1211209994656163,0.044751731364863906,-0.1801200192598004,-0.055842399374173575,0.002445442941685052,0.057436240382443986,0.1473003572278929,0.13744506293044692,0.039141272331625766,0.12304968474573577
2013-07-31,0.003555457364543517,-0.09958427188802998,-0.1316621038898173,0.03197480335721875,-0.17877246655790163,-0.05861136642238712,0.002395570260058377,0.05931045011761131,0.1481112188650869,0.1431476045644158,0.03721039831135994,0.11826824187165345
2013-08-31,0.003147757543140493,-0.09154140586430917,-0.16093614461861144,0.030288823581525737,-0.17491735163095737,-0.06139827858523454,0.002355997629036449,0.05851944028454005,0.14601576066170519,0.13990439216479483,0.03421038928408406,0.11629232081795292
2013-09-30,0.001630053973349125,-0.030763376975940275,-0.18036243821608308,-0.0819355020329445,-0.1802554087495067,-0.07298717050049695,0.00265852529110349,0.059478521656960846,0.13674015828817912,0.09759608510459587,0.03410737063167255,0.10804014566952502
2013-10-31,0.00233737931803163,-0.07070821459923793,-0.1624029735295014,-0.055514399460154254,-0.17939371025894535,-0.09844807205290365,0.002631346396584149,0.07308434095922728,0.13658843564353337,0.11947838079863454,0.03153238114312557,0.11411466090685773
2013-11-30,0.004000609021543584,-0.0805311114262316,-0.21189752205371584,-0.11702319678128728,-0.16709658791728493,-0.0718935481661344,0.002383130406032815,0.06638782870291901,0.12251023467126557,0.09588835382739391,0.022403910163347886,0.10399254093025588
2013-12-31,0.003866822722829308,-0.08183738492932324,-0.2066805731901139,-0.11635741725038784,-0.1675398695694838,-0.06525487451579298,0.0023798720833945208,0.06698633094103856,0.1400535644205947,0.09683323193580101,0.021655776172544553,0.16675804905166397
2014-01-31,0.004280303432196863,-0.08647516584996423,-0.20114305446432335,-0.22502618864671708,-0.1921648815112822,-0.10089385043066501,0.002487003954920113,0.0639567533967536,0.13917942576033138,0.09499412227199179,0.022937214396443244,0.17045650662559658
2014-02-28,0.0025862068687455934,-0.04114378085275726,-0.21599499807491013,-0.15435691089688952,-0.18032994698632476,0.006913862751275021,0.002221401977398119,0.058439828820825025,0.13093055444038168,0.08245047015159714,0.022372790013661083,0.16168141599032318
2014-03-31,0.0017824267751714881,-0.04169657897725815,-0.17119196528387337,-0.22796928749767176,-0.17551691795719276,-0.005692761932250115,0.0023567249043516267,0.06208751056064256,0.13389082291837642,0.0898701141518163,0.020485295209683913,0.1567823847093417
2014-04-30,0.0008838578685229994,-0.04013374837132289,-0.12189597702920023,-0.2315387591123932,-0.13656774093708351,0.008379759861049066,0.0025759525757139416,0.061736266623759486,0.14572197317569952,0.08792908019059284,0.05040459623561957,0.15105186757585562
2014-05-31,0.0013912463467705078,-0.030725755789449083,-0.149961430401234,-0.2645072538393169,-0.1762560386808058,-0.027290079980495652,0.0027679333741323937,0.06370564077969997,0.1447991462798367,0.08576885479686733,0.05964026186042205,0.16350811205367557
2014-06-30,0.0010753316960226814,-0.025174910431504792,-0.1413862851680959,-0.25347264165570926,-0.18755830308873297,0.012662588835948674,0.002806525602819335,0.06438234866613468,0.14517677076980026,0.08873429749303056,0.061068946736554226,0.17753367916454244
2014-07-31,0.001414545163917029,-0.0290798956446872,-0.16940211571692287,-0.2596147033531008,-0.18146982742869905,-0.00866343464813793,0.0026302718704626893,0.06580956838012669,0.12826373975250907,0.09333535177813396,0.06674012331615309,0.18697363918468127
2014-08-31,0.0014001151939879817,-0.04651777794631606,-0.16664484420411288,-0.22566519237091848,-0.1978339080870977,-0.023871391727935898,0.002756272476625291,0.06548070517582796,0.1284635388647812,0.14332404132746468,0.09127277610985533,0.19127479892984106
2014-09-30,0.001182242657713004,-0.05249687092271309,-0.20283587099689052,-0.24210023935087988,-0.15901153594185943,-0.08003696416806816,0.0026958008663513673,0.06395360752789309,0.11085075830576174,0.1413049029629911,0.08740106543592076,0.17078963100200353
2014-10-31,0.0018262533518875912,-0.050091600745882384,-0.23968536194970014,-0.31335651003598586,-0.14208851815526685,-0.120379060544123,0.0027534473363706557,0.061883459588616296,0.11127490982078783,0.12296826033990721,0.08507736307154769,0.1582829542877654
2014-11-30,0.0018469967276175461,-0.051218160420097664,-0.2389521233011896,-0.3172073770725441,-0.14210980185321434,-0.12343795123012374,0.0027598370883626135,0.06459929329109111,0.11407733425081881,0.11820906698552094,0.08419082931097856,0.15669678081920468
2014-12-31,0.002616229189320634,-0.07220396777733143,-0.15809049493409377,-0.29170798246499074,-0.1341741519997109,-0.11677249745736185,0.0027617655098868842,0.0693946868186831,0.11854982543882114,0.1096917018419841,0.08072366647936077,0.16225491488466687
2015-01-31,0.001853938078116649,-0.052424895714771186,-0.17981787801206042,-0.29224767209906233,-0.10039656663550026,-0.09676811839980864,0.0029593890947581594,0.07067107044929588,0.11621332968236553,0.10206282000798773,0.09048482466203187,0.15738462628148675
2015-02-28,0.0017719609436251341,-0.05483662453107092,-0.18244704790467375,-0.3256865020688816,-0.11904805031363441,-0.11550673916595994,0.0029784514486899693,0.06960819264867735,0.1172981351652473,0.10622601109371546,0.08339576223933874,0.1594278881065643
2015-03-31,0.0019313435276432462,-0.06344431465630268,-0.1723163104456859,-0.33307358128851317,-0.12341169088417725,-0.1254905545912295,0.0029887118751852704,0.0710375117030551,0.11338121530933716,0.108965526932391,0.08267007678557835,0.16177551276180252
2015-04-30,0.002331940964692582,-0.06886980623268542,-0.15604735001076533,-0.30617506260070565,-0.13654428538897953,-0.11254114729948522,0.002913249334038573,0.07080274980444523,0.11403664198523109,0.1101426622890565,0.06793113674394953,0.16567078158787654
2015-05-31,0.0028844331971548906,-0.07828952378822429,-0.15644492118563974,-0.3186463424846483,-0.11458490644664067,-0.14523444829756788,0.0029588371170661595,0.074316747017153,0.11817345452914366,0.10746527212109194,0.06548746786909541,0.1674497067075867
2015-06-30,0.004438465997542067,-0.12411369508245322,-0.09497069813701181,-0.3463935419370561,-0.11739562683837049,-0.20315825382492556,0.003413748591813236,0.08710878562141582,0.119564899932678,0.11874045352615685,0.06989477518445228,0.19103529600530045
2015-07-31,0.004361823347554129,-0.11346175131046063,-0.15432000811221183,-0.37906951894095486,-0.07465476395605708,-0.24034658102451487,0.0034113582349479168,0.08905231486589522,0.110711373402248,0.1232320022885016,0.07325024939439581,0.20367438223436113
2015-08-31,0.002544604559587135,-0.053582786514328996,-0.19339336635019916,-0.4354771645190597,-0.050549498472611,-0.27314407287458004,0.0032183480216569416,0.09311855175240513,0.11739262211106224,0.14076807705528466,0.07184893864647104,0.1945901263856156
2015-09-30,0.002496718799610095,-0.040939381920495094,-0.18302966030816947,-0.4490166083103252,-0.05110890324121162,-0.25962980773306754,0.0031892667788097047,0.10425352974089928,0.11736496195200713,0.14150951569032594,0.06925711935157614,0.20019875527564177
2015-10-31,0.0024124936047721967,-0.010696255529465779,-0.2184386247460539,-0.45250343632665474,-0.06676282233696364,-0.23695832254396254,0.003193387365750586,0.10893344063713829,0.12747641130369636,0.14760682087630453,0.06331389374637218,0.18878860767422753
2015-11-30,0.002723065201522279,-0.016816380677555663,-0.20204701033646288,-0.4594188909388578,-0.06558910476967617,-0.2516700156051264,0.003109108875662137,0.11048281322709519,0.12577945001694293,0.15100389472734102,0.06334024290304047,0.18763008806168274
2015-12-31,0.0035665304965866373,-0.004895956742689912,-0.2124007669439948,-0.40234798563206586,-0.07753780566007758,-0.3453409646868275,0.003013563441728012,0.11967525890553336,0.12988537285206134,0.14174913885906812,0.06962786849917231,0.17410707635800757
2016-01-31,0.003535506473872828,0.01845225419157947,-0.22446078183254853,-0.44100099491242195,-0.08945815089905643,-0.37719753594926786,0.003089125883060547,0.12264215011975864,0.13747793778951328,0.14330380346797392,0.07118254617382234,0.18169073640538852
2016-02-29,0.0028436240622294923,0.02172897204802602,-0.2561843497459156,-0.42769484560915866,-0.05843781834252057,-0.4273757721516994,0.0033170853166020766,0.12624844123052745,0.14206170265241488,0.14177761621423463,0.07669907628715436,0.17984466565173085
2016-03-31,0.002823170957008435,0.008660260060871096,-0.19183890028381448,-0.4441177887182471,-0.01273372597656136,-0.3541142286060448,0.003421924017097215,0.12099330210631722,0.11530455628711953,0.14141964101696894,0.07877695382996829,0.1644335987831383
2016-04-30,0.0021018009358065443,0.015110024460265816,-0.20616049966400402,-0.46901437001874435,0.013816214315197028,-0.365594721021139,0.0035471396835434596,0.12083449821908894,0.11479442158505676,0.1431030468151642,0.08757639798910431,0.16624523823104473
2016-05-31,0.0022560981197890418,0.020067864152407945,-0.2125403535874407,-0.4730834411849867,0.020689956100896783,-0.3949146809619555,0.0034201857309771495,0.12198651777064025,0.11729953216417596,0.14402971192120015,0.08786395087444393,0.172057782081483
2016-06-30,0.0019490682894462298,0.012052053166012603,-0.2373021365580871,-0.46743938265600654,-0.007650543181712936,-0.4451739637614589,0.0036089069660704158,0.12289898703101097,0.13109751050150148,0.14654642690236525,0.07693643022882603,0.19392300908134202
2016-07-31,0.0011809003505699397,0.030191473028852618,-0.22758583238262112,-0.44471805165684186,0.003599856436748608,-0.4147720629460796,0.0035309069134634922,0.11654021101056719,0.1214890213512914,0.14096901724229405,0.07462993571171937,0.18317906291875155
2016-08-31,0.0017047535911579909,0.024313829948432564,-0.21323772537773583,-0.40033634083147307,-0.000364726683370422,-0.46772520260759554,0.0034004808129400256,0.12132098269086226,0.12111495128109248,0.12875562225135903,0.07573824299336972,0.22446720185436178
2016-09-30,0.001552211674574472,0.03178443445853125,-0.2079055780968611,-0.39169161527755136,0.007130533108163065,-0.4758673978975116,0.003496072528172666,0.13245115327706566,0.11770328597296317,0.12278405194531257,0.0858252029169826,0.2243954891244328
2016-10-31,0.0011719805919225012,0.15679567437891323,-0.1621826198123817,-0.3674915452770412,0.03791316730706623,-0.49617106218696616,0.003195467276008313,0.08361926768529594,0.09557211408359928,0.09015978900244738,0.07038146172702275,0.22060176560644434
2016-11-30,0.0013680931447529235,0.1534198616191239,-0.18182107032570516,-0.40768227852188327,0.049290718130144816,-0.4426123105721519,0.0032064705897889966,0.08391213719439077,0.08859710936291525,0.08579632712535648,0.06960388010102489,0.20956431716809504
2016-12-31,0.001367373887213156,0.1506321899035056,-0.18291891991415116,-0.41464764920619435,0.04302793395898669,-0.46693543015654093,0.0031743460041462664,0.08358399503906977,0.09025982719623789,0.09174609051916326,0.07050867529384698,0.20617323383543965
2017-01-31,0.00042372228671360324,0.15340910917694817,-0.18880963981712562,-0.3449259446838324,0.10117397034798808,-0.4520598798296269,0.0029894566507945065,0.0862254236289426,0.08520680012524956,0.08851023690942447,0.08145546908214119,0.19230598862570014
2017-02-28,-7.743487623648715e-05,0.13243639656234174,-0.1535169734761433,-0.3208573621319989,0.11474722605219428,-0.44196715283453525,0.0029653217776899636,0.09244206184775983,0.08259732633010934,0.09125351210296215,0.08108512923868831,0.18960935015818395
2017-03-31,0.0003646025071423289,0.10219689449450726,-0.12635875071298536,-0.3849170106850135,0.07375849659464662,-0.4383294100783657,0.002812782244023733,0.09759503709927064,0.08823667252019116,0.08168010342560274,0.07100676774219684,0.2012005557768282
2017-04-30,0.00029596800951924625,0.10247945773899324,-0.1264835310011825,-0.38854580317103593,0.06854170889547959,-0.4431484777569096,0.0027755377333592277,0.09738235314492481,0.08815616271583822,0.0826763540116772,0.07057735473035211,0.20019894763428328
2017-05-31,-0.00038640707145309264,0.1250687649929815,-0.13790820081720995,-0.39251804899032045,0.04682005672351749,-0.4791240755009596,0.002713529440262017,0.09823798694477003,0.09211556036030703,0.07732585831660459,0.07262706360253803,0.20659358217394275
2017-06-30,-5.097962784717403e-05,0.11637645953966169,-0.11573145100096194,-0.37708161687577363,0.05383116867821733,-0.457127109105394,0.002702953128245727,0.1021244784204277,0.09633496008363959,0.08003806422726302,0.0741549774435658,0.21438808739441995
2017-07-31,0.00021991131822971834,0.12597171423128886,-0.13738845946888936,-0.3613746460363887,0.0734099031005188,-0.44507219933705877,0.002735819845439065,0.10197752960327158,0.093454247395382,0.08168060365741917,0.07043758790858859,0.20601486706489675
2017-08-31,-0.0006160007973408889,0.12269289182823417,-0.12536138016271586,-0.35248128833963355,0.07347490775016904,-0.42891070205689763,0.0026495185686184037,0.10295071894663885,0.09442590918477049,0.0818565763552464,0.0688937245618981,0.1965525921899881
2017-09-30,-0.0008710536648658443,0.11486950577433958,-0.11910089465832227,-0.3608269563653739,0.07364696841416371,-0.42606085595563203,0.002610927954057048,0.10298663265619869,0.09051507063932097,0.07848966529071773,0.06862110280397653,0.19316695381933688
2017-10-31,-0.001153341408307956,0.09342107192469157,-0.08820487087943514,-0.3836863327870871,0.03566337141476738,-0.39126110248723733,0.002722726554410625,0.10634198900238173,0.09791654743824327,0.07940297091492973,0.07632669817199697,0.19633494619497285
2017-11-30,-0.0009652454719536081,0.09437293361592808,-0.08642371852009387,-0.385632406427684,0.03513700780774238,-0.3838054231969507,0.00275821761310079,0.10494730737058693,0.09672475285709412,0.07875772613658395,0.0769206842870655,0.19793096114002315
2017-12-31,-0.0014923691543531255,0.09875240198537842,-0.08266740325154825,-0.39027704406593905,0.0464432389269935,-0.3714168401889838,0.002775846988265124,0.10504726700245147,0.09857866987221842,0.07575349141343692,0.0730641394992746,0.19626542793343033
2018-01-31,-0.0017916226631903226,0.10334198908446507,-0.1045310085534894,-0.38543488211336535,0.07670926248927645,-0.3580952230443111,0.002764932999083151,0.09347822321187467,0.0861647629087622,0.07655963024970501,0.06820362611702518,0.19852207102985636
2018-02-28,-0.002013053077966797,0.11814774758120634,-0.10877792414361512,-0.375020243103813,0.07866866642338159,-0.3315132589075652,0.002768121969759516,0.09077664971329372,0.08528924851064315,0.0729257763927405,0.06879625199074407,0.18291340022398458
2018-03-31,-0.001343587228728743,0.08149855667030048,-0.07538964436331529,-0.39791525603422206,0.05476142673323154,-0.3426678688654467,0.00258493226935462,0.08642386555079362,0.08109044709573998,0.07420186240063893,0.0648105797909645,0.18554195380591326
2018-04-30,-0.0017657939342284662,0.06828158841449278,-0.05294492339877786,-0.42743272742256616,0.04141033889957403,-0.41187935556649014,0.002580565672669786,0.08576694619476212,0.07780546356736062,0.06417162071683992,0.062148742034548496,0.16786235461311347
2018-05-31,-0.0021902854184686483,0.061652438456176774,-0.11008979175228237,-0.3922836175951362,0.026360397970439924,-0.3927200940933073,0.002656880526164071,0.08513397115735467,0.08228323126785414,0.06929515035034543,0.06255468179651061,0.1682734609328452
2018-06-30,-0.001405751354137175,0.044267248041547975,-0.09926023315948301,-0.4356701098743866,-0.005161316237672561,-0.43095252505082404,0.0026158261650355685,0.08857250012298391,0.08241549173426907,0.06897234821685173,0.0710156647534879,0.18174041638479976
2018-07-31,-0.0017858763154200194,0.03560552985682037,-0.06865148883526191,-0.43941621887525717,0.0076000950211601165,-0.45482179784486626,0.0025363465177512586,0.09836198033489123,0.07768233778506702,0.06885204187167909,0.06831560610557719,0.17919562919749418
2018-08-31,-0.0011900751286526875,0.013785478157419276,-0.0656065039893739,-0.4744113391307033,-0.011579504487393814,-0.5036474637176129,0.0025322770443522553,0.10176247536725319,0.08068782217591075,0.0654565166827512,0.0665863098054564,0.18456844650302398
2018-09-30,-0.0019126613972995376,0.04275288019600377,-0.02807681117709579,-0.43008467853143567,0.02826003022226283,-0.4296032179524024,0.0026501875984566545,0.09981942425651545,0.08004952028820014,0.06187879827533789,0.06575145037189305,0.18404909163245248
2018-10-31,-0.0005221163407788586,-0.027037370486786616,-0.06345623764377824,-0.42793428011869883,-0.002821877980157983,-0.5176766379534165,0.002355984195324622,0.11581288410136305,0.08216749943711303,0.07525074201340294,0.06166950018028766,0.19239054559450278
2018-11-30,-0.0005279293234165082,-0.028648958550221718,-0.06657817857021052,-0.4286543206806255,-0.005178404134002203,-0.5127185974954191,0.0023694272429428784,0.11582869575274013,0.08157659275230486,0.07521170004372939,0.061579917043080204,0.1930865968029799
2018-12-31,0.0003817665018246183,-0.07518602857837517,-0.06750013784518849,-0.44841539751892107,-0.01332019913005738,-0.48802659689132466,0.002346916558491303,0.12061211353571377,0.08340520268160263,0.081475420045532,0.05905900725203565,0.20170914852700536
2019-01-31,0.000613251877552314,-0.0838356172172586,-0.061546404193277025,-0.4572486729237173,-0.015812024896353492,-0.4916515886785061,0.0024023362885446475,0.12037192298548843,0.0882057647271743,0.08200065913758817,0.05690467159850889,0.20213626051477201
2019-02-28,0.0002974191994995994,-0.09096707839217584,-0.07227682281878925,-0.44342027651361815,-0.017082122403762105,-0.49625368403834996,0.002334389521417021,0.1263349091163287,0.08923816063192488,0.0858036960076369,0.061650455297775276,0.2118219844711869
2019-03-31,0.0005252418366162439,-0.08651196383394792,-0.08162296661163704,-0.42390492291170456,-0.014373103285236666,-0.48254199667574793,0.0023864812725500344,0.12459357108028397,0.0850250236391131,0.09388867530741361,0.06228721922916316,0.21772374394730915
2019-04-30,0.001423819997776333,-0.0671959975579374,-0.13836842043150765,-0.3875602103601652,-0.035254173238586456,-0.4619550106618247,0.0025099012515881875,0.11385658395262307,0.0853040762901608,0.10385781478265653,0.05876545631662307,0.222334036901429
2019-05-31,0.0015228122580281762,-0.08610676431009649,-0.12728155089790777,-0.4019340485829317,-0.03490959791552001,-0.484622900522251,0.0024578709013170132,0.11237775977349129,0.08644469138747621,0.10887270957468256,0.06138500465429173,0.23225242520261183
2019-06-30,0.0013695877913265497,-0.09904173431435509,-0.13201032481737696,-0.4111851513871435,-0.04186760053421741,-0.5182097558785029,0.0024494214625892536,0.10583382837556186,0.08823576608598091,0.10133039021615368,0.058584468309277986,0.20799705802377447
2019-07-31,0.001157045291810647,-0.0898875690603842,-0.11856179756351608,-0.4026316536379089,-0.029223760592833756,-0.5149439589604536,0.0024911976366050535,0.10604433654387005,0.09158680195474393,0.10031563906655623,0.05783031551543796,0.2035456820200253
2019-08-31,0.0013340317669384353,-0.07089826497371085,-0.11846691894804756,-0.3830011945845766,-0.011777621764314052,-0.46852571049748615,0.0025061847082914713,0.10830174114128494,0.08848357902812354,0.10093188698592924,0.058584656115111516,0.19457587846157162
2019-09-30,0.0009432690235135435,-0.07700218373580967,-0.10913558013037496,-0.43090528347324136,-0.009731453102982165,-0.48736940445996224,0.00242253105209167,0.10891927495873734,0.09218374241046909,0.09367048199475135,0.05822032641101301,0.19562636890950838
2019-10-31,0.0010861159615644087,-0.08139897609569946,-0.1275795719788895,-0.4477310444132194,-0.019547859485242416,-0.5349319505035968,0.002384075964214691,0.10655626910010772,0.09513193285790139,0.09926551676508562,0.05669692054911258,0.1986158717484198
2019-11-30,0.0009378109228846942,-0.08056098526694758,-0.12684555474222936,-0.4356917953473388,-0.012324640502993256,-0.5199577918466934,0.002383874346350371,0.1074041600267597,0.0965403787041125,0.09423891396205054,0.05717362498791698,0.19425546266807722
2019-12-31,0.0012001358662938224,-0.07912236137270945,-0.14691359196118547,-0.4584145562961047,-0.03533571281236214,-0.5784598535095126,0.002356271140554909,0.10503962411119648,0.10122029063751863,0.0978789151515446,0.05773743860058266,0.20084373825884214
2020-01-31,0.001044473875606417,-0.07686372342909589,-0.147836309489514,-0.45351835247089733,-0.038169058184341007,-0.5966591219357222,0.0023758216865454947,0.10636501447850787,0.10035945893543027,0.09194172656339292,0.059258024068601874,0.20991684261973725
2020-02-29,0.0016650627953402686,-0.11351789029045825,-0.12917029794769078,-0.4931044912663989,-0.06503343304402638,-0.5943176916015526,0.002349607309608221,0.09575697426833754,0.10169958569386871,0.1101369452222117,0.05656429036233189,0.22341184109095166
2020-03-31,0.0018367668432330286,-0.13511736326819293,-0.13391229702259821,-0.5345985926831605,-0.07874937313273894,-0.5797518811934499,0.0023966873830445524,0.09035395777558611,0.10808366514874002,0.12002513202917209,0.0563873930396075,0.22973910925891414
2020-04-30,0.0014177059744107108,-0.06735156400436879,-0.0875010047056071,-0.5274251833985981,-0.04597249812048323,-0.4640178712167585,0.002395549312135438,0.08355557031845062,0.11347310613558369,0.11560730679304121,0.06782764206462502,0.2390727004719018
2020-05-31,0.0008662816411270951,-0.07793436382734029,-0.11560950380982288,-0.45791085312222496,-0.030322745835833387,-0.39043124064055856,0.002337283130853933,0.07988458393003611,0.10468954659218237,0.112627925213818,0.06770388988193145,0.28153825912783015
2020-06-30,-0.0003295406834405216,-0.059932831797362265,-0.17596486222557187,-0.44017889855579795,-0.043523922764006115,-0.3195325630671113,0.0023776193708128245,0.08450016227744349,0.11140385955491999,0.11264221763169233,0.061421954009661744,0.2824786080178264
2020-07-31,-0.0004136239982796975,-0.06526282672584977,-0.16691760190537766,-0.44060057202603714,-0.05703451558955078,-0.31531311844208154,0.0023836560031970967,0.0764971682457106,0.10970913978335586,0.11472236021189058,0.05685437890273509,0.2826575110114144
2020-08-31,0.0006634176602655301,-0.0797621588940525,-0.15536702913782047,-0.4165040019102785,-0.06316244667610671,-0.27147822851642983,0.0024389481226584062,0.06898997859721252,0.1041392091498393,0.1135336656733794,0.056740083003193574,0.29070388968937894
2020-09-30,0.000536739530030678,-0.07795215886526527,-0.1560342092566437,-0.4171996582699634,-0.06561293316846492,-0.26830418853359406,0.0024882217092514146,0.06850573952410415,0.10368753071583953,0.11662936903693588,0.05829907519417852,0.2891313835581233
2020-10-31,4.212334438085687e-05,-0.09884851360177087,-0.12672143142568665,-0.4229000581202427,-0.04907349301232314,-0.30142771224434983,0.0024096018663806113,0.0648310439008909,0.10177106688098832,0.10918902515510884,0.05973963127539697,0.29685086476196226
2020-11-30,-2.875618451565179e-05,-0.09985331609580045,-0.13104459786082748,-0.4185243358043905,-0.04324279254766114,-0.296830364522801,0.0024021207992299593,0.06441724339425081,0.10757406774091421,0.10979393089478554,0.05607407315155788,0.3041417451367067
2020-12-31,0.0005971513048883885,-0.10295320771324025,-0.08055432051974556,-0.44700613586912163,-0.04609599245631938,-0.33505661907219186,0.002372529469993527,0.06608246049928104,0.10958648647825961,0.11278389756073978,0.05984928812162361,0.30675588365917456
2021-01-31,0.0021422587282602995,-0.11702349003858592,-0.01312408916638538,-0.36009130910511306,0.019581728929116235,-0.26041253949778703,0.0021919267861433577,0.0663115309310625,0.1223323901762633,0.105840367816511,0.0692957934462495,0.3066089367885634
2021-02-28,0.003602826961187998,-0.1338242501479628,-0.013230209232433041,-0.311633836482864,-0.019810024200515544,-0.15760908714009247,0.0022258616935132095,0.06496177879093257,0.1160784857281141,0.11107596205520417,0.059918190971748636,0.29631651011661914
2021-03-31,0.001257459308207263,-0.12244073632726993,0.11035923829336663,-0.36785763137660943,0.021637292952040865,-0.0005612675386663657,0.002215083242300657,0.07560747019422141,0.19324853789119228,0.11292088219206103,0.07868067093866295,0.3305554269332477
2021-04-30,0.0020478218409247075,-0.12884604788642373,0.10357312207406277,-0.34169644518149633,0.0018043644858420915,0.06515227044727054,0.0020310883549419134,0.07314392420554833,0.1853593279595637,0.1094360359836306,0.08848311494812795,0.3172926994587568
2021-05-31,0.0015139677507413226,-0.13283201340638723,0.10504257327092364,-0.3484452967925892,-0.007263874926310254,0.05866097068855168,0.0020658430513378154,0.07490632322151507,0.1860624527842812,0.0868341937695957,0.08886867335300035,0.29101698501465856
2021-06-30,0.0024803871570956756,-0.12200415548134186,0.13708873386736584,-0.3283628610303602,0.03392518350493451,0.1460857856160216,0.002037953310932149,0.07356352793690635,0.17737774681468316,0.08802848919734393,0.07485862149857232,0.2804085508546652
2021-07-31,0.0022268165507363723,-0.1232798435226172,0.16577526100141413,-0.32894898691261854,0.04530965052365571,0.1250901411297491,0.0021873558141710906,0.0753701178669649,0.176970672298979,0.08662225679878797,0.0742654076863414,0.2783352534581156
2021-08-31,0.002123968697516922,-0.10526472065310638,0.1624484345257542,-0.32016743261381114,0.07279033271960027,0.1455509983235435,0.0020903666781987708,0.07367995814546478,0.1757728842199752,0.08299972494691062,0.07951902666301193,0.2805108341615307
2021-09-30,0.002886666155755612,-0.11788871217476596,0.17306044192869371,-0.290682022631551,0.08587445544756789,0.16047015405823556,0.002071846365094085,0.07158389423477057,0.17682572501714627,0.08737062535620013,0.08241897247679655,0.28575138159274854
2021-10-31,0.002623495289828544,-0.11498571992539836,0.18514883350494843,-0.2988651175958393,0.08580396085750494,0.16288300684379028,0.0021920962570214997,0.0710576986687837,0.18446133438615178,0.09067045076557216,0.08323677098904007,0.27815851472341135
2021-11-30,0.002081269395207225,-0.10744169104772809,0.20272386951114113,-0.2963501562347888,0.08902013564146738,0.1546826865708828,0.0022399362379978823,0.07174461128901258,0.18528717683663576,0.08591992753376877,0.08465781396903001,0.28167940006924963
2021-12-31,0.0011382068099450352,-0.10995915171567062,0.21820550557585433,-0.31980618842219943,0.0846621546223949,0.17590944419057009,0.0022518338253624784,0.07448344805036984,0.1845490235504985,0.0765367542978826,0.08685735982139361,0.28200992285506643
2022-01-31,0.0019722941136164325,-0.12213996102106686,0.18574632173978886,-0.2854443461356501,0.08321932186048178,0.1642909626439613,0.0019160343156609846,0.0682858669450281,0.16248015859479892,0.07209659331536074,0.08409827091500513,0.28371216981323977
2022-02-28,-1.3412427435649781e-05,-0.08975053313113496,0.1056403762365157,-0.32720066510198764,0.03733450227015847,0.23475847737711036,0.0025140894076583313,0.06603137851990351,0.19758362140078142,0.07770922942113019,0.0995113226098742,0.27901474883272365
2022-03-31,-0.0010887717719104983,-0.08668300325657406,0.12044612353860262,-0.2808775709812523,0.045297719864131364,0.36479678514050623,0.0029006857955799856,0.06653158383393366,0.19017820445513864,0.07408901608510185,0.09920421447873935,0.2921046264214177
2022-04-30,-0.002143306354822844,-0.05042129684339796,0.12041027258643934,-0.2722769132924622,0.03192907674386283,0.556919963318599,0.0031098783608043317,0.06775006249752263,0.1988071893955855,0.0847344317893407,0.10784462795544851,0.3137769820202546
2022-05-31,-0.0017047924895395692,-0.032810013525188,0.12220061674315916,-0.18158555923837416,0.08856851655100648,0.645420632072462,0.003126878516041612,0.07520585980476414,0.19339639591220056,0.11482723339753145,0.09788988574058106,0.37400918355305146
2022-06-30,-0.0014927846438148877,-0.04579622522563771,0.12087611270459739,-0.20843751196175356,0.07385766498146873,0.5895694590230319,0.0027193085611725105,0.05896014511550042,0.19649859085700905,0.0837449338226293,0.09749538929655893,0.3169693326762784
2022-07-31,-0.0025053068338400097,-0.0670687980911362,0.1158622007204856,-0.19185858022036262,0.08883776178734185,0.5601025245235418,0.0031388665062760347,0.05761181936337757,0.19628008793490218,0.08563547106710291,0.0975178191535143,0.2990411318532578
2022-08-31,-0.002352695933542292,-0.06018435943746306,0.1022045388605345,-0.19182037044389746,0.09554687081924654,0.5721476048774579,0.0030998190919228536,0.05584707086576377,0.1961026588190419,0.08397741740720728,0.0966337660424755,0.2970976449549945
2022-09-30,-0.0012864253875859372,-0.09232893830917602,0.09550418565231358,-0.2444981228820807,0.0784833667561772,0.36480622484115754,0.003118183387410688,0.05805290509968258,0.20688947100135777,0.07237561183662561,0.09787992670963008,0.28780429628636445
2022-10-31,-0.00099226473090974,-0.07466672621473341,0.08926025535052333,-0.23134781250246556,0.10627976966038821,0.3395737224719706,0.0032605309001645624,0.05475774716431958,0.20528003909725004,0.06827504330494667,0.09343446937404618,0.2940773748048057
2022-11-30,-0.001107025144345204,-0.07517086641030431,0.0891638843514706,-0.23069753896260906,0.10687439917274105,0.3399529348386222,0.0033004453461931075,0.053642815547327194,0.19855434927276253,0.0680989266409769,0.09256496248868017,0.2933475068179327
2022-12-31,-0.0017649811030874965,-0.06342340856904399,0.062498813150830765,-0.27115706341620144,0.07730250955721252,0.24124777968719097,0.003333495960853758,0.051882877320174485,0.2088512812761285,0.08231137774824372,0.09710253628741632,0.3222491878202324
2023-01-31,-0.001607281868429511,-0.10583651342299721,0.12155142699144467,-0.27946977067212697,0.0004989597581674526,0.29929023326316023,0.0030283112641075523,0.04926299951202338,0.1988698344970535,0.09036747753613272,0.09908837193958173,0.3329876311484167
2023-02-28,-0.0021462634314797164,-0.0986436800466379,0.117491684567608,-0.2666215472871589,0.005068026075411028,0.34072467090479397,0.003023605989760231,0.04980113913884583,0.20103249510044036,0.08555023153101836,0.09833030276427658,0.32884915344340643
2023-03-31,-0.0025400279641955748,-0.09663190071047277,0.13512117271930824,-0.24689483549294003,0.017794950966848008,0.3620041248250915,0.003209004558014233,0.05028412068646803,0.18437299643740201,0.07163914248432214,0.08697849078865384,0.31448118254842927
2023-04-30,-0.002165325042682516,-0.09396446057019725,0.12139242513243112,-0.2407678056080541,0.020595443483244963,0.3850107910279803,0.0032335933583860165,0.0498601015399456,0.18486142598167254,0.07140908521455447,0.08690173147187705,0.3164428958457221
2023-05-31,-0.0014875312587274631,-0.09028821938920949,0.16606894609272244,-0.25519567306388097,0.039169482467509134,0.35437223937620654,0.0032662439479779043,0.04897229884510876,0.1934549496928553,0.06413883597280125,0.09048760626598129,0.2980211914249471
2023-06-30,-0.0026328128609425794,-0.10324314558824826,0.15746712294633974,-0.23838305173227742,0.047171141959086685,0.4085926117462596,0.003326484433243062,0.050567083949909365,0.1969969943075244,0.06541262261949868,0.0917477666926874,0.3054521483038758
2023-07-31,-0.0018858970636195008,-0.0985899290941387,0.14544731432399322,-0.23247414943089023,0.039755079352516556,0.4086431922600633,0.0032843067655748434,0.04826852577996176,0.1994797897121635,0.06630642516476801,0.09253428235305557,0.3063970086857612
2023-08-31,-0.0017440876586191,-0.10122793186519496,0.12450466600689733,-0.24037064232070152,0.0356675014436256,0.3725244245186495,0.003371461568137783,0.049698592524250386,0.20521950418824497,0.06252157975576678,0.10078705693494616,0.2835433510099755
2023-09-30,-0.0012833254691905006,-0.1047358697489513,0.10445397869539606,-0.2494715737284323,0.027775234618101677,0.3441219068979091,0.0034501385586199296,0.04838455826826989,0.21086634214983282,0.061978294309821706,0.10125126137113025,0.28015273891364323
2023-10-31,-0.002080516131540009,-0.07958404725760038,0.1569578395154854,-0.24949667994087202,0.062184306062829986,0.3692340093057722,0.003146330308798072,0.04011905803631466,0.19952177327825166,0.06184719317276055,0.09883269000019755,0.26106352325188253
2023-11-30,-0.002356037130840534,-0.08606893124656158,0.15640185324482814,-0.2562253339647771,0.05573829033602819,0.3511694024728032,0.0031285125714602654,0.039878198979339974,0.1999905524680729,0.059287882922411196,0.09564060294712697,0.24882618674613508
2023-12-31,-0.002690622691424155,-0.07611830373119507,0.1595975844774724,-0.2580322733153136,0.060857715136436355,0.3321461903040359,0.003064941476543652,0.040827359558934524,0.18696265767165943,0.05699628500186378,0.09590501229749962,0.2252494719320054
2024-01-31,-0.0023030745690027178,-0.06732532353678897,0.13479704950863597,-0.26354085543619754,0.0666499975903561,0.32107224084684205,0.0031015076389725475,0.03956755513932849,0.18875349924285495,0.05743752335851609,0.09878905515884964,0.22572898229167027
2024-02-29,-0.0021403651602953026,-0.07520572462307676,0.14255311860050354,-0.26040651193461883,0.057773894799797235,0.3413217497972831,0.003117537801785724,0.04051109747211112,0.18973257900188392,0.0558567453779576,0.09528963131207055,0.22109753280430666
2024-03-31,-0.0023290900921508384,-0.07657854151550209,0.15036609462453993,-0.2590814907183952,0.05808517629616346,0.3384840705057947,0.0031295817755607603,0.04074550489370122,0.18650689112673063,0.05465208002999532,0.09504933331807451,0.22066822271771833
2024-04-30,-0.003548180153685846,-0.06707927677022354,0.1912306780646024,-0.25215260454085703,0.08671117728759956,0.37089005734319824,0.0030923037812970737,0.04061452478067471,0.18265208087632373,0.05882220872651984,0.09528012677624441,0.2227179846359012
2024-05-31,-0.003584235787407338,-0.06364892693337347,0.19051002787926405,-0.2528633553761507,0.08565993655116992,0.36747822396130175,0.003165583655063799,0.04180437626516433,0.18404412996955108,0.058778088232355155,0.09797140956254863,0.22463427501385896
2024-06-30,-0.002196620300033826,-0.046843935039032544,0.14374405209932672,-0.2578365823240957,0.07664928141522248,0.4346339689657527,0.0030010420343716065,0.045069444071245565,0.1907960575050267,0.05701364318467288,0.09648275009776941,0.2339454598599441
2024-07-31,-0.0027541296838664436,-0.04504243405411522,0.12326103316145498,-0.2685490464826832,0.06918120106322508,0.41792360691394426,0.002849511222218136,0.045305096306223744,0.18273938106995236,0.059451713105854676,0.09511094102437441,0.23099191814799064
2024-08-31,-0.0019052124445021383,-0.04649205268570607,0.1171408826358194,-0.2615953531051275,0.09001713369864106,0.48889086563200096,0.002897117957109923,0.0454878788731325,0.18160432020597328,0.05857391303195492,0.09764678580450636,0.23317549183124428
2024-09-30,-0.0017648664667751165,-0.0492759007429726,0.10774137879178682,-0.2532752191074714,0.07890643988365192,0.49091616694528795,0.0029206625554417083,0.045628535530630905,0.1872227191262572,0.05769888384241479,0.10441213532975194,0.23198151939324488
2024-10-31,-0.0014888677561569982,-0.04800449025529305,0.10762574587496207,-0.2561348606979153,0.09205753908315356,0.42328276361304584,0.0029889335591749408,0.04533815342566626,0.1845682327404988,0.05778275297480046,0.10684776224307958,0.22203061300325985
2024-11-30,-0.0014439374637870964,-0.041700645755563315,0.12502558349714357,-0.2563715363199541,0.10381892031882842,0.4094666940198508,0.0029653017268159425,0.046973391486375755,0.17139847189763988,0.05923633080361743,0.10408348938143493,0.2223052429906094
2024-12-31,-0.0015008481393820573,-0.05125455251664478,0.10959235817256832,-0.26891345465754185,0.0981458645473888,0.4040496366693325,0.003016343072672821,0.045111518168478804,0.17243936588357034,0.06067159247693319,0.1007384520304199,0.22248398411153417
2025-01-31,-0.001365038325026625,-0.048254396591682444,0.1043089411327379,-0.2679302642900148,0.09840022114649477,0.3946823595940478,0.003111162523516496,0.0451549965668409,0.17164176019112656,0.06115451048553312,0.10346439644848528,0.22136812041135523
2025-02-28,-0.0006057360184445872,-0.052389630634252476,0.04656567867960709,-0.2379738049664203,0.08029387021855305,0.4468042307937491,0.003787604746113285,0.050994462559998746,0.17675436297887986,0.05502211912010897,0.10399807008148543,0.21879299940757185
2025-03-31,-0.0015262666897002041,-0.0301348452347852,0.056804231642793857,-0.24315407372935446,0.09630313977102367,0.40257433931016773,0.0038863107542763753,0.059237827968244956,0.17310160006390235,0.055801033150816574,0.10588177494242046,0.252304462399893
2025-04-30,-0.0020480227971748457,-0.047971494942359014,0.05439473945334447,-0.23992436855520483,0.0966682758299702,0.3853921305361123,0.0037930271468042368,0.06122751020981486,0.17250007536865936,0.05463187801122799,0.1042993456598991,0.25237425432521743
2025-05-31,-0.0017727629865116972,-0.05412895527040653,0.0644867716976074,-0.24773045249947537,0.09125379922211187,0.40011311656253357,0.0037984649582458027,0.06086223209377488,0.17324340372240213,0.057612840339127384,0.10223242940378287,0.25347091730125826
2025-06-30,-0.0012887690154971703,-0.050536945003796206,0.06781020330647285,-0.25335305030554933,0.0863161703385863,0.40097221904891,0.003837809335482161,0.06047010637905685,0.17576395310262327,0.05849531495720715,0.10110360108522584,0.2542190129599685
2025-07-31,-0.0015663478464669777,-0.046854800324010966,0.0659265887329473,-0.24927393055748154,0.0943136343782455,0.4036763650681201,0.0038657434400308963,0.061269507775948265,0.17542328115886585,0.05823759136065925,0.1106502545170001,0.25703513144822854
2025-08-31,-0.0011771952662048611,-0.0669463067593441,0.08882814358956015,-0.23121983081686973,0.08602383020592037,0.44219733979471737,0.003802093915876488,0.06168499425797343,0.1698331164126976,0.061489737524142454,0.11053096602158659,0.2606032457616368
2025-09-30,-0.0016503403651267341,-0.07424960155059745,0.09178688110714439,-0.23196443656280424,0.06936591287907344,0.42004429594153503,0.0039450620802547725,0.06492985079213755,0.17365217743408662,0.06292223423026913,0.11001035389326719,0.25539023596120486
2025-10-31,-0.0025190097257698292,-0.08032684812590739,0.10766005560018278,-0.20870554701518546,0.06735562180948851,0.4047336941053044,0.004251767851389027,0.06831790225332598,0.18400552179567825,0.06756908539554336,0.11171160373916006,0.25276970985655256
2025-11-30,-0.001990830373675898,-0.08206088581806964,0.11223970517954687,-0.20087528261055218,0.05811914259298428,0.4086477991394966,0.004113091040766781,0.0744362570213646,0.18411234099096463,0.07035913403533994,0.12364337435803278,0.26240743825504215
2025-12-31,-0.002984220395755969,-0.08687322045931764,0.07475732394735163,-0.19191148843408545,0.06666003001900597,0.42579374007414755,0.0039687956565287175,0.07535530930159474,0.16868223452939202,0.0685603451849872,0.12999769693813323,0.27053941135378606
2026-01-31,-0.004679144736875085,-0.08442818641133451,-0.03684283060131971,-0.2217767591063968,-0.009009769371090826,0.40805138081392356,0.004009670711966953,0.07608069693129638,0.15853693095502452,0.06407102694574804,0.12426426178723728,0.2793350337616501
2026-02-28,-0.006690928403947718,-0.07355596263509943,-0.06506598775737987,-0.26218304567972905,0.021045281353875928,0.3872989661677755,0.004307712073270205,0.07540014436024314,0.15648899089861773,0.081763651697203,0.162858985872902,0.31028105398225536
2026-03-31,-0.005466244953210957,-0.05173313405456978,-0.12974091599125562,-0.20042455465763204,-0.08319999058045985,0.2170638427306904,0.003951613542375393,0.0656812084534152,0.11186915961786914,0.05597149843391277,0.11289583684524394,0.26830946340692235
2026-04-30,-0.005564359859294693,-0.07507391052487858,-0.1356331636754291,-0.20072718344774407,-0.11701717065081578,0.22119368916360305,0.0039913830692838844,0.06894730254638169,0.11310369263690331,0.057074152490558874,0.10254423081795633,0.2726076505573977
2026-05-31,-0.005533910127388159,-0.07995321828844583,-0.13051122072942037,-0.19228906215062905,-0.11555258175114855,0.23620417540484534,0.004061968839600999,0.06939239413144786,0.11239189376479981,0.056227001187409566,0.10368057249760501,0.27110440610736475
2026-06-30,-0.007050976135259592,-0.0663489282590185,-0.1847991622373207,-0.1609615331215057,-0.1484639733790078,0.18919365131022514,0.0039442498534042495,0.06645039391037068,0.08868001447758901,0.0577655782392079,0.09616965086135644,0.27146929881059323
2026-07-31,-0.005519738773264743,-0.06758761243248017,-0.2605597761086164,-0.16094557879122512,-0.24445209127687673,0.17727345641593134,0.004044836297005233,0.06816184632107011,0.08609852126506157,0.06422251631104191,0.10179713667924276,0.27996360911456847
