asset,baseline,window,mode,period,n,mean_r,cond_alpha,static_beta,timing_cov,cov_Mkt-RF,meanbeta_Mkt-RF,static_Mkt-RF,cov_SMB,meanbeta_SMB,static_SMB,cov_HML,meanbeta_HML,static_HML,cov_UMD,meanbeta_UMD,static_UMD,cov_BOND,meanbeta_BOND,static_BOND,identity_gap,block,timing_ci_low,timing_ci_high,timing_p_boot,timing_t_nw,timing_p_nw,alpha_ci_low,alpha_ci_high,alpha_p_boot,alpha_t_nw,alpha_p_nw,boot_reps,cov_BOND_eom,meanbeta_BOND_eom,static_BOND_eom
GB,legs,36,backward,full_1970,679,-0.005013136966126645,0.01185203146279921,-0.009256974892491842,-0.007608193536434017,-0.0005346865169769603,-0.04789907802969494,-0.003592303873817024,0.0016576134580379293,-0.0076519106236752794,-7.322844658710163e-05,-0.005417504203766993,-0.22560900072838597,-0.008429735776258378,0.0030611266162125206,0.012802764767164855,0.0008818182349408823,-0.006374742889940515,0.09047117604851486,0.001956474969229779,6.071532165918825e-18,12.0,-0.02491775364489529,0.008612368855645525,0.41,-0.9132036868669805,0.36146003791840614,-0.012763295117659714,0.03586354701066678,0.352,0.9384619172195153,0.34834126803014054,1000.0,,,
GB,legs,36,backward,post2010,199,-0.017920402010050237,0.007156135135065387,-0.007835176243558572,-0.017241360901557055,-0.00346003111214161,-0.05442130259320937,-0.007089755705871525,-0.00563313215340407,-0.06306012452289797,0.000564689155275398,0.0032215947180129993,-0.2514291273350628,0.0009278871915320157,-0.0015478584823683987,-0.053768912370045094,-0.0018024204052165668,-0.009821933871655976,-0.049885834917959615,-0.00043557647927789295,3.469446951953614e-18,12.0,-0.037546415920042105,0.005706023078673208,0.1456,-1.702228465682257,0.09028198337466996,-0.03655962657438776,0.0490486351895071,0.7264,0.3245012772392181,0.7459011233130789,5000.0,,,
GB,legs,36,backward,validation,151,-0.006529271523178793,0.0163952007412749,-0.00981211817816877,-0.01311235408628492,-0.00301182586949792,-0.05536621570718413,-0.007229581114845632,-0.005699599000988523,-0.08177312055788358,-0.0002787867712794586,0.0018908954096477299,-0.27225632697551666,0.004002708913149982,-0.0032135518873849574,-0.07226043891273541,-0.002120149990456841,-0.0030782727380612492,-0.18037730502040353,-0.00418630921473682,-6.938893903907228e-18,12.0,-0.036326027246288244,0.010278281046800772,0.306,-1.0117862191998928,0.31326957367746366,-0.02995379728683374,0.06234636132668527,0.5,0.6964564146337654,0.48722086742633114,1000.0,,,
GB,legs,36,backward,pre_covid,120,0.011694000000000024,0.020486749654916814,-0.01247645723278505,0.0036837075778682676,-0.0029778484518818977,-0.04322633295966362,-0.0056795078875702,0.0017646080332318582,-0.13116830261194218,0.0002636482882500039,0.000224862650407249,-0.2725369755225329,0.006399168185269074,-0.003753314369215141,-0.09997114139706631,-0.0031810817192546494,0.008425399715326198,-0.293845425308757,-0.010278684099479279,-7.806255641895632e-18,12.0,-0.014847946640150463,0.02103975043725625,0.694,0.37469071428355166,0.7085573965300893,-0.026902290596694512,0.0639512421631027,0.406,0.8594115970245602,0.39184142765666286,1000.0,,,
GB,legs,36,backward,covid,24,0.017759999999999956,0.05969815716098148,-0.003357978366177221,-0.038580178794804305,0.005458257815375891,-0.12609543024041076,-0.029544159305328246,-0.041916110133588966,0.04127238170554157,0.0020388556562537497,0.01392698348075366,-0.2890142591107643,0.019551814628843204,-0.0017457843338803025,-0.0011020347654004958,6.3918016393228916e-06,-0.01430352562346459,0.16134560905980286,0.004589118852414748,0.0,3.0,-0.05705843455994226,-0.0042086527515455465,0.036,-3.542713052481493,0.0017372224945782489,-0.0723219289158562,0.1905612189627023,0.378,1.3237839115395527,0.19858223703357988,1000.0,,,
GB,legs,36,backward,inflation_rates,36,-0.07553333333333329,0.003304720034388829,-0.053074283267226,-0.025763770100496176,-0.004219795051231953,-0.05005758170077161,-0.002868299431454209,-0.004477064731000578,0.16159834661264924,-0.009076440468077127,-0.005618824843959733,-0.20989401644592107,-0.008458728862770614,-0.005105072402183873,0.08091221996030411,0.004175070549951691,-0.006343013072120037,0.44014185270830414,-0.03684588505487574,5.204170427930421e-17,4.0,-0.04872608060968018,-0.004896637737240673,0.02,-2.4033863506890247,0.021677659211065056,-0.10255944487756012,0.11468725464218403,0.932,0.05759394657883093,0.9543996343418538,1000.0,,,
GB,legs,36,backward,holdout,48,-0.05375499999999997,-0.021908425417802014,-0.025276283783019778,-0.006570290799178201,-0.00486628704852738,-0.05144876342216382,-0.0066536113295713305,-0.002406509439957265,-0.004192157829505781,0.00020059475214185142,0.004416685055547778,-0.18591022846613514,-0.005753921571026871,0.0026837596664617087,0.004402348212168211,0.00020547960280295127,-0.006397939032703042,0.3606185814459786,-0.013274825237366377,1.9949319973733282e-17,6.0,-0.02284204583909178,0.01368966348163635,0.612,-0.5870670497528917,0.5599683664019726,-0.13115918057338308,0.08090935633172515,0.714,-0.4132127647549595,0.6813299808924589,1000.0,,,
GB,legs,36,backward,last18,18,-0.14697333333333323,-0.14690497872974753,-0.019878032091003455,0.019809677487417736,-0.0068281060807942155,-0.04325774654575673,-0.005133252590096463,0.003130943487093955,-0.1897060557882454,0.0048944162393367175,0.004322192792021948,-0.1455090193240079,-0.016529824595207267,0.01859643136569069,-0.08436320795310548,-0.004746836500828068,0.0005882159234053561,0.2948212880780694,0.0016374653557916226,1.734723475976807e-17,,,,,,,,,,,,,,,
GB,legs,36,backward,last12,12,-0.19935999999999987,-0.1739030778279657,-0.04957527370040442,0.02411835152837022,-0.009695564077104795,-0.03451448447446871,-0.005028760387930092,0.0024770599227576353,-0.19690755787569478,-0.007029599816162324,0.00670918902979392,-0.13764533586742025,-0.025051451127870446,0.026026690020195073,-0.10197441415335691,-0.008433284050482617,-0.0013990233672716173,0.33031944120100915,-0.004032178317958949,4.163336342344337e-17,,,,,,,,,,,,,,,
GB,legs,24,backward,full_1970,679,-0.005013136966126645,0.010983331494890418,-0.00947053593032362,-0.006525932530693446,0.00018883366441983432,-0.04140726784262297,-0.0031054353192981688,0.0009314772574333561,-0.02631076532718325,-0.000251792861702558,-0.005943112714473661,-0.2189774035894126,-0.00818195039768016,0.005782882810127681,0.005848048896657653,0.0004027970715453998,-0.007486013548200655,0.07703191240351923,0.001665845576811868,1.734723475976807e-18,12.0,-0.027697951013134665,0.011419501955176511,0.52,-0.6834866082831429,0.49453291409309913,-0.014682821911941592,0.036732735435392364,0.406,0.8066414624298723,0.42015593379056515,1000.0,,,
GB,legs,24,backward,post2010,199,-0.017920402010050237,0.006763389178238089,-0.0071974078958734825,-0.017486383292414847,-0.005026373972666242,-0.05004620742529426,-0.006519788533966171,-0.01185410864042856,-0.10143471356421496,0.0009083249224695029,0.006545053667167572,-0.28267034646462935,0.0010431814193146982,-0.0018344822884301332,-0.05884880545085798,-0.001972706589957706,-0.005316472058057483,-0.07517856703145466,-0.000656419113733808,3.469446951953614e-18,12.0,-0.045657498522020466,0.00915250013638797,0.236,-1.335202862189811,0.18334299296954207,-0.04269951106545224,0.053371107200841324,0.794,0.2889257645351502,0.7729404605645603,1000.0,,,
GB,legs,24,backward,validation,151,-0.006529271523178793,0.018180810889188395,-0.008889677094134067,-0.015820405318233133,-0.006783385923838927,-0.05430776662012442,-0.007091371496704084,-0.01372639705840609,-0.09725881409497983,-0.00033158170527215465,0.0034324345090029325,-0.3257882866769326,0.004789735075647621,0.000549402469725728,-0.06618352910034739,-0.0019418510418952259,0.0007075406852832237,-0.1859053667501925,-0.004314607925910223,1.0408340855860843e-17,12.0,-0.0490900136134076,0.014310252119500108,0.34,-0.9276851610719382,0.3550612235649052,-0.026370996380312005,0.06575197316750007,0.448,0.7700455881254077,0.44248389012368256,1000.0,,,
GB,legs,24,backward,pre_covid,120,0.011694000000000024,0.01824913823079544,-0.014115654318048714,0.007560516087253309,-0.006402221601990521,-0.053189667309810146,-0.00698859038783595,-0.004090297490734458,-0.1700674111717605,0.00034183549645523876,-0.0009758325843362019,-0.3476024998930337,0.008161706697488431,-0.0015284939744573563,-0.10452929722646515,-0.0033261222377461205,0.020557361738771845,-0.35175867511972225,-0.012304483886410316,-1.1275702593849246e-17,12.0,-0.012708670385158877,0.02629151240007522,0.52,0.649055916152715,0.517552941438641,-0.036076590156110235,0.07182598856204239,0.512,0.702170351511797,0.483944093040355,1000.0,,,
GB,legs,24,backward,covid,24,0.017759999999999956,0.05203702125234211,0.012419602340631733,-0.04669662359297391,0.00861652569394069,-0.08834768061797675,-0.020699861568791954,-0.06317835802167043,0.11383634214592307,0.005623515302008588,0.009363732627120494,-0.29339974863978274,0.0198484929954813,0.008742417676903326,0.031684413116145886,-0.00018376959607364657,-0.010240941569267983,0.275332551085615,0.007831225208007445,2.7755575615628914e-17,3.0,-0.0811752790091897,0.007662281656117466,0.108,-2.3693345468116784,0.026593061847508766,-0.08193939183668979,0.18259867435496577,0.478,1.0804561968356863,0.2911388677805063,1000.0,,,
GB,legs,24,backward,inflation_rates,36,-0.07553333333333329,0.020236602824940778,-0.04683868104383313,-0.04893125511444096,-0.015654124969032762,-0.05127152294808561,-0.002937858264925301,-0.0002968699872946183,0.056605230051180094,-0.003179327087874614,0.005978963668259084,-0.1537261959769248,-0.006195165697870065,-0.008336936908886889,0.01388411651790964,0.0007164204123241373,-0.030622286917485777,0.42099163678400686,-0.03524275040548729,2.7755575615628914e-17,4.0,-0.10395226009758106,0.004286077734264605,0.082,-1.8526688303278946,0.07237762983841937,-0.08266941640573794,0.14201092945934715,0.73,0.3523904096610535,0.7266586949230938,1000.0,,,
GB,legs,24,backward,holdout,48,-0.05375499999999997,-0.029153916620793106,-0.015531540383171272,-0.00906954299603561,0.000517683777537874,-0.03664005245822438,-0.004738474784159864,-0.006637578164640919,-0.11457139731118372,0.005482241361340136,0.010144514665633396,-0.14702849288009204,-0.00455053185463884,-0.0097337618926419,-0.03577498730350587,-0.0016697975323911364,-0.003360401381924061,0.273149490417075,-0.010054977573321569,1.9081958235744878e-17,6.0,-0.039158759798187975,0.021550777524465815,0.6,-0.5775882633462606,0.5662990307818969,-0.14885622996229173,0.09055502020349426,0.664,-0.4812597552644103,0.6325649979651353,1000.0,,,
GB,legs,24,backward,last18,18,-0.14697333333333323,-0.16934918034355595,-0.00039552450996170336,0.02277137152018442,0.014244241070133216,0.03037003901181707,0.003603911296068957,-0.01865197981004703,-0.2535396722908078,0.006541323545102823,0.011399700459507528,-0.09330099016996911,-0.010598992483308471,-0.0046782593701575935,-0.02557694676082627,-0.0014391295377424915,0.020457669170748295,0.2695961716097926,0.0014973626699174797,0.0,,,,,,,,,,,,,,,
GB,legs,24,backward,last12,12,-0.19935999999999987,-0.20358866909223378,-0.02146955353373574,0.025698222625969623,-0.005936616550648472,0.10754545450319408,0.015669372721115377,0.0012336925762919068,-0.344970121480671,-0.01231543333685999,0.009260174210626446,-0.05825828260773999,-0.010603007434608661,0.002919445095434403,-0.1540814548573495,-0.012742536316702805,0.018221527294265343,0.12107483954435905,-0.0014779491666796626,2.0816681711721685e-17,,,,,,,,,,,,,,,
GB,legs,36,centered,full_1970,679,-0.005013136966126645,-0.0009662523207388551,-0.010346707747192627,0.006299823101804826,0.004124113209211885,-0.04562390610795659,-0.003421672011070241,0.006285065964202513,-0.022639515659571546,-0.0002166591645889485,-0.0009881778286889328,-0.2203402657077706,-0.008232872867617699,0.0020590425156384656,-0.0027850736457436147,-0.00019182799740011646,-0.005180220758559104,0.07936614562122293,0.0017163242934843807,1.0408340855860843e-17,12.0,-0.007494429923951346,0.019338298890684332,0.376,0.9357588820984623,0.34973051812885014,-0.022337003932591137,0.01993698626236298,0.966,-0.08854760931370215,0.9294675939965339,1000.0,,,
GB,legs,36,centered,post2010,199,-0.017920402010050237,-0.011688691391085415,-0.005435101412340403,-0.000796609206624417,0.002663411707216334,-0.03616432323982004,-0.0047113208398376185,0.005181901249163195,-0.10244683048271426,0.0009173882006040042,0.005263442203111288,-0.27294954998944887,0.0010073072839811676,-0.0038097838416248954,-0.07002093624033877,-0.0023472143792565418,-0.01009558052449034,-0.034502988665320734,-0.00030126167783141403,-2.168404344971009e-18,12.0,-0.016228530237113344,0.013790794517601995,0.878,-0.10260378125921493,0.9183812811308103,-0.04967254167677849,0.02534916489994931,0.502,-0.6066275109915288,0.5447930580740123,1000.0,,,
GB,legs,36,centered,validation,151,-0.006529271523178793,-0.0027302341966854446,-0.005145867666803656,0.0013468303403103088,0.0036122049991238864,-0.04405989804035575,-0.005753230606896039,0.004895616694734291,-0.056849214115856264,-0.00019381440680028248,0.004742520021493477,-0.30751970841688353,0.004521150680036303,-0.004047682038935849,-0.031347807379805005,-0.0009197571246058816,-0.007855829336105496,-0.12065411971777781,-0.002800216208537756,-1.734723475976807e-18,12.0,-0.015154924711216376,0.016120077963461047,0.852,0.15587272092909968,0.8763429220145194,-0.042748097342606504,0.03494805950356557,0.904,-0.13400040665053586,0.8935818731274688,1000.0,,,
GB,legs,36,centered,pre_covid,120,0.011694000000000024,0.017219460329245782,-0.009208666787720487,0.003683206458474735,0.0015888483465457417,-0.04187967268391727,-0.005502570193939887,0.0017758268042077645,-0.14456106098428514,0.00029056773257841334,0.0009098809611538122,-0.3299554134422889,0.007747353107624945,-0.002303355624559005,-0.07266548415198279,-0.002312215705716092,0.0017120059711264214,-0.26963488355587706,-0.009431801728267864,-6.5052130349130266e-18,12.0,-0.0077298775318782875,0.012916000452414311,0.558,0.4881585503758916,0.6263358193444035,-0.022720431907181034,0.05335105506986199,0.408,0.9186852336892015,0.36011858658432594,1000.0,,,
GB,legs,36,centered,covid,24,0.017759999999999956,-0.026774309849627934,0.032985169184633165,0.011549140664994713,0.010664275109220245,-0.04197655147293453,-0.009835106010108563,0.012187356800229268,0.3046118099665472,0.015047823412347401,0.021576597357033385,-0.21731047001997572,0.014701053296851358,-0.009768567690059834,0.14744395970884508,-0.0008551749663113035,-0.023110520911428345,0.4896346222375923,0.013926573451854272,1.214306433183765e-17,3.0,-0.0005068334819482018,0.023994363687228598,0.058,1.847735439501968,0.0775425012729903,-0.13137684207431272,0.0736537320866835,0.56,-0.8731654164663745,0.3915982409180784,1000.0,,,
GB,legs,36,centered,inflation_rates,36,-0.07553333333333329,-0.04135587493870302,-0.03407167694648916,-0.00010578144814113601,0.0011361657579348015,-0.05826596516321584,-0.0033386398038522634,-0.003796130859917397,-0.09468982313717669,0.005318411732871422,-0.001353945279965167,-0.182703243228635,-0.007362940702113986,0.0025990232307109753,-0.04276031593964057,-0.0022064323024854524,0.001309105703095651,0.3163411577717365,-0.02648207587090888,2.9219248548484344e-17,4.0,-0.02994063305070644,0.02514479466779091,0.998,-0.008597595742982812,0.993189015416486,-0.16036368347577573,0.07882824069975689,0.498,-0.6520904548210619,0.5186026147794246,1000.0,,,
GB,legs,36,centered,holdout,48,-0.05375499999999997,-0.03987050464846863,-0.012433920933015742,-0.0014505744185156124,-0.00029022446973968807,-0.01132616084646808,-0.0014647557514694833,-0.0012702533884028787,-0.24588933197012172,0.011765804534770313,0.001937433678375665,-0.16419759326981065,-0.005081915511700629,-0.0009524815621535941,-0.19168015411410125,-0.008946671193275677,-0.0008750486765951162,0.2365141111038674,-0.008706383011340267,1.214306433183765e-17,6.0,-0.020810484048676435,0.023295822890466517,0.948,-0.15400051727598052,0.8782686960504084,-0.13125005732740916,0.05520541390009013,0.424,-0.8629326695434207,0.3925566023663531,1000.0,,,
GB,legs,36,centered,last18,18,-0.14697333333333323,-0.12404087148171326,-0.02293246185161998,-1.0432120532097528e-33,0.0,0.04915117781958343,0.005832606434590563,0.0,-0.36533903969498377,0.009425747224130554,-3.209883240645393e-35,-0.15418646305870426,-0.01751558220346877,-1.0271626370065257e-33,-0.3796627301460369,-0.021362356282883677,1.6049416203226965e-35,0.12371466678008941,0.0006871229760113451,1.0408340855860844e-17,,,,,,,,,,,,,,,
GB,legs,36,centered,last12,12,-0.19935999999999987,-0.13250850554224405,-0.06685149445775589,2.407412430484045e-35,2.407412430484045e-35,0.04915117781958344,0.007161326608313307,0.0,-0.36533903969498377,-0.013042603717110957,0.0,-0.15418646305870423,-0.028061936276684123,0.0,-0.37966273014603696,-0.03139810778307726,0.0,0.12371466678008942,-0.001510173289196848,6.938893903907228e-17,,,,,,,,,,,,,,,
GB,legs,24,centered,full_1970,679,-0.005013136966126645,-0.013015150584885497,-0.010584631406582548,0.018586645025341395,0.0020866598450129696,-0.04309205040375812,-0.003231789545096692,0.0086627350476986,-0.0354612897987396,-0.00033936297660119315,0.00149378011004504,-0.21188108256630134,-0.007916800908895563,0.008485926568913508,-0.004881132613326232,-0.0003361986120868864,-0.0021424565463287223,0.05731782488805223,0.0012395206360977852,6.938893903907228e-18,12.0,0.0035351014108723406,0.03315399739563525,0.01,2.478262603137913,0.01344472517447682,-0.03543810605091879,0.008453386863565542,0.24,-1.1703807445413674,0.2422589962762082,1000.0,,,
GB,legs,24,centered,post2010,199,-0.017920402010050237,-0.01733855456268627,-0.006766427702092282,0.006184580254728319,-0.000529133675491127,-0.043736304377621445,-0.005697763536326432,0.00566199219895549,-0.12973607032009782,0.0011617571724141424,0.0056458428468028335,-0.2884208961121785,0.0010644035482652516,0.0015667035172334761,-0.07100234558418449,-0.002380112798607929,-0.006160824632772353,-0.10476042298464504,-0.0009147120878373163,-1.734723475976807e-18,12.0,-0.013629594828858557,0.024763630007818803,0.496,0.6834857123158805,0.4950990161945022,-0.05650414634975432,0.024250009664313673,0.36,-0.8829984220847814,0.37830793002777036,1000.0,,,
GB,legs,24,centered,validation,151,-0.006529271523178793,-0.009181011794187786,-0.005944502819137391,0.008596243090146375,0.0023583615643625712,-0.046088214409457505,-0.006018083054001027,0.0068086289157515655,-0.0852096377170812,-0.00029050279136922627,0.0055458364408834705,-0.34652536616083957,0.005094611343556716,-0.0007552507328912637,-0.042979151795895676,-0.0012610253915002398,-0.005361333097959967,-0.1494919642623225,-0.003469502925823612,8.673617379884035e-18,12.0,-0.009549379159542036,0.024489331118237846,0.342,0.9599803232268691,0.33860996680330846,-0.05222510869153508,0.033621312913375556,0.714,-0.42295624753074734,0.6729329283002286,1000.0,,,
GB,legs,24,centered,pre_covid,120,0.011694000000000024,0.016235000410168607,-0.012556754039706516,0.008015753629537943,7.926797589600929e-05,-0.05427826441405397,-0.007131621161362546,0.0012003051364073382,-0.18813763571258246,0.00037815664778229096,-0.0004587265486176717,-0.3904049339977538,0.009166707850267259,0.003662058075191249,-0.09377755794753437,-0.0029840018938905428,0.0035328489906610184,-0.34265377807294944,-0.011985995482502974,-1.0408340855860843e-17,12.0,-0.005677759927049411,0.020993596742763243,0.268,0.9145861032589873,0.36225842510845613,-0.024047688903723222,0.056798416861427024,0.442,0.8258839684026815,0.4105226242944041,1000.0,,,
GB,legs,24,centered,covid,24,0.017759999999999956,-0.05800195864985814,0.05024046337755128,0.025521495272306807,0.010839811140026311,-0.004519677215838388,-0.0010589603716709343,0.021276913375523177,0.41003836153203316,0.020255895059682397,0.03749529940754965,-0.1637663377273337,0.011078792747254125,-0.013504514258461008,0.2191845974608034,-0.0012712706652726626,-0.030586014392331315,0.7466218527531917,0.021236006607558353,1.3877787807814457e-17,3.0,0.0002556057906292283,0.044420536047456896,0.048,2.578332841097273,0.01680430449187863,-0.16558403624213322,0.03717770527812014,0.25,-1.9606475315075267,0.06214100512959221,1000.0,,,
GB,legs,24,centered,inflation_rates,36,-0.07553333333333329,-0.04932255873429074,-0.028260744998130312,0.0020499703990877246,-0.004166458851694993,-0.06058799844378301,-0.0034716923108287618,-0.011936239770635126,-0.1370148681979711,0.007695668430452706,-0.017165457414505512,-0.16537160800380393,-0.006664475802553295,0.0183226585804935,-0.04250389195075299,-0.002193200824658854,0.016995467855429856,0.2822364321172039,-0.023627044490542103,4.336808689942018e-17,4.0,-0.03259118100738607,0.03254126970253951,0.91,0.158378627245983,0.8750687564921931,-0.16470620822194657,0.05869526183261372,0.4,-0.8146023918423917,0.42080830304385813,1000.0,,,
GB,legs,24,centered,holdout,48,-0.05375499999999997,-0.043000824521921124,-0.0038107493378921175,-0.00694342614018676,-0.009603445680348155,-0.03633758740247048,-0.00469935849082449,-0.005125162208303804,-0.2698088062170875,0.012910351377487625,-0.002384142398262133,-0.10563391741743201,-0.003269369744069514,0.010399338977431935,-0.159158642709843,-0.007428729648481922,-0.00023001483070460294,0.035957550618048825,-0.0013236428320038151,3.209238430557093e-17,6.0,-0.03571716644906146,0.025768147729560688,0.706,-0.4562823750721574,0.6502884877839182,-0.12920029396276303,0.042166093043019576,0.346,-0.9925890704252972,0.32599312892632115,1000.0,,,
GB,legs,24,centered,last18,18,-0.14697333333333323,-0.1191516905389263,-0.01599410721177814,-0.011827535582628843,-0.023021440910254532,-0.007237813237551762,-0.000858887170856142,0.0018506344693252816,-0.4317799706935255,0.011139923243892928,0.003498194476546669,-0.0339380968665803,-0.003855367804043515,-0.004566887774009404,-0.35389193682706854,-0.019912319645469724,0.010411964155763145,-0.45146076315314054,-0.0025074558353016868,4.683753385137379e-17,,,,,,,,,,,,,,,
GB,legs,24,centered,last12,12,-0.19935999999999987,-0.14988817166267035,-0.04947182833732956,-1.925929944387236e-34,0.0,-0.04551088843508544,-0.006630936444991948,-1.925929944387236e-34,-0.4297264112202466,-0.015341232880562846,0.0,-0.018420108410067523,-0.0033524597306322833,0.0,-0.3735149608763482,-0.030889687264474,0.0,-0.5523502899261556,0.006742487983331511,4.163336342344337e-17,,,,,,,,,,,,,,,
GB,legs,36,backward_eom,post2010,199,-0.017920402010050237,0.0006967537964759025,-0.008772492211502576,-0.009844663595023569,-0.0014513538349973476,-0.06530739436216564,-0.008507945413870706,-0.0053513064591812045,-0.04355429346807661,0.00039001884904579163,0.003061320398485807,-0.2687099894633498,0.0009916613882506792,-0.001847871096242989,-0.025500538553592515,-0.0008548190582075625,,,,3.469446951953614e-18,12.0,-0.02846544046614477,0.011739540602505968,0.3712,-1.0004039190103753,0.31833609671756125,-0.04329682430266534,0.04282056166316877,0.9588,0.030878736700653886,0.9753973506918773,5000.0,-0.004255452603087835,-0.08287633942666073,-0.0007914079767207758
GB,legs,36,backward_eom,validation,151,-0.006529271523178793,0.007292864051709464,-0.010283309194814742,-0.0035388263800735184,-0.00025425059667741063,-0.05784661483637675,-0.007553465391071571,-0.005317510103189096,-0.0630620439375951,-0.0002149956305898926,0.0023198091489745215,-0.2871935319140637,0.004222315502312727,-0.0031689198020764114,-0.04119289000669891,-0.0012086157608323105,,,,2.168404344971009e-18,12.0,-0.027122297191529327,0.019876340160124052,0.782,-0.2773625820358449,0.7818835949263534,-0.04407580786698768,0.05419008398639371,0.78,0.29025426188038866,0.7720226055276306,1000.0,0.002882044972894879,-0.2083218765297003,-0.005528547914633694
GB,legs,36,backward_eom,pre_covid,120,0.011694000000000024,0.015717580477490212,-0.009803724947997857,0.005780144470507667,-0.0007501443993953635,-0.0411199595766996,-0.005402751488782557,0.0015187285251531675,-0.09850999614974384,0.00019800509226098521,0.0030670030988431602,-0.2667525293800472,0.006263349389843508,-0.003922045424116093,-0.056658502773554456,-0.0018028735582545027,,,,1.734723475976807e-18,12.0,-0.01870976153027082,0.029771803230432378,0.692,0.44737041652105114,0.6554208907946354,-0.03173972945143683,0.055355455435805445,0.482,0.6780725657718661,0.499042052958892,1000.0,0.005866602670022795,-0.24736334328425644,-0.009059454383065291
GB,legs,36,backward_eom,covid,24,0.017759999999999956,0.059585239386759394,-0.010576894424770009,-0.031248344961989465,0.009241083597955179,-0.14446387504183444,-0.03384788592230182,-0.03817516818620316,0.016883352481541273,0.0008340376125881373,0.01278466855111059,-0.3674737603708347,0.024859599889086967,-0.0008124815137138053,-0.011871285549793005,6.885345618879959e-05,,,,3.469446951953614e-17,3.0,-0.05622217689735982,0.0017432454607892412,0.07,-2.3778266869498705,0.02610954308336914,-0.0674971730443281,0.18915538064019122,0.368,1.4484343609797619,0.1609922268968917,1000.0,-0.014286447411138273,-0.08666217347971217,-0.002491499460332098
GB,legs,36,backward_eom,inflation_rates,36,-0.07553333333333329,-0.019918311610013437,-0.04148010496524954,-0.014134916758070352,-0.0030174910643723887,-0.07276610974396452,-0.0041694980883291615,-0.004430371646442328,0.16214342666547918,-0.009107055797711075,-0.014303004484274396,-0.2607039607624966,-0.010506369618728606,-0.005817771769733165,0.08411980866179164,0.004340582126948447,,,,3.9898639947466563e-17,4.0,-0.042555781498419196,0.008048853098423705,0.272,-1.3559481167662661,0.18380015954785847,-0.15033817443373146,0.10613306267852558,0.796,-0.2924153042131516,0.7716956078515249,1000.0,0.013433722206751927,0.2560087693275903,-0.022037763587429145
GB,legs,36,backward_eom,holdout,48,-0.05375499999999997,-0.020053509714779674,-0.03142140442898988,-0.0022800858562304306,-0.005246637354041628,-0.08877776328704313,-0.011481184237096844,-0.0023119384374763008,0.01781383821728363,-0.0008523921586970209,0.0027395042103468543,-0.2105638455038122,-0.006516951018342975,0.0014521962442477312,0.023864983725971334,0.001113898115409712,,,,1.6479873021779667e-17,6.0,-0.020231344003287008,0.01996667027055174,0.904,-0.21024670845131938,0.8343839383068755,-0.12752579305250364,0.07903674051130427,0.742,-0.3890291196659369,0.6990115983267312,1000.0,0.0010867894806929133,0.31175441270998466,-0.013684775130262753
GB,legs,36,backward_eom,last18,18,-0.14697333333333323,-0.13667657998071725,-0.03209274893951955,0.02179599558690353,-0.008100730053538499,-0.1061289000513401,-0.01259396280609235,0.003821465059631061,-0.16075023379755563,0.004147356031976923,0.0038949679581405496,-0.1676990143028317,-0.019050608024801647,0.01558120244489683,-0.05409023984875222,-0.0030434774954897917,,,,3.469446951953614e-17,,,,,,,,,,,,,0.006599090177773589,0.32103727568796336,-0.001552056645112688
GB,legs,36,backward_eom,last12,12,-0.19935999999999987,-0.16859604352912483,-0.06449146558407336,0.03372750911319829,-0.010690036854778626,-0.0967395258559975,-0.014094948917218837,0.003185415285221668,-0.17239010365397,-0.0061543267004467465,0.00781241931493136,-0.1618771090433659,-0.029461633845892544,0.022991991784222787,-0.08060594475109202,-0.00666611163091531,,,,2.7755575615628914e-17,,,,,,,,,,,,,0.010427719583601096,0.3217775654937269,-0.00811444448959992
Green leg,legs,36,backward,full_1970,679,0.07879846833578799,-0.004602249342570682,0.07941019637492469,0.003990521303433981,-0.000858070352011329,1.0212176594965052,0.07658861725783858,0.0007811642986432389,0.20646395906379644,0.0019758509661215768,0.0015010452367692744,0.051785056582155965,0.0019349154631987167,0.0038365763490157932,-0.036283428221783987,-0.0024990999377100215,-0.0012701942289829963,0.06519707911349518,0.0014099126254758225,1.734723475976807e-18,12.0,-0.0061502348334027375,0.012942358121187143,0.43,0.7600053281384083,0.4475155865572546,-0.021145287182024495,0.011567537681611924,0.554,-0.5649133093801233,0.5723195902126877,1000.0,,,
Green leg,legs,36,backward,post2010,199,0.12329366834170855,-0.016605450361564265,0.13404826873783404,0.005850849965438775,-0.0004831819249241837,1.0699034150055506,0.1393820706197783,-0.0009931611036566263,0.22963640364662083,-0.002056342066825519,0.007358266066663354,0.02207031866440871,-8.144945742282335e-05,0.002344876484744498,-0.10528089557547678,-0.0035291849156024653,-0.002375949557388267,0.038157916658274324,0.00033317455790655124,8.673617379884035e-19,12.0,-0.00795239187172461,0.019252051482681356,0.4444,0.8305011824689423,0.40725576243968487,-0.049253594030693494,0.011901009795301634,0.2632,-1.003759249787988,0.3167197764011174,5000.0,,,
Green leg,legs,36,backward,validation,151,0.12878940397350994,-0.016337266139503242,0.14013233961615448,0.004994330496858687,-0.0007690755779701294,1.0897627873434501,0.14229848232190903,-0.0004034321696996219,0.22799195759947397,0.0007772864885576727,0.004833411008920691,-0.046254870348826894,0.000680038491221164,0.00100555374496784,-0.12149428335775901,-0.0035646905495908317,0.00032787349063990756,-0.002532555727326943,-5.877713594259561e-05,-2.6020852139652106e-18,12.0,-0.008645860354673724,0.017027532274731257,0.486,0.7237289746500246,0.4703592996196371,-0.04038825748279102,0.009577131894244705,0.19,-1.1579558474818605,0.2487224666096989,1000.0,,,
Green leg,legs,36,backward,pre_covid,120,0.14484999999999998,-0.005834206681043686,0.14492206583943898,0.005762140841604672,-0.000769647290836888,1.126446276958211,0.14800377632953926,0.002410854722060085,0.2281633078675534,-0.0004586082488137826,0.0014581723804942479,-0.0645263387115566,0.001515078432947349,0.000517842841516326,-0.11488335690011782,-0.0036555884165617486,0.0021449181883709018,-0.01379627254169132,-0.0004825922576720784,1.734723475976807e-18,12.0,-0.00790504269021547,0.018432348652077317,0.496,0.775578064264406,0.4395367378991555,-0.033710626430866926,0.02135235130859399,0.64,-0.3961264635334745,0.6927211050846799,1000.0,,,
Green leg,legs,36,backward,covid,24,0.19442999999999994,-0.04705263426071317,0.229563878475385,0.01191875578532808,0.0026792868974454143,0.9380926697388509,0.21979511251981282,-0.011644592986804595,0.19243425651752655,0.009506252271965792,0.01410369538381746,0.0023342078045417735,-0.00015790915797725099,0.0015447490163702548,-0.16288861632495263,0.0009447539746847275,0.005235617474499547,-0.01843459032983992,-0.0005243311331010842,3.469446951953614e-18,3.0,-0.01137755528703698,0.034695457190325525,0.376,0.8178320212014338,0.4218451929862503,-0.13174605138241222,0.03676654919381268,0.276,-1.1435775019813528,0.264562361045171,1000.0,,,
Green leg,legs,36,backward,inflation_rates,36,0.03370666666666686,0.013891349129547138,0.025786813351824454,-0.005971495814704731,0.0027345913027202887,1.0052971214846815,0.05760352506107218,0.0011309032190414167,0.31944326815105406,-0.01794206356115086,-0.007848128428840941,0.1535836700724998,0.0061894219039217374,0.0006295041185138798,-0.0630629169672696,-0.0032540465155111104,-0.002618366026139374,0.20080383175514305,-0.01681002353650749,-3.469446951953614e-18,4.0,-0.016681810998544603,0.0040797024471500845,0.276,-1.187531235343984,0.2430151697353932,-0.06246907724810256,0.095149959834045,0.766,0.38842942799511093,0.7000510686272874,1000.0,,,
Green leg,legs,36,backward,holdout,48,0.10600500000000021,-0.01744911322679792,0.11773556647410177,0.005718546752696342,0.00033794386292024074,1.0074291395259083,0.130285773469188,-0.0025831779777333802,0.2348095568366035,-0.011235637294631467,0.005488616889910307,0.23700997576854577,0.007335458750036477,0.005674017856649855,-0.05427627984371377,-0.00253334536170534,-0.003198853879050682,0.16616336103797827,-0.006116683088785892,1.3010426069826053e-17,6.0,-0.008732190728670371,0.02155935988087506,0.49,0.6454530681113017,0.5217723576483505,-0.11782566559042335,0.08042505178342162,0.758,-0.32891280767423214,0.7436827464117445,1000.0,,,
Green leg,legs,36,backward,last18,18,0.033000000000000085,-0.13182943417520426,0.15364951083818362,0.011179923337020718,-0.0014072654890967527,0.9990537869116972,0.11855438271352134,-0.0035062719709144817,0.10541403528479128,-0.0027196821103476075,0.0030857337876490404,0.3544044738435682,0.04026034822862928,0.01274786201178709,-0.05607873419918809,-0.003155363444274317,0.0002598649975958205,0.1278021870401776,0.0007098254506549617,6.938893903907228e-18,,,,,,,,,,,,,,,
Green leg,legs,36,backward,last12,12,0.008860000000000045,-0.2263984746040243,0.21039212848329175,0.02486634612073263,0.0031731654287641088,0.9891495024700689,0.14411908250988906,0.0017846785337259567,0.08259420693699791,0.0029486131876508338,0.0026164813933286044,0.38302609434293916,0.06971074917041481,0.018301444974762875,-0.05794845227628242,-0.004792337003248556,-0.0010094242098489111,0.13058013238394156,-0.0015939793814144106,-5.551115123125783e-17,,,,,,,,,,,,,,,
Green leg,legs,24,backward,full_1970,679,0.07879846833578799,-0.0076063093428325075,0.08002168803580564,0.00638308964281485,-0.0001702582202037658,1.0228061194562126,0.07670774754387713,0.0016665578066193593,0.1965552971874166,0.0018810255097552787,0.000583763882553597,0.054003896211567294,0.002017820984456474,0.004775211629310041,-0.025510880320806024,-0.0017571172996926772,-0.0004721854554643822,0.05420531124696022,0.001172211297409436,1.734723475976807e-18,12.0,-0.005459637904689521,0.01617954398254517,0.26,1.1008873344333445,0.27133638113262826,-0.025475771889529573,0.009642486367742245,0.372,-0.856138895205267,0.3922234257099474,1000.0,,,
Green leg,legs,24,backward,post2010,199,0.12329366834170855,-0.021144824826545033,0.1333996413775084,0.011038851790745225,0.0004763320250164065,1.0565469826657294,0.13764205636287682,0.0017006411633767916,0.21473526133657814,-0.001922905707044132,0.006616071431316985,0.04000128197689391,-0.00014762282152678923,0.001117175711167752,-0.07467956510742943,-0.002503379110143921,0.0011286314598672913,0.03796529098350513,0.00033149265334641957,-4.5102810375396984e-17,12.0,-0.008049289103756909,0.030280784930166817,0.286,1.1504678647872146,0.2513387693268894,-0.06316572682207669,0.01380327683306367,0.216,-1.0934155702439532,0.2755398615699873,1000.0,,,
Green leg,legs,24,backward,validation,151,0.12878940397350994,-0.023102988542112103,0.13857769841733933,0.013314694098282707,-0.00011685538019289045,1.0725005313511793,0.14004442037587725,0.004367076496045768,0.2071633425985086,0.0007062760845676269,0.0019827095441984797,-0.050311232794410306,0.0007396750781694764,0.0010277187366697128,-0.09995506030441297,-0.0029327211865739816,0.006054044701561637,0.0008638196091129709,2.0048065298962843e-05,-3.469446951953614e-18,12.0,-0.00019742118716168785,0.025325443433380165,0.06,1.698815929317017,0.09142702213507689,-0.052015958434388776,0.00761692835386796,0.11,-1.430580653345824,0.1546303074515084,1000.0,,,
Green leg,legs,24,backward,pre_covid,120,0.14484999999999998,-0.009537335126370438,0.14314655778121824,0.011240777345152175,-0.0005263814180498122,1.1056356154721436,0.14526946351688483,0.005088066184242099,0.19161519039809788,-0.000385146532700177,-0.0028969599826164124,-0.07281922297602447,0.0017097953554770548,0.001246137195635289,-0.08873745098387593,-0.002823625690306932,0.008329915365941012,-0.01783678161967108,-0.000623928868136555,1.734723475976807e-17,12.0,-0.0030505446859263718,0.02427730309427508,0.152,1.4191543963422286,0.15846804687437172,-0.041828606630885876,0.021713906566742942,0.518,-0.573962460096445,0.5670764764037767,1000.0,,,
Green leg,legs,24,backward,covid,24,0.19442999999999994,-0.07489509957141373,0.2301935478338129,0.03913155173760069,0.008241358615804233,0.9315261357056682,0.2182565735958381,0.0005539809930879161,0.23924340923481036,0.011818624416199608,0.013008574873965298,0.00028494084165912637,-1.9276247938239902e-05,-0.0016502902533048307,-0.14997461480255744,0.0008698527658548351,0.018977927508048074,-0.025743844528370207,-0.0007322266961413789,5.551115123125783e-17,3.0,-0.003240240712743986,0.08486147082183036,0.104,1.417759234312833,0.1696675070868304,-0.17174038140376535,0.012159839884547228,0.094,-1.497665563870615,0.1478195394240548,1000.0,,,
Green leg,legs,24,backward,inflation_rates,36,0.03370666666666686,0.03368810869155791,0.025592573608281093,-0.0255740156331721,0.0008098288607202367,1.0136935145171089,0.05808463838183026,-0.00187791052265603,0.31562654903594545,-0.01772769117085226,-0.007728272762751178,0.20979508012030643,0.008454741728848343,-0.0038676578957838595,-0.08036526466260846,-0.004146847656590596,-0.012910003312701273,0.227827428145668,-0.01907226767495466,-4.5102810375396984e-17,4.0,-0.04292164676005229,-0.006667792919378582,0.012,-3.1303128939376106,0.0035141447008552457,-0.04763199689790869,0.11872487443067871,0.404,0.8352186000218966,0.4092600037438685,1000.0,,,
Green leg,legs,24,backward,holdout,48,0.10600500000000021,-0.014984768137990306,0.12329539376608903,-0.002305625628098543,0.002279542093588655,1.006359777426085,0.13014747821562833,-0.005466524428551266,0.2385552557000886,-0.011414868985249228,0.008221755598080485,0.32410940136162175,0.010031185972142174,2.0274931661910193e-05,0.00483293019974795,0.00022557701707323556,-0.007360673822878328,0.1546803363487805,-0.005693978453505475,3.382710778154774e-17,6.0,-0.025864897229379496,0.02517860982645779,0.788,-0.1346248649509121,0.8934833532471271,-0.13631397083741412,0.09533799425612725,0.852,-0.24023998923707812,0.8111890003052041,1000.0,,,
Green leg,legs,24,backward,last18,18,0.033000000000000085,-0.15764740237190297,0.1769655014615383,0.013681900910364746,0.0058495283736807666,0.9809098134974386,0.11640129786836263,-0.004374062311999471,0.13258492257786994,-0.003420691002509035,0.0017172186492197675,0.4948218138837983,0.056211758057199385,0.0051715166084333975,0.12722649804344302,0.007158610956577728,0.005317699591030288,0.1106436987958933,0.0006145255819075822,6.938893903907228e-18,,,,,,,,,,,,,,,
Green leg,legs,24,backward,last12,12,0.008860000000000045,-0.2773916855758059,0.24178089020783491,0.04447079536797101,0.013810300494114091,0.9817005690532264,0.1430337729110551,0.003561157509333618,0.08999126497015071,0.0032126881594343897,0.004851943231804353,0.5172792850021114,0.09414482987038411,0.015474344292638609,0.02630752514846363,0.002175632329777942,0.006773049840080337,0.06439249001431338,-0.0007860330628166166,1.3877787807814457e-17,,,,,,,,,,,,,,,
Green leg,legs,36,centered,full_1970,679,0.07879846833578799,-0.007453919943223317,0.07890161603496176,0.0073507722440495585,0.000561660685342297,1.01747548673596,0.07630796422113786,0.002331275530968271,0.19721133067697968,0.001887303721265118,0.002525970942005818,0.06708296465993055,0.002506511997950369,0.0031150322721452974,-0.04379538918698943,-0.003016502567513176,-0.001183167186412124,0.0562458457001053,0.001216338662121579,-8.673617379884035e-18,12.0,-0.0022152668118277583,0.016656391337376238,0.132,1.4801356062625617,0.1393015667498747,-0.02124535041201839,0.006331877229352483,0.284,-1.0333258451829637,0.30181987308810804,1000.0,,,
Green leg,legs,36,centered,post2010,199,0.12329366834170855,-0.015938948901009355,0.1315166757591839,0.007715941483534037,9.816905626527329e-05,1.0459808402535788,0.13626554817791942,0.0036662059165586403,0.1868007882180093,-0.001672758817108003,0.007007837050900673,0.06404966622081854,-0.00023637223554054973,-0.0012864855218060942,-0.09461111055723619,-0.0031715165643477947,-0.0017697850183844555,0.037997650373019894,0.0003317751982608147,-4.2500725161431774e-17,12.0,-0.0030350573467817386,0.01708901819576155,0.168,1.3835961854647858,0.16804000619393658,-0.04642231867544525,0.01140120403167803,0.258,-1.0713839555557354,0.28530100942723097,1000.0,,,
Green leg,legs,36,centered,validation,151,0.12878940397350994,-0.01588277770555998,0.13813702137291284,0.006535160306157063,0.0002998428042449281,1.0715366207880563,0.13991855536027983,0.0037150902199186496,0.20496266165162602,0.000698773365683818,0.0032840952456192002,-0.020392966037922445,0.0002998171165840255,-0.0008194890021439249,-0.09724518091580357,-0.002853212248538915,5.5621038518210514e-05,0.003149164553405483,7.308777890407381e-05,2.0816681711721685e-17,12.0,-0.00290177947884911,0.017344234574625486,0.2,1.1941499678790706,0.23430428933114242,-0.04323910918233085,0.01228682559420309,0.214,-1.131248192552051,0.2597560205442689,1000.0,,,
Green leg,legs,36,centered,pre_covid,120,0.14484999999999998,-0.0023781290346143067,0.14005796940948825,0.007170159625126016,0.0003270376696293744,1.094204235856386,0.14376749454917045,0.003375273466085822,0.17318478055201686,-0.0003481014089095541,-0.0008810026704624118,-0.06038444172668253,0.001417826691742506,-0.0006022169153124964,-0.09871068605012302,-0.0031409740301149144,0.004951068075185728,-0.04683479116967192,-0.0016382763924002218,2.7755575615628914e-17,12.0,-0.003257490292180342,0.01620488923524739,0.178,1.2826206748991524,0.2021177308869231,-0.03077649225750905,0.02706941938580893,0.808,-0.16079209992209798,0.872529794036366,1000.0,,,
Green leg,legs,36,centered,covid,24,0.19442999999999994,-0.05565399954526211,0.24229176013434361,0.007792239410918446,0.003718718483139534,0.973529808244411,0.22809803407166557,0.003683197256910734,0.3287171393108565,0.016238626681956275,0.009502311739238368,0.1190583323269307,-0.008054296181916863,-0.0017721001835561995,-0.1003273418944095,0.0005818985829875765,-0.0073398878848139875,0.19082155725630412,0.00542749697965109,-1.734723475976807e-18,3.0,-2.229649541948378e-05,0.014987745305773565,0.056,2.4260572284994777,0.023513756531483722,-0.11696222832577705,0.010234769882116046,0.1,-2.2345321155796696,0.035454335094356575,1000.0,,,
Green leg,legs,36,centered,inflation_rates,36,0.03370666666666686,0.0007564479431087154,0.04214376065940898,-0.009193541935850832,-0.00044433029605330513,1.0151605587926138,0.058168700018816695,0.0002773911499556543,0.20291793791036233,-0.01139722417929868,-0.0009676531629741206,0.2660755422637423,0.010722844353228808,-0.004120465842095116,-0.041115417749795116,-0.0021215555558894276,-0.003938483784683944,0.15802682745842134,-0.013229003977448422,-8.673617379884035e-18,4.0,-0.03541260520423905,0.011261357414328146,0.43,-0.772561555307877,0.4449678653129645,-0.07928514927960327,0.0782430395167385,0.966,0.019693171111664718,0.9843999797701156,1000.0,,,
Green leg,legs,36,centered,holdout,48,0.10600500000000021,-0.016115654120027138,0.11941043724309608,0.0027102168769312807,-0.0006369553799537081,0.9655866139888681,0.12487448885411026,0.0005837651985467825,0.129666561374757,-0.006204544961782117,0.006595002660348286,0.3296921135347746,0.010203970913901255,-0.002899219261062275,-0.08632476422090953,-0.004029208370010953,-0.0009323763409478049,0.14762517868055694,-0.005434269193122388,-1.5612511283791264e-17,6.0,-0.008715371245279002,0.016465422501788864,0.746,0.40044980397498336,0.6906397412144148,-0.09841824385925693,0.06665081667788075,0.718,-0.3687747851835289,0.7139516412874949,1000.0,,,
Green leg,legs,36,centered,last18,18,0.033000000000000085,-0.10800964546542355,0.14100964546542366,-8.024708101613482e-34,-7.703719777548943e-34,0.8913254417524156,0.10577061908795325,0.0,0.06299610952148638,-0.0016252996256543438,0.0,0.39767879409493356,0.04517631100918437,0.0,-0.16285881212719927,-0.009163522495690413,-3.209883240645393e-35,0.1533170632598487,0.0008515374896307889,-2.7755575615628914e-17,,,,,,,,,,,,,,,
Green leg,legs,36,centered,last12,12,0.008860000000000045,-0.1802926677797508,0.18915266777975093,4.81482486096809e-35,7.703719777548943e-34,0.8913254417524157,0.12986611686332697,0.0,0.06299610952148638,0.00224896110991707,0.0,0.3976787940949336,0.0723775405252778,-7.703719777548943e-34,-0.16285881212719924,-0.013468423762919377,4.81482486096809e-35,0.15331706325984865,-0.0018715269558515274,-8.326672684688674e-17,,,,,,,,,,,,,,,
Green leg,legs,24,centered,full_1970,679,0.07879846833578799,-0.015846765762581733,0.07943220289061054,0.015213031207759208,-0.0017478085536865259,1.0175906487205806,0.0763166010646949,0.0031552031683676996,0.19119164133621705,0.0018296955602396755,0.007027548903093853,0.06695614701397892,0.0025017735378548593,0.006832019865083101,-0.03162939301630695,-0.0021785431529152233,-5.3932175098920184e-05,0.04451598944710308,0.000962675880736314,-2.0816681711721685e-17,12.0,0.0047264914138319195,0.02545828395609144,0.002,2.781941424857238,0.005553706477536311,-0.03154983147596128,-1.3959633023077609e-05,0.05,-2.0985971228556797,0.03622177536763885,1000.0,,,
Green leg,legs,24,centered,post2010,199,0.12329366834170855,-0.01988290234597373,0.1311433635150292,0.012033207172653163,-0.0036163720725569497,1.0372102683647484,0.13512295861961013,0.0009480651734070872,0.17984110915722074,-0.001610436464915414,0.011289717100435546,0.07106061806996256,-0.00026224581864613464,0.004334773579756896,-0.070261977988448,-0.0023552944862579844,-0.0009229766083894173,0.028446730570211427,0.00024838166523857586,-8.673617379884035e-17,12.0,-0.0005379725499956228,0.023978172455114768,0.066,1.929668114197044,0.05507714313675435,-0.05026853494891327,0.00546587336786754,0.154,-1.408623135514965,0.16051500698152332,1000.0,,,
Green leg,legs,24,centered,validation,151,0.12878940397350994,-0.01975239350413578,0.1381556668013024,0.01038613067634331,-0.0018229682676384662,1.065496218931038,0.13912981488680168,0.0011694579373922758,0.1922022558700348,0.0006552696776284331,0.009240209793566007,-0.03198130636815329,0.000470188742631128,0.0018244782441885305,-0.0816024106108067,-0.002394247152119987,-2.5047031165037794e-05,0.012695308209198463,0.00029464064636113626,-1.734723475976807e-18,12.0,0.0002870692887777042,0.020446984642852092,0.046,1.8260923575372552,0.06982484404573057,-0.04399031805132392,0.005974395918086935,0.11,-1.5136930424245023,0.13220792096140876,1000.0,,,
Green leg,legs,24,centered,pre_covid,120,0.14484999999999998,-0.006200209453175858,0.14068741806228652,0.010362791390889352,-0.0012766894508203493,1.0861967856722936,0.14271539566948255,0.002251221080330579,0.1508589348375039,-0.00030322645902338297,0.0020303481373323802,-0.07274088234769423,0.0017079559175238609,0.002367357771665754,-0.07521294753485641,-0.0023932759905591306,0.004990553852380987,-0.029715094208252506,-0.00103943107513742,-2.0816681711721685e-17,12.0,-0.0014792215105891378,0.019215776093764146,0.09,1.7286290506866224,0.08646910759770891,-0.03311194358126051,0.021457579857892557,0.61,-0.45245043262588114,0.6517682591267183,1000.0,,,
Green leg,legs,24,centered,covid,24,0.19442999999999994,-0.06325577498825732,0.2414506311244355,0.016235143863821896,0.002754172595925501,0.9683157716587573,0.22687638529964688,-0.0021550492951620094,0.31813345053811964,0.015715792456583076,0.02895221144245244,0.09599124369318672,-0.006493807635844081,-0.0016227052328111617,-0.12137524108273978,0.0007039763982798924,-0.011693485646582876,0.16342577625911428,0.004648284605769689,-9.71445146547012e-17,3.0,0.0013812009145829892,0.029599298360383997,0.032,2.682097307829691,0.013308152411119491,-0.12720798624277482,-0.0001053677607036955,0.05,-2.7818148375035205,0.010603476070746964,1000.0,,,
Green leg,legs,24,centered,inflation_rates,36,0.03370666666666686,-0.01210829775324817,0.04574269881104214,7.226560887289027e-05,-0.003997681510642103,1.0120489394170349,0.05799040422859602,-0.0048249476679504116,0.2502728674248622,-0.014056992720363088,-0.010999076533558895,0.3213607344641883,0.01295083759890678,0.018994698419706815,0.04416450864243508,0.0022788886459496494,0.0008992729013174851,0.1603136103614831,-0.013420438942047232,-5.692061405548898e-18,4.0,-0.04316085667949952,0.03782765215992216,0.98,0.003654197461853883,0.9971051277901327,-0.08199784226542171,0.060589110022137675,0.68,-0.34487657362314555,0.7322511034801594,1000.0,,,
Green leg,legs,24,centered,holdout,48,0.10600500000000021,-0.020293461410922295,0.12363111238790349,0.002667349023019006,-0.009369571133880712,0.9482273822082949,0.12262950620408763,-0.0017416730993210562,0.14095500178982653,-0.006744696835643193,0.002938909794589129,0.3952133386982018,0.012231852832709321,0.011613330449985727,-0.03458686703061136,-0.0016143420186537853,-0.0007736469883540826,0.07799808008089802,-0.0028712077945965064,-3.0357660829594124e-18,6.0,-0.02749980691424375,0.0325036992714986,0.928,0.1647107954023167,0.8698779851940426,-0.09775581653401548,0.05844985690643489,0.634,-0.4771650231315567,0.6354560224513256,1000.0,,,
Green leg,legs,24,centered,last18,18,0.033000000000000085,-0.08435386830383225,0.14179161764957016,-0.024437749345737822,-0.024073930655321155,0.8514072880135879,0.10103366484427903,0.0017595161137646807,0.05361481659631858,-0.0013832622681850153,0.003658311652952447,0.47213767965595665,0.05363484040891658,-0.007861870052898394,-0.20116385446509666,-0.011318819544569439,0.002080223595764605,-0.031473318348881146,-0.0001748057908709994,0.0,,,,,,,,,,,,,,,
Green leg,legs,24,centered,last12,12,0.008860000000000045,-0.17864833997193535,0.1875083399719354,4.333342374871281e-34,-3.851859888774472e-34,0.8108680800285538,0.1181434792601603,4.81482486096809e-35,0.0627058593260796,0.002238599177941048,0.0,0.4622660932196068,0.0841324289659683,7.703719777548943e-34,-0.21129582277647638,-0.017474164543614595,0.0,-0.038338717228688486,0.00046799711148035397,-4.333342374871281e-34,,,,,,,,,,,,,,,
Green leg,legs,36,backward_eom,post2010,199,0.12329366834170855,-0.013544506181654608,0.13289402721361665,0.003944147309746531,0.00035271634716773053,1.0574561155146747,0.1377604939874112,-0.0008611281248350785,0.24622430368015602,-0.0022048829605931563,0.007489414852973762,0.016490399445507026,-6.085703192351974e-05,0.0017602380918055396,-0.09217250389113868,-0.003089770547522653,,,,-1.5612511283791264e-17,12.0,-0.009020566942516172,0.016329025501917286,0.5772,0.558953314534583,0.5768252121843692,-0.0445496032525402,0.013714447062924406,0.3456,-0.8401913009111595,0.40181453760647884,5000.0,-0.004797093857365422,0.05121272258808504,0.0004890437662448264
Green leg,legs,36,backward_eom,validation,151,0.12878940397350994,-0.015952460793795288,0.1400225479024726,0.004719316864832598,0.000436779159900821,1.0886981629142758,0.14215946634313475,-0.000388440621841496,0.241161235089924,0.0008221841312867035,0.0058087462523806165,-0.047049021358654144,0.0006917140888490878,0.0005015118745011645,-0.11301061350150086,-0.0033157763050135724,,,,2.5153490401663703e-17,12.0,-0.012732590542607619,0.01859180282271595,0.566,0.5862431129981087,0.5585932913151831,-0.04218610046177493,0.011992942863647545,0.23,-1.0716963928591565,0.2855776812992783,1000.0,-0.0016392798001085077,-0.012624695798591146,-0.00033504035578440583
Green leg,legs,36,backward_eom,pre_covid,120,0.14484999999999998,-0.003385957291313175,0.1440994489353974,0.0041365083559158,-0.00021592360712989722,1.1243503202123888,0.14772838857270565,0.001862346509577742,0.24359797707398745,-0.0004896319339187151,0.0020633487331780647,-0.06980175840985056,0.0016389452874632914,0.00022237570519207696,-0.10430095777814309,-0.003318856476500513,,,,-4.7704895589362195e-17,12.0,-0.011662994377313739,0.019290656078656456,0.688,0.4850220805689254,0.6285523520419446,-0.032562784835026296,0.023820537185725445,0.812,-0.2204312715224751,0.8259130247615735,1000.0,0.00020436101509781307,-0.03984800692218329,-0.0014593965143523575
Green leg,legs,36,backward_eom,covid,24,0.19442999999999994,-0.04866417952834112,0.23178232146477984,0.011311858063561223,0.006369431504861106,0.9430402149341764,0.22095432235907758,-0.009208332091279829,0.20100074647517033,0.009929436875873394,0.021010840053457984,0.0306304370903983,-0.002072149069165445,0.00022713748115859786,-0.15816550603408733,0.0009173599349977087,,,,-3.469446951953614e-18,3.0,-0.013441469479319396,0.03739891140463447,0.438,0.7382974617938436,0.4678008602863814,-0.13655360875623115,0.036470768456495634,0.262,-1.1701588534902583,0.25391982417158643,1000.0,-0.007087218884636636,0.07142200709036393,0.0020533513639966004
Green leg,legs,36,backward_eom,inflation_rates,36,0.03370666666666686,0.010049860308187965,0.026832845451295776,-0.0031760390928168587,0.0025621547203814265,0.9942817971527081,0.0569723469768501,0.0011760716428419406,0.3289116386493888,-0.01847387037080733,-0.008825902436779406,0.144512343560407,0.005823847445484398,0.0004300755197395031,-0.05695710479097776,-0.0029389866072144517,,,,-2.6020852139652106e-17,4.0,-0.01526826678810908,0.00779693168880107,0.608,-0.5739215769350197,0.5696910164898576,-0.06983291008996326,0.09159228685006736,0.862,0.26341558141590654,0.7937749397108961,1000.0,0.001481561460999677,0.16903047051326392,-0.014550491993016938
Green leg,legs,36,backward_eom,holdout,48,0.10600500000000021,-0.005969482297628743,0.10589222208040178,0.006082260217227164,-3.482817235615082e-05,0.9591738414034284,0.12404515703949827,-0.0015316885957381329,0.262151873620261,-0.012543967152729476,0.0036513969018721,0.21637482739193067,0.006696800907780241,0.004583641965870067,-0.026619284075207625,-0.001242455084210316,,,,8.673617379884035e-18,6.0,-0.008718202865065607,0.02106541874338832,0.476,0.7466497268651442,0.458993844704279,-0.10115797499430466,0.08994221237394252,0.93,-0.1209568270306117,0.9042408692020313,1000.0,-0.0005862618824207192,0.2520346012628372,-0.011063313629936958
Green leg,legs,36,backward_eom,last18,18,0.033000000000000085,-0.10347265267574404,0.13519910848534689,0.0012735441903972587,-0.003267665821003356,0.8940677386416218,0.10609603831880572,-0.001247776155162926,0.1549700180246526,-0.003998226465036026,0.0012219563262748914,0.3088306860027288,0.035083165929909926,0.009149220891163214,-0.0023251303371412987,-0.00013082733363648373,,,,-1.7564075194265172e-17,,,,,,,,,,,,,-0.004582191050874564,0.38288130230390943,-0.00185104196469626
Green leg,legs,36,backward_eom,last12,12,0.008860000000000045,-0.18976130471222247,0.17931279944802161,0.019308505264200918,0.0033570164133291352,0.8722569889431989,0.1270878432890241,0.0028844928879428306,0.13404692250030342,0.004785475133260846,0.003456233025226905,0.3211182762896189,0.05844352628471054,0.014094332953852384,-0.0073360873552411375,-0.0006066944242784421,,,,-3.122502256758253e-17,,,,,,,,,,,,,-0.004483570016150333,0.412306011022749,-0.010397350834695446
Brown leg,legs,36,backward,full_1970,679,0.08381160530191466,-0.016454280805369887,0.08866717126741652,0.011598714839868006,-0.00032338383503436295,1.0691167375262,0.0801809211316556,-0.0008764491593946927,0.21411586968747173,0.002049079412708678,0.0069185494405362615,0.2773940573105419,0.010364651239457092,0.0007754497328032765,-0.04908619298894885,-0.0033809181726509045,0.0051045486609575235,-0.025274096935019703,-0.0005465623437539568,1.214306433183765e-17,12.0,-0.0028774008787030157,0.02751081658031387,0.122,1.655443696979112,0.0982972810611573,-0.03352501462824612,0.002068698182128926,0.086,-1.7231727262163385,0.08531323434206825,1000.0,,,
Brown leg,legs,36,backward,post2010,199,0.14121407035175879,-0.02376158549662967,0.14188344498139263,0.02309221086699584,0.002976849187217436,1.12432471759876,0.14647182632564984,0.004639971049747438,0.2926965281695188,-0.0026210312221009173,0.004136671348650358,0.2734994459994715,-0.0010093366489548393,0.0038927349671128955,-0.05151198320543169,-0.0017267645103858982,0.007445984314267711,0.08804375157623393,0.0007687510371844442,-3.469446951953614e-18,12.0,0.0040953477660612995,0.04123046214475812,0.014,2.3501659192655335,0.019749090099468396,-0.058865216196734085,0.009879998780793433,0.1876,-1.3230873975699369,0.1873322141558154,5000.0,,,
Brown leg,legs,36,backward,validation,151,0.13531867549668872,-0.03273246688077813,0.14994445779432325,0.0181066845831436,0.002242750291527789,1.1451290030506345,0.14952806343675473,0.005296166831288893,0.30976507815735754,0.0010560732598371312,0.0029425155992729643,0.22600145662668983,-0.003322670421928819,0.004219105632352796,-0.04923384444502365,-0.001444540559133992,0.0034061462287011566,0.17784474929307661,0.004127532078794225,0.0,12.0,-0.005143114767988754,0.04317340805553026,0.14,1.329692644118244,0.18563809373049422,-0.07809716245150078,0.007295883065507289,0.128,-1.5943916014352324,0.11295325805449376,1000.0,,,
Brown leg,legs,36,backward,pre_covid,120,0.13315599999999997,-0.0263209563359605,0.15739852307222402,0.0020784332637364135,0.0022082011610450258,1.1696726099178747,0.15368328421710944,0.0006462466888282215,0.3593316104794956,-0.0007222565370637866,0.0012333097300869969,0.20801063681097637,-0.004884089752321725,0.0042711572107314655,-0.014912215503051551,-0.0004745066973071003,-0.006280481526955296,0.28004915276706566,0.009796091841807198,2.6454533008646308e-17,12.0,-0.01507802336936131,0.01885511326923489,0.832,0.20579052198161588,0.8373061869801155,-0.060786508743688225,0.010298304642558894,0.16,-1.386066756880158,0.16831830747662693,1000.0,,,
Brown leg,legs,36,backward,covid,24,0.17667000000000005,-0.10675079142169461,0.23292185684156225,0.05049893458013233,-0.0027789709179305297,1.0641880999792617,0.24933927182514104,0.030271517146784353,0.15116187481198476,0.007467396615712032,0.00017671190306380296,0.29134846691530597,-0.01970972378682045,0.0032905333502505725,-0.16178658155955217,0.0009383621730454048,0.01953914309796414,-0.1797801993896427,-0.00511344998551583,4.85722573273506e-17,3.0,0.010852384878806893,0.07296718607995055,0.012,2.9891759468717436,0.006554708503023119,-0.22411074994817323,0.012877080106288736,0.088,-1.8266651585865044,0.08075817850094459,1000.0,,,
Brown leg,legs,36,backward,inflation_rates,36,0.10924000000000017,0.010586629095158227,0.07886109661905044,0.019792274285791493,0.006954386353952251,1.055354703185453,0.06047182449252638,0.005607967950042006,0.15784492153840482,-0.008865623093073734,-0.0022293035848811584,0.3634776865184208,0.014648150766692347,0.005734576520697734,-0.14397513692757366,-0.007429117065462799,0.003724647045980665,-0.23933802095316103,0.020035861518368236,6.938893903907228e-18,4.0,-0.001970332739381212,0.04220408501166412,0.078,1.9643272687054454,0.05747199912311312,-0.08470947942282261,0.08563426711295694,0.794,0.25269600776617673,0.8019813730574664,1000.0,,,
Brown leg,legs,36,backward,holdout,48,0.15976000000000015,0.0044593121910040355,0.14301185025712151,0.012288837551874607,0.005204230911447667,1.058877902948072,0.1369393847987593,-0.00017666853777610712,0.23900171466610928,-0.011436232046773317,0.001071931834362543,0.42292020423468085,0.013089380321063345,0.00299025819018815,-0.05867862805588194,-0.0027388249645082896,0.003199085153652353,-0.1944552204080003,0.007158142148580486,-8.673617379884035e-18,6.0,-0.010061779323768815,0.030820197986744256,0.33,1.168350236815111,0.24855783836733525,-0.06753984640243273,0.07646258423398981,0.912,0.13602871674290937,0.8923795520190823,1000.0,,,
Brown leg,legs,36,backward,last18,18,0.17997333333333337,0.015075544554543213,0.17352754292918707,-0.008629754150396964,0.005420840591697485,1.042311533457454,0.1236876353036178,-0.0066372154580084195,0.2951200910730366,-0.007614098349684323,-0.0012364590043729207,0.4999134931675759,0.05679017282383651,-0.0058485693539035745,0.028284473753917405,0.0015914730565537527,-0.0003283509258095346,-0.16701910103789183,-0.000927639905136661,5.724587470723463e-17,,,,,,,,,,,,,,,
Brown leg,legs,36,backward,last12,12,0.20821999999999996,-0.052495396776058606,0.2599674021836962,0.0007479945923624336,0.012868729505868964,1.0236639869445379,0.14914784289781918,-0.0006923813890317028,0.2795017648126926,0.009978213003813154,-0.004092707636465341,0.5206714302103592,0.09476220029828522,-0.007725245045432197,0.044025961877074526,0.0036409470472340633,0.0003895991574227125,-0.1997393088170676,0.0024381989365445385,-2.2659825404947043e-17,,,,,,,,,,,,,,,
Brown leg,legs,24,backward,full_1970,679,0.08381160530191466,-0.018589640837722916,0.08949222396612927,0.012909022173508294,-0.0003590918846236059,1.0642133872988357,0.07981318286317532,0.0007350805491860077,0.22286606251459984,0.0021328183714578366,0.006526876597027258,0.2729812998009798,0.010199771382136631,-0.0010076711808176416,-0.031358929217463694,-0.002159914371238078,0.007013828092736275,-0.022826601156559042,-0.000493634279402433,1.734723475976807e-17,12.0,-0.0035773942107168917,0.032147539266344116,0.164,1.532511863175629,0.1258626281125176,-0.03730288742947159,0.002992058744572698,0.08,-1.7403929214097156,0.0822437442386454,1000.0,,,
Brown leg,legs,24,backward,post2010,199,0.14121407035175879,-0.027908214004783126,0.14059704927338185,0.028525235083160065,0.0055027059976826605,1.1065931900910235,0.14416184489684297,0.013554749803805343,0.31616997490079307,-0.0028312306295136345,7.101776414941581e-05,0.32267162844152325,-0.0011908042408414875,0.0029516579995978835,-0.015830759656571443,-0.000530672520186215,0.0064451035179247645,0.11314385801495981,0.0009879117670802276,6.938893903907228e-18,12.0,0.004963704162506197,0.05265241347335908,0.01,2.24459970299064,0.025900140403977385,-0.06660133099178094,0.012372040047370697,0.162,-1.4057613924169305,0.16136224364355456,1000.0,,,
Brown leg,legs,24,backward,validation,151,0.13531867549668872,-0.041283799431300505,0.14746737551147338,0.029135099416515826,0.00666653054364604,1.1268082979713034,0.1471357918725813,0.018093473554451858,0.3044221566934885,0.0010378577898397818,-0.0014497249648044493,0.2754770538825223,-0.004050059997478144,0.00047831626694398006,-0.033771531204065564,-0.0009908701446787556,0.0053465040162783955,0.18676918635930553,0.004334655991209187,2.0816681711721685e-17,12.0,-0.002986206941686858,0.060946394428123364,0.08,1.6854336640938834,0.09398414096164229,-0.08960227345595824,0.0018054240289729,0.06,-1.8552676907147456,0.06552070150700579,1000.0,,,
Brown leg,legs,24,backward,pre_covid,120,0.13315599999999997,-0.027786473357165827,0.15726221209926694,0.003680261257898833,0.005875840183940708,1.1588252827819538,0.15225805390472083,0.009178363674976545,0.3616826015698584,-0.0007269820291554156,-0.0019211273982802065,0.2747832769170093,-0.0064519113420113796,0.002774631170092636,0.015791846242589194,0.000502496547439188,-0.012227446372830852,0.3339218935000512,0.01168055501827376,2.6020852139652106e-17,12.0,-0.018818220421180677,0.02336213278244342,0.726,0.2972390167197353,0.7668022747711188,-0.06634258049722161,0.01320414900276923,0.218,-1.2939066064657738,0.19820331962382312,1000.0,,,
Brown leg,legs,24,backward,covid,24,0.17667000000000005,-0.12693212082375588,0.2177739454931812,0.08582817533057466,-0.00037516707813647476,1.019873816323645,0.23895643516463008,0.06373233901475837,0.12540706708888724,0.006195109114191017,0.0036448422468448264,0.29368468948144183,-0.019867769243419542,-0.01039270793020814,-0.18165902791870325,0.0010536223619284813,0.02921886907731607,-0.3010763956139851,-0.008563451904148821,8.326672684688674e-17,3.0,0.02662833459717313,0.11828063123254133,0.008,4.468784858779082,0.00017497785611297973,-0.2572359224582281,-0.0015178517202761271,0.05,-1.987053715930266,0.05895370683826423,1000.0,,,
Brown leg,legs,24,backward,inflation_rates,36,0.10924000000000017,0.013451505866616989,0.07243125465211421,0.023357239481268957,0.016463953829753096,1.064965037465194,0.061022496646755534,-0.00158104053536142,0.2590213189847653,-0.014548364082977645,-0.01370723643101025,0.3635212760972312,0.014649907426718409,0.004469279013103032,-0.09424938118051801,-0.0048632680689147285,0.0177122836047845,-0.1931642086383389,0.01617048273053263,1.3877787807814457e-17,4.0,-0.024940354982102664,0.07329636482803129,0.376,0.9603735306120673,0.3434552803039342,-0.0930712041346132,0.09611482344825462,0.738,0.3136741643691109,0.755630415333012,1000.0,,,
Brown leg,legs,24,backward,holdout,48,0.15976000000000015,0.014169148482802745,0.13882693414926034,0.006763917367937111,0.0017618583160508173,1.0429998298843095,0.1348859529997882,0.001171053736089626,0.3531266530112723,-0.016897110346589365,-0.0019227590675528995,0.4711378942417137,0.01458171782678101,0.009754036824303824,0.04060791750325383,0.0018953745494643727,-0.004000272440954258,-0.1184691540682945,0.004360999119816095,-3.2959746043559335e-17,6.0,-0.02406381371989663,0.04058908415258363,0.744,0.3922922948353959,0.6966156358759271,-0.061365356878870035,0.08631759151540633,0.764,0.3846835395101194,0.7022071153465977,1000.0,,,
Brown leg,legs,24,backward,last18,18,0.17997333333333337,0.011701777971653038,0.1773610259715,-0.009089470609819659,-0.00839471269645245,0.9505397744856214,0.11279738657229367,0.014277917498047521,0.3861245948686777,-0.009962014547611857,-0.009682481810287743,0.5881228040537674,0.06681075054050785,0.009849775978591019,0.15280344480426927,0.008597740494320218,-0.015139969579718006,-0.15895247281389926,-0.0008828370880098971,3.469446951953614e-18,,,,,,,,,,,,,,,
Brown leg,legs,24,backward,last12,12,0.20821999999999996,-0.07380301648357204,0.2632504437415707,0.018772572742001357,0.019746917044762537,0.8741551145500325,0.12736440018993972,0.0023274649330416804,0.43496138645082166,0.015528121496294376,-0.004408230978822084,0.5755375676098515,0.1047478373049928,0.01255489919720423,0.18038898000581308,0.014918168646480741,-0.011448477454185004,-0.05668234953004573,0.0006919161038630467,-7.632783294297951e-17,,,,,,,,,,,,,,,
Brown leg,legs,36,centered,full_1970,679,0.08381160530191466,-0.006487667622484454,0.08924832378215439,0.0010509491422447143,-0.003562452523869601,1.0630993928439167,0.0797296362322081,-0.003953790433234242,0.21985084633655125,0.0021039628858540668,0.00351414877069475,0.2874232303677012,0.010739384865568071,0.0010559897565068314,-0.041010315541245804,-0.0028246745701130593,0.003997053572146976,-0.023120299921117648,-0.000499985631362802,1.1058862159352145e-17,12.0,-0.011099304445426277,0.013480273708722946,0.904,0.17343960262381733,0.8623576657530475,-0.020324288019536972,0.008563736771276443,0.398,-0.8276215813934179,0.40817604523265333,1000.0,,,
Brown leg,legs,36,centered,post2010,199,0.14121407035175879,-0.004250257509923939,0.13695177717152426,0.008512550690158443,-0.0025652426509510835,1.0821451634933987,0.14097686901775702,-0.0015156953326045447,0.2892476187007236,-0.0025901470177120073,0.0017443948477893871,0.33699921621026746,-0.0012436795195217177,0.002523298319818799,-0.02459017431689738,-0.0008243021850912515,0.008325795506105887,0.07250063903834067,0.000633036876092229,2.2551405187698492e-17,12.0,-0.00618657088749523,0.02141067232633261,0.274,1.078771211900409,0.28200214970932236,-0.03180472979925848,0.024711883598369507,0.718,-0.2939118679364361,0.7691331158216351,1000.0,,,
Brown leg,legs,36,centered,validation,151,0.13531867549668872,-0.013152543508874513,0.14328288903971648,0.005188329965846715,-0.0033123621948789933,1.115596518828412,0.14567178596717587,-0.0011805264748156413,0.26181187576748227,0.0008925877724841004,-0.0014584247758742774,0.28712674237896113,-0.004221333563452278,0.0032281930367919214,-0.0658973735359986,-0.0019334551239330346,0.007911450374623706,0.12380328427118331,0.0028733039874418304,3.9898639947466563e-17,12.0,-0.013848234916354998,0.024466784652161892,0.642,0.5114809758000346,0.6097664150156081,-0.04336391639763358,0.015919795368699877,0.35,-0.8683119082657066,0.38661071657656704,1000.0,,,
Brown leg,legs,36,centered,pre_covid,120,0.13315599999999997,-0.019597589363860062,0.14926663619720876,0.00348695316665125,-0.0012618106769163818,1.1360839085403034,0.14927006474311036,0.0015994466618780606,0.31774584153630203,-0.0006386691414879674,-0.001790883631616235,0.26957097171560646,-0.00632952641588244,0.0017011387092465053,-0.026045201898140257,-0.0008287583243988229,0.003239062104059301,0.22280009238620516,0.0077935253358676435,1.3010426069826053e-17,12.0,-0.005567812030923305,0.012178590115563092,0.45,0.594606186738915,0.5532356089141376,-0.04689358305219027,0.010518054947425776,0.188,-1.2707324110147618,0.20630245415273013,1000.0,,,
Brown leg,legs,36,centered,covid,24,0.17667000000000005,-0.02887968969563417,0.20930659094971052,-0.003756901254076318,-0.006945556626080785,1.0155063597173457,0.23793314008177413,-0.008504159543318533,0.02410532934430919,0.0011908032696088717,-0.012074285617795,0.3363688023469063,-0.022755349478768214,0.007996467506503627,-0.24777130160325458,0.0014370735492988801,0.01577063302661437,-0.2988130649812882,-0.008499076472203182,2.3418766925686896e-17,3.0,-0.013810204330637501,0.00724864278301279,0.506,-0.8246912551661693,0.4180181173445711,-0.10071926077307997,0.04110715899751607,0.448,-1.2307649564453245,0.2308494163777321,1000.0,,,
Brown leg,legs,36,centered,inflation_rates,36,0.10924000000000017,0.042112322881811715,0.07621543760589815,-0.009087760487709678,-0.0015804960539881462,1.0734265239558296,0.06150733982266896,0.004073522009873095,0.297607761047539,-0.0167156359121701,0.000386292116991065,0.4487787854923773,0.018085785055342796,-0.006719489072806105,0.0016448981898455107,8.487674659602835e-05,-0.005247589487779588,-0.15831433031331513,0.013253071893460458,-1.3877787807814457e-17,4.0,-0.023357928013001617,0.008563173558638741,0.338,-1.1197017995949383,0.27046614101888755,-0.046454304370632214,0.11484674042103378,0.328,0.990464917097895,0.32874531445071153,1000.0,,,
Brown leg,legs,36,centered,holdout,48,0.15976000000000015,0.02375485052844142,0.13184435817611184,0.004160791295446919,-0.0003467309102140187,0.9769127748353365,0.1263392446055798,0.0018540185869496918,0.3755558933448786,-0.017970349496552424,0.00465756898197262,0.4938897068045853,0.015285886425601886,-0.0019467376989086933,0.10535538989319194,0.004917462823264734,-5.7327664352680834e-05,-0.08888893242331024,0.0032721138182178707,-3.2959746043559335e-17,6.0,-0.022083907590651018,0.02678812858577428,0.79,0.36349171740791203,0.7178675224820462,-0.041366992111934835,0.09125292108136365,0.498,0.7375142327054413,0.4644759496225076,1000.0,,,
Brown leg,legs,36,centered,last18,18,0.17997333333333337,0.016031226016289618,0.16394210731704373,-5.135813185032629e-34,0.0,0.8421742639328325,0.09993801265336272,0.0,0.42833514921647003,-0.011051046849784895,0.0,0.551865257153638,0.06269189321265316,-5.135813185032629e-34,0.21680391801883817,0.012198833787193296,0.0,0.029602396479759693,0.0001644145136194461,2.7755575615628914e-17,,,,,,,,,,,,,,,
Brown leg,legs,36,centered,last12,12,0.20821999999999996,-0.04778416223750691,0.256004162237507,3.7916745780123706e-34,3.851859888774472e-34,0.8421742639328326,0.12270479025501371,0.0,0.42833514921647003,0.015291564827028025,0.0,0.5518652571536381,0.10043947680196195,0.0,0.21680391801883814,0.017929684020157915,-6.018531076210112e-36,0.029602396479759697,-0.00036135366665468525,-1.1102230246251565e-16,,,,,,,,,,,,,,,
Brown leg,legs,24,centered,full_1970,679,0.08381160530191466,-0.002831615177696232,0.0900168342971931,-0.0033736138175821965,-0.0038344683986995067,1.0606826991243388,0.0795483906097916,-0.005507531879330901,0.22665293113495666,0.0021690585368408684,0.005533768793048813,0.27883722958028023,0.01041857444675042,-0.0016539067038304023,-0.026748260402980725,-0.0018423445408283375,0.0020885243712298,-0.012801835440949157,-0.0002768447553614713,-1.1275702593849246e-17,12.0,-0.016416026230904192,0.009297008058129524,0.608,-0.516027451858875,0.6060034767373763,-0.018040407114334776,0.013916017144138083,0.734,-0.34318464746376237,0.7315659361764906,1000.0,,,
Brown leg,legs,24,centered,post2010,199,0.14121407035175879,-0.0025443477832874095,0.1379097912171215,0.005848626917924787,-0.003087238397065873,1.08094657274237,0.14082072215593658,-0.004713927025548413,0.30957717947731855,-0.0027721936373295564,0.0056438742536327096,0.35948151418214097,-0.0013266493669113859,0.0027680700625234253,0.0007403675957364529,2.481831234994337e-05,0.005237848024382938,0.13320715355485646,0.0011630937530758923,-8.326672684688674e-17,12.0,-0.011141360676611584,0.019485832619677835,0.482,0.7544591033012474,0.4514699642375257,-0.033085679636605456,0.02686935540062295,0.806,-0.16865927830254063,0.8662368173229255,1000.0,,,
Brown leg,legs,24,centered,validation,151,0.13531867549668872,-0.010571381709947935,0.14410016962043976,0.0017898875861968567,-0.004181329832001099,1.1115844333404954,0.14514789794080268,-0.005639170978359305,0.277411893587116,0.0009457724689976594,0.003694373352682535,0.3145440597926863,-0.004624422600925588,0.002579728977079795,-0.038623258814911,-0.0011332217606197465,0.005336286066794931,0.162187272471521,0.0037641435721847494,2.992397996059992e-17,12.0,-0.016875051372249796,0.019447017987927022,0.894,0.19070375265212902,0.8490155622101804,-0.04452593829658406,0.02088330059884087,0.482,-0.645942089899018,0.5193038275188417,1000.0,,,
Brown leg,legs,24,centered,pre_covid,120,0.13315599999999997,-0.022435209863344387,0.153244172101993,0.0023470377613513246,-0.0013559574267164344,1.1404750500863476,0.14984701683084511,0.0010509159439232299,0.33899657055008636,-0.0006813831068056739,0.002489074685950054,0.3176640516500596,-0.0074587519327434,-0.001294700303525502,0.018564610412677946,0.0005907259033314122,0.0014577048617199773,0.3129386838646969,0.010946564407365553,1.474514954580286e-17,12.0,-0.008523768054315069,0.011222060837434574,0.722,0.33853303789643935,0.735558109350864,-0.05226596474082202,0.009988988410182826,0.17,-1.3711241543027584,0.1729164666506258,1000.0,,,
Brown leg,legs,24,centered,covid,24,0.17667000000000005,-0.005253816338399206,0.19121016774688415,-0.00928635140848497,-0.008085638544100843,0.9728354488745956,0.2279353456713178,-0.02343196267068522,-0.09190491099391362,-0.004540102603099324,-0.008543087965097215,0.25975758142052047,-0.01757260038309821,0.011881809025649882,-0.34055983854354316,0.001975247063552555,0.018892528745748424,-0.5831960764940773,-0.016587722001788662,8.673617379884035e-17,3.0,-0.034517840876800175,0.016235705813612895,0.588,-0.8564250870288066,0.4005978142727296,-0.07731953965449834,0.06395367861397391,0.91,-0.20278027639350146,0.8410899271953769,1000.0,,,
Brown leg,legs,24,centered,inflation_rates,36,0.10924000000000017,0.03721426098104249,0.07400344380917247,-0.0019777047902147958,0.0001687773410528817,1.072636937860818,0.06146209653942479,0.007111292102684726,0.38728773562283325,-0.02175266115081579,0.00616638088094662,0.4867323424679921,0.01961531340146007,0.0006720398392133418,0.08666840059318809,0.004472089470608505,-0.016096194954112367,-0.12192282175572089,0.010206605548494882,2.6020852139652106e-18,4.0,-0.03370168314256767,0.02877059060178174,0.924,-0.13016874676823714,0.8971781842301756,-0.05483791496473799,0.12557654666291646,0.436,0.7790735636123969,0.4411724243494179,1000.0,,,
Brown leg,legs,24,centered,holdout,48,0.15976000000000015,0.02270736311099883,0.12744186172579558,0.009610775163205756,0.00023387454646742103,0.9845649696107653,0.12732886469491211,0.0033834891089827342,0.410763808006914,-0.019655048213130813,0.0053230521928512645,0.5008472561156337,0.015501222576778832,0.0012139914725538027,0.12457177567923157,0.005814387629828134,-0.000543632157649466,0.04204052946284939,-0.0015475649625926984,-1.3877787807814457e-17,6.0,-0.02075765478834744,0.033765934088557936,0.604,0.7157794891932575,0.47766875184050817,-0.043814793328356194,0.09446584216244146,0.518,0.697380351336613,0.4890003220225512,1000.0,,,
Brown leg,legs,24,centered,last18,18,0.17997333333333337,0.03479782223509417,0.15778572486134823,-0.012610213763109022,-0.0010524897450666353,0.8586451012511395,0.10189255201513515,-9.111835556063062e-05,0.48539478728984403,-0.01252318551207794,0.00016011717640578078,0.5060757765225367,0.05749020821296006,-0.0032949822788889954,0.1527280823619716,0.00859350010090027,-0.008331740559998543,0.41998744480426004,0.0023326500444306912,-6.938893903907228e-18,,,,,,,,,,,,,,,
Brown leg,legs,24,centered,last12,12,0.20821999999999996,-0.028760168309264852,0.23698016830926485,3.851859888774472e-34,0.0,0.856378968463639,0.12477441570515221,-1.925929944387236e-34,0.49243227054632593,0.017579832058503886,0.0,0.4806862016296742,0.08748488869660055,7.703719777548943e-34,0.1622191380998715,0.013415522720859373,-1.925929944387236e-34,0.514011572697468,-0.006274490871851167,-2.7755575615628914e-17,,,,,,,,,,,,,,,
Brown leg,legs,36,backward_eom,post2010,199,0.14121407035175879,-0.014241259978130541,0.14166651942511918,0.013788810904770106,0.0018040701821651105,1.12276350987684,0.14626843940128184,0.0044901783343461125,0.2897785971482326,-0.0025949018096389476,0.004428094454487958,0.2852003889088568,-0.001052518420174199,0.0036081091880485216,-0.06667196533754619,-0.0022349514893150913,,,,5.377642775528102e-17,12.0,-0.0028871134809252226,0.028620570486892802,0.1144,1.578701825079989,0.11600071311726169,-0.04904543351982066,0.020464934136529046,0.4332,-0.7855401858949546,0.43307590931927475,5000.0,-0.000541641254277597,0.1340890620147458,0.0012804517429656024
Brown leg,legs,36,backward_eom,validation,151,0.13531867549668872,-0.023245324845504792,0.15030585709728736,0.008258143244906148,0.000691029756578268,1.1465447777506528,0.14971293173420638,0.004929069481347587,0.3042232790275191,0.0010371797618765962,0.003488937103406111,0.2401445105554096,-0.0035306014134636396,0.0036704316765775744,-0.07181772349480198,-0.002107160544181263,,,,-1.734723475976807e-18,12.0,-0.01187069073254093,0.028859027890848727,0.46,0.6967823051038122,0.4870174539510725,-0.06899664516652212,0.017909001741120555,0.27,-1.100061881528356,0.2730674721347416,1000.0,-0.004521324773003394,0.19569718073110914,0.005193507558849288
Brown leg,legs,36,backward_eom,pre_covid,120,0.13315599999999997,-0.01910353776880342,0.1539031738833952,-0.0016436361145918588,0.0005342207922654873,1.1654702797890883,0.1531311400614882,0.00034361798442456324,0.3421079732237313,-0.0006876370261797003,-0.0010036543656650853,0.19695077097019667,-0.004624404102380218,0.004144421129308168,-0.04764245500458866,-0.001515982918246011,,,,4.662069341687669e-17,12.0,-0.019547869959217385,0.016561203634722518,0.898,-0.15698021896782155,0.8755264676160134,-0.05125226207442268,0.015034983008258125,0.268,-1.0494439110035116,0.29610049606021477,1000.0,-0.005662241654924992,0.20751533636207314,0.007600057868712933
Brown leg,legs,36,backward_eom,covid,24,0.17667000000000005,-0.10824941891510059,0.24235921588954987,0.04256020302555073,-0.0028716520930939836,1.087504089976011,0.25480220828137945,0.028966836094923287,0.18411739399362906,0.009095399263285257,0.008226171502347418,0.3981041974612329,-0.026931748958252403,0.0010396189948723815,-0.14629422048429438,0.0008485064788089094,,,,4.163336342344337e-17,3.0,0.012515732899222861,0.05966589186907931,0.01,3.59278898100003,0.0015369562515013915,-0.21574990660778187,0.002436500180435265,0.06,-2.097223432222822,0.047165221536092025,1000.0,0.007199228526501636,0.1580841805700761,0.004544850824328698
Brown leg,legs,36,backward_eom,inflation_rates,36,0.10924000000000017,0.0299681719182014,0.06831295041654534,0.010958877665253474,0.005579645784753839,1.067047906896673,0.06114184506517928,0.0056064432892842546,0.1667682119839096,-0.009366814573096252,0.005477102047495001,0.4052163043229036,0.016330217064213007,0.006247847289472646,-0.14107691345276938,-0.007279568734162898,,,,-3.2959746043559335e-17,4.0,-0.011474623001844864,0.036399974256803455,0.408,1.1091144357252622,0.27494382264683737,-0.07337180950825889,0.12337888012602947,0.572,0.5905465470533184,0.5586185345680439,1000.0,-0.011952160745752265,-0.0869782988143263,0.007487271594412198
Brown leg,legs,36,backward_eom,holdout,48,0.15976000000000015,0.014084027417150997,0.13731362650939166,0.00836234607345755,0.00521180918168549,1.0479516046904715,0.13552634127659513,0.0007802498417381629,0.2443380354029773,-0.011691574994032453,0.0009118926915252302,0.4269386728957428,0.013213751926123212,0.003131445721622316,-0.050484267801178984,-0.002356353199620029,,,,-6.765421556309548e-17,6.0,-0.01926862817865308,0.028720677939440928,0.6,0.7325780055228357,0.4674537065496882,-0.051297334879015326,0.0844493024919558,0.664,0.4612657978387109,0.6467355668693332,1000.0,-0.0016730513631136499,-0.05971981144714742,0.0026214615003257967
Brown leg,legs,36,backward_eom,last18,18,0.17997333333333337,0.03320392730497322,0.16729185742486638,-0.020522451396506276,0.004833064232535168,1.000196638692962,0.11869000112489808,-0.005069241214793986,0.3157202518222083,-0.008145582497012952,-0.0026730116318656916,0.4765297003055602,0.054133773954711535,-0.006431981553733619,0.05176510951161076,0.0029126501618532987,,,,3.469446951953614e-17,,,,,,,,,,,,,-0.01118128122864815,0.06184402661594595,-0.00029898531958357145
Brown leg,legs,36,backward_eom,last12,12,0.20821999999999996,-0.02116526118309753,0.2438042650320949,-0.01441900384899739,0.014047053268107785,0.9689965147991964,0.1411827922062429,-0.00030092239727884385,0.30643702615427343,0.010939801833707592,-0.004356186289704518,0.48299538533298475,0.08790516013060308,-0.008897658830370376,0.07326985739585072,0.006059417206636854,,,,-2.42861286636753e-17,,,,,,,,,,,,,-0.014911289599751437,0.09052844552902212,-0.0022829063450955254
Brown leg FF3-hedged,legs,36,backward,full_1970,679,-0.015116712496226951,-0.015788836767341632,-0.004570387068450206,0.005242511339564893,-0.002488766982556295,-0.005673064261061451,-0.0004254647805285483,-0.0010149037586680513,-0.004186680102350915,-4.006634360099598e-05,0.0024501927160463163,-0.008980763900845018,-0.0003355604896465364,0.000613529450663646,-0.046581987662103676,-0.003208435590848601,0.005682459914079277,-0.02593524183888794,-0.0005608598638255251,-6.071532165918825e-18,12.0,-0.007188298477204973,0.01923341988270502,0.46,0.8434326020786816,0.39928400732669217,-0.034232331648212044,0.00308152613454657,0.118,-1.5926527502972296,0.11170419019745675,1000.0,,,
Brown leg FF3-hedged,legs,36,backward,post2010,199,-0.013318228939492246,-0.02611343798804986,-0.00660670400161276,0.019401913050170368,0.0016409701182852855,-0.03868622837237739,-0.0050398629814482855,0.004167369970418021,0.03016929096943873,-0.00027015917842984833,-0.00107894187081439,0.04138487601667547,-0.00015272890927963133,0.004770459963605589,-0.05697576862536361,-0.0019099193836486213,0.009902054868675863,0.08772483766866235,0.0007659664511936266,6.938893903907228e-18,12.0,0.002774328022240385,0.0341476668633281,0.0196,2.3988129745879787,0.017375911930515294,-0.06282022264015724,0.009688789334661465,0.1584,-1.402318504705917,0.16238603619125816,5000.0,,,
Brown leg FF3-hedged,legs,36,backward,validation,151,-0.02265546713215557,-0.036073029765623876,-0.003590603476154027,0.017008166109622337,0.0003705555815739438,-0.03990447875900507,-0.0052106264144838035,0.005819656334907227,0.02597922654466156,8.857023725292517e-05,-0.00045293608729073294,0.07009852310675879,-0.0010305875582583086,0.005158103187034903,-0.05797818743783599,-0.0017011030571164806,0.006112787093396998,0.18368788899547048,0.0042631433164516406,-3.469446951953614e-18,12.0,-0.0009760734188087362,0.03558791388855143,0.08,1.7444825801437673,0.08312325207507103,-0.08304009278444861,0.0054466980633655435,0.086,-1.6838300315051329,0.09429441680940433,1000.0,,,
Brown leg FF3-hedged,legs,36,backward,pre_covid,120,-0.017518054352079,-0.02439182185698672,0.0022200262359211966,0.004653741268986509,0.0004941791556501309,-0.03521660559179171,-0.00462710980870551,0.0004614934509899971,0.055198329708801015,-0.0001109486427146901,0.0030396197529471694,0.10735201941653125,-0.0025206254159001536,0.005192832268196234,-0.024814117683470985,-0.0007895852246880466,-0.004534383358797023,0.2935484327205125,0.010268295327929597,1.3877787807814457e-17,12.0,-0.012908024959018218,0.023155297680068763,0.686,0.46752404930936214,0.6409800054878056,-0.06433238497924548,0.017609002772697682,0.264,-1.1505917301977953,0.2522070534944161,1000.0,,,
Brown leg FF3-hedged,legs,36,backward,covid,24,-0.09556046695244025,-0.12237290743400156,-0.014024881808709994,0.0408373222902713,-0.005201321349789593,-0.04533180434018713,-0.010621241756905847,0.031008446628077585,-0.05742274639996467,-0.0028366836721582488,-0.01260555490883063,-0.058170226126131375,0.003935215797432788,0.004690125137005714,-0.1623387765168397,0.0009415649037976724,0.022945626783808234,-0.19139253157787897,-0.005443737080876359,0.0,3.0,0.009253089745402737,0.05820792979702366,0.012,3.3850075848033208,0.00254944067187269,-0.23590931893122413,-0.009404259746696777,0.028,-2.4128890848944535,0.024197739669550154,1000.0,,,
Brown leg FF3-hedged,legs,36,backward,inflation_rates,36,0.037449172371499584,0.0011727187185505764,0.010478655585964801,0.02579779806698418,0.007942501173590402,-0.04164745464587462,-0.0023863991512086125,0.006478142685032374,-0.028445283125467832,0.001597676735547109,0.0008065950092452132,-0.10366340493392993,-0.004177635218837373,0.005777625719657468,-0.14438104433796442,-0.007450061887838963,0.004792933479458717,-0.2734927051163512,0.022895075108302642,2.7755575615628914e-17,4.0,-0.0005541358799276551,0.05549452157389355,0.054,1.8702318780409597,0.06983377116742744,-0.10479073374398962,0.07763985645732938,0.962,0.02824123321973851,0.9776301711499605,1000.0,,,
Brown leg FF3-hedged,legs,36,backward,holdout,48,0.016055166208261123,0.0052177778122351,-0.002725289864693692,0.013562678260719717,0.005642282548447446,-0.03485381569777782,-0.004507469715115112,-0.0003547865687576397,0.043350535305716864,-0.00207432311437855,0.0010754168212910816,-0.04894347212087833,-0.0015148004621411814,0.0034963353169401067,-0.05382232611112748,-0.0025121570712368754,0.0037034301427987235,-0.21415892796358818,0.007883460498178028,-1.734723475976807e-18,6.0,-0.00808420696974726,0.03164560671363408,0.282,1.303203679473207,0.19885360368847246,-0.06893839585320828,0.07808517967137714,0.89,0.15906472754903545,0.8742994410922218,1000.0,,,
Brown leg FF3-hedged,legs,36,backward,last18,18,0.005229878130340043,0.015040781368374315,-0.003299907171784529,-0.006510996066249739,0.005845343575328593,-0.048961352461674705,-0.005810080492118728,-0.006588400261599183,0.08115848941623399,-0.002093889026938831,-0.001263496673118002,0.03235838966771064,0.0036759130662519218,-0.004627605303353002,0.03395088837141626,0.0019103033190316881,0.00012316259649185435,-0.17683422586816822,-0.0009821540380105795,-4.336808689942018e-18,,,,,,,,,,,,,,,
Brown leg FF3-hedged,legs,36,backward,last12,12,-0.04033011780078698,-0.052528401166328134,0.00904237350993789,0.0031559098556032533,0.013171018469024263,-0.06710491462836032,-0.009777186061352099,-0.000500431073784645,0.06554842129254064,0.002340078640143708,-0.004367367826998044,0.05367205857265755,0.009768314660223657,-0.005936543910204524,0.04966943401553046,0.004107662193084369,0.0007892341975662014,-0.21328124510907034,0.0026035040778382566,1.3877787807814457e-17,,,,,,,,,,,,,,,
Brown leg FF3-hedged,legs,24,backward,full_1970,679,-0.015116712496226951,-0.017575285532199315,-0.003864318539508004,0.006322891575480367,-0.0018104849774760556,-0.009498280043094444,-0.000712345823697359,0.001090349103181195,0.005012208367335205,4.796661262289278e-05,0.0010576831750329638,-0.014705897965655053,-0.0005494764561824074,-0.0010410824959613877,-0.03093970545041767,-0.0021310394235978694,0.0070264267707036525,-0.02401914208252609,-0.0005194234486532613,1.734723475976807e-18,12.0,-0.009543277211710582,0.023859304275474162,0.46,0.8076152410046559,0.4195953537976021,-0.037663340572082045,0.00361611686753484,0.11,-1.5668342326321725,0.11762002392762094,1000.0,,,
Brown leg FF3-hedged,legs,24,backward,post2010,199,-0.013318228939492246,-0.02996676467963573,-0.007915047463420638,0.024563583203564124,0.004142834469433053,-0.056217293171201346,-0.007323729055300302,0.013308005779857465,0.05052567750526692,-0.00045244601665520425,-0.0056286791741318575,0.08000571992716031,-0.00029525729002264755,0.004360810151525122,-0.02374179945625047,-0.0007958632955414857,0.008380611976880338,0.10905936952909019,0.000952248194098999,0.0,12.0,0.003257632214127647,0.045193274902043175,0.018,2.262352815460924,0.024761502102764427,-0.07152084694662172,0.01468581938105816,0.178,-1.431694385795291,0.1538079211270162,1000.0,,,
Brown leg FF3-hedged,legs,24,backward,validation,151,-0.02265546713215557,-0.04480854325052396,-0.006259320417523623,0.028412396535892014,0.004761707363423847,-0.05860722943018236,-0.007652784530601265,0.019054937292303346,0.016103740489301584,5.490202386683716e-05,-0.005433026632029281,0.10555455189133209,-0.0015518616238328299,0.0019416869497581933,-0.04640710510254527,-0.0013616029036179907,0.008087091562435908,0.1832088989720425,0.004252026616661627,0.0,12.0,0.0001855940183555817,0.05494908346212772,0.046,2.067078053587444,0.04044545009900601,-0.09622019567879798,0.0011216930396698392,0.06,-1.8931425649181985,0.06026491508613777,1000.0,,,
Brown leg FF3-hedged,legs,24,backward,pre_covid,120,-0.017518054352079,-0.026026737463385574,0.0023226432802578674,0.006186039831048713,0.004280757418189148,-0.04497929876459076,-0.005909830064679576,0.009955672208047304,0.05347506541668301,-0.0001074848814875329,-0.0006050612958305624,0.1604744437845616,-0.003767939940061507,0.004117825913708498,0.00146924148907668,4.675126418241995e-05,-0.011563154413065676,0.3448021951952469,0.012061146902304063,-6.071532165918825e-18,12.0,-0.017131688926434643,0.026085776374111164,0.598,0.5246665653027832,0.6007910342519308,-0.06884397624078883,0.021082118645937713,0.298,-1.099218681263261,0.2738915669335192,1000.0,,,
Brown leg FF3-hedged,legs,24,backward,covid,24,-0.09556046695244025,-0.14230225321659062,-0.03187817021884162,0.078619956482992,-0.003504463265138343,-0.09797167681713943,-0.022954763878255777,0.06271489651741718,-0.09155620277812547,-0.004522876417239388,-0.0083739484136592,-0.06723067741465973,0.004548155327101731,-0.008061314782758598,-0.18688247730243987,0.0010839183683541537,0.03584478642713094,-0.35272926968964735,-0.010032603618802345,0.0,3.0,0.026540993538284107,0.11058694733155205,0.006,5.173734007031569,3.0347105037985162e-05,-0.26988815563620955,-0.0204914141754215,0.02,-2.4684928955870724,0.021429374959263208,1000.0,,,
Brown leg FF3-hedged,legs,24,backward,inflation_rates,36,0.037449172371499584,0.0061724537424698005,0.003071695262089078,0.028205023366940682,0.01815555861307613,-0.02979301401083506,-0.0017071397028208468,-0.0015169280905849426,0.07207443466340242,-0.004048180746927768,-0.013326255486352346,-0.11002944747539871,-0.004434186733258565,0.005194361751211372,-0.0897587717044144,-0.004631552619947783,0.019698286579590468,-0.21373758162289683,0.01789275506504404,2.0816681711721685e-17,4.0,-0.02689662089571081,0.0848636335539112,0.35,0.9805853844685826,0.33352718651604607,-0.11194317301905848,0.09572213934080913,0.874,0.13560324673183471,0.8929118553401163,1000.0,,,
Brown leg FF3-hedged,legs,24,backward,holdout,48,0.016055166208261123,0.016722997074616837,-0.007116566652241348,0.006448735785885645,0.00220538008823243,-0.04869895202315689,-0.0062979919703947595,0.0007797619759990415,0.15881135436799118,-0.00759912330650837,-0.0025750112190083023,-0.0003666472934635093,-1.134773373269559e-05,0.010734989303712385,0.047559474556051945,0.0022198384749037244,-0.00469638436304991,-0.12420269184353061,0.004572057883490755,-1.1275702593849246e-17,6.0,-0.02584035481731895,0.0418825927282473,0.762,0.35855086193170493,0.7215366902316263,-0.061917757337913104,0.08861861251612936,0.706,0.4482373824743618,0.6560414723581508,1000.0,,,
Brown leg FF3-hedged,legs,24,backward,last18,18,0.005229878130340043,0.011785753844579402,0.0007463425275773142,-0.007302218241816675,-0.007841316619116993,-0.13840506899030608,-0.016424068186849643,0.0148575237082491,0.17907433573219908,-0.004620117861890723,-0.010132782268716235,0.12144411678194326,0.013796051666428728,0.011162009423352848,0.15853138530269806,0.00892003261303181,-0.015347652485585395,-0.16664384600470647,-0.0009255557031428594,1.734723475976807e-18,,,,,,,,,,,,,,,
Brown leg FF3-hedged,legs,24,backward,last12,12,-0.04033011780078698,-0.0736381164393339,0.012943949427850807,0.0203640492106961,0.019887852126313908,-0.208456367725258,-0.03037209277757009,0.002752933791872167,0.22654037753385223,0.008087491477958546,-0.004502978628670711,0.1070037684200061,0.019474685852441078,0.014181537507540101,0.18100219663762163,0.014968881661931308,-0.011955295586359362,-0.06430648544117547,0.0007849832130899668,2.0816681711721685e-17,,,,,,,,,,,,,,,
Brown leg FF3-hedged,legs,36,centered,full_1970,679,-0.015116712496226951,-0.008194240495327205,-0.004427820457831412,-0.002494651543068339,-0.0046965762932641465,-0.013311056822896702,-0.000998293974674128,-0.0022823128917075245,0.0016920447370203933,1.6192793374313e-05,-0.0010220679914148278,-0.004968770973960099,-0.00018565494420877347,0.001548702090171337,-0.03987833575709884,-0.002746707003466415,0.003957603543146823,-0.023738633003338405,-0.000513357328856409,5.204170427930421e-18,12.0,-0.009989386092208018,0.0051009761553025895,0.494,-0.617329056966463,0.5372249696704665,-0.022278522001709038,0.007611875060090828,0.31,-1.0078246097592487,0.3138982063830143,1000.0,,,
Brown leg FF3-hedged,legs,36,centered,post2010,199,-0.013318228939492246,-0.007842358960403214,-0.009906405568062545,0.004430535588973518,-0.002630922909965954,-0.06881117554557534,-0.008964401828059953,-0.0015597842443607316,0.02337835334550411,-0.000209347867646675,-0.0021328480513284737,0.0639614249517639,-0.0002360465853496265,0.002449214907614356,-0.031527341792739826,-0.0010568471941256724,0.008304875887014321,0.06416309667517718,0.0005602379071193835,-4.336808689942018e-18,12.0,-0.006221937104358419,0.014415507514879104,0.408,0.8238159403725402,0.4110353585558626,-0.03625786725858466,0.022499890828869183,0.558,-0.5259786864370953,0.5994916322509679,1000.0,,,
Brown leg FF3-hedged,legs,36,centered,validation,151,-0.02265546713215557,-0.018012726366745786,-0.008070976611597166,0.003428235846187384,-0.003377329719266839,-0.05689744113537162,-0.007429524677843369,-0.00039005889657497565,-0.021164488090172115,-7.215548654848045e-05,-0.003911397221254219,0.07791319242111518,-0.0011454787230124224,0.003287509000624601,-0.07505659902196843,-0.002202190439118735,0.007819512682658817,0.11971293971700823,0.0027783727149258406,-1.734723475976807e-18,12.0,-0.007297657401920616,0.013000883569076872,0.48,0.6327365683535104,0.527869072066831,-0.04834003478890733,0.011726858708333199,0.226,-1.146431739869168,0.2534420671677722,1000.0,,,
Brown leg FF3-hedged,legs,36,centered,pre_covid,120,-0.017518054352079,-0.019533962182389546,-0.0031810745059559983,0.005196982336266535,-0.001155281836453825,-0.055046207913737155,-0.00723252125778592,0.001911402785683154,0.012375838393613297,-2.487543517116274e-05,-2.6221745830932657e-05,0.12270264180639885,-0.0028810580296142457,0.0016131466313546153,-0.034665054835021324,-0.0011030420448503782,0.002853936501513523,0.23043010026045593,0.008060422261465708,1.0408340855860843e-17,12.0,-0.005174540737966433,0.013928370810727984,0.3,0.9512880354016194,0.34338631680576376,-0.04782914976113472,0.01029235476008336,0.214,-1.2257903752203143,0.22269789837816956,1000.0,,,
Brown leg FF3-hedged,legs,36,centered,covid,24,-0.09556046695244025,-0.05412850618188804,-0.030158004476443637,-0.011273956294108586,-0.006948612126485463,-0.08638983972062862,-0.02024113944654329,-0.008488180198115373,-0.1723494047865083,-0.008514060596453491,-0.020447559874858905,-0.10694919409974528,0.007235112980847768,0.008768337423452593,-0.26122109007853894,0.0015150823224555294,0.015842058481898562,-0.35696219230582754,-0.010152999736750157,1.3877787807814457e-17,3.0,-0.025828107175105995,0.003959970956783359,0.16,-1.3616871456828787,0.18648695612580354,-0.131354692313572,0.019968384410121744,0.186,-2.054156885971465,0.05149648243294532,1000.0,,,
Brown leg FF3-hedged,legs,36,centered,inflation_rates,36,0.037449172371499584,0.03862498495891851,0.0068925980360377715,-0.008068410623456703,-0.0012844703047254521,-0.019182652261325824,-0.0010991659745739682,0.0046653440416438855,0.09830350545092321,-0.005521380222826852,0.0014446651643099328,-0.026483037325877687,-0.0010672664042328701,-0.00765884723664019,0.011040357951380336,0.0005696824702912252,-0.005235102288044878,-0.1673648996135902,0.014010728167380238,6.938893903907228e-18,4.0,-0.022733525521854845,0.009863433381545968,0.394,-0.9748152316277954,0.3363416006886136,-0.05479282090105005,0.11291497606477167,0.374,0.9102977600985158,0.368892238939065,1000.0,,,
Brown leg FF3-hedged,legs,36,centered,holdout,48,0.016055166208261123,0.024151921838716124,-0.011957517245308129,0.0038607616148531223,-0.0003297928436304656,-0.1062897983776746,-0.013745928175192757,0.001943127143612174,0.16350270869523553,-0.007823604611067013,0.005465833951179588,0.020071489787763002,0.0006212126089312636,-0.0025616460730832225,0.10540844657420849,0.004919939243851181,-0.000656760563224951,-0.11058745122724982,0.004070863688169194,5.204170427930421e-18,6.0,-0.0207836879965517,0.025610380196134482,0.798,0.35193055896157,0.7264634192826689,-0.04165244443796751,0.09288769663728492,0.488,0.7481149980273084,0.4581180475044697,1000.0,,,
Brown leg FF3-hedged,legs,36,centered,last18,18,0.005229878130340043,0.01719153528168827,-0.011961657151348244,1.925929944387236e-34,1.925929944387236e-34,-0.2275761762746432,-0.02700570625125764,0.0,0.1981395382718255,-0.005112000087413084,0.0,0.08021981846098078,0.009112971377167399,0.0,0.19777467574118812,0.011128121755037518,0.0,-0.015311936392913006,-8.504394488243556e-05,1.5612511283791264e-17,,,,,,,,,,,,,,,
Brown leg FF3-hedged,legs,36,centered,last12,12,-0.04033011780078698,-0.045388734443443976,0.005058616642656973,-8.666684749742561e-34,-1.925929944387236e-34,-0.22757617627464322,-0.03315784888321552,9.62964972193618e-35,0.19813953827182554,0.007073581516304192,0.0,0.0802198184609808,0.014600006959898479,-7.703719777548943e-34,0.19777467574118815,0.01635596568379626,0.0,-0.015311936392913006,0.00018691136587355595,2.6020852139652106e-17,,,,,,,,,,,,,,,
Brown leg FF3-hedged,legs,24,centered,full_1970,679,-0.015116712496226951,-0.0037939602137192297,-0.00360540017437709,-0.007717352108130632,-0.0050931621181368614,-0.013495863556615912,-0.0010121539897883108,-0.0034625510872727944,0.008079171091391267,7.731731038565612e-05,0.0006859909805581935,-0.013347297430150229,-0.0004987132175580016,-0.0015945995392754124,-0.027082523913852522,-0.0018653676662643435,0.0017469696559962438,-0.014172347055513377,-0.00030648261115209026,1.734723475976807e-18,12.0,-0.0175025263213668,0.0020174161923915508,0.142,-1.4236309802212836,0.1550133397566768,-0.019427795188166945,0.012868812785262175,0.646,-0.45075648307946137,0.6523091830120918,1000.0,,,
Brown leg FF3-hedged,legs,24,centered,post2010,199,-0.013318228939492246,-0.0038276109338690207,-0.008907578435702859,-0.0005830395699203661,-0.0036120347926604786,-0.069759907184762,-0.00908799819991717,-0.005996154134338167,0.0383233434947145,-0.0003431768749124686,0.001414135876094718,0.08520064755889674,-0.00031442892244851314,0.0027446967356894165,-0.00739790536520044,-0.00024798968397074923,0.004866316745294145,0.12437948290392634,0.0010860152455460397,-4.336808689942018e-19,12.0,-0.014502073082846578,0.012662196307228724,0.946,-0.08339975260457544,0.9336179415008677,-0.034394843510022845,0.026167540804702783,0.74,-0.2518677740116341,0.8014045065075981,1000.0,,,
Brown leg FF3-hedged,legs,24,centered,validation,151,-0.02265546713215557,-0.012528379515694613,-0.007418348805205497,-0.002708738811255455,-0.004948968391571317,-0.06106937746397284,-0.007974285624719501,-0.006160074269554339,-0.010519250706533305,-3.586298187896236e-05,0.0012218033850032962,0.10269470215304215,-0.0015098161508592957,0.0021244968682462674,-0.0496136240111224,-0.0014556834425091172,0.005054003596620636,0.15327488846714568,0.0035572993947613806,-4.7704895589362195e-18,12.0,-0.016482634322136015,0.010339554278061906,0.698,-0.36657888828899327,0.7144497274870528,-0.04517382534368054,0.019593342474075258,0.414,-0.7587231406760724,0.44920873609037804,1000.0,,,
Brown leg FF3-hedged,legs,24,centered,pre_covid,120,-0.017518054352079,-0.02086423534329409,0.0007820507918907251,0.0025641301993243664,-0.00175987642219399,-0.04997227870487717,-0.006565857699033808,0.000575499073820461,0.028017130768851546,-5.631443284539164e-05,0.005115643231843036,0.16699369853403107,-0.00392101204157905,-0.002035667032005589,0.006733951612815803,0.0002142743403197988,0.0006685313478604495,0.3176384174133683,0.011110960625029174,-1.734723475976807e-18,12.0,-0.009015557760366038,0.012304305296034858,0.748,0.3449763076241467,0.7307211686124998,-0.05194663084340119,0.01169176634656149,0.224,-1.2338726779424771,0.21968170990797703,1000.0,,,
Brown leg FF3-hedged,legs,24,centered,covid,24,-0.09556046695244025,-0.021321235376555094,-0.051484122760847885,-0.022755108815037273,-0.008385914237148042,-0.13519468996530917,-0.03167611585887195,-0.02472505035486073,-0.3072527183905645,-0.015178284288493856,-0.02273985462044953,-0.18072825996253916,0.012226266786465774,0.011477248504035396,-0.35825137683213576,0.0020778579856263924,0.021618461893385628,-0.6656818523371602,-0.018933847385574243,-3.469446951953614e-18,3.0,-0.04853555935142796,0.0062419664784564115,0.154,-2.3973585204970185,0.025028032908995624,-0.09581285640381632,0.04927601050149013,0.554,-0.7751280812791028,0.4461606330725688,1000.0,,,
Brown leg FF3-hedged,legs,24,centered,inflation_rates,36,0.037449172371499584,0.035484565827945194,0.004009541486076251,-0.002044934942521873,-0.00043495539644748985,-0.021054328484599177,-0.0012064130221675312,0.006621571578918881,0.1923501693216721,-0.010803667843567245,0.006094465711912812,0.015473103503474167,0.0006235660711900085,0.0025702118636430115,0.0999402810292893,0.005156918501111327,-0.016896228700549087,-0.12231143493220634,0.010239137779509693,1.214306433183765e-17,4.0,-0.03548309898303957,0.030067042270136263,0.922,-0.12876594563707766,0.8982799558375527,-0.060004695531754124,0.12350384151172544,0.48,0.754835562670478,0.45539713137352494,1000.0,,,
Brown leg FF3-hedged,legs,24,centered,holdout,48,0.016055166208261123,0.023543556896457325,-0.01618869568599119,0.008700304997794974,0.0005594938948831054,-0.0970988652647445,-0.012557310750363072,0.0023955322390874396,0.19197400441947332,-0.00918595611147179,0.004531564976028388,0.03016726748148101,0.0009336769285518354,0.0023936442572571126,0.12540570954176236,0.005853311492861759,-0.0011799303694610712,0.03347935290296567,-0.0012324172455699179,1.3877787807814457e-17,6.0,-0.01929503944736834,0.032979302539426755,0.614,0.6618872743027887,0.5112758096686664,-0.043558720286652856,0.09625300854048083,0.508,0.7229353823614328,0.473301968677685,1000.0,,,
Brown leg FF3-hedged,legs,24,centered,last18,18,0.005229878130340043,0.03458800604311396,-0.016437748172831237,-0.012920379739942669,0.0004723703483506275,-0.2015638720654412,-0.023918912818432343,-0.002228072170213975,0.24790213778111392,-0.006395875154752721,-7.842227592182453e-05,0.033952913412432895,0.0038570509636523696,-0.0031084270215682697,0.1384246361771319,0.007788692862233289,-0.007977828620589225,0.4017389137116076,0.002231295974468172,-1.0408340855860843e-17,,,,,,,,,,,,,,,
Brown leg FF3-hedged,legs,24,centered,last12,12,-0.04033011780078698,-0.027119996492100597,-0.013210121308686394,9.62964972193618e-35,9.62964972193618e-35,-0.19913965197084163,-0.029014647292151627,9.62964972193618e-35,0.24578936175883156,0.008774680214790312,0.0,0.006702360363972745,0.0012198295862430376,0.0,0.14262836261237832,0.011795365588043687,-9.62964972193618e-35,0.49032486044795304,-0.005985349405611804,1.3877787807814457e-17,,,,,,,,,,,,,,,
Brown leg FF3-hedged,legs,36,backward_eom,post2010,199,-0.013318228939492246,-0.015731716877965353,-0.006846549845359009,0.009260037783832121,0.0004289447520093749,-0.04040929952761158,-0.005264336725595097,0.004070149110068153,0.027270797224331476,-0.0002442038223806969,-0.0007387529093484355,0.052920345894043645,-0.00019530001017379833,0.004517184181042121,-0.07124582186533537,-0.002388274515071755,,,,-5.204170427930421e-18,12.0,-0.006003583403647959,0.022950728564675227,0.2448,1.2351385607559606,0.21824255711991256,-0.052447571817671006,0.020261375539126252,0.404,-0.8464708767316418,0.3983119966010359,5000.0,0.0009825126500609084,0.1304357419166953,0.0012455652278623378
Brown leg FF3-hedged,legs,36,backward_eom,validation,151,-0.02265546713215557,-0.025458392862920738,-0.003379538323159558,0.006182464053924728,-0.0012574605907306148,-0.038415618744900244,-0.005016214820642032,0.005523929574157982,0.02036389339341821,6.94260418472294e-05,0.00017873512720114086,0.08362790903008471,-0.0012294964109058816,0.004642282280725898,-0.07979342818106988,-0.0023411708888305435,,,,-1.734723475976807e-18,12.0,-0.010241456705412882,0.023145024835631196,0.476,0.6875497640054734,0.49279809670186564,-0.07297263601026552,0.01747315106317115,0.258,-1.1678330165242976,0.24472704179573565,1000.0,-0.0029050223374296785,0.19360249468421392,0.005137917755371669
Brown leg FF3-hedged,legs,36,backward_eom,pre_covid,120,-0.017518054352079,-0.016190364322778057,-0.0014621042994451008,0.0001344142701441575,-0.0010286725876959232,-0.03912435009465441,-0.00514054835893664,0.0002209090267778286,0.03786546914908157,-7.6109592989654e-05,0.000813027199433236,0.09614585181391386,-0.0022575046005906974,0.005138991404429973,-0.05689971570815213,-0.0018105489538334004,,,,2.168404344971009e-19,12.0,-0.018677043272511327,0.01912387405418653,0.984,0.012917800046940575,0.9897150054252153,-0.054338988128922905,0.024224869507279763,0.412,-0.7897431501575688,0.43124860686391037,1000.0,-0.005009840772800957,0.21359192177364777,0.007822607206905292
Brown leg FF3-hedged,legs,36,backward_eom,covid,24,-0.09556046695244025,-0.12265208388745122,-0.005030655627872625,0.03212227256288362,-0.006310920910963495,-0.02314712158078067,-0.005423370586376913,0.029862057395675948,-0.024489683214398515,-0.0012097903507912841,-0.004569696473501802,0.04478070442100226,-0.0030294146540808028,0.0021906773557654616,-0.1464486529605362,0.0008494021871711119,,,,-2.7755575615628914e-17,3.0,0.009446432180760985,0.04843542539490086,0.018,3.498148513805766,0.0019367807108127408,-0.22494132806273584,-0.021179993845201365,0.012,-2.8236362090023226,0.009631760189811591,1000.0,0.010950155195907503,0.13156784375458067,0.0037825177762052624
Brown leg FF3-hedged,legs,36,backward_eom,inflation_rates,36,0.037449172371499584,0.0212699964177519,-0.0007922334660276781,0.016971409419775353,0.006529396278218396,-0.030343370761006724,-0.001738675144605683,0.006453575107349163,-0.019520440856571977,0.0010963980947774588,0.008531401155667856,-0.05971712131781294,-0.00240659998910786,0.0063738923774068045,-0.13965234454238282,-0.0072060609783869516,,,,1.0408340855860843e-17,4.0,-0.007567105097046942,0.04815246139300959,0.202,1.4979581108450686,0.14310963892758255,-0.08941272366112739,0.11231450550417198,0.678,0.4438795870691583,0.6598618793330463,1000.0,-0.010916855498866862,-0.1099265511709901,0.009462704551295357
Brown leg FF3-hedged,legs,36,backward_eom,holdout,48,0.016055166208261123,0.01486678465804011,-0.008806814736374409,0.009995196286595417,0.005726239582753293,-0.046681086989891034,-0.0060370315749676525,0.0006105578935947879,0.048998765525746134,-0.0023445909304069504,0.0007850045402589832,-0.04368052980475229,-0.0013519123974570805,0.003657530300337053,-0.04435647699708727,-0.0020703385638390485,,,,5.204170427930421e-18,6.0,-0.015228370782120873,0.02892356043940628,0.514,0.9178045345238498,0.3634072256165662,-0.051060118923650394,0.08463953584415766,0.638,0.48907749398705086,0.6270614946051134,1000.0,-0.0007841360303487001,-0.0682763344977903,0.0029970587302963203
Brown leg FF3-hedged,legs,36,backward_eom,last18,18,0.005229878130340043,0.0330249030604206,-0.009603444251789878,-0.018191580678290662,0.005380765684793075,-0.09230791674268603,-0.010953872786798735,-0.004986569164823707,0.10269139149924743,-0.002649437900680576,-0.002763964335937171,0.008775618799809187,0.0009969102956583218,-0.005262601827127215,0.05864456309294554,0.0032997340833630694,,,,-1.734723475976807e-17,,,,,,,,,,,,,-0.010559211035195644,0.06138743886158334,-0.00029677794333196026
Brown leg FF3-hedged,legs,36,backward_eom,last12,12,-0.04033011780078698,-0.021125101720917906,-0.007278310864521339,-0.011926705215347746,0.014402640564827072,-0.12278591269792195,-0.01788990748008723,-7.260839144176403e-05,0.09347326075384316,0.0033369954089122102,-0.004700342076468615,0.015713758946047884,0.00285990412818071,-0.007142274840133149,0.08008755919182588,0.006623241145164,,,,1.3877787807814457e-17,,,,,,,,,,,,,-0.014414120472131291,0.08757961607554167,-0.0022085440666910327
Original | Short Brown hold 3m,team,36,backward,full_live_1999,329,7.493602961641506e-05,0.002647975488129868,0.0016599521650647792,-0.004232991623578234,-0.00039181508655300576,0.0058626554963573906,0.0004676153813775441,0.00016081097886623075,0.0118472173040695,0.00022988642938960411,-0.004354605263597856,0.03740764449837343,0.0006995343222242933,0.0005162787155955962,0.03675315314817956,0.0012068886484853272,-0.00016366096788919846,-0.056629322094593336,-0.0009439726164119892,1.734723475976807e-18,12.0,-0.013016443544046097,0.006639501575614559,0.412,-0.8182769040234463,0.4137931533881743,-0.016392412978275456,0.02052616903415939,0.786,0.31369668640820164,0.75395082043527,1000.0,,,
Original | Short Brown hold 3m,team,36,backward,post2010,199,0.0006961116128839086,0.00757028131957004,0.002321815230438194,-0.009195984937124323,-2.7267082722728544e-05,0.010029549630949857,0.0013066033581530087,-0.0021781678838610394,0.007981395076003794,-7.147158806753146e-05,-0.0018749233004502885,0.003619926724731951,-1.3359166767051054e-05,-0.0030872250281679826,0.05340625563019034,0.0017902635681300188,-0.0020284016419222844,-0.07904983294148146,-0.0006902209410102506,-1.734723475976807e-18,12.0,-0.015722843009265103,-0.001973193761262391,0.0096,-2.4189818242527568,0.016468328672137034,-0.01593489005680354,0.031887624448066636,0.5244,0.7148280992228263,0.4755572342179381,5000.0,,,
Original | Short Brown hold 3m,team,36,backward,validation,151,0.013054592949737646,0.02112996621873234,0.000541256407021343,-0.008616629676016032,-7.748841685883644e-05,0.01011793147466348,0.0013211740296174485,-0.0019691348462612546,0.0001563067278964816,5.328920762987305e-07,-0.003087991059144456,0.007403145700449255,-0.00010884095003309506,-0.002858447962626701,0.05928079357375549,0.0017393220387362013,-0.0006235673911247838,-0.10388084656396657,-0.0024109316033755104,-5.204170427930421e-18,12.0,-0.016891366492251248,7.248455551737333e-06,0.052,-1.8129312927292074,0.07184181489832646,-0.0013506195011295358,0.046354388579352715,0.06,1.8932015284863233,0.0602570165326813,1000.0,,,
Original | Short Brown hold 3m,team,36,backward,pre_covid,120,0.004552582996646421,0.01203025165647607,-0.0010781308332271054,-0.006399537826602544,-1.8853231226452492e-05,0.014499774371901124,0.0019051253547240873,0.0001632761038155484,-0.014150916396116063,2.84433419561933e-05,-0.003553024404687977,0.013429166595434078,-0.0003153168316607922,-0.0030055670557936677,0.03953172532192418,0.0012578994997436272,1.463076129000363e-05,-0.11304440558866362,-0.003954282197990221,0.0,12.0,-0.01429263680585842,0.0024585565529225374,0.178,-1.2857507528264736,0.20102642039692886,-0.006291825818538254,0.031077586509191322,0.218,1.2022720293610036,0.23164505389728912,1000.0,,,
Original | Short Brown hold 3m,team,36,backward,covid,24,0.059372232325533944,0.08183404700260069,-0.0012504377521339793,-0.021211376924932773,-0.0026313917154981705,-0.005604157351981442,-0.001313054067569252,-0.013498555376338291,0.03528650589264922,0.0017431533910968679,-0.00048500947081635964,-0.019300206962993904,0.0013056590010465375,-0.001639247302227238,0.13369152300093265,-0.0007754108334054111,-0.0029571730600527132,-0.07772744682640108,-0.0022107852433027216,6.938893903907228e-18,3.0,-0.03303981307621963,-0.004332060547152748,0.014,-3.0013386638030957,0.006370278626611399,0.02857627501100152,0.1380989527283685,0.0,2.9347445603069295,0.007444568516910093,1000.0,,,
Original | Short Brown hold 3m,team,36,backward,inflation_rates,36,-0.010422559844970742,-0.008731525141760232,-0.0032030319546087383,0.0015119972513982303,0.0012077868249246294,-0.0058761071616994145,-0.00033670094036537595,8.942694292688582e-05,0.09230467649381997,-0.005184445996402887,0.0013280840281725374,-0.005225042430912486,-0.0002105692099657731,-0.003245453388353976,0.0858013440832181,0.004427349354694053,0.0021321528437281533,0.022680470317950528,-0.0018986651625687565,-1.951563910473908e-18,4.0,-0.008726762899350185,0.011268089507293109,0.814,0.27817180891116255,0.7825172585795344,-0.029512297745861116,0.016934114396132446,0.476,-0.7752261041377233,0.44341252352618366,1000.0,,,
Original | Short Brown hold 3m,team,36,backward,holdout,48,-0.03818161092596849,-0.03508622742571137,0.0011096070750389198,-0.00420499057529604,0.0001303726305764371,0.00975151508093408,0.0012611146878417987,-0.0015739310317769725,0.03259781883775805,-0.0015598056313867212,0.0024845071664450803,-0.008281449636378736,-0.00025631086624592134,-0.0034865705899597187,0.03492593834939168,0.0016301681724578568,-0.0017593687505808664,-0.000935602587413804,3.444071237190695e-05,-8.673617379884035e-19,6.0,-0.013947914190635985,0.00832941157500905,0.62,-0.8101640380396409,0.421929094847994,-0.07298070550355377,-0.0038370133543304263,0.026,-1.9015898303409804,0.06336460094470954,1000.0,,,
Original | Short Brown hold 3m,team,36,backward,last18,18,-0.08097250944597449,-0.08843943793736478,0.0022778441862495707,0.005189084305140719,0.0013702869442262454,0.034605448624424856,0.004106513236765081,-0.0017992799308281311,-0.0479230402247999,0.001236414437799834,0.0031599649740596055,-0.012681543643608073,-0.0014406233579138744,-0.0005250306604019886,-0.022744532794547388,-0.0012797590452398664,0.0029831429780849883,-0.062062514831113455,-0.0003447010851616028,-2.6020852139652106e-18,,,,,,,,,,,,,,,
Original | Short Brown hold 3m,team,36,backward,last12,12,-0.08844939957011083,-0.09279279507767844,0.00175855332429816,0.0025848421832694495,-0.0021572914021293554,0.05314215594817152,0.0077428121216485905,-0.0003268798650170211,-0.06320335148710902,-0.0022563596480897983,0.003222986010141253,-0.00986886940161163,-0.0017961342310933138,-0.0008117114985282661,-0.034825040530077865,-0.002880030851837439,0.002657738938802839,-0.07768274332629775,0.0009482659336701222,3.469446951953614e-18,,,,,,,,,,,,,,,
Original | Short Brown hold 3m,team,24,backward,full_live_1999,329,7.493602961641506e-05,0.0007996136403953355,0.0016723398231651945,-0.002397017433944113,0.0003719395903774756,0.01190928576193755,0.0009499049034968396,-0.0011924599860185384,0.0011151430024248156,2.163851953641346e-05,-0.004735767265012594,0.033200037432407785,0.0006208507911828129,0.0011656520484135046,0.030686377353100543,0.0010076697458114194,0.0019936181782960385,-0.05565456883801615,-0.000927724136862291,-2.168404344971009e-18,12.0,-0.014440245221982477,0.010191934938937872,0.674,-0.3612072709949939,0.7181770517258184,-0.019484517090299965,0.0195901974086812,0.966,0.08322210973886325,0.9337256985303929,1000.0,,,
Original | Short Brown hold 3m,team,24,backward,post2010,199,0.0006961116128839086,0.004182221799681415,0.003978874667105149,-0.007464984853902654,-0.0027099134805566674,0.023388784326767546,0.003046982693038105,-0.005141153281854948,-0.009574769284623925,8.573989379497405e-05,0.0013208184860766191,-0.011004000612022339,4.060973894205654e-05,-0.0011439218798490031,0.04637505939950434,0.0015545665640312241,0.00020918530228134597,-0.08578447299351705,-0.0007490242227012114,-8.673617379884035e-19,12.0,-0.015982132107046423,0.0012148759833965688,0.082,-1.574659496165942,0.11693152941234206,-0.020274177236282182,0.03118777011700422,0.768,0.35807619019526826,0.7206677451889844,1000.0,,,
Original | Short Brown hold 3m,team,24,backward,validation,151,0.013054592949737646,0.019071709902690345,0.002464937168121308,-0.008482054121074004,-0.0035398564944868374,0.02140251175854377,0.0027946861248050268,-0.006332628112418219,-0.0071694552597539605,-2.4442619653783574e-05,0.0007196931646999503,-0.015798262376484212,0.0002322658442105627,-0.00037863117443643946,0.06102461559360036,0.0017904864697078614,0.0010493684955675431,-0.10031006403188038,-0.002328058650948359,-3.469446951953614e-18,12.0,-0.019598743581444734,0.0015903058260878598,0.112,-1.437811186291165,0.15257057522405432,-0.0046522430431136476,0.048584715170109226,0.12,1.4977570302318328,0.1362977935061774,1000.0,,,
Original | Short Brown hold 3m,team,24,backward,pre_covid,120,0.004552582996646421,0.0054373468309329735,0.0014706416414391299,-0.0023554054757256816,-0.0020644359648694754,0.026794260190040713,0.0035204978463694464,-0.0015329891338523463,-0.025195108785417517,5.0642168658689236e-05,-0.0005773573124736239,-0.01991521696301522,0.00046760929429159735,-0.0019068511120861463,0.03779126747885107,0.001202518131177041,0.0037262280475559113,-0.10779406496794626,-0.0037706257990576452,-8.673617379884035e-19,12.0,-0.011944659749050046,0.008182271011671115,0.64,-0.41076817276835637,0.6819812468549648,-0.014243574277657427,0.02584324367703097,0.6,0.5069583157935899,0.6131221951532397,1000.0,,,
Original | Short Brown hold 3m,team,24,backward,covid,24,0.059372232325533944,0.09521865070110481,-0.004393499252929383,-0.031452919122641504,-0.004906022390362972,-0.01312263314115634,-0.0030746329449729314,-0.03051319469467023,0.03111824695474355,0.0015372413995643282,0.0013814978603561012,-0.012782188024637079,0.0008647150198666984,0.006208629779053933,0.13545191905927637,-0.0007856211305438048,-0.003623829677018329,-0.10319669300063002,-0.002935201596843673,1.3877787807814457e-17,3.0,-0.04707948463108859,-0.006104360118492951,0.016,-3.2659790260967743,0.0033970216189609832,0.03149804603064813,0.1622660108250852,0.0,2.7914905867859043,0.010370725634359989,1000.0,,,
Original | Short Brown hold 3m,team,24,backward,inflation_rates,36,-0.010422559844970742,-0.011984900517728669,-0.0011585688064783923,0.0027209094792363196,-0.0070507123549942725,-0.0022065617180230214,-0.00012643598644271895,0.0021645488130384435,0.06568213997719748,-0.00368914686205259,0.004866786123377795,0.005739410594426274,0.00023129824695537873,0.0022582567805816724,0.05883407487573963,0.0030358382635881642,0.0004820301172326811,0.007288206899531046,-0.0006101224685266261,-8.673617379884035e-19,4.0,-0.013065767569415705,0.017911293499261526,0.78,0.391261907304398,0.6979755166476351,-0.03306009007620023,0.010995851599765459,0.322,-1.2359797452238486,0.22469727872850973,1000.0,,,
Original | Short Brown hold 3m,team,24,backward,holdout,48,-0.03818161092596849,-0.04265762619103417,0.00626854860663242,-0.0017925333415667326,-9.122496174581753e-05,0.029637266780971533,0.00383283952644914,-0.0017808364471579336,-0.017141486321194017,0.000820220120469133,0.002523337647902605,0.004077947855347301,0.0001262124861229987,-0.0027525326494395475,0.000289997205577303,1.3535619570320619e-05,0.0003087230688739611,-0.04008938451866568,0.0014757408540208286,-3.0357660829594124e-18,6.0,-0.011920711200517235,0.010936023456550235,0.854,-0.32303313325293426,0.7481029759804002,-0.08003367112572611,-0.01109125994097098,0.006,-2.4134974564574603,0.01975094158866094,1000.0,,,
Original | Short Brown hold 3m,team,24,backward,last18,18,-0.08097250944597449,-0.09448973205767514,0.014513471059905001,-0.0009962484482043724,0.007418038895876928,0.10411474254504514,0.012354949448678682,-0.007279658404644117,-0.1102837452396446,0.0028453206271828227,0.0008109533310863736,0.01784045609754554,0.0020266758126811697,-0.0064679514767208655,-0.037435435072781895,-0.0021063671467618614,0.004522369206197308,-0.10930812559767811,-0.0006071076818758109,1.5178830414797062e-17,,,,,,,,,,,,,,,
Original | Short Brown hold 3m,team,24,backward,last12,12,-0.08844939957011083,-0.09716312471841025,0.016298463233589116,-0.007584738085289686,-0.0024729533635302124,0.1433966201150795,0.020892887550767087,-0.001003580353717901,-0.14328148236640373,-0.005115148920480628,0.0021306019283720327,0.021104535404936373,0.0038410254436984136,-0.00858494332042505,-0.06203395607269973,-0.005130208167212267,0.0023461370240114455,-0.14826913139155748,0.0018099073268165182,-1.0408340855860843e-17,,,,,,,,,,,,,,,
Original | Short Brown hold 3m,team,36,centered,full_live_1999,329,7.493602961641506e-05,-0.0030044294664327963,0.0014275980248897122,0.0016517674711595007,0.004035817061148349,0.01051831296208571,0.0008389585453673805,-0.00015210529645306686,0.002890474390130111,5.6087503059546026e-05,0.0004132780713808537,0.03509295549897829,0.0006562489343827168,-0.0012858859331994757,0.02503523396918538,0.0008220992513966296,-0.0013593364317171595,-0.05673872021501224,-0.0009457962093165604,-1.5178830414797062e-18,12.0,-0.0051410888989506295,0.007929584635055388,0.588,0.5012080581818216,0.6165609049099787,-0.018327651715197724,0.010524127307976167,0.702,-0.4655386519427901,0.6418547182549761,1000.0,,,
Original | Short Brown hold 3m,team,36,centered,post2010,199,0.0006961116128839086,-0.0038574594541891374,0.004724730703998802,-0.00017115963692575513,0.00031341532255463344,0.028222546751074298,0.0036767029146344246,0.0008904352755924731,-0.005277608958541295,4.7259794794575825e-05,0.00262751091741912,-0.010172482073908463,3.754105947275586e-05,-0.0013595800704154094,0.04868959993019379,0.0016321536844941546,-0.0026429410820765723,-0.07661104531620458,-0.0006689267493971086,-6.505213034913027e-19,12.0,-0.005032459243641905,0.004393381717194573,0.984,-0.0711726715925723,0.9433321677335051,-0.02544010982984036,0.01765907331552448,0.672,-0.4323445442018805,0.6659615124941431,1000.0,,,
Original | Short Brown hold 3m,team,36,centered,validation,151,0.013054592949737646,0.009459405340345985,0.0032892997598133514,0.0003058878495783142,0.00030365317695489244,0.020862338083058103,0.0027241516056375702,0.0007820423923780614,0.0111310477973893,3.794876427878134e-05,0.003274138598211896,-0.012180756388997854,0.0001790813190965248,-0.0012474721725852487,0.07227646512153307,0.0021206202057909946,-0.002806474145381287,-0.07637256156975043,-0.0017725021349905196,-3.7947076036992655e-18,12.0,-0.004643534389233195,0.004569757926437224,0.854,0.1109970715694177,0.9117670487588319,-0.007101134043159796,0.029074932008982163,0.322,1.1052472124002823,0.27082211078567403,1000.0,,,
Original | Short Brown hold 3m,team,36,centered,pre_covid,120,0.004552582996646421,-7.345531585082333e-05,0.002438095224731019,0.002187943087766226,0.0003502035826882119,0.02705031014525693,0.003554140249985306,0.0001399872157030681,-0.018141708335757886,3.646483375487337e-05,0.002666557828498708,-0.014209460218359558,0.00033363812592708243,-0.0012476208949172606,0.05868772014411294,0.0018674432549856735,0.00027881535579349874,-0.09587194573442528,-0.003353591239921917,-8.673617379884035e-19,12.0,-0.002411374408066379,0.006152238823098639,0.328,0.8122343097635794,0.41827905352818906,-0.014384730356074866,0.014797686516004162,0.982,-0.009846243462981102,0.9921604491270232,1000.0,,,
Original | Short Brown hold 3m,team,36,centered,covid,24,0.059372232325533944,0.05815085305437308,0.0052884284562308235,-0.004067049185069957,-0.0006731062469403893,-0.0006065081049124362,-0.00014210484898098384,0.0023327384495670112,0.12378480169563284,0.00611496920376425,0.0065831622510481545,-0.0038748836619281637,0.00026213587972944027,-3.991220203306781e-05,0.14277731394900123,-0.0008281084209042091,-0.012269931436711666,-0.0041649700437181685,-0.00011846335737767291,0.0,3.0,-0.012855024652041252,0.004583331543889952,0.474,-1.3377188364130128,0.1940661607206167,0.013399393096148883,0.1055541360285797,0.002,2.8632385037914956,0.008790038867041387,1000.0,,,
Original | Short Brown hold 3m,team,36,centered,inflation_rates,36,-0.010422559844970742,-0.010200790127945777,0.002332323978513762,-0.002554093695538725,0.0015930638063227655,0.008603142183950559,0.0004929600471403664,-0.0029204220297147135,0.0007992325105296113,-4.489022600807982e-05,-5.4588441142399465e-06,-0.011718011123039359,-0.00047223584825848585,0.0013294963258695166,0.0021135621310405706,0.00010905980596169342,-0.0025507729539020543,-0.026846636753215667,0.0022474301996782678,-2.6020852139652106e-18,4.0,-0.011766089727801599,0.005359341128157279,0.586,-0.6705363214662072,0.506916776839049,-0.025283483100349474,0.0057767547431120505,0.232,-1.3318907466354437,0.19150492859743004,1000.0,,,
Original | Short Brown hold 3m,team,36,centered,holdout,48,-0.03818161092596849,-0.04575009662033089,0.010904514992981475,-0.003336029298619078,0.00037312539442753987,0.051376536519208565,0.0066442705853466425,-0.001414525958241692,-0.056896508336572955,0.0027224979239050136,0.00030491261789699324,-0.0038547857910230855,-0.00011930562023216426,-0.0004260193050486129,-0.025510746817561047,-0.001190714107709662,-0.002173522047653306,-0.07736127543525821,0.0028477662116716458,3.469446951953614e-18,6.0,-0.008095869078469623,0.004222826761493233,0.354,-1.3564376229004673,0.18144037398377197,-0.08324171600218185,-0.015109028402824343,0.0,-2.6125102752833134,0.012031190112380111,1000.0,,,
Original | Short Brown hold 3m,team,36,centered,last18,18,-0.08097250944597449,-0.09432878954035841,0.013356280094383919,0.0,0.0,0.10921540325940166,0.012960227853448988,-1.2839532962581572e-34,-0.09857088387015925,0.0025431288038501015,0.0,0.010297731674266113,0.0011698223181966282,1.2839532962581572e-34,-0.045054726456762194,-0.002535079275300486,0.0,-0.14076454345414074,-0.0007818196058113134,-3.469446951953614e-18,,,,,,,,,,,,,,,
Original | Short Brown hold 3m,team,36,centered,last12,12,-0.08844939957011083,-0.10070956408603199,0.012260164515921159,-1.925929944387236e-34,4.81482486096809e-35,0.10921540325940167,0.015912684254894824,0.0,-0.09857088387015923,-0.0035189805541646947,0.0,0.010297731674266114,0.0018741871647164298,-1.925929944387236e-34,-0.04505472645676218,-0.0037260258779742324,-4.81482486096809e-35,-0.14076454345414072,0.0017182995284488343,-1.7347234759768069e-18,,,,,,,,,,,,,,,
Original | Short Brown hold 3m,team,24,centered,full_live_1999,329,7.493602961641506e-05,-0.005873481065587433,0.0015470128487045196,0.004401404246499328,0.0025093139568722646,0.015901469131688738,0.0012683282442739298,-0.00027409580534686686,-0.006897815489396243,-0.00013384697290062507,0.0009515397391345514,0.0341612090051113,0.0006388249917417828,0.001202360916644505,0.020617872248481505,0.0006770432967285555,1.2285439194873529e-05,-0.05419155670999012,-0.0009033367111391237,0.0,12.0,-0.0029926030943213666,0.012234399121742815,0.252,1.0787373194515038,0.28149748936748464,-0.021304612603431628,0.007647104160091961,0.402,-0.9335211106708269,0.35123766536035417,1000.0,,,
Original | Short Brown hold 3m,team,24,centered,post2010,199,0.0006961116128839086,-0.003852740263692502,0.005415515070456253,-0.0008666631938798393,-0.000706930792317594,0.03447510065734306,0.0044912567312637534,0.0026812420221490334,-0.016504552445486757,0.00014779453496410755,0.0010928907009051482,-0.016480779209205213,6.082152890070541e-05,-0.0023186685496885146,0.043432852342340976,0.0014559390522878803,-0.0016151965749279127,-0.08478493344488565,-0.0007402967769601932,-2.710505431213761e-18,12.0,-0.00661732806726866,0.0038800456238111095,0.772,-0.32384886330786483,0.7463942810761927,-0.025089716802497008,0.016970088371845247,0.68,-0.43673005199072873,0.6627830173615885,1000.0,,,
Original | Short Brown hold 3m,team,24,centered,validation,151,0.013054592949737646,0.009972156133069001,0.0037679966161502675,-0.0006855597994816205,-0.0008101471447522616,0.026742187086939217,0.003491927491593362,0.0023517708143204496,0.0016166515344316378,5.511604039241077e-06,0.001384369387797741,-0.0247131694107232,0.0003633326893497055,-0.0027234006557907567,0.06621010363282924,0.00194263074923766,-0.0008881522010567922,-0.08770040990559604,-0.0020354059180697015,-1.951563910473908e-18,12.0,-0.005830230006163007,0.004171007272858651,0.78,-0.22596161068331122,0.8215388770312486,-0.005114425354669496,0.02920313500696372,0.246,1.2506750202041825,0.21300043571340696,1000.0,,,
Original | Short Brown hold 3m,team,24,centered,pre_covid,120,0.004552582996646421,0.00066501318788416,0.0026560679808991733,0.0012315018278630898,-0.0013120681054315734,0.030450432207662238,0.004000882287764739,0.001432603965033316,-0.03168985040745089,6.369659931897632e-05,0.0019926964077170237,-0.03593659325154932,0.0008437912095463781,-0.0021506419043817544,0.04695274543708935,0.0014940363598081828,0.0012689114649260776,-0.10709974273371407,-0.003746338475539103,-1.951563910473908e-18,12.0,-0.003429707866472927,0.006031885726907976,0.592,0.37904687352424304,0.7053285375925695,-0.011962283073596232,0.013900543813053017,0.912,0.10248323476302741,0.9185456152290531,1000.0,,,
Original | Short Brown hold 3m,team,24,centered,covid,24,0.059372232325533944,0.058493455446330944,0.00878199990856336,-0.007903223029360362,-0.00020265868644400134,0.01743049821969379,0.004083965732874255,0.0008627990245533143,0.16245978641186318,0.008025513448746024,0.0019753443564103582,0.03130868428690543,-0.0021180324920091528,-0.0019478056754600138,0.17696007944828532,-0.0010263684608000573,-0.00859090204842002,-0.006436722176081588,-0.00018307832024770808,1.734723475976807e-18,3.0,-0.015581162936381529,0.004952891298757145,0.214,-2.1008191713177116,0.04681879049014477,0.016240518839310804,0.10359145292801214,0.006,2.9950829135915336,0.006464507959716518,1000.0,,,
Original | Short Brown hold 3m,team,24,centered,inflation_rates,36,-0.010422559844970742,-0.01028947594791944,0.003087439072299633,-0.0032205229693509324,0.0012279685452511843,0.007162294576647872,0.00041039947924192255,-0.0018557485886854096,-0.025491274935898905,0.0014317599422329877,-0.003727764336484349,-0.0008633944841932747,-3.4794797712988946e-05,0.001573609297552677,-0.005661473774077949,-0.0002921320467424221,-0.000438587886985035,-0.01878076421945135,0.0015722064952801331,-2.6020852139652106e-18,4.0,-0.00989610223808668,0.003065295929388973,0.376,-1.051385138949156,0.30028701455091417,-0.026442984189932548,0.004299952640087566,0.216,-1.2398417921678062,0.22328256596275398,1000.0,,,
Original | Short Brown hold 3m,team,24,centered,holdout,48,-0.03818161092596849,-0.04734356017850473,0.012879686111750445,-0.0037177368592141978,-0.0003517608653043126,0.05880155793090508,0.007604511479414293,0.000795602759585515,-0.07351083996564668,0.0035174936923561906,-0.0010063353814997596,0.00941694829973678,0.0002914545498768528,0.00019663504834427326,-0.02822058400898672,-0.0013171957586194552,-0.003351878420339914,-0.07561333041223423,0.0027834221487225666,-3.0357660829594124e-18,6.0,-0.010271772621896502,0.004945554617986564,0.402,-1.1749243824793831,0.24594325087067168,-0.08569297263117609,-0.014043538511463975,0.0,-2.5315403714774116,0.014759656300204482,1000.0,,,
Original | Short Brown hold 3m,team,24,centered,last18,18,-0.08097250944597449,-0.09783687032158847,0.016872411372988838,-8.050497374838587e-06,-0.0030867087246433454,0.13198766663575986,0.015662536440776826,0.004793145017503942,-0.1276127706729834,0.003292409483362963,-0.0005094057931758468,0.016348235511029374,0.0018571595540529335,-0.00025393828259777634,-0.05330182236877498,-0.002999115871949739,-0.0009511427144618123,-0.16934861265026394,-0.000940578233254146,-2.0491421059976034e-17,,,,,,,,,,,,,,,
Original | Short Brown hold 3m,team,24,centered,last12,12,-0.08844939957011083,-0.10476557398214098,0.016316174412030156,-4.81482486096809e-35,-4.81482486096809e-35,0.12036235646758736,0.01753679533732748,0.0,-0.10989322000854829,-0.003923187954305185,0.0,0.02127875137380583,0.003872732750032654,0.0,-0.03742869163929191,-0.003095352798569441,0.0,-0.15771294558814367,0.001925187077544649,-6.938893903907228e-18,,,,,,,,,,,,,,,
Original | Short Brown hold 3m,team,36,structural,full_live_1999,329,7.493602961641506e-05,0.006367009090839962,0.0009025203774840678,-0.0071945934387076145,-0.00016982115473863842,0.006934703972712349,0.0005531237926149796,-0.0008592418606403094,0.004419627023626289,8.575957118185486e-05,-0.003565936236980715,0.015008761133015589,0.00028066839512086634,-0.0023975148912499093,0.007309780334223704,0.00024003630036115257,-0.00020207929509804206,-0.01542160047798865,-0.0002570676817947854,-8.673617379884035e-19,12.0,-0.01580270104192787,8.701692248130576e-05,0.052,-1.7058066671050907,0.08899074306712013,-0.00915297537436647,0.021469707478552633,0.426,0.8559420777749875,0.39265466552852085,1000.0,,,
Original | Short Brown hold 3m,team,36,structural,post2010,199,0.0006961116128839086,0.0043092505335860926,0.0009679560112920535,-0.004581094931994237,0.000546530759804837,0.005748014128895488,0.0007488247069788426,-0.0005869325811799439,0.00039670984155641003,-3.552446922882024e-06,-0.0026450645482462756,-0.004577289148940914,1.6892267090362946e-05,0.0002454194856483814,0.014756635432692925,0.0004946661489668743,-0.002141048048021236,-0.03308432508830352,-0.00028887466482114415,-8.673617379884035e-19,12.0,-0.009256595293200564,0.0006599889043057293,0.0928,-1.7328965911880978,0.08467102974434931,-0.017315621119571717,0.027362766056394927,0.678,0.43650078452828045,0.662949033247816,5000.0,,,
Original | Short Brown hold 3m,team,36,structural,validation,151,0.013054592949737646,0.017722081566245558,-9.81874459567107e-06,-0.004657669871912238,0.0008091710468686548,0.005725626663657588,0.000747637920878605,-0.001051205860420953,0.001592630499922474,5.42970981033169e-06,-0.003958961670391421,-0.009367213766754283,0.000137716652729765,-0.00011476873280589996,0.015430846805017927,0.0004527471767215327,-0.00034190465516262014,-0.05831238213836066,-0.0013533502047359057,-2.6020852139652106e-18,12.0,-0.010588361756278248,0.0015198123295843227,0.158,-1.4543255029504714,0.14794535516037852,-0.0018549716034319795,0.04093668882855297,0.072,1.7521052110895499,0.0817992235698125,1000.0,,,
Original | Short Brown hold 3m,team,36,structural,pre_covid,120,0.004552582996646421,0.007847812169203279,-0.0014205475010711343,-0.0018746816714857262,0.00019312656875881935,0.004680640561600237,0.0006149893633886547,-0.0003990360990285969,0.00019520354321489694,-3.923591218619431e-07,-0.002652214186151102,-0.018813725426716964,0.00044174627301931437,-0.001014792196854634,0.01046215381334991,0.0003329057343407941,0.0019982342417897876,-0.08032602649464089,-0.0028097965126980358,2.6020852139652106e-18,12.0,-0.008120466315224685,0.004813727030067362,0.61,-0.5404269548064672,0.5899126718413478,-0.008681777492714184,0.02591236246502891,0.39,0.90266911661582,0.3685250511294084,1000.0,,,
Original | Short Brown hold 3m,team,36,structural,covid,24,0.059372232325533944,0.07226236900827859,0.0017556512611696642,-0.014645787943914296,0.0027973528700229455,0.012620531617511137,0.00295699055798286,-0.005029320212962188,0.00904428251260441,0.00044678755612265685,-0.0106128966161028,0.0351332405177558,-0.0023767637210261802,0.005795574879611021,0.04477497541482158,-0.00025969485740596576,-0.007596498864483275,0.0347480615193519,0.0009883317254962929,-1.734723475976807e-17,3.0,-0.02369497656762464,-0.0020391353321837116,0.022,-2.495210861744869,0.020206366662155043,0.015683758990224523,0.12683194246318072,0.004,2.561295467955968,0.017454708236764482,1000.0,,,
Original | Short Brown hold 3m,team,36,structural,inflation_rates,36,-0.010422559844970742,-0.008025023208584508,-0.0012243419787853378,-0.0011731946576008941,-0.0003727718809648979,0.004796515002284784,0.00027484030963091774,0.0006522054602419445,0.0033815468060397983,-0.00018993021227256857,0.001510802627300236,0.014418997995971402,0.0005810856192376471,0.0009941139251800856,0.01740150921154136,0.000897917875315534,-0.003957544789358262,0.03330705642931416,-0.0027882555706968677,-2.168404344971009e-18,4.0,-0.008264956199510367,0.0055620377205548134,0.738,-0.48922441381986714,0.6277348551751915,-0.02572025602606546,0.009518822621555584,0.428,-0.9612453682267371,0.3430230070902482,1000.0,,,
Original | Short Brown hold 3m,team,36,structural,holdout,48,-0.03818161092596849,-0.03788528042332182,0.00012438817176304033,-0.00042071867440970695,-0.0002796036009716929,0.005818441363289712,0.0007524699293074414,0.0006807478330188121,-0.003365457229553496,0.00016103712843413463,0.0008003387764881312,0.010491015377930306,0.00032469692594694235,0.0014152775295846608,0.012635678823920521,0.0005897703091064904,-0.003037479212529618,0.04627893771500128,-0.0017035861210319685,1.8431436932253575e-18,6.0,-0.005360479247743972,0.005345237437899658,0.99,-0.16858553824665037,0.8668460790341548,-0.0760394048110665,-0.0064775964152964174,0.014,-2.1575267279813306,0.036108218398071386,1000.0,,,
Original | Short Brown hold 3m,team,36,structural,last18,18,-0.08097250944597449,-0.0849773680450225,0.0012640698263742679,0.0027407887726737523,0.000753999467366757,0.005922813630869666,0.0007028405508631999,0.0009141781286841732,-0.015737646224222256,0.00040603127258493304,-0.0010857632003852217,-0.0008619549841286563,-9.791808619701518e-05,0.0016250670628103667,-0.0011078748926279902,-6.233642729186825e-05,0.0005333073141976773,0.05679638771470844,0.00031545251641501825,-1.474514954580286e-17,,,,,,,,,,,,,,,
Original | Short Brown hold 3m,team,36,structural,last12,12,-0.08844939957011083,-0.08868833123248711,-0.0014576901939640013,0.0016966218563402753,-0.0011008096161677645,0.011260151122058831,0.0016406040184839717,0.0010266096574724605,-0.011941951094821176,-0.0004263276540851172,-0.0004066269201851298,-0.008522507875885765,-0.0015510964334112067,0.0012099262987985949,-0.003355778092940577,-0.0002775228482861857,0.0009675224364221141,0.06908771864721013,-0.0008433472766654636,2.6020852139652106e-18,,,,,,,,,,,,,,,
Original | Short Brown hold 3m,team,36,backward_eom,post2010,199,0.0006961116128839086,0.005270595676142102,0.002377110737288058,-0.00695159480054625,7.908358765089689e-05,0.008672307261822939,0.0011297880969914935,-0.0024931547464742947,0.0002478164834901447,-2.2191405707509443e-06,-0.002792153046917281,-0.0016942991000616547,6.2527299451521915e-06,-0.003073952003908478,0.06364166548719839,0.0021333709654874525,,,,-8.673617379884035e-19,12.0,-0.01394175449919335,0.0007693855330575597,0.0776,-1.7276843812332037,0.08560407697665902,-0.018635856683004336,0.029990254493840157,0.6464,0.4854687783692242,0.6278806001988104,5000.0,0.001328581409102907,-0.09320948618018707,-0.0008900819145652894
Original | Short Brown hold 3m,team,36,backward_eom,validation,151,0.013054592949737646,0.01990341328370285,-0.00010998922069195864,-0.00673883111327324,2.8233070308062997e-05,0.007100233788501149,0.0009271306599644688,-0.00217414459804506,-0.009495715847875699,-3.2373473632360155e-05,-0.004394317114971974,-0.00013878631747484647,2.0404346012858232e-06,-0.0028560081902439297,0.07317720060516784,0.0021470481427889776,,,,-5.204170427930421e-18,12.0,-0.015076366930328914,0.002782796984352954,0.17,-1.4210071146942949,0.15739022303703867,-0.002275090194514766,0.04587158760781667,0.08,1.7775301775460133,0.07750740448649508,1000.0,0.002657405719679661,-0.11884003401311634,-0.0031538349844143316
Original | Short Brown hold 3m,team,36,backward_eom,pre_covid,120,0.004552582996646421,0.011938228737706353,-0.0005047211203787092,-0.006880924620681218,0.00020888698693255665,0.013021648068084783,0.0017109143396656585,-0.0005318381146187084,-0.023563517629809055,4.736267043591622e-05,-0.0037688924056719624,0.01270441874532976,-0.0002982997521403428,-0.003169585588689093,0.05542914215070554,0.0017637553032354499,,,,-4.336808689942018e-18,12.0,-0.013718858879445017,0.0015167567660100457,0.108,-1.4762176996348386,0.14252675839187262,-0.006072758608377153,0.03125331512872644,0.22,1.237258800009195,0.21842692623482324,1000.0,0.00038050450136598805,-0.10180334587025386,-0.0037284536815753904
Original | Short Brown hold 3m,team,36,backward_eom,covid,24,0.059372232325533944,0.08152433815215208,-0.004659564615210271,-0.017492541211407867,-0.003360352635390432,-0.014979843859283583,-0.0035097774162301445,-0.011753589043777997,0.028900814578265308,0.0014277002401663034,-0.005133629346661522,-0.049665948401862225,0.0033599014093859798,-0.001029030675058779,0.1408027059464508,-0.0008166556944894165,,,,-3.469446951953614e-18,3.0,-0.026616354479362593,-0.0025110125928486634,0.012,-2.942415483488981,0.0073125144214406836,0.029005368703091828,0.1348999826007253,0.0,2.9947757743049706,0.006469168579192399,1000.0,0.0037840604894808574,-0.17811517602329155,-0.005120733154042993
Original | Short Brown hold 3m,team,36,backward_eom,inflation_rates,36,-0.010422559844970742,-0.01581334379744986,-0.0004796072891486101,0.005870391241627727,0.0014502424470654379,-0.01111142535820892,-0.0006366846730253702,-6.252905434085412e-05,0.08793974789849542,-0.00493928250696549,-0.0015411346435391473,-0.01787462754618939,-0.000720347490111432,-0.00323039151420711,0.08704919624478741,0.0044917385262310296,,,,8.673617379884035e-19,4.0,-0.009670149979181848,0.02191779358592507,0.56,0.7810504331125927,0.44002407073232835,-0.04347308547693842,0.014761272610095789,0.304,-1.082830323599181,0.2862875543934662,1000.0,0.0092542040066494,-0.015391926887192061,0.0013249688547226515
Original | Short Brown hold 3m,team,36,backward_eom,holdout,48,-0.03818161092596849,-0.04076180971430941,0.002201267460373744,0.0003789313279671917,0.00024524497336776913,0.013617788396647736,0.001761120484396467,-0.0019255324681033202,0.030899345275911847,-0.0014785336714523806,0.002471380783653167,-0.00658768306194932,-0.00020388879076733103,-0.0032395773019018867,0.03364446126191947,0.0015703552294000914,,,,-9.75781955236954e-18,6.0,-0.011891418202041147,0.01631822204010862,0.866,0.06126238074537786,0.9514100256931146,-0.0807047581064288,-0.0077755479913394635,0.016,-2.081816400163411,0.04283025193278991,1000.0,0.002827415340951462,-0.01258005445576364,0.0005522142087968969
Original | Short Brown hold 3m,team,36,backward_eom,last18,18,-0.08097250944597449,-0.09872539446684805,0.00638136531422337,0.011371519706650207,0.0023120159901877015,0.052624106610783684,0.006244727317812994,-0.002235868539013951,-0.05345815433340783,0.001379220381801918,0.00343053407189251,-0.000820314863247853,-9.318776846495594e-05,0.000481306753788892,-0.027660226280169387,-0.0015563487320308642,,,,-1.3877787807814457e-17,,,,,,,,,,,,,0.007383531429795054,-0.08417697952873199,0.00040695411510427773
Original | Short Brown hold 3m,team,36,backward_eom,last12,12,-0.08844939957011083,-0.10666643380970087,0.009781910339429281,0.00843512390016077,-0.0024513209568593846,0.07895722668420278,0.011504067927888346,-0.0003486031070943209,-0.0708200186287686,-0.0025282746650470466,0.0026737697301854714,0.007322512485396503,0.0013326972723421613,0.000685066823036558,-0.041818291236369716,-0.0034583726852477755,,,,-1.5612511283791264e-17,,,,,,,,,,,,,0.007876211410892446,-0.11625996715008091,0.002931792489493595
Pure | Short Brown hold 3m,team,36,backward,full_live_1999,329,0.00034060282524959936,0.0048898716251716086,0.0009052216051850301,-0.005454490405107041,0.0010897567937970213,-0.000979240308613593,-7.810587380703478e-05,-0.0012422646387857802,-0.0077061292474781525,-0.00014953169944042724,-0.006013581547454046,0.033316564014741666,0.0006230298736908706,0.0005201915026071119,0.03321906113880637,0.0010908372307574725,0.00019140748472865337,-0.03485491465517622,-0.000581007926015851,1.734723475976807e-18,12.0,-0.014504258437896185,0.005115724004424673,0.344,-1.0590502519474443,0.290356170129178,-0.012973949652350195,0.023001939208087567,0.596,0.5660428328638482,0.5717517150403089,1000.0,,,
Pure | Short Brown hold 3m,team,36,backward,post2010,199,0.0054559994061238425,0.012656206168193311,0.002519939569078449,-0.009720146331147914,-0.00047547206712125056,0.009660920756095778,0.001258580092550913,-0.002804855309778755,0.00047140468117064943,-4.2213223208346606e-06,-0.0020979557017358746,0.009759337386476916,-3.6016368726777324e-05,-0.0027745424551299538,0.05551786672757053,0.0018610481676697363,-0.0015673207973820806,-0.06407297354915395,-0.0005594510000945883,-3.469446951953614e-18,12.0,-0.016586970895614624,-0.002443148997868228,0.0064,-2.425000502990959,0.016205746127658714,-0.008527764308339654,0.035057050222849544,0.2636,1.241709147958082,0.21581277869944418,5000.0,,,
Pure | Short Brown hold 3m,team,36,backward,validation,151,0.014083305236023674,0.02336169768518686,0.000907786909629009,-0.010186179358792192,-0.0005522929793455584,0.010924875140048017,0.0014265427027242033,-0.002810080028348362,-0.011211274229814407,-3.8222277970254474e-05,-0.0035910066742586236,0.014332811057979249,-0.00021072079833585396,-0.0030633502026953547,0.058447936494432536,0.0017148856810922778,-0.00016944947414429382,-0.08551555318176822,-0.0019846983978813633,-1.734723475976807e-18,12.0,-0.01901338027722704,-0.0016693037398550627,0.018,-1.9788493759719261,0.04966395270638012,0.0001817375375403423,0.04924330436661856,0.05,1.936653880453464,0.05466738228983086,1000.0,,,
Pure | Short Brown hold 3m,team,36,backward,pre_covid,120,0.005162252135846181,0.014277035753689866,-0.0003594171610968157,-0.008755366456746867,-0.0005580621394262286,0.01502211784629079,0.0019737560638241457,-0.0010853421980807532,-0.027112830504099152,5.449678931323932e-05,-0.003915913910286094,0.023100114756204562,-0.0005423906944756831,-0.0032606801647557136,0.03851862910042254,0.0012256627779754451,6.463195580192361e-05,-0.0877916159377753,-0.0030709420977339625,-3.469446951953614e-18,12.0,-0.01669886184601736,0.00028217158782805203,0.06,-1.5923811401038712,0.11395199336641954,-0.007083818413448925,0.03491316264328587,0.216,1.2491400995086948,0.21406537588213156,1000.0,,,
Pure | Short Brown hold 3m,team,36,backward,covid,24,0.06279620143075137,0.08479401116881431,-0.001103511519481537,-0.020894298218581405,-0.0027277581091797822,-0.004180345018536939,-0.000979454837843205,-0.012920331894832594,0.03158479575487838,0.0015602889102909888,-0.0006907747495420611,-0.021725510909595635,0.0014697308130341446,-0.001603138048568216,0.1337920975038888,-0.0007759941655225568,-0.0029522954164587535,-0.08360932450354776,-0.002378082239440909,3.469446951953614e-18,3.0,-0.032844653836822515,-0.004341670581078827,0.012,-2.9435886589665206,0.007292516744359345,0.03070223411880435,0.13970005413663572,0.0,3.0065766710199684,0.0062923933632738765,1000.0,,,
Pure | Short Brown hold 3m,team,36,backward,inflation_rates,36,-0.010422559844970742,-0.010007351599179632,-0.0022220673825936498,0.0018068591368025435,0.0011661940486781745,-0.002541887061688399,-0.00014565012863474507,0.000181369066813559,0.08578062970075387,-0.004818012034859007,0.0010799165834682542,-0.01000129290285486,-0.0004030521039850506,-0.0031996995493816884,0.08657619165985872,0.0044673314896487085,0.002579078987224244,0.015800104994691824,-0.001322684604763557,-3.686287386450715e-18,4.0,-0.008604875237838412,0.011559217310854564,0.774,0.3350398610980902,0.7395948255316592,-0.030569721214716416,0.015466628963821762,0.412,-0.9146601827336484,0.36662875619284646,1000.0,,,
Pure | Short Brown hold 3m,team,36,backward,holdout,48,-0.021684066850436043,-0.021021485895682236,0.0008473917263588874,-0.0015099726811126975,-0.00023878639268363512,0.0056847309232460315,0.0007351778266487924,-0.0009045507331772633,0.037223165421977844,-0.0017811284654416382,0.003255746567675643,-0.004628048538457514,-0.00014323810226525978,-0.001706219522861601,0.04630035558598381,0.0021610690969757944,-0.0019161626000658415,0.0033818082117784173,-0.0001244886295588017,3.469446951953614e-18,6.0,-0.008641560463599022,0.007300139853632041,0.882,-0.38779665247314743,0.6999173356027094,-0.041208824665003245,-0.0008589199916977226,0.04,-1.9347314004407883,0.05905478727599971,1000.0,,,
Pure | Short Brown hold 3m,team,36,backward,last18,18,-0.03697905857788797,-0.04858523984356772,0.003355414897373783,0.008250766368305962,0.00031961525927845324,0.018480905145214513,0.0021930674105654544,-0.0007263044002585028,-0.026553688433518994,0.0006850851615847882,0.003474771534803369,0.00350630380656731,0.0003983161124260457,0.0038124082836669656,0.0056706813237218144,0.00031907033581474745,0.0013702756908156764,-0.04323371056136839,-0.00024012412301725234,3.469446951953614e-18,,,,,,,,,,,,,,,
Pure | Short Brown hold 3m,team,36,backward,last12,12,-0.02245922326798106,-0.03301149793698286,0.006978290639228868,0.003573984029772928,-0.003079448691469061,0.028955340729356002,0.00421879314426717,-0.0006887392719082421,-0.031149323800187687,-0.0011120308596667037,0.0020343227028689057,0.014412901773651446,0.0026231481228045587,0.004567783677785793,0.007797780647325933,0.0006448764595338546,0.0007400656124955324,-0.04943953692168016,0.0006035037722899873,3.0357660829594124e-18,,,,,,,,,,,,,,,
Pure | Short Brown hold 3m,team,24,backward,full_live_1999,329,0.00034060282524959936,0.0029487412499278297,0.0008408604826716302,-0.0034489989073498597,0.0016167584935012054,0.007511152090161209,0.0005991022756509857,-0.002658170027662091,-0.014717990336766311,-0.00028559164227938053,-0.004285545656130697,0.0255319638836898,0.00047745548510034336,5.3407059895760876e-05,0.02123544938802799,0.0006973231033692985,0.0018245512230459617,-0.038839527721777914,-0.0006474287391696168,-8.673617379884035e-19,12.0,-0.014421920628053104,0.007917397264365128,0.604,-0.5571775992810895,0.5777860985117903,-0.015360834061370978,0.021338539954537515,0.766,0.30618346549851,0.759659214709172,1000.0,,,
Pure | Short Brown hold 3m,team,24,backward,post2010,199,0.0054559994061238425,0.009852623921783973,0.0038578093675860838,-0.008254433883246207,-0.0030275735674067513,0.022681417002876347,0.0029548301483224544,-0.00645949896388527,-0.013663293220635976,0.00012235170110137344,0.0005539157402752305,-0.015134777953965887,5.585417552458598e-05,-0.00022227140795990976,0.042003834651943815,0.0014080360813878733,0.0009009943157304915,-0.07825292184599265,-0.0006832627387502031,-6.938893903907228e-18,12.0,-0.016955896380298076,0.0008249248969588095,0.074,-1.6795024409456358,0.09463138277777275,-0.013830891978602022,0.03480696753329055,0.454,0.8743389399898585,0.38299297609400546,1000.0,,,
Pure | Short Brown hold 3m,team,24,backward,validation,151,0.014083305236023674,0.02268287856523869,0.002520741870673525,-0.011120315199888535,-0.003970620746315913,0.022183887408636496,0.0028967161908183266,-0.008188431701147735,-0.014299732473770583,-4.8751670711901045e-05,-0.0008862520363341886,-0.023572564609207296,0.000346563532665167,-0.0001455101796302587,0.05065799960100806,0.0014863258373000406,0.002070499463539561,-0.09307367531036705,-0.0021601120193981086,-5.204170427930421e-18,12.0,-0.0219811247999629,-0.0009426887877155923,0.028,-1.8083316742944664,0.07255799050345832,-0.0015087121294105762,0.052919320364625065,0.074,1.703601193043426,0.09052646595130598,1000.0,,,
Pure | Short Brown hold 3m,team,24,backward,pre_covid,120,0.005162252135846181,0.009456699818984084,0.0017552848501979324,-0.006049732533335832,-0.002584916040905181,0.027296097475820277,0.003586434247348024,-0.004062295834144098,-0.032428729560171586,6.518174641594492e-05,-0.002427956051713052,-0.028440983039883412,0.0006677942817764626,-0.0015793856212616198,0.02484063005763211,0.0007904288484338536,0.004604821014688118,-0.09589947679674848,-0.003354554273776352,-4.336808689942018e-18,12.0,-0.014962867675919082,0.0038714672156548624,0.266,-0.9632040879981568,0.3373983406605254,-0.012332538340631716,0.02986974116055703,0.392,0.8009000479200833,0.4247856779389314,1000.0,,,
Pure | Short Brown hold 3m,team,24,backward,covid,24,0.06279620143075137,0.09816718414020811,-0.004321571611751486,-0.031049411097705273,-0.005003511555681411,-0.011639025155343355,-0.002727023593896949,-0.029761473576282553,0.026178187725443353,0.001293202473636899,0.0011029133940155013,-0.015784981892572467,0.0010678540250325275,0.006254040962708894,0.1354322925174715,-0.0007855072966013365,-0.0036413803224657057,-0.1114552233612489,-0.0031700972199226267,2.0816681711721685e-17,3.0,-0.04649812568878635,-0.006472175359504499,0.012,-3.255470655928549,0.0034838012339199545,0.0340379235896687,0.16468290874486238,0.0,2.8567123482919707,0.008923757792519681,1000.0,,,
Pure | Short Brown hold 3m,team,24,backward,inflation_rates,36,-0.010422559844970742,-0.013152661225100965,-0.00034600492019612765,0.0030761063003263535,-0.007199099211853604,7.509352152171936e-05,4.3028587831945135e-06,0.002402631722129811,0.059506981034200886,-0.0033423087680876148,0.004685842808959078,0.0009572203089246179,3.8575978449662075e-05,0.0021148429636430096,0.05944055503248288,0.0030671326396761157,0.0010718880174480586,0.0013582924233815333,-0.00011370762901748547,-3.0357660829594124e-18,4.0,-0.012833837388296784,0.018593251168887114,0.754,0.4303825550904725,0.6695560635469208,-0.034236805673751536,0.009728982840462665,0.286,-1.3544448362598478,0.18427448952573855,1000.0,,,
Pure | Short Brown hold 3m,team,24,backward,holdout,48,-0.021684066850436043,-0.030509218810750638,0.00590092178097932,0.0029242301793352813,-5.8943998661046756e-05,0.02424656218475586,0.0031356866545435486,-0.0009179369094731522,-0.011661161403483375,0.0005579865731566789,0.0038726631121387403,0.011409092565647714,0.00035311141490679607,8.177501009301157e-06,0.014779274083012488,0.0006898226178246079,2.0270474321438972e-05,-0.0316293015726482,0.001164314520547689,-6.5052130349130266e-18,6.0,-0.004445590572863066,0.0124300900116546,0.462,0.7439788484674964,0.4605927259426851,-0.05048461938535679,-0.01006604808070885,0.006,-2.9720809853914885,0.004651891008878897,1000.0,,,
Pure | Short Brown hold 3m,team,24,backward,last18,18,-0.03697905857788797,-0.06019182946549741,0.016876973765751792,0.006335797121857641,0.007720701369594166,0.08640736743221075,0.010253674268622335,-0.005965000208399249,-0.08832344673102398,0.002278744925660412,0.0015413421021634502,0.042578963946763686,0.004836970304352346,0.0007571377403471045,-0.000610961898210294,-3.437678947263255e-05,0.0022816161181521697,-0.08246869517490837,-0.00045803894341067187,5.204170427930421e-18,,,,,,,,,,,,,,,
Pure | Short Brown hold 3m,team,24,backward,last12,12,-0.02245922326798106,-0.0457162708301437,0.024434739327747416,-0.0011776917655847902,-0.0013009255921289215,0.11683555744582791,0.017022940719857126,-0.0010574305967708557,-0.11034103460347279,-0.00393917493534399,0.0006880141796578709,0.05821229717876358,0.010594638086534955,0.0007926001438051389,-0.00679724631084233,-0.0005621322699066606,-0.0002999499001480226,-0.10800998575740285,0.0013184677266059874,1.2576745200831851e-17,,,,,,,,,,,,,,,
Pure | Short Brown hold 3m,team,36,centered,full_live_1999,329,0.00034060282524959936,-0.0011344178461004033,0.0012741935639547176,0.00020082710739528341,0.003848928872029516,0.004582984119263882,0.00036554661417651977,-0.0017011221785133664,-0.009558365235938608,-0.00018547295947183014,0.0015956016158868176,0.04226455680187074,0.0007903600585648307,-0.0016182922333152047,0.02865732079115545,0.0009410402154994741,-0.0019242889686924792,-0.03823072239192687,-0.0006372803648142768,1.5178830414797062e-18,12.0,-0.006136344570141886,0.005953272162998401,0.892,0.06152567446976057,0.9509780405577437,-0.01580334680059274,0.012840523995652785,0.886,-0.1710676787306335,0.8642760314703927,1000.0,,,
Pure | Short Brown hold 3m,team,36,centered,post2010,199,0.0054559994061238425,0.0011609954375495,0.003908642851965049,0.00038636111660929416,0.00045386634640268435,0.021103265451782302,0.0027492358602229424,-0.00022032887301358462,0.004343988126933973,-3.8899431367820805e-05,0.0031449448234887748,-0.0032973601128848356,1.2168750084937873e-05,-0.0003245618616508991,0.05094829678586885,0.0017078688351717286,-0.002667559318617681,-0.05975298452651872,-0.000521731162146739,-7.589415207398531e-19,12.0,-0.003826535758050772,0.0042614318731260085,0.798,0.18473370219868335,0.8536269888044109,-0.017168929258286343,0.01963983966021652,0.904,0.14287207258544907,0.8865365017214762,1000.0,,,
Pure | Short Brown hold 3m,team,36,centered,validation,151,0.014083305236023674,0.011231622292354514,0.00306748452830255,-0.0002158015846333896,0.0005744096742258016,0.018112299182495635,0.0023650584466298197,-0.0007184046002553594,0.017279843760569895,5.891167925788963e-05,0.0032412951715954626,-0.012220617641932921,0.00017966735870921256,-0.0004490379982842733,0.06523559772721996,0.0019140383587461943,-0.0028640638319150213,-0.06248501669446249,-0.0014501913150405665,-5.421010862427522e-19,12.0,-0.004960349830352135,0.004028936585002096,0.94,-0.08735576181447875,0.9305052404372735,-0.0070238973132075826,0.03197608052815518,0.274,1.213452685686216,0.2268640976845847,1000.0,,,
Pure | Short Brown hold 3m,team,36,centered,pre_covid,120,0.005162252135846181,0.0014699469169827076,0.0022053068239421643,0.0014869983949213125,0.0007671620818547338,0.022494108707269776,0.0029555009430481736,-0.001617599418678751,-0.008067483566591559,1.621564196884904e-05,0.0025758253051621502,-0.012578425911888113,0.0002953414404111329,-0.00027152810455199905,0.04965061415909216,0.0015798825425423122,3.313853113517838e-05,-0.07551861537054975,-0.002641633744028304,-3.469446951953614e-18,12.0,-0.0027905519815369867,0.005266158670623534,0.528,0.6723053827194309,0.5026925906284089,-0.01564485340699652,0.018946226673154133,0.868,0.17277029739364533,0.8631254954855144,1000.0,,,
Pure | Short Brown hold 3m,team,36,centered,covid,24,0.06279620143075137,0.06122532204293325,0.005812700377902923,-0.0042418209900847974,-0.000828554309317943,0.0032980938686445146,0.00077274339342341,0.002245161969081202,0.11393443890985692,0.0056283612821469205,0.006989487118916232,-0.010958459609691183,0.0007413397925956085,8.841850969421201e-05,0.14268909931651344,-0.00082759677603578,-0.012736334278458501,-0.01765464501079683,-0.0005021473142272367,-3.469446951953614e-18,3.0,-0.01334705148020387,0.004696244238060914,0.466,-1.3256466284223742,0.19797385837247383,0.016184165209486227,0.11105284386367868,0.002,2.909205197299239,0.00790083637554728,1000.0,,,
Pure | Short Brown hold 3m,team,36,centered,inflation_rates,36,-0.010422559844970742,-0.009790894038513945,0.0017427271492906563,-0.0023743929557474494,0.00033169358807771726,0.001830091032822048,0.00010486421618070323,-0.0020815018100640123,0.010019237179969713,-0.000562747154941632,-0.0013360377849715088,-0.004867453115177061,-0.00019615836054163546,0.0026633067350757887,0.01714720952476371,0.0008847960114778073,-0.001951853683865434,-0.01806123936837842,0.001511972437115413,-4.336808689942018e-18,4.0,-0.012950752033252294,0.00546351926550992,0.638,-0.6603910389388121,0.5133261071425944,-0.025678357813229885,0.00700171869939125,0.284,-1.220556757943361,0.23041353493103875,1000.0,,,
Pure | Short Brown hold 3m,team,36,centered,holdout,48,-0.021684066850436043,-0.03051951820985794,0.008615495974378754,0.00021995538504314773,8.64418462857724e-05,0.030512346840579924,0.003946009255157996,-0.0007394127932048127,-0.03635005772054567,0.0017393502619281087,0.0015603420697861466,0.02477372086391227,0.0007667466607380832,0.0008461311389355501,0.006002829241201856,0.00028018205483309664,-0.0015335468767595087,-0.05115846666486234,0.0018832077417214692,-5.421010862427522e-18,6.0,-0.004654417639922185,0.005903376798675409,0.992,0.08282487880907735,0.934342533385702,-0.048315143694687986,-0.01235036927649512,0.0,-3.157775017243573,0.002776430684612978,1000.0,,,
Pure | Short Brown hold 3m,team,36,centered,last18,18,-0.03697905857788797,-0.05477739415726729,0.01779833557937932,4.81482486096809e-35,-9.62964972193618e-35,0.07132732894753904,0.008464176368441295,1.2839532962581572e-34,-0.06645091616129614,0.0017144336369614357,0.0,0.06797198893376072,0.007721617942875203,1.6049416203226965e-35,0.0073052334110013445,0.000411041133259009,0.0,-0.09235231467318479,-0.0005129335021576258,-4.81482486096809e-35,,,,,,,,,,,,,,,
Pure | Short Brown hold 3m,team,36,centered,last12,12,-0.02245922326798106,-0.04458169818762132,0.02212247491964025,4.81482486096809e-35,0.0,0.07132732894753903,0.010392391827656437,0.0,-0.06645091616129616,-0.0023722977069582795,0.0,0.0679719889337607,0.012370901985944427,4.81482486096809e-35,0.007305233411001343,0.000604142803089811,0.0,-0.09235231467318479,0.0011273360099078545,6.938893903907228e-18,,,,,,,,,,,,,,,
Pure | Short Brown hold 3m,team,24,centered,full_live_1999,329,0.00034060282524959936,-0.004131315546292355,0.0012951364168057033,0.003176781954736253,0.0020868672908734807,0.01234076496190164,0.0009843204189186562,-0.0017666878992334642,-0.014948178015912944,-0.0002900582627768641,0.0035691678086655545,0.03549531413375971,0.0006637731631505868,-0.00017130836939260494,0.017689115813842773,0.0005808697009314034,-0.0005412568761767134,-0.03861995460834206,-0.000643768603418079,-2.168404344971009e-18,12.0,-0.005163351947917088,0.011513730845791782,0.482,0.685580593381542,0.49346188081544423,-0.019220405383298545,0.009876029907848303,0.606,-0.6286018016720551,0.5300472652856939,1000.0,,,
Pure | Short Brown hold 3m,team,24,centered,post2010,199,0.0054559994061238425,-0.0013488866830082007,0.0044689899592113445,0.002335896129920699,0.00018207086214102111,0.02878012446576607,0.00374934156155825,0.0019381704290312239,-0.004316987155114127,3.865764377092148e-05,0.003592621724636675,-0.018477676479055172,6.819098294582007e-05,-0.002059683348399747,0.03765093608079757,0.001262119921647158,-0.0013172835374884743,-0.07436553484468164,-0.0006493201507108055,0.0,12.0,-0.0029038283369280256,0.007336807285731326,0.376,0.9020622745744946,0.3681197995261463,-0.019360132915984065,0.017378838533807256,0.846,-0.17327935812781806,0.8626088622155718,1000.0,,,
Pure | Short Brown hold 3m,team,24,centered,validation,151,0.014083305236023674,0.008877404676568376,0.0032594366587682436,0.0019464639006870508,0.00019922818997728686,0.02413921939946938,0.003152038521478262,0.0016413656040096271,0.00940962071870598,3.207995196019744e-05,0.0032085743190829385,-0.037600901055588075,0.0005528079492940765,-0.0025872191386612105,0.050281992959901864,0.0014752936530433723,-0.0005154850737215911,-0.08414041867915899,-0.0019527834170076643,3.0357660829594124e-18,12.0,-0.003688024328510211,0.00729434036936624,0.578,0.6514378565586315,0.5157606855428947,-0.007473548127724851,0.028794820207094042,0.348,1.0469771415683875,0.2967942534337607,1000.0,,,
Pure | Short Brown hold 3m,team,24,centered,pre_covid,120,0.005162252135846181,-0.0014045328732847182,0.0020376346653758984,0.004529150343755002,-0.00017370950886341695,0.02619381303190334,0.0034416050942617776,0.0007444544202873505,-0.019043137988479984,3.827670735684479e-05,0.0045723160551981445,-0.05011843971210004,0.001176780964440109,-0.0020039231771236217,0.026731854101660398,0.0008506075975148337,0.0013900125542565455,-0.0991894066921455,-0.0034696356981976668,-1.734723475976807e-18,12.0,-0.001244927491272596,0.010052466304540639,0.136,1.3574916873531784,0.17719386109136856,-0.015725108741994853,0.012600306648201607,0.854,-0.20105452356471368,0.8409991860711482,1000.0,,,
Pure | Short Brown hold 3m,team,24,centered,covid,24,0.06279620143075137,0.06149534886463923,0.009269591356464577,-0.00796873879035245,0.0003165438649429574,0.02156809850345991,0.005053405479360658,0.0003262559265717114,0.15032032404399703,0.007425824007773438,0.0005789110116357547,0.022695603784156856,-0.0015353575959982113,-0.0016943865718651793,0.17732786967688505,-0.0010285016441259356,-0.007496063021637696,-0.0227044868010295,-0.0006457788905453688,2.0816681711721685e-17,3.0,-0.015278057930374903,0.004427658800099633,0.208,-2.263024389440441,0.03338308302916643,0.018815916870946366,0.10701845832975022,0.002,3.1498619338936282,0.0044839585189137,1000.0,,,
Pure | Short Brown hold 3m,team,24,centered,inflation_rates,36,-0.010422559844970742,-0.009984125520995221,0.0032194571608894496,-0.003657891484864971,0.001084036026362567,0.007674621617557188,0.00043975581868602626,-0.0016652716118229032,-0.026866831786518205,0.0015090203853427718,-0.004405694453316986,-0.0019053936798194707,-7.678736529672463e-05,0.0016548045494498365,-0.005313271464271098,-0.0002741648075563886,-0.00032576599553748486,-0.01937118918604816,0.0016216331297137653,0.0,4.0,-0.01064797746457627,0.003007214647076519,0.328,-1.1405332550989198,0.2618087872416028,-0.026339240818377366,0.004893549532169317,0.24,-1.1921274214718112,0.24123169745475398,1000.0,,,
Pure | Short Brown hold 3m,team,24,centered,holdout,48,-0.021684066850436043,-0.03351909491834285,0.01068115506403481,0.001153873003871998,0.0001463824177115906,0.04337963832015775,0.005610071725754396,0.0006584105257752327,-0.047498607758173224,0.0022728083812285868,0.002054416845084877,0.041680800834621244,0.0012900207858315249,0.000288650224245217,-0.002084263684718068,-9.728300748421583e-05,-0.001993987008944919,-0.043615379448721715,0.001605537178704518,1.734723475976807e-18,6.0,-0.006659143604930963,0.008737238037755132,0.8,0.2963280357691396,0.7682850702582611,-0.054581130659873474,-0.011660361144773871,0.0,-2.8924450664737855,0.005774692932264193,1000.0,,,
Pure | Short Brown hold 3m,team,24,centered,last18,18,-0.03697905857788797,-0.061059888133339985,0.024032434957991906,4.839459746009165e-05,-0.0019101303466593099,0.09218089820848263,0.010938799920739933,0.003410693432433268,-0.0606413728608795,0.0015645474198106865,0.0002899304206195024,0.09980611182254681,0.011337974303041296,-0.0009776334055000408,0.011766285441361725,0.000662049660833953,-0.0007644655034333278,-0.08479083833277037,-0.0004709363464339593,1.7726705520137997e-17,,,,,,,,,,,,,,,
Pure | Short Brown hold 3m,team,24,centered,last12,12,-0.02245922326798106,-0.05461721745770847,0.032157994189727396,4.81482486096809e-35,0.0,0.08793778806106023,0.012812535720496475,-2.407412430484045e-35,-0.04425462210058256,-0.0015798900089908016,0.0,0.10615350371138484,0.019319937675472007,4.81482486096809e-35,0.008086912854754746,0.0006687876930882175,2.407412430484045e-35,-0.07672895338516325,0.0009366231096614999,1.3877787807814457e-17,,,,,,,,,,,,,,,
Pure | Short Brown hold 3m,team,36,structural,full_live_1999,329,0.00034060282524959936,0.003095516125881278,0.001028057186559862,-0.0037829704871915407,-0.0006132764396803389,0.007234689521633106,0.0005770511506105994,-0.00038390935778289564,0.0054411968441665974,0.00010558237280595618,-0.0033942766892281653,0.013579041863856929,0.000253932210222472,0.000682230382965522,0.009685008043359618,0.00031803329148097256,-7.373838346566245e-05,-0.013590342050901557,-0.00022654183856013805,0.0,12.0,-0.012527381698409255,0.0047692680658844985,0.466,-0.8306121268724997,0.4067969651025297,-0.011542314351457835,0.018334923152675976,0.698,0.40372692573083213,0.6866766174961303,1000.0,,,
Pure | Short Brown hold 3m,team,36,structural,post2010,199,0.0054559994061238425,0.007395336909940589,0.0007108338856413446,-0.0026501713894580914,0.0013756822827061279,0.004214021293571838,0.0005489832122190509,-0.0008884798971119688,-0.0007879328261645163,7.055760282538533e-06,-0.0017422399786781962,-0.004461452193785917,1.6464776337268323e-05,0.0002216064119247399,0.014066206823274427,0.00047152187174220633,-0.0016167402082987942,-0.038159883914730464,-0.0003331917349397193,4.336808689942018e-19,12.0,-0.007634573235463122,0.0027109794165934035,0.3588,-0.9733774694654241,0.3315533792955187,-0.011256499818638565,0.027999900556325598,0.4576,0.8267093981144065,0.4093969320347807,5000.0,,,
Pure | Short Brown hold 3m,team,36,structural,validation,151,0.014083305236023674,0.0166456167959592,-0.00039684726732162087,-0.0021654642926139077,0.0018992380432502143,0.003692243274344575,0.00048212383502587304,-0.0014540253844916263,6.481271585750113e-05,2.2096414651285698e-07,-0.002912567216644521,-0.009583170258701324,0.00014089164221401952,-0.00010185342216824134,0.014345147682852302,0.0004208923330735685,0.00040374368744026685,-0.062087954253487405,-0.001440976041781595,2.6020852139652106e-18,12.0,-0.008015906393263682,0.004020605305080322,0.538,-0.6730296070242907,0.5019640333801335,-0.004576473811806014,0.040860330754616016,0.136,1.5752305305023904,0.11731001393789202,1000.0,,,
Pure | Short Brown hold 3m,team,36,structural,pre_covid,120,0.005162252135846181,0.0067847375186308265,-0.0021966570427432047,0.0005741716599585633,0.0014547505016967014,0.0014736718579512083,0.00019362574541620912,-0.0007299371402552948,-0.0026186831667223986,5.2635531651120245e-06,-0.0020770298089209677,-0.021091041978757122,0.0004952176656612173,-0.0011608034004172332,0.006880848797676044,0.0002189486087420517,0.0030871915078553576,-0.08889998148720549,-0.0031097126157277953,-4.553649124439119e-18,12.0,-0.005099927178639321,0.006560564160765553,0.82,0.17637157064848008,0.8603018431985516,-0.013392086107018114,0.02527882686726019,0.48,0.7193420285303893,0.4733405037769587,1000.0,,,
Pure | Short Brown hold 3m,team,36,structural,covid,24,0.06279620143075137,0.07080498474808919,0.00253636422715337,-0.010545147544491183,0.0030243862270115445,0.015862004644661906,0.0037164676882442856,-0.006190443950261998,0.013501195837548769,0.0006669590743749079,-0.006474249893019089,0.04516109701612309,-0.0030551482131407274,0.00704049417188274,0.055850643516232194,-0.0003239337323941475,-0.007945334100104381,0.053863195257835804,0.0015320194100690513,-1.734723475976807e-18,3.0,-0.02196820354146331,0.004585966655349563,0.178,-1.3650349027676743,0.18544713896887616,0.01326224892465824,0.12700129632379528,0.002,2.437657054067423,0.022926091539848665,1000.0,,,
Pure | Short Brown hold 3m,team,36,structural,inflation_rates,36,-0.010422559844970742,-0.008025023208584508,-0.0012243419787853378,-0.0011731946576008941,-0.0003727718809648979,0.004796515002284784,0.00027484030963091774,0.0006522054602419445,0.0033815468060397983,-0.00018993021227256857,0.001510802627300236,0.014418997995971402,0.0005810856192376471,0.0009941139251800856,0.01740150921154136,0.000897917875315534,-0.003957544789358262,0.03330705642931416,-0.0027882555706968677,-2.168404344971009e-18,4.0,-0.008264956199510367,0.0055620377205548134,0.738,-0.48922441381986714,0.6277348551751915,-0.02572025602606546,0.009518822621555584,0.428,-0.9612453682267371,0.3430230070902482,1000.0,,,
Pure | Short Brown hold 3m,team,36,structural,holdout,48,-0.021684066850436043,-0.02170450189815963,0.0005332828644186195,-0.0005128478166950335,-0.0002692810209245115,0.005855447979057602,0.0007572558098916238,0.0007531240651223335,-0.00347052817710878,0.00016606477327465498,0.0012038663867035536,0.011650619218760474,0.0003605866648206359,0.0012543682790394624,0.013188705369185703,0.0006155828231067426,-0.0034549255266358714,0.037113837359275766,-0.001366207206675038,2.168404344971009e-18,6.0,-0.005888134471600283,0.00535637150434814,0.972,-0.1962861547277491,0.8452324602116383,-0.04195480830713546,-0.0022357345052006743,0.022,-2.161180450156967,0.03580868662624862,1000.0,,,
Pure | Short Brown hold 3m,team,36,structural,last18,18,-0.03697905857788797,-0.04182862531125667,0.0015815269021162632,0.00326803983125243,0.0007825781577496199,0.006021497939584038,0.0007145510888306388,0.0011133595860098146,-0.01601783541770301,0.0004132601537767365,-0.0002652662596630636,0.0022303219247517933,0.00025336457065180327,0.0011818305379431664,0.00036686256141249107,2.0642133455476166e-05,0.00045553780921289277,0.03235612009944039,0.0001797089554016088,5.204170427930421e-18,,,,,,,,,,,,,,,
Pure | Short Brown hold 3m,team,36,structural,last12,12,-0.02245922326798106,-0.02396521713183835,2.3515976151394953e-05,0.0014824778877058915,-0.0010619432293118365,0.011408177585130389,0.0016621714741534978,0.0013512292965595224,-0.012362234885042312,-0.0004413317853960118,0.0005068508800469741,-0.003884092512565091,-0.0007069048372868454,0.00048659817144508944,-0.001143671911879855,-9.4581667112464e-05,0.0001997427689661419,0.032427317224308035,-0.00039583720820678163,1.951563910473908e-18,,,,,,,,,,,,,,,
Pure | Short Brown hold 3m,team,36,backward_eom,post2010,199,0.0054559994061238425,0.009670185818822783,0.002755186760660341,-0.0069693731733592845,-0.0002006930318515676,0.010177931258912028,0.0013259338306585045,-0.00297765575332704,-0.0007250448797770423,6.4926129435311036e-06,-0.0027945977284023964,0.008489185375748701,-3.132893336658232e-05,-0.002699525486045334,0.06087702846148998,0.002040695886738228,,,,2.6020852139652106e-18,12.0,-0.014596298782917677,0.0009818649026245411,0.0912,-1.5969147640711214,0.11187943526805995,-0.01166780279564026,0.03247724408661784,0.4,0.9335796926465534,0.35165782313761806,5000.0,0.001703098826267054,-0.06142951818918641,-0.0005866066363133403
Pure | Short Brown hold 3m,team,36,backward_eom,validation,151,0.014083305236023674,0.020493027747842466,0.0010309537954419517,-0.0074406763072607475,-0.00021276963932719857,0.011339114763821004,0.0014806330703391484,-0.0029342404398862215,-0.0125126068282924,-4.2658874140429756e-05,-0.004446699221459829,0.012712258038284933,-0.0001868954493045865,-0.0029581158397977104,0.06568110654639141,0.0019271097645240562,,,,4.336808689942018e-18,12.0,-0.016906947125837665,0.0024972116042917426,0.16,-1.3647919036413616,0.1743622079134383,-0.0035199533470395626,0.0464473159144462,0.084,1.6737982129087186,0.09625427290415597,1000.0,0.003111148833210212,-0.08091020866399157,-0.0021472347159762367
Pure | Short Brown hold 3m,team,36,backward_eom,pre_covid,120,0.005162252135846181,0.012070805633965481,0.0011964638821932408,-0.008105017380312543,-1.6994098585278867e-05,0.017776005562061048,0.0023355893707991994,-0.0016076002062043705,-0.02618657102506585,5.2635007760382384e-05,-0.003600372849617577,0.029378537029414346,-0.000689808049450649,-0.003283242470231595,0.04591918758497114,0.0014611485489537813,,,,1.734723475976807e-18,12.0,-0.01602576734297551,0.0001648758584584373,0.058,-1.5035850252378014,0.1353375810763298,-0.008795323916010775,0.033044085058569796,0.29,1.0719062431047484,0.28593120641427117,1000.0,0.0004031922443262788,-0.0536013765299873,-0.0019631009958694743
Pure | Short Brown hold 3m,team,36,backward_eom,covid,24,0.06279620143075137,0.0841800014151303,-0.004388188990977487,-0.016995610993401432,-0.0034754794266615196,-0.013312360101710137,-0.003119085971830686,-0.011240936493366015,0.02560382089942069,0.0012648287524313795,-0.005143920133008782,-0.050852533079110696,0.0034401738628018386,-0.000976133649938103,0.14114816963690185,-0.0008186593838940327,,,,0.0,3.0,-0.02592749692375258,-0.0025166018596163384,0.016,-2.857800313057381,0.008901332093498075,0.03174754035205734,0.13814769714274922,0.0,3.0175577214229263,0.006132066036246817,1000.0,0.0038408587095729845,-0.17932260650194784,-0.005155446250485986
Pure | Short Brown hold 3m,team,36,backward_eom,inflation_rates,36,-0.010422559844970742,-0.01637829829147504,9.784215633649318e-05,0.005857896290167804,0.0013231377664497225,-0.00777663733359134,-0.0004456013192147832,1.6606430948939755e-05,0.08198398696770298,-0.004604767268019315,-0.0016288297492126423,-0.02134923832920629,-0.0008603743046670129,-0.0031664363754183404,0.08822281336230095,0.004552297169494728,,,,1.734723475976807e-18,4.0,-0.009661858270726952,0.02169391341014777,0.556,0.7892305908498531,0.43529131531942555,-0.043237348777590306,0.013985659525318515,0.29,-1.1575157697124747,0.2549002413935023,1000.0,0.009313418217400124,-0.016917436569485546,0.0014562878787428761
Pure | Short Brown hold 3m,team,36,backward_eom,holdout,48,-0.021684066850436043,-0.024376671082884965,0.0010982271008371787,0.001594377131611746,-0.00016727722146710265,0.006525041483052544,0.0008438509897957695,-0.0012134518931970957,0.03635666041659419,-0.0017396662009340302,0.003009128640289951,-0.00479589737514653,-0.0001484330237607848,-0.0016240684463413656,0.04576419948607086,0.002136044011012358,,,,-2.168404344971009e-18,6.0,-0.008157762016399103,0.01408899948324754,0.698,0.33070200553323575,0.742339381321286,-0.04664574974741617,-0.0029229525247587897,0.03,-2.168166878669141,0.035242023952718,1000.0,0.001590046052327359,-0.00014651273719524954,6.431324723866721e-06
Pure | Short Brown hold 3m,team,36,backward_eom,last18,18,-0.03697905857788797,-0.0533803025604153,0.005598527563424896,0.01080271641910243,0.0010746741243614856,0.02868101200387152,0.003403480091126085,-0.0010586543579509365,-0.030419141114438695,0.0007848138407525161,0.0037059018345116006,0.00913430941667894,0.0010376575497347256,0.004364897938814998,0.0023670201070996265,0.0001331843313594723,,,,6.938893903907228e-18,,,,,,,,,,,,,0.002715896879365283,-0.049517313449428745,0.00023939175045209628
Pure | Short Brown hold 3m,team,36,backward_eom,last12,12,-0.02245922326798106,-0.03864879595005173,0.010914330293208093,0.0052752423888625805,-0.0033364412692884187,0.04304258477383452,0.006271304601547689,-0.0007081308049497031,-0.0362614988003149,-0.0012945355071712456,0.00206547692299362,0.02225444890528669,0.004050309700762171,0.005319873281320503,0.0032225783445338093,0.00026650722909294603,,,,-3.469446951953614e-18,,,,,,,,,,,,,0.0019344642587865806,-0.06427046803112606,0.0016207442689765324
Original | Short Brown hold 6m,team,36,backward,full_live_1999,329,0.011085466606369793,0.0140815963852956,0.0014648580017251795,-0.004460987780650988,-0.0008533087038640277,0.009893534216797685,0.0007891251291900241,-0.0007169192069553252,0.018669518205975573,0.00036226809795424965,-0.002416092790161974,0.013593502735814314,0.00025420263292347695,0.0030332998868846444,0.040413007500496714,0.001327069811040627,-0.003507966966554305,-0.07605632580358924,-0.0012678076693831983,2.6020852139652106e-18,12.0,-0.016796739377976638,0.009653625225822507,0.518,-0.6672187610728529,0.5051015292075299,-0.0043295597374892,0.033503373838928215,0.148,1.4827293492525488,0.13910648908900958,1000.0,,,
Original | Short Brown hold 6m,team,36,backward,post2010,199,0.013436084083027783,0.023487430891821447,0.002265742768706036,-0.012317089577499695,-0.0009752458425434079,0.012887214160430014,0.0016788866817402809,-0.0031308522069792904,0.022822075831867898,-0.00020436652830346027,0.0012022605470434437,-0.01237859698510007,4.5682621235465035e-05,-0.0021937617561143697,0.047546718746226846,0.0015938424694086938,-0.00721949031890607,-0.09715464277870774,-0.0008483024753749425,-3.469446951953614e-18,12.0,-0.021270466477548138,-0.0017566343988595751,0.0184,-2.481966212327033,0.013898335677645743,0.0012425841828558213,0.04792263882066632,0.0372,2.0767012522403996,0.039119961985796155,5000.0,,,
Original | Short Brown hold 6m,team,36,backward,validation,151,0.024524116603939924,0.0349691189864058,-7.693742744903516e-05,-0.010368064955016843,-0.00035907537426099805,0.011895533373443002,0.0015532888121248365,-0.0028271726278334634,0.00599661742917955,2.0444097036699445e-05,0.0008862614245452396,-0.012972242962510911,0.0001907177442170479,-0.0020993410310262374,0.0429387396944673,0.0012598396843865427,-0.005968737346441384,-0.13362393407887482,-0.003101227765214161,5.204170427930421e-18,12.0,-0.020970453532838697,0.00106411937927296,0.09,-1.630305861948864,0.10513492287584437,0.011359658115071739,0.06318879964025828,0.006,2.638016400078151,0.009218629165499844,1000.0,,,
Original | Short Brown hold 6m,team,36,backward,pre_covid,120,0.016031367947659157,0.023059332729343286,-0.005451525545054389,-0.0015764392366297286,-0.0004524458137844169,0.004814884483117269,0.0006326276722367775,0.0012203368876872055,-0.00785030516528055,1.5779113382213916e-05,-0.0020987386650870303,-0.025730451730127727,0.0006041510066233991,-0.0022576484712960856,0.021429458439989467,0.0006818853675604647,0.0020120568258505988,-0.21114892669051832,-0.007385968704857245,-1.0408340855860843e-17,12.0,-0.010776836860612425,0.008917108596236779,0.774,-0.284373650752447,0.7766182975624486,-0.0014853555246596,0.04763796596674893,0.072,1.8584510651879504,0.06557598055751163,1000.0,,,
Original | Short Brown hold 6m,team,36,backward,covid,24,0.07414072722815955,0.09206828598997017,0.009294402929813757,-0.02722196169162438,0.004252732101067603,0.030826512808401926,0.007222651951008572,-0.02106770344372996,0.01681257316637957,0.000830541114419149,0.011039110394246165,0.029540258896272587,-0.001998398514332841,-0.0025564600090904306,0.10512028213158982,-0.0006096976363632224,-0.018889640734117755,0.13533504871728996,0.003849306015082098,-3.469446951953614e-18,3.0,-0.04061086362690105,-0.0054803800197511954,0.014,-3.3219280612552526,0.0029691455604138536,0.011032076091068153,0.1735357617375866,0.012,2.38084882975858,0.025939433278753882,1000.0,,,
Original | Short Brown hold 6m,team,36,backward,inflation_rates,36,-0.012571893709018695,0.0076048105020850975,-0.009446261740079693,-0.010730442471024096,-0.005556722219926936,0.026380969546432036,0.0015116295550105536,-0.000782992539968902,0.14667841301491555,-0.008238437531004419,0.0056061847127212554,0.009413620778635744,0.00037936891737902023,-0.0022595054496224996,0.13032631032947498,0.006724837613000908,-0.0077374069742270155,0.1173483561581866,-0.009823660294465755,-1.734723475976807e-18,4.0,-0.022675334047721284,0.004190131605229156,0.17,-1.6198149953473069,0.11424882977094657,-0.02768407922226564,0.051416381571884454,0.694,0.4839000112113059,0.6314708826553409,1000.0,,,
Original | Short Brown hold 6m,team,36,backward,holdout,48,-0.021445018222341652,-0.012632046239058503,0.0003690356716857442,-0.009182007654968887,-0.0029097081150810124,0.01600687663615998,0.0020700893209713877,-0.001373019802717874,0.0757521637236583,-0.0036247410341770465,0.0021110855185902328,-0.010511085681161795,-0.0003253181018319569,-0.002742074878109472,0.06204265284655371,0.0028958408216128947,-0.004268290377650762,0.017571669436401236,-0.000646835334889535,-5.204170427930421e-18,6.0,-0.019246276568954782,0.004222891071611352,0.198,-1.4410134248287045,0.1562103864034211,-0.04550193412479945,0.018600300294182116,0.448,-0.9317898859092939,0.3562070741051856,1000.0,,,
Original | Short Brown hold 6m,team,36,backward,last18,18,-0.03092896253414258,-0.03061708539153385,-0.001624816184591869,0.0013129390419831428,-0.0024324955391474288,0.017245295492177782,0.002046441731738429,-0.0005420788807285903,-0.010346620379476755,0.0002669428057904995,0.0025513731478501306,-0.02206386108656238,-0.0025064546194334815,0.00019848686055783972,-0.017697274008995123,-0.0009957666175727923,0.0015376534534511912,-0.07849694830028166,-0.00043597948511452355,-6.288372600415926e-18,,,,,,,,,,,,,,,
Original | Short Brown hold 6m,team,36,backward,last12,12,-0.010294594432983774,-0.005554599133248576,-0.0007589494520120108,-0.003981045847723186,-0.006580892263791502,0.02469122571991395,0.0035975115873914626,-0.0006720354354153443,-0.011069131035325414,-0.0003951679779611184,0.0017090831463745923,-0.014904594494951495,-0.0027126361980811674,0.00013374069366667036,-0.02678107224452277,-0.002214794674622033,0.0014290580114423974,-0.0791468225791143,0.0009661378112608452,-1.734723475976807e-18,,,,,,,,,,,,,,,
Original | Short Brown hold 6m,team,24,backward,full_live_1999,329,0.011085466606369793,0.012096566716968148,0.001728694811515533,-0.0027397949221138838,0.001897568680982062,0.01667114621581186,0.0013297189985922437,-0.0034764375084190015,0.007268174601766973,0.00014103351567684009,-0.002364989476960687,0.011645139379736847,0.00021776764595712132,0.0028174968958280385,0.037766076309643286,0.001240150705224505,-0.0016134335135442963,-0.07198707810231261,-0.0011999760539351772,-3.469446951953614e-18,12.0,-0.01897263511126985,0.013201734143509345,0.722,-0.3287643138014998,0.7425436420756072,-0.008299752787255294,0.034061776997107295,0.264,1.107642880808818,0.26882767096622207,1000.0,,,
Original | Short Brown hold 6m,team,24,backward,post2010,199,0.013436084083027783,0.02278181161982564,0.004009969360018122,-0.013355696896815967,-0.0019643995803228587,0.02590250628516918,0.0033744587685515253,-0.007872468445794992,0.005736477402349512,-5.136885794465744e-05,0.003835858134505669,-0.020294150856725406,7.48945949204986e-05,-0.0013806428059060687,0.043227057581452864,0.001449040480976662,-0.005974044199297718,-0.09586656026342645,-0.0008370556264859076,-1.214306433183765e-17,12.0,-0.026205993434449442,-0.0002447048559244515,0.044,-1.939420710128044,0.05387108013240508,-0.0032494178148916512,0.050448365303380635,0.088,1.753717419972889,0.08102621917239836,1000.0,,,
Original | Short Brown hold 6m,team,24,backward,validation,151,0.024524116603939924,0.036763682140854556,0.003023281185549969,-0.015262846722464599,-0.0022676101036586474,0.028038788661978647,0.00366123446229116,-0.009696150281966319,0.0015164199043685056,5.1698871971450505e-06,0.004031501975495793,-0.022327807263151405,0.00032826312665030556,-0.0001533716048526428,0.05187763651289885,0.001522110468918855,-0.0071772167074827834,-0.10743836694474732,-0.002493496759507497,-1.734723475976807e-18,12.0,-0.03342266183947302,0.0024313397682337754,0.104,-1.629562231004315,0.10529229174114374,0.00900985699627854,0.06830296852026149,0.012,2.4142842456282216,0.01697069420085778,1000.0,,,
Original | Short Brown hold 6m,team,24,backward,pre_covid,120,0.016031367947659157,0.018209738672818044,-0.0038230318970192646,0.001644661171860383,-0.0016026017544555238,0.015326992268417449,0.002013813514147367,-0.0022885090057406235,-0.023167198866245277,4.656606972115303e-05,0.00024861237210622566,-0.04500532034021429,0.0010567249215882317,-0.002224935821326391,0.02461277361786452,0.000783178456520449,0.007512095381276695,-0.22079292617332513,-0.007723314858996465,-5.204170427930421e-18,12.0,-0.009822943161833521,0.0138762120374566,0.834,0.2553003754088572,0.7989318372063609,-0.005952493800917023,0.04266593329082371,0.152,1.4134749513706493,0.16012667458021634,1000.0,,,
Original | Short Brown hold 6m,team,24,backward,covid,24,0.07414072722815955,0.10975012559014719,0.022838389046757942,-0.058447787408745566,0.0025793838012066308,0.06945528311945255,0.016273372834887737,-0.0446993907361633,0.04952949052820225,0.002446756832093186,0.004989120505721878,0.04437914647995559,-0.003002249259368996,0.007266077135234472,0.12145076954182854,-0.0007044144633426072,-0.028582978114745243,0.2751109797805358,0.007824923102488626,-1.3877787807814457e-17,3.0,-0.08536846230285862,-0.015924720974666032,0.008,-4.618800104836648,0.00012036712572474276,0.01865092440647764,0.20632446831869763,0.012,2.401275927056796,0.024816156866843707,1000.0,,,
Original | Short Brown hold 6m,team,24,backward,inflation_rates,36,-0.012571893709018695,0.007315031582417319,-0.005746539217908202,-0.014140386073527808,-0.011513693316334702,0.02139788676331556,0.0012260989115379802,0.0005849031218385975,0.10431556744217604,-0.005859057704668884,0.015194631779525711,0.01827827285295305,0.0007366143959740074,0.0005839899621081415,0.10149200545273801,0.00523698748136128,-0.018990217620665557,0.08465980785337544,-0.007087182302112585,-3.469446951953614e-18,4.0,-0.04189482291398657,0.010365476067636365,0.34,-0.9895691552159736,0.32917695857982276,-0.04142824083069523,0.06930003710133083,0.786,0.29377192278285674,0.7706672770112273,1000.0,,,
Original | Short Brown hold 6m,team,24,backward,holdout,48,-0.021445018222341652,-0.021202822727577834,0.0040772723665717416,-0.004319467861335557,-0.0010189669840897364,0.01918211797478937,0.002480727407089633,-0.0014549718769435792,0.01901207494808141,-0.0009097277862656945,0.0029283346189976312,-0.0138966067448436,-0.00043009997875290856,-0.004769702071354699,0.016013778026279037,0.000747443089376574,-4.161547945173531e-06,-0.059463585078437874,0.002188929635124137,-1.734723475976807e-18,6.0,-0.018989389693731127,0.011988794357407274,0.668,-0.5828759516997711,0.5627631342770485,-0.054740133422107026,0.012278048997521425,0.26,-1.4035610623451902,0.1670224403318577,1000.0,,,
Original | Short Brown hold 6m,team,24,backward,last18,18,-0.03092896253414258,-0.03292500221105091,0.0022093491136078577,-0.00021330943669952383,0.003577720853083255,0.053757663440497955,0.00637924272827242,-0.006857196159376551,-0.05857325491033097,0.0015111899766865346,0.00252207307395792,-0.01778152379820823,-0.002019981103476451,-0.007227824084476031,-0.052341805512798746,-0.002945098923520143,0.007771916880111884,-0.12891454000224142,-0.0007160035643545036,-7.806255641895632e-18,,,,,,,,,,,,,,,
Original | Short Brown hold 6m,team,24,backward,last12,12,-0.010294594432983774,-0.000639073528646116,0.004260049267728494,-0.013915570172066145,-0.009342373181836734,0.0892222054596547,0.01299967533547169,-0.001436275561353696,-0.08495406668824175,-0.003032860180770239,0.0018470344839556403,-0.008994442002977006,-0.0016369884445418122,-0.010617977383801765,-0.07737319249662108,-0.006398763019470564,0.00563402147097041,-0.19079245849481385,0.00232898557703942,-6.938893903907228e-18,,,,,,,,,,,,,,,
Original | Short Brown hold 6m,team,36,centered,full_live_1999,329,0.011085466606369793,0.007322305577501396,0.0010993334564462533,0.0026638275724221424,0.005348390431952129,0.013267588085210969,0.001058245408805082,4.7668552970695104e-05,0.009038636302563331,0.00017538800655186732,-0.0012748810399335396,0.013456672324154248,0.0002516438626356429,-0.0012890501190964345,0.026844699654923986,0.0008815179245955524,-0.00016830025347070707,-0.07603557371998916,-0.0012674617461418914,1.734723475976807e-18,12.0,-0.0057593744644241435,0.010173396465026588,0.52,0.6506050438795965,0.5157569458167174,-0.0071384169747291575,0.022059703989893747,0.318,1.0653079980894533,0.28752013903170576,1000.0,,,
Original | Short Brown hold 6m,team,36,centered,post2010,199,0.013436084083027783,0.007246310267304639,0.004589447922557614,0.0016003258931655358,0.0015208761403605418,0.029818205759327164,0.00388457799331359,0.0018352012968783468,0.017996604357042034,-0.0001611555224334116,0.0006708914464625361,-0.023761326854424277,8.769004242155421e-05,-0.0019099541035000884,0.04724956087942905,0.001583881259871836,-0.0005166888870357998,-0.09225779911095038,-0.000805545850615955,-4.9873299934333204e-18,12.0,-0.0065730336763936545,0.009005137536421692,0.62,0.41502825787300535,0.6785705737874741,-0.00891629508516463,0.023971379640233027,0.41,0.9083556165865945,0.36479464259877387,1000.0,,,
Original | Short Brown hold 6m,team,36,centered,validation,151,0.024524116603939924,0.018507746523880708,0.003821921654281946,0.0021944484257772684,0.0020490218676760177,0.02642504818542902,0.003450516291932059,0.002010955792010708,0.027784279331563248,9.472415231714361e-05,0.0008004797570475084,-0.02710138863126236,0.0003984442566980296,-0.0021417606204937657,0.06612846807016359,0.0019402355293910783,-0.0005242483704632003,-0.08884621919366242,-0.002061998576056363,1.734723475976807e-18,12.0,-0.0063531906783373705,0.009539778994866615,0.6,0.4806046647460076,0.6314977095655633,0.0038184090082092467,0.033689374225980756,0.01,2.24675432456132,0.026115584115332564,1000.0,,,
Original | Short Brown hold 6m,team,36,centered,pre_covid,120,0.016031367947659157,0.01316068207175532,-0.00043702953375161844,0.003307715409655461,0.0005892922715919816,0.022487932805675945,0.0029546894913377603,0.00021421081734526002,-0.013673286014084522,2.7483304888309906e-05,0.0007551407766944618,-0.03967773468579035,0.0009316332104223575,-0.0008163823419710624,0.03829004974458817,0.0012183893828727954,0.0025654538859948206,-0.15921213750524185,-0.005569224923272841,-5.637851296924623e-18,12.0,-0.0038207929771088838,0.009055637407370079,0.37,0.7794016769558616,0.4372904260723252,-0.0019388645568323218,0.029121873908713382,0.094,1.5787352630615175,0.11705136730886978,1000.0,,,
Original | Short Brown hold 6m,team,36,centered,covid,24,0.07414072722815955,0.04592698908852604,0.02540825396291682,0.002805484176716685,0.004503996064532889,0.05534604929115244,0.012967579348917018,0.007330308294670698,0.19183607539086375,0.00947670212430865,0.0032196178756868513,0.03520258512703927,-0.0023814548838442065,-0.0070282305516216215,0.18868401135555546,-0.0010943672658622243,-0.005220207506552133,0.22641222023851668,0.006439794639397586,1.734723475976807e-18,3.0,-0.00581188866883637,0.01046664499027583,0.558,0.6583264554088906,0.5168645981979516,0.0024803237384124367,0.09515182873131998,0.03,2.410518092824313,0.024322830154581206,1000.0,,,
Original | Short Brown hold 6m,team,36,centered,inflation_rates,36,-0.012571893709018695,-0.011883506526399655,0.0020921562361108153,-0.0027805434187298562,-0.00012018963269527841,0.004841573346759202,0.0002774221527693019,-0.0014257161826001538,0.03636757863109021,-0.0020426456664462325,-0.0009090313648718094,-0.0203889710209424,-0.0008216755321439782,0.0019779910751248535,0.02086663569661873,0.0010767184019455263,-0.002303597313687468,-0.04303164996783722,0.0036023368799861987,8.673617379884035e-19,4.0,-0.014112901057693382,0.0063810089549239,0.612,-0.5720285654262514,0.5709586887297599,-0.04037841780391732,0.028660509822672778,0.488,-0.8033564750005807,0.4271910922109488,1000.0,,,
Original | Short Brown hold 6m,team,36,centered,holdout,48,-0.021445018222341652,-0.02818029128984092,0.008663208429488554,-0.0019279353619892892,-0.0001272128991909871,0.04049251396054838,0.005236694367947915,-0.0002959862285180464,-0.012793789833639288,0.0006121828435396394,-0.00021644988174319757,-0.013254049181454482,-0.0004102128221660154,-0.00015122919494857514,-0.012140334658090094,-0.0005666501201663552,-0.001137057157588483,-0.10299006093408543,0.0037911941603333715,1.3010426069826053e-18,6.0,-0.006567527829159652,0.004881370761550874,0.578,-0.7739934485839696,0.44281069057193895,-0.05758248358812599,-0.0010537186817141336,0.044,-2.176689330904582,0.034561481286443846,1000.0,,,
Original | Short Brown hold 6m,team,36,centered,last18,18,-0.03092896253414258,-0.039907983185830095,0.008979020651687522,1.2739224111311402e-34,0.0,0.09119311505021056,0.010821582985958315,6.419766481290786e-35,-0.03637789743991952,0.0009385497539499209,-1.0030885127016853e-36,-0.004107103580558263,-0.0004665669667514178,6.419766481290786e-35,-0.02482939536609505,-0.0013970673125989483,0.0,-0.16518944259644022,-0.0009174778088703448,-8.673617379884035e-18,,,,,,,,,,,,,,,
Original | Short Brown hold 6m,team,36,centered,last12,12,-0.010294594432983774,-0.021498308481342078,0.01120371404835831,-2.407412430484045e-35,0.0,0.09119311505021056,0.01328683686281568,-2.407412430484045e-35,-0.03637789743991953,-0.0012986909386051308,0.0,-0.004107103580558262,-0.0007474928516616025,0.0,-0.024829395366095047,-0.0020533909967760606,0.0,-0.16518944259644022,0.0020164519725854265,-6.938893903907228e-18,,,,,,,,,,,,,,,
Original | Short Brown hold 6m,team,24,centered,full_live_1999,329,0.011085466606369793,0.004034402923554084,0.0013888523172318039,0.005662211365583902,0.0044222643632727,0.01915347604019099,0.0015277138506269773,-0.0001349568530285485,-0.0023658847833308116,-4.590823239144046e-05,-0.0005200283146464975,0.015567066234013318,0.00029110887020712293,0.0005368423565651307,0.025518218681736742,0.00083795935364745,0.001358089813421118,-0.0733095953575038,-0.0012220215248583055,3.469446951953614e-18,12.0,-0.0038296615862550105,0.014956761870332777,0.226,1.1899652179122173,0.23492066017268634,-0.01008427950466024,0.0183831223323936,0.57,0.5804990945086976,0.5619766963939474,1000.0,,,
Original | Short Brown hold 6m,team,24,centered,post2010,199,0.013436084083027783,0.004751520537105685,0.005177465180120364,0.003507098365801734,0.0019292943795211031,0.035014895261165475,0.004561578676716896,0.004054087043919347,0.005119116676421817,-4.584053224815918e-05,-0.00031444814522311066,-0.024343508446632623,8.983855579501055e-05,-0.002903046055431055,0.043087194946100395,0.0014443520605349073,0.0007412111430154498,-0.09992177316324186,-0.0008724635806782905,4.336808689942018e-19,12.0,-0.006324945353834033,0.012306266789400038,0.454,0.771960364466412,0.4410582872511358,-0.011050599726364543,0.021559633079437514,0.576,0.6025113220041428,0.5475232381111877,1000.0,,,
Original | Short Brown hold 6m,team,24,centered,validation,151,0.024524116603939924,0.01595471638087369,0.004746297025137223,0.003823103197929008,0.002595195198233664,0.03354585144893673,0.0043803328621786425,0.004570361812896327,0.0176654856685791,6.022643723300975e-05,-0.0003890298093049782,-0.02824835763152699,0.0004153069797482778,-0.0034177839351680886,0.06409435638789038,0.0018805538843768845,0.00046435993127208437,-0.0857492913088202,-0.001990123138399592,2.6020852139652106e-18,12.0,-0.006748544217903022,0.013039221138060414,0.448,0.7271380477317841,0.4682747252523195,0.0016030726865306642,0.030497708752032695,0.024,1.9615605297801837,0.05166505471383465,1000.0,,,
Original | Short Brown hold 6m,team,24,centered,pre_covid,120,0.016031367947659157,0.012077952272791565,-0.0015512249901731305,0.005504640665040728,0.0005908700499130758,0.0233376804204004,0.0030663378304364064,0.0020757151097428326,-0.03326980781323604,6.687231370460447e-05,-0.0014218766622282337,-0.05246931750464836,0.0012319795750091436,-0.0009920749993365427,0.02960678871966445,0.0009420880170597228,0.005252007166949596,-0.19606981118501174,-0.006858502726383007,-5.204170427930421e-18,12.0,-0.003449367977818908,0.013108418022224351,0.232,1.0166583109865244,0.311378560851797,-0.003213221816604128,0.028534333413306485,0.148,1.4118194218138664,0.16061264935258562,1000.0,,,
Original | Short Brown hold 6m,team,24,centered,covid,24,0.07414072722815955,0.03851214894250836,0.03993096528272655,-0.00430238699707535,0.0054831535355657785,0.09093761956875311,0.021306684264958856,0.00837260179452037,0.2644732142336451,0.013064976783142042,0.011923897515136197,0.09386859641834304,-0.0063502105477009066,-0.009444815352278046,0.2407354848907226,-0.0013962658123661943,-0.02063722449001965,0.46780860184895134,0.01330578059469275,-7.806255641895632e-18,3.0,-0.018271011606650452,0.011466503414839076,0.534,-1.0738482568699033,0.29402823465983796,-0.007460617084555522,0.0876412861715798,0.096,1.9252306556750158,0.06665398414458072,1000.0,,,
Original | Short Brown hold 6m,team,24,centered,inflation_rates,36,-0.012571893709018695,-0.012938900849724455,0.003950603004200631,-0.0035835958634948656,-0.001957309521891236,0.0048605969161384915,0.0002785122032947352,-0.0020954370543124,0.0054138521699331615,-0.0003040780302112458,-0.0025666102023386757,-0.02212819639019971,-0.0008917663145250477,-0.000696718020411876,-0.0032338981310689693,-0.0001668691435631588,0.0037324789354593224,-0.060143163465178215,0.0050348042892053475,-4.7704895589362195e-18,4.0,-0.01258976906184022,0.004402172765795229,0.438,-0.979301131854218,0.3341522103269503,-0.04118744476319727,0.025635254119710547,0.442,-0.9411701804600242,0.3530686581809556,1000.0,,,
Original | Short Brown hold 6m,team,24,centered,holdout,48,-0.021445018222341652,-0.03049186638808117,0.01064237547596038,-0.001595527310220864,-0.00015973042703324542,0.03963626225380174,0.005125959615972907,0.0004068314591241381,-0.03434966911140631,0.0016436316669807903,-0.0006406158814157761,-0.012059503719152417,-0.00037324164010776656,-0.00013820876182244314,-0.022997833756197347,-0.0010734238905705112,-0.0010638036990735372,-0.14450603899694336,0.005319449723684962,3.469446951953614e-18,6.0,-0.007406758945897244,0.0062021959776189135,0.724,-0.5376797181411705,0.5933351103884597,-0.06155153643550961,-0.0021753334874829305,0.022,-2.329402151800229,0.02418589839822216,1000.0,,,
Original | Short Brown hold 6m,team,24,centered,last18,18,-0.03092896253414258,-0.048049703891814496,0.010136373371431561,0.006984367986240357,0.001857028040500562,0.09490619979925638,0.011262202376178415,0.0028262276505742075,-0.07935024244460583,0.0020472362550708247,-0.0016215800948874456,0.0006181950352482757,7.0226956004204e-05,0.0028256375208188756,-0.028801227897121633,-0.0016205490896780438,0.0010970548692341559,-0.29217058973334464,-0.001622743126143838,-3.469446951953614e-18,,,,,,,,,,,,,,,
Original | Short Brown hold 6m,team,24,centered,last12,12,-0.010294594432983774,-0.025621314539752166,0.01532672010676839,-1.1736135598609718e-34,-4.81482486096809e-35,0.09240300907690681,0.013463118422505324,4.81482486096809e-35,-0.06700532211753288,-0.0023920899995959304,-2.1064858766735392e-35,0.007792326782433935,0.0014182034744029738,0.0,-0.008919643800970656,-0.0007376545423402732,-9.62964972193618e-35,-0.29287870298974567,0.0035751427517962974,1.734723475976807e-18,,,,,,,,,,,,,,,
Original | Short Brown hold 6m,team,36,structural,full_live_1999,329,0.011085466606369793,0.01589056676995346,0.0013826641485624666,-0.006187764312146136,-0.001060573842838345,0.0098794623275873,0.000788002731354452,-0.0003817388297343273,0.008354892279994976,0.00016212046296500902,-0.0036575793968241423,0.01811276467748739,0.00033871420486861187,-0.0012205311972091977,0.01463245705615361,0.0004804960883035292,0.0001326589544598754,-0.023196459470986162,-0.00038666933892913516,2.6020852139652106e-18,12.0,-0.016860092112395315,0.00549716461798364,0.294,-1.0978567637789054,0.27307231322260905,-0.00021993982234085,0.0337830698785881,0.054,1.8560421579675876,0.06434423925380656,1000.0,,,
Original | Short Brown hold 6m,team,36,structural,post2010,199,0.013436084083027783,0.01995210386012164,0.0019351987774239518,-0.008451218554517805,-0.00014466010398929573,0.011617439052610267,0.0015134662510106053,-0.0016208119878595613,0.0014393965661428998,-1.2889470758123858e-05,-0.0005222501832059963,-0.010933828318295456,4.0350771441991096e-05,-0.0036724137263959467,0.024189424431812642,0.0008108684045212854,-0.0024910825530670053,-0.04771216784466656,-0.0004165971787918063,-3.469446951953614e-18,12.0,-0.015755933499146654,-0.00029616525321093896,0.0404,-2.1602169812825283,0.03195732022122787,-0.0014899842411265846,0.044150459877816184,0.066,1.7660596698657318,0.07892690621953147,5000.0,,,
Original | Short Brown hold 6m,team,36,structural,validation,151,0.024524116603939924,0.03002181591706278,0.000684769005063742,-0.006182468318186597,0.0002515376457272166,0.012729750669959804,0.0016622188073492142,-0.0015784098678390001,0.0022433576988555386,7.648215519012086e-06,-0.0012431802449628822,-0.018617276311959467,0.000273710949751987,-0.0035203683914370072,0.025661208886937906,0.0007529100652496008,-9.204745967492412e-05,-0.08667980289617103,-0.002011719032806072,-8.673617379884035e-19,12.0,-0.01546009129604045,0.003398553708772125,0.242,-1.2979443512614262,0.19629874534254965,0.0069166542885540526,0.05930855650332272,0.012,2.2627551807016646,0.02508643876766361,1000.0,,,
Original | Short Brown hold 6m,team,36,structural,pre_covid,120,0.016031367947659157,0.019554269719708382,-0.0017447671100937856,-0.001778134661955435,-0.0004901980227408516,0.010477109301750807,0.0013765873911570376,-0.00046854169882607383,-0.0010904303089232595,2.1917649209357526e-06,-0.0013136401581220734,-0.03720764658831565,0.0008736355418936515,-0.0038325961469361488,0.01442377131963377,0.0004589644033907465,0.004326841364669713,-0.1273916160931219,-0.0044561462114561575,-4.553649124439119e-18,12.0,-0.0110830715229671,0.007470005333437884,0.74,-0.36029631398612133,0.7192642604784493,-0.002012677841393603,0.04145349603669806,0.084,1.6530736729470736,0.10095176147323996,1000.0,,,
Original | Short Brown hold 6m,team,36,structural,covid,24,0.07414072722815955,0.09111590987964475,0.004883829646300192,-0.02185901229778539,0.0011173015606214776,0.027705801456409735,0.006491469281236803,-0.008517549613410072,0.019566610399915727,0.000966590553755835,0.0007618373023499637,0.06890453614549993,-0.00466139187024307,-2.563567183895858e-05,0.08933291598214876,-0.0005181309126964641,-0.015194965875507803,0.09159765391053344,0.00260529259424709,-6.938893903907228e-18,3.0,-0.03193929261817491,-0.007558252904661803,0.0,-3.041811312124408,0.005791725763882853,0.009863938446049618,0.17743240421957276,0.02,2.1177306099331004,0.04521988035750012,1000.0,,,
Original | Short Brown hold 6m,team,36,structural,inflation_rates,36,-0.012571893709018695,-0.0031620712478486954,-0.0022310975869392334,-0.007178724874230763,-0.0006306309811496446,0.007192024194066778,0.00041210298632002584,-0.002062087870907207,0.006628758075149777,-0.00037231524522091233,0.0009580322825880577,0.025404560790677093,0.0010238037998642861,-0.0034761688879024004,0.03042473731028377,0.0015699164452106422,-0.0019678694168595696,0.05811005778410226,-0.004864605573113275,-3.469446951953614e-18,4.0,-0.015011786895230018,0.0006764171128698087,0.08,-1.7954719093447131,0.08121716196250765,-0.03371434047193758,0.03289588794679264,0.86,-0.21732607770229764,0.8292162053056402,1000.0,,,
Original | Short Brown hold 6m,team,36,structural,holdout,48,-0.021445018222341652,-0.011725531985672378,-0.00033152454793749825,-0.00938796168873178,-0.0013954148152773083,0.008118292089698184,0.0010498981245002166,-0.0018838432354526939,-0.0010897311638489414,5.21436361901718e-05,0.000642228457489143,0.013237018495105918,0.0004096857224235273,-0.004070463996664655,0.019559435833397757,0.0009129366675238404,-0.002680468098826266,0.07487351742152461,-0.002756188698575254,5.204170427930421e-18,6.0,-0.016086838158695355,-0.0007936325294993608,0.038,-2.662685437741012,0.010580561857150594,-0.046712682852411716,0.02606429237945428,0.55,-0.7580900520449567,0.45218170184653644,1000.0,,,
Original | Short Brown hold 6m,team,36,structural,last18,18,-0.03092896253414258,-0.023829977492031175,-0.0005084476325813934,-0.006590537409530019,-0.0013464032071834272,0.007264730517728264,0.0008620813547704202,-0.00043274345319435593,-0.01616346592056341,0.0004170174207505348,0.0006034143903868463,-0.01551040559440507,-0.0017619820755244127,-0.0041185555702769805,-0.008690979064840182,-0.0004890124220483409,-0.001296249569262102,0.0834425975558611,0.00046344808947040546,5.204170427930421e-18,,,,,,,,,,,,,,,
Original | Short Brown hold 6m,team,36,structural,last12,12,-0.010294594432983774,0.005986853698240524,-0.006064669393025944,-0.010216778738198358,-0.004418726371202266,0.013402897445679574,0.001952802157835514,-0.000783956644728275,-0.007153202280348474,-0.00025536932140844123,0.002868379568131752,-0.028291311784899003,-0.005149018744851609,-0.006656834645839849,-0.016275998324367744,-0.0013460250614252126,-0.0012256406445597186,0.10379849235547957,-0.0012670584231761948,1.734723475976807e-18,,,,,,,,,,,,,,,
Original | Short Brown hold 6m,team,36,backward_eom,post2010,199,0.013436084083027783,0.017910338268493014,0.002305534795007782,-0.00677978898047301,-0.0003555566305051089,0.011268459586579868,0.0014680028195485709,-0.0035307645388534693,0.014019650178168152,-0.00012554279707284243,-0.0006754919175950036,-0.025602288526697565,9.448402358797386e-05,-0.0020517547705529906,0.06261571111631385,0.00209897932519953,,,,-1.734723475976807e-18,12.0,-0.014996954296176992,0.0029240117174254682,0.1728,-1.471914974711474,0.14263149369393652,-0.0034862289198797363,0.04093654121424067,0.1048,1.6446936486416386,0.10161969357685091,5000.0,-0.00016622112296643955,-0.12884644111744858,-0.0012303885762554507
Original | Short Brown hold 6m,team,36,backward_eom,validation,151,0.024524116603939924,0.030211816746490074,-0.0011099453183344942,-0.004577754824215655,0.00041016273983242427,0.006286371318163007,0.0008208585467184344,-0.003154988416894073,-0.0034369231470984317,-1.171740421275671e-05,-0.0018716032465582975,-0.030911773790215202,0.0004544644888362767,-0.0018789635601066607,0.06502267328499946,0.0019077910710057064,,,,0.0,12.0,-0.01374285943072668,0.0058110567283364166,0.388,-0.8378997584627245,0.40342013198879395,0.0076832126443115685,0.05736514609581507,0.012,2.4108085443707807,0.017127015499456933,1000.0,0.0019176376595109517,-0.16132576177067645,-0.004281342020682154
Original | Short Brown hold 6m,team,36,backward_eom,pre_covid,120,0.016031367947659157,0.020273379599373656,-0.0040620460814743235,-0.00017996557024016696,9.979239372434541e-05,0.0016636157665817447,0.00021858247557117528,0.0006162090148304851,-0.012171034872421523,2.4463780093567274e-05,-0.00245937518896365,-0.02880753415936994,0.0006764009020620062,-0.002438845963806928,0.052337177404168024,0.0016653689850006264,,,,-8.239936510889834e-18,12.0,-0.009897954711846348,0.011184258908273698,0.97,-0.030506223068149114,0.9757144352317818,-0.0016040390999548927,0.042229821825128286,0.066,1.7474524465847137,0.08313847236180644,1000.0,0.004002254173975581,-0.18148886153694002,-0.006646862224201699
Original | Short Brown hold 6m,team,36,backward_eom,covid,24,0.07414072722815955,0.09219118472271051,0.003270944929048313,-0.02132140242359927,0.004789895539334103,0.016503284173842364,0.003866719481931267,-0.0202622492196355,-0.0072672036636004965,-0.00035899986098186375,0.0018258937892787486,-0.03961528523680436,0.002679974046269815,-0.0006080864519175545,0.09441577374559391,-0.000547611487724446,,,,-3.469446951953614e-18,3.0,-0.03185145600763061,-0.006337510079577953,0.018,-3.715004680345837,0.0011384681732507962,0.02126030460578968,0.16704900314956128,0.006,2.8076932001310135,0.0099917820647346,1000.0,-0.007066856080659064,-0.08240603165455729,-0.002369137250446458
Original | Short Brown hold 6m,team,36,backward_eom,inflation_rates,36,-0.012571893709018695,-0.005557064800768169,-0.0034498254871899977,-0.003565003421060531,-0.004655089678424317,0.017084100913691006,0.0009789189823544934,-0.0006855335692047044,0.13664008286808701,-0.00767461798775755,-0.0009566441127281315,-0.0183941113862327,-0.0007412826888651773,-0.002797548482000228,0.12635488295226302,0.00651991196033677,,,,2.6020852139652106e-18,4.0,-0.017101288809869743,0.009508666215114812,0.596,-0.6260010218555905,0.5353756581628517,-0.040407790123108,0.03917155239777168,0.782,-0.3672099030293026,0.71567351038994,1000.0,0.005529812421296849,0.02942257188787332,-0.002532755753258533
Original | Short Brown hold 6m,team,36,backward_eom,holdout,48,-0.021445018222341652,-0.020788062776872743,0.0036501551671182866,-0.0043071106125872035,-0.0027447522029468386,0.02694127893097456,0.0034841808977482823,-0.001897966588693195,0.06893512043056926,-0.0032985455126027362,0.002324760988314617,-0.00889953280188165,-0.0002754405402182365,-0.002464071210694802,0.05504380929399042,0.002569169798797003,,,,7.806255641895632e-18,6.0,-0.017066896975785836,0.011992461270336376,0.678,-0.6429496652775645,0.5233812697472995,-0.05328693710419136,0.007567861016591048,0.164,-1.5370646267821109,0.13098302760187125,1000.0,0.00047491840143301417,-0.026671911562502662,0.0011707905233939743
Original | Short Brown hold 6m,team,36,backward_eom,last18,18,-0.03092896253414258,-0.04799398956893929,0.006305570732163256,0.010759456302633467,-0.0008157107164010623,0.057312766132688736,0.006801114914412393,-0.0013840794511137716,-0.026533861701835932,0.0006845736319073651,0.0031328808681545537,-0.0001185550397805293,-1.3467852519068104e-05,0.0018131310382950919,-0.03442381360024387,-0.0019369132452403885,,,,-1.3877787807814457e-17,,,,,,,,,,,,,0.008013234563698656,-0.15932616049100667,0.0007702632836029543
Original | Short Brown hold 6m,team,36,backward_eom,last12,12,-0.010294594432983774,-0.029169317095619908,0.013626498907847978,0.005248223754788162,-0.006314472146998292,0.0742492838983585,0.010818120663990833,-0.0009164972558030871,-0.02956213999076084,-0.001055368397670165,0.0008473084098150094,0.015570753235477588,0.0028338770888569165,0.0024831964338496723,-0.04481937730192687,-0.0037065625028693525,,,,-6.938893903907228e-18,,,,,,,,,,,,,0.00914868831392486,-0.18782278662592367,0.004736432055539745
Pure | Short Brown hold 6m,team,36,backward,full_live_1999,329,0.005304570096388719,0.012406084639671095,-0.00048373319183900407,-0.006617781351443376,0.0012614929916592854,-0.016376075712920057,-0.001306183673033929,-0.0030076237677942753,0.02005503711809592,0.00038915306067454237,-0.0036598085268549465,0.0189343614431415,0.0003540783141118044,0.0012998173164227946,0.027976256857601,0.0009186756491999335,-0.0025116593648762337,-0.05035935801489174,-0.0008394565427913553,3.469446951953614e-18,12.0,-0.017270588329914023,0.004161181619457885,0.252,-1.2426393976982133,0.21488837275268682,-0.007192038861852324,0.032942858216232225,0.22,1.2914728955216064,0.19744909861353843,1000.0,,,
Pure | Short Brown hold 6m,team,36,backward,post2010,199,0.012277399005858766,0.024158079062266073,0.0005389256563264832,-0.012419605712733789,-0.0007563165319281539,0.00017198570747212262,2.2405502859664736e-05,-0.003573538161257533,0.03479238244281733,-0.00031155791715125876,0.0013160494563541547,-0.0011027109514927598,4.069502124503957e-06,-0.0028572197726326656,0.047059700426998106,0.0015775168322031104,-0.006548580703269591,-0.0862980225999548,-0.0007535082637095371,-1.734723475976807e-18,12.0,-0.021647074572873033,-0.0017782366218382004,0.0232,-2.393398806390075,0.01762694999491997,-0.00022075320109520805,0.050077420539287584,0.0532,2.04934467375696,0.041747074308353865,5000.0,,,
Pure | Short Brown hold 6m,team,36,backward,validation,151,0.025859063464400325,0.03870499169801497,-0.002010831286852503,-0.010835096946762142,-0.0001289517996393262,-0.0040392621977971615,-0.0005274366927576566,-0.0035961558984098294,0.021422886589679623,7.303643719448352e-05,0.0012389824478267256,0.0023880447394560283,-3.5109002129750896e-05,-0.0031179601464952833,0.04306090079212179,0.0012634239395325588,-0.005231011550044428,-0.1199875468421888,-0.0027847459686921377,-3.469446951953614e-18,12.0,-0.0219107253133339,0.0012023305339463747,0.072,-1.6096510922350191,0.10957657342114642,0.013819339960428228,0.06676824495890434,0.006,2.8698908718814673,0.004699641331827646,1000.0,,,
Pure | Short Brown hold 6m,team,36,backward,pre_covid,120,0.017513237868024625,0.027507359934177106,-0.007973253925528294,-0.0020208681406241797,-0.00014788867355086977,-0.01524618182588406,-0.0020031958301029054,0.00037492759487263775,0.011438972767411308,-2.2992335262496743e-05,-0.00141876709302469,-0.0061904359823146205,0.0001453514368647473,-0.003537778033808892,0.02157778205982673,0.0006866050251436865,0.0027086380648876345,-0.19379763486965837,-0.006779022222171326,-6.5052130349130266e-18,12.0,-0.01215016517308863,0.00817826453099163,0.72,-0.3535488044410041,0.7243026267807605,0.0012753010424825522,0.052102426331642415,0.04,2.106511641066547,0.0372608662290852,1000.0,,,
Pure | Short Brown hold 6m,team,36,backward,covid,24,0.07513041829006224,0.09319957130984918,0.00933936259298749,-0.027408515612774423,0.004249415265789724,0.030857983812209663,0.007230025607200726,-0.02113830351476554,0.0171354860750396,0.0008464930121069545,0.010906593659608579,0.029005797531601086,-0.0019622422030128135,-0.0025513099132302075,0.10514894129339242,-0.0006098638595016775,-0.018874911110176983,0.1348303169306895,0.003834950036194302,-6.938893903907228e-18,3.0,-0.04071379347956369,-0.0056989172528961116,0.014,-3.3466351144661837,0.002797308149234276,0.012722179540863512,0.17389232515396924,0.01,2.4452863251437074,0.022547022728431503,1000.0,,,
Pure | Short Brown hold 6m,team,36,backward,inflation_rates,36,-0.012571893709018695,0.007712964576846443,-0.00953151113716836,-0.010753347148696782,-0.005547887754833012,0.026531591634717022,0.0015202602006692833,-0.0008277945249697874,0.1475784282270171,-0.008288988385417457,0.0055508876868106275,0.008262143827687383,0.00033296439625580133,-0.002258753409298755,0.13093268693541377,0.006756126645867349,-0.007669799146405857,0.11768538240156246,-0.009851873994543337,1.734723475976807e-18,4.0,-0.022729880931245384,0.004227618751656591,0.166,-1.6178689748951067,0.11466910859484056,-0.027865301091476297,0.05162693657698562,0.692,0.4884699307958019,0.6282636590032634,1000.0,,,
Pure | Short Brown hold 6m,team,36,backward,holdout,48,-0.03044825376996988,-0.021604083604360655,-0.00025669325704304007,-0.008587476908566191,-0.0027133086635016714,0.013419869742798414,0.0017355246544874035,-0.001346513543806278,0.07685058814747969,-0.0036773006428568998,0.0020598092085502492,-0.012084046562602492,-0.0003740012411125463,-0.0022550356384873366,0.05963925761171316,0.0027836623490267117,-0.004332428271321154,0.019683605745406327,-0.0007245783765877092,5.204170427930421e-18,6.0,-0.018844700086378893,0.004913453691035439,0.266,-1.2922903706036997,0.20257439327655463,-0.052916835343132566,0.004594160934814998,0.11,-1.6382542701084586,0.10804704387496629,1000.0,,,
Pure | Short Brown hold 6m,team,36,backward,last18,18,-0.0549375906611512,-0.054580900559871755,-0.003214521953551019,0.002857831852271595,-0.001972361193268171,0.010068617473949694,0.001194809273575363,-0.0004241445478086114,-0.008833997812120204,0.00022791714355270063,0.0025009463071255103,-0.024653879201199103,-0.0028006806772562128,0.001544086048049514,-0.025321321653664453,-0.0014247463650461868,0.0012093052381733527,-0.07414733634553063,-0.0004118213283766835,-1.8648277366750676e-17,,,,,,,,,,,,,,,
Pure | Short Brown hold 6m,team,36,backward,last12,12,-0.04630753662349669,-0.04150032188575545,-0.003978892505430565,-0.0008283222323106809,-0.005599676451333464,0.013926208692571815,0.0020290486065077133,-0.0006346733678740176,-0.008800197184290587,-0.0003141670394791749,0.0018991787438493897,-0.01878962166690658,-0.0034197111433769923,0.0024544329640153193,-0.03821714371152677,-0.003160557784943264,0.0010524158790320922,-0.07262240464698773,0.0008864948558611527,5.637851296924623e-18,,,,,,,,,,,,,,,
Pure | Short Brown hold 6m,team,24,backward,full_live_1999,329,0.005304570096388719,0.013034824819993525,-0.0006342978788988425,-0.007095956844705968,0.0022538270907294117,-0.009476872970241504,-0.0007558915189540709,-0.005920594206005016,0.012286705057448012,0.0002384143619657999,-0.0012938583747166684,0.017163423976385865,0.0003209612452046088,-4.106855642117035e-05,0.01303348071443471,0.0004279893989254311,-0.002094262798292524,-0.05193799554709961,-0.0008657713660406117,4.336808689942018e-18,12.0,-0.021351356000852424,0.005632085377263876,0.294,-1.0449364804293992,0.296821801195756,-0.00785637389237282,0.03537330023230721,0.248,1.1990949672079583,0.23135655840140443,1000.0,,,
Pure | Short Brown hold 6m,team,24,backward,post2010,199,0.012277399005858766,0.02468913886048408,0.0019369390444616875,-0.014348678899087003,-0.0022909422688142567,0.014070707276806425,0.0018330666935163368,-0.008687621844142967,0.019517625622766748,-0.00017477592391844395,0.004395205345761638,-0.01635244825177399,6.0347929628657714e-05,-0.0018218072558096217,0.031298218281934034,0.001049166605603646,-0.005943512876081795,-0.09515770266649827,-0.0008308662603685089,1.734723475976807e-18,12.0,-0.02782419412423875,-0.0010052732023887645,0.034,-1.9655382103359715,0.0507501722442943,-0.0036861514961063217,0.05394473915495144,0.094,1.8226132888006168,0.06987035092155693,1000.0,,,
Pure | Short Brown hold 6m,team,24,backward,validation,151,0.025859063464400325,0.042113900350887266,0.0007242731802549906,-0.016979110066741923,-0.002772758944133101,0.01390103725211141,0.0018151624616379537,-0.010999156001753128,0.018787235694200894,6.405078765148722e-05,0.004890180694534199,-0.016332448902121998,0.0002401194474351712,-0.0009896123670180379,0.03716118139001643,0.0010903238280154227,-0.007107763448371855,-0.10708878074334818,-0.0024853833444850445,-6.938893903907228e-18,12.0,-0.03565167091637503,0.0021562987432552526,0.096,-1.7022585307567735,0.09077841598070698,0.012662558182916039,0.07558052901980504,0.012,2.697529865941852,0.00778566952152024,1000.0,,,
Pure | Short Brown hold 6m,team,24,backward,pre_covid,120,0.017513237868024625,0.024666074332599985,-0.006953451786029732,-0.0001993846785456276,-0.0022615107859623807,-0.002420055323099689,-0.0003179710689020679,-0.003789189637565408,-0.0015497913729028007,3.115080659534631e-06,0.0014825555193760007,-0.03717103235302558,0.0008727758396490408,-0.003224402821815074,0.006103946686566016,0.0001942275835665306,0.0075931630474212345,-0.2202864742646477,-0.007705599221002769,-4.336808689942018e-19,12.0,-0.013113942535596225,0.014435478649062404,0.916,-0.026839230228253845,0.9786329203549831,-0.0017824147103678405,0.05101893340222117,0.078,1.7490937964490556,0.08285310738576811,1000.0,,,
Pure | Short Brown hold 6m,team,24,backward,covid,24,0.07513041829006224,0.11089867002505283,0.022901534742073123,-0.05866978647706372,0.002574247812398569,0.06953482905325724,0.016292010447178172,-0.04478716521628873,0.04991588741721651,0.002465844838410491,0.004842075614046666,0.043787967489651136,-0.0029622560006748993,0.0072806056485875265,0.12154355442589326,-0.0007049526156701826,-0.02857955033580776,0.27461753202262335,0.007810888072829538,1.3877787807814457e-17,3.0,-0.08553352796820925,-0.016020577209601324,0.008,-4.642681593367683,0.00011341126148958505,0.020800150243758756,0.20632539914892944,0.01,2.4589021896991574,0.021884893561987435,1000.0,,,
Pure | Short Brown hold 6m,team,24,backward,inflation_rates,36,-0.012571893709018695,0.007466607234697718,-0.0058784544522379155,-0.014160046491478501,-0.011383869107425806,0.021269132904111195,0.0012187213154055698,0.0005766779938996716,0.10479196602618197,-0.005885815425137218,0.015105170695135312,0.017106941208476726,0.0006894097307016117,0.0005207018625993524,0.10180841960012776,0.005253314451366592,-0.01897872793568703,0.08545898714031133,-0.007154084524574471,5.204170427930421e-18,4.0,-0.042024586676879166,0.010452667163635705,0.344,-0.9837877342714679,0.33197208740172623,-0.04168191181194998,0.06970053543246284,0.782,0.29802329507297387,0.7674474242797813,1000.0,,,
Pure | Short Brown hold 6m,team,24,backward,holdout,48,-0.03044825376996988,-0.030126256661409244,0.0030580102061223465,-0.0033800073146829927,-0.000774558793469134,0.014604460896159488,0.0018887219053958244,-0.0012981429815445622,0.02181531060638014,-0.0010438626125152887,0.002840967571849178,-0.016415362872554216,-0.000508055480905552,-0.004120035916185578,0.012854313504424822,0.0005999750828190286,-2.823719533289696e-05,-0.05762451954974122,0.0021212313113283345,9.107298248878237e-18,6.0,-0.017211466158820084,0.013496672783941389,0.758,-0.46756208725720794,0.6422585077404626,-0.060848727375425196,-0.0015598903922885282,0.038,-2.263138277454169,0.02828719164862793,1000.0,,,
Pure | Short Brown hold 6m,team,24,backward,last18,18,-0.0549375906611512,-0.0567152215556416,-0.0005576757134308951,0.002335306607921308,0.004066312023120359,0.041415649264826465,0.0049146570460927375,-0.006602970511833786,-0.05179904811580999,0.001336415441387894,0.0025883212276782207,-0.023301496304255993,-0.0026470499801634763,-0.0053411027101693395,-0.06158611303346606,-0.0034652452933496905,0.007624746579125853,-0.12539449974626277,-0.0006964529273983601,-1.214306433183765e-17,,,,,,,,,,,,,,,
Pure | Short Brown hold 6m,team,24,backward,last12,12,-0.04630753662349669,-0.036324402545532146,-0.0007927011985778585,-0.009190432879386678,-0.008109017751957598,0.07070918419614745,0.010302328137378684,-0.001679857666834109,-0.07479275649646029,-0.00267010140692364,0.002512755893656591,-0.01727440076204866,-0.003143940938692851,-0.0074213585291472706,-0.09123965377762205,-0.007545519367409344,0.005507045174895708,-0.18551239811084586,0.0022645323770692912,-5.204170427930421e-18,,,,,,,,,,,,,,,
Pure | Short Brown hold 6m,team,36,centered,full_live_1999,329,0.005304570096388719,0.005939366223003397,-0.00050044280393267,-0.00013435332268200875,0.005235407346358011,-0.012792166090435993,-0.0010203249412729025,-0.00033408893314321923,0.019924300315207994,0.00038661621037169587,-0.0010282622006707286,0.022402445049000116,0.0004189325316701161,-0.002548683517728729,0.01937967829787778,0.0006363838676563901,-0.001458726017497343,-0.05531420327117045,-0.0009220504723579696,8.673617379884035e-19,12.0,-0.00805045992166376,0.006756602353125585,0.942,-0.03273019655359707,0.973909651110923,-0.010183172102093744,0.022390513482255386,0.432,0.7632656231205329,0.4458536210287299,1000.0,,,
Pure | Short Brown hold 6m,team,36,centered,post2010,199,0.012277399005858766,0.010986351939439993,0.0017497948928833866,-0.0004587478264646105,0.0016719553842297068,0.011119510293857179,0.0014485983943024543,0.0014436265526807971,0.03787554751267647,-0.00033916696315371603,-0.00025241121380140667,-0.01758988779464112,6.491464118786186e-05,-0.001808295697173685,0.0382817075906563,0.0012832643969635682,-0.0015136228524000224,-0.08106491667324539,-0.0007078155764167815,-2.8189256484623115e-18,12.0,-0.008576783499990718,0.007420830258579002,0.922,-0.11729827348577121,0.9067425912408297,-0.007343057510393968,0.029591120059008717,0.25,1.273329723575407,0.20439394159360952,1000.0,,,
Pure | Short Brown hold 6m,team,36,centered,validation,151,0.025859063464400325,0.02446530304502805,0.001553935612575924,-0.00016017519320365276,0.0022203618978502925,0.010022674454596115,0.001308735607656705,0.0013088076468312834,0.05035912514711703,0.00017168793129626296,-7.78294161052468e-05,-0.01675944347369131,0.000246397115970826,-0.0018526546558749386,0.0580394669275061,0.0017029010216928677,-0.0017588606659050432,-0.08082280062720336,-0.0018757860640407373,2.6020852139652106e-18,12.0,-0.009462258145430502,0.008375131461845072,0.95,-0.03359489085033746,0.9732448588236422,0.00886144055385709,0.041857742989331065,0.002,2.7863077905534137,0.0060203704977624724,1000.0,,,
Pure | Short Brown hold 6m,team,36,centered,pre_covid,120,0.017513237868024625,0.020461905939518448,-0.0035001562085669883,0.0005514881370731667,0.0008245784663484313,0.0017986714998641776,0.00023632744836715413,-0.0005262230589189266,0.014468677894356503,-2.9082042567656584e-05,-0.0002609994431698692,-0.02627237207379427,0.0006168752962926896,-0.00042758151901788467,0.027974265649354967,0.0008901411329624749,0.000941713691831416,-0.14906897351221096,-0.005214418043621651,-1.1926223897340549e-18,12.0,-0.006566415468726414,0.007251857844772704,0.938,0.1360635922376001,0.8920009172632444,0.00390510397387558,0.03812639594610615,0.01,2.165214080564164,0.03236717158002234,1000.0,,,
Pure | Short Brown hold 6m,team,36,centered,covid,24,0.07513041829006224,0.04669400710798399,0.025578324565148327,0.0028580866169299283,0.004509163137823809,0.05550298445113542,0.013004349256901032,0.007340277118005995,0.19281208111672646,0.009524916807166267,0.0033843938131260572,0.03361004057812677,-0.002273719245110276,-0.007041382050544992,0.18900750731395358,-0.0010962435424209335,-0.00533436540148094,0.2256818645771219,0.006419021288612239,-5.204170427930421e-18,3.0,-0.00575514756088724,0.010426945232425293,0.552,0.6740159530889624,0.5070192936117197,0.0034768822757475716,0.09587927455419136,0.028,2.494349781075946,0.020244749373713653,1000.0,,,
Pure | Short Brown hold 6m,team,36,centered,inflation_rates,36,-0.012571893709018695,-0.0104302607166597,0.0013537691944165888,-0.0034954021867755845,-0.0002693330050322045,0.0013162768997211421,7.542266635402134e-05,-0.0013617214488572107,0.03755385656008453,-0.0021092749434580803,-0.0008886130284320547,-0.022091418535834604,-0.000890284166994134,0.0015780545464298436,0.017456007990800455,0.0009007300123253033,-0.0025537892508839585,-0.040341990287886084,0.0033771756261894775,8.673617379884035e-19,4.0,-0.01504241144871033,0.005905845953687257,0.518,-0.6983649980411631,0.489563405321472,-0.04029375769702199,0.03196731013566781,0.562,-0.6774078599125568,0.5026006934526055,1000.0,,,
Pure | Short Brown hold 6m,team,36,centered,holdout,48,-0.03044825376996988,-0.03141618174688913,0.0032236556993795466,-0.0022557277224603046,-4.891845907462847e-05,0.01456997303819927,0.0018842617631651191,-0.00014527154406791668,-0.001395707129001087,6.678458612270196e-05,-0.0006823534022986715,-0.020202327220962383,-0.0006252620274887845,-0.0005913242019220773,-0.023872910323183723,-0.0011142680893346003,-0.0007878601150970105,-0.08182657340141931,0.0030121394669151112,5.204170427930421e-18,6.0,-0.006373308965481964,0.0035314049080469832,0.446,-1.0416683126335893,0.30289427994546825,-0.059974607275831766,-0.005936334310015715,0.008,-2.420393424932115,0.019421976696891906,1000.0,,,
Pure | Short Brown hold 6m,team,36,centered,last18,18,-0.0549375906611512,-0.05356886803749572,-0.0013687226236554703,-3.209883240645393e-35,0.0,0.03249917754087715,0.003856569068184086,-1.6049416203226965e-35,-0.00939137764550728,0.00024229754325408718,0.0,-0.018897522571750855,-0.002146758564150893,0.0,-0.04754992266240496,-0.0026754756484713193,-1.6049416203226965e-35,-0.1161944576840814,-0.000645355022471432,-6.938893903907228e-18,,,,,,,,,,,,,,,
Pure | Short Brown hold 6m,team,36,centered,last12,12,-0.04630753662349669,-0.044754041701835376,-0.0015534949216613205,2.1666711874356403e-34,2.407412430484045e-35,0.03249917754087716,0.004735130167705802,0.0,-0.009391377645507279,-0.0003352721819446108,0.0,-0.01889752257175086,-0.0034393491080586505,1.925929944387236e-34,-0.047549922662404966,-0.0039323786041808905,0.0,-0.11619445768408142,0.0014183748048170295,8.239936510889834e-18,,,,,,,,,,,,,,,
Pure | Short Brown hold 6m,team,24,centered,full_live_1999,329,0.005304570096388719,0.0032900001913990003,-0.0006648110400325199,0.0026793809450222383,0.0037001210666179336,-0.007876318914617231,-0.0006282286031301502,-0.00019900145667234678,0.013903685695760178,0.0002697906671177296,-5.935732415335041e-06,0.022357041399513514,0.00041808346962421525,-0.0006680584861133527,0.007375145365075063,0.00024218273697910314,-0.0001477444463946608,-0.05798910680127006,-0.0009666393106234178,0.0,12.0,-0.006955052296810389,0.012119513232075293,0.59,0.5231235370639618,0.6012414942685047,-0.012279022772431621,0.019584640765256466,0.632,0.43468540131442523,0.6640766349186229,1000.0,,,
Pure | Short Brown hold 6m,team,24,centered,post2010,199,0.012277399005858766,0.008039100509851009,0.0019463277938583804,0.0022919707021493837,0.0011835424845309424,0.016594437980168686,0.002161846662051643,0.004212370284472558,0.02826060455507399,-0.0002530673232017179,-0.00016105849221479058,-0.02409138092828959,8.890809122480388e-05,-0.002273650353697588,0.02391125747211786,0.0008015438007286625,-0.0006692332209417384,-0.09768158309864611,-0.0008529034369450112,-6.938893903907228e-18,12.0,-0.006615801847845524,0.01116051924402634,0.596,0.5237889375282807,0.6010111329196951,-0.009004825295096918,0.026085544879549002,0.39,0.9602927277629936,0.3380791053036941,1000.0,,,
Pure | Short Brown hold 6m,team,24,centered,validation,151,0.025859063464400325,0.02091728689354988,0.0021310595857119558,0.0028107169851384972,0.0022717525711462715,0.01845286718926099,0.0024095289598946796,0.004139481886425354,0.04052395485697103,0.00013815716530045415,-2.0447027350199057e-05,-0.025146256526520586,0.0003696999303899055,-0.0023432629204205996,0.04279659809521132,0.0012556691933842666,-0.0012368075246623302,-0.08798434508972791,-0.00204199566325735,-7.806255641895632e-18,12.0,-0.007793795182785465,0.012652629002538074,0.568,0.5317881191647508,0.5956594593151193,0.005807286974016748,0.03831637740879809,0.008,2.432530231690515,0.016170639980876696,1000.0,,,
Pure | Short Brown hold 6m,team,24,centered,pre_covid,120,0.017513237868024625,0.01801887103801355,-0.005163342780404697,0.004657709610415778,0.00021635798954456107,0.004368392197975468,0.0005739630508919964,0.001680765959738383,-0.004726433037514168,9.500130405403483e-06,-0.0007978797553781639,-0.04809620498944485,0.0011292988931521652,0.0003964483049140995,0.0026936283136801014,8.571125294130082e-05,0.0031620171115968993,-0.1990233180938189,-0.006961816107795564,-5.204170427930421e-18,12.0,-0.003575305125463378,0.012351395114860435,0.29,0.9039369886209965,0.3678551028836021,0.0003539395349465159,0.03683080592185601,0.04,1.9182421935336917,0.05747618557970871,1000.0,,,
Pure | Short Brown hold 6m,team,24,centered,covid,24,0.07513041829006224,0.03962841808750561,0.04005252623336289,-0.00455052603080624,0.0054784281544835705,0.09071348767768432,0.02125417016288144,0.008475869889466543,0.2651375593244704,0.013097795430628811,0.011473366612268202,0.09188858490067353,-0.006216262768530565,-0.009391090083220331,0.24088086161218938,-0.0013971089973507018,-0.02058710060380422,0.4680952056523551,0.013313932405733893,-1.9081958235744878e-17,3.0,-0.018472296998625563,0.010882609549018953,0.516,-1.1384527831928677,0.26665136431415115,-0.0064740180155083045,0.0883002078088651,0.088,1.9952531019581605,0.05799387792686475,1000.0,,,
Pure | Short Brown hold 6m,team,24,centered,inflation_rates,36,-0.012571893709018695,-0.012670916513404143,0.003919734000516269,-0.0038207111961308183,-0.0019901729061604545,0.004934294940183114,0.00028273510007249206,-0.0021424994715364765,0.005704951952731727,-0.0003204281346784318,-0.002728680404533983,-0.02237363968309934,-0.0009016576792289029,-0.0006343377741727247,-0.0029525452086139456,-0.00015235133276447955,0.0036749793602728195,-0.05986401855245313,0.005011436047115591,-2.6020852139652106e-18,4.0,-0.013063223981545708,0.004224691784398494,0.416,-1.023909815479297,0.31290304322828305,-0.0411844674986349,0.026131945835346768,0.45,-0.9174464850292693,0.3651877960465426,1000.0,,,
Pure | Short Brown hold 6m,team,24,centered,holdout,48,-0.03044825376996988,-0.03247352748886835,0.004302622038056611,-0.0022773483191581463,-0.002247107484283312,0.010748129426565813,0.0013900018380906226,0.002464161477512124,-0.010317851602977117,0.0004937091992024546,-0.0007548931461143461,-0.02077291810885456,-0.0006429218154690473,-0.0010248097539134729,-0.035498876571363656,-0.0016569100639683987,-0.0007146994123591393,-0.12818747766836783,0.004718742880200979,5.204170427930421e-18,6.0,-0.007298709669875933,0.0035315001051286986,0.484,-0.9149449061404564,0.3648909604788333,-0.06111680393423837,-0.006508800546024879,0.008,-2.537888221062424,0.014526963196460636,1000.0,,,
Pure | Short Brown hold 6m,team,24,centered,last18,18,-0.0549375906611512,-0.05333413349391364,-0.0049321076130383525,0.0033286504458007933,-0.004530375709633719,0.017871178926627228,0.0021207132326264296,0.006899370163446531,-0.015265395755461344,0.0003938472104909015,-5.8829359266163504e-06,-0.022617576670624105,-0.0025693567097828936,0.0007811171036929401,-0.06213734207089846,-0.0034962611138558866,0.00018442182422165752,-0.2486544261904767,-0.0013810502325169033,-4.336808689942018e-19,,,,,,,,,,,,,,,
Pure | Short Brown hold 6m,team,24,centered,last12,12,-0.04630753662349669,-0.04351701025865925,-0.002790526364837436,4.513898307157584e-36,-1.504632769052528e-36,0.0028280767272731446,0.00041205077916369717,6.018531076210112e-36,0.012347871582715051,0.0004408190155029286,0.0,-0.016737241340400142,-0.0030461779239528207,0.0,-0.04227752993604538,-0.0034963517257109527,0.0,-0.23749945536174497,0.0028991334901597113,-3.469446951953614e-18,,,,,,,,,,,,,,,
Pure | Short Brown hold 6m,team,36,structural,full_live_1999,329,0.005304570096388719,0.008842226614180331,0.0014659849309980096,-0.0050036414487896275,-0.0009409828868454087,0.009423654592663526,0.0007516467305739788,-0.00024652686867497684,0.009265055239006297,0.0001797814974036968,-0.0037643683130214613,0.017709145462534995,0.0003311664028683897,0.000916811579959091,0.016725508604732674,0.0005492270661461699,-0.000968574960206871,-0.020746895908993177,-0.00034583676599422527,5.204170427930421e-18,12.0,-0.016553987247447683,0.008340662085999838,0.472,-0.83759878761637,0.40286597400952867,-0.008160553400492026,0.02731067174213079,0.336,0.973836711867681,0.3308552547800388,1000.0,,,
Pure | Short Brown hold 6m,team,36,structural,post2010,199,0.012277399005858766,0.01851159682961607,0.001638685184724658,-0.007872883008481955,0.00027886208671082396,0.009995888628120377,0.0013022181583230905,-0.0013586059581540367,-0.000177682692156127,1.5911083287548663e-06,-0.00059502445603507,-0.007145298524622695,2.6369383097904204e-05,-0.00321474645163121,0.023236305901840917,0.0007789183387437205,-0.002983368229372463,-0.053875465509924794,-0.0004704118037688126,-5.204170427930421e-18,12.0,-0.013820317741225968,-0.0009661052394971847,0.0256,-2.3657624651827365,0.018958904834306047,-0.0040553455830200195,0.04414352764123631,0.1124,1.628084225088652,0.10509717081772361,5000.0,,,
Pure | Short Brown hold 6m,team,36,structural,validation,151,0.025859063464400325,0.03171107742781378,0.00012291402814994636,-0.005974927991563409,0.0006799820442944854,0.010479387047369514,0.0013683719886781066,-0.001262891230013856,0.0006278697437506528,2.1405784376346648e-06,-0.0010803952865792344,-0.014654874264498716,0.00021545576733236535,-0.003494749652336846,0.023863507571216715,0.0007001647943279374,-0.0008168738669279572,-0.09320755145511317,-0.0021632191006260974,6.938893903907228e-18,12.0,-0.013568913306777656,0.002058513111375427,0.168,-1.4744422084056235,0.14245827428000574,0.007668009455144361,0.06058184850470518,0.014,2.4285922758416794,0.016340422295830364,1000.0,,,
Pure | Short Brown hold 6m,team,36,structural,pre_covid,120,0.017513237868024625,0.022449628912555475,-0.0027106658123986632,-0.002225725232132183,8.33304494199872e-05,0.007308869667741346,0.0009603123856445348,-7.315159897994242e-05,-0.0035497600112603073,7.135017622633221e-06,-0.0019066834601991316,-0.033190952354849236,0.0007793235612918602,-0.003834132458765586,0.011048539101485176,0.00035156451420925825,0.0035049118363924894,-0.1374789823324663,-0.00480900129116695,-3.469446951953614e-18,12.0,-0.008584244396959418,0.005404512617330996,0.558,-0.55706916089935,0.5785264258892254,3.8744942340810636e-05,0.04389988500770345,0.048,1.9450261347981825,0.054130746180644854,1000.0,,,
Pure | Short Brown hold 6m,team,36,structural,covid,24,0.07513041829006224,0.08726738425388438,0.005289675259885603,-0.01742664122370773,0.0007836300076805905,0.02938846183432646,0.0068857166077826906,-0.008674077814100706,0.02169914719406606,0.0010719378713868613,0.005184155534844471,0.07375117786010842,-0.004989267182236334,0.0003806548543188351,0.09489853962814594,-0.0005504115298432478,-0.015101003806450918,0.10096406709057786,0.0028716994927956326,-6.938893903907228e-18,3.0,-0.030242515841075724,-0.0015650645123722077,0.028,-1.9191498297382237,0.06745713304810601,0.0013012174973756323,0.1752615935760661,0.044,1.9433129727470073,0.06431508262193152,1000.0,,,
Pure | Short Brown hold 6m,team,36,structural,inflation_rates,36,-0.012571893709018695,-0.0031620712478486954,-0.0022310975869392334,-0.007178724874230763,-0.0006306309811496446,0.007192024194066778,0.00041210298632002584,-0.002062087870907207,0.006628758075149777,-0.00037231524522091233,0.0009580322825880577,0.025404560790677093,0.0010238037998642861,-0.0034761688879024004,0.03042473731028377,0.0015699164452106422,-0.0019678694168595696,0.05811005778410226,-0.004864605573113275,-3.469446951953614e-18,4.0,-0.015011786895230018,0.0006764171128698087,0.08,-1.7954719093447131,0.08121716196250765,-0.03371434047193758,0.03289588794679264,0.86,-0.21732607770229764,0.8292162053056402,1000.0,,,
Pure | Short Brown hold 6m,team,36,structural,holdout,48,-0.03044825376996988,-0.023011769218880943,0.00015673392135668446,-0.00759321847244563,-0.0009848994806573716,0.008474883184232469,0.001096014267800863,-0.001789606388069686,-0.00271181639677954,0.00012976041458590085,-0.0001466054866992232,0.016478575157070626,0.0005100119011113348,-0.0022997006317107115,0.021263233983596197,0.0009924614461843525,-0.002372406485308638,0.0698567215259803,-0.0025715141083257663,6.938893903907228e-18,6.0,-0.012873281076765936,-2.4180837762848008e-05,0.048,-2.6582740950262163,0.010701350737776602,-0.05465015578377542,0.005775678112920855,0.164,-1.6452752650363698,0.10658556655290805,1000.0,,,
Pure | Short Brown hold 6m,team,36,structural,last18,18,-0.0549375906611512,-0.05392661011392068,0.0008793107551848157,-0.0018902913024153368,-0.0002415605368656112,0.008215640103153024,0.0009749226255741583,-8.606658181001393e-05,-0.020489026541711673,0.0005286168847761597,-0.0022145818824124822,-0.00686625449583252,-0.0007800065107265728,0.0005599006991362398,-0.004147517330977675,-0.00023336697515634385,9.201699953653098e-05,0.07006447516774296,0.00038914473071741427,1.734723475976807e-18,,,,,,,,,,,,,,,
Pure | Short Brown hold 6m,team,36,structural,last12,12,-0.04630753662349669,-0.03915809523459372,-0.002920053975808893,-0.004229387413094076,-0.0028000217494145167,0.01482926182381671,0.0021606234477300947,0.0001350916296491656,-0.013641543212070867,-0.0004870030926709313,-0.0022455047437807837,-0.015325085137040178,-0.0027891654949413077,0.00018070150053233034,-0.009460805723573988,-0.0007824086333395688,0.000500345949919729,0.08373130877330236,-0.0010221002025871803,3.469446951953614e-18,,,,,,,,,,,,,,,
Pure | Short Brown hold 6m,team,36,backward_eom,post2010,199,0.012277399005858766,0.01743855549058515,0.0007952580628732091,-0.005956414547599591,5.35550729854088e-05,0.0008061452209170422,0.00010502087247854333,-0.00361495871240636,0.032447748928919586,-0.0002905622542278126,-0.0001253402355088195,-0.010569429660570203,3.900597559157186e-05,-0.002551406216492668,0.059458766624254096,0.0019931534693320317,,,,-2.6020852139652106e-18,12.0,-0.014492770829529916,0.003697331281799755,0.248,-1.236457528804082,0.2177532253944134,-0.0063882296816188885,0.042993429240467805,0.1564,1.5177789332669365,0.13066516749532842,5000.0,0.000281735543822847,-0.11009854690321413,-0.0010513600003011247
Pure | Short Brown hold 6m,team,36,backward_eom,validation,151,0.025859063464400325,0.032295743970625894,-0.0024701499240400997,-0.003966530582185466,0.000888747872103296,-0.006468837543441955,-0.0008446845272288323,-0.0035516550107489837,0.020428113864994744,6.96449868721804e-05,-0.0008571207043275283,-0.010445077026817256,0.00015356338410287628,-0.0026850152707950507,0.06156923211377105,0.0018064657348135847,,,,-3.469446951953614e-18,12.0,-0.01427210825724178,0.007416430744275116,0.478,-0.6663029946381482,0.5062409316651055,0.007531233640423149,0.059312023597004805,0.01,2.523755116389508,0.012651962527642831,1000.0,0.002238512531582801,-0.1377297496407607,-0.0036551395025999096
Pure | Short Brown hold 6m,team,36,backward_eom,pre_covid,120,0.017513237868024625,0.02263824094687171,-0.00589078070978723,0.00076577763094015,0.0007157316827282518,-0.014402839990809048,-0.0018923891463923997,0.0002978769197794864,0.017725375427394625,-3.562800460906322e-05,-0.0008987580002598039,-0.0028738897254611514,6.747893075382784e-05,-0.003441316918987144,0.047975628099054646,0.0015265844861119186,,,,-4.7704895589362195e-18,12.0,-0.010346044637048985,0.012398552615508053,0.908,0.12356232223180705,0.9018702842334626,-0.0014635671158300272,0.04603762633934561,0.066,1.8592899760796515,0.06545606242893438,1000.0,0.004092243947679359,-0.1517260577324324,-0.0055568269756515135
Pure | Short Brown hold 6m,team,36,backward_eom,covid,24,0.07513041829006224,0.09330540374758522,0.003324261308766241,-0.021499246766289212,0.004785218465295996,0.016551268988840625,0.003877962324085359,-0.020338149289594598,-0.006919861953139481,-0.00034184118048508966,0.0017108340269623252,-0.040070635277286236,0.002710778476508414,-0.0006023534103384099,0.09446614925620843,-0.0005479036656860102,,,,-1.0408340855860843e-17,3.0,-0.0320665038372304,-0.006482140959709635,0.016,-3.7517602829512193,0.0010399043539335848,0.022187119025133612,0.1687858754150071,0.006,2.887300224494255,0.008313316691259435,1000.0,-0.007054796558614525,-0.08260072663340214,-0.0023747346456564327
Pure | Short Brown hold 6m,team,36,backward_eom,inflation_rates,36,-0.012571893709018695,-0.005353833212469021,-0.003590210129867165,-0.003627850366682509,-0.004668385023981835,0.017129771400016532,0.000981535901220946,-0.0007385670948459747,0.13772018556133753,-0.007735283755695121,-0.0010060323655262477,-0.01941565574839743,-0.000782450926660416,-0.002796628571568882,0.12707921078356652,0.00655728727643203,,,,4.336808689942018e-19,4.0,-0.01726488868158081,0.009513546130248782,0.584,-0.6337128560651857,0.5303881236006016,-0.04032583422180956,0.03951946045060738,0.79,-0.35279467311525936,0.7263582363008368,1000.0,0.00558176268924043,0.03033499042328215,-0.0026112986251646056
Pure | Short Brown hold 6m,team,36,backward_eom,holdout,48,-0.03044825376996988,-0.029299683269543027,0.002845484055877357,-0.003994054556304213,-0.002545158084337331,0.023692028500463053,0.003063971585822382,-0.001875897891786066,0.07025951756751651,-0.003361917915605662,0.002194577878132208,-0.010960622320918018,-0.00033923126083241194,-0.002016006979407087,0.052819593938482116,0.0024653545470786527,,,,1.734723475976807e-18,6.0,-0.017484303784753623,0.013250469748622214,0.728,-0.5624607456332301,0.5764752063108664,-0.06446828555817409,0.00072884939666431,0.058,-1.918748099919552,0.06110091201435529,1000.0,0.00024843052109406244,-0.023175388291348843,0.001017307099414397
Pure | Short Brown hold 6m,team,36,backward_eom,last18,18,-0.0549375906611512,-0.07086764114000563,0.004317604291516463,0.011612446187337994,-0.00034793028299045457,0.04860045274670631,0.005767253725942478,-0.0012642846775152206,-0.024733721845529508,0.0006381300236146595,0.003010005024018966,-0.004162689467570224,-0.0004728815235159766,0.0030567991007350434,-0.041764416460686106,-0.0023499444995212716,,,,-2.7755575615628914e-17,,,,,,,,,,,,,0.0071578570230896605,-0.15204171025160104,0.000735046564996573
Pure | Short Brown hold 6m,team,36,backward_eom,last12,12,-0.04630753662349669,-0.06347979445221943,0.00952862575107519,0.007643632077647553,-0.005259517189080793,0.06118081381938486,0.008914044573484374,-0.0009028679971495285,-0.026861930206301204,-0.0009589709083649557,0.0010779228359028513,0.009504551593793044,0.0017298283900703312,0.004639753430926133,-0.055830281592590215,-0.004617164287707211,,,,2.6020852139652106e-18,,,,,,,,,,,,,0.00808834099704889,-0.17689611126681526,0.004460887983592651
Continuous | raw attention,team,36,backward,full_live_1999,329,0.0015129639412206843,0.002809469177448391,0.000545517402199329,-0.0018420226384270382,0.0002731572189994669,0.0008928305720822088,7.121368614088899e-05,-0.0002000048350096867,-0.0064864208072017105,-0.0001258641654503822,-0.0018611612226438218,0.013378791739228221,0.0002501874720256159,0.0017701031033275827,0.01767487309814994,0.0005804020030491571,-0.0018241169031005793,-0.013823090217588187,-0.00023042159356595064,2.6020852139652106e-18,12.0,-0.008351088726850824,0.005869281123328536,0.582,-0.5472348551124299,0.5845895292168063,-0.005056951299699801,0.01093178374770122,0.526,0.6658683566923743,0.5059632567399017,1000.0,,,
Continuous | raw attention,team,36,backward,post2010,199,0.003397380859813273,0.0081438132060462,0.0013325656864076006,-0.0060789980326405296,-3.56057000474444e-05,0.0061073837712504065,0.0007956417225774496,-0.001268280536462833,-0.00789192037079025,7.067036231531772e-05,-0.000121446549921881,0.006505941793015184,-2.40098676019617e-05,-0.0007573936749648846,0.01822558298685723,0.000610950849189584,-0.0038962715712434867,-0.01382212081096125,-0.0001206873800727889,8.673617379884035e-19,12.0,-0.010608212456604484,-0.001707021614475234,0.0028,-2.666489758462932,0.008298412851890534,-0.00016109598362059265,0.017982445593678287,0.056,1.9056317042048783,0.05814676235078572,5000.0,,,
Continuous | raw attention,team,36,backward,validation,151,0.006553911478892902,0.011848471989536168,0.0005082386342702323,-0.005802799144913501,0.0002595448032592743,0.005393670415546665,0.0007042919093868653,-0.0012992431573524666,-0.0127114463426474,-4.333677203440296e-05,-0.0002861972407321098,0.007638013092667543,-0.00011229396732266194,-0.0006689887077079408,0.01964840246113719,0.0005764919355220014,-0.0038079148423802583,-0.026581259063743642,-0.0006169144712815694,3.469446951953614e-18,12.0,-0.011009267092306464,-0.0009359689342258445,0.008,-2.0032950000323315,0.04694681516371231,0.0024451930930648015,0.02352553482850282,0.016,2.291441980095074,0.023329911208286994,1000.0,,,
Continuous | raw attention,team,36,backward,pre_covid,120,0.002191884531708653,0.006415338356871579,-0.0017408001590236335,-0.0024826536661392935,0.0001368465748766614,0.0008525916679570765,0.0001120220192528802,-0.00035023595814246365,-0.01669559992166474,3.355815584254614e-05,-0.0010520987863187417,0.007535327263398434,-0.00017692948414459525,-0.0007806920761332305,0.01708857131127473,0.0005437583391247618,-0.00043647342042151834,-0.06441439449569267,-0.0022532091890992267,8.673617379884035e-19,12.0,-0.006194526191046231,0.0014364193668083844,0.252,-1.1237469951914423,0.263382214670579,-0.001956410229075482,0.014805824937449873,0.13,1.5171075122895639,0.1318916332575706,1000.0,,,
Continuous | raw attention,team,36,backward,covid,24,0.03199664992961995,0.035153154368122046,0.007302266532457931,-0.010458770970960029,0.0019569197410008645,0.02122539284127596,0.0049731095427109585,-0.005583651066629463,-0.007591287944718678,-0.0003750096244691019,0.0026480648157382034,0.004729164471269359,-0.0003199279764813721,-0.0003754194296229671,0.02510476241705482,-0.0001456076220189183,-0.009104685031446668,0.11144133558010245,0.003169702212716365,5.204170427930421e-18,3.0,-0.01866234563582497,-0.0016785512290992408,0.012,-2.400635211201406,0.024850696892193828,0.00244875334858195,0.07538726040381458,0.034,1.8485150787527074,0.07742567797441087,1000.0,,,
Continuous | raw attention,team,36,backward,inflation_rates,36,-0.004011041678228017,0.006804556179016972,-0.004361360835845734,-0.006454237021399255,-0.00218927676218306,0.011467136624083628,0.000657066928559991,-0.0005170862077944396,0.022814867348612607,-0.001281435049413741,0.0010680172812309202,0.0076911504894275305,0.0003099533647239293,-0.0009453839291926834,0.03034829580503879,0.0015659720635400013,-0.0038705074034599924,0.06704901204010567,-0.005612918143255915,-1.734723475976807e-18,4.0,-0.012140965097451193,0.000467918543689547,0.078,-1.9104820205573103,0.06429125506567064,-0.0032518742173452005,0.01859170063869679,0.19,1.1716349529448846,0.2492579716811544,1000.0,,,
Continuous | raw attention,team,36,backward,holdout,48,-0.006532538379374727,-0.0035104258836826576,0.000496530255770761,-0.00351864275146283,-0.0009612878867332143,0.008352607036068422,0.0010802009049395477,-0.000393713667600233,0.007269505082343708,-0.0003478458181901461,0.0005594124336808916,0.0029446341628588065,9.113642734047989e-05,-0.000957912102285382,0.013749630057351506,0.0006417639829268815,-0.0017651415285248923,0.02631600160925004,-0.000968725241246002,-4.336808689942018e-19,6.0,-0.00685745756160647,0.0003377881287568051,0.084,-1.5831754831807174,0.12008811320932627,-0.013822096759420326,0.006378383075644765,0.5,-0.8026823311850306,0.426198818394882,1000.0,,,
Continuous | raw attention,team,36,backward,last18,18,-0.011022916452384346,-0.012335967706148438,0.0011304290202920572,0.00018262223347203892,-0.0006753940863985933,0.010669907466115902,0.001266162352645753,-0.00012218569708449798,-0.0103352522257017,0.0002666495074231031,0.0007086024125599211,-0.00016361939447719125,-1.8587163212608894e-05,-0.0001893812909542652,-0.006211219314554945,-0.00034948460676562494,0.0004609808953494742,-0.0061776169844272154,-3.4311069798565e-05,-3.903127820947816e-18,,,,,,,,,,,,,,,
Continuous | raw attention,team,36,backward,last12,12,-0.005421555306083067,-0.005393248341360011,0.0013154299681722348,-0.001343736932895286,-0.0018520487569302572,0.01470189210232947,0.0021420656793094037,-0.00015980450055643543,-0.011764383932946145,-0.0004199885064061786,0.0005986084101650767,0.0016706782521595884,0.0003040634418930446,-0.0003016736383986867,-0.009530731406035256,-0.0007881914872791158,0.0003711815528250167,-0.006347295672659116,7.748084065508089e-05,-4.119968255444917e-18,,,,,,,,,,,,,,,
Continuous | raw attention,team,24,backward,full_live_1999,329,0.0015129639412206843,0.001774559836195706,0.0007151172307180155,-0.0009767131256930351,0.0010372052040008213,0.004278915892323203,0.0003412936148327917,-0.0016338217873761414,-0.009047990552866305,-0.00017556951881306544,-0.0014141718070786007,0.012263043680694643,0.00022932264419788951,0.002060829315006304,0.014640920187332604,0.0004807739979813572,-0.0010267540502454185,-0.009640672333759917,-0.0001607035074809574,-2.168404344971009e-18,12.0,-0.008325750977644052,0.007071279885367535,0.754,-0.2511201507806881,0.8018784624812928,-0.0071326250399719885,0.010838659699060935,0.736,0.3742076439095386,0.7084916296802158,1000.0,,,
Continuous | raw attention,team,24,backward,post2010,199,0.003397380859813273,0.007221279751363932,0.002144759614375257,-0.005968658505925917,-0.0007554115795203049,0.01285426850399403,0.0016745946739313783,-0.00350205385206687,-0.010498143762512346,9.400850344119097e-05,0.0018384002058958132,0.0006919233549085034,-2.5535101097729035e-06,-0.00023361323811845727,0.013490525548354379,0.00045222410968825326,-0.0033159800421160984,-0.008419452272693346,-7.351416257579235e-05,1.734723475976807e-18,12.0,-0.011107074143285104,-0.0009306833597969771,0.014,-2.11621748933255,0.035575593619375366,-0.001761924275008035,0.018116960039812745,0.134,1.5226138627558916,0.12945082284474715,1000.0,,,
Continuous | raw attention,team,24,backward,validation,151,0.006553911478892902,0.011811306427919489,0.0020003156186828965,-0.007257710567709482,-0.0008861460016931857,0.013545783621236103,0.0017687743365340158,-0.004462241788828352,-0.011476474132262665,-3.9126416445621115e-05,0.002051839001228902,4.848122691633649e-05,-7.127703559885236e-07,0.00023292915492977256,0.01780147714449254,0.000522302412854038,-0.004194090933346619,-0.010811581679746564,-0.0002509219439035478,-8.673617379884035e-19,12.0,-0.014611751011873527,-0.00013996065460162487,0.042,-1.9007091081918472,0.05925838520090871,0.00139133614511804,0.024355023961231206,0.032,2.039870308954058,0.04311788735522662,1000.0,,,
Continuous | raw attention,team,24,backward,pre_covid,120,0.002191884531708653,0.004068205999253895,-0.0007593439187940001,-0.0011169775487512412,-0.0007160220304660078,0.00669936868237768,0.0008802300511776028,-0.0023917658973737544,-0.01598179132061827,3.212340055444274e-05,0.00027823871548405144,-0.005036578811769687,0.00011825887050035227,-0.0003387987334792941,0.013431605909634374,0.00042739370004456575,0.0020513703970837637,-0.06338925588007445,-0.0022173499410709637,-6.505213034913027e-19,12.0,-0.005412616438618309,0.003670531850180307,0.66,-0.45214009857465903,0.651991154089321,-0.004107507282457801,0.01183291582143206,0.314,0.9655373780701193,0.3362338347188707,1000.0,,,
Continuous | raw attention,team,24,backward,covid,24,0.03199664992961995,0.03936005883318566,0.012816784170603723,-0.020180193074169434,0.0019222559286047726,0.0377301203751967,0.00884016720390859,-0.013703173138396082,-0.008958119947608418,-0.00044253112541185497,0.004405872858184763,0.009986711863215257,-0.0006756010575465121,0.0019961127933264475,0.02258180788764874,-0.000130974485748363,-0.014801261515889334,0.18372754985163778,0.005225723635401867,0.0,3.0,-0.03305781208087677,-0.0037101369340386977,0.008,-3.3666713628690497,0.002665093862068533,-0.00018382693431220274,0.08452902874921804,0.054,1.8364672751454465,0.07924811756429294,1000.0,,,
Continuous | raw attention,team,24,backward,inflation_rates,36,-0.004011041678228017,0.00702141852275,-0.0024613987112235463,-0.008571061489754473,-0.005315085331003914,0.00913527325067226,0.0005234511572635198,-7.808800507112096e-05,0.014001795172229742,-0.0007864341621735701,0.005119467187226389,0.01201398661962837,0.00048416366077102304,-5.8049437686359364e-05,0.024060042913961757,0.0012414982143604265,-0.008239305903219467,0.046874997690949737,-0.003924077581444945,1.734723475976807e-18,4.0,-0.02126957729251936,0.002018029904135655,0.184,-1.2831572080541043,0.2078687895520053,-0.007416842149998617,0.026540949638169945,0.4,0.7702589362271453,0.4463145536229659,1000.0,,,
Continuous | raw attention,team,24,backward,holdout,48,-0.006532538379374727,-0.007218179168633753,0.0018497812587809472,-0.0011641404695219234,-0.00034686751802954076,0.010678877197670017,0.001381045793588674,-0.00032370380493339235,-0.007420479474339472,0.0003550699428471434,0.0010745503260519774,0.002716085049217198,8.40628322732721e-05,-0.0014661940250684817,-7.100968116358596e-05,-3.3143768683103744e-06,-0.00010192544754248582,-0.0008942118463384597,3.291706694016819e-05,1.951563910473908e-18,6.0,-0.005059555357981702,0.00304232869084902,0.66,-0.5855973434155195,0.56094762586916,-0.01644353201072816,0.0010904018035467998,0.094,-1.8712566759388096,0.06754152618913402,1000.0,,,
Continuous | raw attention,team,24,backward,last18,18,-0.011022916452384346,-0.013720261661100658,0.003519973537163572,-0.0008226283284472559,0.0009931361852228995,0.029416311602540275,0.003490735643501444,-0.002025210960262801,-0.025537639427037722,0.0006588710972175713,0.0010737228488377911,0.004321969731703711,0.0004909757615215406,-0.0019944169454785437,-0.018859452353604984,-0.0010611585190961738,0.0011301405432333983,-0.010703894893950185,-5.9450445980810626e-05,-4.119968255444917e-18,,,,,,,,,,,,,,,
Continuous | raw attention,team,24,backward,last12,12,-0.005421555306083067,-0.005186191721831149,0.004585851416758478,-0.004821215001010393,-0.00267550271056954,0.040184214478864576,0.005854840049570568,-0.0004291712905643083,-0.031585058892620387,-0.001127586602466551,0.00047031326032902004,0.009665115864481356,0.0017590510873356038,-0.002724305921396401,-0.025861117903007835,-0.002138714450578748,0.0005374516611908354,-0.019518568906541543,0.00023826133289760505,-1.734723475976807e-18,,,,,,,,,,,,,,,
Continuous | raw attention,team,36,centered,full_live_1999,329,0.0015129639412206843,0.0012979688183430904,0.00043569355336072575,-0.00022069843048313232,0.0023460690491514595,0.002652422259119907,0.00021156171414869578,-0.0006243915271899837,-0.009445014031857936,-0.00018327346376711585,-0.0005552795435075954,0.01446096989215502,0.0002704245324148768,-0.0009651967741732801,0.010564441296760336,0.0003469118480051063,-0.00042189963476373267,-0.012593855367594322,-0.0002099310774408372,4.607859233063394e-19,12.0,-0.004129601686958467,0.0035888831987598317,0.914,-0.10608049095129553,0.9155833368667807,-0.0045889312360502124,0.0072659618955123765,0.704,0.4158534565789607,0.6777891814493304,1000.0,,,
Continuous | raw attention,team,36,centered,post2010,199,0.003397380859813273,0.0005650935892835666,0.0022423451630923285,0.0005899421074373773,0.0003640390974079584,0.013943117381205404,0.0018164448717802695,8.832931930804101e-05,-0.0026876719925113405,2.4067494927915625e-05,0.0005244928037409858,-0.002266604821959195,8.364796890687649e-06,-0.00029318342784164707,0.013193231313848785,0.0004422583288865451,-9.373568517796072e-05,-0.0055878736191898705,-4.879032939308962e-05,6.505213034913027e-19,12.0,-0.002360549184876173,0.0038465753746486134,0.718,0.38582057616271437,0.7000437757017347,-0.00472614393954958,0.006636493589533165,0.89,0.19598198248048312,0.844825258887579,1000.0,,,
Continuous | raw attention,team,36,centered,validation,151,0.006553911478892902,0.0036329799844180954,0.002293817982434311,0.0006271135120404942,0.0004468837316380423,0.013016817276684127,0.001699703242436001,6.688005981529109e-06,0.001355849969082141,4.6224606892945864e-06,0.0006278383811435416,-0.004127951367312105,6.068908632737004e-05,-0.0002787705972746237,0.02025870815799062,0.000594398547173256,-0.00017552600944799508,-0.0028263352284848766,-6.559535419161051e-05,1.1926223897340549e-18,12.0,-0.0028139418985333765,0.00399397305147212,0.744,0.35654113347184874,0.72193638082936,-0.0020378911157155374,0.010819234232423706,0.21,1.0811015374491189,0.281387010741504,1000.0,,,
Continuous | raw attention,team,36,centered,pre_covid,120,0.002191884531708653,0.0006225818557801729,0.0011540799323480292,0.00041522274358045137,-2.8034682970062906e-05,0.01154383293115323,0.0015167442088242218,-0.0005326516894171448,-0.007103085455824647,1.427720176620755e-05,0.0005846444840452394,-0.00783697369095378,0.00018401214226359478,0.00011931796220484935,0.014564488981752275,0.0004634420393993573,0.00027194666971757026,-0.029285264091789984,-0.0010243956599053526,-4.336808689942018e-19,12.0,-0.0022771049064084226,0.0036182458967215156,0.902,0.25561487277342265,0.798689534196867,-0.004743120978934138,0.004965452627539034,0.806,0.2235827015416447,0.8234653995207752,1000.0,,,
Continuous | raw attention,team,36,centered,covid,24,0.03199664992961995,0.020490185838469697,0.009798269484347932,0.001708194606802324,0.0004931500913019815,0.024503064551788096,0.005741068024483952,0.0019321797264883925,0.03474750138897451,0.0017165265686153374,0.0015521586112428208,0.013814761921996219,-0.0009345686440230443,-0.0017925288122634503,0.046485296023698296,-0.00026961471693745076,-0.0004767650099674202,0.12463118348577933,0.003544858252209138,-6.505213034913027e-19,3.0,-0.0017185639053884866,0.004957081669016161,0.372,1.0360593047598186,0.3109453261330843,0.00046700753298043265,0.047387066053021995,0.042,1.9062728164077196,0.06918597573311999,1000.0,,,
Continuous | raw attention,team,36,centered,inflation_rates,36,-0.004011041678228017,-0.00392766506351728,0.0004339706233558369,-0.0005173472380665732,0.00036511833934770965,0.004484478923886575,0.0002569606423387004,-0.0006452151442368197,-0.0015788759484210149,8.868019910298029e-05,-0.0005271144554903747,0.00027842400138268866,1.1220487255722345e-05,0.0006720286415931127,0.002632198494301132,0.00013582144230593838,-0.00038216461928020106,0.0007013448965486742,-5.8712147647504564e-05,-4.336808689942018e-19,4.0,-0.003484110472799541,0.0019818767907041753,0.71,-0.40431420212123087,0.6884418448453239,-0.008685774832387139,0.0030186684022469245,0.216,-1.5999808073722523,0.1185921158713043,1000.0,,,
Continuous | raw attention,team,36,centered,holdout,48,-0.006532538379374727,-0.009085965695410472,0.0031322358305103243,-0.0005788085144745783,0.0001070734044605619,0.01685710312667858,0.0021800448618577053,-0.0003068712681653843,-0.015407918163357499,0.0007372688841166557,-6.792972815170059e-05,0.003588881185296837,0.00011107587268493688,4.676917342589094e-05,-0.009033581258347419,-0.00042164240523336576,-0.00035785009604394623,-0.014275213139949275,0.0005254886170843928,-1.0842021724855044e-18,6.0,-0.0022955773630994156,0.0018981524583346256,0.642,-0.6275303011099634,0.5333487720456772,-0.0176184840167194,-0.0021479695674223712,0.002,-2.598914754878209,0.012454447161600364,1000.0,,,
Continuous | raw attention,team,36,centered,last18,18,-0.011022916452384346,-0.01536253068673944,0.004339614234355097,2.0061770254033706e-36,0.0,0.03367924297992929,0.00399660350028494,0.0,-0.02418826163173847,0.0006240571500988508,2.0061770254033706e-36,0.007779207008783585,0.0008837179161978136,0.0,-0.017510099827261313,-0.00098523495028057,0.0,-0.03232378837570735,-0.0001795293819459367,-2.6020852139652106e-18,,,,,,,,,,,,,,,
Continuous | raw attention,team,36,centered,last12,12,-0.005421555306083067,-0.009827403929189328,0.004405848623106263,2.407412430484045e-35,2.407412430484045e-35,0.033679242979929296,0.004907065702175698,-1.2037062152420224e-35,-0.024188261631738473,-0.0008635209402530659,0.0,0.007779207008783582,0.0014158156755986096,0.0,-0.017510099827261313,-0.0014480852557145105,1.2037062152420224e-35,-0.03232378837570736,0.00039457344129953235,-1.734723475976807e-18,,,,,,,,,,,,,,,
Continuous | raw attention,team,24,centered,full_live_1999,329,0.0015129639412206843,0.00035904087418687944,0.0006335224380867237,0.0005204006289470803,0.002294597708829742,0.005721609230404727,0.00045636529112640914,-0.0009673539336966909,-0.01183994109217785,-0.0002297452399163023,0.00010493527009019214,0.014482882472953639,0.0002708343043361699,-0.0007977244470860354,0.008019434414475704,0.0002633397010341329,-0.00011405396919012735,-0.007635078975673978,-0.0001272716184936858,8.673617379884035e-19,12.0,-0.003945739067481357,0.005154902124993219,0.82,0.212225419089376,0.8320629977911418,-0.005347962757628996,0.0070126697725178015,0.96,0.11606502870469214,0.9076720319284342,1000.0,,,
Continuous | raw attention,team,24,centered,post2010,199,0.003397380859813273,-0.0006115359596219567,0.0025129663216157095,0.001495950497819518,0.0009163136477820928,0.016793338678800448,0.0021877585255284703,0.001095990675752159,-0.0037427672673323326,3.351563452455386e-05,0.0005126344757832503,-0.002719855113542407,1.0037495454198768e-05,-0.0007802197319131495,0.008894412538807751,0.00029815501087376254,-0.0002487685695848344,-0.0018897564818343617,-1.6500344765276225e-05,1.734723475976807e-18,12.0,-0.0016666323701751498,0.005025811135234311,0.424,0.9129634266317632,0.3623720838357388,-0.005377967891539104,0.004713996129762964,0.782,-0.23327518929977945,0.8157887095184551,1000.0,,,
Continuous | raw attention,team,24,centered,validation,151,0.006553911478892902,0.0023504049939676998,0.002662943305645579,0.001540563179279622,0.001174288549696613,0.015751987525034147,0.00205685489025565,0.0012062472727677833,0.0008961495333361113,3.0552170845127663e-06,0.0005238602119689575,-0.005605329337753002,8.240947768087198e-05,-0.000850937391603176,0.015848499152186227,0.00046500126254202565,-0.0005128954635505556,0.0023966287660300675,5.562245808251827e-05,8.673617379884035e-19,12.0,-0.002151707743348579,0.005103552658211197,0.48,0.8187023707127049,0.41425501260496866,-0.0021410157537865375,0.007923120698712928,0.338,0.7954242456132238,0.42762364919229606,1000.0,,,
Continuous | raw attention,team,24,centered,pre_covid,120,0.002191884531708653,0.00010737997937333295,0.0007041468734684277,0.0013803576788668922,0.00018695240360206276,0.011508438608513256,0.0015120937487725556,0.00040317422994674314,-0.010433837431545549,2.0972013237406565e-05,-2.766248440871054e-05,-0.014249015257926264,0.0003345668782561087,-8.318765186298887e-05,0.007549754353293601,0.00024023318352180234,0.0009010811815897857,-0.040129299429629874,-0.0014037189503194457,4.336808689942018e-19,12.0,-0.0011837848655575757,0.004488176527868957,0.388,0.7916984080248205,0.4301118169675026,-0.00462614600492375,0.0042223197251480635,0.984,0.041316177918443275,0.9671130766860732,1000.0,,,
Continuous | raw attention,team,24,centered,covid,24,0.03199664992961995,0.015530410986636572,0.01602064833248152,0.00044559061050185875,0.002336780453818734,0.04138865765134667,0.009697362487710528,0.003231762277856239,0.058789856561859755,0.002904218914155866,0.005618586561899358,0.036635338707504274,-0.0024783806635626645,-0.003266539143567551,0.05979134502699964,-0.0003467898011565987,-0.007474999539504921,0.21953676033779304,0.0062442373953343925,1.3010426069826053e-18,3.0,-0.006234041668654998,0.007533843972573953,0.996,0.18172302015733616,0.8573921408517599,-0.0027445159781438397,0.039658989254929354,0.118,1.6384671562864133,0.11493353548789903,1000.0,,,
Continuous | raw attention,team,24,centered,inflation_rates,36,-0.004011041678228017,-0.003929923806437795,0.000928569582232884,-0.0010096874540231067,0.0003300963123594568,0.0056283114031509835,0.00032250224340055097,-0.0009646084089607202,-0.011305718499637964,0.000635004522396332,-0.0010224213552922406,-0.00030395675473592065,-1.2249457215857594e-05,-9.819060142221995e-05,-0.004646592791842555,-0.00023976418805907578,0.0007454365992926174,-0.002664755833842321,0.00022307646171093433,6.505213034913027e-19,4.0,-0.0034371869754822476,0.0012650395626758006,0.44,-0.9696793366303931,0.3388600252505515,-0.00895239159100693,0.0025770655789877847,0.202,-1.6779563144664267,0.10226479671780486,1000.0,,,
Continuous | raw attention,team,24,centered,holdout,48,-0.006532538379374727,-0.009929308542789415,0.003629598421332331,-0.00023282825791764224,0.00010887063419591633,0.02006925585002361,0.002595456512804301,1.101966917719003e-06,-0.01833602636943515,0.000877378861777471,6.292700797228681e-05,0.006357365883453432,0.00019676047409288334,-0.00017853510324903585,-0.012981984932445385,-0.0006059341467218884,-0.0002271927637545285,-0.01537401007407449,0.0005659367193795633,-3.2526065174565133e-19,6.0,-0.0023128165663747367,0.0024512567203439175,0.882,-0.2142977049688891,0.8312419555206202,-0.019398639269410645,-0.0023655469646689667,0.002,-2.5844435775155996,0.012919880009291465,1000.0,,,
Continuous | raw attention,team,24,centered,last18,18,-0.011022916452384346,-0.018420348289775835,0.005865445507866976,0.0015319863295245135,7.386473488634573e-06,0.039783352150842236,0.004720957788566609,0.0009966562264419152,-0.025591769588048492,0.0006602676553716493,-0.00031726457024426136,0.01630889702223955,0.0018526907017264096,0.0005168310417807146,-0.020307226193730862,-0.0011426199271672565,0.0003283771580575108,-0.04066382057238809,-0.000225850710630435,-8.673617379884035e-19,,,,,,,,,,,,,,,
Continuous | raw attention,team,24,centered,last12,12,-0.005421555306083067,-0.012888193893576875,0.007466638587493812,-1.2037062152420224e-34,-2.407412430484045e-35,0.038544214949637244,0.005615892118162147,0.0,-0.02176264181003898,-0.0007769263126183938,0.0,0.019267436259173463,0.0035066733991695647,-9.62964972193618e-35,-0.0169593922954239,-0.0014025417428315567,0.0,-0.04288892961099463,0.0005235411256120511,-3.469446951953614e-18,,,,,,,,,,,,,,,
Continuous | raw attention,team,36,structural,full_live_1999,329,0.0015129639412206843,0.003429885904932822,0.0005563475170010446,-0.002473269480713182,-0.0007737135719688476,0.004787033974144045,0.0003818219779206635,-8.750531469342535e-05,-0.0019036359190112043,-3.6938637407196155e-05,-0.0016526721621543368,0.010286702986490813,0.00019236447250482071,-0.00013098410479736507,0.0038564550460258294,0.00012663707518311443,0.0001716056729007929,-0.006451213017235536,-0.00010753737120035788,0.0,12.0,-0.00708847667613506,0.002014827730940149,0.346,-1.06080729994019,0.2895579674702745,-0.0029536554090915756,0.010777599404706744,0.32,0.9144313380258963,0.36116196096905223,1000.0,,,
Continuous | raw attention,team,36,structural,post2010,199,0.003397380859813273,0.005311999996140013,0.00048323035447287403,-0.0023978494907996154,-7.617081700975888e-05,0.002940141412133439,0.00038302803055918067,-0.0003708277272007609,-0.0009298664362167775,8.326743665016572e-06,-0.00034782055034156284,-0.0017435263453392407,6.434400743804752e-06,-0.00040954999666013506,0.006721343026441666,0.00022531022643611592,-0.001193480399587398,-0.016018964561428525,-0.0001398690469312438,1.3010426069826053e-18,12.0,-0.004700411542515513,-5.381070684156221e-06,0.05,-2.0528622540650483,0.04140105770811631,-0.0021073291648519028,0.015565637298953439,0.2164,1.233838229426953,0.21872575363221897,5000.0,,,
Continuous | raw attention,team,36,structural,validation,151,0.006553911478892902,0.008641139417472504,2.4378077310496657e-05,-0.002111606015890101,4.2322976126292256e-05,0.003042116842342086,0.00039723196161475067,-0.00043398706310803956,-0.0007448959237271331,-2.5395524604948745e-06,-0.0005344220085966106,-0.0030759190274634992,4.522212080111901e-05,-0.0005290126617525374,0.007505076806989577,0.00022020193566679884,-0.000656507258559206,-0.02739233327007933,-0.0006357383883116768,2.6020852139652106e-18,12.0,-0.005107152814741495,0.0005447217147926992,0.142,-1.4799497265801649,0.14098388745863857,-0.0001452282664200383,0.022528586593489813,0.058,1.6235046666481272,0.10658125081892976,1000.0,,,
Continuous | raw attention,team,36,structural,pre_covid,120,0.002191884531708653,0.003370765576357177,-0.0009327644494269659,-0.00024611659522155797,-7.987279963902804e-05,0.001655739589166235,0.00021754762462055147,2.6162221158293282e-05,-0.0027939422873741035,5.61582399762195e-06,-0.0004485955257196907,-0.009144906466390497,0.0002147224038308489,-0.0006622518396410064,0.0024816870199293795,7.896728097415286e-05,0.000918441348619874,-0.04144144241082684,-0.0014496175828501412,1.6263032587282567e-19,12.0,-0.0023204278804451685,0.001855468327281737,0.858,-0.20969181184091765,0.8342667907977968,-0.002151610236499344,0.008768974152846713,0.212,1.1590823541892508,0.24874319342352044,1000.0,,,
Continuous | raw attention,team,36,structural,covid,24,0.03199664992961995,0.0386384994383518,0.0015424913878162292,-0.008184340896548072,0.0005669404169835167,0.009187407614921388,0.0021526096041760818,-0.002954587077230461,0.006827205127115064,0.0003372639332794835,-0.0013126636255959764,0.02383021965529657,-0.0016121143596808131,0.0007239276937982455,0.030860166965889734,-0.00017898896840216089,-0.005207958304503397,0.029663800784111922,0.0008437211784436383,-3.469446951953614e-18,3.0,-0.014725083315073426,-0.0007547719650370069,0.018,-1.8097343011836564,0.08342513875956956,0.00220967774764551,0.08928357270225161,0.026,1.6098887361099983,0.12106290790452047,1000.0,,,
Continuous | raw attention,team,36,structural,inflation_rates,36,-0.004011041678228017,-0.001873583132741121,-0.0006262284278959246,-0.001511230117590971,-0.0007488405740661498,0.0027723533885260676,0.00015885584916254346,-0.00038806737966445935,0.0035915061983058513,-0.00020172293147151187,0.0008669070814490182,0.007092473939838396,0.00028582669977548716,6.669324334373388e-05,0.009485446800207045,0.0004894490548906835,-0.0013079224886531136,0.016229574878525495,-0.0013586371002531268,-6.505213034913027e-19,4.0,-0.0036745254323894984,0.00038648721924067187,0.122,-1.8285591287963239,0.07599829216668597,-0.006793230384401759,0.004284017527462402,0.546,-0.8170606009240104,0.41942092601011044,1000.0,,,
Continuous | raw attention,team,36,structural,holdout,48,-0.006532538379374727,-0.005160917766801783,-4.1891636195423256e-05,-0.00132972897637752,-0.000449334335067716,0.002619343704602073,0.00033874662459766283,-0.00020196605616425422,-0.0015117528400904528,7.23373733983281e-05,4.784690511516136e-05,0.0024479589671766552,7.576433003411733e-05,8.99802819156136e-06,0.004255847175134696,0.00019864166689941194,-0.0007352735184522725,0.019759757834535447,-0.0007273816311249435,-1.0842021724855044e-18,6.0,-0.003055080807683421,0.0004695715421969856,0.182,-1.4811047157865043,0.14525206482132905,-0.014707957720574023,0.0038541508265059984,0.268,-1.3386435462795063,0.18712622104403906,1000.0,,,
Continuous | raw attention,team,36,structural,last18,18,-0.011022916452384346,-0.010767711113835218,0.00014618470957863602,-0.00040139004812776095,-0.00040175540267753395,0.0036971115071378086,0.0004387238988470197,0.00012477180464299598,-0.0073786038938331066,0.00019036798046089361,-0.00015844669345532855,-0.004498606949227872,-0.0005110417494322854,0.00015851221875017545,-0.002150448034522168,-0.00012099854274244732,-0.0001244719753880698,0.02685102258741696,0.0001491331224454554,-2.710505431213761e-18,,,,,,,,,,,,,,,
Continuous | raw attention,team,36,structural,last12,12,-0.005421555306083067,-0.0032191054241646902,-0.0015404628984597702,-0.000661986983458601,-0.0013518541904458498,0.0062255985044866,0.0009070697021036976,0.00012084158943513897,-0.0042599910300073094,-0.00015208167977126137,0.00044951341536377844,-0.008376148086559563,-0.0015244589517538379,2.1573899383442604e-05,-0.004505946098013972,-0.0003726417423057555,9.793830280488902e-05,0.03263318581684603,-0.00039835022673261305,-5.312590645178972e-18,,,,,,,,,,,,,,,
Continuous | raw attention,team,36,backward_eom,post2010,199,0.003397380859813273,0.005588349738160727,0.0013508162148712628,-0.003541785093218718,0.00015819351240985478,0.00625928175614907,0.0008154302898081071,-0.0014196169622455515,-0.010660331452792167,9.54608575320384e-05,-0.0009074289358061613,0.0008321752051455176,-3.07110286763252e-06,-0.0006117987590364483,0.020068940086716752,0.0006727431433691966,,,,8.673617379884035e-19,12.0,-0.0067540731669744804,-0.00025347360065033,0.03,-2.064933644087313,0.040232171281839625,-0.0022755796298092315,0.015008211633317295,0.1916,1.3607705851260399,0.17513309077728556,5000.0,-0.0007611339485404118,-0.0240591309087405,-0.00022974697297044685
Continuous | raw attention,team,36,backward_eom,validation,151,0.006553911478892902,0.00947994064663172,0.0003829009810343401,-0.0033089301487731603,0.0004920881017362044,0.005018223918683823,0.0006552670506587593,-0.0014674958140723394,-0.015543269335236518,-5.299122552171998e-05,-0.0014212555700994483,0.001219981444890686,-1.7936151044088236e-05,-0.0004975475001713047,0.02269255854478883,0.0006658086846147844,,,,2.6020852139652106e-18,12.0,-0.007414245392944637,0.0005964296410202847,0.092,-1.509260738075353,0.1333356828633616,0.0005729797626914167,0.02145613430771644,0.038,1.9001693010660652,0.059329722588550356,1000.0,-0.00041471936616627246,-0.032678852371736,-0.0008672473776733953
Continuous | raw attention,team,36,backward_eom,pre_covid,120,0.002191884531708653,0.004592148625123878,-0.0006877499980781825,-0.001712514095337044,0.0003860195681264718,0.0019422540731065085,0.000255192762665464,-0.00042457586005172586,-0.01644373098512851,3.3051899280108326e-05,-0.000913499931887626,0.008693462028994684,-0.0002041224884407952,-0.000827003127521545,0.023452493826186475,0.0007462583535492535,,,,1.734723475976807e-18,12.0,-0.005541975489369713,0.0020502344613621904,0.428,-0.7956702663756248,0.42780800487475257,-0.0027664699638982747,0.012352494179107663,0.236,1.1873389906520524,0.237458612895916,1000.0,6.654525599738103e-05,-0.04145170629045395,-0.0015181305251322132
Continuous | raw attention,team,36,backward_eom,covid,24,0.03199664992961995,0.03653326238370669,0.004631003522777004,-0.009167615976863736,0.0014248245594144838,0.015676610619340496,0.003673029868111479,-0.0061210237810151065,-0.020855207239478507,-0.0010302472376302362,-0.0026398549792251216,-0.02912885448901543,0.001970567006181894,0.000757267983189841,0.015135337384150384,-8.778495682807243e-05,,,,-3.469446951953614e-18,3.0,-0.014502720749243428,-0.0027776509135596116,0.008,-2.8013051671323974,0.01013958857893865,0.006808721225601347,0.07548349878650623,0.012,2.081988441637385,0.0486586576133215,1000.0,-0.0025888297592278333,0.0036674939906736104,0.00010543884294193982
Continuous | raw attention,team,36,backward_eom,inflation_rates,36,-0.004011041678228017,-0.00042774484913736413,-0.0005799473382322657,-0.0030033494908583893,-0.0015614977086719768,0.008968455634952632,0.0005138925078827851,-0.000445679065916916,0.016826100686129275,-0.0009450659885375938,-0.0012328021526392093,-0.006975807467281543,-0.000281125040931446,-0.0010342662867992266,0.027336108216632498,0.0014105431839782365,,,,1.734723475976807e-18,4.0,-0.007124271358083133,0.00039534525273161755,0.102,-1.7495701676040203,0.08895716882005607,-0.006601503243975896,0.009475043889876775,0.886,-0.13103243378763813,0.8964999400289001,1000.0,0.0012708957231689394,0.01484852851542717,-0.0012781920006242477
Continuous | raw attention,team,36,backward_eom,holdout,48,-0.006532538379374727,-0.0066539466614042725,0.0014947560429691494,-0.0013733477609396037,-0.0008872933193561491,0.010163442869841827,0.0013143872491422931,-0.0004816090814820825,0.004700577302397357,-0.00022492262391971332,0.0007646782454783726,-0.0003877985907194806,-1.20023663827679e-05,-0.0008281436170400219,0.01181547368736499,0.0005514872343577609,,,,-2.168404344971009e-19,6.0,-0.0037661061409520686,0.001728048480859806,0.496,-0.8609602927334439,0.393630953476065,-0.015648441403531076,0.0005715645959916371,0.084,-1.8085876176441293,0.07691491108232641,1000.0,5.902001146027735e-05,0.0030570761935994994,-0.0001341934502284236
Continuous | raw attention,team,36,backward_eom,last18,18,-0.011022916452384346,-0.015760920076026353,0.0024544955206100517,0.0022835081030319563,-0.00028243674103876616,0.017396601346605416,0.002064396693130508,-0.0003178997219762531,-0.012945887069298013,0.00033400388638788776,0.0008315098576527982,0.0038779172024014296,0.0004405313941928016,0.00011991058707662138,-0.008896516648498949,-0.0005005773367555409,,,,-8.673617379884035e-19,,,,,,,,,,,,,0.0019324241213175563,-0.024023319639659608,0.00011614088365439549
Continuous | raw attention,team,36,backward_eom,last12,12,-0.005421555306083067,-0.010188683245279643,0.00400947274150594,0.0007576551976906378,-0.00181399825565966,0.023613835654115383,0.0034405358548046114,-0.00020804761706246384,-0.015050014335496992,-0.0005372855117772441,0.0004581342605317746,0.007588873452455534,0.0013811749683469048,0.00014797990531127203,-0.012832941547610208,-0.001061284265987364,,,,-1.951563910473908e-18,,,,,,,,,,,,,0.002173586904569715,-0.031181912596978115,0.0007863316961190328
Continuous | pure attention,team,36,backward,full_live_1999,329,0.0009460999642793297,0.0036349889845232065,0.0004617340536233913,-0.0031506230738672695,0.0006569323388963506,-0.0009294938357740678,-7.413801045850686e-05,-0.0008969209672766722,-0.0028221574146991167,-5.476186302565098e-05,-0.002224697544356504,0.012309543011480566,0.00023019219581712146,0.0010715964219519675,0.012476430843657278,0.00040969716797123327,-0.0017575333230824114,-0.00295485477037378,-4.925543668080555e-05,1.3010426069826053e-18,12.0,-0.00841606722021487,0.002777011376862273,0.3,-1.1494693511652467,0.25119995811357115,-0.003902253561689308,0.011692882746934679,0.376,0.8982050139941327,0.3697351169214061,1000.0,,,
Continuous | pure attention,team,36,backward,post2010,199,0.004361839065275143,0.00921996248626919,0.0015473761712302995,-0.0064054995922243445,-0.0002506863897578026,0.007890467641311797,0.001027933645766231,-0.0013411563818510389,3.0010634943064257e-05,-2.687384495906558e-07,-0.0001426181438732556,0.00726664098854566,-2.681719166828122e-05,-0.0007860603550288665,0.018222863951404593,0.0006108597027488933,-0.0038849783217133815,-0.007367748556022498,-6.43312471669527e-05,-1.734723475976807e-18,12.0,-0.010988075292251643,-0.001793314909836544,0.0028,-2.7731748215706586,0.006081696321420762,0.0008641048425463937,0.01930824845230889,0.0224,2.0944238360212823,0.03749461511245087,5000.0,,,
Continuous | pure attention,team,36,backward,validation,151,0.007268287401817374,0.012568161165282612,0.000973579726586665,-0.006273453490051904,-4.044178394436876e-05,0.008240416320870407,0.0010760128257077213,-0.0014136506064821926,-0.004388155337780009,-1.4960413032378389e-05,-0.00034865096589191966,0.008795048038307891,-0.00012930467976850018,-0.0007924861309848101,0.017826538613889865,0.0005230377263243554,-0.003678224002748612,-0.020733918294720724,-0.00048120573264453316,0.0,12.0,-0.011320462696573106,-0.0010152457119117734,0.01,-2.0975086633079134,0.03762573038451889,0.0029803739092579802,0.024946722342422355,0.016,2.3076774922303795,0.02238435813325625,1000.0,,,
Continuous | pure attention,team,36,backward,pre_covid,120,0.00303640821979374,0.006636056313668577,-0.0012349372350696625,-0.0023647108588051744,-0.00014651950312907918,0.004430283694155684,0.0005820949745751149,-0.00010349436458261557,-0.007486771867925429,1.504841145453012e-05,-0.0010268645711588758,0.009085272941691971,-0.0002133222086709275,-0.0009444694468127913,0.013705906391676355,0.00043612194138314156,-0.00014336297312181223,-0.05874460054229561,-0.0020548803538115216,0.0,12.0,-0.006089325416809116,0.0016059535183691694,0.288,-1.098145490698806,0.27435791966399936,-0.0015523294859422423,0.014729612509811233,0.12,1.549389074957454,0.12394366887229674,1000.0,,,
Continuous | pure attention,team,36,backward,covid,24,0.032066086798465135,0.037260795577824926,0.007569542242354562,-0.012764251021714346,0.0014199728360592093,0.021380610163103917,0.0050094769612152494,-0.007111468395656189,-0.005258500978821647,-0.0002597699483537888,0.0023065740757034128,0.004288836668754678,-0.000290139800641254,-0.00031331375880404343,0.028398708469219453,-0.00016471250912147322,-0.009066015779016735,0.11513244099654618,0.003274687539255829,-6.938893903907228e-18,3.0,-0.02158100311596962,-0.002651656951837939,0.014,-2.5669506130939532,0.01723625823195008,0.0027663680925213156,0.07902680299366245,0.028,1.8468659133973229,0.07767297396228913,1000.0,,,
Continuous | pure attention,team,36,backward,inflation_rates,36,-0.0033020796109677177,0.009435371437770885,-0.00564732005363086,-0.007090130995107739,-0.0022548035113627084,0.010860498433554655,0.000622306560242681,-0.0006071493999289845,0.03233243740117284,-0.0018160052340325402,0.0011123375688422456,0.00657599842935461,0.00026501273670299057,-0.0011647340185752043,0.036977386423896905,0.00190803313947308,-0.004175781634083088,0.07915873370936577,-0.006626667256017072,-4.336808689942018e-18,4.0,-0.013181223326696476,0.00016373385981660038,0.06,-2.0128927120186,0.05186859652131927,-0.0023175657881123212,0.023239268097276434,0.126,1.4473191605374545,0.15670583226965784,1000.0,,,
Continuous | pure attention,team,36,backward,holdout,48,-0.004781362993430623,-0.001312912524793871,-8.020846514787032e-05,-0.0033882420034888816,-0.0009134597131296787,0.0067895874202003395,0.0008780633931174082,-0.0004006585636619431,0.013928824424134395,-0.0006664942486948303,0.0007250267249184455,0.002458527144501976,7.6091415122336e-05,-0.0007874582573149224,0.019469637409002996,0.0009087453260652148,-0.0020116921943007827,0.03467999374696571,-0.0012766143507579992,-4.336808689942018e-19,6.0,-0.006798063546533086,0.0008051425019806527,0.138,-1.459752526975916,0.15101027875853917,-0.01048544700797848,0.006875130395611141,0.828,-0.34066496646756267,0.7348739074666796,1000.0,,,
Continuous | pure attention,team,36,backward,last18,18,-0.006840499873763122,-0.0094291000669029,0.0010737898822516666,0.0015148103108881114,-0.0004749897396031915,0.007607694944280003,0.0009027798000545599,3.1353923881163416e-05,-0.006422378852175855,0.0001656973743861366,0.0008452461755012426,0.0008548723439355624,9.711349827107971e-05,0.0007187450559808876,-0.0014409728332414602,-8.10787380837195e-05,0.0003944548951280093,-0.0019304770517844906,-1.0722052376390097e-05,-4.336808689942018e-19,,,,,,,,,,,,,,,
Continuous | pure attention,team,36,backward,last12,12,0.002063899657263997,0.0004870890305042172,0.0018770850634573307,-0.00030027443669755025,-0.001616911397383568,0.010674415987987495,0.001555262409449778,-0.0002551466897933042,-0.005857092839262716,-0.00020909821436167957,0.0004791043442461371,0.0039401095534739895,0.0007170999387322649,0.0008333302708952665,-0.002456334701678158,-0.00020313887982878367,0.00025934903533791833,-0.001389361864442093,1.6959809465750913e-05,-8.131516293641283e-19,,,,,,,,,,,,,,,
Continuous | pure attention,team,24,backward,full_live_1999,329,0.0009460999642793297,0.0032463095836605584,0.000604403031591807,-0.0029046126509730376,0.0012610822245391093,0.002878730020781631,0.00022961240642353556,-0.002124330683061188,-0.005786787904243663,-0.0001122883099717069,-0.0011345235729365267,0.01098648618982051,0.00020545063110714786,0.000559260034233721,0.008420184230455253,0.0002764993992466455,-0.0014661006537481534,0.0003076851977267532,5.1289047861848534e-06,1.734723475976807e-18,12.0,-0.010171359758809123,0.0036389333776093193,0.372,-0.8750706604263563,0.38217578143652225,-0.004929358043317342,0.01262435915539841,0.482,0.7075303925399982,0.47973934312053984,1000.0,,,
Continuous | pure attention,team,24,backward,post2010,199,0.004361839065275143,0.008428058520562592,0.0024243078320713637,-0.006490527287358813,-0.0008744910395683703,0.015042050847638258,0.001959608843290714,-0.003388371878023001,-0.003971697221062214,3.556565049212496e-05,0.0018035058657467076,0.0018507014787459983,-6.829925457241552e-06,-0.0003136040452227762,0.013971239700346898,0.0004683384210707241,-0.0037175661902913723,-0.0037078718218056857,-3.2375157324958034e-05,8.673617379884035e-19,12.0,-0.01215836868880248,-0.0008873597434527616,0.016,-2.1845840123605287,0.030093722267328857,-0.0007618696123876067,0.019799233678638405,0.084,1.6921034143411842,0.09219931459336246,1000.0,,,
Continuous | pure attention,team,24,backward,validation,151,0.007268287401817374,0.012901656841996508,0.0025209223719079893,-0.008154291812087124,-0.0011587383845090434,0.016932724514984936,0.0022110325550123234,-0.004345065632978511,-0.004169403242535012,-1.4214627743423928e-05,0.0019472528265221424,0.0017502379040443786,-2.5731974483301474e-05,2.4511691712101378e-05,0.017273531167042402,0.0005068122680957925,-0.004622252312833812,-0.0067636858957854425,-0.00015697584897340162,0.0,12.0,-0.01547560978865392,-0.0003570618110141467,0.03,-2.008130703102561,0.04642456245055351,0.0019102013558007541,0.026387667957092284,0.026,2.085282271843654,0.03873766268953616,1000.0,,,
Continuous | pure attention,team,24,backward,pre_covid,120,0.00303640821979374,0.004643376739075837,-0.00020733132925157744,-0.0013996371900305185,-0.00098239722251842,0.011270510128166175,0.0014808323257397525,-0.0018889908412962446,-0.009161960148237709,1.84155398979578e-05,0.00018966898170999258,-0.002843354735678838,6.676196919373912e-05,-0.0006274255253851837,0.011357932768243905,0.000361409420685521,0.0019095074174593372,-0.06102791830534128,-0.002134750584768548,-1.3010426069826053e-18,12.0,-0.005782418762999285,0.0036027077738124747,0.598,-0.5565365134250279,0.5788892265569192,-0.0037932946232622435,0.012651248539436121,0.294,1.040235145844405,0.3003395566565277,1000.0,,,
Continuous | pure attention,team,24,backward,covid,24,0.032066086798465135,0.041373729248955736,0.013015781022897277,-0.02232342347338788,0.0015738593847494575,0.03638033672562665,0.008523912894814325,-0.015253414648084065,-0.0016011660298999506,-7.90976018770574e-05,0.004190524399539762,0.009346303700617216,-0.0006322774453467546,0.002077466802285918,0.026412677515607847,-0.00015319352959052587,-0.01491185941187895,0.1883231989267795,0.00535643670489729,0.0,3.0,-0.03583571627224658,-0.004693493070943183,0.008,-3.4553068452762563,0.0021496695494274405,0.0004808969048900149,0.08849202195996013,0.048,1.8265292657476484,0.0807792872884237,1000.0,,,
Continuous | pure attention,team,24,backward,inflation_rates,36,-0.0033020796109677177,0.009706514279160024,-0.0036917730243061263,-0.009316820865821616,-0.005300582196066983,0.008469238502753988,0.0004852873662078029,-0.00012389741416101382,0.02087291103204573,-0.0011723618362999013,0.005351013206884826,0.011924668743571974,0.00048056415036595027,-0.00024162233525509065,0.02940874046006499,0.0015174910077393531,-0.009001732127223355,0.059760303879366344,-0.005002753712319331,0.0,4.0,-0.02307588839107369,0.0021375053194392876,0.182,-1.29675072536629,0.20320129084720068,-0.006533803614228112,0.03282109912047399,0.304,0.946205696091425,0.35053080949944304,1000.0,,,
Continuous | pure attention,team,24,backward,holdout,48,-0.004781362993430623,-0.005645136198948272,0.0013533153727884708,-0.0004895421672708215,1.225428186297779e-05,0.00909430660244351,0.001176121201361006,-0.0003468920600983185,-0.0033497470285123684,0.00016028539531431668,0.0013368739552025936,0.0021667431408281747,6.706070020863188e-05,-0.0011971799995103677,0.003582781128033972,0.00016722630915098566,-0.00029459834472770653,0.005905209952588948,-0.00021737823324646945,-4.336808689942018e-19,6.0,-0.003959603631252647,0.0033975570254383062,0.896,-0.2834770185335172,0.7780561696634829,-0.01319039672290682,0.0009173833078810681,0.108,-1.7928431328135173,0.07943485700304033,1000.0,,,
Continuous | pure attention,team,24,backward,last18,18,-0.006840499873763122,-0.011849352180458524,0.0032374960680575885,0.0017713562386378165,0.0019677186748215713,0.02653844622987238,0.0031492289526115205,-0.0021276834443358273,-0.02249676213571992,0.0005804164631015723,0.0014512785394157216,0.003697339824758897,0.0004200178040926099,-0.0007895505558484086,-0.015552535453642984,-0.0008750893281916452,0.0012695930245847596,-0.006675763649830095,-3.707782355646982e-05,-3.0357660829594124e-18,,,,,,,,,,,,,,,
Continuous | pure attention,team,24,backward,last12,12,0.002063899657263997,-0.0003801804593121865,0.005113504452679683,-0.0026694243361034967,-0.001826182534476123,0.03726799048051899,0.005429946213011617,-0.0005378926730950877,-0.02740135168327933,-0.000978228255093075,0.0003524825412147052,0.011516497711099917,0.0020960025834201815,-0.0012236788092695413,-0.019781845905762457,-0.0016359586564065553,0.0005658471395225503,-0.016526920932045483,0.00020174256774751443,-3.469446951953614e-18,,,,,,,,,,,,,,,
Continuous | pure attention,team,36,centered,full_live_1999,329,0.0009460999642793297,-0.00015899149719608287,0.0006134490745760817,0.0004916423868993303,0.0023694987176058778,0.0017249363683954373,0.00013758386080512365,-0.0004205053543413433,-0.0026784631659362884,-5.197358313476376e-05,2.765367576725092e-05,0.01597955550812346,0.00029882254500966166,-0.0008561236905662416,0.008880881637229282,0.0002916276378600919,-0.0006288809615662134,-0.0037560838957627052,-6.261138596403181e-05,6.505213034913027e-19,12.0,-0.003073766931319128,0.003754713276339817,0.748,0.26673326317282475,0.7898421541965792,-0.005440651277717715,0.004861938286522279,0.966,-0.05577605283146196,0.9555541717832505,1000.0,,,
Continuous | pure attention,team,36,centered,post2010,199,0.004361839065275143,0.0011574263121826177,0.002422725586390267,0.0007816871667022579,0.00047546688897294345,0.014790657742667173,0.0019268585117944608,0.0003518559877208435,0.0028443496561177217,-2.5470507975888345e-05,0.0006587703131505184,0.00021374878907214702,-7.888297019828425e-07,-0.00042290964011516873,0.015750735346734056,0.0005279899766381586,-0.00028149638302687866,-0.0006715440751122765,-5.863564364481088e-06,1.0842021724855044e-19,12.0,-0.002457217899012667,0.004173587649126816,0.626,0.4684423203500799,0.6399835964662354,-0.00390994415772864,0.007506276493956401,0.75,0.40033672260577585,0.6893401251377747,1000.0,,,
Continuous | pure attention,team,36,centered,validation,151,0.007268287401817374,0.0038743516622406467,0.002727759091188843,0.0006661766483878851,0.0006014703726103177,0.015260318256058518,0.0019926539544262048,0.0002697083258242123,0.006993889648571619,2.3844068815130132e-05,0.0007283438999905457,-0.0018054193416775271,2.6543251248504054e-05,-0.0005069950963914119,0.021713915431495822,0.0006370949068059543,-0.0004263508536457787,0.0020519487938202726,4.7622909893050207e-05,-1.3010426069826053e-18,12.0,-0.003114879931191352,0.004413849572391774,0.75,0.3393926468945672,0.7347886658130338,-0.002198075454897637,0.011285040299245675,0.218,1.1039036527665471,0.27140267099996973,1000.0,,,
Continuous | pure attention,team,36,centered,pre_covid,120,0.00303640821979374,0.0009176835555235604,0.0015399558692481027,0.0005787687950220772,0.00010733918380501722,0.014532170275330315,0.0019093818524756488,-0.0002929350234378506,-0.0031646093415429355,6.360864776501304e-06,0.0006713974311776491,-0.004604030818020996,0.00010810264360713299,-7.907853320925398e-05,0.0143204759795998,0.0004556775456708655,0.00017204573668651546,-0.026860196597560396,-0.0009395670372820456,-4.336808689942018e-19,12.0,-0.002137074407835879,0.003981844194597986,0.836,0.34687597754822524,0.7292971499481997,-0.004802169544890758,0.005860349469581936,0.742,0.2931378680667449,0.7699273430519307,1000.0,,,
Continuous | pure attention,team,36,centered,covid,24,0.032066086798465135,0.01938094157694289,0.010733976823656483,0.0019511683978657643,0.0007640434126184033,0.02399558657479546,0.005622165934474578,0.002224502564465841,0.04753594974933917,0.00234827591761735,0.002002619307452374,0.013019303516663852,-0.0008807558829023095,-0.0021752976085006683,0.05462129726497809,-0.00031680352413687366,-0.0008646992781701855,0.13926533733657623,0.003961094378603739,-3.469446951953614e-18,3.0,-0.0017738835684886086,0.0056486380668856065,0.358,1.0951956288735372,0.28476745149869903,-0.00031816577003966314,0.04500589191506293,0.052,1.869681165071972,0.07431199375590372,1000.0,,,
Continuous | pure attention,team,36,centered,inflation_rates,36,-0.0033020796109677177,-0.0024530215600946145,-0.00024804752638885627,-0.0006010105244842483,0.00023015114546177316,0.0025296191763645175,0.00014494717880568668,-0.0004300738730310046,0.003138006678425697,-0.00017625137510490993,-0.000656417597388891,-0.0001964638666931381,-7.91749382773346e-06,0.0008699935774082372,0.0070739893612682585,0.0003650178510414421,-0.0006146637769343631,0.006854839375373754,-0.0005738436873033416,1.3010426069826053e-18,4.0,-0.004218077479213717,0.0022692659147813456,0.73,-0.4045973440160582,0.6882355963435782,-0.008555816319276412,0.007144294687106829,0.526,-0.7698437461102338,0.44655763521864533,1000.0,,,
Continuous | pure attention,team,36,centered,holdout,48,-0.004781362993430623,-0.007389568018208262,0.0026131446051609482,-4.939580383309217e-06,7.723041868463792e-05,0.013313184044290256,0.0017217275265278358,-5.884745032500461e-05,-0.010209411570143495,0.0004885203436313658,0.0001499235180721758,0.006565715200388834,0.00020320888545203398,0.0001667919609073045,-0.0030084353365789963,-0.00014041871933482465,-0.00034003802772242285,-0.00923919872529587,0.00034010656888453747,-1.4907779871675686e-19,6.0,-0.0015854444577723932,0.0021636901436467076,0.998,-0.006034012831998941,0.9952111228448824,-0.013785299998337754,-0.0022114361053129227,0.002,-2.840707272732065,0.006634223936070171,1000.0,,,
Continuous | pure attention,team,36,centered,last18,18,-0.006840499873763122,-0.011727232943547366,0.004886733069784241,-3.8117363482664046e-35,0.0,0.02802737313720614,0.0033259149456151263,-3.209883240645393e-35,-0.01621328062394138,0.00041830264009768645,-2.0061770254033706e-36,0.015243637999415657,0.0017316772767336154,0.0,-0.007875554469317373,-0.00044313119814025755,-4.012354050806741e-36,-0.026292420675335677,-0.0001460305945219296,3.469446951953614e-18,,,,,,,,,,,,,,,
Continuous | pure attention,team,36,centered,last12,12,0.002063899657263997,-0.0038848573554897178,0.005948757012753716,-3.009265538105056e-35,1.2037062152420224e-35,0.028027373137206144,0.004083588266090935,1.2037062152420224e-35,-0.016213280623941374,-0.0005788141182747087,0.0,0.01524363799941566,0.0027743421158936458,-4.81482486096809e-35,-0.007875554469317371,-0.0006513083546125466,-6.018531076210112e-36,-0.026292420675335677,0.0003209491036563918,-1.734723475976807e-18,,,,,,,,,,,,,,,
Continuous | pure attention,team,24,centered,full_live_1999,329,0.0009460999642793297,-0.001560045994632947,0.0007981777251357257,0.00170796823377655,0.0021348275202651692,0.005089605095377627,0.00040595556556492844,-0.0006437090644174027,-0.004979923850748845,-9.663171386985001e-05,0.0006409815190059204,0.015595942444539929,0.00029164886412093424,-2.4900426729346346e-05,0.005796203952569296,0.00019033394839506883,-0.0003992313143477902,0.0004121978916212903,6.8710609246442756e-06,1.0842021724855044e-18,12.0,-0.0025152497934628365,0.0062508079305839915,0.44,0.7432827788029468,0.45784254620106335,-0.0064740900195233726,0.003497992396805973,0.554,-0.5784090612842261,0.5633849031264468,1000.0,,,
Continuous | pure attention,team,24,centered,post2010,199,0.004361839065275143,0.00015108082722219403,0.0028120932697341997,0.0013986649683187498,0.0009157926838958498,0.018610805248670502,0.0024245296678931296,0.0013506333862971349,0.0010225580001079868,-9.156775659258455e-06,0.00056215566160913,-0.0005045414661757319,1.8619861947711534e-06,-0.0008758678480712558,0.011424057607149157,0.00038295278133553066,-0.0005540489154121093,0.0013635293038480644,1.1905609970026903e-05,-4.336808689942018e-19,12.0,-0.0020723935715985515,0.005234647666658969,0.512,0.7731789763470063,0.4403385215955584,-0.004465388973111843,0.00551468713881409,0.994,0.05694875380345119,0.9546434454865944,1000.0,,,
Continuous | pure attention,team,24,centered,validation,151,0.007268287401817374,0.0027222461144781273,0.003223816799879841,0.001322224487459406,0.001247295425329286,0.019183580652886195,0.002504943685093295,0.0015249471754183305,0.00525169017279342,1.7904437754662502e-05,0.00040691125891721995,-0.0035350572054398724,5.197236421242728e-05,-0.0009740499398775847,0.017916692387987106,0.0005256828738790601,-0.0008828794323278452,0.005313259161689789,0.00012331343894039646,-4.336808689942018e-19,12.0,-0.002763611237472669,0.005463854279408006,0.592,0.6250383058805536,0.5328955981372688,-0.0027139382866975576,0.008728246405716893,0.316,0.8585581670989101,0.3919541920526393,1000.0,,,
Continuous | pure attention,team,24,centered,pre_covid,120,0.00303640821979374,0.0004978698333955815,0.0011844265404758023,0.0013541118459223568,0.00021803093968193705,0.015938620196162035,0.0020941753075737284,0.0006376430204940459,-0.008272125777223475,1.6626972812219194e-05,-7.787275811257386e-05,-0.011648878048794647,0.0002735156565856983,-0.0001226237147325316,0.007765723153678381,0.00024710531075004604,0.000698934358591479,-0.041366517225933604,-0.0014469967072458895,-4.336808689942018e-19,12.0,-0.0014526843100261839,0.004716436181147012,0.42,0.7339022879323318,0.4644518097550856,-0.005208625432716393,0.005447855647157389,0.86,0.16661282786205323,0.8679574707603273,1000.0,,,
Continuous | pure attention,team,24,centered,covid,24,0.032066086798465135,0.01490587391493529,0.017205321071872032,-4.510818834217766e-05,0.002610155945983758,0.04090334699802006,0.009583654201636102,0.003528756450805676,0.07428514928626179,0.003669686374741325,0.005621392280375731,0.03729037781982892,-0.002522694059511427,-0.0034527115061158695,0.07085190002785256,-0.00041094102016154584,-0.008352701359391472,0.242086525639339,0.0068856155751675745,-9.974659986866641e-18,3.0,-0.0068244806928946895,0.007450500849675466,0.916,-0.019233146847680432,0.9848209929679091,-0.003337295068860605,0.03827508816028215,0.118,1.604492345979312,0.12225039517598024,1000.0,,,
Continuous | pure attention,team,24,centered,inflation_rates,36,-0.0033020796109677177,-0.0021679153572075915,0.00030912910831013864,-0.0014432933620702648,0.0001923663127872133,0.004785313547784961,0.0002741984662880779,-0.000990271676006904,-0.00987693073762119,0.0005547542764297233,-0.0011203473469553428,-0.002981144876464365,-0.00012014013852151384,-0.00010569962245776805,-0.005020468859501514,-0.0002590561931502781,0.0005806589705625365,0.0016798608983161637,-0.0001406273027358706,0.0,4.0,-0.004444506347812741,0.0011733832199479367,0.356,-1.1888834278827063,0.2424894731179649,-0.007923608184253667,0.006164982851691747,0.564,-0.7436105525942605,0.46207509328492047,1000.0,,,
Continuous | pure attention,team,24,centered,holdout,48,-0.004781362993430623,-0.007937376638937095,0.0030280240791954,0.00012798956631107248,-0.0001293164849535468,0.016808949289575312,0.0021738173668743254,0.0001203104791364758,-0.012281586959798271,0.0005876739360263466,0.0006153055800184655,0.009028955963592702,0.00027944618707319356,-0.00021294847895732911,-0.009000689307570241,-0.00042010717343084105,-0.0002653615289329929,-0.011061662540612293,0.00040719376265237607,-4.336808689942018e-19,6.0,-0.00233159826895271,0.0024739880661371937,0.88,0.10847645079876926,0.9140795522282573,-0.015119164207746574,-0.0019871927625147528,0.004,-2.670013558457055,0.010382670355828997,1000.0,,,
Continuous | pure attention,team,24,centered,last18,18,-0.006840499873763122,-0.014701114839260763,0.006615557981015003,0.0012450569844826337,-0.000363378969460849,0.03314609631282598,0.003933336762455348,0.0011397490321479985,-0.011575169502400425,0.00029863937316193013,-4.268827957963958e-05,0.027238798509546462,0.003094327510684472,0.00020865032278502424,-0.009132519152067068,-0.0005138564109563071,0.0003027248785900995,-0.03544938728939906,-0.00019688925433043977,5.421010862427522e-18,,,,,,,,,,,,,,,
Continuous | pure attention,team,24,centered,last12,12,0.002063899657263997,-0.0076645478427481775,0.009728447500012172,-2.106485876673539e-35,-2.407412430484045e-35,0.031755592352338734,0.004626789805735753,3.009265538105056e-36,-0.006184833774915609,-0.00022079856576448788,0.0,0.030405628128510442,0.005533824319388891,0.0,-0.008038315897122075,-0.0006647687246919956,0.0,-0.03714296407714685,0.00045340066534401156,3.469446951953614e-18,,,,,,,,,,,,,,,
Continuous | pure attention,team,36,structural,full_live_1999,329,0.0009460999642793297,0.0033557587137075075,0.0005153678597695739,-0.0029250266091977533,-0.0006997991341426085,0.004665155434397811,0.0003721007381376703,-5.341241811729547e-05,-0.0006219663957667845,-1.2068794743389529e-05,-0.0015513545341849103,0.008112456229796937,0.0001517053972893697,-0.0006966989221577743,0.0038240188237047656,0.00012557194457075014,7.62383994048351e-05,-0.007315318411143689,-0.0001219414254848267,1.734723475976807e-18,12.0,-0.007451170652102409,0.0013591129615409738,0.224,-1.2875822219707225,0.1987991741372722,-0.003232096389534674,0.010827883717662301,0.358,0.8927135106062806,0.37266508946292304,1000.0,,,
Continuous | pure attention,team,36,structural,post2010,199,0.004361839065275143,0.006239893953284417,0.00041873575873702145,-0.0022967906467462954,-4.654607286481547e-05,0.002784328918439739,0.00036272949921993216,-0.00033376291300938525,-0.0013140775090778657,1.1767266940586718e-05,-0.00034692627279508254,-0.0034622675551782157,1.2777333128255758e-05,-0.000553092596736129,0.0061746040957382,0.0002069826583007557,-0.0010164627913408827,-0.020102122107023595,-0.00017552099885250887,-4.336808689942018e-19,12.0,-0.004897815700475504,0.0004330662707298035,0.098,-1.7033622320314636,0.0900693149524346,-0.0014792245133799717,0.017005252451358647,0.1488,1.383487106194472,0.168073378065125,5000.0,,,
Continuous | pure attention,team,36,structural,validation,151,0.007268287401817374,0.00935851299196332,-7.544792746982164e-05,-0.0020147776626761233,3.1464124380776256e-05,0.0030205350478692077,0.00039441386520428287,-0.00039162727252063634,-0.0011803272776948102,-4.02405617587606e-06,-0.0005969023440581438,-0.005680004341774464,8.350734860092262e-05,-0.000667379097975101,0.006658160288812868,0.0001953530685003744,-0.0003903330725030183,-0.03208712952380361,-0.0007446981535995256,-1.3010426069826053e-18,12.0,-0.005448713695209169,0.0012205947112223774,0.262,-1.19775815582782,0.23290041208077095,-3.128575988476288e-05,0.02400022937353914,0.052,1.6486182128650884,0.10131877326211898,1000.0,,,
Continuous | pure attention,team,36,structural,pre_covid,120,0.00303640821979374,0.00407442243295131,-0.0011028253417691737,6.481112861160445e-05,-0.00014208267176132265,0.0016293446800775648,0.00021407959751539108,5.974722176943346e-05,-0.0032480178978817735,6.5285159747423684e-06,-0.0005919238537949765,-0.012721718763107211,0.00029870595655775734,-0.0007453331671918559,0.0013041852419864589,4.1499174400009113e-05,0.001484403599590326,-0.047559841629122614,-0.0016636385862170739,-3.2526065174565133e-19,12.0,-0.002445837978713383,0.002944169045377322,0.948,0.04361346363333901,0.9652856172570151,-0.0020443970872940967,0.009979533783232446,0.188,1.245847322006319,0.21526771253097796,1000.0,,,
Continuous | pure attention,team,36,structural,covid,24,0.032066086798465135,0.03949272267932692,0.0014775305441095388,-0.008904166424971325,0.0007116703200817746,0.009328177943358532,0.0021855920921289044,-0.0029432669775855957,0.006524276180802935,0.00032229924333166435,-0.0008846186462727504,0.025473229181956204,-0.0017232639541593373,0.00026173021744433506,0.031780847770031075,-0.00018432891706618069,-0.0060496813386390885,0.030841987049359424,0.0008772320798744878,0.0,3.0,-0.015724970163952145,-0.001359352741740856,0.012,-1.9073991287404155,0.06903322573292557,0.0007852699707332965,0.09157448877594987,0.042,1.5593423857442343,0.13257042090115753,1000.0,,,
Continuous | pure attention,team,36,structural,inflation_rates,36,-0.0033020796109677177,-0.0009312050132652796,-0.0006456103236050787,-0.001725264274097361,-0.0007112864508812895,0.002713961103369163,0.00015550997122305285,-0.00043506689968143483,0.0029375943999841504,-0.00016499488546577637,0.0006957806977702796,0.007533316801700123,0.0003035926671085148,5.1795798023862e-05,0.009534290922323062,0.0004919694115918699,-0.0013264874193287784,0.017102196963290114,-0.0014316874880627398,1.5178830414797062e-18,4.0,-0.003957133781760738,0.0002479896764536273,0.098,-1.935351915695884,0.06105941388486523,-0.006642272022737716,0.007018312305954742,0.798,-0.3193503099700362,0.7513592342154435,1000.0,,,
Continuous | pure attention,team,36,structural,holdout,48,-0.004781362993430623,-0.0035707617725596295,2.506149109351199e-05,-0.0012356627119645062,-0.0002928838284546637,0.0020412638029428717,0.00026398644131558663,-0.0001732989248268987,-0.0017348334453037263,8.301178035778323e-05,0.00012095975031242535,0.0035143627526558175,0.00010876952719469732,-0.0001671971360827422,0.004653416905024139,0.00021719823404200167,-0.0007232425729126269,0.017600713724930214,-0.0006479044918165568,4.336808689942018e-19,6.0,-0.0030031986065238462,0.000773909672373241,0.266,-1.2731366998926177,0.20923083990698357,-0.011559376465587187,0.003584360356498079,0.378,-1.1044724002654684,0.2750106565832885,1000.0,,,
Continuous | pure attention,team,36,structural,last18,18,-0.006840499873763122,-0.0074867743578961796,9.964451081711765e-05,0.0005466299733159401,3.1155753329182674e-05,0.0021042863730408408,0.0002497086496008463,0.0002621330930794536,-0.006333966354621839,0.000163416331949243,-2.2016867483874963e-05,-0.0029543956280066236,-0.0003356193433415518,-0.00019322995229224322,-0.0014693179443083595,-8.267362299975037e-05,0.000468587946683422,0.01887121144433992,0.00010481249560833056,2.168404344971009e-19,,,,,,,,,,,,,,,
Continuous | pure attention,team,36,structural,last12,12,0.002063899657263997,0.0037240812087821658,-0.0011760225043282065,-0.000484159047189964,-0.0007471323492202234,0.003963167574568344,0.0005774335156146078,-0.00021046510069716882,-0.001418153870753819,-5.0628093185911485e-05,0.0004478857809816348,-0.006478108705676565,-0.0011790157844331327,-0.0005891561406831763,-0.003493298250792192,-0.0002888957653405143,0.0006147087624289697,0.01924454730299571,-0.00023491637698325578,1.5178830414797062e-18,,,,,,,,,,,,,,,
Continuous | pure attention,team,36,backward_eom,post2010,199,0.004361839065275143,0.0069428306189229785,0.00133081910705664,-0.003911810660704477,-7.960325330319467e-05,0.006934182396606933,0.0009033532251032931,-0.001502120074561616,-0.0031736917707564957,2.8419692138131033e-05,-0.0008187437960444713,-0.00020633619687934185,7.614738843627613e-07,-0.0006499338909886884,0.0197619195493944,0.0006624513212567848,,,,1.734723475976807e-18,12.0,-0.007287805131989865,-0.00032756668115620485,0.0296,-2.164820876997602,0.03159776166128863,-0.0010238465433132023,0.016688921246631943,0.0952,1.636178984107547,0.10339068069227737,5000.0,-0.0008614096458065061,-0.02766355898874766,-0.0002641666053259315
Continuous | pure attention,team,36,backward_eom,validation,151,0.007268287401817374,0.010592631022876553,0.0003723335766541507,-0.0036966771977133264,0.00016437732780948038,0.0064198932749049975,0.0008382935078142832,-0.0015688012585343045,-0.007880102899342283,-2.6865410414446265e-05,-0.0013540397702460094,4.454873989957174e-05,-6.54954983953969e-07,-0.000625608357366224,0.02047717414616332,0.0006008084260739204,,,,-3.469446951953614e-18,12.0,-0.007722480101369292,0.0005674388356371289,0.088,-1.581419952148886,0.1158883544530686,0.0012124332476617845,0.023293859543592307,0.03,2.015229387361091,0.04566686228553707,1000.0,-0.00031260513937626886,-0.03916002812707292,-0.0010392479918356528
Continuous | pure attention,team,36,backward_eom,pre_covid,120,0.00303640821979374,0.005403649717231141,-0.0007467998384410481,-0.0016204416589963527,7.115032905963617e-05,0.004063690803954482,0.0005339283347315791,-0.00020493848137393683,-0.007826565494256595,1.5731396643455764e-05,-0.0007719919162125044,0.008625500855852548,-0.00020252676009541783,-0.0009899028417985295,0.01965457447527528,0.0006254085598032592,,,,2.168404344971009e-19,12.0,-0.005474649885925092,0.002183628192218898,0.43,-0.7612089626211547,0.4480380930358474,-0.002447050027346978,0.012997943243442486,0.182,1.336131279106559,0.18405580631256546,1000.0,0.0002752412513289819,-0.04694565604385416,-0.0017193413695239246
Continuous | pure attention,team,36,backward_eom,covid,24,0.032066086798465135,0.03879162348103905,0.004357158488819601,-0.011082695171393517,0.000913044910499067,0.014240080102903336,0.0033364507681102524,-0.007471575385195103,-0.01919803120437835,-0.0009483827414962884,-0.0026280500654753533,-0.03502723207318123,0.0023695922497507104,0.0008104646696796103,0.018323184134237426,-0.00010627446797857732,,,,-1.734723475976807e-18,3.0,-0.016783980595228787,-0.0038359346620326982,0.008,-3.0906974497628954,0.005160038649948724,0.007165455399019712,0.08014763388217905,0.01,2.102961255017571,0.0466134978764168,1000.0,-0.00270657930090174,-0.010234149923252882,-0.00029422731956649543
Continuous | pure attention,team,36,backward_eom,inflation_rates,36,-0.0033020796109677177,0.0017888934412921228,-0.0016495224258714033,-0.003441450626388437,-0.0016266065378303606,0.007658001505328425,0.00043880348625531816,-0.0005444731424602047,0.026665442825530867,-0.0014977090387006497,-0.0015226166351734014,-0.009143933828906228,-0.00036850053330492074,-0.001294140419495022,0.03408893843221778,0.0017589892231024372,,,,-4.336808689942018e-19,4.0,-0.007859517171991215,0.00026314789722098184,0.078,-1.8079133328366883,0.07922019416357731,-0.00604079192329974,0.0136981093036427,0.75,0.45466068111980973,0.6521608823097782,1000.0,0.0015463861085705504,0.023014150012854343,-0.001981105563223588
Continuous | pure attention,team,36,backward_eom,holdout,48,-0.004781362993430623,-0.004538833151847623,0.0009627379696503306,-0.0012052678112333295,-0.0008450991453421959,0.008552050258627602,0.0011059938996970137,-0.0005334286812949675,0.011631893237919624,-0.0005565860914344534,0.0009012385971195064,-0.0009955783938296846,-3.081315128902867e-05,-0.0006874538657508671,0.01751184779705883,0.0008173654959277208,,,,-1.3010426069826053e-18,6.0,-0.0038515053082537765,0.0022414207105366612,0.628,-0.681095128371191,0.4991534529842983,-0.01219973054690324,0.0015605520426402264,0.166,-1.4545527616205367,0.15243938179270458,1000.0,-4.052471596480541e-05,0.008502416842233884,-0.00037322218325092185
Continuous | pure attention,team,36,backward_eom,last18,18,-0.006840499873763122,-0.013046910083288638,0.0025042164654051507,0.003702193744120365,-2.054913839970307e-05,0.015305793353392059,0.0018162874779358567,-0.00020913214744507766,-0.009642803384772304,0.00024878432732712476,0.00098710406990353,0.0051874679798012135,0.0005892963625054167,0.0010118845376345421,-0.004824537245262251,-0.0002714606290000893,,,,8.673617379884035e-19,,,,,,,,,,,,,0.0019328864224270738,-0.025092310545982113,0.00012130892663684185
Continuous | pure attention,team,36,backward_eom,last12,12,0.002063899657263997,-0.004630234013185125,0.004808608391474515,0.0018855252789746093,-0.0015156350700496007,0.0206198210936383,0.0030043079333431,-0.0003252032867591448,-0.009816622776269853,-0.00035045343311283474,0.0003532207489645399,0.010338418345626989,0.001881592138904109,0.001261911298634681,-0.006481099554260396,-0.0005359869331373348,,,,-2.168404344971009e-18,,,,,,,,,,,,,0.002111231588184134,-0.032086718255217084,0.0008091486854774757
Benchmark | Always-short Brown,team,36,backward,full_live_1999,329,0.001119287072483444,0.006121898341327774,0.0026592743200051813,-0.007661885588849511,-0.0007648614179172749,0.016335668217883063,0.0013029607024510636,-0.0011596641910001913,0.007283371985410151,0.00014132840958923536,-0.00404991571340901,0.021571209702144524,0.00040338817802879594,0.0016240604917349525,0.04268427747400665,0.001401653070268019,-0.003311504758257987,-0.03539771491341003,-0.0005900560403319324,0.0,12.0,-0.02231729286423504,0.009095967642237229,0.358,-0.9547347170739304,0.3404149619276381,-0.014708449748995763,0.02719361326111065,0.586,0.5489875165302359,0.5833875375964692,1000.0,,,
Benchmark | Always-short Brown,team,36,backward,post2010,199,0.01048927812427717,0.01961069130544222,0.004340280539712472,-0.013461693720877523,-0.001026029409857568,0.02613037966643665,0.003404145059178073,-0.0028834317186119058,0.006567541941098864,-5.881085295999084e-05,0.00132715994353,-0.021557126018968413,7.955554446397231e-05,-0.0038308809751191526,0.04357182402085699,0.001460597606423783,-0.007048511560818897,-0.06244161147939183,-0.000545206817393365,1.734723475976807e-18,12.0,-0.0247559404021823,-0.0009004409583552287,0.0348,-2.2164912958354495,0.02779625571147082,-0.007038245613196356,0.04722871585527591,0.1456,1.461436170078818,0.14548096969839774,5000.0,,,
Benchmark | Always-short Brown,team,36,backward,validation,151,0.0171213001536846,0.026373134829568427,0.00260096896061089,-0.011852803636494713,-0.00031954006141282583,0.02735748640019929,0.003572271727483505,-0.004082875653380547,0.012846695047482164,4.379787159234294e-05,0.0011803380601946379,-0.0366014360907578,0.0005381138286190884,-0.004087075233855158,0.04547192687439195,0.0013341644028099743,-0.004543650748040819,-0.12440973478283399,-0.0028873788698940204,-5.204170427930421e-18,12.0,-0.026278768875763747,0.0021745354731691627,0.114,-1.5606127210128535,0.12072250400289579,-0.0051733210511028605,0.06212894378741455,0.11,1.6092071107107615,0.10967366831360448,1000.0,,,
Benchmark | Always-short Brown,team,36,backward,pre_covid,120,0.012001800334385544,0.016194277791667034,-0.001797944273872569,-0.002394533183408923,-0.0005000699400582495,0.024125075424473744,0.003169793660021603,-0.00024491854443945663,0.0023501987328047747,-4.723899452937599e-06,-0.0007785702454889506,-0.05773736863273101,0.0013556734154965243,-0.004382636822332735,0.02494862034203339,0.0007938650992835023,0.0035116623689104695,-0.2033325480800295,-0.00711255254922126,1.3010426069826053e-18,12.0,-0.01656488539414403,0.011531986597217426,0.826,-0.3096635629996968,0.7573584059790435,-0.016836812685297388,0.04719150827163795,0.348,0.9756994915283239,0.3311926756818771,1000.0,,,
Benchmark | Always-short Brown,team,36,backward,covid,24,0.06865790339725321,0.08900621000540679,0.010087270259623783,-0.030435576867777352,0.003853358318649614,0.03193513162082309,0.007482401338758852,-0.021173675867359586,0.030582414595624358,0.0015107712810238402,0.007627206282102856,0.035910425757263185,-0.0024293403024788543,-0.0027209714151747227,0.11074262754333715,-0.0006423072397513571,-0.018021494185995513,0.14646051131048138,0.004165745182071302,-1.0408340855860843e-17,3.0,-0.04500879201149581,-0.006095314983862958,0.014,-3.140838124287297,0.004581249926356868,0.0065265555580153204,0.17655500711452837,0.024,2.1913618034853224,0.038815799052363036,1000.0,,,
Benchmark | Always-short Brown,team,36,backward,inflation_rates,36,-0.018289386490326312,0.008104631700409228,-0.00917060034030486,-0.017223417850430675,-0.005392512023017909,0.026327458076322266,0.0015085633477732638,-0.0036797488283665525,0.03563593677771162,-0.002001551782348135,0.00037753157318662963,0.05714622442247144,0.0023029928442255976,-0.0037947718072448137,0.09614021458105446,0.0049608350723824085,-0.004733916764988033,0.19042818072606746,-0.015941439822337995,-6.938893903907228e-18,4.0,-0.035542405556762566,0.00011170605464982177,0.052,-1.9525877835427046,0.05890282612452305,-0.03224978304492408,0.0654060636643116,0.744,0.38353933155284675,0.7036398770466257,1000.0,,,
Benchmark | Always-short Brown,team,36,backward,holdout,48,-0.010373957843233701,-0.001662828947538133,0.0011858234106845702,-0.00989695230638014,-0.003253362080194628,0.022270106399808337,0.0028800815101552107,-0.00012271406790998547,-0.013185627206065274,0.0006309322618102228,-0.00037152953315201483,0.025769766081869053,0.0007975742602338455,-0.0029213205628100683,0.03759441712744497,0.001754719419423494,-0.0032280260623134445,0.1324997764126866,-0.004877484040938203,1.734723475976807e-18,6.0,-0.020403627122626927,0.003556006767420933,0.166,-1.5122801720158514,0.1371580933193693,-0.041605035446606625,0.03788006196829034,0.938,-0.09540318628523789,0.924400196108967,1000.0,,,
Benchmark | Always-short Brown,team,36,backward,last18,18,-0.010718551615614667,-0.01619546922306484,0.002253502018350448,0.003223415589099712,-0.002768689880979892,0.032719408080906724,0.0038827030922675954,0.003191573293097086,-0.045292584272694586,0.001168548674235517,0.0008981023651817536,-0.018506206514252648,-0.002102305060019097,0.0015023519212183935,-0.0207255786321653,-0.0011661592243698343,0.00040007789058237037,0.0847509019958206,0.00047071453623626704,1.474514954580286e-17,,,,,,,,,,,,,,,
Benchmark | Always-short Brown,team,36,backward,last12,12,0.013484649030914616,0.020021395399885455,-0.0038676591908679437,-0.0026690871781028984,-0.006959305093530908,0.04426690965692507,0.006449688737013983,0.00012208213019398984,-0.03913528796114334,-0.0013971297802128212,0.0023274065438647204,-0.028011789981976298,-0.005098145776719677,0.0017874994402455853,-0.031395246902526604,-0.0025963869188389502,5.3229801123713715e-05,0.10040918374718101,-0.001225685452110478,2.6020852139652106e-18,,,,,,,,,,,,,,,
Benchmark | Always-short Brown,team,24,backward,full_live_1999,329,0.001119287072483444,0.0024342099076787235,0.002871834398692453,-0.004186757233887738,-3.8063900769936306e-05,0.02575468335214802,0.002054237381926222,-0.004031742083613193,0.004688471902300736,9.097630584889945e-05,-0.0016968397658896944,0.02816780058554711,0.0005267464325912458,0.003434466316871463,0.025645299601985996,0.000842132397507647,-0.0018545778004863767,-0.03852934001120077,-0.000642258119181561,6.071532165918825e-18,12.0,-0.024677275653486947,0.016295586240062544,0.656,-0.4249434343139083,0.6711565401693691,-0.02132939981588451,0.02704986845911946,0.862,0.19284338560575445,0.8472009744383469,1000.0,,,
Benchmark | Always-short Brown,team,24,backward,post2010,199,0.01048927812427717,0.02153548112560173,0.005580009204558973,-0.016626212205883534,-0.002730455741178834,0.039931258791732774,0.005202059788562378,-0.0090156631501215,-0.0075449118165533844,6.756297918139764e-05,0.004381005422233622,-0.04331762285474645,0.00015986161921872346,-0.002964880587480254,0.023938705259392585,0.0008024638946952567,-0.006296218149336565,-0.07466547603909482,-0.0006519390770987823,0.0,12.0,-0.032034356913824065,-0.0003712296383492388,0.044,-2.03901581808482,0.04277738894710363,-0.009282887350774479,0.05302694521881571,0.17,1.4285388551395746,0.1547123908718452,1000.0,,,
Benchmark | Always-short Brown,team,24,backward,validation,151,0.0171213001536846,0.0317958709589473,0.004867006096470435,-0.019541576901733134,-0.0032134109225042994,0.04301979035897694,0.005617415963351125,-0.013034083075428273,0.016221420713142178,5.5303227702818205e-05,0.004493413664196687,-0.057293738708356585,0.0008423317876327926,-0.0015445316037073719,0.03885715457025977,0.00114008435502039,-0.006242964964289876,-0.12013332318858914,-0.002788129237236689,-3.469446951953614e-18,12.0,-0.04016447689557077,0.0026060190389932732,0.08,-1.8203228607348063,0.07070318188101482,-0.0038647845151786667,0.07265990356845754,0.078,1.743735602449324,0.08325393808030145,1000.0,,,
Benchmark | Always-short Brown,team,24,backward,pre_covid,120,0.012001800334385544,0.015991580768878813,-0.0014387905246458195,-0.0025509899098474565,-0.002717571284580676,0.033838830855000536,0.004446083986038517,-0.0061736571776234445,-0.00015880354374358483,3.191951229246057e-07,0.0012177702448443006,-0.09043992542339435,0.0021235294489413,-0.003591221158186646,0.009667709186860452,0.00030762650632589953,0.00871368946569901,-0.237746513028702,-0.008316349661074461,6.5052130349130266e-18,12.0,-0.01880359339974068,0.0160818774280594,0.762,-0.27262038764821267,0.7856175360765959,-0.021013387709426457,0.05058976046295054,0.4,0.8767101593360446,0.3824104927798681,1000.0,,,
Benchmark | Always-short Brown,team,24,backward,covid,24,0.06865790339725321,0.1042653435116013,0.022919876652919356,-0.05852731676726743,0.0025273424040778017,0.06972434585455328,0.016336414233721838,-0.04467487836375,0.04964942597312841,0.0024526816430725383,0.0048218827572204205,0.043817717554956837,-0.00296426859259283,0.007407112284407382,0.12171727955061155,-0.0007059602213935486,-0.028608775849223042,0.2742702213815156,0.007801009590111356,-1.3877787807814457e-17,3.0,-0.0855257339622021,-0.016018992850875553,0.008,-4.657974989757265,0.00010917012766545771,0.012928719687203005,0.2032493541071539,0.03,2.227489514772333,0.03598399963493782,1000.0,,,
Benchmark | Always-short Brown,team,24,backward,inflation_rates,36,-0.018289386490326312,0.005495899634532932,-0.004260969013245384,-0.019524317111613853,-0.012518202816804616,0.01953277477957442,0.0011192279948696129,0.0005880283800716536,-0.024120451244529877,0.001354765344901094,0.010926898322683959,0.0640386255683996,0.002580756610406502,-0.0027775431141771403,0.06363539208492484,0.003283586231582121,-0.01574349788338771,0.15050477205548668,-0.012599305195004714,-6.938893903907228e-18,4.0,-0.05615525722226672,0.01455303708183531,0.31,-1.0339497823446786,0.30825130524857475,-0.044438860080803416,0.07363243713313782,0.862,0.21804282746555934,0.828662052879417,1000.0,,,
Benchmark | Always-short Brown,team,24,backward,holdout,48,-0.010373957843233701,-0.010741995225131194,0.00427629199227007,-0.003908254610372572,-0.00122332836935613,0.030215253236443824,0.003907587624803094,-0.0002067791919631596,-0.082309832899554,0.003938525504243655,0.0020202283312442085,0.0006489082680687987,2.008371089672928e-05,-0.006619532306590204,-0.022992249864377114,-0.0010731632624198018,0.002121156926292714,0.06836879311868944,-0.002516741585253608,-5.204170427930421e-18,6.0,-0.02380708545973372,0.01415658123998411,0.736,-0.3862740613203004,0.7010368928376958,-0.04765150977619835,0.029711617538941422,0.636,-0.5618332577504849,0.5768992293896762,1000.0,,,
Benchmark | Always-short Brown,team,24,backward,last18,18,-0.010718551615614667,-0.014750866840288406,0.0013682914177548281,0.0026640238069189164,0.004230563305366857,0.08720500588744864,0.010348327365310567,-0.008072367207545826,-0.09973235302811727,0.0025730947081254183,0.0056986414564004365,-0.06074833584272511,-0.006901010951733561,-0.007004676281253522,-0.09042512935314023,-0.0050879206116033575,0.00781186253395097,0.07846479590314637,0.0004358009076557589,-4.7704895589362195e-18,,,,,,,,,,,,,,,
Benchmark | Always-short Brown,team,24,backward,last12,12,0.013484649030914616,0.030994100175877906,-0.0044224554625547485,-0.013086995682408542,-0.010965982791344513,0.12611268540218476,0.01837461826309832,-0.0016375352823082712,-0.12404163961757564,-0.004428286534347463,0.002531682555236297,-0.051114408084802755,-0.009302822271434086,-0.008992952495422042,-0.10560322234954812,-0.00873338648830763,0.005977792331429987,0.027245105004508153,-0.00033257843156389127,0.0,,,,,,,,,,,,,,,
Benchmark | Always-short Brown,team,36,centered,full_live_1999,329,0.001119287072483444,-0.001198714754627657,0.002282099947682698,3.590187942840344e-05,0.005994676282949597,0.022403773542255128,0.0017869631118128928,-0.0003421457657059373,-0.0029105720409760096,-5.6477483007874956e-05,0.0004637947121039233,0.021820378248495056,0.0004080477055806713,-0.0026173526223905626,0.019764127369571196,0.0006490082870817609,-0.0034630707275286176,-0.03032166277617411,-0.0005054416737847521,-4.336808689942018e-19,12.0,-0.008770239959432567,0.008761111677860166,0.99,0.007486148867408774,0.9940315242296208,-0.017411018941030344,0.014591474920261017,0.906,-0.1475587756188687,0.8827816539600412,1000.0,,,
Benchmark | Always-short Brown,team,36,centered,post2010,199,0.01048927812427717,0.006126236418185023,0.006716750459881342,-0.0023537087537891925,0.0018263602757711654,0.04648523803699866,0.006055881904832071,0.0012718524397880562,0.007716257408298346,-6.909734020898318e-05,0.0008987931466264895,-0.038900627919318545,0.00014356091027109398,-0.0016658028891291725,0.03016017790999743,0.0010110176623216627,-0.004684911726845731,-0.048630169288980084,-0.0004246126773345028,-3.0357660829594124e-18,12.0,-0.00983142733998975,0.005063516652392407,0.564,-0.605531888613816,0.5455190950666706,-0.012669919091908628,0.026106790052145484,0.512,0.6192092937933273,0.5364903012396416,1000.0,,,
Benchmark | Always-short Brown,team,36,centered,validation,151,0.0171213001536846,0.013017364762839321,0.0061340761132449816,-0.0020301407223997005,0.0022829235618212268,0.04154710605856807,0.005425116553496675,0.00045940816070769603,0.03869784160424981,0.0001319314493898523,0.0017050245963973975,-0.04764159665517242,0.00070042612300982,-0.002128202126856089,0.05864661001195665,0.001720714841039555,-0.004349294914469932,-0.0794580833951048,-0.0018441128536909204,-3.469446951953614e-18,12.0,-0.009778989020710307,0.005846664982509584,0.584,-0.47819565477567094,0.6332071530325359,-0.008980763089040396,0.03655355256972277,0.23,1.143493511472306,0.25465540620440374,1000.0,,,
Benchmark | Always-short Brown,team,36,centered,pre_covid,120,0.012001800334385544,0.01193855889770904,0.0027197886332807108,-0.0026565471966042108,0.0008123701087545659,0.0416416299185713,0.005471293755001079,-0.0009236011054768055,0.02044594480683076,-4.1096349061729846e-05,-0.0005264426228572018,-0.0742926717077271,0.0017443919316974326,-0.0011259953350484784,0.034747250152199496,0.0011056574998429879,-0.0008928782419762912,-0.1589615159013608,-0.005560458204199059,4.336808689942018e-18,12.0,-0.009800181601853968,0.0055571033831696755,0.486,-0.6028292227609292,0.5477694311765169,-0.0122552330885767,0.0334366955039615,0.292,0.9827608327082867,0.32771902723056046,1000.0,,,
Benchmark | Always-short Brown,team,36,centered,covid,24,0.06865790339725321,0.04047938291151734,0.021327023513153444,0.0068514969725824324,0.004678695055320872,0.05570409364681365,0.013051469141448441,0.006040270828350472,0.1215745550683431,0.006005783020376137,0.011257640480149008,0.06406798839935947,-0.004334199415216669,-0.005588248413900137,0.1694683979986533,-0.0009829167083921914,-0.009536860977337783,0.26674205220636255,0.007586887474937727,-9.540979117872439e-18,3.0,-0.0030921976066252592,0.015837548129298062,0.176,1.2818667364978074,0.2126610557195336,-0.011546316121303146,0.09722165121135884,0.146,2.009850648301917,0.056319288501879,1000.0,,,
Benchmark | Always-short Brown,team,36,centered,inflation_rates,36,-0.018289386490326312,-0.018457696650870548,-0.003585776663359569,0.0037540868239038117,0.0011906817245027654,0.012718814668832379,0.0007287880805240943,-0.0030644974432284247,-0.04964381107941614,0.0027883273889605384,-0.0007917745338877904,0.011755845200188655,0.00047376056156760247,0.004504093074057825,-0.003763376595820248,-0.00019419023234432475,0.0019155840024594364,0.08818707165710794,-0.00738246246206748,-7.37257477290143e-18,4.0,-0.006678035124278063,0.012698763540470172,0.5,0.8016838543868137,0.4281454172264601,-0.05659013743844751,0.031474397631429396,0.406,-0.8653824613156471,0.3927220698515507,1000.0,,,
Benchmark | Always-short Brown,team,36,centered,holdout,48,-0.010373957843233701,-0.015552104832706628,0.00740737579600388,-0.0022292288065309564,0.00040954502612244783,0.0620197782191449,0.008020707818190908,-0.0011682105346527564,-0.08974664287479896,0.004294376861559126,-0.002892798100198068,-0.011402997104444937,-0.0003529227603825701,0.0013422436334634335,-0.0594533897440826,-0.0027749869663050556,7.999116873398681e-05,0.04834931050320393,-0.001779799157058528,3.469446951953614e-18,6.0,-0.01417627391712427,0.011373803851055854,0.78,-0.3745041434411318,0.7097137390180226,-0.05125604099896787,0.018342684137184512,0.378,-0.9462673448867565,0.348852033908521,1000.0,,,
Benchmark | Always-short Brown,team,36,centered,last18,18,-0.010718551615614667,-0.01788204389122995,0.007163492275615271,1.925929944387236e-34,1.925929944387236e-34,0.12941006334382546,0.015356660850133947,0.0,-0.10782054080787226,0.0027817699528430964,0.0,-0.0414182368320293,-0.004705111704118519,0.0,-0.11050287414171583,-0.006217628385040545,0.0,-0.009398190155385592,-5.219843820270771e-05,1.3877787807814457e-17,,,,,,,,,,,,,,,
Benchmark | Always-short Brown,team,36,centered,last12,12,0.013484649030914616,0.01504078008115664,-0.0015561310502420246,-3.3703774026776623e-34,9.62964972193618e-35,0.12941006334382552,0.018855046229195378,-4.81482486096809e-35,-0.10782054080787228,-0.003849193306841051,0.0,-0.04141823683202929,-0.007538119103429318,-3.851859888774472e-34,-0.11050287414171582,-0.009138587691519899,0.0,-0.009398190155385592,0.00011472282235286505,3.3703774026776623e-34,,,,,,,,,,,,,,,
Benchmark | Always-short Brown,team,24,centered,full_live_1999,329,0.001119287072483444,-0.0041287995255615655,0.002308650270053289,0.002939436327991726,0.00523340066866732,0.029268336870797673,0.0023344923672605584,0.0009986504106180103,-0.00547032073997855,-0.00010614750031617958,-0.000444300762647375,0.03145183004874196,0.0005881587817382366,-0.0007533047241553847,0.005732126222771863,0.0001882297837700246,-0.0020950092644908464,-0.04175832743746877,-0.0006960831623993507,-5.637851296924623e-18,12.0,-0.008133050551544873,0.014266061070142758,0.6,0.478433767531001,0.6326602455151162,-0.020446603619692715,0.011960088379159491,0.616,-0.5033509696671303,0.6150553923353038,1000.0,,,
Benchmark | Always-short Brown,team,24,centered,post2010,199,0.01048927812427717,0.003462572021158102,0.0065107553714547125,0.0005159507316643559,0.0029968354316984693,0.050028108416352156,0.006517430678755003,0.004188925582198273,-0.001361402593699814,1.2191052371723963e-05,-0.0018613721357440566,-0.04891444782268922,0.00018051643457780484,-0.00171123698120659,0.01494694316045779,0.0005010455700240293,-0.0030972011652817396,-0.08021887180397864,-0.0007004283642738479,-6.505213034913027e-19,12.0,-0.008729237546925228,0.010239591856108569,0.924,0.10979285091321275,0.9126848589157815,-0.015621831557269716,0.023395282268399945,0.68,0.35182591027713517,0.7253429721246986,1000.0,,,
Benchmark | Always-short Brown,team,24,centered,validation,151,0.0171213001536846,0.009433708285711247,0.0060431817131864005,0.0016444101547869545,0.004044046836859523,0.046861208107759365,0.006119018625843129,0.004191008559380825,0.031116933952516558,0.00010608607681294994,-0.00225748716111772,-0.05979718042100719,0.0008791373545340135,-0.0012955828131968185,0.04232635272696502,0.001241872007427456,-0.0030375752671388543,-0.09922743636164155,-0.0023029323514311487,-3.2526065174565133e-18,12.0,-0.007641707265668836,0.011466390427757465,0.726,0.3126807741046832,0.7549574912051654,-0.013477603507882789,0.032809483889970605,0.398,0.8244460379878967,0.4109952331330438,1000.0,,,
Benchmark | Always-short Brown,team,24,centered,pre_covid,120,0.012001800334385544,0.012402632159168793,0.0002592832922058185,-0.0006601151169890716,0.0018932314881695035,0.04071310605275016,0.005349295004270839,5.6361721083559445e-05,0.00739917949200987,-1.4872350778939847e-05,-0.005401740668696589,-0.09973548579307143,0.002341789206421317,0.0015399763373810068,0.00815257305997123,0.00025941487476828447,0.0012520560050734476,-0.21945011460996525,-0.007676343442475683,3.686287386450715e-18,12.0,-0.008342140290503583,0.008797168548584667,0.984,-0.11516766659759714,0.9085063331738393,-0.01317038724581356,0.034793321498311006,0.318,1.0040778033190834,0.31737844886771566,1000.0,,,
Benchmark | Always-short Brown,team,24,centered,covid,24,0.06865790339725321,0.02041668944966588,0.03685159859577765,0.011389615351809695,0.005878218521560926,0.09279798142607665,0.021742567048129765,0.015533408654089854,0.212897611859147,0.01051714202584184,0.0167214981483391,0.11903749833249266,-0.008052886762193128,-0.00802926107593691,0.2317338929257741,-0.001344056578969493,-0.018714248896243277,0.4918235571789203,0.013988832862968672,-1.0408340855860843e-17,3.0,-0.00783801882690202,0.029250097327223477,0.306,1.8960554573425497,0.07058521790224291,-0.028909373547457335,0.07403013175009712,0.42,0.9895724420157554,0.33268014871754226,1000.0,,,
Benchmark | Always-short Brown,team,24,centered,inflation_rates,36,-0.018289386490326312,-0.01686011491022976,-0.0016547174269886027,0.00022544584689205898,0.0009504968963329719,0.01397369422018522,0.0008006926788166122,-0.0037394344591053725,-0.10525281063407345,0.005911699530613789,-0.003441046286707519,-0.009154193993833878,-0.00036891401795150505,-0.0016946004269045329,-0.05288209772459752,-0.0027287162425892316,0.008150030123276513,0.06294647046347307,-0.005269479375878268,-9.75781955236954e-18,4.0,-0.01623682789017606,0.017629619334623245,0.964,0.027929853217332185,0.9778767483509582,-0.06262996062116362,0.031466468024009465,0.5,-0.7179676533932838,0.4775425807307907,1000.0,,,
Benchmark | Always-short Brown,team,24,centered,holdout,48,-0.010373957843233701,-0.015321627477748664,0.009687223821811083,-0.004739554187296117,-0.00028503919660270065,0.05999064897046699,0.007758290678105637,-0.0010548603797342641,-0.10353283631200554,0.00495404621752946,-0.002178168056545131,-0.014679184857147342,-0.0004543207713287093,-0.0015257680300379156,-0.07118411610084625,-0.0033225186190069993,0.00030428147562389487,-0.02042109579966409,0.0007517263165116928,-2.6020852139652106e-18,6.0,-0.017403068379897378,0.010211222397252674,0.61,-0.6811983253615348,0.49908875208351317,-0.05419143160759768,0.02013307377796474,0.408,-0.9065186924202784,0.36928562367223877,1000.0,,,
Benchmark | Always-short Brown,team,24,centered,last18,18,-0.010718551615614667,-0.027789283246122017,0.01022769544540419,0.00684303618510315,-0.000717649502074994,0.12141270144428759,0.014407640571388785,0.0018940331307853047,-0.13006711979437788,0.0033557316906949394,-4.850936925491797e-05,-0.013993883067064542,-0.0015897051164185292,0.0016555021706597052,-0.08474163013407766,-0.0047681290555441035,0.004059659754988051,-0.2120674397418565,-0.0011778426447169041,1.0408340855860843e-17,,,,,,,,,,,,,,,
Benchmark | Always-short Brown,team,24,centered,last12,12,0.013484649030914616,0.004374846690090663,0.00910980234082396,-9.62964972193618e-35,0.0,0.11831267267806829,0.01723815640919455,-9.62964972193618e-35,-0.12641247540829845,-0.0045129253720762675,0.0,0.0010658327799276252,0.00019398156594682746,0.0,-0.0840166009407356,-0.006948172897798834,0.0,-0.25713007661943793,0.0031387626355576835,-6.938893903907228e-18,,,,,,,,,,,,,,,
Benchmark | Always-short Brown,team,36,structural,full_live_1999,329,0.001119287072483444,0.00553843037545906,0.002028776647139079,-0.006447919950114697,-0.002355616945021576,0.01780074440460567,0.0014198176728507594,-1.6357652662346937e-05,0.0002305411595095238,4.4734795206954435e-06,-0.002737760743567133,0.017461837019742195,0.00032654165981842485,-0.0004175352693948257,0.02386268899242553,0.0007835955829743722,-0.000920649339468815,-0.03033426521995026,-0.0005056517480251727,1.734723475976807e-18,12.0,-0.018102868274038852,0.006042907687005924,0.304,-1.1021174556375561,0.2712186488588156,-0.013661143130339845,0.024904512088792075,0.58,0.5492726493003669,0.583192100364731,1000.0,,,
Benchmark | Always-short Brown,team,36,structural,post2010,199,0.01048927812427717,0.01729544748850798,0.0020207609873866025,-0.008826930351617407,-0.001856383028841819,0.013613456820342132,0.001773498217969877,-0.0007105868585372262,-0.0014880327690803205,1.3324996957292118e-05,0.0002144456860060325,-0.011727652341549202,4.328034110368735e-05,-0.002800261011508102,0.027034350097395903,0.0009062348875864752,-0.0036741451387362926,-0.08195387159499315,-0.0007155774562307293,-5.204170427930421e-18,12.0,-0.016832145515552253,0.00021926258778384776,0.0564,-2.024803674764809,0.04423041617476828,-0.00762100526635199,0.043602716739064684,0.1748,1.3445064600295575,0.18032293308337208,5000.0,,,
Benchmark | Always-short Brown,team,36,structural,validation,151,0.0171213001536846,0.02441977335747169,-0.0002545093532361092,-0.0070439638505509754,-0.0016212157542816212,0.01435637420419552,0.0018746192149600252,-0.0011218865569469594,-0.0006304867981742235,-2.1495006867555535e-06,1.0259300666089476e-05,-0.021627477330103832,0.0003179668852505333,-0.003300042630979894,0.027080490523301182,0.0007945523524134674,-0.0010110782090085903,-0.1395816562829017,-0.0032394983051733796,-6.938893903907228e-18,12.0,-0.01764295570958767,0.0032568517658541378,0.204,-1.3272930916075587,0.1864284118010765,-0.0063448193680466745,0.05977145081584379,0.124,1.5678336288309478,0.1190271198274145,1000.0,,,
Benchmark | Always-short Brown,team,36,structural,pre_covid,120,0.012001800334385544,0.01798831710663075,-0.0048046570407460154,-0.0011818597314991954,-0.0016917864673901156,0.00845724606201867,0.0011111975600886321,0.000551945840376131,-0.010639563636423639,2.1385522909211526e-05,-0.002357524395333278,-0.047478636222607035,0.0011147983785068133,-0.003416485948128378,0.006169087531676349,0.0001963003652579414,0.005731991238976445,-0.20721438626691172,-0.0072483388675086136,4.7704895589362195e-18,12.0,-0.011526349618935417,0.009401368593943487,0.888,-0.21088812201720725,0.8333352756789645,-0.010604186561079443,0.04612881016245439,0.218,1.2246995995948962,0.2231072467175004,1000.0,,,
Benchmark | Always-short Brown,team,36,structural,covid,24,0.06865790339725321,0.08039777878320245,0.0061363809840958095,-0.01787625637004504,0.0012489687363956138,0.0324239395167467,0.007596929028773753,-0.009708492866003782,0.025921249446731676,0.0012805097226685422,0.0067708256490711174,0.07721817253775869,-0.005223809372179375,-0.0017047226332038892,0.10228825432524986,-0.0005932718750864506,-0.014482835256304102,0.10814775075801113,0.0030760234799193406,-1.0408340855860843e-17,3.0,-0.03025196133915332,-0.001727405528195051,0.026,-1.9692061705685626,0.06109168274677061,-0.006660422890547054,0.1705150057528921,0.072,1.7377095415744441,0.09563580135647147,1000.0,,,
Benchmark | Always-short Brown,team,36,structural,inflation_rates,36,-0.018289386490326312,-0.005299517857157634,-0.004393367657473289,-0.008596500975695389,-0.005045078500972593,0.018470711294306427,0.0010583717571637568,-0.0017037295760880585,0.024519248901129904,-0.0013771644799467956,0.0028692122075459356,0.050433423627065294,0.00203246697217073,-0.002842684415135972,0.06943174959232322,0.0035826782789638773,-0.0018742206910447017,0.11574837701583851,-0.009689720185824858,0.0,4.0,-0.018535722919498038,0.0012863353103948923,0.084,-1.9034944248993986,0.06522539515014188,-0.04449250992413479,0.044943707010129334,0.796,-0.2478666755766851,0.8056860185747027,1000.0,,,
Benchmark | Always-short Brown,team,36,structural,holdout,48,-0.010373957843233701,-0.005116494307607033,-0.00014202546753822585,-0.005115438068088444,-0.0025991072519420512,0.011276362550303344,0.001458315586817979,0.0004450114750702927,-0.00418572946922242,0.00020028715510229258,-0.0005649669052652238,0.01941554710161222,0.0006009111827948969,-0.0012255152144548015,0.026889200007568864,0.0012550534103532769,-0.0011708601714966608,0.09933353440238583,-0.0036565928026066705,8.673617379884035e-19,6.0,-0.01493214258825776,0.006345727067051925,0.456,-0.9476390451487194,0.3481603632959421,-0.04519232274574811,0.03446621038458964,0.796,-0.2952286801233386,0.7691194910158,1000.0,,,
Benchmark | Always-short Brown,team,36,structural,last18,18,-0.010718551615614667,-0.016018618158291864,-0.00030803606421843876,0.0056081026068956165,-0.0024525200750921275,0.014269886057876923,0.0016933598122013938,0.0035793596868422743,-0.021942443872735855,0.0005661150519165834,0.0009066532012724021,-0.019902937422216382,-0.0022609736911637767,0.0032659984512115716,-0.014889628848001475,-0.000837789783180883,0.0003086113426614962,0.09565060986171832,0.0005312525460082439,1.9949319973733282e-17,,,,,,,,,,,,,,,
Benchmark | Always-short Brown,team,36,structural,last12,12,0.013484649030914616,0.01997061270113327,-0.006936788804022201,0.0004508251338035396,-0.006479202389676773,0.02417800056082486,0.003522734681712182,-0.00017348613577170013,-0.007662357414641635,-0.00027354615970270717,0.002709989493741716,-0.03754791809294448,-0.006833721092915883,0.004298443115229875,-0.023598019609838868,-0.0019515562217336743,9.508105028042209e-05,0.11474652373117072,-0.0014007000113821185,6.071532165918825e-18,,,,,,,,,,,,,,,
Benchmark | Always-short Brown,team,36,backward_eom,post2010,199,0.01048927812427717,0.013157616766243664,0.00397711403145342,-0.006645452673419912,-0.0002555182694022178,0.02361830900651483,0.003076884107196459,-0.0028064293906659267,0.0039866652640126315,-3.569968593201261e-05,0.0007914264098592355,-0.036913547154129846,0.0001362276835678046,-0.0036890566125458747,0.05611963679954075,0.0018812204681526454,,,,-2.6020852139652106e-18,12.0,-0.017246496599685714,0.0047486234980867875,0.2708,-1.1776793981544893,0.24033803322928,-0.012627946027433208,0.040529021406431505,0.334,0.994578828220442,0.3211550499573565,5000.0,-0.0006858748106651283,-0.11325675300315277,-0.0010815185415314775
Benchmark | Always-short Brown,team,36,backward_eom,validation,151,0.0171213001536846,0.020219064358737777,0.0012802887055337931,-0.004378052910586966,0.0007048401088545806,0.021945840916881825,0.002865632678982398,-0.0038489209853308365,0.01083615373716463,3.69433903569028e-05,0.00026272828074917553,-0.05478641966761635,0.0008054692163053532,-0.003802233032868506,0.06387350277013581,0.0018740739514755613,,,,-5.204170427930421e-18,12.0,-0.018002501132156994,0.008681927372608611,0.524,-0.6168591119227794,0.5382628123259059,-0.010795515082353716,0.057040880473325256,0.232,1.2456433280998311,0.21483755610823704,1000.0,0.0023055327180086208,-0.16209779180546705,-0.004301830531586422
Benchmark | Always-short Brown,team,36,backward_eom,pre_covid,120,0.012001800334385544,0.012120837484219053,-0.0007369209857951632,0.0006178838359616559,0.00041848842932459953,0.021762063176015745,0.002859317480696707,-5.999619461727699e-05,0.007525848503404231,-1.5126955491842515e-05,0.00020018380899679693,-0.05913696267964848,0.0013885358837181466,-0.0044786972097481965,0.0516261587194903,0.001642744370454181,,,,-1.734723475976807e-18,12.0,-0.014209983176684256,0.015336188532170903,0.938,0.07548917755395523,0.9399522689129897,-0.019881631508203164,0.041873363113084414,0.44,0.7589579928735994,0.44937837873925807,1000.0,0.0045379050020057324,-0.18054766490086224,-0.006612391765172356
Benchmark | Always-short Brown,team,36,backward_eom,covid,24,0.06865790339725321,0.08898882234399355,0.0032124977037920237,-0.023543416650532355,0.004578822592675087,0.014793280973519033,0.00346606573209551,-0.020445462711249057,0.00579149634919103,0.0002860999196500363,0.0019827917591004763,-0.04295886273864621,0.002906167064269416,-0.0008136660246541817,0.09845989131106707,-0.0005710673696041903,,,,-1.0408340855860843e-17,3.0,-0.03516290165004999,-0.007167700207355325,0.014,-3.5702845151194307,0.001623990542577113,0.015982366616275452,0.16754158001592298,0.008,2.5668352943994566,0.017240687193567576,1000.0,-0.008845902266404679,-0.09999344415883661,-0.002874767642618749
Benchmark | Always-short Brown,team,36,backward_eom,inflation_rates,36,-0.018289386490326312,-0.008305807557420835,-7.347840705262845e-05,-0.00991010052585284,-0.0041368508534741655,0.01942662802926242,0.0011131457860767352,-0.0036359557571832473,0.026318627576972505,-0.001478229582239955,-0.00514963528057136,0.023101931378597878,0.0009310078345574938,-0.004112576504557914,0.09140561833125245,0.004716529905892625,,,,-8.673617379884035e-18,4.0,-0.02943642846756831,0.005494947522606441,0.236,-1.379814885242149,0.1763953058169492,-0.05748943271855035,0.052027235936956046,0.742,-0.3276181369470104,0.7451520940637804,1000.0,0.007124917869933847,0.062218910935699694,-0.0053559323513395285
Benchmark | Always-short Brown,team,36,backward_eom,holdout,48,-0.010373957843233701,-0.009056520451810726,0.004880780334860205,-0.00619821772628318,-0.003270055969179818,0.02887961487181868,0.0037348561932979475,-0.000631426003396468,-0.017560683891111373,0.0008402787241896784,-0.00011216391373397735,0.019311530961213106,0.0005976918832495445,-0.0029101904147667253,0.031727266767043794,0.0014808701763517691,,,,0.0,6.0,-0.017814146158390654,0.008970572532578653,0.506,-0.9541818069376827,0.34487361123831917,-0.047219455833712544,0.026136048129509724,0.596,-0.5571410003930081,0.5800748084778277,1000.0,0.0007256185747938083,0.040389014895794266,-0.001772916642228735
Benchmark | Always-short Brown,team,36,backward_eom,last18,18,-0.010718551615614667,-0.026304334033329813,0.005836115527813454,0.009749666889901674,-0.002399763242551702,0.05634044535429347,0.006685732848709488,0.0023441158217101465,-0.05652061389362167,0.0014582318384554348,0.0016478267530168895,-0.005347863100007098,-0.0006075172481608052,0.0019643260680731593,-0.033557528998904504,-0.00188817029833836,,,,1.9081958235744878e-17,,,,,,,,,,,,,0.006193161489653182,-0.03885368763402261,0.0001878383871476966
Benchmark | Always-short Brown,team,36,backward_eom,last12,12,0.013484649030914616,0.0025766925814881426,0.005224450411018482,0.005683506038407988,-0.00751056638361528,0.0748255050373517,0.010902076083942145,-0.00010895064893696365,-0.053726354144770984,-0.0019180308429683297,0.0023774878505588987,-0.00692850004261616,-0.001260987007756139,0.0025989364305260667,-0.04723041584263477,-0.0039059553901858958,,,,3.469446951953614e-18,,,,,,,,,,,,,0.008326598789875265,-0.055808241070684224,0.0014073475679867
Original | Short Brown hold 3m,corrected,36,backward,full_live_1999,329,0.004641139777724736,0.009306946809055321,0.001678042380199537,-0.006343849411530124,0.0003450125281680356,-0.0020154499194581965,-0.00016075571612904005,-0.0010226743499684332,0.026926534780551334,0.0005224893557417624,-0.00362223424338322,0.03151516841394182,0.0005893432284192568,0.00045362397555827967,0.030788918098725682,0.00101103694702551,-0.0024975773219047858,-0.01704156720519032,-0.0002840714348579521,1.734723475976807e-18,12.0,-0.015144560193167744,0.004171546078519763,0.282,-1.2454426945181545,0.21385803161230443,-0.007181830538838235,0.025604198414825616,0.268,1.1540380447098353,0.24932473942257377,1000.0,,,
Original | Short Brown hold 3m,corrected,36,backward,post2010,199,0.007283745244068116,0.01549597921726217,0.0017079812317501,-0.00992021520494415,-0.00041872291170941885,0.0052971097497263465,0.0006900829690437464,-0.0019967796719987255,0.04009147865445123,-0.00035901012543835224,-0.0002554056551953996,0.014914316343524517,-5.504057247580134e-05,-0.0016428517363650914,0.044744192815799895,0.0014998972936464219,-0.0056064552296755145,-0.007782007260586617,-6.79483330259146e-05,-5.204170427930421e-18,12.0,-0.015522016195997664,-0.0034147179402776113,0.0024,-2.83689276523039,0.005029300577142809,-0.0033356634186940295,0.03706669169968851,0.1092,1.59536969767197,0.11222447737746112,5000.0,,,
Original | Short Brown hold 3m,corrected,36,backward,validation,151,0.01777679379264183,0.02483452610556993,0.002010898931595817,-0.009068631244523916,0.0003794302944265278,0.009361771056296467,0.001222436505107342,-0.0016881028138820205,0.03168744470687093,0.00010803110288143755,-0.0008883752552861057,0.011692946445641384,-0.00017190954377035688,-0.0015100342063456191,0.049002816497786546,0.0014377621073628712,-0.005361549263436698,-0.02522429666651408,-0.0005854212399854766,-1.734723475976807e-18,12.0,-0.014819114771078456,-0.0025750239096794165,0.006,-2.1623819813764382,0.03217379427523034,0.005267102876302171,0.050264781346496715,0.014,2.17574496951531,0.03113989637617923,1000.0,,,
Original | Short Brown hold 3m,corrected,36,backward,pre_covid,120,0.006285181022347075,0.013270690683595196,-0.0024548887864049265,-0.004530620874843192,-0.00032644295390486317,-0.0035888723679017563,-0.00047154194041861144,0.00016864510664463782,0.01929783876743669,-3.8788655922547764e-05,-0.0032179173595221983,0.0020019424980490153,-4.7005609854190885e-05,-0.0013305449059183327,0.0348877337247757,0.0011101276871223627,0.00017563923785756454,-0.08598309655140418,-0.003007680267331939,-3.469446951953614e-18,12.0,-0.010652516696271255,0.0032018262459238135,0.264,-1.052247911828592,0.2948178255630711,-0.0034319230055574104,0.03152092128550631,0.116,1.434815474584171,0.15396261602567263,1000.0,,,
Original | Short Brown hold 3m,corrected,36,backward,covid,24,0.08041975583363614,0.08249150007280084,0.01948417600114093,-0.021555920240305646,0.0033654682567722796,0.061021879547296765,0.014297426377931634,-0.01143568821779533,0.05701431840713563,0.002816507329312494,0.005589813609296413,0.042676392761327585,-0.002887057970303811,-0.001995863779947486,0.09938136593227748,-0.0005764119224072107,-0.017079650108631522,0.20510339263332877,0.005833712186607822,1.3877787807814457e-17,3.0,-0.03734666720229047,-0.0037899730832491193,0.01,-2.4236876867649344,0.023635501853323894,0.006852279168146231,0.17059928984132297,0.024,2.0836083575381834,0.04849787564541039,1000.0,,,
Original | Short Brown hold 3m,corrected,36,backward,inflation_rates,36,-0.01174739036793837,0.0079412177087385,-0.011295936859467212,-0.008392671217209654,-0.005619149737778881,0.006615847928613602,0.00037908808630955886,0.00027615413425855737,0.126905373121649,-0.007127851790332616,0.004659984997170015,0.03866619343376821,0.001558247595380858,-0.002394757802677686,0.07622045089603807,0.003932975266235564,-0.005314902808181659,0.11991347784395365,-0.010038396017060578,-3.469446951953614e-18,4.0,-0.01746930863762622,0.0031921932746619263,0.156,-1.7739933540178117,0.08476496598461944,-0.013595067157521224,0.032898272842115404,0.412,0.9185680691463389,0.3646088021746842,1000.0,,,
Original | Short Brown hold 3m,corrected,36,backward,holdout,48,-0.02572563664832002,-0.013881532868872677,-0.0036470302182495347,-0.008197073561197813,-0.0029455950616288553,-0.007489637277192151,-0.0009685973408728741,-0.0016126488848374563,0.06652916878121426,-0.0031834207261810994,0.0012731788717032328,0.02504820914728187,0.0007752420731083723,-0.0018284432588598428,0.03134727248288357,0.0014631339431385906,-0.0030835652275748907,0.047088528162226924,-0.001733388167442524,6.938893903907228e-18,6.0,-0.016140066798764476,0.0019487233306736643,0.126,-1.5220517008812149,0.134696374253646,-0.04220875390949258,0.007963100644695069,0.274,-1.098019050135918,0.27778960302241035,1000.0,,,
Original | Short Brown hold 3m,corrected,36,backward,last18,18,-0.04510691699297664,-0.04390696440178348,-0.00033439829586813443,-0.0008655542953250371,-0.0029315704844742464,-0.010346704678756683,-0.001227808955212459,-0.0018683293893555501,-0.016367670813287154,0.0004222859069828074,0.00029632980790141364,0.016981542984521012,0.0019291032830415836,0.0015019273160252716,-0.023274109184891152,-0.0013095565434698758,0.002136088454578075,-0.0267229845771367,-0.0001484219872101908,1.0516761073109393e-17,,,,,,,,,,,,,,,
Original | Short Brown hold 3m,corrected,36,backward,last12,12,-0.05206545965592006,-0.05279151822051385,-0.00012699258174851138,0.0008530511463422944,-0.005405419132580968,-0.0004978014076181912,-7.252966508997045e-05,0.00033751387429083375,-0.030834921580748242,-0.0011008067004327155,0.0007947176964604179,0.018412678111645448,0.003351107416319466,0.002951695293815765,-0.03368754601118865,-0.002785960055125302,0.002174543414356245,-0.03942001590222625,0.00048119642258001024,7.047314121155779e-18,,,,,,,,,,,,,,,
Original | Short Brown hold 3m,corrected,24,backward,full_live_1999,329,0.004641139777724736,0.00814900733078362,0.0023429393638294965,-0.005850806916888382,0.0009189261176872841,0.006369406581244724,0.000508034710463196,-0.0038843939217015257,0.021636566722844048,0.0004198414649198678,-0.0031501725836024603,0.03303469774385624,0.0006177588887516746,0.00044591834880751077,0.030468831173494623,0.0010005260318114483,-0.0001810848780791904,-0.01219135886420088,-0.00020322173211669004,8.673617379884035e-19,12.0,-0.018363925792787013,0.0076184931305268485,0.396,-0.8634585296344496,0.3885163530957896,-0.01082260063871202,0.02668652062095615,0.408,0.847144286233906,0.3975323930484218,1000.0,,,
Original | Short Brown hold 3m,corrected,24,backward,post2010,199,0.007283745244068116,0.015385973015377969,0.0033594049403067334,-0.011461632711616588,-0.002206278234445697,0.016765745380612724,0.0021841637982075806,-0.0070212438278808055,0.027905057513344468,-0.00024988347984311485,0.0009098324786593105,0.009292316483789734,-3.429285038037799e-05,0.0007630543985084711,0.04553636521317877,0.0015264521862516228,-0.003906997526457866,-0.007677372015994791,-6.703471392897771e-05,1.734723475976807e-18,12.0,-0.02246118516721971,-0.0012835709538435134,0.034,-1.9450913289477259,0.05318008660082702,-0.006955613965905832,0.043763909440282696,0.208,1.2789617605401529,0.2024074325522484,1000.0,,,
Original | Short Brown hold 3m,corrected,24,backward,validation,151,0.01777679379264183,0.026338094117309706,0.004983623999288382,-0.013544924323956258,-0.002083316929602887,0.025425712470819074,0.0033200255492028723,-0.008931119872448908,0.027330641024115285,9.317757615373825e-05,0.0010521475313978726,0.0025851257034899696,-3.8006483852634006e-05,0.0018995972454592697,0.05825526617239222,0.0017092326572858711,-0.0054822322987616075,-0.004343441280410094,-0.00010080529950146604,0.0,12.0,-0.027609338200645643,-0.0001781398334088284,0.048,-1.8148893125339578,0.07153872467335765,0.0004939947348769103,0.059876405011562835,0.048,1.7984587812482162,0.07411517511115931,1000.0,,,
Original | Short Brown hold 3m,corrected,24,backward,pre_covid,120,0.006285181022347075,0.005968873201743073,-5.934592243128287e-05,0.00037565374303528444,-0.00032149450525868745,0.008028134904122993,0.0010548166450527194,-0.0017932623232394212,0.015546232061470018,-3.124792644355475e-05,-0.0007267852053230395,-0.016510849493385518,0.000387674746104692,-0.0007478295060698702,0.04345337536733613,0.0013826864041886356,0.003965025282926303,-0.08156900536228447,-0.002853275791333775,-1.0842021724855044e-19,12.0,-0.007663546271464978,0.009718777587489158,0.946,0.07401101072857856,0.941125889195081,-0.01292845325472972,0.02597091300625071,0.526,0.5972764320705819,0.5514576261655726,1000.0,,,
Original | Short Brown hold 3m,corrected,24,backward,covid,24,0.08041975583363614,0.11400190657781908,0.025312293028281523,-0.058894443772464465,-0.0020237429439636727,0.08570210053230358,0.02008000215471873,-0.042562247517785444,0.030564306837958837,0.0015098767577951635,-0.007177339952878113,0.05330639761345929,-0.003606177798550521,0.012819180040724696,0.0918127373010519,-0.0005325138763461023,-0.019950293398561927,0.27638310152086615,0.007861105790664248,0.0,3.0,-0.09116003188924425,-0.014408369817053939,0.006,-3.3385342566170446,0.002852555878917463,0.013116636856138592,0.22612645543803017,0.018,2.1803582866083815,0.039717545344659745,1000.0,,,
Original | Short Brown hold 3m,corrected,24,backward,inflation_rates,36,-0.01174739036793837,0.009750937715762253,-0.008151123567294654,-0.013347204516405971,-0.015226239143702185,0.00013785642534348098,7.899173172181449e-06,0.0008138446102132259,0.10631781165263811,-0.0059715170878231714,0.010973715128753041,0.051214844011240185,0.002063958213652978,0.00227738092756687,0.060131625083861814,0.003102791854327269,-0.012185906039236923,0.08785012853796868,-0.00735425572062391,1.734723475976807e-18,4.0,-0.034232589411315614,0.005131717548406333,0.21,-1.196370293289159,0.23959387388527062,-0.01738098060439356,0.04531197040342921,0.492,0.6377390136300289,0.5277940682510774,1000.0,,,
Original | Short Brown hold 3m,corrected,24,backward,holdout,48,-0.02572563664832002,-0.01906757461778228,-0.0009094755628168607,-0.005748586467720876,-0.0026272151783456954,-0.010477067757328101,-0.0013549467877164555,-0.0009204656504039181,0.029712076052377943,-0.0014217228391062832,-0.0005011103806736102,0.03039202081348275,0.0009406330441772892,-0.0021187357818312222,0.0055248226123197795,0.0002578710954300257,0.00041894052353357036,-0.018165362455021608,0.0006686899243985631,-1.734723475976807e-18,6.0,-0.017597429698622165,0.008844839452500558,0.46,-0.8907341578397607,0.3776089820857151,-0.04516409984290955,0.004642791707484807,0.112,-1.5868764004659661,0.11924638371174119,1000.0,,,
Original | Short Brown hold 3m,corrected,24,backward,last18,18,-0.04510691699297664,-0.04244922986650246,0.005815703545379176,-0.008473390671853358,-0.00020051330572519232,0.02015371216366469,0.002391573843421542,-0.00441253028312926,-0.04857264455428264,0.0012531742295004884,-0.004374322014653069,0.03773229011826359,0.004286388157434736,-0.0044332866402921585,-0.02891558597802603,-0.0016269836376969313,0.0049472615719463224,-0.0879439536051564,-0.0004884490472806579,-1.734723475976807e-18,,,,,,,,,,,,,,,
Original | Short Brown hold 3m,corrected,24,backward,last12,12,-0.05206545965592006,-0.044931473995215354,0.0039275479780099,-0.0110615336387146,-0.00748240120838776,0.04486281495361522,0.006536512138741738,-0.0004666079770802819,-0.07476767254209474,-0.0026692059097527896,0.0005378106382092354,0.021015832381829958,0.003824881493493046,-0.007216903894352781,-0.06514455284968697,-0.005387454520669113,0.0035665688028969876,-0.13294235219177544,0.0016228147761970168,-6.938893903907228e-18,,,,,,,,,,,,,,,
Original | Short Brown hold 3m,corrected,36,centered,full_live_1999,329,0.004641139777724736,0.0018509811970474526,0.001720234715751064,0.00106992386492622,0.003401647773457259,0.002357052233296847,0.00018800249813155772,-0.0015093567418230866,0.021988701801758166,0.000426674383897946,0.00016155525786868145,0.03253423498845327,0.0006084000831093001,-0.001105346929006231,0.020503143208224304,0.0006732758600740792,0.00012142450442959705,-0.010565400917362374,-0.00017611810946181893,-8.673617379884035e-19,12.0,-0.005050814681749267,0.006740183810249524,0.72,0.35568446724057806,0.7223055182653777,-0.009640214455141311,0.01273090923592166,0.744,0.32361603899968344,0.7464349820937516,1000.0,,,
Original | Short Brown hold 3m,corrected,36,centered,post2010,199,0.007283745244068116,0.0021500209126792515,0.0029723612782933126,0.002161363053095552,0.0007039182548065833,0.01497659131605691,0.0019510810781432763,0.0010561758519301797,0.03418653251304515,-0.0003061326680313892,0.0013109973425185647,0.002539503153171346,-9.371915154216318e-06,-0.0009458204681948106,0.04074781177785578,0.0013659321749131678,3.609207203503573e-05,-0.003338201288867008,-2.914739157752655e-05,-4.336808689942018e-19,12.0,-0.002485344398094168,0.006676125845298241,0.402,0.8687861403416426,0.3860159753877222,-0.012830184277828028,0.02031391006104521,0.834,0.27427227660155556,0.7841613242959501,1000.0,,,
Original | Short Brown hold 3m,corrected,36,centered,validation,151,0.01777679379264183,0.01035190830170961,0.004800288995585874,0.002624596495346343,0.0008730977957642118,0.020230020473356418,0.0026415851634255826,0.0008511281988024678,0.048815549951319134,0.00016642546433734407,0.0016542848320392533,-4.416536619914531e-05,6.493186288880969e-07,-0.0005458936462414682,0.06044351711979459,0.0017734368095863443,-0.0002080206850181212,0.009401342838761173,0.00021819223960771578,2.6020852139652106e-18,12.0,-0.0020174981075005765,0.007253153835196112,0.348,0.9565472831952431,0.3403349226675127,-0.0052606023385203555,0.03019514092353877,0.206,1.153769068062618,0.25042989559745366,1000.0,,,
Original | Short Brown hold 3m,corrected,36,centered,pre_covid,120,0.006285181022347075,0.00020786411571940415,0.0031203817824874145,0.002956935124140258,0.0001536828782132677,0.01781865500829746,0.0023411930815402013,4.989683158443717e-05,0.02134303255128421,-4.289949542808129e-05,0.0016622782461232488,-0.013429214838043104,0.0003153179643972521,6.662951224298898e-05,0.04868331661118568,0.0015491031345679282,0.0010244476559763155,-0.029798051200965788,-0.0010423329025898867,-1.734723475976807e-18,12.0,-0.0022470703687553716,0.008877078572866157,0.346,0.9750128024499604,0.33153175687739145,-0.012802881304799132,0.013625793031430489,0.944,0.030966054516175522,0.9753484871371951,1000.0,,,
Original | Short Brown hold 3m,corrected,36,centered,covid,24,0.08041975583363614,0.06417543325590751,0.019507511496785347,-0.0032631889190567085,-0.002307635326743478,0.0461145645947957,0.010804642484560634,0.003597287496984635,0.15621882791640487,0.007717210099070385,0.0009424856540769646,0.05832640567150001,-0.0039457813436769755,-0.002276670560041861,0.1203747023998352,-0.0006981732739190458,-0.003218656183332969,0.19792763122974608,0.005629613530750346,-4.336808689942018e-18,3.0,-0.009938219837486365,0.002172121423463789,0.342,-1.5579440240458153,0.13290120728401517,0.007140342580397052,0.13465359121844633,0.022,2.284206217253303,0.03191541804460374,1000.0,,,
Original | Short Brown hold 3m,corrected,36,centered,inflation_rates,36,-0.01174739036793837,-0.007127148600523004,-0.0022998191965271798,-0.0023204225708881856,7.819705155000187e-05,-0.02161335894513196,-0.0012384454675560598,-0.002290571901896056,0.03259208067645741,-0.0018305885313276906,0.0016485148011543683,0.017952793705383902,0.0007234975863269708,-2.1055628554602722e-05,0.0034268846040953673,0.0001768272455713209,-0.0017355068931418972,0.0015661724837166746,-0.0001311100295417216,-8.673617379884035e-19,4.0,-0.01005537457113223,0.004315116371662119,0.562,-0.6907296372574899,0.4942912079265582,-0.02222565637179396,0.007861391258969603,0.38,-1.124453468186882,0.2684735778576858,1000.0,,,
Original | Short Brown hold 3m,corrected,36,centered,holdout,48,-0.02572563664832002,-0.023651749831978756,0.0013040732351010313,-0.0033779600514422976,0.00015100855743207815,-0.0015498212412811193,-0.0002004306320286806,-0.0006577531835400621,-0.011833918178191712,0.0005662529848264729,-0.0001399776714914027,0.010667293703690984,0.0003301527401292353,-0.0011298819054822349,-0.02121159461032668,-0.0009900511784369976,-0.0016013558483606758,-0.0434146838570307,0.0015981493206110014,3.903127820947816e-18,6.0,-0.006698450967933279,0.0015381786551006834,0.2,-1.9775465683651188,0.05386078380750245,-0.04979083037728657,-0.0031287490666902064,0.014,-2.06322407684503,0.04463934592093017,1000.0,,,
Original | Short Brown hold 3m,corrected,36,centered,last18,18,-0.04510691699297664,-0.04689887661289012,0.0017919596199134744,1.2037062152420224e-34,-2.407412430484045e-35,0.027022865402593896,0.003206713361107807,0.0,-0.03582161633706851,0.000924197701496365,0.0,0.003722768344023601,0.0004229064838810803,1.2839532962581572e-34,-0.03923916594170825,-0.0022078570703201175,1.6049416203226965e-35,-0.09974638269980765,-0.0005540008562516604,3.0357660829594124e-18,,,,,,,,,,,,,,,
Original | Short Brown hold 3m,corrected,36,centered,last12,12,-0.05206545965592006,-0.05337391895920801,0.0013084593032879348,-1.5648180798146291e-34,1.2037062152420224e-35,0.027022865402593896,0.0039372314891579305,2.407412430484045e-35,-0.035821616337068506,-0.0012788317032333492,0.0,0.0037227683440236013,0.0006775438386122943,-1.925929944387236e-34,-0.03923916594170824,-0.0032450790233792713,0.0,-0.09974638269980764,0.0012175947021303305,1.3444106938820255e-17,,,,,,,,,,,,,,,
Original | Short Brown hold 3m,corrected,24,centered,full_live_1999,329,0.004641139777724736,-0.001493857795019169,0.0022806635590135135,0.0038543340137303936,0.0022246036466693794,0.009006173581276129,0.0007183477344997432,-0.0016383660796039814,0.015575406477364453,0.0003022291639863062,0.0006683601244761923,0.0360758697255583,0.0006746297291778865,0.001429499009396563,0.02187791410812289,0.0007184201606641837,0.00117023731279224,-0.00797652114974898,-0.00013296322931460628,-2.168404344971009e-18,12.0,-0.0035761608160001365,0.01179247697819598,0.314,0.9786997666005539,0.3284496445343237,-0.012073544913052332,0.008204924662503662,0.788,-0.284603792665082,0.7761273054761609,1000.0,,,
Original | Short Brown hold 3m,corrected,24,centered,post2010,199,0.007283745244068116,0.001279994586339555,0.003638461260955973,0.002365289396772589,0.0014639335896994218,0.019273713174352877,0.0025108902477510714,0.0028521303779252914,0.02363498259276527,-0.00021164592452415937,0.0005362743709922108,0.0019429907613711054,-7.170514648999738e-06,-0.002788177294550036,0.04354948865408951,0.0014598488890135695,0.00030112835270570135,-0.012994545772850252,-0.00011346143663550904,-8.673617379884035e-19,12.0,-0.00452169087747925,0.008653323924629969,0.53,0.7257605683891178,0.46884253048941665,-0.010913021778315725,0.015194269218028052,0.878,0.18515155271173375,0.8532996869041947,1000.0,,,
Original | Short Brown hold 3m,corrected,24,centered,validation,151,0.01777679379264183,0.008981964126954158,0.0060031614576063815,0.0027916682080812855,0.0020185106966684654,0.02874717043925648,0.0037537331720854813,0.0029807909258027245,0.04141504816369074,0.00014119514433554888,0.001157378405311755,-0.0018471839356067146,2.715727375527754e-05,-0.003561461598121344,0.06337285687271939,0.0018593848019132187,0.0001964497784196843,0.009552098255012966,0.00022169106551685647,5.204170427930421e-18,12.0,-0.0046307072280116395,0.009426253215065893,0.528,0.7446198371437424,0.4576665725440337,-0.002588876154793781,0.024857456790731536,0.15,1.160699753255516,0.24760793225792724,1000.0,,,
Original | Short Brown hold 3m,corrected,24,centered,pre_covid,120,0.006285181022347075,0.0014144546045872133,0.002914701208045117,0.001956025209714743,-0.00025625027309526154,0.02065952476563265,0.0027144549589564718,0.001694911504939134,0.00540445500548536,-1.086295456102558e-05,-0.0012379529862615883,-0.02555057702935304,0.0005999275486492094,-0.0022567226674534945,0.048187388971698566,0.0015333227170794483,0.004012039631585953,-0.0549498702775231,-0.0019221410620789863,8.673617379884035e-19,12.0,-0.005618500400718612,0.010331169715256947,0.642,0.43143305381606256,0.6669341137888513,-0.008236865492335203,0.012348788968477954,0.802,0.22251860168206822,0.824291662178452,1000.0,,,
Original | Short Brown hold 3m,corrected,24,centered,covid,24,0.08041975583363614,0.05189780521648693,0.03163796771632357,-0.003116017099174366,0.0024509025454073686,0.08625241483835057,0.020208940796625545,0.0033468429693584165,0.20960340824229562,0.010354408367169382,0.016262740540683402,0.11093600200366328,-0.007504820535547822,-0.0067920875793257545,0.15288820710855722,-0.000886751601229634,-0.018384415575297797,0.3328151550136172,0.0094661906893061,4.336808689942018e-18,3.0,-0.01533085241016481,0.012528307477851207,0.686,-0.5181026126595397,0.609335069824429,0.004160839394587546,0.11403455249550361,0.022,2.1104602058653548,0.04590116134135777,1000.0,,,
Original | Short Brown hold 3m,corrected,24,centered,inflation_rates,36,-0.01174739036793837,-0.009500641889984793,-0.0011767397804152838,-0.0010700086975382926,0.0008443660327605424,-0.023933469404497393,-0.0013713877968776988,-0.002240686716990135,0.017000885574777677,-0.0009548830731166791,-0.0006260121753933828,0.030684541363644673,0.0012365870169548795,0.001079643391647071,0.003954669273534678,0.00020406093451438932,-0.00012731922956238777,0.0034775312020904623,-0.00029111686189017475,-1.0842021724855044e-18,4.0,-0.008303473331332282,0.005317696305064052,0.86,-0.3094302108064469,0.7588290095967052,-0.022953281172564677,0.0035375787134693344,0.172,-1.777713087987007,0.0841413389069936,1000.0,,,
Original | Short Brown hold 3m,corrected,24,centered,holdout,48,-0.02572563664832002,-0.022949117926843888,0.002824332771400923,-0.005600851492877054,-0.00031799996774954935,-0.010528204471489729,-0.001361560043275408,-0.0004197053982891056,-0.032298140349104436,0.0015454660157046456,-0.0019619358154063897,0.013866248662280449,0.000429160396097579,0.0007254496166111429,-0.01881152386701698,-0.0008780278764930175,-0.003626659928043152,-0.08392253011050328,0.0030892942793671234,0.0,6.0,-0.010606682837066516,0.0007280123013517573,0.09,-2.2213209163363907,0.031183451239181068,-0.048169893242158146,-0.0032080936490249653,0.016,-2.118482626932396,0.03944921534300785,1000.0,,,
Original | Short Brown hold 3m,corrected,24,centered,last18,18,-0.04510691699297664,-0.042345234691283776,-0.0031706780399919326,0.000408995738299073,-0.00342726671979885,0.004307915693981044,0.0005112059956857502,0.0026371687817647437,-0.0827193681637996,0.002134159698626024,-0.000820912599853598,-0.01756494183314901,-0.0019953773922457238,0.001075534786057769,-0.04589494169352616,-0.0025823553859557393,0.0009444714901290082,-0.22295459859836436,-0.0012383109561022437,-6.938893903907228e-18,,,,,,,,,,,,,,,
Original | Short Brown hold 3m,corrected,24,centered,last12,12,-0.05206545965592006,-0.045695007916609715,-0.0063704517393103465,-6.018531076210112e-36,-6.018531076210112e-36,-0.007933750008820835,-0.0011559473762851955,0.0,-0.07970214492307191,-0.0028453665737536754,0.0,-0.017096638187787058,-0.003111588150177239,0.0,-0.024841660011995646,-0.00205440528299204,0.0,-0.22912076812115242,0.0027968556438978023,-1.734723475976807e-18,,,,,,,,,,,,,,,
Original | Short Brown hold 3m,corrected,36,structural,full_live_1999,329,0.004641139777724736,0.0099090746763595,0.0010020268722480716,-0.006269961770882833,-0.0005898215578565521,0.007292775296627321,0.0005816841708935422,-0.0010055324770130774,0.004839103744197866,9.389920456826503e-05,-0.003666676825392983,0.015119293548841548,0.00028273538489329074,-0.0014060073585276962,0.008297095327912785,0.000272457444026257,0.0003980764479074743,-0.013722770537069459,-0.0002287493321332834,-2.6020852139652106e-18,12.0,-0.014182704921030647,0.001181915695760869,0.124,-1.4662978135131666,0.1435252118180587,-0.004980142203539806,0.025057705379628443,0.196,1.3194816519849049,0.18792841821505601,1000.0,,,
Original | Short Brown hold 3m,corrected,36,structural,post2010,199,0.007283745244068116,0.01076261496515757,0.001071044671967221,-0.004549914393056671,0.00013773979742282125,0.006277154604120749,0.0008177586818136156,-0.0011066744014954111,0.000692047548006947,-6.197129299238089e-06,-0.0020088677109597886,-0.0037004855766996562,1.365646536446353e-05,-9.907538635660397e-05,0.015295676246840821,0.0005127356638564109,-0.0014730366916676889,-0.030568635894844216,-0.00026690900976803107,-4.336808689942018e-18,12.0,-0.00916613496891653,0.00043833065769982745,0.07,-1.7801956389823728,0.07657748637296255,-0.008401741608269574,0.034349882138207374,0.3168,1.0659791071401081,0.2877311943448371,5000.0,,,
Original | Short Brown hold 3m,corrected,36,structural,validation,151,0.01777679379264183,0.02113028911126701,0.00020164695972963337,-0.0035551422783548156,0.00031505646062675064,0.00653110254519617,0.0008528149344645157,-0.0016231785578065393,0.0018591473299805297,6.338338049496501e-06,-0.002864044377361898,-0.007469006482373529,0.0001098092343766175,-0.00026345938098475087,0.016850142387057412,0.0004943898730570805,0.0008804835771716222,-0.05436364390557324,-0.0012617054202180766,2.6020852139652106e-18,12.0,-0.00895531846679687,0.0020583417368551025,0.256,-1.1873051657439586,0.23698408850457084,-0.00027724429969387004,0.049762637429704056,0.052,1.7675087654256811,0.07917640209935088,1000.0,,,
Original | Short Brown hold 3m,corrected,36,structural,pre_covid,120,0.006285181022347075,0.008253355502925608,-0.0011399696085945894,-0.0008282048719839414,0.00037669594666622666,0.005608558216186123,0.0007369084640246942,-0.0013381284267965018,1.3406167963519778e-06,-2.694639760667477e-09,-0.0028946996145138293,-0.01739746850495168,0.00040849256049626555,-0.0009111135757363799,0.010935045164922939,0.00034795313714784784,0.003939040798396543,-0.07528097409670771,-0.002633321075623637,-2.3852447794681098e-18,12.0,-0.005575916772286656,0.00490485565352477,0.778,-0.27721548855893813,0.7820956300500091,-0.007626758072607603,0.02562499109004801,0.314,0.9750675083172915,0.3315047352588885,1000.0,,,
Original | Short Brown hold 3m,corrected,36,structural,covid,24,0.08041975583363614,0.09167795814376023,0.0016088916405971366,-0.012867093950721248,-0.0012774817539624615,0.013048729099261946,0.0030573172279570746,-0.004059471459493748,0.011690432200479073,0.0005775073507036651,-0.0021920430147454135,0.039994843406491606,-0.0027056511564491573,0.004566513341722672,0.051340253360621535,-0.0002977734694916056,-0.009904611064242298,0.034366944244306856,0.0009774916878771602,2.2551405187698492e-17,3.0,-0.024802286047503844,0.000989994620146982,0.104,-1.7534715613354286,0.0928402626631661,0.014263638317844716,0.18183610673330597,0.006,2.112103701086745,0.045746354738242186,1000.0,,,
Original | Short Brown hold 3m,corrected,36,structural,inflation_rates,36,-0.01174739036793837,-0.009109836931754461,-0.0012708376113670765,-0.001366715824816832,0.0005730549325704289,0.0040533697133751075,0.00023225808457639336,0.0007408539861552626,0.0025465014140503128,-0.00014302849608915916,0.0017194705826708903,0.01346654652855972,0.0005427018251009563,0.00025864555790460413,0.01629908972091547,0.000841033029599238,-0.004658740884118018,0.03277603775721121,-0.002743802054554505,-8.673617379884035e-19,4.0,-0.009752837759549068,0.005560055241686035,0.772,-0.43083589750693196,0.6692295063472516,-0.029601978603436056,0.008311480118606836,0.352,-1.1696769803900144,0.2500349283643821,1000.0,,,
Original | Short Brown hold 3m,corrected,36,structural,holdout,48,-0.02572563664832002,-0.021852359952811717,-4.1129545047241924e-05,-0.0038321471504610604,-0.0004210694535802896,0.005478276706154326,0.0007084781350234075,0.0003299631032032883,-0.0029794538494516153,0.00014256686669625966,0.00014016491798814554,0.008154653105732745,0.0002523865136224279,0.0005028170547375765,0.010405584847409449,0.000485680672752836,-0.004384022772809781,0.04428649347224085,-0.0016302417331421734,0.0,6.0,-0.009489532674333941,0.001982636894424086,0.228,-1.320878614658819,0.19293723118444717,-0.04700481030225375,0.0008038986102552752,0.062,-1.9822817876181296,0.05331126047228144,1000.0,,,
Original | Short Brown hold 3m,corrected,36,structural,last18,18,-0.04510691699297664,-0.04005328601065566,0.0005376238001322735,-0.005591254782453262,-0.0016157733672629163,0.006501998456327986,0.0007715704834842539,-0.0002719569582073454,-0.013038213093304935,0.0003363858978072664,-0.0028882578741233713,-0.005187351441832118,-0.0005892831237921275,0.0007095274640113591,-0.004849953182072406,-0.00027289069904460743,-0.0015247940468709879,0.05254524041155316,0.00029184124167748823,3.469446951953614e-18,,,,,,,,,,,,,,,
Original | Short Brown hold 3m,corrected,36,structural,last12,12,-0.05206545965592006,-0.04464333071998373,-0.0024636139444703265,-0.004958514991466016,-0.0032153190240114876,0.009990555416494957,0.0014556239241833152,0.0007579840891723452,-0.008849877410402916,-0.00031594062355138497,-0.002230246599451809,-0.010498710966018648,-0.0019107653958153907,0.0005196082511915916,-0.010304978257261852,-0.0008522217018755552,-0.0007905417083666564,0.06883891446272783,-0.0008403101474113108,6.938893903907228e-18,,,,,,,,,,,,,,,
Original | Short Brown hold 3m,corrected,36,backward_eom,post2010,199,0.007283745244068116,0.011544238283565796,0.0009522275573649171,-0.005212720596862596,-0.0003234754143273139,0.002116758619487613,0.0002757615269270977,-0.0027512627666326436,0.030057973831262828,-0.00026916235862970035,-0.002358990702187794,-0.0011700893170744299,4.31815876612797e-06,-0.0011467258311554178,0.04558989047763459,0.0015282464391869592,,,,-8.673617379884035e-19,12.0,-0.010440207549266623,0.00041556641414439795,0.0696,-1.635822309094437,0.10346540255825888,-0.0077036914698352665,0.03398414201729741,0.2764,1.147616049774185,0.25251183587978776,5000.0,0.0013677341174405722,-0.061464031068971595,-0.0005869362088855673
Original | Short Brown hold 3m,corrected,36,backward_eom,validation,151,0.01777679379264183,0.022820502191679207,6.527887730338271e-05,-0.005108987276340753,0.000367194630793481,0.0033222700055230026,0.0004338136566417094,-0.00260925158651957,0.020582565163422894,7.017155328562946e-05,-0.004013425257604383,-0.006987774491222736,0.0001027341680166522,-0.0009834992480551707,0.051559114817570056,0.001512764915812996,,,,-6.938893903907228e-18,12.0,-0.011295014614287644,0.0009056443389017477,0.126,-1.3570969730985645,0.17678896492755064,0.0022046546747336733,0.04952685179016578,0.032,1.9607020501817483,0.05176617071208812,1000.0,0.0021299941850448888,-0.07740476047975849,-0.0020542054164536046
Original | Short Brown hold 3m,corrected,36,backward_eom,pre_covid,120,0.006285181022347075,0.012730931715292201,-0.003040018415494624,-0.0034057322774505004,-0.000261923187968614,-0.008453956263612826,-0.0011107653134760885,-0.0006669446753767263,0.013505278391179468,-2.7145609566270746e-05,-0.0028019166351794717,-0.0036933109821945783,8.671894186192872e-05,-0.001317980270822748,0.04290538687650562,0.0013652494104104086,,,,-2.168404344971009e-18,12.0,-0.009246401638524459,0.003273875204780136,0.362,-0.8393571102627372,0.4029519910508539,-0.003837706411052178,0.030060062088524752,0.138,1.3977713890263885,0.16478192284770987,1000.0,0.0016430324918970604,-0.09158116808126376,-0.003354075844724602
Original | Short Brown hold 3m,corrected,36,backward_eom,covid,24,0.08041975583363614,0.08752370634914985,0.014720478066722473,-0.021824428582236176,0.0009771807088012605,0.05234546284816716,0.012264541945325568,-0.013037651880215103,0.02943845067018712,0.0014542594631072408,-0.009904142385811028,-0.01905625708261109,0.0012891557916386404,0.0007895664515629522,0.0794099932404313,-0.0004605779607945026,,,,-1.0408340855860843e-17,3.0,-0.03584900343124951,-0.005484768190384422,0.01,-2.5309828426743386,0.01867037155755535,0.01341943413983765,0.1725617155107056,0.01,2.2923845612600444,0.03136469706776134,1000.0,-0.0006493814765742619,0.0060209206753027225,0.00017309882744552792
Original | Short Brown hold 3m,corrected,36,backward_eom,inflation_rates,36,-0.01174739036793837,-0.010277705185319475,-0.001430163865468255,-3.9521317150638694e-05,-0.0038752040939029927,0.003890696332480008,0.00022293689985110416,0.00052627204467622,0.11114609455861925,-0.006242705644375779,-0.00020367515524873347,0.004692254895120722,0.000189097872273365,-0.002321449717043811,0.06945120246391295,0.0035836820471379077,,,,-2.168404344971009e-18,4.0,-0.009361437674140594,0.00935692723657645,0.976,-0.010363246578441013,0.991790320258372,-0.028976130584672525,0.013585780539837868,0.384,-1.3141357342505022,0.1973485095668612,1000.0,0.0058345356043686784,-0.009488909881676763,0.0008168249596451473
Original | Short Brown hold 3m,corrected,36,backward_eom,holdout,48,-0.02572563664832002,-0.023929008594040957,-0.0008028534343553838,-0.0009937746199236777,-0.002500958105038231,-0.001675579282415375,-0.00021669429069836818,-0.001670067012397079,0.0598660302655093,-0.0028645895482046174,0.0020100862978991337,0.017131378626600444,0.0005302161684932827,-0.001334697083400161,0.026811705574920963,0.001251436357709436,,,,-4.336808689942018e-19,6.0,-0.009504933854349248,0.010082651876219473,0.986,-0.21205602787961855,0.8329802762602697,-0.052148364242163604,-0.0016512867244770073,0.028,-1.876592246261403,0.06679029213274983,1000.0,0.0025018612830126595,-0.011317153130871194,0.0004967778783448836
Original | Short Brown hold 3m,corrected,36,backward_eom,last18,18,-0.04510691699297664,-0.05414150500175533,0.002862357314282757,0.006172230694495935,-0.001601114808985301,0.003960861760662066,0.0004700222622652315,-0.0021436530768065565,-0.020397837712252325,0.0005262642129761085,0.00040971765396127167,0.027429757167518998,0.0031160204142301525,0.002418936089739901,-0.027235744506198558,-0.0015324645575487722,,,,-2.6020852139652106e-18,,,,,,,,,,,,,0.007088344836586619,-0.058437197226982644,0.00028251498236003656
Original | Short Brown hold 3m,corrected,36,backward_eom,last12,12,-0.05206545965592006,-0.06733285754630913,0.006763610644270904,0.008503787246118173,-0.004541290152896736,0.020215728514760528,0.002945431644600609,0.0003757563560238134,-0.036426680581782,-0.0013004324967696211,-4.5498052740460725e-05,0.03411020933005268,0.0062080580980695774,0.004277768387696099,-0.03921065519762478,-0.0032427211848435693,,,,-6.938893903907228e-18,,,,,,,,,,,,,0.008437050708035458,-0.08538790968551596,0.002153274583213908
Pure | Short Brown hold 3m,corrected,36,backward,full_live_1999,329,-0.0022232864592902535,0.004126324740345879,0.0011810002664708397,-0.007530611466106974,0.0019872979186210536,-0.010361498903055495,-0.0008264507891015833,-0.0023318294596231756,0.016222930869916337,0.00031479389262475976,-0.004871583805997078,0.028321216194491062,0.0005296153511093819,-0.00034234802125313035,0.02687798962844958,0.0008826110904252822,-0.001972148097854643,0.016823159244256033,0.0002804307214129993,1.734723475976807e-18,12.0,-0.016515873222956164,0.0024456412919329064,0.128,-1.6036677886866033,0.10974975367755992,-0.013278289165110868,0.02308796708645815,0.664,0.47008220681629914,0.6386086802026315,1000.0,,,
Pure | Short Brown hold 3m,corrected,36,backward,post2010,199,0.00752074625353031,0.01691459398041649,0.0011697856454300495,-0.010563633372316228,9.43806753181709e-05,-0.0008671998939479561,-0.00011297479301820081,-0.002613884077288781,0.03661809986713846,-0.0003279068038353806,-0.0009115131638607664,0.021391040240582814,-7.894261282755832e-05,-0.0020524662459220893,0.04773269080046784,0.0016000765517173916,-0.005080150560562761,0.010254097283138792,8.953330339379804e-05,-1.734723475976807e-18,12.0,-0.016370356747319067,-0.0042084695417839695,0.0008,-2.9330435137698623,0.0037523400818879325,-0.0021912171413939596,0.038905347366051266,0.0892,1.7241127925638702,0.08624825543794226,5000.0,,,
Pure | Short Brown hold 3m,corrected,36,backward,validation,151,0.018089132871337038,0.026832847735355665,0.001375965415979752,-0.010119680279998381,0.0010607869302865594,0.0009561731169108061,0.00012485467934274,-0.002326497776723826,0.026382002996077916,8.994341153894596e-05,-0.001708652256071391,0.02294901208421954,-0.00033739607170177083,-0.002080782809485586,0.052186714552209156,0.0015311789414046851,-0.005064534368004137,-0.0014053199932975201,-3.2615544604848284e-05,1.734723475976807e-18,12.0,-0.01669322861010018,-0.00322276097841071,0.0,-2.2728410314166614,0.024456112297634378,0.006314854274939961,0.051754781882020276,0.008,2.338876063053404,0.02066143270061214,1000.0,,,
Pure | Short Brown hold 3m,corrected,36,backward,pre_covid,120,0.005325425148756606,0.01383615654754116,-0.0028956849501054686,-0.005615046448679083,0.0004893272659451675,-0.01408407074977196,-0.0018505060558125367,-0.0005622033290120499,0.012165734190447208,-2.44531257227989e-05,-0.003271609126617007,0.01968476300796977,-0.0004621982354271303,-0.001961974342208563,0.039753883139397046,0.0012649685614956139,-0.00030858691678663057,-0.052129823262599045,-0.0018234960946386168,-2.6020852139652106e-18,12.0,-0.011876106915944358,0.0019064602633876281,0.156,-1.2808074404498968,0.2027519171662267,-0.0033975693140887156,0.033099483573183215,0.122,1.4662249300628984,0.14522456847698562,1000.0,,,
Pure | Short Brown hold 3m,corrected,36,backward,covid,24,0.0871836685717125,0.09066899918811551,0.019900134920822,-0.023385465537225012,0.0033410330355979545,0.06094501555995282,0.014279417145696948,-0.011852436666247378,0.05866871003681764,0.0028982342758187853,0.004374667172435863,0.033378706887436736,-0.002258069520935095,-0.0022019670324545573,0.097357522312511,-0.0005646736294125652,-0.017046762046556894,0.19496073210051681,0.005545226649653927,6.938893903907228e-18,3.0,-0.03935331539949001,-0.005259220138979258,0.01,-2.667129300002838,0.01376637150127111,0.02128165347150836,0.1747573800538461,0.002,2.554567927838943,0.017717951183356673,1000.0,,,
Pure | Short Brown hold 3m,corrected,36,backward,inflation_rates,36,-0.01174739036793837,0.008446452581700785,-0.011499229598021682,-0.008694613351617472,-0.005371368080555643,0.007576151329432847,0.0004341134711765016,-0.00015646863302923135,0.13037606121751366,-0.007322788771717013,0.0035375415009766013,0.021723806080920737,0.0008754693850611051,-0.002472103693136901,0.07786893467572577,0.004018037029267449,-0.004232214445872296,0.11353058513095998,-0.009504060711809724,-1.734723475976807e-18,4.0,-0.01766047900157482,0.002407390052360975,0.122,-1.8115654880560146,0.07864195524817207,-0.013903465506784042,0.03338461912597019,0.384,0.891386061186685,0.37880932481369567,1000.0,,,
Pure | Short Brown hold 3m,corrected,36,backward,holdout,48,-0.02572563664832002,-0.014286579290329678,-0.003790315985183418,-0.0076487413728069265,-0.002952956614700692,-0.006603227490607811,-0.0008539623952228544,-0.001867350872888135,0.06881915460734976,-0.003292996547961683,0.0018198994180001079,0.016489920482475603,0.0005103630389326189,-0.0017205012538624072,0.03372107441478162,0.0015739311483099325,-0.0029278320493558007,0.04693268079859477,-0.0017276512292414316,3.469446951953614e-18,6.0,-0.015511581191864937,0.002550177380231299,0.144,-1.4417023070715502,0.15601676973943346,-0.04243208032824605,0.007465721487211054,0.244,-1.138193816136843,0.26080833683267163,1000.0,,,
Pure | Short Brown hold 3m,corrected,36,backward,last18,18,-0.04510691699297664,-0.04390696440178348,-0.00033439829586813443,-0.0008655542953250371,-0.0029315704844742464,-0.010346704678756683,-0.001227808955212459,-0.0018683293893555501,-0.016367670813287154,0.0004222859069828074,0.00029632980790141364,0.016981542984521012,0.0019291032830415836,0.0015019273160252716,-0.023274109184891152,-0.0013095565434698758,0.002136088454578075,-0.0267229845771367,-0.0001484219872101908,1.0516761073109393e-17,,,,,,,,,,,,,,,
Pure | Short Brown hold 3m,corrected,36,backward,last12,12,-0.05206545965592006,-0.05279151822051385,-0.00012699258174851138,0.0008530511463422944,-0.005405419132580968,-0.0004978014076181912,-7.252966508997045e-05,0.00033751387429083375,-0.030834921580748242,-0.0011008067004327155,0.0007947176964604179,0.018412678111645448,0.003351107416319466,0.002951695293815765,-0.03368754601118865,-0.002785960055125302,0.002174543414356245,-0.03942001590222625,0.00048119642258001024,7.047314121155779e-18,,,,,,,,,,,,,,,
Pure | Short Brown hold 3m,corrected,24,backward,full_live_1999,329,-0.0022232864592902535,0.004803566311716123,0.00158851530820248,-0.00861536807920886,0.0034409269980961504,-0.0020716287856228344,-0.00016523663811793352,-0.0049636926748773645,0.012419165786742669,0.0002409846637767941,-0.004059974229600403,0.029601735917984796,0.0005535614591544362,-0.0017280017135412724,0.017610425010401946,0.0005782856767245545,-0.0013046264592859703,0.022851562961415838,0.00038092014666462904,3.469446951953614e-18,12.0,-0.020812618462370234,0.0025254709829165153,0.164,-1.3975931051576702,0.1631798356743221,-0.014869764888749177,0.02551377480706098,0.648,0.4791770758441548,0.632131968537677,1000.0,,,
Pure | Short Brown hold 3m,corrected,24,backward,post2010,199,0.00752074625353031,0.018319835391430145,0.0023886134763959296,-0.013187702614295773,-0.002037881283267689,0.010030137408555887,0.0013066799311021585,-0.007800590924593264,0.024512294446821754,-0.0002195020537901325,0.0006933408390191241,0.010504540316189939,-3.876650456386901e-05,0.0002827264124452349,0.038524853421381865,0.0012914150361977596,-0.0043252976578991775,0.0055875000343854515,4.878706745001323e-05,8.673617379884035e-18,12.0,-0.02388185164838895,-0.002657637782469675,0.014,-2.182363733948031,0.030259542692611135,-0.0054852904103009125,0.04718083892663865,0.152,1.498418280842347,0.13561720460711268,1000.0,,,
Pure | Short Brown hold 3m,corrected,24,backward,validation,151,0.018089132871337038,0.030417227509039697,0.0038563656926874947,-0.016184460330390164,-0.0019053447644195778,0.01647514132122502,0.002151282493105019,-0.00994660107067833,0.022842974453634115,7.787790230947536e-05,0.0006027383039275316,0.006174169730189568,-9.077256159616454e-05,0.0012826310044120636,0.04855901787607207,0.0014247408794579451,-0.0062178838036318455,0.012634827807827029,0.0002932369794112194,1.0408340855860843e-17,12.0,-0.030276781303595363,-0.0025486923470328855,0.02,-2.107560506930688,0.03673221546504439,0.0039449769888521505,0.06256985086746661,0.028,2.061995600739978,0.04093361151356792,1000.0,,,
Pure | Short Brown hold 3m,corrected,24,backward,pre_covid,120,0.005325425148756606,0.008949942771866618,-0.0011172726446808858,-0.0025072449784291242,-0.0005467754933849759,-0.0025429849282388186,-0.00033412278972129813,-0.0029528411924389397,0.009553121487581561,-1.920177419003895e-05,-6.49000232856748e-05,-0.007263706681970022,0.00017055183289265612,-0.0013205016811594415,0.032465887888087096,0.0010330645525989312,0.002377773411839907,-0.056248427504469255,-0.001967564466261136,-2.168404344971009e-18,12.0,-0.010598998617807947,0.007119432175799416,0.638,-0.4613085890400426,0.6454193080900511,-0.010381221883809954,0.029723270048384924,0.402,0.8546649670753996,0.39445400505670897,1000.0,,,
Pure | Short Brown hold 3m,corrected,24,backward,covid,24,0.0871836685717125,0.12253625531355306,0.025876004172569904,-0.06122859091441045,-0.002055363669690098,0.08600608084627792,0.02015122474228292,-0.04316097793063725,0.03290645378641168,0.0016255788170487335,-0.008690738174393461,0.04234739270912547,-0.0028648011167723385,0.012646218928838234,0.08996508611543785,-0.0005217974994695408,-0.01996773006852788,0.2631879615286803,0.007485799229480129,-6.938893903907228e-18,3.0,-0.09327344412626859,-0.016995240024527323,0.006,-3.516179602177105,0.0018534733813838594,0.02844383113878874,0.2279361254979162,0.002,2.565260371386528,0.017301280661185248,1000.0,,,
Pure | Short Brown hold 3m,corrected,24,backward,inflation_rates,36,-0.01174739036793837,0.010342212570260662,-0.008791440227401876,-0.01329816271079716,-0.013665604683207596,-0.0020606750771919786,-0.00011807668192310022,0.0008018254709104794,0.10597897531557492,-0.005952485780224788,0.009462129374518995,0.03439794187184553,0.001386237057435374,0.0015519878369435593,0.05923027173377952,0.0030562820214630228,-0.0114485007099626,0.08557022728519942,-0.007163396844152383,3.469446951953614e-18,4.0,-0.03594775828349728,0.006316898523206875,0.252,-1.0890900650992532,0.28355647197633027,-0.0173230690249421,0.04967971060742133,0.51,0.6079597995888316,0.5471391914043273,1000.0,,,
Pure | Short Brown hold 3m,corrected,24,backward,holdout,48,-0.02572563664832002,-0.01973654397854989,-0.0010671363354922958,-0.004921956334277831,-0.002480213068914535,-0.010244770733382418,-0.0013249049750946801,-0.0007804176078408385,0.029763696925391183,-0.0014241928978799667,0.0003564614574100921,0.024127164451316102,0.0007467357397682318,-0.002315626026569933,0.006959044407668916,0.0003248133977279467,0.00029783891163738356,-0.016582218586232784,0.0006104123999861725,-2.6020852139652106e-18,6.0,-0.01600413709930357,0.009584878839766588,0.522,-0.778507898936387,0.44017159598006117,-0.04624827452150669,0.003887944648588279,0.096,-1.6721527722770122,0.10113957639965418,1000.0,,,
Pure | Short Brown hold 3m,corrected,24,backward,last18,18,-0.04510691699297664,-0.04244922986650246,0.005815703545379176,-0.008473390671853358,-0.00020051330572519232,0.02015371216366469,0.002391573843421542,-0.00441253028312926,-0.04857264455428264,0.0012531742295004884,-0.004374322014653069,0.03773229011826359,0.004286388157434736,-0.0044332866402921585,-0.02891558597802603,-0.0016269836376969313,0.0049472615719463224,-0.0879439536051564,-0.0004884490472806579,-1.734723475976807e-18,,,,,,,,,,,,,,,
Pure | Short Brown hold 3m,corrected,24,backward,last12,12,-0.05206545965592006,-0.044931473995215354,0.0039275479780099,-0.0110615336387146,-0.00748240120838776,0.04486281495361522,0.006536512138741738,-0.0004666079770802819,-0.07476767254209474,-0.0026692059097527896,0.0005378106382092354,0.021015832381829958,0.003824881493493046,-0.007216903894352781,-0.06514455284968697,-0.005387454520669113,0.0035665688028969876,-0.13294235219177544,0.0016228147761970168,-6.938893903907228e-18,,,,,,,,,,,,,,,
Pure | Short Brown hold 3m,corrected,36,centered,full_live_1999,329,-0.0022232864592902535,-0.0024014391853854145,0.0013040403210679255,-0.001125887594972765,0.00382271266816063,-0.007044732995520357,-0.0005618998947575892,-0.002296803499231984,0.017048498463959675,0.0003308134170027923,0.00012217572293196343,0.03382190125734191,0.0006324798337254414,-0.001996302236668997,0.019894320312559943,0.0006532835225798559,-0.0007776702501643778,0.014959419859667603,0.0002493634425174255,4.336808689942018e-19,12.0,-0.007253421430994154,0.004653270491321435,0.712,-0.3411132642351537,0.7332367194772555,-0.017418358179563918,0.01161059067165129,0.806,-0.3457537082392527,0.72974947014099,1000.0,,,
Pure | Short Brown hold 3m,corrected,36,centered,post2010,199,0.00752074625353031,0.004378075317656901,0.002081852494825456,0.001060818441047951,0.0007263500435768967,0.008248860009328604,0.001074623346582121,0.00037452749527486896,0.0387159209972012,-0.00034669231767342983,0.000951401016933672,0.005179102579337167,-1.9113230825453452e-05,-0.0007213329634651335,0.03752848479749765,0.0012580151577243587,-0.00027012715127235293,0.0131729925943134,0.0001150195390178602,1.3010426069826053e-18,12.0,-0.0034755008054227353,0.006219670659290255,0.722,0.40113283327884475,0.6887548879479068,-0.01215236166185413,0.022000925792228718,0.636,0.5427975474159957,0.587879673700626,1000.0,,,
Pure | Short Brown hold 3m,corrected,36,centered,validation,151,0.018089132871337038,0.013110934049733633,0.0039683406315389426,0.0010098581900644644,0.0009047935674185701,0.011364426448347788,0.001483938206406377,-9.31341573485719e-05,0.05450632589731509,0.00018582686471481897,0.001361176355149683,0.0038893144975070937,-5.718065022825001e-05,-0.0003218443681881405,0.0559273277539052,0.001640930019078819,-0.0008411332069670764,0.030800023452398583,0.0007148261915671785,-2.168404344971009e-18,12.0,-0.0042669483656357764,0.006253400457515597,0.772,0.3443386926622128,0.7310738586262929,-0.003926384713367038,0.03313600360172003,0.134,1.4233551176527344,0.1567098619547155,1000.0,,,
Pure | Short Brown hold 3m,corrected,36,centered,pre_covid,120,0.005325425148756606,0.002421671119155283,0.0022527878721288383,0.0006509661574724875,0.0002588344523309388,0.0063802811456674146,0.0008383051397292411,-0.0011228505600906278,0.027540165170403356,-5.535573199251077e-05,0.0009724366678955363,-0.0024896875665563535,5.845786406274319e-05,0.00031576880961793825,0.04315781123571285,0.0013732815535203826,0.00022677678771870213,0.0010891696354410501,3.809904680898202e-05,-3.0357660829594124e-18,12.0,-0.004413578565016064,0.0064875578450350885,0.882,0.21695923732368755,0.8286116381414435,-0.012306282920239848,0.01734276743937262,0.774,0.31507262277950415,0.753258330911967,1000.0,,,
Pure | Short Brown hold 3m,corrected,36,centered,covid,24,0.0871836685717125,0.06855055970594862,0.020878172074452833,-0.0022450632086889475,-0.0023210987152329143,0.04670267816321264,0.010942437493640725,0.0035453053269961852,0.1591228453844835,0.007860668561993469,0.0032662517832567238,0.033286280153868586,-0.00225181685240921,-0.002362635728704731,0.11712005797205434,-0.0006792963362379168,-0.0043728858750042105,0.17600874138748188,0.005006179207465765,8.673617379884035e-19,3.0,-0.008647877180353657,0.0027627366366063675,0.486,-1.1575764325625262,0.25891730380101485,0.018275959648908775,0.13393197903341353,0.002,2.91514678928858,0.007792364601962057,1000.0,,,
Pure | Short Brown hold 3m,corrected,36,centered,inflation_rates,36,-0.01174739036793837,-0.005107066617821338,-0.0027153836316626866,-0.003924940118454344,-9.774574054124269e-05,-0.02106692539416902,-0.0012071348250858834,-0.002255792688262858,0.03503641331031484,-0.0019678785475960156,0.0002928599370707849,0.01277223886237676,0.0005147212261537831,0.0002795658943821761,0.0062192746661012994,0.00032091457277082697,-0.002143827521103204,0.004491573555895029,-0.00037600605790539783,-2.6020852139652106e-18,4.0,-0.012555746568268753,0.0034368572118036976,0.374,-1.047871822366481,0.3018802443710548,-0.020283844384594428,0.010382559109916856,0.538,-0.7618483818555719,0.4512539974144176,1000.0,,,
Pure | Short Brown hold 3m,corrected,36,centered,holdout,48,-0.02572563664832002,-0.023094042777001143,0.0012159174307770802,-0.0038475113020959577,0.00015272080185039084,-0.0015521927467525814,-0.0002007373269737774,-0.000700539024339229,-0.010958061084407084,0.0005243432228888785,-0.0005229149356352674,0.00923656092009425,0.0002858715604769165,-0.0009747360150767003,-0.0203512086695344,-0.0009498926646505181,-0.0018020421288951522,-0.042278708646746266,0.0015563326390355809,1.3010426069826053e-18,6.0,-0.007036971110318633,0.001067044355809082,0.136,-2.3149747505861584,0.025030613889532666,-0.048980822989151476,-0.002816958864537377,0.018,-2.005911537398603,0.05064070759637398,1000.0,,,
Pure | Short Brown hold 3m,corrected,36,centered,last18,18,-0.04510691699297664,-0.04689887661289012,0.0017919596199134744,1.2037062152420224e-34,-2.407412430484045e-35,0.027022865402593896,0.003206713361107807,0.0,-0.03582161633706851,0.000924197701496365,0.0,0.003722768344023601,0.0004229064838810803,1.2839532962581572e-34,-0.03923916594170825,-0.0022078570703201175,1.6049416203226965e-35,-0.09974638269980765,-0.0005540008562516604,3.0357660829594124e-18,,,,,,,,,,,,,,,
Pure | Short Brown hold 3m,corrected,36,centered,last12,12,-0.05206545965592006,-0.05337391895920801,0.0013084593032879348,-1.5648180798146291e-34,1.2037062152420224e-35,0.027022865402593896,0.0039372314891579305,2.407412430484045e-35,-0.035821616337068506,-0.0012788317032333492,0.0,0.0037227683440236013,0.0006775438386122943,-1.925929944387236e-34,-0.03923916594170824,-0.0032450790233792713,0.0,-0.09974638269980764,0.0012175947021303305,1.3444106938820255e-17,,,,,,,,,,,,,,,
Pure | Short Brown hold 3m,corrected,24,centered,full_live_1999,329,-0.0022232864592902535,-0.005616666423938721,0.0015425042794859707,0.0018508756851624956,0.0020143977565064784,-0.0008936959819612519,-7.128271270587956e-05,-0.0024678697988279744,0.011743309688522404,0.00022787017948792425,0.0020877490718660043,0.03451332843019326,0.0006454097320179965,0.00037154771194339135,0.012973131707799526,0.00042600767695557125,-0.00015494905632540336,0.018866954107311762,0.0003144994037303583,1.3010426069826053e-18,12.0,-0.0068158503717993995,0.0108094128379674,0.688,0.3933052854011517,0.694349533496165,-0.018623471433921908,0.0065102305813793965,0.394,-0.9127070151621273,0.36206701187722473,1000.0,,,
Pure | Short Brown hold 3m,corrected,24,centered,post2010,199,0.00752074625353031,0.002568029900728931,0.002318987838792662,0.002633728514008723,0.001347894677068467,0.011694895124517967,0.001523556869970368,0.0023932727867240168,0.027672699183473974,-0.00024780276354246546,0.0008810381454723859,0.00012633488351799062,-4.662328565608685e-07,-0.0016365349942373281,0.031153522869964218,0.0010443161827183786,-0.0003519421010188187,-7.057434410321267e-05,-6.162174970586064e-07,-6.071532165918825e-18,12.0,-0.00389736064514854,0.008862710454425137,0.428,0.8315501978822657,0.4066645878764304,-0.011301244473039406,0.017065321960318937,0.756,0.3506467321869833,0.7262261646502917,1000.0,,,
Pure | Short Brown hold 3m,corrected,24,centered,validation,151,0.018089132871337038,0.010679441130685849,0.004668274963738445,0.0027414167769127425,0.0018686026761697522,0.018759191684838295,0.002449528041644328,0.0023102794001088212,0.04673627731303532,0.00015933665934271825,0.001585372852450821,-0.004241319827611794,6.235582792912707e-05,-0.002112040280380012,0.04703645163403771,0.0013800681809234482,-0.0009107978714366399,0.026584351992235883,0.0006169862538988235,1.734723475976807e-18,12.0,-0.004097301198837305,0.009500280514489543,0.5,0.7597045131119076,0.44862355236978735,-0.003137013777649782,0.027568352053125623,0.156,1.2865036069905509,0.2002494068860149,1000.0,,,
Pure | Short Brown hold 3m,corrected,24,centered,pre_covid,120,0.005325425148756606,0.001211796668710628,0.0014623157954164953,0.002651312684629485,-0.00023875130930390182,0.00869008155428886,0.0011417898154180125,0.0007671657060448826,0.01173355652983902,-2.3584448624976445e-05,0.0008837143700359265,-0.0213263264041076,0.0005007421439684465,-0.0007990175468851335,0.028270681955171625,0.0008995730998135609,0.002038201464737711,-0.030194619283916282,-0.0010562048151585481,-2.168404344971009e-18,12.0,-0.004848863914885544,0.010069272742094489,0.512,0.6181511510937793,0.5376570014635619,-0.01074946362428118,0.014150560894933686,0.908,0.16819925905437313,0.8667120589954042,1000.0,,,
Pure | Short Brown hold 3m,corrected,24,centered,covid,24,0.0871836685717125,0.05991309780899863,0.032397200336487936,-0.005126629573774071,0.002267371203770755,0.0824625433911675,0.01932097391655055,0.004307367647796503,0.21027951904321732,0.010387808240734915,0.010358218281980545,0.07977213230473384,-0.005396584750415245,-0.005776956127333322,0.1466794844291304,-0.0008507410096889583,-0.016282630579988553,0.31416555000122687,0.008935743939306682,7.806255641895632e-18,3.0,-0.015014773331452125,0.006586093496262983,0.404,-1.3804416020851995,0.18072063135182725,0.016633896061664974,0.11768835660438202,0.008,2.7729308085504014,0.010821532317779822,1000.0,,,
Pure | Short Brown hold 3m,corrected,24,centered,inflation_rates,36,-0.01174739036793837,-0.007048670844196045,-0.0013346056915396138,-0.0033641138322027153,0.0006129793366576793,-0.02340276639959459,-0.0013409785146967681,-0.002461389385142058,0.01777274000273523,-0.0009982355634869616,-0.0027590399319370597,0.027337549087313767,0.0011017032282187441,0.0015979029142462176,0.005960696919327571,0.0003075719610373026,-0.00035456676602749464,0.004833939962790818,-0.00040466680261193067,3.0357660829594124e-18,4.0,-0.011741077557900107,0.004011684009348401,0.488,-0.8075013858554194,0.4248317644819049,-0.021245486581398954,0.006213882316599405,0.334,-1.2367405979964594,0.22441804221449527,1000.0,,,
Pure | Short Brown hold 3m,corrected,24,centered,holdout,48,-0.02572563664832002,-0.022949117926843888,0.002824332771400923,-0.005600851492877054,-0.00031799996774954935,-0.010528204471489729,-0.001361560043275408,-0.0004197053982891056,-0.032298140349104436,0.0015454660157046456,-0.0019619358154063897,0.013866248662280449,0.000429160396097579,0.0007254496166111429,-0.01881152386701698,-0.0008780278764930175,-0.003626659928043152,-0.08392253011050328,0.0030892942793671234,0.0,6.0,-0.010606682837066516,0.0007280123013517573,0.09,-2.2213209163363907,0.031183451239181068,-0.048169893242158146,-0.0032080936490249653,0.016,-2.118482626932396,0.03944921534300785,1000.0,,,
Pure | Short Brown hold 3m,corrected,24,centered,last18,18,-0.04510691699297664,-0.042345234691283776,-0.0031706780399919326,0.000408995738299073,-0.00342726671979885,0.004307915693981044,0.0005112059956857502,0.0026371687817647437,-0.0827193681637996,0.002134159698626024,-0.000820912599853598,-0.01756494183314901,-0.0019953773922457238,0.001075534786057769,-0.04589494169352616,-0.0025823553859557393,0.0009444714901290082,-0.22295459859836436,-0.0012383109561022437,-6.938893903907228e-18,,,,,,,,,,,,,,,
Pure | Short Brown hold 3m,corrected,24,centered,last12,12,-0.05206545965592006,-0.045695007916609715,-0.0063704517393103465,-6.018531076210112e-36,-6.018531076210112e-36,-0.007933750008820835,-0.0011559473762851955,0.0,-0.07970214492307191,-0.0028453665737536754,0.0,-0.017096638187787058,-0.003111588150177239,0.0,-0.024841660011995646,-0.00205440528299204,0.0,-0.22912076812115242,0.0027968556438978023,-1.734723475976807e-18,,,,,,,,,,,,,,,
Pure | Short Brown hold 3m,corrected,36,structural,full_live_1999,329,-0.0022232864592902535,-0.0003602034264430914,0.001183652090257223,-0.0030467351231043853,-0.0006852515713128812,0.007522039304184862,0.0005999706583729402,2.8197400801270375e-05,0.007294892502217631,0.00014155195663877624,-0.0035550329814716336,0.0142223782855617,0.00026596279685133656,0.000759074150406248,0.010776588356693222,0.00035387826738714554,0.0004062778784726111,-0.010660994437822756,-0.00017771158899297572,0.0,12.0,-0.012218699907550118,0.00631657958197516,0.608,-0.6280357272756336,0.5304175591711122,-0.016870210247537504,0.01729278825634671,0.954,-0.04186370773507936,0.9666328197236917,1000.0,,,
Pure | Short Brown hold 3m,corrected,36,structural,post2010,199,0.00752074625353031,0.009456302605942818,0.0009763862517983704,-0.0029119426042108765,0.0006085896896965444,0.005870567969159663,0.0007647904547078912,-0.0006203318735497125,0.0005397050772085793,-4.832936922541148e-06,-0.001414224620265341,-0.004003377527118742,1.4774273647819199e-05,-3.656725162995715e-05,0.014619566544631027,0.0004900713794267571,-0.0014494085484624104,-0.03303190024333699,-0.000288416919061556,-2.6020852139652106e-18,12.0,-0.008095618122116269,0.0031097092473233194,0.3444,-1.0057968678848455,0.3157408729962943,-0.009530939618552845,0.03306659495521022,0.3876,0.9348514046618721,0.3510036017349331,5000.0,,,
Pure | Short Brown hold 3m,corrected,36,structural,validation,151,0.018089132871337038,0.019408725141176045,3.537833655951634e-05,-0.0013549706063985248,0.0009357423694204566,0.0059952698275984465,0.0007828472466538017,-0.000979754760874076,0.0016583781134979132,5.653861277011399e-06,-0.0020847712030481456,-0.007868181966700673,0.00011567790706010266,-0.00018480670320378836,0.01595911039540345,0.00046824664036950635,0.0009586196913070285,-0.05760993268272598,-0.0013370473188009057,1.734723475976807e-18,12.0,-0.007320505988653315,0.00519746163311193,0.686,-0.40028953826892816,0.6895127787008897,-0.0023377909660709634,0.04871065071576808,0.098,1.6104946569052694,0.10939228225745377,1000.0,,,
Pure | Short Brown hold 3m,corrected,36,structural,pre_covid,120,0.005325425148756606,0.005819251765397049,-0.0016174958041517981,0.0011236691875113588,0.0011287493307138748,0.004285597216242002,0.0005630846182420363,-0.0006474561396071098,-0.001294174939226449,2.6012916278451638e-06,-0.002247618933705243,-0.019426384931483194,0.00045613151819122547,-0.0010837965633755972,0.00761541526706865,0.0002423225137981244,0.003973791493485434,-0.08237975534382122,-0.0028816357460110294,-3.469446951953614e-18,12.0,-0.004375522203052162,0.007944185088094843,0.68,0.33000387347295423,0.7419772598154653,-0.009979758764167224,0.02366829734794798,0.524,0.6832086630495247,0.4958030294117438,1000.0,,,
Pure | Short Brown hold 3m,corrected,36,structural,covid,24,0.0871836685717125,0.09301697018624738,0.0024749215154551453,-0.008308223129990034,-0.0014636516802995782,0.01629225325076354,0.0038172749366538984,-0.003739542867550236,0.016904836993556615,0.000835098947481695,-0.00020941099899475556,0.047627946450257586,-0.003222030577359926,0.0063522073466556125,0.06233232656907012,-0.00036152749410060754,-0.009247824929801076,0.0494362835902885,0.0014061057027800843,8.673617379884035e-18,3.0,-0.022513432106286136,0.008600335294325117,0.432,-0.924287036105877,0.3649331704055345,0.01728018525587791,0.18277627544114813,0.01,2.19373575056042,0.038623699632090704,1000.0,,,
Pure | Short Brown hold 3m,corrected,36,structural,inflation_rates,36,-0.01174739036793837,-0.009109836931754461,-0.0012708376113670765,-0.001366715824816832,0.0005730549325704289,0.0040533697133751075,0.00023225808457639336,0.0007408539861552626,0.0025465014140503128,-0.00014302849608915916,0.0017194705826708903,0.01346654652855972,0.0005427018251009563,0.00025864555790460413,0.01629908972091547,0.000841033029599238,-0.004658740884118018,0.03277603775721121,-0.002743802054554505,-8.673617379884035e-19,4.0,-0.009752837759549068,0.005560055241686035,0.772,-0.43083589750693196,0.6692295063472516,-0.029601978603436056,0.008311480118606836,0.352,-1.1696769803900144,0.2500349283643821,1000.0,,,
Pure | Short Brown hold 3m,corrected,36,structural,holdout,48,-0.02572563664832002,-0.021852359952811717,-4.1129545047241924e-05,-0.0038321471504610604,-0.0004210694535802896,0.005478276706154326,0.0007084781350234075,0.0003299631032032883,-0.0029794538494516153,0.00014256686669625966,0.00014016491798814554,0.008154653105732745,0.0002523865136224279,0.0005028170547375765,0.010405584847409449,0.000485680672752836,-0.004384022772809781,0.04428649347224085,-0.0016302417331421734,0.0,6.0,-0.009489532674333941,0.001982636894424086,0.228,-1.320878614658819,0.19293723118444717,-0.04700481030225375,0.0008038986102552752,0.062,-1.9822817876181296,0.05331126047228144,1000.0,,,
Pure | Short Brown hold 3m,corrected,36,structural,last18,18,-0.04510691699297664,-0.04005328601065566,0.0005376238001322735,-0.005591254782453262,-0.0016157733672629163,0.006501998456327986,0.0007715704834842539,-0.0002719569582073454,-0.013038213093304935,0.0003363858978072664,-0.0028882578741233713,-0.005187351441832118,-0.0005892831237921275,0.0007095274640113591,-0.004849953182072406,-0.00027289069904460743,-0.0015247940468709879,0.05254524041155316,0.00029184124167748823,3.469446951953614e-18,,,,,,,,,,,,,,,
Pure | Short Brown hold 3m,corrected,36,structural,last12,12,-0.05206545965592006,-0.04464333071998373,-0.0024636139444703265,-0.004958514991466016,-0.0032153190240114876,0.009990555416494957,0.0014556239241833152,0.0007579840891723452,-0.008849877410402916,-0.00031594062355138497,-0.002230246599451809,-0.010498710966018648,-0.0019107653958153907,0.0005196082511915916,-0.010304978257261852,-0.0008522217018755552,-0.0007905417083666564,0.06883891446272783,-0.0008403101474113108,6.938893903907228e-18,,,,,,,,,,,,,,,
Pure | Short Brown hold 3m,corrected,36,backward_eom,post2010,199,0.00752074625353031,0.012292204541763097,0.0005520108399445559,-0.005323469128177339,0.00025994211956253293,-0.0022334444857538046,-0.0002909628221320111,-0.0031017883704995636,0.029482366662898305,-0.000264007926599421,-0.002778730869252996,0.007851688232165328,-2.8976280591468587e-05,-0.001341678121427174,0.04515237243504674,0.001513580130852813,,,,-4.336808689942018e-18,12.0,-0.010634440583243822,4.257174951755617e-05,0.0532,-1.6702375119820652,0.09645241349132827,-0.0077227321474374186,0.0355598535829294,0.2524,1.2047279070017942,0.2297463655604529,5000.0,0.0016387861134398605,-0.039544649089698396,-0.00037762226158535655
Pure | Short Brown hold 3m,corrected,36,backward_eom,validation,151,0.018089132871337038,0.02385393179792287,-0.00021576003203230471,-0.005549038894553516,0.0011495087862503001,-0.0025789793889209314,-0.0003367566384584885,-0.002918104765782194,0.01890514936150247,6.445278735961205e-05,-0.004478051050162721,0.007466076679182949,-0.00010976616044891493,-0.0012922249757704768,0.05008784254583481,0.001469597202748785,,,,-9.540979117872439e-18,12.0,-0.0118880425900652,0.0002596239539368417,0.062,-1.4629517338143312,0.1455727901400912,0.002592782410865986,0.04947461273617085,0.03,2.0222519859606387,0.044927664463656855,1000.0,0.0019898331109115754,-0.04910932204865085,-0.0013032872232332986
Pure | Short Brown hold 3m,corrected,36,backward_eom,pre_covid,120,0.005325425148756606,0.012030780118874254,-0.0031421426168232063,-0.00356321235329444,0.0006979712432602836,-0.015851173383462595,-0.002082685670853149,-0.000960299985602376,0.010882956743394437,-2.187474305422283e-05,-0.002423600797238171,0.01771271514400443,-0.0004158945515812241,-0.0016254559759724106,0.04168506536605883,0.0013264187799479918,,,,-1.3010426069826053e-18,12.0,-0.009264184492398301,0.0029651386803338496,0.322,-0.9104607008705314,0.36442010401968417,-0.005108272226492029,0.03145923825190871,0.2,1.28217951030293,0.2022718950950636,1000.0,0.0007481731622582329,-0.053191958316652764,-0.0019481064312826023
Pure | Short Brown hold 3m,corrected,36,backward_eom,covid,24,0.0871836685717125,0.0954634248591332,0.015193525128649809,-0.023473281416070507,0.0009410178429932151,0.05239857061667403,0.012276985095486729,-0.013462691568764378,0.031131392350007572,0.0015378907820903709,-0.011014307654472047,-0.027599413166967287,0.0018671003007453368,0.0006166271172996342,0.07790942194787974,-0.0004518746472977035,,,,0.0,3.0,-0.03672253257855204,-0.007087458899169706,0.008,-2.818645913646898,0.009743104387238096,0.02691160579512685,0.17869465293238324,0.0,2.7780830391548834,0.010694560265499456,1000.0,-0.0005539271531269308,-0.0012722421089575292,-3.657640237492439e-05
Pure | Short Brown hold 3m,corrected,36,backward_eom,inflation_rates,36,-0.01174739036793837,-0.009102420943324606,-0.0019788940019709036,-0.0006660754226428577,-0.0037599774847385014,0.004465725499001254,0.0002558860710927715,5.3876938733522065e-05,0.11557671041734073,-0.0064915585684406345,-0.0013025700835470663,-0.011095346683229864,-0.0004471424713341632,-0.0023530498382549705,0.07210081918057604,0.003720402269717723,,,,-3.469446951953614e-18,4.0,-0.01115422400270115,0.009026439078972437,0.868,-0.16918516695145977,0.8666250344949145,-0.02828627310053394,0.015867196011483075,0.466,-1.1305625434102349,0.2659272857374054,1000.0,0.006695645045164159,-0.011425361299890795,0.0009835186969933997
Pure | Short Brown hold 3m,corrected,36,backward_eom,holdout,48,-0.02572563664832002,-0.024079062451572826,-0.0010727359463550631,-0.0005738382503921311,-0.002537124909214369,-0.0011464492695405593,-0.0001482645517833327,-0.0019740170333521464,0.06275652942353939,-0.0030028999329163573,0.0025116681590274656,0.009064757909255719,0.00028055425729146393,-0.001228109550435939,0.02962620604485929,0.0013828031671438074,,,,1.4094628242311558e-18,6.0,-0.009165477120456178,0.010654421017812886,0.958,-0.1222817772791461,0.9031972309332084,-0.05291903300998316,-0.001840555737977539,0.032,-1.8880297490117426,0.06520382280917751,1000.0,0.002653745083582858,-0.009455782072993826,0.00041507111390935556
Pure | Short Brown hold 3m,corrected,36,backward_eom,last18,18,-0.04510691699297664,-0.05414150500175533,0.002862357314282757,0.006172230694495935,-0.001601114808985301,0.003960861760662066,0.0004700222622652315,-0.0021436530768065565,-0.020397837712252325,0.0005262642129761085,0.00040971765396127167,0.027429757167518998,0.0031160204142301525,0.002418936089739901,-0.027235744506198558,-0.0015324645575487722,,,,-2.6020852139652106e-18,,,,,,,,,,,,,0.007088344836586619,-0.058437197226982644,0.00028251498236003656
Pure | Short Brown hold 3m,corrected,36,backward_eom,last12,12,-0.05206545965592006,-0.06733285754630913,0.006763610644270904,0.008503787246118173,-0.004541290152896736,0.020215728514760528,0.002945431644600609,0.0003757563560238134,-0.036426680581782,-0.0013004324967696211,-4.5498052740460725e-05,0.03411020933005268,0.0062080580980695774,0.004277768387696099,-0.03921065519762478,-0.0032427211848435693,,,,-6.938893903907228e-18,,,,,,,,,,,,,0.008437050708035458,-0.08538790968551596,0.002153274583213908
Original | Short Brown hold 6m,corrected,36,backward,full_live_1999,329,0.008846643305295753,0.012763060685807098,0.0011348132092792596,-0.0050512305897906,0.00046238349457006564,-0.004176286173363349,-0.0003331076937596705,-0.0012632561649848035,0.009355091435753237,0.00018152858275333954,-0.0035483300634252058,0.02576772630327612,0.0004818643140069175,0.002374593939865963,0.05105483518009047,0.0016765228490930862,-0.0030766217958166195,-0.05231134458778619,-0.0008719948428144131,-4.336808689942018e-18,12.0,-0.016810785317250325,0.00869331355784623,0.46,-0.785645284693079,0.4326424794950389,-0.003552953210353819,0.030231120645514236,0.14,1.4464998068051291,0.1489919863688532,1000.0,,,
Original | Short Brown hold 6m,corrected,36,backward,post2010,199,0.011905450687956329,0.02047627585409834,0.0017928318415974618,-0.010363657007739465,-0.00041585303673428775,0.004186804877990482,0.0005454375834217467,-0.0033495304666817174,0.015092136694749445,-0.00013514667130675131,0.0010481762710233683,0.0019859968499764936,-7.329226565943442e-06,-0.001634374467823739,0.059491472529440925,0.001994249823866304,-0.006012075307523089,-0.06921857761125665,-0.0006043796678178945,-6.938893903907228e-18,12.0,-0.01874648663968036,-0.0009465262502899752,0.0296,-2.2557923738691508,0.025177079219804933,-0.0005644923564109954,0.04397333999809935,0.0576,1.8553946292928927,0.06502628907486231,5000.0,,,
Original | Short Brown hold 6m,corrected,36,backward,validation,151,0.021552215941990444,0.02962814978669321,-0.00030661364512313293,-0.007769320199579636,0.00041692491430277953,0.004170779294025651,0.000544609864212997,-0.002839229553394509,-0.009279353750790673,-3.1635836496072934e-05,0.0008816895273798353,-0.00020226840519591005,2.9737474141385465e-06,-0.0016677171910042296,0.05690892839593064,0.0016697305719558353,-0.004560987896863512,-0.10738645661821705,-0.0024922919922100305,2.6020852139652106e-18,12.0,-0.018103382410880515,0.002739396409996879,0.162,-1.3263216484613165,0.18674908003071453,0.004988085303336896,0.058289280859974424,0.02,2.2171467134553753,0.028117376236068276,1000.0,,,
Original | Short Brown hold 6m,corrected,36,backward,pre_covid,120,0.015400705582287844,0.020780599406727034,-0.005234707919891467,-0.00014518590454771704,0.0004572180362469093,-0.0026085240880322842,-0.0003427339799265616,0.00018949146645257637,-0.03144456162475735,6.320356886576231e-05,-0.002119504579097022,-0.012694525665791413,0.0002980674626327824,-0.0016510225137693491,0.04016986518964443,0.0012782051103344856,0.0029786316856191685,-0.18672008095531017,-0.006531450081797935,-6.938893903907228e-18,12.0,-0.0089291517016888,0.00919172189228877,0.972,-0.028809647454011725,0.9770646667802637,-0.003912590079033164,0.04474407435328833,0.088,1.641963575404642,0.1032377124806128,1000.0,,,
Original | Short Brown hold 6m,corrected,36,backward,covid,24,0.0594675339526983,0.07263122083650478,0.008247257555656563,-0.02141094443946304,0.005508375022339467,0.020079445948890325,0.004704614185825004,-0.01758715380497329,0.036786641762464704,0.0018172601030657526,0.01140050577229629,0.04242165116176255,-0.002869824701093237,-0.003626192882671032,0.0972134207358812,-0.0005638378402681123,-0.017106478546454473,0.18138327091740147,0.0051590458081271565,-3.469446951953614e-18,3.0,-0.033277884285539336,-0.003152874912397,0.024,-2.6886188166855836,0.013113033425848462,-0.012877497704121527,0.159026640768162,0.084,1.6507020225229805,0.11239012448533339,1000.0,,,
Original | Short Brown hold 6m,corrected,36,backward,inflation_rates,36,-0.014295008625267041,0.004605674264566466,-0.009163968106247058,-0.00973671478358644,-0.00519910172668454,0.025376975685908704,0.0014541007068025668,-0.0004268219491024121,0.15797913285202403,-0.008873161295188678,0.005263423217826115,0.0243058872003381,0.0009795272541736246,-0.00218759560605094,0.13860413156922083,0.007151973188971794,-0.0071866187195746625,0.1179784524536792,-0.009876407961006365,-1.0408340855860843e-17,4.0,-0.021772093897908424,0.004434208039905006,0.188,-1.50644563944867,0.1409259743602099,-0.0301801251441957,0.04387263367223243,0.806,0.29933041702950824,0.7664582903394522,1000.0,,,
Original | Short Brown hold 6m,corrected,36,backward,holdout,48,-0.01844166500702598,-0.008313994225523032,-0.002284184505150101,-0.007843486276352833,-0.003035570531901578,0.004237218694213177,0.0005479783076291185,-0.0010248730944800767,0.09176078372134439,-0.0043907535010663246,0.0012576512953338978,0.008869914631873007,0.000274523857856469,-0.001670314522673997,0.06761572594944203,0.0031559640086902064,-0.0033703794226310774,0.05085120843147307,-0.0018718971782595711,-1.3877787807814457e-17,6.0,-0.01802608457855974,0.004877977330821641,0.264,-1.307953272403369,0.19725046987392403,-0.036570523224435644,0.019709916851194678,0.588,-0.6689744188006799,0.5067846092138191,1000.0,,,
Original | Short Brown hold 6m,corrected,36,backward,last18,18,-0.013456275285000225,-0.010095594713019481,-0.0025967681698085415,-0.0007639124021721979,-0.003636219878730559,-0.013028586146856412,-0.0015460588894269601,-0.00014089062802411932,0.010792556589830339,-0.00027844796001762196,-0.00035058002254114204,0.0016170550911564928,0.00018369745835537723,0.003050213252021032,-0.017275947012430206,-0.0009720599518994062,0.0003135648751025903,0.0028989734651340086,1.6101173180069423e-05,-4.119968255444917e-18,,,,,,,,,,,,,,,
Original | Short Brown hold 6m,corrected,36,backward,last12,12,0.00021883932556903936,0.0025536845299077293,-0.0026629228580614677,0.0003280776537227843,-0.0059256476712477545,-0.00911218901532716,-0.001327645939533167,0.0005828107276609094,0.01005047422179277,0.00035880192971800295,-0.00010998752599331995,0.0025055687861473344,0.00045601351907881407,0.005085866150672833,-0.024403854566799294,-0.002018198772674302,0.0006950359726301162,0.010804834272583252,-0.00013189359465081595,-6.613633252161577e-18,,,,,,,,,,,,,,,
Original | Short Brown hold 6m,corrected,24,backward,full_live_1999,329,0.008846643305295753,0.011825133688668506,0.0013874516701968508,-0.004365942053569606,0.0018941597549324066,5.6184316061955046e-05,4.481356681979935e-06,-0.004941092400716754,0.0030014197284484725,5.824031473074486e-05,-0.0029757720144593224,0.02940902053404358,0.0005499576228986309,0.002354004646845223,0.0467426089770126,0.0015349193019576087,-0.0006972420401711575,-0.04560154009485102,-0.0007601469260721136,2.6020852139652106e-18,12.0,-0.020466685041287843,0.01268683183568698,0.578,-0.5379375151236793,0.5909849984655459,-0.006845779551443572,0.03181499100603686,0.23,1.1540067201276443,0.24933756303187257,1000.0,,,
Original | Short Brown hold 6m,corrected,24,backward,post2010,199,0.011905450687956329,0.022520043894472576,0.0024613486602812883,-0.013075941866797535,-0.001403359055767202,0.009947577601738193,0.0012959244211534781,-0.009513146414452596,0.0036117825216719682,-3.234269574683139e-05,0.0035910081330487184,-0.004876939747061074,1.799811331779735e-05,-0.0013372519205633216,0.05189496576415814,0.0017396027016057596,-0.0044131926090631365,-0.06411682414050508,-0.0005598338800489158,0.0,12.0,-0.025230294357124917,-0.00031641289977356725,0.042,-1.937185108486622,0.05414556731099279,-0.0018452106921492348,0.05007065977831013,0.074,1.7596223327580083,0.0800162126703148,1000.0,,,
Original | Short Brown hold 6m,corrected,24,backward,validation,151,0.021552215941990444,0.033367235380029704,0.002022320010918281,-0.013837339448957542,-0.0011073128246000632,0.015872874923027063,0.002072640062465623,-0.011856097080171088,-0.011885526303856635,-4.0520986365730885e-05,0.0046512364764801474,-0.006696756089111995,9.845561932336845e-05,-0.0002392735746945076,0.06054206073792775,0.0017763281184987757,-0.0052858924459720305,-0.08120182950102173,-0.0018845828030037554,0.0,12.0,-0.03211683395518615,0.0037412595539259535,0.154,-1.5297815100322496,0.12817696668586218,0.005960488252829217,0.06618669219255226,0.026,2.1673708030642067,0.031784383050836654,1000.0,,,
Original | Short Brown hold 6m,corrected,24,backward,pre_covid,120,0.015400705582287844,0.017862731160276177,-0.004699350598734546,0.0022373250207462113,0.0001564839737787498,-7.799103863985884e-05,-1.0247242566891046e-05,-0.00501707771871186,-0.040751136228633814,8.190978381955401e-05,0.0007164827862926622,-0.02779173854386744,0.0006525500210100076,-0.0022474554777922266,0.03486517323262011,0.0011094098122619717,0.008628891457178885,-0.18676361713998127,-0.006532972973259188,8.673617379884035e-19,12.0,-0.008956648045259129,0.014763851857811967,0.766,0.3537965326945381,0.7241174324698347,-0.006443194110408975,0.04107229186063083,0.164,1.3486301290433116,0.18001681158454624,1000.0,,,
Original | Short Brown hold 6m,corrected,24,backward,covid,24,0.0594675339526983,0.0949957772390981,0.022163164606855884,-0.05769140789325569,0.002966875891951581,0.06726265947069404,0.01575964111398362,-0.04514624211609545,0.0495408342283456,0.0024473172108802677,0.006495096564582244,0.052094864735673145,-0.003524217599368288,0.006073324699391177,0.12037370921251818,-0.0006981675134326072,-0.028080462933085235,0.2875453550630472,0.008178591394792897,0.0,3.0,-0.08447439093777694,-0.0144692239729588,0.008,-4.266328788444942,0.000289920485999954,-0.004213238559555245,0.19999837702074302,0.056,1.780986413221118,0.08812775048817935,1000.0,,,
Original | Short Brown hold 6m,corrected,24,backward,inflation_rates,36,-0.014295008625267041,0.004663756438787407,-0.004336200492726202,-0.014622564571328244,-0.012709810427496398,0.022968758354792024,0.0013161098537295814,0.000271870008134573,0.11100860571712813,-0.006234983354445361,0.01380867209313223,0.04032564872576075,0.0016251236436481571,0.00049678117024385,0.10840340662137396,0.005593615781662896,-0.0164900774153425,0.0792710112205251,-0.0066360664173214755,-1.734723475976807e-18,4.0,-0.041093145034963065,0.009079421500704957,0.276,-1.0725970457172185,0.2907920863903928,-0.041428768011569805,0.06591591952120697,0.854,0.19139900556223308,0.8493190457382385,1000.0,,,
Original | Short Brown hold 6m,corrected,24,backward,holdout,48,-0.01844166500702598,-0.011603412653842552,-0.0020692383383874155,-0.004769014014796008,-0.0023580174466448405,-0.008692420221483045,-0.0011241472451432937,0.00035637536532673775,0.052363733201980685,-0.0025056046337147736,-5.643800727461387e-06,0.0008478991623074647,2.624247907341598e-05,-0.00431976739879196,0.024692646159174537,0.0011525292594794716,0.0015580392660415154,-0.01037024477721312,0.00038174180191776337,-4.336808689942018e-18,6.0,-0.020255274792251098,0.013934850686804789,0.666,-0.5840690434212258,0.5619668327147241,-0.04475624738757096,0.023312976684262753,0.516,-0.7364085267665985,0.4651420134202019,1000.0,,,
Original | Short Brown hold 6m,corrected,24,backward,last18,18,-0.013456275285000225,-0.0004859923391686803,-0.007442182287526723,-0.005528100658304826,-0.0004367021805577109,-0.020865621503145363,-0.0024760537517065817,-0.0029218939424196454,0.022401205125466044,-0.0005779510922370223,-0.0020171909877462614,-0.019683816365100117,-0.002236081539075369,-0.005358349099204321,-0.03712275384625767,-0.0020887736164160982,0.005206035551623114,-0.011401009782100617,-6.332228809165104e-05,4.336808689942018e-18,,,,,,,,,,,,,,,
Original | Short Brown hold 6m,corrected,24,backward,last12,12,0.00021883932556903936,0.024838757833122123,-0.010051856995884803,-0.014568061511668277,-0.009363113262479262,0.007132063838389129,0.001039141701253296,-0.00025790843871049745,0.005576261381653356,0.00019907253132502538,0.0006725963327777018,-0.03275246168059946,-0.005960948025869092,-0.009372078404127498,-0.07229566406042266,-0.0059788514177969545,0.0037524422608712746,-0.0532262821865962,0.0006497282152029207,-3.469446951953614e-18,,,,,,,,,,,,,,,
Original | Short Brown hold 6m,corrected,36,centered,full_live_1999,329,0.008846643305295753,0.008716050235753121,0.0009840256094084865,-0.0008534325398658575,0.004540712012420573,0.0015440113926832985,0.000123152976784918,-0.001153011758884134,0.002234549238934501,4.3359763955495025e-05,-0.0009428346708894681,0.0249461024990442,0.0004664996991341015,-0.002400191078545592,0.0365206984223823,0.0011992553722676273,-0.0008981070439672363,-0.050886413522685144,-0.0008482422027336556,3.144186300207963e-18,12.0,-0.008466333892747315,0.006357178799187249,0.808,-0.21625972999506127,0.8289197298211054,-0.004277649413477896,0.02195813330318503,0.194,1.3171617703441174,0.18870382191111126,1000.0,,,
Original | Short Brown hold 6m,corrected,36,centered,post2010,199,0.011905450687956329,0.009463408998864628,0.003106026507054636,-0.0006639848179629329,0.0013299462328937284,0.015871980998873877,0.0020677283065306798,0.0010202176372647912,0.023179737974708944,-0.00020756931191422785,5.37233415494784e-05,-0.013487551575635562,4.977516521179303e-05,-0.002028900400014294,0.05185955378870007,0.0017384156352445248,-0.001038971629656637,-0.06211136575392851,-0.0005423232880181335,-2.168404344971009e-18,12.0,-0.008180905334832471,0.0065771668417522145,0.884,-0.18532993921235086,0.8531599646786436,-0.005920492511562231,0.025048312829561707,0.222,1.23888097672487,0.21685620883609344,1000.0,,,
Original | Short Brown hold 6m,corrected,36,centered,validation,151,0.021552215941990444,0.01790868747795945,0.0028695957853806884,0.000773932678650306,0.002022706683644567,0.01645488933828412,0.002148638040137851,0.0010933578147547581,0.0269653991596241,9.193236746605573e-05,0.0004947112371356982,-0.012815436760132623,0.00018841238150658568,-0.001998153199246038,0.07200818916133904,0.002112748882519182,-0.0008386898576386794,-0.07204803785820148,-0.001672135886248986,-2.168404344971009e-19,12.0,-0.007632837751817977,0.008716623788666061,0.836,0.18015964958690947,0.8572703977598005,0.004387429868075996,0.03307158907592578,0.006,2.1600482866382067,0.03235736814493611,1000.0,,,
Original | Short Brown hold 6m,corrected,36,centered,pre_covid,120,0.015400705582287844,0.015520415729403547,-0.001426093672469205,0.0013063835253535098,0.0006217349212722645,0.010347889947381679,0.001359609260186478,-0.0008852239648027544,-0.016279239190642444,3.2721270773191325e-05,0.0006564181397305367,-0.025861511315753555,0.0006072282856938936,-0.0005572965160854628,0.04442508382285409,0.0014136061672432169,0.001470750945238926,-0.13834397519143382,-0.004839258656365984,-8.456776945386935e-18,12.0,-0.004968277700028515,0.007638908684240421,0.71,0.345920220247043,0.7300134809143838,0.0011722946636585417,0.029530353590015164,0.028,1.816977445612452,0.07173710735389299,1000.0,,,
Original | Short Brown hold 6m,corrected,36,centered,covid,24,0.0594675339526983,0.03313364597714821,0.024368917594438565,0.0019649703811115277,0.004267392763119158,0.053463225555059966,0.012526433747550553,0.007087511588561649,0.19887290362622703,0.009824321439135596,0.0008017817926285935,0.049000519578235924,-0.0033148851494676605,-0.0071846891453259225,0.19435846040938776,-0.0011272790703744516,-0.00300702661787195,0.22713409000205542,0.006460326627594525,-6.938893903907228e-18,3.0,-0.0069104978351899665,0.010911808788599897,0.698,0.43780110310925635,0.6656143963570206,-0.017909683825409913,0.0921334934436204,0.222,1.486192415367626,0.15080829493316564,1000.0,,,
Original | Short Brown hold 6m,corrected,36,centered,inflation_rates,36,-0.014295008625267041,-0.010379707054339623,-0.0023561239155461705,-0.0015591776553812383,-0.002049052557160913,-0.010166956050714174,-0.0005825665817059214,-0.0010775830813712943,0.05323134883330258,-0.00298982742613716,0.0006565576442291881,0.0016008177067657569,6.451295358265996e-05,0.0007573000896062582,0.026468000457609185,0.0013657488236126336,0.00015360024931552292,0.0025562337969374472,-0.00021399168489838257,-8.890457814381136e-18,4.0,-0.011430503792005681,0.0064476981122374806,0.756,-0.36616558955478923,0.7164456484665281,-0.04256013938366576,0.028292255594370094,0.582,-0.6142279708805248,0.543037025585126,1000.0,,,
Original | Short Brown hold 6m,corrected,36,centered,holdout,48,-0.01844166500702598,-0.017104029549954505,0.001391110492111237,-0.00272874594918271,-0.0008516594046701781,0.014038248514479152,0.0018154964891350148,0.0001796811326521714,0.011270678830496728,-0.000539301982039268,-0.001237026290921155,-0.015601912766071915,-0.0004828792001099248,-0.001026885202352622,-0.011524694987726588,-0.0005379151385521385,0.000207143816109074,-0.0308522514259032,0.0011357103236775538,-1.734723475976807e-18,6.0,-0.009156251780292408,0.005183992044423574,0.558,-0.8079199073012268,0.4232070692748009,-0.0466430217094261,0.010895804807468065,0.25,-1.2725420090463726,0.20944009949632242,1000.0,,,
Original | Short Brown hold 6m,corrected,36,centered,last18,18,-0.013456275285000225,-0.012756683003271067,-0.0006995922817291603,-1.8456828633711009e-34,-4.81482486096809e-35,0.05261423313654587,0.006243555665536773,0.0,-0.00647377290442981,0.00016702334093428862,-8.024708101613482e-36,-0.042857016472751606,-0.004868557071304573,-1.2839532962581572e-34,-0.033074206373179524,-0.0018609753452642347,0.0,-0.06853301783151552,-0.0003806388716314133,2.2768245622195593e-18,,,,,,,,,,,,,,,
Original | Short Brown hold 6m,corrected,36,centered,last12,12,0.00021883932556903936,0.0024826970193297868,-0.002263857693760748,4.513898307157584e-35,2.407412430484045e-35,0.05261423313654587,0.007665893767994733,-3.009265538105056e-36,-0.006473772904429811,-0.00023111369268814487,0.0,-0.04285701647275159,-0.007799976998040777,0.0,-0.03307420637317953,-0.002735236867061947,2.407412430484045e-35,-0.06853301783151554,0.0008365760960353874,4.3368086899420173e-19,,,,,,,,,,,,,,,
Original | Short Brown hold 6m,corrected,24,centered,full_live_1999,329,0.008846643305295753,0.006763680608961954,0.0011878048409869936,0.0008951578553468001,0.0033997989265265654,0.0042616365080479736,0.0003399153817312815,-0.002080020145455991,-0.005646663680534787,-0.00010956930375846232,-0.0006003134265811577,0.030939756584571546,0.00057858285231282,-0.0003760344197584418,0.03384465061992458,0.0011113801441866781,0.0005517269206158248,-0.04394324311160893,-0.0007325042334853238,5.854691731421724e-18,12.0,-0.008443487502726785,0.009775877468958187,0.842,0.18500817591440638,0.8533369661165058,-0.0052955546369895965,0.01897099473735694,0.272,1.0738722504798681,0.28366931725877204,1000.0,,,
Original | Short Brown hold 6m,corrected,24,centered,post2010,199,0.011905450687956329,0.007537530872817355,0.002860448212766478,0.0015074716023724996,0.0020269885169999667,0.014971310227377296,0.0019503930823251794,0.0024686171522277276,0.012721381481686405,-0.00011391709447419686,-0.0007686463968139435,-0.014042740881502034,5.1824064841081164e-05,-0.0022630531649411884,0.045916978836130384,0.0015392109669349677,4.356549489993728e-05,-0.06494474085941797,-0.0005670628068605536,-3.2526065174565133e-18,12.0,-0.007267542711151472,0.010283404409273805,0.744,0.3587984177904293,0.7201281904861367,-0.006457981699907836,0.021445797074219966,0.294,1.0174715056325387,0.3101708270084411,1000.0,,,
Original | Short Brown hold 6m,corrected,24,centered,validation,151,0.021552215941990444,0.015169873118680838,0.0031633516400386094,0.0032189911832709974,0.002572952810917539,0.01945899298102133,0.002540906333810554,0.0035930115140915776,0.01736737661018392,5.9210102509421427e-05,2.4768533730201566e-05,-0.011997721040619828,0.00017639033582898033,-0.003083633436975047,0.06671455922827,0.0019574316768538242,0.00011189176150672513,-0.06767254910465627,-0.001570586808964171,-1.3010426069826053e-18,12.0,-0.006428495974726577,0.012786152007111763,0.522,0.6441291409594763,0.520475420351549,0.0022278507945481417,0.029411749542565698,0.016,1.9024402935455864,0.05903008790256489,1000.0,,,
Original | Short Brown hold 6m,corrected,24,centered,pre_covid,120,0.015400705582287844,0.014895319089321332,-0.0032899699260453,0.00379535641901182,0.00038904399315339106,0.005454093277004257,0.0007166133156655889,0.0010903919993302399,-0.03575857663566813,7.187473903769298e-05,-0.0016058254493938962,-0.036354987677688744,0.0008536151106721318,-0.00030304765295795856,0.031354890712056535,0.0009977126224576388,0.004224793528880044,-0.16951979341136172,-0.005929785713878353,-8.673617379884035e-18,12.0,-0.004710881134946019,0.011912150364729724,0.394,0.7519307395179124,0.4535773715943466,0.0009842919055572312,0.028651060569579577,0.038,1.7685528558972665,0.07953081901377071,1000.0,,,
Original | Short Brown hold 6m,corrected,24,centered,covid,24,0.0594675339526983,0.023211604464881783,0.038990139681954174,-0.002734210194137653,0.005557339169257373,0.09297554125812414,0.02178416931677849,0.0069069014507393365,0.2707037360517848,0.013372764560958143,0.014562981789161489,0.11055955529426158,-0.007479353915656795,-0.010173353820898793,0.24729683222278134,-0.0014343216268921353,-0.01958807878239706,0.4481586554300912,0.012746881346766475,-5.204170427930421e-18,3.0,-0.017104476938389165,0.013929101288458407,0.7,-0.5410093021248015,0.5937029193045387,-0.023904271584326224,0.07777049000212653,0.38,1.0869402306921392,0.28832352279592105,1000.0,,,
Original | Short Brown hold 6m,corrected,24,centered,inflation_rates,36,-0.014295008625267041,-0.011824163962331461,-0.0009558732804468729,-0.0015149713824887038,-0.004052472562269881,-0.01985093538411141,-0.0011374585975095822,-0.0024023907180776016,0.03046709129582723,-0.0017112349611156286,-0.001283689051244413,0.00221398759318777,8.922370000546707e-05,0.00048326608785481066,0.010220076762845582,0.000527355960962832,0.005740314861248382,-0.015245309182390884,0.0012762406172100388,-2.8189256484623115e-18,4.0,-0.010849485803028901,0.007174019201481369,0.746,-0.4023993198397327,0.6898373327114721,-0.04536755774491227,0.027137960591776762,0.542,-0.6668461988671927,0.5092429415814886,1000.0,,,
Original | Short Brown hold 6m,corrected,24,centered,holdout,48,-0.01844166500702598,-0.016472545775628192,0.0007315617911263278,-0.0027006810225241157,0.0002917939048679625,0.0008538082315387637,0.00011041874954375052,-0.0018177213443406393,-0.0018941448600453999,9.06348315531723e-05,-0.0029709049903563697,-0.020476032464277323,-0.0006337332047693818,0.0014524844953306476,-0.01950874281414224,-0.0009105705708500891,0.00034366691197428327,-0.05636351075460575,0.002074811985648876,-4.336808689942018e-19,6.0,-0.009656272864162613,0.006062456757975623,0.6,-0.7339145518530439,0.46664636422908484,-0.04788331320782573,0.013303896159929824,0.304,-1.16331612348177,0.25057346666805425,1000.0,,,
Original | Short Brown hold 6m,corrected,24,centered,last18,18,-0.013456275285000225,-0.01646105287731191,-0.003985099551813974,0.006989877144125651,0.005118895872130513,0.044522889115277305,0.00528338284167957,-0.0015697705866168058,-0.04313758900392243,0.0011129497963011956,-0.0023292997168278436,-0.061814139212551265,-0.00702208621454581,0.004189304540866822,-0.044389380026786565,-0.002497642449507191,0.001580747034572966,-0.1551474310598618,-0.0008617035257417374,8.673617379884035e-18,,,,,,,,,,,,,,,
Original | Short Brown hold 6m,corrected,24,centered,last12,12,0.00021883932556903936,0.005800691590558718,-0.005581852264989678,-7.222237291452134e-35,-2.407412430484045e-35,0.049621227555120224,0.007229812854781017,0.0,-0.052890974525703294,-0.001888207790567613,0.0,-0.060690983033055555,-0.011045758912016092,0.0,-0.02305488522629073,-0.0019066390082142432,-4.81482486096809e-35,-0.16621252072934528,0.0020289405910272557,-1.734723475976807e-18,,,,,,,,,,,,,,,
Original | Short Brown hold 6m,corrected,36,structural,full_live_1999,329,0.008846643305295753,0.0132374455619172,0.001418809563957511,-0.005809611820578962,-0.001146241832248326,0.009972073894021652,0.0007953895875299646,-0.0003515908710367923,0.00829991833756115,0.00016105373455012288,-0.002674412284754356,0.01774433848547896,0.0003318245230944093,-0.00109958451209321,0.01540655432691826,0.0005059156544872161,-0.0005377823204462768,-0.022518843387328628,-0.0003753739357042021,3.469446951953614e-18,12.0,-0.016415942022125988,0.005552463828999387,0.326,-1.0354606065088272,0.3012166492072354,-0.0017376267547598765,0.029467972792134804,0.092,1.5830869473477083,0.11436534904659468,1000.0,,,
Original | Short Brown hold 6m,corrected,36,structural,post2010,199,0.011905450687956329,0.01899068912185676,0.0019760790296222902,-0.009061317463522718,-0.00032010838618427303,0.011724557720659624,0.0015274211758620926,-0.001547254424428965,0.001638810421068382,-1.4675176735396265e-05,0.00015221881655514078,-0.010457771131254765,3.859390511956554e-05,-0.0040337917906374966,0.024675370783053235,0.0008271581076361383,-0.0033123816788271244,-0.04608836305890964,-0.00040241898226010993,-1.734723475976807e-18,12.0,-0.015827928404419985,-0.0015797116304038902,0.0168,-2.4553592862223654,0.014936973357023436,-0.0018313250093181972,0.043015032239966916,0.074,1.6823357388004407,0.0940800716653545,5000.0,,,
Original | Short Brown hold 6m,corrected,36,structural,validation,151,0.021552215941990444,0.02768889079102474,0.0008167762942773301,-0.006953451143311625,0.00016502082990909461,0.013023565988717572,0.0017005844722698146,-0.002039811052406448,0.0022622542370329245,7.71263894850691e-06,-0.00012682453889135427,-0.016969457257249975,0.00024948473583506596,-0.003971738684191765,0.026896394842348164,0.0007891509119837041,-0.0009800976977311522,-0.08316548145929605,-0.0019301564647597614,-8.673617379884035e-19,12.0,-0.01567098227349089,0.0016884029720818214,0.132,-1.5431341724780387,0.12490529627366416,0.00301419153963983,0.057245772990846495,0.02,2.040581421294652,0.043046166618099464,1000.0,,,
Original | Short Brown hold 6m,corrected,36,structural,pre_covid,120,0.015400705582287844,0.02065737622188093,-0.0017202749002597462,-0.003536395739333332,-0.0006611815468614798,0.010215372053837246,0.0013421977341536748,-0.0007491799520576332,-0.0017212063746277993,3.4596248130018783e-06,-0.0015315991494956626,-0.03623957595709312,0.0008509052434725466,-0.003736078970817468,0.014472269224061746,0.00046050760670964474,0.003141643879898911,-0.12513886242136232,-0.0043773451094086145,-6.938893903907228e-18,12.0,-0.012336758729449284,0.004937352429268841,0.486,-0.7496450973404111,0.45494792706289083,0.0011078868150556402,0.041640717204645655,0.038,1.7300930547678055,0.08620621004402089,1000.0,,,
Original | Short Brown hold 6m,corrected,36,structural,covid,24,0.0594675339526983,0.07179409334657369,0.0056761967228232115,-0.018002756116698593,0.0011014671097918437,0.030863075743161827,0.007231218646622818,-0.010184949658637928,0.022839381447804476,0.0011282654435215388,0.009210511865814966,0.07443171120860119,-0.00503530526326187,-0.003084126111979036,0.09686180476279847,-0.0005617984676242325,-0.01504565932168844,0.10244482459207388,0.002913816363564959,-1.0408340855860843e-17,3.0,-0.03025196133915332,-0.0022699199680996417,0.02,-2.014480857364603,0.05579715876743959,-0.01890780787583802,0.16850661713977225,0.12,1.4229392089318669,0.1681768465883027,1000.0,,,
Original | Short Brown hold 6m,corrected,36,structural,inflation_rates,36,-0.014295008625267041,-0.006361540759659218,-0.0021680433871943466,-0.00576542447841347,-0.0004903047541970743,0.006216597684348352,0.0003562110473131601,-9.860606285172895e-05,0.008975597795584656,-0.0005041294095186712,0.0008194612524898843,0.02184832989507837,0.0008804876947716576,-0.0033179146100528172,0.029156657622692945,0.0015044835333309556,-0.002678060303801735,0.05262099752269386,-0.004405096253091449,-6.071532165918825e-18,4.0,-0.01399388274321149,0.0023352330937025587,0.198,-1.5848893780807576,0.12198654899106146,-0.04084922628545537,0.030015426621864426,0.772,-0.38087492662475597,0.705598174719384,1000.0,,,
Original | Short Brown hold 6m,corrected,36,structural,holdout,48,-0.01844166500702598,-0.008372403629067505,-0.00045787308486766533,-0.009611388293090807,-0.0018513622730341696,0.00763809421072733,0.0009877965338023112,-9.82856291693382e-05,-0.00032243991665340785,1.5428750011865553e-05,9.487639878804179e-05,0.01002690814010516,0.00031033280693625406,-0.004107884146314566,0.017688399263187927,0.0008256060356092965,-0.0036487326433607744,0.07055007190897263,-0.0025970372112273927,-1.734723475976807e-18,6.0,-0.01664205972117135,-0.0014470437817051705,0.014,-2.6941765236381996,0.009753999706732224,-0.041586678703594275,0.02746436309308515,0.624,-0.5763739733079597,0.5671125819010264,1000.0,,,
Original | Short Brown hold 6m,corrected,36,structural,last18,18,-0.013456275285000225,-0.0014748811485399633,-0.001023936420444408,-0.010957457716015867,-0.0029066171084514603,0.008255596095070233,0.0009796640699483337,-0.0010384025668671284,-0.011632710806181825,0.00030012393879949025,-0.0006805168583120927,-0.01990529435342559,-0.002261241438549143,-0.0043296328423954875,-0.008538550305496747,-0.0004804357638559503,-0.0020022883399896984,0.0788522335811845,0.00043795277321286144,1.214306433183765e-17,,,,,,,,,,,,,,,
Original | Short Brown hold 6m,corrected,36,structural,last12,12,0.00021883932556903936,0.017994788093166163,-0.0065604195146480825,-0.011215529252949044,-0.005177562947529453,0.013112029921570794,0.0019104227595728646,-0.0005207435806877287,-0.00474719359069105,-0.00016947481118767096,0.0020328456138903927,-0.03094616135119122,-0.005632201365916792,-0.006729672503164462,-0.01667269148362823,-0.0013788315856960547,-0.0008203958354577935,0.10570528909309822,-0.0012903345114204285,1.734723475976807e-18,,,,,,,,,,,,,,,
Original | Short Brown hold 6m,corrected,36,backward_eom,post2010,199,0.011905450687956329,0.015776018394636864,0.0015112328672703809,-0.005381800573950912,1.9145926013513327e-05,0.0010950379152934555,0.00014265647711758672,-0.003843103103239873,0.01040819593249135,-9.320304096331451e-05,-0.0007126756619211965,-0.013478031274639493,4.9740030995453764e-05,-0.0015205522217051086,0.0710033269116082,0.0023801456942811857,,,,-4.336808689942018e-18,12.0,-0.013155059191499906,0.0036397114548143254,0.244,-1.261901441662777,0.20846872299333935,-0.005152532180796777,0.03939595901713285,0.1544,1.4523495546332241,0.1479872522122921,5000.0,0.0006753844869017537,-0.10138020868627487,-0.000968106294160531
Original | Short Brown hold 6m,corrected,36,backward_eom,validation,151,0.021552215941990444,0.025586323342689253,-0.0013956687383765245,-0.0026384386623222924,0.0010066517827603337,-0.001477780459525931,-0.00019296485348718328,-0.003363697871108938,-0.01403931243118496,-4.786382807664886e-05,-0.0016997005919411174,-0.02079306680457793,0.00030569939275604653,-0.0014948920525988186,0.07345033939447738,0.002155062143399289,,,,7.37257477290143e-18,12.0,-0.011545401303833126,0.0069709718242582305,0.568,-0.5312411320477789,0.5960374635426416,0.0022565950489403797,0.05379575811793842,0.038,1.9677360614667057,0.050942578454371716,1000.0,0.0029132000705662476,-0.13623991692957566,-0.003615601592968028
Original | Short Brown hold 6m,corrected,36,backward_eom,pre_covid,120,0.015400705582287844,0.018030364820404397,-0.0041602861042588455,0.0015306268661422957,0.0009509426213506844,-0.00649707670241361,-0.0008536509079301236,-0.00034235156423442455,-0.029582492001124252,5.946080892225977e-05,-0.0017826047950196058,-0.020167340397068453,0.0004735291525231673,-0.0019650008429788063,0.06510817080584277,0.0020717419950419167,,,,-3.903127820947816e-18,12.0,-0.007714291980608782,0.011936590463487204,0.78,0.28641655624579704,0.7750571403264723,-0.004656011402423017,0.040770853424878184,0.126,1.4891361759377144,0.13909701240966602,1000.0,0.004669641447024447,-0.16140657930070176,-0.005911367152816065
Original | Short Brown hold 6m,corrected,36,backward_eom,covid,24,0.0594675339526983,0.07604444570942576,0.002839045173063652,-0.0194159569297911,0.00509271078717553,0.008821493626924066,0.002066875956788309,-0.017985427455777553,0.010167916983555457,0.0005022950989876385,-0.0010068867681075344,-0.02345555115952146,0.001586768035941627,-0.0014237205035397818,0.08131684563270193,-0.00047163770466967234,,,,-1.0408340855860843e-17,3.0,-0.03099905198468318,-0.002672775882917537,0.024,-2.897596660599574,0.008116936308276737,-0.0009892039184707154,0.15636811213078852,0.056,1.924514260629237,0.06674816669503482,1000.0,-0.004092632989541759,-0.029400664867631127,-0.0008452562139842504
Original | Short Brown hold 6m,corrected,36,backward_eom,inflation_rates,36,-0.014295008625267041,-0.006842084590572285,-0.004650818675593069,-0.002802105359101676,-0.004758815859943858,0.013227063883241408,0.0007579107605097317,-0.00023894455622291776,0.15012141384773064,-0.0084318194111142,-0.0008658833152796872,-0.0013464858611279328,-5.426338020345566e-05,-0.002596092166135457,0.1368269070309653,0.007060268402797808,,,,-1.1709383462843448e-17,4.0,-0.01567641735537131,0.00907955102335901,0.638,-0.5179694057996999,0.6077385578390693,-0.03888443868333402,0.03658310340077155,0.704,-0.447683650604988,0.6571402637704656,1000.0,0.005657630538480243,0.046268813785156085,-0.003982915047582952
Original | Short Brown hold 6m,corrected,36,backward_eom,holdout,48,-0.01844166500702598,-0.015085565921111311,-0.00010346202230869496,-0.0032526370636059734,-0.003077245742603824,0.00918869571941277,0.0011883280739130554,-0.001408994940545333,0.08731598265988975,-0.00417806977027572,0.001341802103894512,0.00953385132995851,0.0002950726986622153,-0.0014678349130765153,0.0633054334759155,0.002954781107488356,,,,-4.336808689942018e-19,6.0,-0.016036046622695452,0.013778767731888296,0.76,-0.49626555216385226,0.6220200962803153,-0.04675154138868541,0.01290400631142976,0.322,-1.1601753918248292,0.25183694829165376,1000.0,0.0013596364287251873,0.008282623495775467,-0.0003635741320966005
Original | Short Brown hold 6m,corrected,36,backward_eom,last18,18,-0.013456275285000225,-0.02550031423939994,0.0030691214110685275,0.008974917543331185,-0.0023628706697939542,0.01758481903805865,0.0020867318591829584,-0.0008892961744144156,-0.0021197820401305566,5.4690376635368204e-05,0.0002737685190996602,0.019546624199404544,0.002220496509052352,0.004138181513071409,-0.031225996282816613,-0.0017569827241798149,,,,3.469446951953614e-18,,,,,,,,,,,,,0.007815134355368484,-0.09601506079707496,0.0004641853903776638
Original | Short Brown hold 6m,corrected,36,backward_eom,last12,12,0.00021883932556903936,-0.01938688043143988,0.009038016979836574,0.010567702777172347,-0.005454613791401122,0.029932907283607882,0.004361224591221668,0.00037100490502188943,-0.00544632040643486,-0.00019443363850972506,-0.0008044669013423684,0.0286221812444781,0.005209236986495005,0.006701917359922314,-0.040361248780690334,-0.003337875274163091,,,,-3.469446951953614e-18,,,,,,,,,,,,,0.009753861204971636,-0.11895934925215074,0.002999864314792715
Pure | Short Brown hold 6m,corrected,36,backward,full_live_1999,329,0.006786542765240202,0.014257137014587619,-0.0002779293323246007,-0.0071926649170228184,0.0017356587727301838,-0.018258477272732162,-0.0014563272255323039,-0.0034624615564296897,0.02155409256639046,0.0004182411153308109,-0.00463606817591701,0.024516048173359187,0.00045845755252819123,0.0013991368789984283,0.027036430055064314,0.0008878139080331088,-0.002228930836404731,-0.035161271177827934,-0.0005861146826844078,2.6020852139652106e-18,12.0,-0.017893864700309677,0.003633115195937911,0.202,-1.3616083377810262,0.17425604499440586,-0.0032218102124208204,0.03164929881954702,0.104,1.6026758430734802,0.10996876882789948,1000.0,,,
Pure | Short Brown hold 6m,corrected,36,backward,post2010,199,0.013727663633285606,0.024001121707430594,0.00039406246602497716,-0.010667520540169962,-5.820412980841033e-05,-0.0019116089862636723,-0.0002490355811411479,-0.0032943832227465266,0.04824021381556658,-0.00043198020612733487,0.0004517064717502844,0.000932877631848687,-3.4427403659782895e-06,-0.0020282397320818095,0.04518019854889345,0.0015145129069344646,-0.005738399927283501,-0.04993341386858309,-0.0004359919132750265,-3.469446951953614e-18,12.0,-0.01968469702690588,-0.0007357748570659101,0.0316,-2.2373343719973793,0.026379115403953185,0.003107988612464674,0.04691136350534398,0.024,2.2294929816288116,0.026904703050942752,5000.0,,,
Pure | Short Brown hold 6m,corrected,36,backward,validation,151,0.02395367538649723,0.03430159227429679,-0.001282850854892774,-0.009065066032906792,0.0009026766827524946,-0.004151281785887886,-0.0005420639286669443,-0.0031613710340997574,0.0333407118958647,0.00011366753962907983,2.0412765794880786e-05,0.0008079186044591079,-1.187800862184914e-05,-0.002323391527333457,0.03697802533693868,0.001084949956640882,-0.004503392920020954,-0.08305215932600007,-0.0019275264138739422,3.469446951953614e-18,12.0,-0.019813555863753923,0.001836054215567458,0.108,-1.488836520235122,0.13862987126000667,0.0107534261785732,0.06178485702100807,0.006,2.683583875541378,0.008102083302734068,1000.0,,,
Pure | Short Brown hold 6m,corrected,36,backward,pre_covid,120,0.016584468161047916,0.024217580776278166,-0.006429902852398364,-0.0012032097628318869,0.0010435962120357205,-0.013095141241802095,-0.001720570607760376,0.00020822571770902953,0.021438893212260432,-4.309217535664349e-05,-0.002407444665386934,-0.008537159432101033,0.0002004525034657323,-0.002348776971675965,0.01556277421908081,0.0004952074756511513,0.0023011899444862613,-0.15328516616873566,-0.005361900048398228,1.3010426069826053e-18,12.0,-0.010672122054968229,0.007717827928335704,0.858,-0.2402718176835897,0.8105329638398857,-7.413524161022976e-05,0.047375186893361704,0.052,2.003294238795887,0.04741791045995419,1000.0,,,
Pure | Short Brown hold 6m,corrected,36,backward,covid,24,0.06865790339725321,0.08327597510485774,0.00869504874303988,-0.023313120450644417,0.005477400020744416,0.020235504994062896,0.004741178820108938,-0.0181255645758304,0.03905694537649052,0.001929413101598628,0.010077423049952672,0.034972160102402394,-0.002365866630927522,-0.003717957110835683,0.09623700520416627,-0.0005581746301841656,-0.01702442183467542,0.17398077119381516,0.004948498082444001,1.0408340855860843e-17,3.0,-0.03531987513047356,-0.0038871974714684665,0.02,-2.912984630281469,0.007831672214658974,0.00415548406093365,0.1638875051706435,0.034,2.156254894593236,0.04175935258291031,1000.0,,,
Pure | Short Brown hold 6m,corrected,36,backward,inflation_rates,36,-0.014295008625267041,0.005537131431969563,-0.00982080920452721,-0.01001133085270939,-0.005044661381944767,0.026517650196510343,0.0015194613562600407,-0.0008810241271249367,0.16342261840379782,-0.009178903733679973,0.004411953588734104,0.009592918116292697,0.0003865946000865954,-0.002207389302006859,0.14216916954421654,0.007335929148481572,-0.00629020963036693,0.1180678358917116,-0.009883890575675446,-3.469446951953614e-18,4.0,-0.02236491372369998,0.004116171115524575,0.178,-1.4985097073007922,0.14296690639017426,-0.030057305123671427,0.04738456515526608,0.77,0.34007894974208336,0.7358296847432012,1000.0,,,
Pure | Short Brown hold 6m,corrected,36,backward,holdout,48,-0.01844166500702598,-0.008402441950836037,-0.002530073851427294,-0.007509149204762647,-0.003072150475193155,0.0051340283625541635,0.0006639582179873166,-0.0013102261540357287,0.09511156360462879,-0.004551088318481483,0.0017905387799150246,0.0013259779055117477,4.103901617558851e-05,-0.001547020406115623,0.07098286844483453,0.003313125384662652,-0.003370290949333165,0.05425263954954121,-0.001997108151771368,-2.6020852139652106e-18,6.0,-0.01754967428287486,0.0057563019387736735,0.308,-1.251533898300109,0.2169331301766394,-0.03710539600219513,0.019439302110026115,0.582,-0.6722197178252824,0.5047351939330573,1000.0,,,
Pure | Short Brown hold 6m,corrected,36,backward,last18,18,-0.013456275285000225,-0.010095594713019481,-0.0025967681698085415,-0.0007639124021721979,-0.003636219878730559,-0.013028586146856412,-0.0015460588894269601,-0.00014089062802411932,0.010792556589830339,-0.00027844796001762196,-0.00035058002254114204,0.0016170550911564928,0.00018369745835537723,0.003050213252021032,-0.017275947012430206,-0.0009720599518994062,0.0003135648751025903,0.0028989734651340086,1.6101173180069423e-05,-4.119968255444917e-18,,,,,,,,,,,,,,,
Pure | Short Brown hold 6m,corrected,36,backward,last12,12,0.00021883932556903936,0.0025536845299077293,-0.0026629228580614677,0.0003280776537227843,-0.0059256476712477545,-0.00911218901532716,-0.001327645939533167,0.0005828107276609094,0.01005047422179277,0.00035880192971800295,-0.00010998752599331995,0.0025055687861473344,0.00045601351907881407,0.005085866150672833,-0.024403854566799294,-0.002018198772674302,0.0006950359726301162,0.010804834272583252,-0.00013189359465081595,-6.613633252161577e-18,,,,,,,,,,,,,,,
Pure | Short Brown hold 6m,corrected,24,backward,full_live_1999,329,0.006786542765240202,0.01707714796209375,-0.0006190815394166436,-0.009671523657436903,0.0023244699457774963,-0.01593683945032931,-0.0012711494410934995,-0.007164587569516502,0.01462871283667185,0.00028385927887329226,-0.0030451794385376024,0.024914785969218572,0.00046591407050766015,-0.0002543487064864705,0.013420990341800186,0.0004407143199290957,-0.0015318778886738238,-0.032300032769265075,-0.0005384197676331922,0.0,12.0,-0.023979715832036955,0.0033843322268365637,0.156,-1.4048014596078848,0.16102663646997686,-0.0027726998693857062,0.03667860236372931,0.094,1.6487862230682013,0.1001488590591799,1000.0,,,
Pure | Short Brown hold 6m,corrected,24,backward,post2010,199,0.013727663633285606,0.02857615463889109,0.0005978751070209131,-0.015446366112626394,-0.0019283648140455004,0.002644440078435088,0.00034450542786640165,-0.009239453882367911,0.034103935766014226,-0.0003053930328393837,0.002729194047297504,-0.016110278484788923,5.945421366446759e-05,-0.0020184024271355525,0.02889861522368249,0.0009687280524328702,-0.004989339036374931,-0.05376182483978096,-0.00046941955410344287,-1.734723475976807e-18,12.0,-0.028250584092792214,-0.001684226170419164,0.02,-2.1810731907026417,0.030356289353213217,0.0025078778569578137,0.05532052351261588,0.026,2.2361088324716225,0.026460666063301184,1000.0,,,
Pure | Short Brown hold 6m,corrected,24,backward,validation,151,0.02395367538649723,0.04144589753319403,0.00045733812322505544,-0.01794956026992187,-0.0018453285870553002,0.0061665805907307565,0.0008052165749904399,-0.012008676945212026,0.028011842671239538,9.549997753082144e-05,0.0031931682706437055,-0.0197031777758056,0.000289675858690652,-0.001207750168865454,0.02953778857545791,0.0008666504536735677,-0.006080972839432798,-0.06892716598986552,-0.0015997047416604253,1.0408340855860843e-17,12.0,-0.035874670887659915,0.0005928218273571082,0.056,-1.911373805582282,0.05786368514954461,0.013303097989226305,0.07326786347816486,0.002,2.7608068761429445,0.006485931373253867,1000.0,,,
Pure | Short Brown hold 6m,corrected,24,backward,pre_covid,120,0.016584468161047916,0.02533759762919122,-0.006640232623763285,-0.0021128968443800255,-0.0012135965488258222,-0.011680226778161894,-0.0015346649963826902,-0.004765114481313351,0.0088423192760864,-1.7773061744933674e-05,-0.0002030860579643256,-0.040252077602758986,0.0009451187821127811,-0.0032342381610446186,-0.0033814232983522315,-0.000107596889353568,0.007303138404768092,-0.1693920270294352,-0.005925316458394874,6.938893903907228e-18,12.0,-0.014976255599101405,0.012563012749793389,0.754,-0.3023285425759928,0.7629294046843028,-0.000523157846296938,0.05163696774989934,0.052,1.9117971117695052,0.05830670027101579,1000.0,,,
Pure | Short Brown hold 6m,corrected,24,backward,covid,24,0.06865790339725321,0.10590017977884661,0.022781739617342506,-0.0600240159989359,0.0029201804886907854,0.06787012045230706,0.015901969221975547,-0.045848262968557006,0.05238429433330307,0.002587784140065166,0.004968193604130455,0.04362042588275048,-0.0029509218109680705,0.006038188979856259,0.11977325780212655,-0.0006946848952523357,-0.028102316103056392,0.27907226028188714,0.007937592961522202,-6.938893903907228e-18,3.0,-0.08601698790521108,-0.017192517228582335,0.008,-4.47776621490773,0.00017110127282006485,0.015309349447767996,0.20473329422720557,0.026,2.2308294289095443,0.03573191908722134,1000.0,,,
Pure | Short Brown hold 6m,corrected,24,backward,inflation_rates,36,-0.014295008625267041,0.005954767575329459,-0.0055105992752568535,-0.014739176925339638,-0.011166199973904263,0.02086778218942019,0.0011957239194537752,0.0002178269096970247,0.11235529439875878,-0.006310622368730282,0.012600579669239147,0.025414337912685356,0.0010241978178812193,-0.00020236894734518138,0.1091736471772469,0.005633360194345939,-0.01618901458302637,0.08425457572959205,-0.007053258838207504,-1.0408340855860843e-17,4.0,-0.044427461613941135,0.010406957059961208,0.31,-0.9957308756718941,0.32621553072154696,-0.04096180932114008,0.06971291804124681,0.824,0.22785423466665866,0.8210854601020443,1000.0,,,
Pure | Short Brown hold 6m,corrected,24,backward,holdout,48,-0.01844166500702598,-0.011909911549436988,-0.0023107835962425756,-0.0042209698613464115,-0.0022034605452935906,-0.008435626949828363,-0.001090937455286552,0.0004544293854858675,0.053268645293326304,-0.002548904677285661,0.0007536194776530209,-0.004807616131798964,-0.00014879571927917763,-0.004533724068201781,0.026887882387888973,0.001254991910454718,0.0013081658890100713,-0.006054189138473287,0.00022286234515409725,-5.204170427930421e-18,6.0,-0.01896817680445488,0.014374895169947456,0.704,-0.5256454136776822,0.6016059793030029,-0.04460622332700496,0.0230203345801725,0.496,-0.7496772579455061,0.4571853465024573,1000.0,,,
Pure | Short Brown hold 6m,corrected,24,backward,last18,18,-0.013456275285000225,-0.0004859923391686803,-0.007442182287526723,-0.005528100658304826,-0.0004367021805577109,-0.020865621503145363,-0.0024760537517065817,-0.0029218939424196454,0.022401205125466044,-0.0005779510922370223,-0.0020171909877462614,-0.019683816365100117,-0.002236081539075369,-0.005358349099204321,-0.03712275384625767,-0.0020887736164160982,0.005206035551623114,-0.011401009782100617,-6.332228809165104e-05,4.336808689942018e-18,,,,,,,,,,,,,,,
Pure | Short Brown hold 6m,corrected,24,backward,last12,12,0.00021883932556903936,0.024838757833122123,-0.010051856995884803,-0.014568061511668277,-0.009363113262479262,0.007132063838389129,0.001039141701253296,-0.00025790843871049745,0.005576261381653356,0.00019907253132502538,0.0006725963327777018,-0.03275246168059946,-0.005960948025869092,-0.009372078404127498,-0.07229566406042266,-0.0059788514177969545,0.0037524422608712746,-0.0532262821865962,0.0006497282152029207,-3.469446951953614e-18,,,,,,,,,,,,,,,
Pure | Short Brown hold 6m,corrected,36,centered,full_live_1999,329,0.006786542765240202,0.008188354703653764,-5.2381273816060156e-05,-0.0013494306645975038,0.005132705537640031,-0.013119622842521349,-0.0010464434491924254,-0.0008083066524584657,0.02248914998405402,0.0004363852082012187,-0.0007837955525854416,0.026899840654812674,0.0005030351964883567,-0.0025662553781328526,0.01964216804794659,0.0006450034246893487,-0.002323778619060775,-0.03541604880857766,-0.0005903616540025589,2.3852447794681098e-18,12.0,-0.00948960016235909,0.0057779566755829705,0.702,-0.3271140914992605,0.7437902537373839,-0.0060486970855210065,0.021865755952783904,0.256,1.139848763318079,0.2551809959068067,1000.0,,,
Pure | Short Brown hold 6m,corrected,36,centered,post2010,199,0.013727663633285606,0.012980147331001215,0.0019874749435812565,-0.001239958641296866,0.0014130717484160393,0.011236070675499135,0.0014637833419506522,0.0015953728666904818,0.05066129365926767,-0.0004536604286473116,0.00011944762614539954,-0.017809034023101543,6.572338988224043e-05,-0.0019870071908873084,0.037891786417208036,0.0012701936122206602,-0.0023808436916614786,-0.041065837672130484,-0.00035856497182498536,0.0,12.0,-0.008147314015400517,0.005858036845695329,0.722,-0.3595922141717979,0.7195353308606519,-0.0019913851301477424,0.02730514354865574,0.098,1.695627802758508,0.09152821316843099,1000.0,,,
Pure | Short Brown hold 6m,corrected,36,centered,validation,151,0.02395367538649723,0.0223458508168325,0.002355239662091178,-0.0007474150924264403,0.002131461541436583,0.0103520747936281,0.0013517478749730059,0.0014351791257196523,0.06283831477083371,0.0002142328771127485,0.0006552661358755851,-0.01806906490885768,0.0002656511529646627,-0.002086336331472704,0.05327652085708003,0.0015631542914252144,-0.0028829855639855564,-0.044791388475434506,-0.0010395465343844541,-8.565197162635485e-18,12.0,-0.008209302625698158,0.007508347174657358,0.85,-0.1789075735085952,0.8582516979211412,0.00953257229136925,0.03732622255109402,0.002,2.7426860627283722,0.006836384127546272,1000.0,,,
Pure | Short Brown hold 6m,corrected,36,centered,pre_covid,120,0.016584468161047916,0.019291212584765752,-0.0020402814999689696,-0.0006664629237488691,0.0008077986298228206,0.002288923017670689,0.00030074159529175164,-0.000265637632720828,0.02729297811544644,-5.485888601204737e-05,0.000489885131904306,-0.02737133837133341,0.0006426790249589086,-0.000643648145786329,0.020355103513524972,0.0006476993938003646,-0.001054860906968839,-0.1022456454046619,-0.003576542628007947,3.0357660829594124e-18,12.0,-0.006776321999020972,0.00593991971622071,0.788,-0.1949360860346831,0.8457754113822481,0.004653290766251788,0.03351323945445347,0.008,2.2004370556313764,0.029706823397788674,1000.0,,,
Pure | Short Brown hold 6m,corrected,36,centered,covid,24,0.06865790339725321,0.04000686108923962,0.025933785389381427,0.0027172569186321716,0.004274553938019872,0.05453726312179696,0.012778080749437029,0.007099919320760338,0.20421852376117142,0.010088395073801847,0.0028117157650937355,0.027927876622869444,-0.001889320853537118,-0.007276892929300446,0.19378394971193316,-0.001123946908329215,-0.004192039175941329,0.21378275088835194,0.0060805773280088815,-1.0408340855860843e-17,3.0,-0.0060665606557639175,0.010778069527604751,0.588,0.6360668126266823,0.5310120584013497,-0.0037595970626959053,0.09217293947273264,0.08,2.2656513024113902,0.03319778181785748,1000.0,,,
Pure | Short Brown hold 6m,corrected,36,centered,inflation_rates,36,-0.014295008625267041,-0.008091425310964,-0.002929684187506739,-0.003273899126796291,-0.0022210674834567063,-0.009646040061490347,-0.0005527180955233962,-0.001041728855090266,0.05633881053490971,-0.0031643631917107604,-0.0005516436889212316,-0.003206191444549549,-0.00012920951521534673,0.0011250313032841867,0.029873561205706094,0.001541475758214434,-0.0005844904026122748,0.007464363035661406,-0.0006248691432716697,-1.0408340855860843e-17,4.0,-0.013971937430960623,0.005622323493179232,0.544,-0.6835537846298753,0.49875761162892,-0.04046897127971072,0.032080607889305474,0.67,-0.4742949587742879,0.6382354086725184,1000.0,,,
Pure | Short Brown hold 6m,corrected,36,centered,holdout,48,-0.01844166500702598,-0.016482794884843027,0.001285604455519932,-0.0032444745777028797,-0.0008433797729369419,0.014016974387218446,0.001812745212627024,0.00013573296939688818,0.01235441474579956,-0.0005911587455865084,-0.0016034920588269695,-0.01699102019499368,-0.0005258720750350533,-0.0008355774566556251,-0.010506024008222585,-0.0004903686705837892,-9.775825868023132e-05,-0.02934587577006992,0.001080258734098259,-4.7704895589362195e-18,6.0,-0.009338131831064704,0.004557184799119483,0.454,-1.002276072196359,0.32134270931583214,-0.0461957052452252,0.010927585577477056,0.258,-1.2506269898525364,0.217261027112816,1000.0,,,
Pure | Short Brown hold 6m,corrected,36,centered,last18,18,-0.013456275285000225,-0.012756683003271067,-0.0006995922817291603,-1.8456828633711009e-34,-4.81482486096809e-35,0.05261423313654587,0.006243555665536773,0.0,-0.00647377290442981,0.00016702334093428862,-8.024708101613482e-36,-0.042857016472751606,-0.004868557071304573,-1.2839532962581572e-34,-0.033074206373179524,-0.0018609753452642347,0.0,-0.06853301783151552,-0.0003806388716314133,2.2768245622195593e-18,,,,,,,,,,,,,,,
Pure | Short Brown hold 6m,corrected,36,centered,last12,12,0.00021883932556903936,0.0024826970193297868,-0.002263857693760748,4.513898307157584e-35,2.407412430484045e-35,0.05261423313654587,0.007665893767994733,-3.009265538105056e-36,-0.006473772904429811,-0.00023111369268814487,0.0,-0.04285701647275159,-0.007799976998040777,0.0,-0.03307420637317953,-0.002735236867061947,2.407412430484045e-35,-0.06853301783151554,0.0008365760960353874,4.3368086899420173e-19,,,,,,,,,,,,,,,
Pure | Short Brown hold 6m,corrected,24,centered,full_live_1999,329,0.006786542765240202,0.006768145574779341,-0.00044464164901725754,0.0004630388394781165,0.00340456662669735,-0.012316356624617485,-0.000982373568390766,-0.0014247374267289997,0.014639723929950265,0.0002840729409386096,-0.0005134147875735525,0.028201772735476638,0.0005273817221208095,0.0005532321289360176,0.008792842625769773,0.00028873664009655415,-0.0015566077018526994,-0.0337421796517901,-0.0005624593837824646,2.3852447794681098e-18,12.0,-0.009177435708383398,0.01055337684090125,0.92,0.08695687592479003,0.9307588509072119,-0.007171619260066256,0.020712914993581754,0.308,0.9854671396614357,0.3251210339852657,1000.0,,,
Pure | Short Brown hold 6m,corrected,24,centered,post2010,199,0.013727663633285606,0.011882944465601022,0.0011687697250527221,0.0006759494426318598,0.0016525648727758616,0.008466101712195261,0.0011029245912980883,0.0031730195832216854,0.03795300698861019,-0.00033986059524474053,-0.0005452358582613592,-0.026847675021650575,9.908006299447383e-05,-0.0010640501158769235,0.022797348266270355,0.0007642037729378707,-0.002540349039227405,-0.05240564399246974,-0.00045757810693297033,1.1926223897340549e-18,12.0,-0.007363251466887331,0.009191726908331263,0.846,0.17255120437381213,0.8631804591107478,-0.003065132245994579,0.02670081710580444,0.118,1.5675865967875908,0.11857439313598107,1000.0,,,
Pure | Short Brown hold 6m,corrected,24,centered,validation,151,0.02395367538649723,0.020896610237647398,0.0018949200069495456,0.0011621451419002926,0.0020820970676435875,0.0108859036133311,0.001421453898839549,0.004110197316157343,0.050619651284871565,0.0001725761356387533,0.0001333731983082053,-0.028873097821345388,0.00042449190174428334,-0.0016308873077272867,0.036245642119646544,0.0010634615420323317,-0.0035326351324815562,-0.05114751416079735,-0.0011870634713053712,-5.204170427930421e-18,12.0,-0.00788134355466199,0.010290297594853098,0.814,0.24670389161532438,0.8054747022153096,0.007809852103395796,0.034809880654038484,0.004,2.618925522078933,0.009726303175660303,1000.0,,,
Pure | Short Brown hold 6m,corrected,24,centered,pre_covid,120,0.016584468161047916,0.019128029334637853,-0.004858072944304268,0.0023145117707143266,-3.530434752635325e-05,-0.004824910190717004,-0.0006339449499583067,0.0018604708909696274,0.005111170371166469,-1.0273452446044609e-05,-0.0001473470234005643,-0.05142155577892793,0.001207378129689228,0.0012363028634835508,-0.007096145200978226,-0.00022579934029512714,-0.0005996106128119339,-0.148526241503494,-0.0051954333312940176,4.336808689942018e-18,12.0,-0.005046919900042101,0.010181720588640754,0.574,0.5127296811847172,0.6090908673865751,0.004205263639638524,0.03405785831903395,0.01,2.201996157354238,0.02959359985583321,1000.0,,,
Pure | Short Brown hold 6m,corrected,24,centered,covid,24,0.06865790339725321,0.03396232773442502,0.03996367306100286,-0.005268097398174686,0.0054547356129214155,0.0895237749672484,0.02097542047482631,0.007935094071523895,0.27323324022780365,0.013497722067253472,0.009127617635876745,0.08431006318820633,-0.0057035757746821585,-0.009318837904476743,0.24421424222230045,-0.0014164426048893458,-0.018466706814019993,0.44336543856026295,0.012610548898494589,1.3010426069826053e-17,3.0,-0.019044940202674134,0.010229561474747077,0.464,-1.3358979457677531,0.1946516775517899,-0.009122706534054593,0.0842365713304669,0.14,1.8374876648381293,0.07909233710201483,1000.0,,,
Pure | Short Brown hold 6m,corrected,24,centered,inflation_rates,36,-0.014295008625267041,-0.009079866266305638,-0.001218652791376544,-0.00399648956758485,-0.004317573682015263,-0.019245760034490737,-0.0011027820499763179,-0.00273205024162397,0.03202308393008365,-0.0017986298807396973,-0.003265215997914953,-0.0008472877177992227,-3.4145695027308654e-05,0.0010674991686038331,0.012645076378778037,0.0006524859411449465,0.0052508511853655015,-0.012714996614211745,0.001064418893221833,-8.673617379884035e-18,4.0,-0.015472532758199063,0.005887712407286326,0.474,-0.8075324251340696,0.4248141266046439,-0.04360926937686733,0.03206951781475434,0.656,-0.5023212672618065,0.6185874657011359,1000.0,,,
Pure | Short Brown hold 6m,corrected,24,centered,holdout,48,-0.01844166500702598,-0.016472545775628192,0.0007315617911263278,-0.0027006810225241157,0.0002917939048679625,0.0008538082315387637,0.00011041874954375052,-0.0018177213443406393,-0.0018941448600453999,9.06348315531723e-05,-0.0029709049903563697,-0.020476032464277323,-0.0006337332047693818,0.0014524844953306476,-0.01950874281414224,-0.0009105705708500891,0.00034366691197428327,-0.05636351075460575,0.002074811985648876,-4.336808689942018e-19,6.0,-0.009656272864162613,0.006062456757975623,0.6,-0.7339145518530439,0.46664636422908484,-0.04788331320782573,0.013303896159929824,0.304,-1.16331612348177,0.25057346666805425,1000.0,,,
Pure | Short Brown hold 6m,corrected,24,centered,last18,18,-0.013456275285000225,-0.01646105287731191,-0.003985099551813974,0.006989877144125651,0.005118895872130513,0.044522889115277305,0.00528338284167957,-0.0015697705866168058,-0.04313758900392243,0.0011129497963011956,-0.0023292997168278436,-0.061814139212551265,-0.00702208621454581,0.004189304540866822,-0.044389380026786565,-0.002497642449507191,0.001580747034572966,-0.1551474310598618,-0.0008617035257417374,8.673617379884035e-18,,,,,,,,,,,,,,,
Pure | Short Brown hold 6m,corrected,24,centered,last12,12,0.00021883932556903936,0.005800691590558718,-0.005581852264989678,-7.222237291452134e-35,-2.407412430484045e-35,0.049621227555120224,0.007229812854781017,0.0,-0.052890974525703294,-0.001888207790567613,0.0,-0.060690983033055555,-0.011045758912016092,0.0,-0.02305488522629073,-0.0019066390082142432,-4.81482486096809e-35,-0.16621252072934528,0.0020289405910272557,-1.734723475976807e-18,,,,,,,,,,,,,,,
Pure | Short Brown hold 6m,corrected,36,structural,full_live_1999,329,0.006786542765240202,0.011781790341008815,0.0014688295379090216,-0.006464077113677637,-0.0009696734977348337,0.008673436646569645,0.0006918080702268141,-0.00014236197949898726,0.011035485632191398,0.00021413538077784175,-0.0025144613221222485,0.01749584984915031,0.00032717771006660263,-0.0015417569499762429,0.017161256161610947,0.0005635360093239513,-0.001295823364345325,-0.019666520266373826,-0.00032782763248618803,2.6020852139652106e-18,12.0,-0.01760416412726516,0.005572663006944275,0.286,-1.1319526594476628,0.2584811990782447,-0.004061236922707615,0.02845673745876643,0.154,1.3745318196245226,0.17021499126224326,1000.0,,,
Pure | Short Brown hold 6m,corrected,36,structural,post2010,199,0.013727663633285606,0.02091776465250528,0.001792796518380945,-0.008982897537600624,8.494217283108702e-05,0.011014973431831528,0.0014349798152037481,-0.0010823698843990834,0.0010489081307687588,-9.392735120753408e-06,-0.0007414635286406698,-0.008007563013347659,2.9551529030163584e-05,-0.0038045943935819957,0.023379727587784747,0.0007837260642843944,-0.0034394119038099634,-0.051087428734002995,-0.0004460681550166073,3.469446951953614e-18,12.0,-0.014953078171008822,-0.002090219847036549,0.0104,-2.620567856647176,0.009459282915353622,0.0008782848624607368,0.04454711975483276,0.0404,1.9367209775392638,0.0542027004838152,5000.0,,,
Pure | Short Brown hold 6m,corrected,36,structural,validation,151,0.02395367538649723,0.030228546622806565,0.0004415414706614078,-0.006716412706970741,0.0006991116967143465,0.012088418482248757,0.0015784752642264575,-0.0014175365780611773,0.0014848333378963345,5.062200015556483e-06,-0.0012690341879229912,-0.0137403750356373,0.00020201081178221735,-0.0036768232673988453,0.02518889155851751,0.0007390520871579867,-0.0010521303703020742,-0.08975365410395551,-0.0020830588925208103,-8.673617379884035e-19,12.0,-0.014569025614265143,0.0009082117359334138,0.106,-1.6255133518876639,0.10615243993388591,0.007507834237241314,0.058883142595634486,0.012,2.3661527729217604,0.019251901210123497,1000.0,,,
Pure | Short Brown hold 6m,corrected,36,structural,pre_covid,120,0.016584468161047916,0.022132372722880645,-0.002427804124445869,-0.0031201004373868596,-4.9787119243809626e-05,0.008726472020147012,0.001146571158727115,-9.843179126473676e-05,-0.0033158346058267817,6.664827557711835e-06,-0.0024206594159373986,-0.03273360642739534,0.0007685850789152426,-0.0035947014657707567,0.01123837101275123,0.0003576049656257441,0.0030434793548298413,-0.13456956489907956,-0.004707230155271682,-4.336808689942018e-19,12.0,-0.009819329118292551,0.004210383496822296,0.448,-0.7351080825222996,0.4637199412501196,0.002985674850238314,0.04161714123823421,0.024,2.0373545087406333,0.043832454533856875,1000.0,,,
Pure | Short Brown hold 6m,corrected,36,structural,covid,24,0.06865790339725321,0.08039777878320245,0.0061363809840958095,-0.01787625637004504,0.0012489687363956138,0.0324239395167467,0.007596929028773753,-0.009708492866003782,0.025921249446731676,0.0012805097226685422,0.0067708256490711174,0.07721817253775869,-0.005223809372179375,-0.0017047226332038892,0.10228825432524986,-0.0005932718750864506,-0.014482835256304102,0.10814775075801113,0.0030760234799193406,-1.0408340855860843e-17,3.0,-0.03025196133915332,-0.001727405528195051,0.026,-1.9692061705685626,0.06109168274677061,-0.006660422890547054,0.1705150057528921,0.072,1.7377095415744441,0.09563580135647147,1000.0,,,
Pure | Short Brown hold 6m,corrected,36,structural,inflation_rates,36,-0.014295008625267041,-0.006361540759659218,-0.0021680433871943466,-0.00576542447841347,-0.0004903047541970743,0.006216597684348352,0.0003562110473131601,-9.860606285172895e-05,0.008975597795584656,-0.0005041294095186712,0.0008194612524898843,0.02184832989507837,0.0008804876947716576,-0.0033179146100528172,0.029156657622692945,0.0015044835333309556,-0.002678060303801735,0.05262099752269386,-0.004405096253091449,-6.071532165918825e-18,4.0,-0.01399388274321149,0.0023352330937025587,0.198,-1.5848893780807576,0.12198654899106146,-0.04084922628545537,0.030015426621864426,0.772,-0.38087492662475597,0.705598174719384,1000.0,,,
Pure | Short Brown hold 6m,corrected,36,structural,holdout,48,-0.01844166500702598,-0.008372403629067505,-0.00045787308486766533,-0.009611388293090807,-0.0018513622730341696,0.00763809421072733,0.0009877965338023112,-9.82856291693382e-05,-0.00032243991665340785,1.5428750011865553e-05,9.487639878804179e-05,0.01002690814010516,0.00031033280693625406,-0.004107884146314566,0.017688399263187927,0.0008256060356092965,-0.0036487326433607744,0.07055007190897263,-0.0025970372112273927,-1.734723475976807e-18,6.0,-0.01664205972117135,-0.0014470437817051705,0.014,-2.6941765236381996,0.009753999706732224,-0.041586678703594275,0.02746436309308515,0.624,-0.5763739733079597,0.5671125819010264,1000.0,,,
Pure | Short Brown hold 6m,corrected,36,structural,last18,18,-0.013456275285000225,-0.0014748811485399633,-0.001023936420444408,-0.010957457716015867,-0.0029066171084514603,0.008255596095070233,0.0009796640699483337,-0.0010384025668671284,-0.011632710806181825,0.00030012393879949025,-0.0006805168583120927,-0.01990529435342559,-0.002261241438549143,-0.0043296328423954875,-0.008538550305496747,-0.0004804357638559503,-0.0020022883399896984,0.0788522335811845,0.00043795277321286144,1.214306433183765e-17,,,,,,,,,,,,,,,
Pure | Short Brown hold 6m,corrected,36,structural,last12,12,0.00021883932556903936,0.017994788093166163,-0.0065604195146480825,-0.011215529252949044,-0.005177562947529453,0.013112029921570794,0.0019104227595728646,-0.0005207435806877287,-0.00474719359069105,-0.00016947481118767096,0.0020328456138903927,-0.03094616135119122,-0.005632201365916792,-0.006729672503164462,-0.01667269148362823,-0.0013788315856960547,-0.0008203958354577935,0.10570528909309822,-0.0012903345114204285,1.734723475976807e-18,,,,,,,,,,,,,,,
Pure | Short Brown hold 6m,corrected,36,backward_eom,post2010,199,0.013727663633285606,0.018347500178437545,9.699905796635162e-05,-0.004716835603118292,0.00047663073110311167,-0.0036669525774720127,-0.0004777136290474693,-0.003591399783677703,0.04656290273082966,-0.00041696026465496707,-0.0008153313451610903,-0.010589592655762469,3.9080386162773875e-05,-0.001476699207119421,0.051626654579655915,0.0017306084792460736,,,,8.673617379884035e-19,12.0,-0.013284141050902415,0.0047653134027681775,0.3516,-1.035073544390104,0.3018970841766338,-0.00266710704325922,0.041611497038644044,0.0992,1.7124994203839738,0.08837018150425256,5000.0,0.0006899640017368096,-0.08147392096505779,-0.0007780159137400597
Pure | Short Brown hold 6m,corrected,36,backward_eom,validation,151,0.02395367538649723,0.028877771861266728,-0.002294047819311989,-0.0026300486554575123,0.001637863067199708,-0.007830652553119365,-0.001022506904108378,-0.003438381779267095,0.0322297560305058,0.0001098799894338033,-0.001842282646479215,-0.014751023701793566,0.0002168693550859717,-0.0016016018515653727,0.04664443468206724,0.0013685662477843094,,,,3.903127820947816e-18,12.0,-0.013046734459877354,0.007577442260763834,0.616,-0.4797920442046923,0.6320741266412133,0.00539153511030187,0.055885071517848606,0.014,2.2814466420161956,0.023929298919222755,1000.0,0.0026143545546544623,-0.11179447561671478,-0.002966856507507695
Pure | Short Brown hold 6m,corrected,36,backward_eom,pre_covid,120,0.016584468161047916,0.019676317029021517,-0.005452305458055387,0.0023604565900817824,0.0017390497448045179,-0.014566801104359773,-0.0019139319971018293,1.7831381886341742e-05,0.027798671714023112,-5.587533014518648e-05,-0.0011827451381854147,-0.009999596182189338,0.00023479051835780567,-0.0019649226197866626,0.03168830829237861,0.0010083219698634872,,,,4.336808689942018e-18,12.0,-0.007598413960126728,0.012615044340117667,0.69,0.43494587977946164,0.6643894774409004,-0.003387034237497771,0.04235027710904485,0.092,1.6789161207084573,0.09579239242923519,1000.0,0.0037512432213629996,-0.1290301592519579,-0.004725610619029664
Pure | Short Brown hold 6m,corrected,36,backward_eom,covid,24,0.06865790339725321,0.08649206520374417,0.003360403130775325,-0.021194564937266278,0.005048409820074261,0.009130345619617468,0.0021392399786763733,-0.018558206358964952,0.012597619083520242,0.0006223223827258986,-0.0021849014591610785,-0.030112741931240347,0.0020371269916484094,-0.0014984862721905742,0.08069795476991011,-0.00046804813766547975,,,,-6.938893903907228e-18,3.0,-0.03275048924969376,-0.004386701639615256,0.018,-3.249917124298376,0.0035305269622483712,0.012744549581817376,0.16245686117125052,0.012,2.50892494122308,0.019604110445649633,1000.0,-0.004001380667023935,-0.033747926717944056,-0.0009702380846098769
Pure | Short Brown hold 6m,corrected,36,backward_eom,inflation_rates,36,-0.014295008625267041,-0.005079091755054516,-0.005753375305129687,-0.003462541565082831,-0.004791870167675177,0.013597018670701682,0.0007791091698312054,-0.0007603724201878698,0.15708625153252187,-0.008823011127743308,-0.001667343605319646,-0.014834192586342186,-0.0005978179612295897,-0.0025948897151908926,0.14152910392719312,0.0073029017626431636,,,,-6.5052130349130266e-18,4.0,-0.017772573120220087,0.00902189204715261,0.586,-0.6109473736069888,0.5451819976584261,-0.038652247238656956,0.041578119836965674,0.784,-0.32370282558965047,0.7480894242341738,1000.0,0.0063519343432907535,0.05128312309294632,-0.004414557148631159
Pure | Short Brown hold 6m,corrected,36,backward_eom,holdout,48,-0.01844166500702598,-0.014778979490462606,-0.000557791894851957,-0.003104893621711413,-0.0031600072479112985,0.00943135359591862,0.0012197098037921746,-0.001761504226042081,0.0916525933922651,-0.004385576593819881,0.0018176484393133642,0.0025015758432103516,7.742377234736023e-05,-0.001355465578496444,0.06729988800748692,0.003141222272749452,,,,-4.336808689942018e-18,6.0,-0.015705150933556726,0.01405711006675775,0.768,-0.4678427630516703,0.6420592399870226,-0.04674522004799939,0.012952866315836576,0.326,-1.1319231899943691,0.2634089240708826,1000.0,0.001354434991425047,0.013909490543279857,-0.0006105711499210635
Pure | Short Brown hold 6m,corrected,36,backward_eom,last18,18,-0.013456275285000225,-0.02550031423939994,0.0030691214110685275,0.008974917543331185,-0.0023628706697939542,0.01758481903805865,0.0020867318591829584,-0.0008892961744144156,-0.0021197820401305566,5.4690376635368204e-05,0.0002737685190996602,0.019546624199404544,0.002220496509052352,0.004138181513071409,-0.031225996282816613,-0.0017569827241798149,,,,3.469446951953614e-18,,,,,,,,,,,,,0.007815134355368484,-0.09601506079707496,0.0004641853903776638
Pure | Short Brown hold 6m,corrected,36,backward_eom,last12,12,0.00021883932556903936,-0.01938688043143988,0.009038016979836574,0.010567702777172347,-0.005454613791401122,0.029932907283607882,0.004361224591221668,0.00037100490502188943,-0.00544632040643486,-0.00019443363850972506,-0.0008044669013423684,0.0286221812444781,0.005209236986495005,0.006701917359922314,-0.040361248780690334,-0.003337875274163091,,,,-3.469446951953614e-18,,,,,,,,,,,,,0.009753861204971636,-0.11895934925215074,0.002999864314792715
Continuous | raw attention,corrected,36,backward,full_live_1999,329,0.001996292560954489,0.003794109132427256,0.0005986674796171765,-0.0023964840510899443,0.0003018039019386115,-9.09895354495126e-05,-7.25748022325814e-06,-0.0003083781188329341,-0.0031478469970512863,-6.108162683639947e-05,-0.0020209794806931706,0.01506852191497563,0.0002817859399078905,0.001427504846556192,0.018520048266920327,0.0006081556032112474,-0.0017964352000586427,-0.01337396364579016,-0.0002229349564423039,4.336808689942018e-19,12.0,-0.008235875434479614,0.004862175808977587,0.472,-0.7611275780038388,0.44712771917571054,-0.0031730133992983775,0.011054182777366112,0.322,0.9487175017595315,0.3434627768993507,1000.0,,,
Continuous | raw attention,corrected,36,backward,post2010,199,0.0032093707017422494,0.007763286137154631,0.001101827913407533,-0.005655743348819915,0.00014106178080519768,0.004065483784371099,0.0005296324322264514,-0.001204458554270237,-0.004377371914831423,3.91983756393447e-05,-1.4150987649643959e-05,0.00789000317906294,-2.9117680073888723e-05,-0.0009530380168007693,0.018793607383169812,0.0006299919403600462,-0.0036251575709044625,-0.0077738553328097915,-6.787715474442054e-05,0.0,12.0,-0.009944213049541534,-0.0016074666194473503,0.0032,-2.612941666650005,0.00966561182011874,-0.00023572936571809232,0.017047199875524156,0.0596,1.8463236292291327,0.06633791667537635,5000.0,,,
Continuous | raw attention,corrected,36,backward,validation,151,0.005744372679639199,0.010608473380769515,0.0004342890461417774,-0.005298389747272092,0.000532776469942796,0.0032215419975445063,0.00042066084684757953,-0.0012819350910117698,-0.008431135535444497,-2.8744030289051684e-05,-0.00012834272209717317,0.007883827841732784,-0.00011590793250759462,-0.0008385536450152703,0.02056691961613462,0.0006034415938233299,-0.003582334759090675,-0.01918086200423639,-0.0004451614317324859,-8.673617379884035e-19,12.0,-0.010097890368009442,-0.0009483097652788181,0.006,-1.978417095824066,0.049713175059277775,0.0014237432315050574,0.021787423703216516,0.032,2.048485654397805,0.04225580208900049,1000.0,,,
Continuous | raw attention,corrected,36,backward,pre_covid,120,0.0015223589707874944,0.006009078440929076,-0.0018539981848582224,-0.002632721285283359,0.00046188680280267113,-0.0031814941034685254,-0.00041801651025472926,-0.00046455232526316576,-0.012064401461789808,2.4249446938197526e-05,-0.001278266330316338,0.005224687739968129,-0.0001226756681344517,-0.0007975374691861033,0.015714556762821477,0.0005000371961929793,-0.0005542519633204234,-0.05253281338740402,-0.0018375926496002185,-4.336808689942018e-19,12.0,-0.006582415124886035,0.0014633725530179208,0.248,-1.128472929890157,0.26139016079754634,-0.0027611101505063333,0.015373186545073489,0.204,1.2889064714488154,0.19993058336903927,1000.0,,,
Continuous | raw attention,corrected,36,backward,covid,24,0.03009435719193835,0.03091129939054909,0.0075900478630728935,-0.008406990061683637,0.002283371984069167,0.025930935714681917,0.0060756182379499745,-0.004991307063180501,-0.003893751350060862,-0.00019235131669300619,0.004230119239707387,0.01487238759490414,-0.0010061170207952652,-0.0013312212763617408,0.034501797257926424,-0.0002001104240959737,-0.008597952945917947,0.10241641750077386,0.002913008386707164,3.469446951953614e-18,3.0,-0.01492558951023189,-0.0009945979095302225,0.018,-2.318505956645391,0.029663405109627235,-0.0006868361896286967,0.06692544611030514,0.064,1.696863054448475,0.10321637828183432,1000.0,,,
Continuous | raw attention,corrected,36,backward,inflation_rates,36,-0.0033452638033629953,0.006443592810406875,-0.0035293421533844835,-0.0062595144603853885,-0.002631347840045274,0.013580565771010963,0.0007781664186789271,-0.0005043583113668711,0.023373281690583142,-0.0013127993216210858,0.0013560333619003632,0.01476016298441302,0.0005948345682718444,-0.0009848018609363918,0.033780129566388956,0.0017430546856256697,-0.0034950398099372147,0.06370045886953343,-0.005332598504339839,1.734723475976807e-18,4.0,-0.011879426038752397,0.00035756606407810564,0.064,-1.949211946549996,0.05931994828944057,-0.0031042940029870998,0.017182842924231174,0.188,1.3140150053357953,0.19738870531493083,1000.0,,,
Continuous | raw attention,corrected,36,backward,holdout,48,-0.004765323020391908,-0.0011871987333838528,0.0002951855114959819,-0.003873309798504035,-0.0010878821268894645,0.006720383988763093,0.0008691136593467863,-0.00030704823060232904,0.008375092808347202,-0.0004007481908794133,0.0003441903149015727,0.007909429761080715,0.00024479685110544765,-0.0012164849134053348,0.013215062650301349,0.0006168130492028155,-0.0016060848425084803,0.028110686487719704,-0.001034789857279654,-1.734723475976807e-18,6.0,-0.00734307561116928,0.0002251680508449207,0.072,-1.7855782999333312,0.0806207689410799,-0.012031091492406994,0.00893007065090849,0.876,-0.2678417826786242,0.7899930921277891,1000.0,,,
Continuous | raw attention,corrected,36,backward,last18,18,-0.007281203981908168,-0.007275890290370218,0.0004850586737154068,-0.0004903723652533591,-0.0008147593027295181,0.004541568063213435,0.0005389327435013272,0.00010862480919356149,-0.008378946828663521,0.00021617682817951824,0.0002681131594284451,0.002569450568647299,0.00029188958459833267,-0.0004335703654013793,-0.010005590554475665,-0.0005629812285318308,0.0003812193342555316,0.000187383547248842,1.0407459680593723e-06,2.2768245622195593e-18,,,,,,,,,,,,,,,
Continuous | raw attention,corrected,36,backward,last12,12,-0.004694276887668405,-0.003624999391349302,9.405109639849174e-05,-0.0011633285927175993,-0.0015736113134652266,0.007631919349238052,0.001111970649183984,1.6526014401275905e-05,-0.009345945541177422,-0.00033365025582003487,0.00042843796969189144,0.0025154302146793137,0.00045780829907163435,-0.00047468974171325975,-0.013714886131201814,-0.00113422108305039,0.00044000847836771966,0.0006436121557415302,-7.856512986701819e-06,4.9873299934333204e-18,,,,,,,,,,,,,,,
Continuous | raw attention,corrected,24,backward,full_live_1999,329,0.001996292560954489,0.002910577976746323,0.0008322921519143831,-0.0017465775677062176,0.0007504928776646104,0.0035159039088360606,0.00028043448028605564,-0.001909101099089807,-0.004640894729653908,-9.005310624349717e-05,-0.0014425704976690917,0.014331690707022258,0.000268006972358309,0.0018061348144079487,0.015869510176345518,0.0005211180551403235,-0.0009515336630198778,-0.008831445970030032,-0.00014721424962680783,4.336808689942018e-19,12.0,-0.00856248848356631,0.005993867478708887,0.608,-0.47469138819205653,0.6353228502347091,-0.00511983691739227,0.011269188294692376,0.498,0.6413492603531843,0.5217436835625314,1000.0,,,
Continuous | raw attention,corrected,24,backward,post2010,199,0.0032093707017422494,0.0074253278332393115,0.001786158418392099,-0.006002115549889159,-0.0006464902457028926,0.00981748526658641,0.001278976593161805,-0.0037283262197699745,-0.006090443265511224,5.45385422067387e-05,0.0018135852629018161,0.0010681939861761584,-3.942118911797865e-06,-0.000395099389961888,0.014184225389124287,0.000475478043848092,-0.0030457849573562205,-0.0021637422139631182,-1.8892641912738718e-05,-2.6020852139652106e-18,12.0,-0.010981446809501095,-0.0012207576287451797,0.012,-2.1937227419482648,0.02941945905833634,-0.0011911239381194618,0.0180019028926021,0.102,1.5841182207487774,0.1147627036455701,1000.0,,,
Continuous | raw attention,corrected,24,backward,validation,151,0.005744372679639199,0.010956137692123852,0.001970891578362247,-0.007182656590846898,-0.0006293371724461409,0.011638448687249364,0.0015197193407697554,-0.004885202549059742,-0.006781760813350493,-2.3120864017965666e-05,0.002131508576032038,-0.00038559886050031875,5.669069339806013e-06,0.00015578740396264397,0.01902391435545134,0.0005581692063602095,-0.003955412849335697,-0.0038582714155463594,-8.954517408955835e-05,-1.734723475976807e-18,12.0,-0.01389535020463729,-0.000589416899738025,0.032,-1.9976030328953551,0.04756793231093553,0.00034513538095618906,0.02354813513649882,0.04,1.8825191924952938,0.06170220082433123,1000.0,,,
Continuous | raw attention,corrected,24,backward,pre_covid,120,0.0015223589707874944,0.0037169318176136622,-0.0008347552771789547,-0.0013598175696472124,-0.00033628279539958347,0.0025891507191852636,0.00034018851299375154,-0.0025596152855369833,-0.010023504711266017,2.0147244469644705e-05,1.4600226416886656e-05,-0.008319774247029756,0.0001953482993202587,-0.0003826169104421913,0.011969685991348723,0.0003808754082447163,0.0019040971953146585,-0.050638070860252564,-0.001771314742207326,-8.673617379884035e-19,12.0,-0.005630507763337925,0.0031556460175337585,0.598,-0.5523442759114904,0.5817484443518386,-0.004722796194731795,0.012097128753410067,0.406,0.8090769315419665,0.4200856032411647,1000.0,,,
Continuous | raw attention,corrected,24,backward,covid,24,0.03009435719193835,0.037145664495106395,0.012948764068261157,-0.020000071371429205,0.001801825304173448,0.044006577413211845,0.010310741087915538,-0.015301724336161613,-0.009692981679015807,-0.0004788332949433799,0.00528021361442639,0.02027163612355128,-0.0013713761837582442,0.0017953199638898337,0.034232415476112076,-0.0001985480097614505,-0.013575705917757266,0.16477922529106573,0.004686780468808693,3.469446951953614e-18,3.0,-0.03139101574118442,-0.003304714299970714,0.012,-3.665580469882367,0.0012856226583525855,-0.0029508193860203016,0.0792119867960307,0.062,1.7483938498792613,0.09373311186342045,1000.0,,,
Continuous | raw attention,corrected,24,backward,inflation_rates,36,-0.0033452638033629953,0.007085864979456841,-0.0020115331004967743,-0.008419595682323061,-0.005850150918337064,0.00996180125981375,0.0005708112121873271,-0.00016314722149285782,0.013153663482736522,-0.0007387974322803677,0.005559363545171239,0.018958442983395496,0.000764025252230838,-4.217708306796681e-05,0.024937597177111588,0.0012867800143389577,-0.007923484004596412,0.046519913051747214,-0.0038943521469735295,0.0,4.0,-0.020676871991785962,0.0019234939335328544,0.174,-1.310326132194062,0.19861990239757157,-0.006798011204783016,0.02528920772355967,0.376,0.8390121316103322,0.4071566513437776,1000.0,,,
Continuous | raw attention,corrected,24,backward,holdout,48,-0.004765323020391908,-0.003682011514501646,0.0007256354861780229,-0.001808946992068284,-0.0007076257408841927,0.004089037839084208,0.0005288148185395646,2.24910144105032e-05,-0.00391567347960019,0.0001873649759988689,0.0006046671674521178,0.005641583983012577,0.0001746070242742389,-0.0018641806195664524,-0.001040629484112914,-4.8571381170970255e-05,0.00013570118651974042,0.0031669642326842156,-0.00011657995146367932,-8.673617379884035e-19,6.0,-0.006163513013168078,0.002783526318920127,0.508,-0.809587460906287,0.4222572175060082,-0.013944526551476166,0.005883797929586471,0.456,-0.8528343931238108,0.39807647185449846,1000.0,,,
Continuous | raw attention,corrected,24,backward,last18,18,-0.007281203981908168,-0.006066114148703813,0.0011424125955859278,-0.0023575024287902854,1.5338893904674323e-05,0.013343598316626357,0.0015834403335729934,-0.0012203797134893119,-0.013797092560926174,0.0003559649880718943,0.00047374013769381604,0.0022255362044377083,0.0002528209128241232,-0.0026836404893559635,-0.018604740463445436,-0.0010468267300765299,0.0010574387424564999,-0.0005377849971634788,-2.986908806553027e-06,3.469446951953614e-18,,,,,,,,,,,,,,,
Continuous | raw attention,corrected,24,backward,last12,12,-0.004694276887668405,-0.00025210039725534353,0.0010837220302877704,-0.00552589852070084,-0.0025556671905344647,0.021949178231510404,0.0031979952683310656,-0.0002658777372710002,-0.018483808204650527,-0.0006598719529060257,0.0004199662619589874,0.003361958277928198,0.0006118764065829311,-0.0038822540237399075,-0.026143233841679547,-0.0021620454387068985,0.0007579341688855451,-0.007845374429208884,9.576774698669774e-05,7.806255641895632e-18,,,,,,,,,,,,,,,
Continuous | raw attention,corrected,36,centered,full_live_1999,329,0.001996292560954489,0.002168225251955977,0.0005141103650637786,-0.0006860430560652681,0.002362463909364003,0.0017529993098094072,0.00013982220877901066,-0.0008349386865650502,-0.006082524915504392,-0.0001180268664455321,-0.0006826608703027631,0.015739184203080098,0.00029432752854416383,-0.0009912735399893627,0.011587566198502791,0.0003805089063287074,-0.0005396338685720946,-0.010949537791327832,-0.00018252141214257126,1.1926223897340549e-18,12.0,-0.004741351314680869,0.0032433502570683743,0.744,-0.32023826819545753,0.74899162152338,-0.0035768499336478075,0.008405473417015074,0.484,0.7004793742108365,0.4841245557440807,1000.0,,,
Continuous | raw attention,corrected,36,centered,post2010,199,0.0032093707017422494,0.00086973190760958,0.001974309928846109,0.00036532886528656017,0.0005220570676839296,0.011781151990753056,0.0015347940157280136,3.462167116316273e-05,0.0018064383216440435,-1.6176246679244653e-05,0.00041548950042965334,-0.0027479136012999927,1.0141043963792591e-05,-0.0004660196725450169,0.01315737000444593,0.0004410562001289342,-0.00014081970144516859,0.0005147950669471818,4.494915704613249e-06,-5.421010862427522e-20,12.0,-0.0020954256653065275,0.0030863468060996833,0.788,0.2755993615592274,0.7831432099380816,-0.004026014207742995,0.006609009533888091,0.802,0.3130540615899197,0.7545690924005605,1000.0,,,
Continuous | raw attention,corrected,36,centered,validation,151,0.005744372679639199,0.0029848421501060037,0.0023342494918754497,0.0004252810376577449,0.000695241113966905,0.011774928292804408,0.001537540504204523,-0.00011801326592861662,0.0066719167101778245,2.274637564502997e-05,0.0006258076249230325,-0.004140928784830662,6.087988014784155e-05,-0.00046093090754367126,0.021526423250379175,0.0006315938117117875,-0.0003168235277599047,0.0035111481390029697,8.148892016626765e-05,9.75781955236954e-19,12.0,-0.002347329413096716,0.0032503046717299463,0.812,0.2870599036418351,0.7744626109222585,-0.0027388400974171856,0.009675913178851591,0.3,0.9066376064765247,0.36605258866515167,1000.0,,,
Continuous | raw attention,corrected,36,centered,pre_covid,120,0.0015223589707874944,0.0001756849027044854,0.0011850160465038124,0.00016165802157919607,0.00019704114549998658,0.008995767282283552,0.0011819538632192352,-0.0006525900929740908,-0.0006940589465823674,1.3950584826305594e-06,0.0005650874971366217,-0.009918875022958738,0.00023289518553907117,-5.712043798103243e-06,0.01457409815561173,0.0004637478033115652,5.783151571478185e-05,-0.01986786210902753,-0.0006949758640486897,5.421010862427522e-19,12.0,-0.0021688121755954926,0.003120345980734845,0.99,0.11049300076610566,0.9122045328117921,-0.005151838006912111,0.0048669584535416125,0.94,0.06099381098707378,0.9514664581958571,1000.0,,,
Continuous | raw attention,corrected,36,centered,covid,24,0.03009435719193835,0.018695293850582613,0.010177836789217857,0.001221226552137878,0.0004462689150690483,0.029553976609013877,0.006924496719491953,0.0019964896457641103,0.035848958874739094,0.0017709385684121074,0.0014851675805111326,0.022517732574027453,-0.0015233246086329573,-0.0019914669039598452,0.054593559092320505,-0.0003166426427354597,-0.0007152326852465679,0.11680883131643133,0.0033223687526822135,1.5178830414797062e-18,3.0,-0.0018532980357873644,0.003988276014097976,0.484,0.7767641938795091,0.4452136066826308,-0.0008742415068217964,0.043892408809752245,0.064,1.836147201872889,0.07929703715308349,1000.0,,,
Continuous | raw attention,corrected,36,centered,inflation_rates,36,-0.0033452638033629953,-0.002738755622183963,-7.383464381049787e-05,-0.0005326735373685336,-7.268513605020795e-05,0.0010462696978992248,5.99512536896255e-05,-0.0006860728658702852,-0.000890627146965779,5.002355808791123e-05,-0.0002781200931668923,0.004377121860335301,0.00017639801097151252,0.0006042113909567006,-7.224081881475715e-05,-3.727626250841468e-06,-0.00010000683323784877,0.0042583234771794865,-0.00035647984030870563,-7.589415207398531e-19,4.0,-0.0034122084995860317,0.0018212994889960587,0.696,-0.42225439500086803,0.6754220509258672,-0.008981757379865868,0.0050413314928101916,0.428,-0.8026528511993991,0.4275923918784481,1000.0,,,
Continuous | raw attention,corrected,36,centered,holdout,48,-0.004765323020391908,-0.0057840523969104225,0.0019359747775772773,-0.0009172454010587608,-2.2726555896378123e-05,0.01180073070721653,0.0015261294987107767,-0.0002697878506733177,-0.013499545775618474,0.0006459532653633434,-0.00044619211030804925,0.0016342799968902387,5.058096590375279e-05,-2.564878541255327e-05,-0.01317027666505239,-0.0006147226633413203,-0.00015289009876846236,-0.008911232305561657,0.00032803371094072505,-1.951563910473908e-18,6.0,-0.0029540825020251916,0.0020142804505310368,0.544,-0.8362728815213764,0.40723312821528235,-0.015402993068033048,0.0021717378276706147,0.176,-1.447016070524148,0.15452959752976012,1000.0,,,
Continuous | raw attention,corrected,36,centered,last18,18,-0.007281203981908168,-0.009278480890708686,0.0019972769088005163,3.510809794455898e-36,0.0,0.027262948660269855,0.003235203241018688,0.0,-0.02029179663715376,0.0005235283532385656,-5.0154425635084264e-37,-0.00287219856065157,-0.0003262817564900178,0.0,-0.023064205080369896,-0.0012977459391888128,4.012354050806741e-36,-0.024743364493001116,-0.00013742698977790583,2.168404344971009e-18,,,,,,,,,,,,,,,
Continuous | raw attention,corrected,36,centered,last12,12,-0.004694276887668405,-0.005813961390026087,0.001119684502357682,-9.62964972193618e-35,-1.2037062152420224e-35,0.02726294866026985,0.003972211619801318,1.2037062152420224e-35,-0.020291796637153758,-0.0007244171399463912,0.0,-0.0028721985606515697,-0.0005227401380385848,-9.62964972193618e-35,-0.023064205080369892,-0.0019074097601465899,0.0,-0.024743364493001112,0.0003020399206879307,4.336808689942019e-19,,,,,,,,,,,,,,,
Continuous | raw attention,corrected,24,centered,full_live_1999,329,0.001996292560954489,0.0012810843975760873,0.000764360819215572,-4.915265583717143e-05,0.0023284329519287507,0.005104071263732138,0.00040710941177614943,-0.001065148975426744,-0.007895374888397175,-0.00015320387017485595,-0.00019769093474354254,0.01603675530577593,0.0002998921986117195,-0.000788266080481474,0.009481431780615565,0.00031134831727981253,-0.0003264796171141615,-0.006046149667430595,-0.00010078523827725371,9.351243737687476e-19,12.0,-0.004414635808318221,0.004380155600016903,0.992,-0.02016275602816442,0.983925797877714,-0.004302642647213573,0.007802745229084118,0.73,0.41610270760184576,0.6776069737598017,1000.0,,,
Continuous | raw attention,corrected,24,centered,post2010,199,0.0032093707017422494,-0.00033982594011745966,0.0021357785648243944,0.0014134180770353135,0.0011984998205236427,0.013691625434956375,0.0017836816636992807,0.001050909222986212,0.0010041034388231528,-8.991519236094766e-06,0.0003727954197289683,-0.003664257728218315,1.3522768219113294e-05,-0.0008322113573526343,0.009367761864709863,0.00031402244144274657,-0.00037657502885087533,0.0038416469923722926,3.354321069934838e-05,1.3010426069826053e-18,12.0,-0.001287761398543653,0.004354655405012328,0.338,0.9980108053538252,0.31949222085817136,-0.0047112649379120325,0.004671413831633026,0.878,-0.12853588541484326,0.8978553648213847,1000.0,,,
Continuous | raw attention,corrected,24,centered,validation,151,0.005744372679639199,0.0015875059892675111,0.00266247939561972,0.0014943872947519687,0.0014959461161682367,0.014167416877009563,0.0018499456426978333,0.001192415684321323,0.006461600917565032,2.2029352002400405e-05,0.0005458350319913335,-0.006063328204500612,8.914297095358521e-05,-0.0009734909080579362,0.01710665348373183,0.000501916010558447,-0.0007663186296709883,0.008593590536680493,0.00019944541940745427,-4.336808689942018e-19,12.0,-0.001531650353023053,0.004374872922882626,0.4,0.9095556359292573,0.3645160708168466,-0.003336661320391568,0.007227626607020375,0.504,0.5116251777886509,0.6096657139678257,1000.0,,,
Continuous | raw attention,corrected,24,centered,pre_covid,120,0.0015223589707874944,-0.00042464706332953454,0.0006910549568395431,0.0012559510772774854,0.0004328561571213483,0.008562530692661776,0.00112503090770883,0.00030912073576852095,-0.0035818309680940756,7.199480245869096e-06,-9.835778772011435e-05,-0.017144372463158305,0.000402549865434957,-7.747272859358482e-05,0.007244813638187882,0.0002305299699671384,0.0006898047007013155,-0.030710642785094017,-0.0010742552665172515,4.336808689942018e-19,12.0,-0.0012942336244122269,0.004163345894567501,0.392,0.7443668150040598,0.4581219889107745,-0.006226532766744664,0.004315703036278897,0.868,-0.14299700857490613,0.8865343920430737,1000.0,,,
Continuous | raw attention,corrected,24,centered,covid,24,0.03009435719193835,0.013853613648828665,0.016358528973457236,-0.00011778543034755753,0.0023687155087592547,0.046629135205548324,0.010925206378659975,0.0036275161407472688,0.06056797723166376,0.0029920580752441834,0.0059601290250662145,0.046696914160396175,-0.0031590462429508014,-0.0035905939017150945,0.06977196374017258,-0.0004046773896930019,-0.008483552203205201,0.21112516410493312,0.006004988152196883,6.071532165918825e-18,3.0,-0.006214635619222193,0.0064722621213412525,0.914,-0.05922069040143772,0.9532878768300397,-0.004720157957938366,0.038743674667493816,0.18,1.4708749987461351,0.15487481006903087,1000.0,,,
Continuous | raw attention,corrected,24,centered,inflation_rates,36,-0.0033452638033629953,-0.002996817892841122,0.0003191977305654376,-0.0006676436410873114,-0.00010483662461326845,-0.0009104853834875694,-5.217081247383766e-05,-0.0008741155463680221,-0.008504195658263776,0.0004776523228058152,-0.0007522241965590977,0.0045994731138301916,0.0001853587664873566,-2.322633516998911e-05,-0.0047427427540745574,-0.0002447255261102471,0.0010867590616230659,0.0005604464145405602,-4.69170201436495e-05,4.336808689942018e-19,4.0,-0.0026734229933037834,0.0013515585029718043,0.526,-0.8904629567928695,0.3792977354959831,-0.010052451714993712,0.004770657099171291,0.438,-0.8720384262600418,0.38913047970836756,1000.0,,,
Continuous | raw attention,corrected,24,centered,holdout,48,-0.004765323020391908,-0.006402890967974344,0.002180528905383299,-0.0005429609578008611,0.00026090868096505845,0.012194864856830745,0.0015771008976096347,-0.0002742850430905744,-0.01616427404638568,0.000773460513119554,-0.0005160973683198908,0.0038828181450863944,0.00012017322159042367,3.424602684697157e-05,-0.014977501353463403,-0.0006990748756729044,-4.7733254202425926e-05,-0.01110717540743054,0.00040886914873659055,-1.3010426069826053e-18,6.0,-0.002457124787505635,0.0021242467069409357,0.684,-0.5159758872148245,0.6082902500774291,-0.01648899118306963,0.0018775528215460371,0.15,-1.5207234015374789,0.13502892516996695,1000.0,,,
Continuous | raw attention,corrected,24,centered,last18,18,-0.007281203981908168,-0.012271385270962307,0.0032046718121731535,0.0017855094768809859,0.0008244320906646733,0.0324553829422479,0.003851372109146749,0.00035795784956264663,-0.027476848104268505,0.0007089026810901253,-0.0005983686494046878,0.0025663214630395753,0.00029153411820129525,0.0008707415694615207,-0.025719981307971946,-0.001447177614928555,0.00033074661659683287,-0.03600217350707732,-0.00019995948133646097,4.336808689942018e-19,,,,,,,,,,,,,,,
Continuous | raw attention,corrected,24,centered,last12,12,-0.004694276887668405,-0.008182942884620356,0.0034886659969519487,-3.611118645726067e-35,-2.407412430484045e-35,0.03258646232045887,0.004747847560090858,-1.2037062152420224e-35,-0.027082166132019348,-0.0009668333309130935,0.0,0.005202104515870005,0.0009467830218883392,0.0,-0.020856454443940714,-0.001724828782513897,0.0,-0.039788750279011686,0.0004856975283997418,3.0357660829594124e-18,,,,,,,,,,,,,,,
Continuous | raw attention,corrected,36,structural,full_live_1999,329,0.001996292560954489,0.0035041523631442763,0.0005747279091055771,-0.0020825877112953645,-0.0007575922091255832,0.004689050762718217,0.0003740066701974051,-0.00010223066294578185,-0.001755683750524144,-3.40677357548515e-05,-0.0015040843410434996,0.010243149708763413,0.00019155001297324,9.022770614938517e-05,0.004460766998508343,0.00014648128372366182,0.00019109179567011481,-0.0061935511757457064,-0.00010324232203387832,0.0,12.0,-0.006714812253987228,0.002418194464705476,0.442,-0.8858874695821732,0.3763271832895876,-0.002724583430649845,0.010198819331906136,0.27,0.9722756734841419,0.33162987626760426,1000.0,,,
Continuous | raw attention,corrected,36,structural,post2010,199,0.0032093707017422494,0.004807173122221503,0.0005192875763259921,-0.002117089996805247,-9.38028593856507e-05,0.0031487126648003234,0.000410199729107615,-0.0003855298223223892,-0.0007619206837453276,6.8228274293174565e-06,-0.00018001328304069196,-0.0012412414612636199,4.5807423575477765e-06,-0.00042046726282886907,0.006793104211800852,0.00022771577676422678,-0.001037276769227646,-0.014892286931104306,-0.0001300314993327149,8.673617379884035e-19,12.0,-0.004105501027866343,9.648470222448918e-06,0.0508,-2.0784669159254694,0.038955372354746456,-0.0023853297611750378,0.014193438972646175,0.2328,1.1784392924919591,0.24003581731125614,5000.0,,,
Continuous | raw attention,corrected,36,structural,validation,151,0.005744372679639199,0.007437715227755259,9.294637345475722e-05,-0.0017862889215708162,-5.25299257665454e-06,0.003355354612463022,0.0004381337613566614,-0.00048438506592903983,-0.0007052820247649306,-2.4044979228409562e-06,-0.0002806855320224493,-0.0021611251918228886,3.177283394600539e-05,-0.0004492172961405779,0.0076877381474284,0.000225561291975939,-0.0005667480349020945,-0.0258574998817701,-0.0006001170159010076,-8.673617379884035e-19,12.0,-0.004441730349532038,0.0006512283011386597,0.154,-1.418755334992206,0.1580448238890438,-0.001529586567292325,0.02010488089915749,0.116,1.4689293066721154,0.1439460481973841,1000.0,,,
Continuous | raw attention,corrected,36,structural,pre_covid,120,0.0015223589707874944,0.0026441791009669965,-0.0008907854153982968,-0.00023103471478120484,-0.00011402549138838465,0.0018947758704091202,0.00024895460161305415,-4.3274568306790685e-05,-0.0027689099543888847,5.565509008321662e-06,-0.0004376695850764668,-0.008056633777307778,0.00018916976109118665,-0.0005084629878968085,0.0026246360752347877,8.351591991397094e-05,0.0008723979178872457,-0.04053731248860908,-0.0014179912070248302,-4.87890977618477e-19,12.0,-0.0021385757956514165,0.0019945238173757697,0.862,-0.21243902230737585,0.8321280093085093,-0.003973831110178987,0.008960972112620631,0.416,0.7817243835795754,0.4359291462021597,1000.0,,,
Continuous | raw attention,corrected,36,structural,covid,24,0.03009435719193835,0.03460581365702897,0.0018019010035994906,-0.006313357468690119,0.0003661439127319127,0.009782828963189454,0.0022921168260752896,-0.0028913862153598503,0.006629181036584208,0.0003274815432072592,0.00021683803348742113,0.023859231476632478,-0.0016140770093941873,0.0006392802202594473,0.030791109024305333,-0.00017858843234097135,-0.004644233419809051,0.034278218347236114,0.0009749680760521007,6.071532165918825e-18,3.0,-0.012074810031101635,0.0001591047094772765,0.072,-1.585197787284154,0.1265758198850901,0.00043854245926681315,0.07647367558599752,0.048,1.629048718206591,0.11692418833931627,1000.0,,,
Continuous | raw attention,corrected,36,structural,inflation_rates,36,-0.0033452638033629953,-0.0019493461875206715,-0.0006289527461980043,-0.0007669648696443186,-0.00048387225051578356,0.0027379953118436594,0.0001568871313686415,-0.0001555579773923111,0.0039070081265510995,-0.0002194436231079533,0.0009490827976468971,0.0069626207164791825,0.00028059361487411087,-0.00036043012449990265,0.009725721780342369,0.0005018472438656662,-0.0007161873148832183,0.01611250931062476,-0.0013488371131984696,-8.673617379884035e-19,4.0,-0.0025488547447148364,0.001139267140081148,0.404,-0.9756056711596024,0.33595512108743697,-0.008162267333175882,0.005364684615377982,0.602,-0.6679242668824092,0.5085627507324201,1000.0,,,
Continuous | raw attention,corrected,36,structural,holdout,48,-0.004765323020391908,-0.0034680739181034304,-0.00011661486986741667,-0.00118063423242106,-0.00037318017285461205,0.002498651537778085,0.0003231381101231505,-8.368086256619948e-05,-0.000940096465121161,4.4983615856047514e-05,4.577073080590184e-06,0.0016525594411207517,5.1146714702687164e-05,-0.0002812384769450874,0.003978734955972534,0.000185707454070018,-0.0004471117931357511,0.019602445476198497,-0.0007215907646193199,-8.673617379884035e-19,6.0,-0.002883070511411214,0.0007480446972704008,0.234,-1.4622361007417914,0.1503314221857815,-0.014023207981622064,0.006430305899407061,0.472,-0.8373079256295618,0.4066570932716155,1000.0,,,
Continuous | raw attention,corrected,36,structural,last18,18,-0.007281203981908168,-0.005804310454150571,-9.300393986985919e-05,-0.0013838895878877345,-0.0007193200534232909,0.0036907426139668694,0.00043796812352406826,-8.906706911855956e-05,-0.005909841795700474,0.0001524739183290718,-0.00025442371072304534,-0.0060395876944820785,-0.0006860971620931629,-1.511453421950655e-05,-0.002645599979755659,-0.00014885909219425176,-0.00030596422040333213,0.02727902215244464,0.00015151027256441536,-2.6020852139652106e-18,,,,,,,,,,,,,,,
Continuous | raw attention,corrected,36,structural,last12,12,-0.004694276887668405,-0.0016603176468956867,-0.0018763278286594268,-0.001157631412113296,-0.0014979345525135144,0.005835412367988214,0.0008502195820158827,-0.00010526623943858812,-0.003251459396948972,-0.00011607710047107862,0.0003757789904218538,-0.009657111331456076,-0.0017575942623250028,-2.608176613644992e-05,-0.005092223820664131,-0.0004211269099689237,9.587215555340248e-05,0.03536925272832172,-0.0004317491379103045,4.9873299934333204e-18,,,,,,,,,,,,,,,
Continuous | raw attention,corrected,36,backward_eom,post2010,199,0.0032093707017422494,0.00534479342213462,0.001047632321345227,-0.0031830550417375992,0.00033507844152344627,0.003959786540841204,0.0005158626839899497,-0.0013474773675883765,-0.007444112228028875,6.666034166003748e-05,-0.0007813632392830389,0.002187532350348531,-8.072983709024975e-06,-0.0007916234711414893,0.019982782537917777,0.0006698550037886529,,,,1.3010426069826053e-18,12.0,-0.006471546191090601,-1.5448451603816668e-05,0.0488,-1.853783882653348,0.06525760953522242,-0.0023768788838386427,0.01448472024592426,0.188,1.3028582942760676,0.19413633351733775,5000.0,-0.0005976694052481398,-0.020595591580444005,-0.000196672724384388
Continuous | raw attention,corrected,36,backward_eom,validation,151,0.005744372679639199,0.00842884121510161,0.00018649384518280415,-0.0028709623806452136,0.0007735832059364096,0.0025164881784018826,0.0003285966934515601,-0.0014409380715004164,-0.011670656188870268,-3.978843580152571e-05,-0.0012363039013989882,0.0014585012446673977,-2.1442865981202812e-05,-0.0006479843693620777,0.02274967212854712,0.0006674844198563919,,,,-8.673617379884035e-19,12.0,-0.006889516331195362,0.0008073475800929447,0.142,-1.3404922769053425,0.18211207550096756,-0.0005307529402682311,0.019920183495415914,0.072,1.669685665508937,0.0970671732886807,1000.0,-0.0003193192443201411,-0.028198890853056748,-0.0007483559663424194
Continuous | raw attention,corrected,36,backward_eom,pre_covid,120,0.0015223589707874944,0.00431721102282607,-0.0012139372953060053,-0.001580914756732567,0.0006937826997006666,-0.002907415307654581,-0.00038200529727273517,-0.0005072300101781285,-0.012654538280067327,2.5435621942935344e-05,-0.0010729998011160295,0.00478315612105405,-0.00011230850572234911,-0.0008138591745381627,0.020811085464341364,0.0006622087394753421,,,,-3.0357660829594124e-18,12.0,-0.0056376232857785966,0.0023522874713852024,0.514,-0.6908406073641116,0.4910110895791846,-0.004005119970139694,0.013057861972966859,0.338,0.988567935279924,0.3248803756787391,1000.0,0.00011939152939908685,-0.038424662951625985,-0.0014072678537291985
Continuous | raw attention,corrected,36,backward_eom,covid,24,0.03009435719193835,0.03231432852090861,0.005573904033164255,-0.007793875362134521,0.0017931949150543055,0.022211830036497137,0.0052042317775512804,-0.005654225065891128,-0.015925242070871138,-0.0007867069583010327,-0.001285580343643428,-0.011923369377699255,0.0008066159384013546,-0.00021164523978820004,0.025217808968095428,-0.00014626329201495382,,,,3.469446951953614e-18,3.0,-0.012171157581902256,-0.001660236029303606,0.016,-2.612302546490141,0.01557461422801653,0.0023127255564119736,0.06613913731377485,0.036,1.906748080782633,0.06912148452982417,1000.0,-0.00243561962786607,0.01725336133120972,0.0004960265675276078
Continuous | raw attention,corrected,36,backward_eom,inflation_rates,36,-0.0033452638033629953,-0.000502660671482895,0.00022645438947471692,-0.003069057521354818,-0.002009563136818527,0.011562536697963867,0.0006625333527933287,-0.0004548904796007339,0.017491113894747348,-0.0009824175637549756,-0.0007252772405093609,0.0006464213029309313,2.6050778508116516e-05,-0.0010554959364425678,0.030749027781857355,0.0015866498335438393,,,,8.673617379884035e-19,4.0,-0.007364147813677473,0.0007898163421840748,0.142,-1.6902438206916635,0.09987038985706323,-0.008158509450604529,0.00983044521585345,0.872,-0.13509804562019576,0.8933083268545728,1000.0,0.0011761692720163718,0.012387737311381531,-0.0010663620116155923
Continuous | raw attention,corrected,36,backward_eom,holdout,48,-0.004765323020391908,-0.004357106926574034,0.001338513075680312,-0.001746729169498186,-0.0010386977173007443,0.008500162639348243,0.0010992835333337107,-0.0003719221482295313,0.005851890648784683,-0.00028001296754434684,0.000545105521218019,0.0044809427036370955,0.00013868517667756783,-0.0010926047564118867,0.011278609034062964,0.0005264290766648889,,,,0.0,6.0,-0.004506171039640458,0.0021792546454449074,0.424,-1.0516546618042035,0.2983351808536163,-0.01486349359414973,0.004007621950565387,0.374,-1.0361240584440725,0.30544595601225244,1000.0,0.0002113899312259576,0.0033231207146502393,-0.00014587174345150853
Continuous | raw attention,corrected,36,backward_eom,last18,18,-0.007281203981908168,-0.010646707127899238,0.0016366494217136957,0.0017288537242773736,-0.0005450156600931401,0.010411145702630745,0.001235455956712181,-3.552904620040721e-05,-0.010523967181660657,0.0002715183532868442,0.00038225026716174986,0.006438623162251929,0.0007314275912318178,-0.00015207062336862476,-0.012324670734629294,-0.0006934681400018083,,,,1.3010426069826053e-18,,,,,,,,,,,,,0.0020792187867777956,-0.018971051006827166,9.171566048466129e-05
Continuous | raw attention,corrected,36,backward_eom,last12,12,-0.004694276887668405,-0.008649429134638184,0.0026058844868568627,0.0013492677601129157,-0.0015104799284727062,0.015504732161919199,0.002259039475991627,-1.7227793335198075e-05,-0.012087674066133846,-0.0004315299641609795,0.0002488956985988118,0.008285381805506068,0.001507939488602102,-5.975933377713174e-05,-0.016572446867111894,-0.0013705413559101536,,,,1.3010426069826053e-18,,,,,,,,,,,,,0.00268783911709914,-0.025417878959986095,0.0006409768423342672
Continuous | pure attention,corrected,36,backward,full_live_1999,329,0.0012960504479713167,0.004535855891861059,0.0005490455701832582,-0.003788851014072999,0.0005139487543761227,-0.0009994546536913854,-7.971820437783539e-05,-0.0010070162848122874,0.0009859264982486893,1.9131169497932027e-05,-0.0022490063755216945,0.013930722722380329,0.00026050874917073755,0.0007303094058073031,0.011871419823098042,0.00038983000364991487,-0.0017770865139224428,-0.0024419792613803778,-4.070614775749075e-05,-1.734723475976807e-18,12.0,-0.008564971176003853,0.0014386874321620968,0.14,-1.5184631544370066,0.1298609428107541,-0.0025905251901458775,0.012102411746339357,0.22,1.1702713608998043,0.2427413731891459,1000.0,,,
Continuous | pure attention,corrected,36,backward,post2010,199,0.0038182446129402282,0.008519998661895543,0.001314113698342412,-0.006015867747297725,-3.079853964999544e-05,0.006250746151386586,0.0008143183106807382,-0.0011945388797997385,0.004553662235316968,-4.0777015594647426e-05,1.0526399342433447e-05,0.006547020089669995,-2.4161465094742068e-05,-0.0010109307098250338,0.01691523487555258,0.0005670258734062119,-0.00379012601736539,-0.0002624994490102489,-2.2920050551485806e-06,-1.734723475976807e-18,12.0,-0.010394691129760393,-0.0017408937483863129,0.0028,-2.677716689027114,0.00803489263940448,0.00022673782718613233,0.0183006143647012,0.0436,1.9206734320006222,0.05620950448935915,5000.0,,,
Continuous | pure attention,corrected,36,backward,validation,151,0.006621338724314222,0.011457553896235389,0.0009413562737589983,-0.005777571445680162,0.00030844979879887473,0.0060499453233871315,0.0007899866352999252,-0.001308846407543441,0.001850316693501648,6.308232012017506e-06,-0.00010941600664065685,0.006628754462985244,-9.745586031673674e-05,-0.0009135028307816738,0.01714330989835853,0.0005029915243290572,-0.0037542559995132644,-0.011223166325463774,-0.0002604742575652651,-2.6020852139652106e-18,12.0,-0.010651213292567236,-0.000992009075106543,0.006,-2.0471957833233105,0.0423839266641628,0.002146777981355753,0.02313741756548426,0.024,2.0930826002365817,0.03802505116838377,1000.0,,,
Continuous | pure attention,corrected,36,backward,pre_covid,120,0.0023560935231697064,0.0063375030305685585,-0.0014756306504706313,-0.0025057788569282226,0.0002198458802432919,-0.0005192122040376766,-6.821929148851028e-05,-0.00018855047770672512,-0.0003423039432829561,6.880309259987421e-07,-0.0012267195843420932,0.0042336102639819705,-9.940516899829668e-05,-0.000933201441305884,0.010850901937714026,0.00034527569965806025,-0.0003771532338168118,-0.04728343531656763,-0.001653969920567883,1.734723475976807e-18,12.0,-0.0062268291845735185,0.0016145770872580886,0.28,-1.1098870726272003,0.2692854670569286,-0.002394914314039733,0.015439121129843473,0.198,1.3301782976667602,0.186003232673568,1000.0,,,
Continuous | pure attention,corrected,36,backward,covid,24,0.031031109055105317,0.03204036102109682,0.009202813575476695,-0.010212065541468196,0.002140958527799666,0.029450377476315293,0.006900223442700674,-0.006081219918075824,-0.0011635417468041937,-5.747896229212705e-05,0.004092294433380996,0.012160984351609914,-0.0008226905913864107,-0.0010945214384094622,0.035838362623785515,-0.0002078625032179565,-0.009269577146163572,0.11920850600688533,0.0033906221896725145,-3.469446951953614e-18,3.0,-0.017512540841147284,-0.0014512922936638461,0.016,-2.4927096502673933,0.0203180458423905,-0.0029800214852520883,0.07145328518007082,0.082,1.5831330849683491,0.12704611754497233,1000.0,,,
Continuous | pure attention,corrected,36,backward,inflation_rates,36,-0.0026133629220265056,0.009461863382587431,-0.004649955677576089,-0.007425270627037846,-0.002907080158438836,0.014927271242348708,0.0008553326421865798,-0.0005999423006896267,0.031831482981080385,-0.0017878682941040141,0.0013860923275370847,0.01311823480931759,0.0005286648628154985,-0.0011313659458042126,0.0391407259238187,0.002019661457669045,-0.004172974549642255,0.07484735951611558,-0.006265746346143197,-8.673617379884035e-19,4.0,-0.013821145751419411,0.0002602522208146956,0.054,-1.9976631351160439,0.05357217929750398,-0.0022088754729484073,0.022882975249466152,0.11,1.5322837145536556,0.13444253603302023,1000.0,,,
Continuous | pure attention,corrected,36,backward,holdout,48,-0.004999822279090455,-0.0007210605127985483,-4.365475751554087e-05,-0.004235107008776365,-0.0010972260948413303,0.006882432089468202,0.0008900705299704745,-0.0003990235322001368,0.013057936752277658,-0.0006248222735964853,0.0003995833809919469,0.0062898973736157686,0.00019467232371340762,-0.0013049852444391428,0.01619774886630887,0.0007560299283349665,-0.0018334555182877021,0.03421793176649975,-0.001259605265937904,-8.673617379884035e-19,6.0,-0.008162369074761047,0.0005067850275380744,0.084,-1.7146986217752063,0.09298816301693384,-0.011696213722030446,0.00964330276440197,0.942,-0.15676889768269342,0.876098481254236,1000.0,,,
Continuous | pure attention,corrected,36,backward,last18,18,-0.008012569594181005,-0.007933876973864724,0.00020455174976559073,-0.0002832443700818726,-0.000668171159188011,0.0036322959799729277,0.00043103245629012046,9.855151634601518e-05,-0.008493903125914736,0.00021914270064859957,0.0002716423566337233,0.001340129892163082,0.00015223875574972584,-0.0003585486203607442,-0.010961903923099838,-0.0006167897940730842,0.00037328153648714414,0.003407869715374463,1.8927631150229126e-05,8.673617379884035e-19,,,,,,,,,,,,,,,
Continuous | pure attention,corrected,36,backward,last12,12,-0.004263681154968216,-0.0026608080240757056,-0.0004334894869727607,-0.0011693836439197528,-0.0015548485790620975,0.006795954195188729,0.0009901705262389978,-1.023800127315219e-05,-0.009122584217583078,-0.0003256762565677168,0.00039278017539417836,0.0010449062859627038,0.00019017294404521175,-0.00039164567264645214,-0.01495310947497281,-0.0012366221535802513,0.00039456843366777073,0.00422175346952649,-5.153454710900217e-05,2.8189256484623115e-18,,,,,,,,,,,,,,,
Continuous | pure attention,corrected,24,backward,full_live_1999,329,0.0012960504479713167,0.004405115781019894,0.0007689517351000678,-0.003878017068148642,0.0010246447237407888,0.003050210731687349,0.00024328999980743673,-0.002444125388877767,-0.0012823725832135384,-2.488348501895208e-05,-0.0012360838680798032,0.013312313702385021,0.0002489443125305579,0.00026974451508040046,0.008028984230568898,0.0002636532949342679,-0.001492197050012261,0.0022764935690486776,3.794761284675731e-05,-2.6020852139652106e-18,12.0,-0.010444193925376075,0.002252437131475927,0.188,-1.2664857443505029,0.20623788093030324,-0.0033954779203372145,0.013279101010937376,0.312,1.0017690697219062,0.3171935942844623,1000.0,,,
Continuous | pure attention,corrected,24,backward,post2010,199,0.0038182446129402282,0.008253127462856521,0.0020964037579216284,-0.006531286607837921,-0.0007519048436101244,0.012617083944676226,0.0016436953660750855,-0.003493532711157943,0.0012335937013925095,-1.1046552642620362e-05,0.0018103364040346008,7.877311011059919e-05,-2.907084023378109e-07,-0.0005971379943296704,0.012509865455150442,0.0004193508064232039,-0.003499047462774783,0.005118824910604341,4.4694846468296995e-05,0.0,12.0,-0.012117200803911548,-0.0013227781835021303,0.008,-2.228950855220746,0.026941374726769628,-0.0008966546233553785,0.019324094785284192,0.088,1.6470959753572347,0.10112445368763703,1000.0,,,
Continuous | pure attention,corrected,24,backward,validation,151,0.006621338724314222,0.011907036093200622,0.002621648192851752,-0.00790734556173815,-0.0008058612282321523,0.015399109309801866,0.0020107769409485115,-0.004602816804057115,0.00195991461620657,6.681881088894946e-06,0.0021445840784879763,-0.0010553586745141348,1.5515869254446228e-05,-4.539830519107838e-05,0.016637314392134325,0.000488145415118622,-0.0045978533027457805,0.004331496882099203,0.00010052808644127693,-1.734723475976807e-18,12.0,-0.01509439102946537,-0.0007387672145785476,0.024,-2.0349978546851717,0.04361205801424848,0.0007610112226040605,0.024917245072002322,0.04,1.9041258808514325,0.05880851276845492,1000.0,,,
Continuous | pure attention,corrected,24,backward,pre_covid,120,0.0023560935231697064,0.004186546056843687,-0.00033359178765566156,-0.0014968607460183175,-0.0005420879357164875,0.00643991017462168,0.0008461397978435421,-0.001958960552395155,-0.0012337712281603375,2.4798801686022796e-06,-8.160117717890442e-05,-0.008752831672267666,0.0002055164876648448,-0.0006708302037718881,0.008345486465378554,0.00026555337932834556,0.0017566191230441175,-0.04726375007238624,-0.0016532813326609961,-1.734723475976807e-18,12.0,-0.005735057002606629,0.0034265529646346285,0.57,-0.6023721837380046,0.548072532100953,-0.004765390140144703,0.013222392659731103,0.394,0.8540300816314967,0.3948042577186725,1000.0,,,
Continuous | pure attention,corrected,24,backward,covid,24,0.031031109055105317,0.037453240434413816,0.014932455707043804,-0.02135458708635231,0.002041449945805663,0.04722747694772087,0.011065397848851003,-0.01624826268009913,-0.002439384041051674,-0.00012050557162795245,0.005492597283715891,0.017810187465410215,-0.0012048591820350012,0.0018798506566117148,0.03491497318034087,-0.00020250684444597753,-0.014520222292386444,0.1896765385589552,0.005394929456301734,6.938893903907228e-18,3.0,-0.033825960585422137,-0.003748535797779442,0.012,-3.6335845306613117,0.00139069364650448,-0.005060369321290761,0.08185124616920893,0.072,1.6106964705225226,0.12088599454807707,1000.0,,,
Continuous | pure attention,corrected,24,backward,inflation_rates,36,-0.0026133629220265056,0.010383081802209844,-0.002948693579564813,-0.010047751144671532,-0.006279112732117276,0.010858541089146691,0.0006221944044081046,-0.00031821512860578856,0.019751501965492836,-0.0011093760270618471,0.0057991846955105205,0.018931869145608623,0.000762954326568027,-0.00025287751067224346,0.029353669824739706,0.0015146493629565685,-0.008996730468786745,0.05661102013737857,-0.004739115646435666,-5.204170427930421e-18,4.0,-0.023671636323486827,0.001701621518789711,0.142,-1.3641680755501293,0.181223183542597,-0.006151580292847925,0.033188150120647575,0.282,1.0168069462433573,0.3162229480947037,1000.0,,,
Continuous | pure attention,corrected,24,backward,holdout,48,-0.004999822279090455,-0.003241460103434294,0.0003612974537262096,-0.0021196596293823703,-0.0005931285200528992,0.0038652958168851515,0.0004998793815186719,-0.00012103135284592182,-0.001051290843126715,5.0304266843613264e-05,0.0005959722458433299,0.0036465626825759024,0.00011286111502572395,-0.0021077420001869352,-0.00047440099244467807,-2.214266632235535e-05,0.00010626999786005607,0.007595627666943441,-0.00027960464333944403,0.0,6.0,-0.0070083929718176025,0.0030908719721062057,0.496,-0.8309621316791866,0.4101966209532096,-0.013514572647029738,0.006639044387773745,0.53,-0.74343918861851,0.46091617520019673,1000.0,,,
Continuous | pure attention,corrected,24,backward,last18,18,-0.008012569594181005,-0.006410204242789243,0.0003513033239258361,-0.0019536686753176,0.00045712220134735396,0.01276779956506822,0.0015151122150547612,-0.0014213746355397894,-0.014254125972559654,0.0003677564500920381,0.0006094663294289514,-0.002443478784159899,-0.00027757918988056404,-0.002756394474517856,-0.02265490185319066,-0.0012747158109395278,0.0011575119039637406,0.0037323201512745926,2.0729659599128884e-05,1.3010426069826053e-18,,,,,,,,,,,,,,,
Continuous | pure attention,corrected,24,backward,last12,12,-0.004263681154968216,0.0017974913166567642,-0.0001768917217665385,-0.005884280749858444,-0.002622256537554476,0.022076755629335757,0.00321658329519422,-0.0003653724806777457,-0.018749243830848642,-0.0006693480047612985,0.00043442240069858896,-0.0013699416695555783,-0.0002493293838591148,-0.004066484624038453,-0.030539475741105677,-0.0025256146437894395,0.0007354104917136422,-0.004162972672087783,5.081701544909463e-05,1.734723475976807e-18,,,,,,,,,,,,,,,
Continuous | pure attention,corrected,36,centered,full_live_1999,329,0.0012960504479713167,0.0003719751620436916,0.0006524379647916568,0.00027163732113597006,0.002617175706793754,0.0012965603858637582,0.00010341586328778838,-0.0005508659321478645,0.0008935608107186909,1.7338882114371208e-05,-0.00025993051814131155,0.015857563773206466,0.0002965412624871592,-0.0009175101386218437,0.008049040729131153,0.0002643119040159311,-0.0006172317967467641,-0.0017499176372897682,-2.916994711359296e-05,-1.734723475976807e-18,12.0,-0.0035743781119184975,0.0038775081101520958,0.844,0.1414880931255908,0.8875712255241907,-0.005228902892327734,0.005754512743948071,0.85,0.12860657010813734,0.8977477868696213,1000.0,,,
Continuous | pure attention,corrected,36,centered,post2010,199,0.0038182446129402282,0.0008603435270823183,0.0022653430530864003,0.000692558032771513,0.000633394994560072,0.013926511413834074,0.0018142815231224393,0.00030127250744281867,0.006997631105771792,-6.266220417329314e-05,0.0004543319852749377,-0.003084003847817751,1.138136897405713e-05,-0.0006383338411807985,0.013079719316709284,0.0004384532242105743,-5.8107613325516925e-05,0.0073171148816311565,6.388914095262243e-05,-3.2526065174565133e-18,12.0,-0.0020752860319693195,0.003813473564557434,0.664,0.46574426791299856,0.6419104672299875,-0.004366523063706432,0.006951791587365207,0.81,0.29285382700089974,0.7699405613379493,1000.0,,,
Continuous | pure attention,corrected,36,centered,validation,151,0.006621338724314222,0.0028970460181367715,0.0029382704013430692,0.0007860223048343829,0.0008528918628752982,0.014899199036973258,0.001945499915574894,0.00016535007343166118,0.01302247878163616,4.439716607143218e-05,0.000724041713421709,-0.0039330701384401095,5.7823945081702294e-05,-0.0006755074996473402,0.02141462816758923,0.0006283136995608433,-0.00028075384524694553,0.011299061278123025,0.0002622356750541976,-1.3010426069826053e-18,12.0,-0.0022019023667919006,0.003953313233059539,0.662,0.4668535182583441,0.6412820658265134,-0.003193249108311424,0.009953774092716191,0.348,0.8226346211402631,0.4120216260555321,1000.0,,,
Continuous | pure attention,corrected,36,centered,pre_covid,120,0.0023560935231697064,0.00013454955818438739,0.0017426617557674507,0.00047888220921786767,0.0003181257260919482,0.012391133668506525,0.001628071052705071,-0.0003713836493863037,0.00464318723987514,-9.332806352149035e-06,0.000660239764879988,-0.009159882966161012,0.00021507405204546057,-0.00017510998862752363,0.012887372458764656,0.00041007619163789126,4.701035625975878e-05,-0.014328992065706462,-0.0005012267342688234,5.421010862427522e-19,12.0,-0.002003303128843056,0.0034950795851274898,0.862,0.30960488167635547,0.7574029246776154,-0.006106763188262792,0.0059634180402312505,0.946,0.04102694668397069,0.96734316878313,1000.0,,,
Continuous | pure attention,corrected,36,centered,covid,24,0.031031109055105317,0.017235841773122353,0.011944666221886018,0.0018506010600969486,0.0006028631571893502,0.03217625935027159,0.007538897565768634,0.002235091228976921,0.04652359911076021,0.0022982657960715497,0.0017970711217090516,0.020846994524772237,-0.0014102991796008419,-0.002412515513299161,0.060463591323699106,-0.00035068882967745563,-0.00037190893447921314,0.1360095555435351,0.003868490869324129,-1.734723475976807e-18,3.0,-0.0020704945721442213,0.005275367710351513,0.414,0.958681736048176,0.3476891350343997,-0.0030143894819882025,0.04257836637879443,0.096,1.592131910710534,0.12500693019611853,1000.0,,,
Continuous | pure attention,corrected,36,centered,inflation_rates,36,-0.0026133629220265056,-0.001273023999653249,-0.0005529186885146557,-0.0007874202338586001,-0.0001911910436585386,0.0006167590129061177,3.53402914395205e-05,-0.0006860003749597927,0.0019800775301437516,-0.00011121435460974066,-0.0003348470976186514,0.002770969353670561,0.00011167006495292354,0.000619672909588818,0.001385966265100366,7.151585927917887e-05,-0.00019505462721043542,0.007886772074342817,-0.000660230549576538,-9.75781955236954e-19,4.0,-0.0041872335173451175,0.0020315559439512475,0.642,-0.5238107426063049,0.6037115478147445,-0.00842425173334147,0.00796824683240633,0.742,-0.32741031107086366,0.7453079117376976,1000.0,,,
Continuous | pure attention,corrected,36,centered,holdout,48,-0.004999822279090455,-0.005546783059359817,0.0015430453555619972,-0.000996084575292633,-6.0938060905039765e-05,0.010866598266042046,0.0014053228207558863,-0.0002426636842791971,-0.011955535541218199,0.0005720723756472903,-0.0005160672849595028,-0.0004129828085682468,-1.2781817925187214e-05,-6.687436788189598e-05,-0.013140514776683881,-0.0006133335272017202,-0.00010954117726699744,-0.0052094248239995325,0.00019176550428572783,-2.168404344971009e-18,6.0,-0.0032070885249573565,0.0021679512323789785,0.556,-0.8221591271938055,0.41513789906643317,-0.015506026953322687,0.0023848730524874888,0.216,-1.3621811487948337,0.17963363969764654,1000.0,,,
Continuous | pure attention,corrected,36,centered,last18,18,-0.008012569594181005,-0.00944068017222649,0.0014281105780454854,-6.419766481290786e-35,0.0,0.025789799066371518,0.003060389489209418,0.0,-0.018552792025255272,0.0004786620342515847,0.0,-0.006032293426478141,-0.0006852685332479155,-6.419766481290786e-35,-0.023402185702052793,-0.0013167629821688371,0.0,-0.01960885359956894,-0.0001089094299987642,-8.6736173798840345e-19,,,,,,,,,,,,,,,
Continuous | pure attention,corrected,36,centered,last12,12,-0.004263681154968216,-0.0045650454721029,0.00030136431713468536,-1.8055593228630336e-35,0.0,0.025789799066371518,0.00375757372397033,-1.2037062152420224e-35,-0.018552792025255276,-0.0006623346753016152,0.0,-0.006032293426478141,-0.0010978774036190199,0.0,-0.023402185702052797,-0.0019353607575597663,-6.018531076210112e-36,-0.019608853599568935,0.00023936342964475684,-1.2468324983583301e-18,,,,,,,,,,,,,,,
Continuous | pure attention,corrected,24,centered,full_live_1999,329,0.0012960504479713167,-0.0011417816467971021,0.0009075553979616833,0.0015302766968067353,0.0025003713905793496,0.004994193134790187,0.000398345345185137,-0.000675107331553492,-0.001115598438400606,-2.164735693236922e-05,0.00023537665784990734,0.01602020306865217,0.00029958266674643015,-2.8159716590580012e-05,0.005443594056797482,0.00017875505395749928,-0.0005022043034784496,0.0031506786672222654,5.251968900498629e-05,2.168404344971009e-19,12.0,-0.002739746047133795,0.006026291024457819,0.478,0.6644848710680109,0.5068468995394995,-0.006246853381172998,0.004109665301266227,0.672,-0.420707893458081,0.6742439052225419,1000.0,,,
Continuous | pure attention,corrected,24,centered,post2010,199,0.0038182446129402282,-0.0003502261242312732,0.0025646675092321834,0.0016038032279393204,0.0013112966389199911,0.016846439910257298,0.0021946763084695385,0.0013205788783424205,0.0052383628143618825,-4.6908354448205404e-05,0.00037812874120450265,-0.004318332534920699,1.5936600068571755e-05,-0.0009202525241658855,0.009245205009596844,0.0003099141385830082,-0.0004859485063617086,0.010427666433874539,9.104881655927006e-05,-2.3852447794681098e-18,12.0,-0.0014968423450509253,0.005070044563687356,0.344,0.9878353163026676,0.32443891470840797,-0.005102023371613792,0.004900940944051649,0.866,-0.12435885437666305,0.9011573092097804,1000.0,,,
Continuous | pure attention,corrected,24,centered,validation,151,0.006621338724314222,0.0014516468188014232,0.0034445650732862505,0.0017251268322265487,0.0016782737611966236,0.01863264154904481,0.002433003443382955,0.001480771320663334,0.01146983046823124,3.910376639102922e-05,0.0005984579346716506,-0.0061890064731343584,9.09906911944257e-05,-0.0010809149302376136,0.017406044186982463,0.000510700252755014,-0.0009514612540674458,0.01597539367279246,0.0003707669195628265,-2.168404344971009e-19,12.0,-0.0017502357787650181,0.00512296082539482,0.418,0.9083010577296683,0.36517618208827923,-0.004105098138413022,0.007630262776024644,0.572,0.43354814358085114,0.6652394542870247,1000.0,,,
Continuous | pure attention,corrected,24,centered,pre_covid,120,0.0023560935231697064,-0.0005054084956171869,0.0013758297524845244,0.0014856722663023686,0.0005210081979466713,0.013317132893801454,0.0017497380909165718,0.0005646679150416518,-0.00029790443856616454,5.98787921517991e-07,-6.809690042875309e-05,-0.0171760661703907,0.0004032940336807736,-0.00011224172177313926,0.005916410284859776,0.00018826017526423806,0.000580334775515938,-0.027617611476116594,-0.000966061335298577,2.168404344971009e-19,12.0,-0.0013246729738293193,0.0047460776533033025,0.386,0.814289566949826,0.4171055947518686,-0.007247720704059391,0.0051835949092794474,0.892,-0.1499190252668796,0.8810823027420179,1000.0,,,
Continuous | pure attention,corrected,24,centered,covid,24,0.031031109055105317,0.01238825579233939,0.01876839553609843,-0.00012554227333250395,0.0027305786403767863,0.05066425859656437,0.011870635789175035,0.003908472263533156,0.07351299118946956,0.0036315417647597888,0.0064052835121068425,0.046616396492998265,-0.003153599222751333,-0.003873602072019689,0.07713026756186192,-0.00044735555185880017,-0.0092962746173296,0.24143810753071512,0.006867172756773737,2.168404344971009e-18,3.0,-0.006959887403344221,0.007328353516297848,0.904,-0.05601972431070184,0.9558099030345457,-0.006851893922525001,0.03768021674312962,0.23,1.24784624719307,0.22464273302863072,1000.0,,,
Continuous | pure attention,corrected,24,centered,inflation_rates,36,-0.0026133629220265056,-0.0013402453417960649,-0.000166505685986951,-0.0011066118942434904,-0.000321848143774252,-0.001219744746033581,-6.98913739477241e-05,-0.0009846925214358475,-0.006701373123829921,0.00037639379045511373,-0.0008619506408844279,0.0027258765213053066,0.00010985282380860379,4.712344016938743e-06,-0.0052284283193554625,-0.0002697869012787418,0.001057167067834098,0.003739820096702064,-0.0003130740250242026,6.505213034913027e-19,4.0,-0.0036352514692088293,0.0012299558382470686,0.416,-1.1374257914674457,0.2630873941332251,-0.00859946110163712,0.007473443787078136,0.774,-0.3476283654869927,0.730201254715356,1000.0,,,
Continuous | pure attention,corrected,24,centered,holdout,48,-0.004999822279090455,-0.006018618090854962,0.0016796475677362498,-0.0006608517559717414,0.00014980995457192475,0.011227347254904879,0.0014519766837405722,-0.0001882034789816394,-0.014364795846768807,0.0006873554812678868,-0.0005836442894812926,0.0015664958957097824,4.8483047972217666e-05,3.018964009697669e-05,-0.01642743490259543,-0.0007667505240786417,-6.900358217771092e-05,-0.007024558838554764,0.0002585828788342146,-8.673617379884035e-19,6.0,-0.002847966713547906,0.0022433973904039694,0.664,-0.5555536459201549,0.5811509939371513,-0.01681508762880238,0.0026599476533082206,0.214,-1.3820750355438627,0.1734822552450677,1000.0,,,
Continuous | pure attention,corrected,24,centered,last18,18,-0.008012569594181005,-0.012520619007561894,0.002541594801785841,0.0019664546115950466,0.0007753686623489221,0.03086787033059868,0.003662987279231041,0.0005646079623174545,-0.02343790989804314,0.0006046980753695113,-0.0005696065754140142,-0.0003882354750342921,-4.41035499638955e-05,0.0008827935069204895,-0.026852066391584453,-0.0015108762689664853,0.00031329105542219444,-0.030808033152783108,-0.0001711107338843306,8.673617379884035e-19,,,,,,,,,,,,,,,
Continuous | pure attention,corrected,24,centered,last12,12,-0.004263681154968216,-0.007061487733792627,0.002797806578824411,0.0,0.0,0.030694232612834108,0.00447214969168993,1.2037062152420224e-35,-0.022036905731203513,-0.0007867175346039677,0.0,0.0025442741742441564,0.0004630578997124357,0.0,-0.02138495447572522,-0.0017685357351424757,-1.2037062152420224e-35,-0.03423080856263883,0.00041785225716848954,0.0,,,,,,,,,,,,,,,
Continuous | pure attention,corrected,36,structural,full_live_1999,329,0.0012960504479713167,0.003448965689382236,0.0005454837169247844,-0.0026983989583357014,-0.0006239423220651231,0.004585879720926321,0.0003657775722937996,-7.480050546491849e-05,-0.0003910834231563166,-7.588682594011936e-06,-0.0015383077193824447,0.008178746077420307,0.00015294503758881656,-0.000524513641490451,0.004294616900235775,0.00014102529830816783,6.316523006723573e-05,-0.006399509514536643,-0.00010667550867198765,-2.6020852139652106e-18,12.0,-0.0072564815226282805,0.0016931836685029826,0.266,-1.1770545886291883,0.24002715316201248,-0.002826114925195011,0.010439120954153537,0.3,0.9415972972178848,0.347091818768677,1000.0,,,
Continuous | pure attention,corrected,36,structural,post2010,199,0.0038182446129402282,0.005359039072490736,0.00047975754737966425,-0.0020205520069301692,-1.972895913942078e-05,0.003136261869213384,0.0004085776970200156,-0.0003098630637572874,-0.0012376239570737301,1.1082642670881342e-05,-0.00026738983100307314,-0.0030193871783834258,1.1142904240225126e-05,-0.0005183583056432859,0.006163072612205978,0.00020659610442966652,-0.0009052118473871023,-0.01805444791911503,-0.00015764180098112418,-2.6020852139652106e-18,12.0,-0.004360056259373993,0.0004180763133308266,0.1108,-1.686277370889855,0.09331741682627893,-0.002377753260692908,0.015626193334847268,0.2192,1.1998336613619982,0.23163764873821338,5000.0,,,
Continuous | pure attention,corrected,36,structural,validation,151,0.006621338724314222,0.008331759390505518,-2.7274289835941743e-06,-0.0017076932372077015,7.470155152176057e-05,0.0033538798019321684,0.0004379411843089862,-0.0004466244290932857,-0.0010699983248871072,-3.6479148188866216e-06,-0.00043854392461466706,-0.0046783073047231526,6.878041202970466e-05,-0.0005633152070587047,0.006789647003765038,0.00019921094096344785,-0.00033391122796280444,-0.03037715737834966,-0.0007050120514668463,2.168404344971009e-19,12.0,-0.004724344644601687,0.001209605014968051,0.31,-1.1386622010725218,0.25665935289386915,-0.001397672708356182,0.021915041631796483,0.108,1.4987947470252327,0.13602850225903865,1000.0,,,
Continuous | pure attention,corrected,36,structural,pre_covid,120,0.0023560935231697064,0.0033238799729077622,-0.0010504878126146662,8.270136287661121e-05,-7.057169424838487e-05,0.0019129852563714344,0.0002513471328346426,1.1676673726815725e-06,-0.003192149978065878,6.416221455912417e-06,-0.00061432879541478,-0.011548527164702877,0.0002711594178272236,-0.0005633616841934233,0.0012991811610057217,4.133994454320206e-05,0.001329795869360518,-0.046333764515491094,-0.001620750529275647,-8.131516293641283e-19,12.0,-0.0021201464443201495,0.0028202371821132634,0.952,0.06123669945055927,0.9512734317956872,-0.00387145747225604,0.009967687586706608,0.364,0.9000626387011582,0.36990473691463727,1000.0,,,
Continuous | pure attention,corrected,36,structural,covid,24,0.031031109055105317,0.03654476609559963,0.0017318807820576928,-0.007245537822552003,0.00048201736360866884,0.009936137018772115,0.0023280369034983073,-0.0030196235533900143,0.0067455346623422445,0.0003332294123197062,0.0003179672790842743,0.025763790852885316,-0.0017429204511976919,0.0002691915709562792,0.032370289772861806,-0.00018774768068259893,-0.00529509048281121,0.03520339216092456,0.0010012825981199707,-4.336808689942018e-18,3.0,-0.013632980784697936,-0.00017502873046896405,0.034,-1.717992814609522,0.09923359179886151,-0.002230786657399361,0.08388162181185362,0.062,1.5053588000569769,0.1458426058032793,1000.0,,,
Continuous | pure attention,corrected,36,structural,inflation_rates,36,-0.0026133629220265056,-0.0013269089751145407,-0.0006489362697743848,-0.0006375176771375785,-0.0003743791495326431,0.002614037265392485,0.00014978433530698918,-4.5667866277533534e-05,0.0034857433066781407,-0.00019578258239175548,0.0007508549806674928,0.007177741838348824,0.0002892629960854574,-0.00041154935228783236,0.009674330043563113,0.0004991954302478566,-0.0005567762897070623,0.01662090108604054,-0.0013913964490229324,-1.6263032587282567e-18,4.0,-0.002287117325465805,0.0012661044994345383,0.456,-0.8263691964844843,0.4141927761335061,-0.008302800279869585,0.006694584373903448,0.744,-0.40642060132512475,0.6869080645229947,1000.0,,,
Continuous | pure attention,corrected,36,structural,holdout,48,-0.004999822279090455,-0.003992643594597439,-9.714470009709582e-05,-0.000910033984395921,-0.00031764904458450095,0.0024516721225355427,0.0003170624972469088,9.333524100868125e-05,-0.0017649462583274808,8.445267846096988e-05,3.2789027130971325e-05,0.002199299052393631,6.806830567158274e-05,-0.0003427631754767467,0.004191974005426431,0.00019566038670327867,-0.000375746032474326,0.02071074225472722,-0.0007623885681798359,6.505213034913027e-19,6.0,-0.002867747739533875,0.001243923497878019,0.46,-0.9911845296363082,0.3266711344379221,-0.014628722166966944,0.006169085617332601,0.418,-0.9409823567725869,0.3515253697311522,1000.0,,,
Continuous | pure attention,corrected,36,structural,last18,18,-0.008012569594181005,-0.007159542132031283,-3.36507039401293e-05,-0.000819376758209594,-0.0005987944116834403,0.0035063363713896192,0.0004160852494049012,0.00019432499141599526,-0.006962767768872983,0.00017963940843692246,-0.00020259206395765062,-0.005674595972566084,-0.000644634102483506,-4.6624737574384414e-05,-0.0025242767312582777,-0.00014203263741213243,-0.00016569053641011383,0.02831989485153579,0.00015729137811368543,9.75781955236954e-19,,,,,,,,,,,,,,,
Continuous | pure attention,corrected,36,structural,last12,12,-0.004263681154968216,-0.0011291467410781797,-0.0018666009700006175,-0.0012679334438894202,-0.0014401149112810417,0.0057265445900546936,0.0008343575467709689,-0.0001418650047058224,-0.0033530578043183858,-0.00011970416361416671,0.00033468370339340863,-0.00959159593992251,-0.0017456704610658937,-0.0001498655210431986,-0.0049027769458017826,-0.00040545965341780743,0.00012922828974723386,0.03523613961538064,-0.00043012423867371853,1.3010426069826053e-18,,,,,,,,,,,,,,,
Continuous | pure attention,corrected,36,backward_eom,post2010,199,0.0038182446129402282,0.006340891280303111,0.0010455616790822505,-0.003568208346445132,0.00013368898376294055,0.005209533075813116,0.0006786738848434161,-0.0013617200121149584,0.0006120165003245205,-5.480469364715053e-06,-0.0007169175084919077,-0.0009939807534320774,3.6682385191986016e-06,-0.000841475611828365,0.01761320886411823,0.0005904230838731653,,,,-1.3010426069826053e-18,12.0,-0.006855875175913674,-0.0001464793582338087,0.0368,-1.9852733905639803,0.04849438220226758,-0.0016891515515436552,0.01587556734185339,0.1268,1.473161060845917,0.14229554025962768,5000.0,-0.0007817841977728405,-0.02321886564125765,-0.00022172305878881467
Continuous | pure attention,corrected,36,backward_eom,validation,151,0.006621338724314222,0.009650307783542447,0.00023868254715298366,-0.003267651606381208,0.0005176973899568354,0.004046818390726859,0.0005284233614148317,-0.001476652247052556,-0.002505533468500162,-8.542043904528985e-06,-0.001194216228382648,-0.002149118295705771,3.1596308718323265e-05,-0.0007128136465109184,0.01875265552866102,0.0005502103645972172,,,,4.336808689942018e-19,12.0,-0.007248114689699569,0.0006459123274550122,0.104,-1.4407344297248201,0.15174385423394185,0.0004118767849715403,0.02165505058471425,0.042,1.8227728351618837,0.07032909040965596,1000.0,-0.000401666874391921,-0.03251901154829524,-0.0008630054436728596
Continuous | pure attention,corrected,36,backward_eom,pre_covid,120,0.0023560935231697064,0.0052070168675515645,-0.0013480299012435465,-0.0015028934431383114,0.0004113685910744975,-0.001531381332548338,-0.00020120819328352601,-0.0002474628914932389,-0.0019024889187629693,3.82400272671357e-06,-0.0009316774263038642,0.0024166008084920243,-5.674178698339273e-05,-0.0009521978352201666,0.01558612961801759,0.0004959506444453197,,,,-2.168404344971009e-19,12.0,-0.005379839021172669,0.002434429041965802,0.518,-0.6745136435831053,0.5012931088980931,-0.003226883970727299,0.013884433410792693,0.268,1.1488727181308278,0.25291247202885625,1000.0,0.00021707611880446062,-0.04341009123553156,-0.001589854568148661
Continuous | pure attention,corrected,36,backward_eom,covid,24,0.031031109055105317,0.03372972523823252,0.006623178818929409,-0.009321795002056602,0.001643222040473191,0.024275877357368178,0.005687838064831366,-0.006741900442633678,-0.01474239977795677,-0.0007282745490310629,-0.001521692680630965,-0.021156044801985314,0.0014312064308543066,0.00010184341740179185,0.02519431090308162,-0.00014612700323787375,,,,-8.673617379884035e-18,3.0,-0.014176325324997383,-0.0026335358401861565,0.01,-2.9193636933882137,0.007716243195166718,0.0011151462069116508,0.0706163851684696,0.044,1.7946227444091922,0.08586940356519633,1000.0,-0.0028032673366669425,0.013166666192093626,0.0003785358755126748
Continuous | pure attention,corrected,36,backward_eom,inflation_rates,36,-0.0026133629220265056,0.0019132633597639854,-0.0005666844051509426,-0.003959941876639547,-0.0022357268845699142,0.012371376336136898,0.0007088798640606433,-0.0005421706904766344,0.025732812566297687,-0.0014453263058070527,-0.0010536389502386195,-0.0024326952786791183,-9.803761973076841e-05,-0.001232169778359863,0.035905949643537105,0.0018527470016065143,,,,-8.673617379884035e-19,4.0,-0.008689986658332918,0.00019628232732366014,0.082,-1.889936943625006,0.06707117013687956,-0.006873637193196381,0.014387383048719922,0.732,0.4506885136053197,0.6549937824238262,1000.0,0.001103764427005484,0.018412050646812946,-0.001584947345280279
Continuous | pure attention,corrected,36,backward_eom,holdout,48,-0.004999822279090455,-0.004069981469470633,0.0011196487235258833,-0.0020494895331457028,-0.0010697562437466661,0.008867239689313635,0.0011467557728204849,-0.0004974476815571336,0.0104193091105855,-0.0004985639409415157,0.0006186913209396568,0.0026398894316372566,8.170457790917292e-05,-0.0011840886666685117,0.014028699565244033,0.0006547895522077652,,,,-2.6020852139652106e-18,6.0,-0.0052773295507350035,0.002365429620160606,0.416,-1.0615095195369268,0.2938827029014821,-0.014632257939657943,0.004617010162668549,0.434,-0.9453293492634347,0.3493255302186504,1000.0,8.311173788695154e-05,0.006037843357964769,-0.0002650372384700238
Continuous | pure attention,corrected,36,backward_eom,last18,18,-0.008012569594181005,-0.011542649965774456,0.001517897237172754,0.0020121831344206984,-0.0004006053699748154,0.010735624169087103,0.0012739607347316687,-9.140497001884344e-05,-0.011347270715809371,0.00029275958446788096,0.00041626757894296454,0.005633520316724891,0.0006399679079799463,-6.20417036578131e-05,-0.014077895936894272,-0.0007921162780492511,,,,-2.168404344971009e-18,,,,,,,,,,,,,0.0021499675991292055,-0.02137246026895666,0.0001033252880425087
Continuous | pure attention,corrected,36,backward_eom,last12,12,-0.004263681154968216,-0.008053202221275872,0.0024076790826485345,0.0013818419836591194,-0.0015322753661658108,0.016005760487747992,0.002332039303064883,-6.268126078307583e-05,-0.012633471370499564,-0.0004510149279268357,0.0002353362818921335,0.0074790948595941965,0.0013611952644461414,4.3007037630367426e-05,-0.018616252578582255,-0.0015395640882487525,,,,1.3010426069826053e-18,,,,,,,,,,,,,0.002698455291085505,-0.02795764464375608,0.0007050235313130988
Benchmark | Always-short Brown,corrected,36,backward,full_live_1999,329,0.001119287072483444,0.006121898341327774,0.0026592743200051813,-0.007661885588849511,-0.0007648614179172749,0.016335668217883063,0.0013029607024510636,-0.0011596641910001913,0.007283371985410151,0.00014132840958923536,-0.00404991571340901,0.021571209702144524,0.00040338817802879594,0.0016240604917349525,0.04268427747400665,0.001401653070268019,-0.003311504758257987,-0.03539771491341003,-0.0005900560403319324,0.0,12.0,-0.02231729286423504,0.009095967642237229,0.358,-0.9547347170739304,0.3404149619276381,-0.014708449748995763,0.02719361326111065,0.586,0.5489875165302359,0.5833875375964692,1000.0,,,
Benchmark | Always-short Brown,corrected,36,backward,post2010,199,0.01048927812427717,0.01961069130544222,0.004340280539712472,-0.013461693720877523,-0.001026029409857568,0.02613037966643665,0.003404145059178073,-0.0028834317186119058,0.006567541941098864,-5.881085295999084e-05,0.00132715994353,-0.021557126018968413,7.955554446397231e-05,-0.0038308809751191526,0.04357182402085699,0.001460597606423783,-0.007048511560818897,-0.06244161147939183,-0.000545206817393365,1.734723475976807e-18,12.0,-0.0247559404021823,-0.0009004409583552287,0.0348,-2.2164912958354495,0.02779625571147082,-0.007038245613196356,0.04722871585527591,0.1456,1.461436170078818,0.14548096969839774,5000.0,,,
Benchmark | Always-short Brown,corrected,36,backward,validation,151,0.0171213001536846,0.026373134829568427,0.00260096896061089,-0.011852803636494713,-0.00031954006141282583,0.02735748640019929,0.003572271727483505,-0.004082875653380547,0.012846695047482164,4.379787159234294e-05,0.0011803380601946379,-0.0366014360907578,0.0005381138286190884,-0.004087075233855158,0.04547192687439195,0.0013341644028099743,-0.004543650748040819,-0.12440973478283399,-0.0028873788698940204,-5.204170427930421e-18,12.0,-0.026278768875763747,0.0021745354731691627,0.114,-1.5606127210128535,0.12072250400289579,-0.0051733210511028605,0.06212894378741455,0.11,1.6092071107107615,0.10967366831360448,1000.0,,,
Benchmark | Always-short Brown,corrected,36,backward,pre_covid,120,0.012001800334385544,0.016194277791667034,-0.001797944273872569,-0.002394533183408923,-0.0005000699400582495,0.024125075424473744,0.003169793660021603,-0.00024491854443945663,0.0023501987328047747,-4.723899452937599e-06,-0.0007785702454889506,-0.05773736863273101,0.0013556734154965243,-0.004382636822332735,0.02494862034203339,0.0007938650992835023,0.0035116623689104695,-0.2033325480800295,-0.00711255254922126,1.3010426069826053e-18,12.0,-0.01656488539414403,0.011531986597217426,0.826,-0.3096635629996968,0.7573584059790435,-0.016836812685297388,0.04719150827163795,0.348,0.9756994915283239,0.3311926756818771,1000.0,,,
Benchmark | Always-short Brown,corrected,36,backward,covid,24,0.06865790339725321,0.08900621000540679,0.010087270259623783,-0.030435576867777352,0.003853358318649614,0.03193513162082309,0.007482401338758852,-0.021173675867359586,0.030582414595624358,0.0015107712810238402,0.007627206282102856,0.035910425757263185,-0.0024293403024788543,-0.0027209714151747227,0.11074262754333715,-0.0006423072397513571,-0.018021494185995513,0.14646051131048138,0.004165745182071302,-1.0408340855860843e-17,3.0,-0.04500879201149581,-0.006095314983862958,0.014,-3.140838124287297,0.004581249926356868,0.0065265555580153204,0.17655500711452837,0.024,2.1913618034853224,0.038815799052363036,1000.0,,,
Benchmark | Always-short Brown,corrected,36,backward,inflation_rates,36,-0.018289386490326312,0.008104631700409228,-0.00917060034030486,-0.017223417850430675,-0.005392512023017909,0.026327458076322266,0.0015085633477732638,-0.0036797488283665525,0.03563593677771162,-0.002001551782348135,0.00037753157318662963,0.05714622442247144,0.0023029928442255976,-0.0037947718072448137,0.09614021458105446,0.0049608350723824085,-0.004733916764988033,0.19042818072606746,-0.015941439822337995,-6.938893903907228e-18,4.0,-0.035542405556762566,0.00011170605464982177,0.052,-1.9525877835427046,0.05890282612452305,-0.03224978304492408,0.0654060636643116,0.744,0.38353933155284675,0.7036398770466257,1000.0,,,
Benchmark | Always-short Brown,corrected,36,backward,holdout,48,-0.010373957843233701,-0.001662828947538133,0.0011858234106845702,-0.00989695230638014,-0.003253362080194628,0.022270106399808337,0.0028800815101552107,-0.00012271406790998547,-0.013185627206065274,0.0006309322618102228,-0.00037152953315201483,0.025769766081869053,0.0007975742602338455,-0.0029213205628100683,0.03759441712744497,0.001754719419423494,-0.0032280260623134445,0.1324997764126866,-0.004877484040938203,1.734723475976807e-18,6.0,-0.020403627122626927,0.003556006767420933,0.166,-1.5122801720158514,0.1371580933193693,-0.041605035446606625,0.03788006196829034,0.938,-0.09540318628523789,0.924400196108967,1000.0,,,
Benchmark | Always-short Brown,corrected,36,backward,last18,18,-0.010718551615614667,-0.01619546922306484,0.002253502018350448,0.003223415589099712,-0.002768689880979892,0.032719408080906724,0.0038827030922675954,0.003191573293097086,-0.045292584272694586,0.001168548674235517,0.0008981023651817536,-0.018506206514252648,-0.002102305060019097,0.0015023519212183935,-0.0207255786321653,-0.0011661592243698343,0.00040007789058237037,0.0847509019958206,0.00047071453623626704,1.474514954580286e-17,,,,,,,,,,,,,,,
Benchmark | Always-short Brown,corrected,36,backward,last12,12,0.013484649030914616,0.020021395399885455,-0.0038676591908679437,-0.0026690871781028984,-0.006959305093530908,0.04426690965692507,0.006449688737013983,0.00012208213019398984,-0.03913528796114334,-0.0013971297802128212,0.0023274065438647204,-0.028011789981976298,-0.005098145776719677,0.0017874994402455853,-0.031395246902526604,-0.0025963869188389502,5.3229801123713715e-05,0.10040918374718101,-0.001225685452110478,2.6020852139652106e-18,,,,,,,,,,,,,,,
Benchmark | Always-short Brown,corrected,24,backward,full_live_1999,329,0.001119287072483444,0.0024342099076787235,0.002871834398692453,-0.004186757233887738,-3.8063900769936306e-05,0.02575468335214802,0.002054237381926222,-0.004031742083613193,0.004688471902300736,9.097630584889945e-05,-0.0016968397658896944,0.02816780058554711,0.0005267464325912458,0.003434466316871463,0.025645299601985996,0.000842132397507647,-0.0018545778004863767,-0.03852934001120077,-0.000642258119181561,6.071532165918825e-18,12.0,-0.024677275653486947,0.016295586240062544,0.656,-0.4249434343139083,0.6711565401693691,-0.02132939981588451,0.02704986845911946,0.862,0.19284338560575445,0.8472009744383469,1000.0,,,
Benchmark | Always-short Brown,corrected,24,backward,post2010,199,0.01048927812427717,0.02153548112560173,0.005580009204558973,-0.016626212205883534,-0.002730455741178834,0.039931258791732774,0.005202059788562378,-0.0090156631501215,-0.0075449118165533844,6.756297918139764e-05,0.004381005422233622,-0.04331762285474645,0.00015986161921872346,-0.002964880587480254,0.023938705259392585,0.0008024638946952567,-0.006296218149336565,-0.07466547603909482,-0.0006519390770987823,0.0,12.0,-0.032034356913824065,-0.0003712296383492388,0.044,-2.03901581808482,0.04277738894710363,-0.009282887350774479,0.05302694521881571,0.17,1.4285388551395746,0.1547123908718452,1000.0,,,
Benchmark | Always-short Brown,corrected,24,backward,validation,151,0.0171213001536846,0.0317958709589473,0.004867006096470435,-0.019541576901733134,-0.0032134109225042994,0.04301979035897694,0.005617415963351125,-0.013034083075428273,0.016221420713142178,5.5303227702818205e-05,0.004493413664196687,-0.057293738708356585,0.0008423317876327926,-0.0015445316037073719,0.03885715457025977,0.00114008435502039,-0.006242964964289876,-0.12013332318858914,-0.002788129237236689,-3.469446951953614e-18,12.0,-0.04016447689557077,0.0026060190389932732,0.08,-1.8203228607348063,0.07070318188101482,-0.0038647845151786667,0.07265990356845754,0.078,1.743735602449324,0.08325393808030145,1000.0,,,
Benchmark | Always-short Brown,corrected,24,backward,pre_covid,120,0.012001800334385544,0.015991580768878813,-0.0014387905246458195,-0.0025509899098474565,-0.002717571284580676,0.033838830855000536,0.004446083986038517,-0.0061736571776234445,-0.00015880354374358483,3.191951229246057e-07,0.0012177702448443006,-0.09043992542339435,0.0021235294489413,-0.003591221158186646,0.009667709186860452,0.00030762650632589953,0.00871368946569901,-0.237746513028702,-0.008316349661074461,6.5052130349130266e-18,12.0,-0.01880359339974068,0.0160818774280594,0.762,-0.27262038764821267,0.7856175360765959,-0.021013387709426457,0.05058976046295054,0.4,0.8767101593360446,0.3824104927798681,1000.0,,,
Benchmark | Always-short Brown,corrected,24,backward,covid,24,0.06865790339725321,0.1042653435116013,0.022919876652919356,-0.05852731676726743,0.0025273424040778017,0.06972434585455328,0.016336414233721838,-0.04467487836375,0.04964942597312841,0.0024526816430725383,0.0048218827572204205,0.043817717554956837,-0.00296426859259283,0.007407112284407382,0.12171727955061155,-0.0007059602213935486,-0.028608775849223042,0.2742702213815156,0.007801009590111356,-1.3877787807814457e-17,3.0,-0.0855257339622021,-0.016018992850875553,0.008,-4.657974989757265,0.00010917012766545771,0.012928719687203005,0.2032493541071539,0.03,2.227489514772333,0.03598399963493782,1000.0,,,
Benchmark | Always-short Brown,corrected,24,backward,inflation_rates,36,-0.018289386490326312,0.005495899634532932,-0.004260969013245384,-0.019524317111613853,-0.012518202816804616,0.01953277477957442,0.0011192279948696129,0.0005880283800716536,-0.024120451244529877,0.001354765344901094,0.010926898322683959,0.0640386255683996,0.002580756610406502,-0.0027775431141771403,0.06363539208492484,0.003283586231582121,-0.01574349788338771,0.15050477205548668,-0.012599305195004714,-6.938893903907228e-18,4.0,-0.05615525722226672,0.01455303708183531,0.31,-1.0339497823446786,0.30825130524857475,-0.044438860080803416,0.07363243713313782,0.862,0.21804282746555934,0.828662052879417,1000.0,,,
Benchmark | Always-short Brown,corrected,24,backward,holdout,48,-0.010373957843233701,-0.010741995225131194,0.00427629199227007,-0.003908254610372572,-0.00122332836935613,0.030215253236443824,0.003907587624803094,-0.0002067791919631596,-0.082309832899554,0.003938525504243655,0.0020202283312442085,0.0006489082680687987,2.008371089672928e-05,-0.006619532306590204,-0.022992249864377114,-0.0010731632624198018,0.002121156926292714,0.06836879311868944,-0.002516741585253608,-5.204170427930421e-18,6.0,-0.02380708545973372,0.01415658123998411,0.736,-0.3862740613203004,0.7010368928376958,-0.04765150977619835,0.029711617538941422,0.636,-0.5618332577504849,0.5768992293896762,1000.0,,,
Benchmark | Always-short Brown,corrected,24,backward,last18,18,-0.010718551615614667,-0.014750866840288406,0.0013682914177548281,0.0026640238069189164,0.004230563305366857,0.08720500588744864,0.010348327365310567,-0.008072367207545826,-0.09973235302811727,0.0025730947081254183,0.0056986414564004365,-0.06074833584272511,-0.006901010951733561,-0.007004676281253522,-0.09042512935314023,-0.0050879206116033575,0.00781186253395097,0.07846479590314637,0.0004358009076557589,-4.7704895589362195e-18,,,,,,,,,,,,,,,
Benchmark | Always-short Brown,corrected,24,backward,last12,12,0.013484649030914616,0.030994100175877906,-0.0044224554625547485,-0.013086995682408542,-0.010965982791344513,0.12611268540218476,0.01837461826309832,-0.0016375352823082712,-0.12404163961757564,-0.004428286534347463,0.002531682555236297,-0.051114408084802755,-0.009302822271434086,-0.008992952495422042,-0.10560322234954812,-0.00873338648830763,0.005977792331429987,0.027245105004508153,-0.00033257843156389127,0.0,,,,,,,,,,,,,,,
Benchmark | Always-short Brown,corrected,36,centered,full_live_1999,329,0.001119287072483444,-0.001198714754627657,0.002282099947682698,3.590187942840344e-05,0.005994676282949597,0.022403773542255128,0.0017869631118128928,-0.0003421457657059373,-0.0029105720409760096,-5.6477483007874956e-05,0.0004637947121039233,0.021820378248495056,0.0004080477055806713,-0.0026173526223905626,0.019764127369571196,0.0006490082870817609,-0.0034630707275286176,-0.03032166277617411,-0.0005054416737847521,-4.336808689942018e-19,12.0,-0.008770239959432567,0.008761111677860166,0.99,0.007486148867408774,0.9940315242296208,-0.017411018941030344,0.014591474920261017,0.906,-0.1475587756188687,0.8827816539600412,1000.0,,,
Benchmark | Always-short Brown,corrected,36,centered,post2010,199,0.01048927812427717,0.006126236418185023,0.006716750459881342,-0.0023537087537891925,0.0018263602757711654,0.04648523803699866,0.006055881904832071,0.0012718524397880562,0.007716257408298346,-6.909734020898318e-05,0.0008987931466264895,-0.038900627919318545,0.00014356091027109398,-0.0016658028891291725,0.03016017790999743,0.0010110176623216627,-0.004684911726845731,-0.048630169288980084,-0.0004246126773345028,-3.0357660829594124e-18,12.0,-0.00983142733998975,0.005063516652392407,0.564,-0.605531888613816,0.5455190950666706,-0.012669919091908628,0.026106790052145484,0.512,0.6192092937933273,0.5364903012396416,1000.0,,,
Benchmark | Always-short Brown,corrected,36,centered,validation,151,0.0171213001536846,0.013017364762839321,0.0061340761132449816,-0.0020301407223997005,0.0022829235618212268,0.04154710605856807,0.005425116553496675,0.00045940816070769603,0.03869784160424981,0.0001319314493898523,0.0017050245963973975,-0.04764159665517242,0.00070042612300982,-0.002128202126856089,0.05864661001195665,0.001720714841039555,-0.004349294914469932,-0.0794580833951048,-0.0018441128536909204,-3.469446951953614e-18,12.0,-0.009778989020710307,0.005846664982509584,0.584,-0.47819565477567094,0.6332071530325359,-0.008980763089040396,0.03655355256972277,0.23,1.143493511472306,0.25465540620440374,1000.0,,,
Benchmark | Always-short Brown,corrected,36,centered,pre_covid,120,0.012001800334385544,0.01193855889770904,0.0027197886332807108,-0.0026565471966042108,0.0008123701087545659,0.0416416299185713,0.005471293755001079,-0.0009236011054768055,0.02044594480683076,-4.1096349061729846e-05,-0.0005264426228572018,-0.0742926717077271,0.0017443919316974326,-0.0011259953350484784,0.034747250152199496,0.0011056574998429879,-0.0008928782419762912,-0.1589615159013608,-0.005560458204199059,4.336808689942018e-18,12.0,-0.009800181601853968,0.0055571033831696755,0.486,-0.6028292227609292,0.5477694311765169,-0.0122552330885767,0.0334366955039615,0.292,0.9827608327082867,0.32771902723056046,1000.0,,,
Benchmark | Always-short Brown,corrected,36,centered,covid,24,0.06865790339725321,0.04047938291151734,0.021327023513153444,0.0068514969725824324,0.004678695055320872,0.05570409364681365,0.013051469141448441,0.006040270828350472,0.1215745550683431,0.006005783020376137,0.011257640480149008,0.06406798839935947,-0.004334199415216669,-0.005588248413900137,0.1694683979986533,-0.0009829167083921914,-0.009536860977337783,0.26674205220636255,0.007586887474937727,-9.540979117872439e-18,3.0,-0.0030921976066252592,0.015837548129298062,0.176,1.2818667364978074,0.2126610557195336,-0.011546316121303146,0.09722165121135884,0.146,2.009850648301917,0.056319288501879,1000.0,,,
Benchmark | Always-short Brown,corrected,36,centered,inflation_rates,36,-0.018289386490326312,-0.018457696650870548,-0.003585776663359569,0.0037540868239038117,0.0011906817245027654,0.012718814668832379,0.0007287880805240943,-0.0030644974432284247,-0.04964381107941614,0.0027883273889605384,-0.0007917745338877904,0.011755845200188655,0.00047376056156760247,0.004504093074057825,-0.003763376595820248,-0.00019419023234432475,0.0019155840024594364,0.08818707165710794,-0.00738246246206748,-7.37257477290143e-18,4.0,-0.006678035124278063,0.012698763540470172,0.5,0.8016838543868137,0.4281454172264601,-0.05659013743844751,0.031474397631429396,0.406,-0.8653824613156471,0.3927220698515507,1000.0,,,
Benchmark | Always-short Brown,corrected,36,centered,holdout,48,-0.010373957843233701,-0.015552104832706628,0.00740737579600388,-0.0022292288065309564,0.00040954502612244783,0.0620197782191449,0.008020707818190908,-0.0011682105346527564,-0.08974664287479896,0.004294376861559126,-0.002892798100198068,-0.011402997104444937,-0.0003529227603825701,0.0013422436334634335,-0.0594533897440826,-0.0027749869663050556,7.999116873398681e-05,0.04834931050320393,-0.001779799157058528,3.469446951953614e-18,6.0,-0.01417627391712427,0.011373803851055854,0.78,-0.3745041434411318,0.7097137390180226,-0.05125604099896787,0.018342684137184512,0.378,-0.9462673448867565,0.348852033908521,1000.0,,,
Benchmark | Always-short Brown,corrected,36,centered,last18,18,-0.010718551615614667,-0.01788204389122995,0.007163492275615271,1.925929944387236e-34,1.925929944387236e-34,0.12941006334382546,0.015356660850133947,0.0,-0.10782054080787226,0.0027817699528430964,0.0,-0.0414182368320293,-0.004705111704118519,0.0,-0.11050287414171583,-0.006217628385040545,0.0,-0.009398190155385592,-5.219843820270771e-05,1.3877787807814457e-17,,,,,,,,,,,,,,,
Benchmark | Always-short Brown,corrected,36,centered,last12,12,0.013484649030914616,0.01504078008115664,-0.0015561310502420246,-3.3703774026776623e-34,9.62964972193618e-35,0.12941006334382552,0.018855046229195378,-4.81482486096809e-35,-0.10782054080787228,-0.003849193306841051,0.0,-0.04141823683202929,-0.007538119103429318,-3.851859888774472e-34,-0.11050287414171582,-0.009138587691519899,0.0,-0.009398190155385592,0.00011472282235286505,3.3703774026776623e-34,,,,,,,,,,,,,,,
Benchmark | Always-short Brown,corrected,24,centered,full_live_1999,329,0.001119287072483444,-0.0041287995255615655,0.002308650270053289,0.002939436327991726,0.00523340066866732,0.029268336870797673,0.0023344923672605584,0.0009986504106180103,-0.00547032073997855,-0.00010614750031617958,-0.000444300762647375,0.03145183004874196,0.0005881587817382366,-0.0007533047241553847,0.005732126222771863,0.0001882297837700246,-0.0020950092644908464,-0.04175832743746877,-0.0006960831623993507,-5.637851296924623e-18,12.0,-0.008133050551544873,0.014266061070142758,0.6,0.478433767531001,0.6326602455151162,-0.020446603619692715,0.011960088379159491,0.616,-0.5033509696671303,0.6150553923353038,1000.0,,,
Benchmark | Always-short Brown,corrected,24,centered,post2010,199,0.01048927812427717,0.003462572021158102,0.0065107553714547125,0.0005159507316643559,0.0029968354316984693,0.050028108416352156,0.006517430678755003,0.004188925582198273,-0.001361402593699814,1.2191052371723963e-05,-0.0018613721357440566,-0.04891444782268922,0.00018051643457780484,-0.00171123698120659,0.01494694316045779,0.0005010455700240293,-0.0030972011652817396,-0.08021887180397864,-0.0007004283642738479,-6.505213034913027e-19,12.0,-0.008729237546925228,0.010239591856108569,0.924,0.10979285091321275,0.9126848589157815,-0.015621831557269716,0.023395282268399945,0.68,0.35182591027713517,0.7253429721246986,1000.0,,,
Benchmark | Always-short Brown,corrected,24,centered,validation,151,0.0171213001536846,0.009433708285711247,0.0060431817131864005,0.0016444101547869545,0.004044046836859523,0.046861208107759365,0.006119018625843129,0.004191008559380825,0.031116933952516558,0.00010608607681294994,-0.00225748716111772,-0.05979718042100719,0.0008791373545340135,-0.0012955828131968185,0.04232635272696502,0.001241872007427456,-0.0030375752671388543,-0.09922743636164155,-0.0023029323514311487,-3.2526065174565133e-18,12.0,-0.007641707265668836,0.011466390427757465,0.726,0.3126807741046832,0.7549574912051654,-0.013477603507882789,0.032809483889970605,0.398,0.8244460379878967,0.4109952331330438,1000.0,,,
Benchmark | Always-short Brown,corrected,24,centered,pre_covid,120,0.012001800334385544,0.012402632159168793,0.0002592832922058185,-0.0006601151169890716,0.0018932314881695035,0.04071310605275016,0.005349295004270839,5.6361721083559445e-05,0.00739917949200987,-1.4872350778939847e-05,-0.005401740668696589,-0.09973548579307143,0.002341789206421317,0.0015399763373810068,0.00815257305997123,0.00025941487476828447,0.0012520560050734476,-0.21945011460996525,-0.007676343442475683,3.686287386450715e-18,12.0,-0.008342140290503583,0.008797168548584667,0.984,-0.11516766659759714,0.9085063331738393,-0.01317038724581356,0.034793321498311006,0.318,1.0040778033190834,0.31737844886771566,1000.0,,,
Benchmark | Always-short Brown,corrected,24,centered,covid,24,0.06865790339725321,0.02041668944966588,0.03685159859577765,0.011389615351809695,0.005878218521560926,0.09279798142607665,0.021742567048129765,0.015533408654089854,0.212897611859147,0.01051714202584184,0.0167214981483391,0.11903749833249266,-0.008052886762193128,-0.00802926107593691,0.2317338929257741,-0.001344056578969493,-0.018714248896243277,0.4918235571789203,0.013988832862968672,-1.0408340855860843e-17,3.0,-0.00783801882690202,0.029250097327223477,0.306,1.8960554573425497,0.07058521790224291,-0.028909373547457335,0.07403013175009712,0.42,0.9895724420157554,0.33268014871754226,1000.0,,,
Benchmark | Always-short Brown,corrected,24,centered,inflation_rates,36,-0.018289386490326312,-0.01686011491022976,-0.0016547174269886027,0.00022544584689205898,0.0009504968963329719,0.01397369422018522,0.0008006926788166122,-0.0037394344591053725,-0.10525281063407345,0.005911699530613789,-0.003441046286707519,-0.009154193993833878,-0.00036891401795150505,-0.0016946004269045329,-0.05288209772459752,-0.0027287162425892316,0.008150030123276513,0.06294647046347307,-0.005269479375878268,-9.75781955236954e-18,4.0,-0.01623682789017606,0.017629619334623245,0.964,0.027929853217332185,0.9778767483509582,-0.06262996062116362,0.031466468024009465,0.5,-0.7179676533932838,0.4775425807307907,1000.0,,,
Benchmark | Always-short Brown,corrected,24,centered,holdout,48,-0.010373957843233701,-0.015321627477748664,0.009687223821811083,-0.004739554187296117,-0.00028503919660270065,0.05999064897046699,0.007758290678105637,-0.0010548603797342641,-0.10353283631200554,0.00495404621752946,-0.002178168056545131,-0.014679184857147342,-0.0004543207713287093,-0.0015257680300379156,-0.07118411610084625,-0.0033225186190069993,0.00030428147562389487,-0.02042109579966409,0.0007517263165116928,-2.6020852139652106e-18,6.0,-0.017403068379897378,0.010211222397252674,0.61,-0.6811983253615348,0.49908875208351317,-0.05419143160759768,0.02013307377796474,0.408,-0.9065186924202784,0.36928562367223877,1000.0,,,
Benchmark | Always-short Brown,corrected,24,centered,last18,18,-0.010718551615614667,-0.027789283246122017,0.01022769544540419,0.00684303618510315,-0.000717649502074994,0.12141270144428759,0.014407640571388785,0.0018940331307853047,-0.13006711979437788,0.0033557316906949394,-4.850936925491797e-05,-0.013993883067064542,-0.0015897051164185292,0.0016555021706597052,-0.08474163013407766,-0.0047681290555441035,0.004059659754988051,-0.2120674397418565,-0.0011778426447169041,1.0408340855860843e-17,,,,,,,,,,,,,,,
Benchmark | Always-short Brown,corrected,24,centered,last12,12,0.013484649030914616,0.004374846690090663,0.00910980234082396,-9.62964972193618e-35,0.0,0.11831267267806829,0.01723815640919455,-9.62964972193618e-35,-0.12641247540829845,-0.0045129253720762675,0.0,0.0010658327799276252,0.00019398156594682746,0.0,-0.0840166009407356,-0.006948172897798834,0.0,-0.25713007661943793,0.0031387626355576835,-6.938893903907228e-18,,,,,,,,,,,,,,,
Benchmark | Always-short Brown,corrected,36,structural,full_live_1999,329,0.001119287072483444,0.00553843037545906,0.002028776647139079,-0.006447919950114697,-0.002355616945021576,0.01780074440460567,0.0014198176728507594,-1.6357652662346937e-05,0.0002305411595095238,4.4734795206954435e-06,-0.002737760743567133,0.017461837019742195,0.00032654165981842485,-0.0004175352693948257,0.02386268899242553,0.0007835955829743722,-0.000920649339468815,-0.03033426521995026,-0.0005056517480251727,1.734723475976807e-18,12.0,-0.018102868274038852,0.006042907687005924,0.304,-1.1021174556375561,0.2712186488588156,-0.013661143130339845,0.024904512088792075,0.58,0.5492726493003669,0.583192100364731,1000.0,,,
Benchmark | Always-short Brown,corrected,36,structural,post2010,199,0.01048927812427717,0.01729544748850798,0.0020207609873866025,-0.008826930351617407,-0.001856383028841819,0.013613456820342132,0.001773498217969877,-0.0007105868585372262,-0.0014880327690803205,1.3324996957292118e-05,0.0002144456860060325,-0.011727652341549202,4.328034110368735e-05,-0.002800261011508102,0.027034350097395903,0.0009062348875864752,-0.0036741451387362926,-0.08195387159499315,-0.0007155774562307293,-5.204170427930421e-18,12.0,-0.016832145515552253,0.00021926258778384776,0.0564,-2.024803674764809,0.04423041617476828,-0.00762100526635199,0.043602716739064684,0.1748,1.3445064600295575,0.18032293308337208,5000.0,,,
Benchmark | Always-short Brown,corrected,36,structural,validation,151,0.0171213001536846,0.02441977335747169,-0.0002545093532361092,-0.0070439638505509754,-0.0016212157542816212,0.01435637420419552,0.0018746192149600252,-0.0011218865569469594,-0.0006304867981742235,-2.1495006867555535e-06,1.0259300666089476e-05,-0.021627477330103832,0.0003179668852505333,-0.003300042630979894,0.027080490523301182,0.0007945523524134674,-0.0010110782090085903,-0.1395816562829017,-0.0032394983051733796,-6.938893903907228e-18,12.0,-0.01764295570958767,0.0032568517658541378,0.204,-1.3272930916075587,0.1864284118010765,-0.0063448193680466745,0.05977145081584379,0.124,1.5678336288309478,0.1190271198274145,1000.0,,,
Benchmark | Always-short Brown,corrected,36,structural,pre_covid,120,0.012001800334385544,0.01798831710663075,-0.0048046570407460154,-0.0011818597314991954,-0.0016917864673901156,0.00845724606201867,0.0011111975600886321,0.000551945840376131,-0.010639563636423639,2.1385522909211526e-05,-0.002357524395333278,-0.047478636222607035,0.0011147983785068133,-0.003416485948128378,0.006169087531676349,0.0001963003652579414,0.005731991238976445,-0.20721438626691172,-0.0072483388675086136,4.7704895589362195e-18,12.0,-0.011526349618935417,0.009401368593943487,0.888,-0.21088812201720725,0.8333352756789645,-0.010604186561079443,0.04612881016245439,0.218,1.2246995995948962,0.2231072467175004,1000.0,,,
Benchmark | Always-short Brown,corrected,36,structural,covid,24,0.06865790339725321,0.08039777878320245,0.0061363809840958095,-0.01787625637004504,0.0012489687363956138,0.0324239395167467,0.007596929028773753,-0.009708492866003782,0.025921249446731676,0.0012805097226685422,0.0067708256490711174,0.07721817253775869,-0.005223809372179375,-0.0017047226332038892,0.10228825432524986,-0.0005932718750864506,-0.014482835256304102,0.10814775075801113,0.0030760234799193406,-1.0408340855860843e-17,3.0,-0.03025196133915332,-0.001727405528195051,0.026,-1.9692061705685626,0.06109168274677061,-0.006660422890547054,0.1705150057528921,0.072,1.7377095415744441,0.09563580135647147,1000.0,,,
Benchmark | Always-short Brown,corrected,36,structural,inflation_rates,36,-0.018289386490326312,-0.005299517857157634,-0.004393367657473289,-0.008596500975695389,-0.005045078500972593,0.018470711294306427,0.0010583717571637568,-0.0017037295760880585,0.024519248901129904,-0.0013771644799467956,0.0028692122075459356,0.050433423627065294,0.00203246697217073,-0.002842684415135972,0.06943174959232322,0.0035826782789638773,-0.0018742206910447017,0.11574837701583851,-0.009689720185824858,0.0,4.0,-0.018535722919498038,0.0012863353103948923,0.084,-1.9034944248993986,0.06522539515014188,-0.04449250992413479,0.044943707010129334,0.796,-0.2478666755766851,0.8056860185747027,1000.0,,,
Benchmark | Always-short Brown,corrected,36,structural,holdout,48,-0.010373957843233701,-0.005116494307607033,-0.00014202546753822585,-0.005115438068088444,-0.0025991072519420512,0.011276362550303344,0.001458315586817979,0.0004450114750702927,-0.00418572946922242,0.00020028715510229258,-0.0005649669052652238,0.01941554710161222,0.0006009111827948969,-0.0012255152144548015,0.026889200007568864,0.0012550534103532769,-0.0011708601714966608,0.09933353440238583,-0.0036565928026066705,8.673617379884035e-19,6.0,-0.01493214258825776,0.006345727067051925,0.456,-0.9476390451487194,0.3481603632959421,-0.04519232274574811,0.03446621038458964,0.796,-0.2952286801233386,0.7691194910158,1000.0,,,
Benchmark | Always-short Brown,corrected,36,structural,last18,18,-0.010718551615614667,-0.016018618158291864,-0.00030803606421843876,0.0056081026068956165,-0.0024525200750921275,0.014269886057876923,0.0016933598122013938,0.0035793596868422743,-0.021942443872735855,0.0005661150519165834,0.0009066532012724021,-0.019902937422216382,-0.0022609736911637767,0.0032659984512115716,-0.014889628848001475,-0.000837789783180883,0.0003086113426614962,0.09565060986171832,0.0005312525460082439,1.9949319973733282e-17,,,,,,,,,,,,,,,
Benchmark | Always-short Brown,corrected,36,structural,last12,12,0.013484649030914616,0.01997061270113327,-0.006936788804022201,0.0004508251338035396,-0.006479202389676773,0.02417800056082486,0.003522734681712182,-0.00017348613577170013,-0.007662357414641635,-0.00027354615970270717,0.002709989493741716,-0.03754791809294448,-0.006833721092915883,0.004298443115229875,-0.023598019609838868,-0.0019515562217336743,9.508105028042209e-05,0.11474652373117072,-0.0014007000113821185,6.071532165918825e-18,,,,,,,,,,,,,,,
Benchmark | Always-short Brown,corrected,36,backward_eom,post2010,199,0.01048927812427717,0.013157616766243664,0.00397711403145342,-0.006645452673419912,-0.0002555182694022178,0.02361830900651483,0.003076884107196459,-0.0028064293906659267,0.0039866652640126315,-3.569968593201261e-05,0.0007914264098592355,-0.036913547154129846,0.0001362276835678046,-0.0036890566125458747,0.05611963679954075,0.0018812204681526454,,,,-2.6020852139652106e-18,12.0,-0.017246496599685714,0.0047486234980867875,0.2708,-1.1776793981544893,0.24033803322928,-0.012627946027433208,0.040529021406431505,0.334,0.994578828220442,0.3211550499573565,5000.0,-0.0006858748106651283,-0.11325675300315277,-0.0010815185415314775
Benchmark | Always-short Brown,corrected,36,backward_eom,validation,151,0.0171213001536846,0.020219064358737777,0.0012802887055337931,-0.004378052910586966,0.0007048401088545806,0.021945840916881825,0.002865632678982398,-0.0038489209853308365,0.01083615373716463,3.69433903569028e-05,0.00026272828074917553,-0.05478641966761635,0.0008054692163053532,-0.003802233032868506,0.06387350277013581,0.0018740739514755613,,,,-5.204170427930421e-18,12.0,-0.018002501132156994,0.008681927372608611,0.524,-0.6168591119227794,0.5382628123259059,-0.010795515082353716,0.057040880473325256,0.232,1.2456433280998311,0.21483755610823704,1000.0,0.0023055327180086208,-0.16209779180546705,-0.004301830531586422
Benchmark | Always-short Brown,corrected,36,backward_eom,pre_covid,120,0.012001800334385544,0.012120837484219053,-0.0007369209857951632,0.0006178838359616559,0.00041848842932459953,0.021762063176015745,0.002859317480696707,-5.999619461727699e-05,0.007525848503404231,-1.5126955491842515e-05,0.00020018380899679693,-0.05913696267964848,0.0013885358837181466,-0.0044786972097481965,0.0516261587194903,0.001642744370454181,,,,-1.734723475976807e-18,12.0,-0.014209983176684256,0.015336188532170903,0.938,0.07548917755395523,0.9399522689129897,-0.019881631508203164,0.041873363113084414,0.44,0.7589579928735994,0.44937837873925807,1000.0,0.0045379050020057324,-0.18054766490086224,-0.006612391765172356
Benchmark | Always-short Brown,corrected,36,backward_eom,covid,24,0.06865790339725321,0.08898882234399355,0.0032124977037920237,-0.023543416650532355,0.004578822592675087,0.014793280973519033,0.00346606573209551,-0.020445462711249057,0.00579149634919103,0.0002860999196500363,0.0019827917591004763,-0.04295886273864621,0.002906167064269416,-0.0008136660246541817,0.09845989131106707,-0.0005710673696041903,,,,-1.0408340855860843e-17,3.0,-0.03516290165004999,-0.007167700207355325,0.014,-3.5702845151194307,0.001623990542577113,0.015982366616275452,0.16754158001592298,0.008,2.5668352943994566,0.017240687193567576,1000.0,-0.008845902266404679,-0.09999344415883661,-0.002874767642618749
Benchmark | Always-short Brown,corrected,36,backward_eom,inflation_rates,36,-0.018289386490326312,-0.008305807557420835,-7.347840705262845e-05,-0.00991010052585284,-0.0041368508534741655,0.01942662802926242,0.0011131457860767352,-0.0036359557571832473,0.026318627576972505,-0.001478229582239955,-0.00514963528057136,0.023101931378597878,0.0009310078345574938,-0.004112576504557914,0.09140561833125245,0.004716529905892625,,,,-8.673617379884035e-18,4.0,-0.02943642846756831,0.005494947522606441,0.236,-1.379814885242149,0.1763953058169492,-0.05748943271855035,0.052027235936956046,0.742,-0.3276181369470104,0.7451520940637804,1000.0,0.007124917869933847,0.062218910935699694,-0.0053559323513395285
Benchmark | Always-short Brown,corrected,36,backward_eom,holdout,48,-0.010373957843233701,-0.009056520451810726,0.004880780334860205,-0.00619821772628318,-0.003270055969179818,0.02887961487181868,0.0037348561932979475,-0.000631426003396468,-0.017560683891111373,0.0008402787241896784,-0.00011216391373397735,0.019311530961213106,0.0005976918832495445,-0.0029101904147667253,0.031727266767043794,0.0014808701763517691,,,,0.0,6.0,-0.017814146158390654,0.008970572532578653,0.506,-0.9541818069376827,0.34487361123831917,-0.047219455833712544,0.026136048129509724,0.596,-0.5571410003930081,0.5800748084778277,1000.0,0.0007256185747938083,0.040389014895794266,-0.001772916642228735
Benchmark | Always-short Brown,corrected,36,backward_eom,last18,18,-0.010718551615614667,-0.026304334033329813,0.005836115527813454,0.009749666889901674,-0.002399763242551702,0.05634044535429347,0.006685732848709488,0.0023441158217101465,-0.05652061389362167,0.0014582318384554348,0.0016478267530168895,-0.005347863100007098,-0.0006075172481608052,0.0019643260680731593,-0.033557528998904504,-0.00188817029833836,,,,1.9081958235744878e-17,,,,,,,,,,,,,0.006193161489653182,-0.03885368763402261,0.0001878383871476966
Benchmark | Always-short Brown,corrected,36,backward_eom,last12,12,0.013484649030914616,0.0025766925814881426,0.005224450411018482,0.005683506038407988,-0.00751056638361528,0.0748255050373517,0.010902076083942145,-0.00010895064893696365,-0.053726354144770984,-0.0019180308429683297,0.0023774878505588987,-0.00692850004261616,-0.001260987007756139,0.0025989364305260667,-0.04723041584263477,-0.0039059553901858958,,,,3.469446951953614e-18,,,,,,,,,,,,,0.008326598789875265,-0.055808241070684224,0.0014073475679867
