asset,baseline,period,model,n,k,df,mean_ann,alpha_ann,t_alpha,p_alpha,p_alpha_normal,r2,b_Mkt-RF,t_Mkt-RF,p_Mkt-RF,b_SMB,t_SMB,p_SMB,b_HML,t_HML,p_HML,b_BOND,t_BOND,p_BOND,b_UMD,t_UMD,p_UMD,b_RMW,t_RMW,p_RMW,b_CMA,t_CMA,p_CMA
GB,legs,full_1970,CAPM,679,2,677,-0.005013136966126645,-0.00587695355763401,-0.40482159387810734,0.6857365297220052,0.685608654794333,0.0003523230558822865,0.011517961668424148,0.4275910937897168,0.6690848229495162,,,,,,,,,,,,,,,,,,
GB,legs,full_1970,FF3,679,4,675,-0.005013136966126645,0.005436412183525767,0.40695401298796696,0.6841707735876077,0.6840417642629564,0.062212851935112945,-0.02341345481866437,-0.8963190648814336,0.37040192036629616,0.0017196959020922796,0.03841791902437818,0.969365833458447,-0.23311143750843483,-4.62602545029061,4.469108032971904e-06,,,,,,,,,,,,
GB,legs,full_1970,FF3+BOND,679,5,674,-0.005013136966126645,0.003277995202695805,0.24656900180639324,0.8053168734914399,0.8052417969110619,0.06901466821317026,-0.03024905293659795,-1.1185047540836823,0.2637499603811423,0.0065638588090635485,0.1478505748845926,0.8825049136013999,-0.23035136099280776,-4.66038062688535,3.8048400043486543e-06,0.11660280597046022,2.2347638958923057,0.025759797302517692,,,,,,,,,
GB,legs,full_1970,FF3+UMD+BOND,679,6,673,-0.005013136966126645,0.00987929167065884,0.7400688622029643,0.45951629748426337,0.4592582112853436,0.07901766155652201,-0.04464864410337918,-1.7177934568298832,0.0862942868818094,0.0018489385868883492,0.03942280685751885,0.9685649882544561,-0.2537075388828787,-5.217967921204589,2.412032478875681e-07,0.11975254125954787,2.3018466962563715,0.02164829978244168,-0.06782609122723918,-1.698723046415686,0.08983356161182396,,,,,,
GB,legs,full_1970,FF5,679,6,673,-0.005013136966126645,0.017197792772891577,1.2390816663040622,0.21574720628479474,0.21531525584417688,0.0891735968581876,-0.05297529089117291,-2.074460915803921,0.0384160873635067,-0.05023083960387674,-1.1021963718706929,0.27077030959436454,-0.11224470600516588,-1.9008545120958402,0.05774802656308059,,,,,,,-0.14795354991156273,-1.9006533372608343,0.05777443631353606,-0.2491119765055794,-2.8037365328941135,0.005196984586087504
GB,legs,full_1970,FF5+UMD,679,7,672,-0.005013136966126645,0.02196860786787018,1.6023540894575978,0.10954724583875179,0.10907733102194053,0.09570568874797691,-0.06223753965733659,-2.473187838434028,0.0136375809949516,-0.05343839022869297,-1.203910900356794,0.2290479125865972,-0.14035340323683598,-2.384496230994166,0.0173789491428239,,,,-0.05532373800270667,-1.4267932342236278,0.15410394376161565,-0.1453490390492653,-1.9030061422436584,0.057466829067992206,-0.2272703014286089,-2.622884202457427,0.008916581663510916
GB,legs,full_1970,FF5+UMD+BOND,679,8,671,-0.005013136966126645,0.020041037807752293,1.4763426045134163,0.14032106604013267,0.1398519422677748,0.1043590542805527,-0.07141600420386851,-2.783618586014102,0.005526974429071901,-0.04853939346073158,-1.0934724378617624,0.27457882089556057,-0.13495304361564442,-2.3500068181530183,0.019061812462504837,0.13189516130127782,2.6025166778628592,0.009458578436926095,-0.05631655879660966,-1.468453878095124,0.14244959267380727,-0.15136482931904413,-1.9786193193426969,0.04826738451524448,-0.23436047383799716,-2.7401222572771977,0.006304938793706444
GB,legs,post2010,CAPM,199,2,197,-0.017920402010050237,-0.007447657612356162,-0.2530195368042542,0.8005169465660341,0.800253116110961,0.014701919752728942,-0.08038928497581935,-1.6190386963954069,0.10703874148928684,,,,,,,,,,,,,,,,,,
GB,legs,post2010,FF3,199,4,195,-0.017920402010050237,-0.01123119873615774,-0.4892590605253017,0.625208176852399,0.6246583010797493,0.13454211488282508,-0.06350558363834918,-1.4262737603948465,0.1553883394885752,-0.0539027847605377,-0.6194731346994373,0.536327827446896,-0.29842502826741274,-5.744353340334606,3.500132308395832e-08,,,,,,,,,,,,
GB,legs,post2010,FF3+BOND,199,5,194,-0.017920402010050237,-0.012032611067514269,-0.5164051267897135,0.6061596155042115,0.6055714858221704,0.1359670967588802,-0.06135454973166247,-1.372380105847909,0.17152975200197823,-0.051116675932487005,-0.5868762051327748,0.5579691780529807,-0.285582616699479,-5.229351470565048,4.383772857377492e-07,0.06797585298637712,0.48371834706972855,0.6291313129214594,,,,,,,,,
GB,legs,post2010,FF3+UMD+BOND,199,6,193,-0.017920402010050237,-0.007383914334584275,-0.31959891263794715,0.7496180830456043,0.7492723987658012,0.14539678117460886,-0.07615088941552932,-1.6039906667200954,0.11035127929502407,-0.06633909245697792,-0.711302879615832,0.4777553622811046,-0.31359662549315054,-5.56826628466863,8.538855136459572e-08,0.04521003960295478,0.31168981026493453,0.755612714939132,-0.08239511456403681,-1.1442397413098202,0.2539413489801339,,,,,,
GB,legs,post2010,FF5,199,6,193,-0.017920402010050237,-0.0067377476316132,-0.3053677526045041,0.7604151674282285,0.7600860792632864,0.1486691574070672,-0.07606487223388655,-1.69757378786528,0.09120005736121596,-0.09295303500523037,-1.0104271070569542,0.3135557908598298,-0.2062322032690873,-2.788347152078249,0.005828086025867236,,,,,,,-0.09944191654451434,-0.5525556495539972,0.5812070829736784,-0.15748481498061237,-1.2286114417604408,0.22071353917696743
GB,legs,post2010,FF5+UMD,199,7,192,-0.017920402010050237,-0.0016135962361983201,-0.07494649716552357,0.9403353104015743,0.9402572811708144,0.16022975121047445,-0.0891187289460267,-1.895333292192788,0.0595506883091165,-0.1205137024959414,-1.4062390709978316,0.1612695091793002,-0.23999421129503853,-3.2065725247582426,0.0015736657744458123,,,,-0.09434916509253335,-1.452940856025879,0.1478725646444787,-0.13434662387591823,-0.8711311357183993,0.3847704796236862,-0.12140963166548822,-0.9474061628793162,0.34462271795422517
GB,legs,post2010,FF5+UMD+BOND,199,8,191,-0.017920402010050237,-0.002667193090320919,-0.12212085387981654,0.902931698508373,0.9028033064814034,0.16251974432363814,-0.0863166309898579,-1.813335981526048,0.07134973690397145,-0.11943461985520547,-1.4014433789172378,0.16270435572148517,-0.21538593579475185,-2.5329417818897615,0.012115139803344405,0.08840723258353254,0.6004609135658798,0.5489109128795913,-0.08867086926903794,-1.3021870523568597,0.19442056511610742,-0.1397462360101304,-0.8787661560399201,0.38063224858470257,-0.13559034096268147,-1.043090241151025,0.2982249331289875
GB,legs,validation,CAPM,151,2,149,-0.006529271523178793,0.003006050049823678,0.08668994373176482,0.9310343593009612,0.9309179700633915,0.013479108528880568,-0.07302424063880138,-1.2109633220448401,0.227826703877979,,,,,,,,,,,,,,,,,,
GB,legs,validation,FF3,151,4,147,-0.006529271523178793,-0.0054888612728138855,-0.21918647252339887,0.8268088373880805,0.8265047926496022,0.1853278577294687,-0.046270882221931486,-0.9194088555703146,0.35938797599438066,-0.044505192581631464,-0.4038374270477628,0.6869191425620493,-0.35051421814513045,-6.7071630597421,3.9910438375349045e-10,,,,,,,,,,,,
GB,legs,validation,FF3+BOND,151,5,146,-0.006529271523178793,-0.005262134835174134,-0.1918841328807433,0.8480995844420606,0.8478329666157387,0.18534795491459244,-0.046700918656893325,-0.8896763059477327,0.37510331541407266,-0.045360280389900566,-0.40659946975849515,0.6848975911482514,-0.35262859280538766,-5.371298460089347,3.016616411536317e-07,-0.008563352834049763,-0.04664172009686675,0.9628625182204917,,,,,,,,,
GB,legs,validation,FF3+UMD+BOND,151,6,145,-0.006529271523178793,-0.0053908688578992395,-0.1935964961502148,0.8467627754283348,0.8464918419555165,0.18535291549057897,-0.04622391803929744,-0.8813348515826621,0.37959517696431055,-0.04505377860651967,-0.3888878456987699,0.6979295844984746,-0.35165124780348606,-5.548000491674526,1.3327083031113388e-07,-0.007710774528987944,-0.04158718562754814,0.9668849983119908,0.002044460309863414,0.03622323592501484,0.9711541787899667,,,,,,
GB,legs,validation,FF5,151,6,145,-0.006529271523178793,0.016943304693569826,0.7973868310178083,0.4265302315016478,0.4252264050667719,0.28714954547748117,-0.062210181906923956,-1.214929748178982,0.22636756043726736,-0.21267757665194112,-2.6553281725902336,0.008809234448488294,-0.18282529869475886,-2.4969518221158142,0.013644948177802325,,,,,,,-0.45952380534365694,-3.316844928530981,0.0011507422505460762,-0.2897442231914511,-1.9518239334106948,0.05288610336680382
GB,legs,validation,FF5+UMD,151,7,144,-0.006529271523178793,0.016781162945305187,0.7899576420964629,0.4308514157570224,0.42955250607701256,0.2871647587348538,-0.06159770337827558,-1.2185915788268145,0.22499188128202147,-0.212067242938571,-2.5876463486628274,0.010653016879547833,-0.18107545099289768,-2.3502833871095064,0.020116116800252454,,,,0.0035963205468765944,0.0717949874410257,0.9428646812777707,-0.4589302996573225,-3.385975234427536,0.0009144164868283013,-0.2911171893811686,-1.9098242533840017,0.05814428067759289
GB,legs,validation,FF5+UMD+BOND,151,8,143,-0.006529271523178793,0.013698230369522158,0.6381851638584844,0.5243738343224444,0.5233531536993874,0.2915611113069865,-0.05327809232727598,-1.0574616240794135,0.29208405424579126,-0.20510778009896802,-2.543155681167941,0.012048969259893658,-0.13884132933317372,-1.4535460453339801,0.14826329826071272,0.1324030317769503,0.8374203490855177,0.4037537192966337,0.01616975694326918,0.31271479793307777,0.7549529314286542,-0.480645581468679,-3.458247093712116,0.000716559705997498,-0.3042859131055943,-2.0002456467292555,0.04736733663712387
GB,legs,holdout,CAPM,48,2,46,-0.05375499999999997,-0.04020576682183777,-0.7657520015246929,0.4477354113335352,0.4438238789115396,0.019009074364727763,-0.10476886277334033,-1.2263177527052216,0.22631972236570416,,,,,,,,,,,,,,,,,,
GB,legs,holdout,FF3,48,4,44,-0.05375499999999997,-0.045904870097601025,-0.9883401552809489,0.3283901736180938,0.32298608566352416,0.06144938487501539,-0.08586489960377594,-1.0066722057327016,0.3195965191438468,-0.14959667390677087,-1.2496100729195234,0.21804839025477993,-0.1261341714888407,-1.3414847707796083,0.18664626450143934,,,,,,,,,,,,
GB,legs,holdout,FF3+BOND,48,5,43,-0.05375499999999997,-0.03954612274278601,-0.8396217265402627,0.40576456832708807,0.40112051346217714,0.06653307928702168,-0.0969239283779635,-1.2135172014113544,0.2315559489052708,-0.14991359924626171,-1.3045347567706322,0.19899057237151122,-0.1271068024101455,-1.4138257608113511,0.16461249663214392,0.13348089919291412,0.49744728145281075,0.6214079705484744,,,,,,,,,
GB,legs,holdout,FF3+UMD+BOND,48,6,42,-0.05375499999999997,-0.038070313151676055,-0.8208253411718822,0.41638048658838395,0.4117457619187721,0.18767322021841715,-0.08469677603699265,-1.070997494576589,0.2902866512186288,-0.2678560117500977,-3.1059424330432805,0.0033932557361399714,-0.11367932560353217,-1.4278273729700786,0.1607354276668173,0.03356152971897791,0.10890362845003004,0.9137975796766349,-0.27411610164420463,-2.800973090298159,0.007670098894560004,,,,,,
GB,legs,holdout,FF5,48,6,42,-0.05375499999999997,-0.04769029098543101,-0.9662682495459494,0.3394412253686191,0.33390996928712835,0.08980846145118604,-0.0807252581512978,-0.9238806392405523,0.3608261481434852,-0.10153580613003113,-0.7196293554714862,0.47573880827270065,-0.05400492333735127,-0.5000566630308394,0.6196452187728322,,,,,,,0.1854469920317684,0.9826100190105895,0.33142614785093694,-0.16640736820132268,-0.761677936338809,0.4505082777022125
GB,legs,holdout,FF5+UMD,48,7,41,-0.05375499999999997,-0.044431007105231714,-0.8972208784858584,0.37483951413619737,0.36960106641677704,0.194657680133123,-0.07824334127065256,-0.8585774654219159,0.39556550029283616,-0.30848848840292786,-3.531246773392846,0.0010381544537725223,0.017745938310608486,0.1371329943250601,0.8915968898587295,,,,-0.28602752737394405,-4.114613790641311,0.000182283144261448,0.0009489871650547183,0.007029075659008417,0.9944257461656638,-0.08852182430468582,-0.43525211724960233,0.665662176661372
GB,legs,holdout,FF5+UMD+BOND,48,8,40,-0.05375499999999997,-0.04204345408512854,-0.8645687701684115,0.3924309069436614,0.38727551963393025,0.1957368522314059,-0.08342880327960733,-0.995291966806412,0.3255773359344591,-0.30593952926155865,-3.465377762654815,0.00127815921616674,0.023359581850970867,0.1870839485130915,0.8525405322178226,0.06491808243207337,0.19811364521311448,0.8439595907854976,-0.2793085822599003,-3.2452775720107674,0.0023741845727506357,0.009276399394111845,0.06483400899536862,0.9486291067201553,-0.10444301696009667,-0.49534627491269095,0.6230661256703375
GB,legs,covid,CAPM,24,2,22,0.017759999999999956,0.05678065267160583,0.6868554554774273,0.4993505235414476,0.49217381964037443,0.06611587408198027,-0.16654141131713998,-2.2008997897691267,0.03853459400500308,,,,,,,,,,,,,,,,,,
GB,legs,covid,FF3,24,4,20,0.017759999999999956,-0.01040124200191777,-0.23726363094170486,0.814865750207979,0.8124522748996399,0.4912054037893526,-0.11380712263621481,-2.2272044643643336,0.037581208765727604,0.4148442069997371,2.1459955696735293,0.044326358190752396,-0.507508455429353,-6.1782286184455195,4.908178808877678e-06,,,,,,,,,,,,
GB,legs,covid,FF3+BOND,24,5,19,0.017759999999999956,-0.03514933649557883,-0.7379459111731131,0.4695643680438174,0.4605473182707853,0.541630691668858,-0.06444229920913523,-1.4698046471028783,0.1579800248773487,0.47719473678988245,2.5353816884150464,0.020174494815882807,-0.34000129255517414,-3.4837210023249523,0.0024854688051159134,0.753571001278456,1.9580699781348827,0.06507040337426093,,,,,,,,,
GB,legs,covid,FF3+UMD+BOND,24,6,18,0.017759999999999956,-0.05877105851374983,-1.6058978334029355,0.12569677815907926,0.10829635966102069,0.6213395509805009,0.03620071536087004,1.5029908083109558,0.1501833791519943,0.6131168012672288,5.463809676335647,3.440975060636809e-05,-0.1756050667922305,-1.954282055900721,0.06638366142906359,0.9745931349922149,3.511426043597204,0.002492671226294912,0.31699433833437923,3.101169961232598,0.006163524785595613,,,,,,
GB,legs,covid,FF5,24,6,18,0.017759999999999956,0.06917840372966304,1.3435849869967824,0.19577662918605673,0.179082626920394,0.6262787889126797,-0.013528895460890117,-0.18409943963640957,0.8559935801983432,-0.040338630095590605,-0.3025420536221823,0.7657071506791315,-0.3126177834219738,-3.937495285656322,0.0009653008082733412,,,,,,,-0.6507311198025675,-4.0411647376768975,0.000766268880923356,-0.19623056923835225,-0.9557802944397834,0.3518446461553307
GB,legs,covid,FF5+UMD,24,7,17,0.017759999999999956,0.050592347492580195,0.9756189350580873,0.34293292104191575,0.3292533376300194,0.6452148474695041,-0.002662578826948276,-0.045935768578620854,0.9638967461310541,0.12837714695740343,0.5574150116381765,0.5845095837412658,-0.3002451982577339,-3.671865292626683,0.001889826332247388,,,,0.17612129686078676,1.1909772771099916,0.2500266900654644,-0.5203062831798728,-3.335871781275123,0.003914730164655502,-0.2573814820313966,-0.9064398065310223,0.37737218506356585
GB,legs,covid,FF5+UMD+BOND,24,8,16,0.017759999999999956,0.008061241655778524,0.1696354615690718,0.8674230955594757,0.8652968324121788,0.7625421229820245,0.07790207752558488,2.6371811848578797,0.01793176989230654,0.3295762669100166,1.6701397766517518,0.11433515978926308,0.020394465896044295,0.18979512551961583,0.8518566218622294,1.2440988799261397,5.874396510628308,2.3509844227384162e-05,0.3158864264645644,3.202140588670822,0.005552670833345977,-0.46008951068988757,-2.5719953530896222,0.02047135913382063,-0.4725359442362549,-2.3467681549199324,0.032140542246505595
GB,legs,inflation_rates,CAPM,36,2,34,-0.07553333333333329,-0.07748076672957782,-1.0069223894409622,0.3210847710710286,0.3139720717037937,0.0025403915458389603,0.03398662122590695,0.29474224210049277,0.7699830208120202,,,,,,,,,,,,,,,,,,
GB,legs,inflation_rates,FF3,36,4,32,-0.07553333333333329,-0.0767572749813366,-1.1134559935175516,0.27380677966123074,0.2655126382554488,0.13045235690368417,0.03752345930304424,0.3700363044956759,0.7137933432739701,-0.16232726075921594,-1.3099730586860932,0.1995313792346763,-0.24921919890910976,-5.431819484994245,5.654690231178584e-06,,,,,,,,,,,,
GB,legs,inflation_rates,FF3+BOND,36,5,31,-0.07553333333333329,-0.04699448763636756,-0.8241152409687467,0.4161699778935789,0.4098740809908691,0.1617359886546721,-0.026782534453433066,-0.2891990061992314,0.7743544033126686,-0.1676990281186727,-1.3881607942539256,0.1749842377855434,-0.22144519392066705,-4.5571920084941855,7.609344663970147e-05,0.32848953008424514,1.0119069247510304,0.319415930804126,,,,,,,,,
GB,legs,inflation_rates,FF3+UMD+BOND,36,6,30,-0.07553333333333329,-0.0464155123172178,-0.8040835936318422,0.4276747344750902,0.42134869901736793,0.166809405620859,-0.03567655606777325,-0.39891808531491635,0.6927790222483715,-0.2021371014235905,-1.6780291471597255,0.10373089541815425,-0.2182701184299089,-4.324974895855752,0.00015526262781745642,0.3099853880374138,0.9418592519272935,0.3537878851996457,-0.07132993503645248,-0.6589574347121323,0.5149495135668326,,,,,,
GB,legs,inflation_rates,FF5,36,6,30,-0.07553333333333329,-0.08330792903613066,-1.0925727021365437,0.28327788521785163,0.27458145358778974,0.1963982061523577,0.019886773516441844,0.2325779198717248,0.8176686075450142,-0.3629587901311527,-2.056121580839842,0.048561585195239086,0.09161833508127953,0.4771999471024477,0.6366779316229009,,,,,,,-0.2296693524961419,-1.4435220368725517,0.15923562306819722,-0.43848601838424917,-1.3442408023960843,0.18894810894176298
GB,legs,inflation_rates,FF5+UMD,36,7,29,-0.07553333333333329,-0.08019870260073406,-1.0624081495300757,0.2968179450391147,0.2880504357052418,0.20008944061269074,0.010414239083872623,0.1174011862741323,0.9073514886330437,-0.38766655350084256,-2.6542037162184706,0.012769820774003378,0.0861780172366801,0.4758750550995439,0.6377288352912578,,,,-0.06170698379566296,-0.6688908481801357,0.5088552583346093,-0.23773017712351913,-1.5019401213624695,0.1439240773433454,-0.4130790446861229,-1.2639487521222998,0.21631408145126255
GB,legs,inflation_rates,FF5+UMD+BOND,36,8,28,-0.07553333333333329,-0.05142987107705827,-0.8787961226815683,0.38699135088262077,0.3795118289623337,0.23851833742921325,-0.06021659687461532,-0.6157196720424752,0.5430526015804547,-0.3904115953707752,-2.91832866199188,0.006868120752791883,0.15904338107185592,0.91830532790905,0.3663022412500147,0.37702126051557394,1.0848699190470643,0.28723215296644794,-0.02585605354377635,-0.23296051009606764,0.8174866697448536,-0.19799853699758072,-1.1079480928828815,0.2773112355029374,-0.4889541395967283,-1.628021047331364,0.11472241084949175
GB,legs,last18,CAPM,18,2,16,-0.14697333333333323,-0.12093123557658031,-1.5601446520890672,0.13828491849543545,0.1187257016471434,0.053520796167927154,-0.21945587997263716,-1.8615982392907293,0.08113268044982007,,,,,,,,,,,,,,,,,,
GB,legs,last18,FF3,18,4,14,-0.14697333333333323,-0.1918932186234319,-2.792781152630847,0.014383203677035217,0.005225703314635286,0.13991467888275377,-0.018320164969923426,-0.08282136440503045,0.9351661048017567,-0.4962988701938822,-1.6282843159685085,0.12575204395624115,0.3018430224371543,1.2269879977659248,0.24006168507542738,,,,,,,,,,,,
GB,legs,last18,FF3+BOND,18,5,13,-0.14697333333333323,-0.19212013711833106,-2.636404221227867,0.02053590291239358,0.008378985094532311,0.19564419973509484,-0.05329217233282192,-0.224957105444184,0.825510110442253,-0.594157586260622,-1.5381848408381795,0.14798144146907385,0.3726746665840458,1.7445904975192459,0.10463495319399799,-1.115267193027204,-0.9809218919762684,0.3445348539698832,,,,,,,,,
GB,legs,last18,FF3+UMD+BOND,18,6,12,-0.14697333333333323,-0.1612302936860726,-2.4053717667773307,0.03319185877199633,0.016156020877225636,0.4433836667666752,0.06844823179263952,0.3832817181274125,0.7082144959821507,-0.37929593400024336,-1.8328747120907765,0.09173497013484605,0.223196947242203,1.2347609823530523,0.2405514811615533,-0.743359348266428,-0.9404549270289326,0.3655308322874996,-0.44214247455953,-5.938305553243797,6.835821535940408e-05,,,,,,
GB,legs,last18,FF5,18,6,12,-0.14697333333333323,-0.1585535290117929,-1.7730363576929948,0.10158205457345645,0.07622268247202378,0.21769235694072742,0.027948208025369944,0.12829081358880787,0.9000438123528168,-0.4082365205678028,-2.229448303521378,0.045656067284910846,0.3692325483542457,1.846842475528943,0.08956443854274548,,,,,,,0.309192636135611,1.59192739655514,0.1373858074874071,-0.18366215030752658,-0.4766449638434158,0.6421769057009542
GB,legs,last18,FF5+UMD,18,7,11,-0.14697333333333323,-0.1830730278310293,-2.086603306704838,0.0609979186368658,0.036924008142086684,0.45312556727407804,0.1527318784599904,1.046987996666572,0.3175660697064279,-0.36505894001897343,-2.4388815887345854,0.032887862374049476,0.4735406340966908,1.591729505656612,0.13975267724495358,,,,-0.5211181722251976,-5.709734492813921,0.00013621830477484348,-0.04209767602519199,-0.4679065864592803,0.6489852136313381,-0.2565201578714032,-0.625058554983413,0.5446808733470437
GB,legs,last18,FF5+UMD+BOND,18,8,10,-0.14697333333333323,-0.19195228323179947,-2.1926795809102417,0.05309471634360466,0.02833047291686347,0.4879985485433672,0.1250288129997703,0.7741357343360085,0.4567624992358228,-0.4634842112913198,-2.3102475310354103,0.04348906887566264,0.597136467828287,2.0755160093975404,0.06468260894380992,-0.9126768159518222,-1.4261934771636997,0.18427609504186548,-0.5219022661734651,-6.505919685085925,6.84387022151351e-05,-0.08661926866090885,-0.8249078240090298,0.42866240121411425,-0.2697325717583249,-0.7615925677079393,0.4638855483433249
GB,legs,last12,CAPM,12,2,10,-0.19935999999999987,-0.14786374631786048,-1.3859047414980126,0.19590144466314283,0.16577599280527067,0.0988022419176281,-0.35344031353561706,-4.444049167674716,0.0012466142470380303,,,,,,,,,,,,,,,,,,
GB,legs,last12,FF3,12,4,8,-0.19935999999999987,-0.32800256097242086,-5.6523163631731475,0.0004801325848887289,1.5829988427086386e-08,0.26533548598801027,-0.013129029358890931,-0.07017987401935645,0.9457730955639482,-1.1948792256619405,-1.6262177543322454,0.14255586655488664,0.9517178511326543,2.1157116874722965,0.06727269959798249,,,,,,,,,,,,
GB,legs,last12,FF3+BOND,12,5,7,-0.19935999999999987,-0.32760101001375497,-10.019343638263397,2.112334510071539e-05,1.2533249539566298e-23,0.30780113621427263,-0.03485983041529961,-0.16255816069664497,0.8754594583847056,-0.9626789967835623,-1.7004141258951064,0.1328488955267664,0.8435961711141476,1.7572867557049296,0.12228570495941396,-1.1594440496071603,-0.8690299754034104,0.4136322684104803,,,,,,,,,
GB,legs,last12,FF3+UMD+BOND,12,6,6,-0.19935999999999987,-0.2533599412119221,-3.6616623008979063,0.010558524685684268,0.00025058403231788967,0.5681123729380402,0.13020091147348917,0.5099956018398563,0.6282660401219966,-0.15442509903268117,-0.3553977996520021,0.7344518171645635,0.36602306738126883,0.8288911356729439,0.4388889000167583,-1.2123550231241942,-0.8977322769910675,0.4039107749019749,-0.49422802221660606,-6.714880248113806,0.0005301847063905125,,,,,,
GB,legs,last12,FF5,12,6,6,-0.19935999999999987,-0.24228897268459332,-1.0887824610796208,0.3180374188612196,0.27624982773523443,0.428559542705068,-0.20236329012699444,-0.9167882565934249,0.3946094228624697,-0.4541844427114048,-1.412535417763689,0.2075010579561518,1.0835440758020618,1.8536324433025626,0.11321865808792006,,,,,,,0.3909845048201678,2.0836686675581007,0.08231597936094288,-1.030434734700706,-2.6912078972924163,0.03599472981273438
GB,legs,last12,FF5+UMD,12,7,5,-0.19935999999999987,-0.40036421736152994,-2.5562465112027026,0.0508781428290629,0.010580813161410829,0.7139477856906464,0.18020508273602623,0.9760062080273797,0.37388616671340485,-0.5835403351725874,-1.6779812994574088,0.15419220681073684,1.7057909264567759,3.6330503861208,0.015012445512840821,,,,-0.63118612377269,-6.946958162198303,0.0009493851720341402,-0.12065525491488005,-1.343558660080309,0.23684111539752417,-1.1045786703329374,-4.082087634538881,0.009520346846077396
GB,legs,last12,FF5+UMD+BOND,12,8,4,-0.19935999999999987,-0.39255633273088697,-2.861443792536915,0.04586260933131066,0.004217162737832152,0.7349625261168811,0.15471431914242711,0.6882658489483522,0.5291227282729851,-0.42903867940637763,-0.8763221529411256,0.430329040500549,1.5352543886505419,2.6147207506591577,0.059126078457438204,-0.813743493629679,-0.9651063411095115,0.3891442247586759,-0.6143036935349339,-9.109093730184892,0.0008056356593305838,-0.11173893987709632,-1.3486187352538275,0.24875654840380973,-1.0445860742914421,-5.81233866969865,0.004360752793061346
Green leg,legs,full_1970,CAPM,679,2,677,0.07879846833578799,-0.0009649089808485374,-0.10116638333249875,0.9194483354164263,0.9194183819868585,0.8681208339632824,1.0635492898717331,39.853794058298426,1.0136761276351718e-179,,,,,,,,,,,,,,,,,,
Green leg,legs,full_1970,FF3,679,4,675,0.07879846833578799,-0.009253651316137009,-1.0767217686844541,0.28198925165876704,0.281604584190394,0.8872372292847674,1.0590121391000749,48.25777092437779,5.219867229737012e-221,0.17609424805321058,4.52772371532854,7.047781239793107e-06,0.18584026495390069,5.842700336356072,7.990531317749691e-09,,,,,,,,,,,,
Green leg,legs,full_1970,FF3+BOND,679,5,674,0.07879846833578799,-0.010407116067181615,-1.1939745857951582,0.2329079555146421,0.2324879095151624,0.8877985847851648,1.0553591741950672,47.56118845460945,1.4627215500154235e-217,0.17868298378459818,4.561458342837478,6.035080312776382e-06,0.18731525843256475,5.987327273191946,3.468169358989892e-09,0.06231290235128861,1.9291227361245598,0.054135143040767005,,,,,,,,,
Green leg,legs,full_1970,FF3+UMD+BOND,679,6,673,0.07879846833578799,0.0005231468878778971,0.058418576182904344,0.9534325593608624,0.953415218385968,0.89572374140132,1.0315166883042857,53.77162832428944,8.263919690915166e-246,0.17087613582819894,5.822910515356588,8.957212871805263e-09,0.14864267840187315,6.187698302897532,1.0603615345242088e-09,0.0675281559178632,2.039989590009259,0.04174127921551193,-0.11230475951587418,-3.5277167452540374,0.0004476558081621256,,,,,,
Green leg,legs,full_1970,FF5,679,6,673,0.07879846833578799,-0.009940624909406885,-1.078801026942781,0.28106292728975657,0.2806764369692535,0.8899423041045345,1.0529526575821933,48.03974777855563,1.138593194011721e-219,0.2043871892119393,6.055125412917945,2.3322389863805013e-09,0.17982658481852143,5.005123460089973,7.135955393041634e-07,,,,,,,0.07792086856745543,1.4450564191532176,0.14890747940510082,-0.06944427976254831,-1.1992421568211284,0.2308558525191687
Green leg,legs,full_1970,FF5+UMD,679,7,672,0.07879846833578799,-0.0004059264966677919,-0.0449630956662065,0.9641500820455864,0.9641367245799233,0.8974820405643438,1.0344416176758078,54.80311301763869,3.8571699410269576e-250,0.19797674838739154,7.109523928651587,2.984742603753941e-12,0.12365003101306057,4.29993517225699,1.9617014575708955e-05,,,,-0.11056709313181888,-3.612895795460645,0.0003253917767270646,0.083126106056295,1.9338939286582686,0.053545744776192575,-0.025792664568505503,-0.47667057237880023,0.6337516785392775
Green leg,legs,full_1970,FF5+UMD+BOND,679,8,671,0.07879846833578799,-0.0014047827605369514,-0.1542930556439197,0.8774250674037216,0.8773786725459799,0.8981535402734349,1.0296853875419767,53.65401799178209,6.4219701299731e-245,0.20051538172145164,7.133838064607395,2.5365634358978863e-12,0.1264484678358651,4.454518640436178,9.849079874187558e-06,0.0683473512925081,2.1017809507768077,0.03594467019816615,-0.11108156743778896,-3.6285057351855947,0.00030672826984834504,0.0800087564369909,1.8781029623649883,0.060800509926052536,-0.02946675313708938,-0.5482019515001144,0.5837355704569636
Green leg,legs,post2010,CAPM,199,2,197,0.12329366834170855,-0.015995585239654813,-1.040930699365982,0.29918351631753265,0.2979077125713804,0.8544106003338793,1.0691909469963639,26.371222546211786,1.5153827278770565e-66,,,,,,,,,,,,,,,,,,
Green leg,legs,post2010,FF3,199,4,195,0.12329366834170855,-0.007635952490139257,-0.5194110611261067,0.6040631690398937,0.6034741195072885,0.8755579798095934,1.0240713699904087,25.1264828454641,4.6722081597216744e-63,0.21993240581741202,4.651952225298709,6.057954557936258e-06,0.13879542486793328,3.174500816780131,0.0017445121311812396,,,,,,,,,,,,
Green leg,legs,post2010,FF3+BOND,199,5,194,0.12329366834170855,-0.009015940850549579,-0.6038093206482585,0.5466758055764067,0.5459704219378765,0.8769460982126853,1.0277753331538533,25.615690655087416,3.6991020709784094e-64,0.22472993338607283,4.6501791916880695,6.1229572569429235e-06,0.1609093577211437,3.519951329008861,0.0005378246387523053,0.11705071439494,1.4114964935898777,0.15970006455596297,,,,,,,,,
Green leg,legs,post2010,FF3+UMD+BOND,199,6,193,0.12329366834170855,-0.004485419936012158,-0.30981279130569533,0.757037579582255,0.7567033238450432,0.8798885501209414,1.0133551353548664,21.86497803726002,4.018584618524402e-54,0.20989449016486147,4.514548458181524,1.1022315473370933e-05,0.1336075008715192,2.902215499954275,0.004136311363722112,0.09486363711380952,1.152143839868336,0.25068710248307263,-0.08030052533730454,-1.4931921885973296,0.13701984777944243,,,,,,
Green leg,legs,post2010,FF5,199,6,193,0.12329366834170855,-0.0072349355600715756,-0.4656983918348646,0.6419565015568662,0.6414314036368418,0.8794183570961492,1.0137179360998376,25.791423404188432,1.8983814284062023e-64,0.2600288273341803,3.634756346308664,0.00035676719624474286,0.10335836394534154,1.890766148514754,0.06015381861756838,,,,,,,0.0504502625526118,0.40907849593820544,0.6829356490569207,-0.048767317675958474,-0.5355483233274925,0.5928873391785546
Green leg,legs,post2010,FF5+UMD,199,7,192,0.12329366834170855,-0.0031113794404531597,-0.2109667455010689,0.8331369616669044,0.8329132205794609,0.881877922759083,1.0032131116760057,23.289047758143553,7.821234989600123e-58,0.23784994339375115,3.734015028564247,0.00024828568939865616,0.0761890779381795,1.2814472588542907,0.20158204874148064,,,,-0.07592556251291711,-1.5833617992325053,0.11498479925843283,0.022361412631296124,0.20859854647785994,0.8349827743426561,-0.019736551126291507,-0.2034659204126041,0.8389863589779208
Green leg,legs,post2010,FF5+UMD+BOND,199,8,191,0.12329366834170855,-0.0042621972854180535,-0.2869222368151499,0.7744828828200447,0.7741718635127194,0.8827755102404655,1.0062737741283285,23.2222356153199,1.5914374064863472e-57,0.23902859873454033,3.7874171622095614,0.0002038271079908838,0.10306809002779842,1.5067940654897911,0.1335155712140464,0.09656503859422326,1.101360521565272,0.27212576220728635,-0.06972330010381765,-1.4074468099819513,0.16092024523729534,0.01646354953914069,0.15011138068827248,0.8808351408484919,-0.03522578996524032,-0.3489849376379845,0.727485035604749
Green leg,legs,validation,CAPM,151,2,149,0.12878940397350994,-0.01680242190263508,-1.086986381260535,0.27879811186179715,0.27704282843628214,0.9070421190406422,1.1149841614071934,36.92150113339146,7.21734265138262e-77,,,,,,,,,,,,,,,,,,
Green leg,legs,validation,FF3,151,4,147,0.12878940397350994,-0.0112802538668734,-0.7882252319210138,0.4318342209338939,0.4305649727016597,0.916762175518918,1.07286468124757,31.786366774440506,9.531155918932564e-68,0.20668955294737063,4.57997575254922,9.838988857820587e-06,0.04944727074504083,1.3483197127793394,0.17962939816327578,,,,,,,,,,,,
Green leg,legs,validation,FF3+BOND,151,5,146,0.12878940397350994,-0.012602588658538133,-0.8502426086149966,0.39658239731730943,0.3951902170969347,0.9169594980786137,1.0753727793130332,31.55872749709761,4.342356116479602e-67,0.211676674743018,4.311422856222703,2.9690007200244983e-05,0.061778921191182806,1.33358001140954,0.18441834882950348,0.04994397434920067,0.4902563631548303,0.6246884450172032,,,,,,,,,
Green leg,legs,validation,FF3+UMD+BOND,151,6,145,0.12878940397350994,-0.010346876947882378,-0.7050675952005299,0.4818992117934382,0.48076817144661155,0.9173991162151112,1.0670146479012717,27.841907231836426,4.741059424209166e-60,0.20630606915271846,4.2197999405599855,4.291089624007413e-05,0.04465362269221701,0.9493993616831025,0.34399723288793055,0.03500487102384692,0.33837467697806106,0.7355703102247981,-0.0358235761246863,-0.8971758582157292,0.37111228275289887,,,,,,
Green leg,legs,validation,FF5,151,6,145,0.12878940397350994,0.0018887369231530568,0.1490658263121556,0.8817088131441669,0.8815016912155449,0.9269709245083885,1.0521155345698776,31.128733532777964,4.471013281042558e-66,0.14907613777650647,3.809193116177958,0.00020531579315386048,0.11084244622433924,2.1744634012047004,0.031292184054527744,,,,,,,-0.21453326534518521,-3.4009808738472156,0.0008677459018533717,-0.2011825923845355,-2.154479946268432,0.032854433110096816
Green leg,legs,validation,FF5+UMD,151,7,144,0.12878940397350994,0.00316494140931887,0.25340661654005814,0.8003154434160568,0.7999540152279404,0.9272429665531564,1.0472947659874048,28.741125799946154,1.6189366895408834e-61,0.14427225086029166,3.52772430776509,0.0005628182596558452,0.09706953757420808,1.9584609734110872,0.0521084078877591,,,,-0.028306345927157802,-0.701916457706806,0.4838642151155008,-0.21920470023207783,-3.3584106405908507,0.0010032307136990785,-0.19037608740094686,-2.0735152493349553,0.03990589328801443
Green leg,legs,validation,FF5+UMD+BOND,151,8,143,0.12878940397350994,0.00043861903217007944,0.03576483090715457,0.971519752280554,0.9714698759859992,0.9282353553750854,1.0546520276919538,28.21899613557624,2.567256759719604e-60,0.1504266959563628,3.4733533049687058,0.0006803925967232338,0.1344183371764467,2.1138717739033903,0.03626198716136235,0.11708765581555641,1.2537191321080539,0.21198987480724285,-0.01718730904830687,-0.4101844183156749,0.6822845523594635,-0.23840812336025272,-3.8144923125116432,0.0002023868122634759,-0.20202155329611798,-2.2026798447602407,0.029218396786225377
Green leg,legs,holdout,CAPM,48,2,46,0.10600500000000021,-0.012794716052286076,-0.3814567119634982,0.7046207356122481,0.7028643861710249,0.6865124354932494,0.9186136945856285,6.932616739916249,1.1500539942622103e-08,,,,,,,,,,,,,,,,,,
Green leg,legs,holdout,FF3,48,4,44,0.10600500000000021,-0.0175556015654492,-0.46942098293166357,0.6410867297578459,0.6387687529571027,0.7860990479011016,0.9189834167017139,9.624478187415564,2.14619155774821e-12,0.1549966081939957,1.8647389612184255,0.06889659085546644,0.3919114346553507,5.460200076669218,2.082287807488063e-06,,,,,,,,,,,,
Green leg,legs,holdout,FF3+BOND,48,5,43,0.10600500000000021,-0.00958897591023242,-0.2732513543612285,0.7859681690111793,0.784660006368388,0.7898476658911509,0.9051279924431117,9.117409234184878,1.3198921453012446e-11,0.15459954484181443,1.8762366576859726,0.06742076649211629,0.3906928634465334,5.62512282997683,1.279935350027053e-06,0.16723299364716093,1.283677817113894,0.20612927002302955,,,,,,,,,
Green leg,legs,holdout,FF3+UMD+BOND,48,6,42,0.10600500000000021,-0.008467116433084053,-0.25905374355474875,0.7968592658317764,0.7955937740315011,0.8227321026136585,0.914422651330601,11.243255438238172,3.028779029013338e-14,0.06494379655139117,1.2980811206995022,0.20134290634618243,0.4008999675339629,6.568058813857812,6.049258999863274e-08,0.09127774015765294,0.6228464914195301,0.5367528861440234,-0.20837359258329063,-2.454920013346288,0.018315428222359563,,,,,,
Green leg,legs,holdout,FF5,48,6,42,0.10600500000000021,-0.007301096535693316,-0.24068464003205994,0.8109705767526739,0.8097995445450586,0.8069750695037942,0.9243682934345844,11.363418483160547,2.1590174115366395e-14,0.2717651808255939,1.768657739857326,0.08421336009321968,0.22850802135787007,1.3294530704021392,0.19087478246517645,,,,,,,0.2113919711457748,1.7584856797572652,0.08595005496126308,0.07123668506586857,0.5608723982804706,0.5778647164690053
Green leg,legs,holdout,FF5+UMD,48,7,41,0.10600500000000021,-0.005183328976485862,-0.16600692953010304,0.8689674275510936,0.8681514968659749,0.827770287198508,0.9259809553712799,12.7116757348709,8.241762818143144e-16,0.13729463670663225,1.1761206771510258,0.24633066102379522,0.27512919727518775,2.004760534370162,0.051622234158215353,,,,-0.18585058582742722,-2.135567053842829,0.038735830888870414,0.09151168338717067,0.8058644869870709,0.424970443526721,0.12184396085353587,1.1120010727285234,0.2726157580085547
Green leg,legs,holdout,FF5+UMD+BOND,48,8,40,0.10600500000000021,-0.0020116558813062617,-0.0692338377461029,0.9451484489801575,0.9448034890916573,0.8286649256548508,0.919092484120003,12.382312085343544,2.8937780790060165e-15,0.14068072491548922,1.2378320658717288,0.2229949741575664,0.2825864734206739,2.230316334452819,0.03140260484408718,0.08623847667750009,0.5273869333609615,0.6008381171857765,-0.17692500500607203,-1.8681594885521122,0.06907728177949365,0.10257398403431266,0.8324261094602592,0.41011102885379197,0.10069393069162584,0.9135673010949444,0.3664182821900639
Green leg,legs,covid,CAPM,24,2,22,0.19442999999999994,-0.05312241458850694,-1.1203087239908578,0.27466375725161096,0.2625822257149417,0.8851812327293482,1.0565617353329353,27.866201131446193,1.1825657289138677e-18,,,,,,,,,,,,,,,,,,
Green leg,legs,covid,FF3,24,4,20,0.19442999999999994,-0.04254801654829291,-1.7029871085415,0.10406194371827171,0.08857048094369749,0.9232952091427701,0.9786901189943823,23.166591646159354,6.417545021978511e-16,0.3292548498459726,7.376107505905766,3.991548865208761e-07,0.1270401761194613,3.7762836670489923,0.0011863792411973455,,,,,,,,,,,,
Green leg,legs,covid,FF3+BOND,24,5,19,0.19442999999999994,-0.05070909060428664,-2.0092111850247214,0.058937099069986086,0.044514742028839926,0.9251192756601823,0.9949689472432668,17.022681055476376,5.833095204644185e-13,0.3498159193528855,6.272488601609131,5.059199457759573e-06,0.18227830208813892,2.8154044029497687,0.011046427888333706,0.24850190989282656,0.8780687235877073,0.39087526288314617,,,,,,,,,
Green leg,legs,covid,FF3+UMD+BOND,24,6,18,0.19442999999999994,-0.041807097052009676,-1.650325980384223,0.11621643747664966,0.09887628127700714,0.9288849192700882,0.9570409982946433,17.42951908610031,1.020513358112036e-12,0.29859283999150205,3.315691016183001,0.003845734083819946,0.12032455711415242,1.3117659441765548,0.20608424700343844,0.16520833765806198,0.5116752712953885,0.6150982915299196,-0.11946129726654874,-1.3801932181496057,0.1844293744784706,,,,,,
Green leg,legs,covid,FF5,24,6,18,0.19442999999999994,0.006568871586177569,0.24647947786032848,0.8081000755022099,0.80531108878845,0.9553247746918767,0.9793075524811952,22.154333740255236,1.6357621513889526e-14,0.18417775133720093,2.2290837427789802,0.03878851339522674,0.23467219282927665,4.611422827458376,0.0002167377172388807,,,,,,,-0.2801603332487056,-3.819767569228872,0.001254875058270507,-0.402634738688751,-2.8323996766347976,0.01104178049736675
Green leg,legs,covid,FF5+UMD,24,7,17,0.19442999999999994,0.024660229768360457,0.9968826533220333,0.3328003575277631,0.31882147256287363,0.9612929094000343,0.968730460502242,34.942922210466726,2.842394688302716e-17,0.019952618543247203,0.17269898600946557,0.8649274662960618,0.22262892410187413,4.417458410792631,0.0003768045202078555,,,,-0.1714335426717153,-3.26486170351386,0.004563278565334013,-0.40711370114425205,-5.018478299898613,0.00010542442855632882,-0.3431114566974361,-2.650185668257105,0.01683413703916293
Green leg,legs,covid,FF5+UMD+BOND,24,8,16,0.19442999999999994,0.010456821150189179,0.6009771263682736,0.5562741132222248,0.5478552213672414,0.9656455416747353,0.995635303718602,21.130537945138755,4.092150906940999e-13,0.0871437544913462,0.7396422843342171,0.47023095737837683,0.32970763930491587,3.1527399731491856,0.006159682514189955,0.415471086522046,1.3205103115676782,0.20524314579602546,-0.12475849843582329,-3.0674694087750707,0.007364714253342901,-0.38700410350941405,-4.326118804641447,0.0005215015382574053,-0.41496302703855414,-4.061045548786441,0.0009078041664096053
Green leg,legs,inflation_rates,CAPM,36,2,34,0.03370666666666686,-0.030209068443447715,-0.7335510308122214,0.4682506862969336,0.4632224153769552,0.8808929007556429,1.1154578553248635,24.97563180270299,1.8690582625542302e-23,,,,,,,,,,,,,,,,,,
Green leg,legs,inflation_rates,FF3,36,4,32,0.03370666666666686,-0.01792921638998489,-0.480868526874343,0.6338815587120477,0.6306099427129297,0.9169319251824252,1.0768260810756463,26.272843198191122,3.151399138446433e-23,0.2931202707027053,4.8396037411612385,3.1656945587814724e-05,0.15874285729079818,2.9478715629652075,0.005931234247608928,,,,,,,,,,,,
Green leg,legs,inflation_rates,FF3+BOND,36,5,31,0.03370666666666686,-0.0038151792081062424,-0.13281732795961815,0.8951962533490146,0.8943378500421686,0.9191965933638654,1.0463310479197547,28.36476097202777,9.680925119858993e-24,0.29057288415033034,4.220583415853313,0.00019716467933097813,0.1719137789035142,3.0429140965841808,0.004742189234777879,0.15577551214303542,1.1871308852838234,0.24419351413005072,,,,,,,,,
Green leg,legs,inflation_rates,FF3+UMD+BOND,36,6,30,0.03370666666666686,-0.004010906215392934,-0.13990605425435385,0.8896693038568001,0.888734217736934,0.9193832373788571,1.049337739527736,30.612184900271224,3.474391555152861e-24,0.3022149365863121,4.486023830461409,9.899488324689834e-05,0.17084042050090292,3.1491439441127067,0.0036907488970981434,0.1620309780073595,1.2047034656025302,0.23773590499253047,0.024113626700217362,0.2506222205651024,0.8038147349243019,,,,,,
Green leg,legs,inflation_rates,FF5,36,6,30,0.03370666666666686,-0.018138054069196066,-0.44304431357613416,0.6609121467901228,0.657733682518971,0.9206345820703324,1.0716773654805904,27.681956979145365,6.431525917808323e-23,0.33589464489499404,3.8316849576589553,0.0006051168638581817,0.07520948512271,0.8114128605679295,0.4235199429460449,,,,,,,0.057801935892129425,0.6793632660477643,0.5021161626492249,0.02041662904133023,0.11510218273307016,0.9091310981087666
Green leg,legs,inflation_rates,FF5+UMD,36,7,29,0.03370666666666686,-0.019171394918052462,-0.4521562372782285,0.6545205212868049,0.6511564324820053,0.9207658281154872,1.0748255301365768,27.6055403381995,2.2660214634679156e-22,0.3441061861591235,5.128221553900598,1.7760734614410663e-05,0.07701755628651658,0.7881574474953486,0.4370000965206939,,,,0.020508106546970717,0.21666824461056314,0.8299839083780095,0.06048092358762597,0.7170451720897405,0.47908214259959264,0.01197270759861788,0.06198752009379036,0.9509980325337033
Green leg,legs,inflation_rates,FF5+UMD+BOND,36,8,28,0.03370666666666686,-0.006684413370137164,-0.21288804130566302,0.8329566673804109,0.8314142902394865,0.9230963893208712,1.044168534401395,29.973388471617728,8.048314524257359e-23,0.34291471311824107,5.328132179755584,1.1315570999550012e-05,0.10864443876671476,1.0474700342313388,0.3038410584391395,0.1636443774004256,1.0635838998544842,0.2966042275863286,0.03606904110082995,0.33940177736117844,0.7368396727316487,0.07772626275660152,0.8287257457268284,0.4142684782965278,-0.020960535078105802,-0.11059716768763125,0.9127247358523126
Green leg,legs,last18,CAPM,18,2,16,0.033000000000000085,-0.017167347436306428,-0.4750271731291756,0.6411871372655149,0.6347676053588078,0.3217907248298423,0.42275854581157185,2.861867304642845,0.011299933475592567,,,,,,,,,,,,,,,,,,
Green leg,legs,last18,FF3,18,4,14,0.033000000000000085,-0.09025416685466973,-1.3527119287269798,0.19759194918171366,0.1761476780814708,0.45564154834930837,0.6190841929713464,4.597634580154674,0.00041432458769491876,0.05182017917333971,0.36833236410431336,0.7181351774762137,0.4500569534455019,3.0152652296341222,0.009266788477484513,,,,,,,,,,,,
Green leg,legs,last18,FF3+BOND,18,5,13,0.033000000000000085,-0.09018082641008045,-1.500295088497411,0.15742875106546075,0.13353798114799123,0.46507331844878486,0.6303872054001572,4.762420011599665,0.0003710503039156637,0.08344828311636183,0.5583297558038165,0.5861074056791707,0.4271640452450191,2.509426334675474,0.026120174859074568,0.3604562590137545,0.9237084301078924,0.37246591695818626,,,,,,,,,
Green leg,legs,last18,FF3+UMD+BOND,18,6,12,0.033000000000000085,-0.07096602534980898,-1.3033470374209326,0.21690870754467076,0.192456309228756,0.620382159426426,0.7061149329102586,7.960008781368775,3.957690041766048e-06,0.21710140158289828,1.5241617449693752,0.15337998168125308,0.33418252378165203,1.6292343541657237,0.1292147100483413,0.5917988122871004,1.4010665979560173,0.18652145900713948,-0.2750314907742573,-4.837993448720113,0.0004064331240377276,,,,,,
Green leg,legs,last18,FF5,18,6,12,0.033000000000000085,-0.05044818252208795,-1.1361134546181653,0.2780898358647714,0.2559090847514698,0.6216970962829713,0.6076885535673476,7.927060923833129,4.12900581035819e-06,0.044175895697220094,0.3713878297146599,0.7168229895560407,0.06566212746599946,0.44324236787912297,0.6654758010937508,,,,,,,0.1601200679708286,1.5732746589152653,0.14163728434796777,0.4556346291868987,3.8564509537050524,0.002283285474374106
Green leg,legs,last18,FF5+UMD,18,7,11,0.033000000000000085,-0.059141078566226725,-1.223877691412051,0.24656635324677134,0.22099837041518833,0.6696410811951405,0.651928098718378,7.296951866295729,1.5488437828273526e-05,0.05948364003226794,0.5118116757444511,0.618900975911748,0.10264246513957521,0.5932973608349644,0.5649815868404837,,,,-0.1847519858077723,-2.2589236768062517,0.04517729769684767,0.035577140424073714,0.2837721362474461,0.7818550461294033,0.42980428532852505,4.036965458163484,0.0019585882080142055
Green leg,legs,last18,FF5+UMD+BOND,18,8,10,0.033000000000000085,-0.05260079945922021,-1.347516041318241,0.20755005341725766,0.17781409058854236,0.7002952224261255,0.6723336138265222,8.866150646139191,4.733876381029025e-06,0.13198169490836786,1.3690914980031905,0.20093355927480183,0.011604285406884678,0.05196250283825619,0.9595819160619914,0.6722591975787564,2.15659731749294,0.056432735000103915,-0.18417443813780282,-3.2427620593554756,0.00882802368706481,0.06837084090719736,0.7331273752819301,0.48031363888973894,0.4395362809292207,3.126677332601615,0.010751104508776803
Green leg,legs,last12,CAPM,12,2,10,0.008860000000000045,-0.022831160358997408,-0.43169874428954547,0.6751196060776132,0.665960380191127,0.11961290672367075,0.2175096798833046,2.7184144221661874,0.021619087435135704,,,,,,,,,,,,,,,,,,
Green leg,legs,last12,FF3,12,4,8,0.008860000000000045,-0.2706932785255306,-3.938857808238516,0.004302793633211563,8.187043007050116e-05,0.6827411175822585,0.6793242329216882,10.52271421167984,5.795180205834115e-06,-0.4338211170307686,-1.5760190752892946,0.15367100942076078,1.077270064103514,5.18927312981977,0.0008332501560054729,,,,,,,,,,,,
Green leg,legs,last12,FF3+BOND,12,5,7,0.008860000000000045,-0.2709706053420465,-6.805783264823008,0.0002518797408852625,1.005009196139587e-11,0.7474891254808027,0.6943323750945527,11.400527118552462,8.961601279774252e-06,-0.5941876878963457,-2.0109662099879464,0.08424560841074254,1.1519431302953431,6.610318258749142,0.00030140326587546715,0.8007574636947647,3.2057557904506555,0.014945868380672191,,,,,,,,,
Green leg,legs,last12,FF3+UMD+BOND,12,6,6,0.008860000000000045,-0.23858972133459388,-21.040245440249382,7.510155199607731e-07,2.8092016259626608e-98,0.9057844620269917,0.766325044698375,17.05691225098527,2.597908567666811e-06,-0.241660762650939,-3.0294395275827144,0.023114576014914942,0.9436454922544466,19.69638367908218,1.110413639627652e-06,0.777679885154648,4.843421785106876,0.002870779881259375,-0.21556182472730795,-7.9523315468809015,0.00021032197188173126,,,,,,
Green leg,legs,last12,FF5,12,6,6,0.008860000000000045,-0.15025677636398926,-6.449847928695098,0.0006578835105973366,1.1196243923511721e-10,0.7944308811967581,0.6174545157782909,16.973524647822565,2.674035404035629e-06,0.06428726535458595,0.6570133193616001,0.5355457817743704,0.45427956806710834,2.626273170913802,0.03925499809268048,,,,,,,0.22724755489225393,16.514623209324945,3.1425116022428197e-06,0.14475076971586148,0.8906191238414406,0.40742505680178304
Green leg,legs,last12,FF5+UMD,12,7,5,0.008860000000000045,-0.19368725881745685,-7.365674696710649,0.0007245749130020129,1.762531437558807e-13,0.8632935569988303,0.7225635038354412,17.23240790905889,1.2051215326029383e-05,0.028747299376550683,0.29020210368786775,0.7833121860686508,0.6252391701497473,3.9771976489323477,0.01056015588737541,,,,-0.17341562829401935,-5.627166765808689,0.0024552407519724995,0.0866767675239833,3.4095095713769004,0.019053477032382662,0.12438004751905153,1.0241865805825021,0.35271901569270153
Green leg,legs,last12,FF5+UMD+BOND,12,8,4,0.008860000000000045,-0.20034438662396267,-12.356971858732384,0.0002464765980295914,4.466676483209357e-35,0.9121269925082736,0.7442973381779692,16.29957226882195,8.291372529029523e-05,-0.10298329314725145,-1.3180110917017869,0.2579116929869093,0.7706413605713648,5.220515079411349,0.006425205405889147,0.6938107688659199,5.779151575647632,0.004452690671449675,-0.18780985939421402,-6.2319669563109095,0.003377149275939066,0.07907457415439184,3.1354348975668156,0.03500134341538242,0.07322939683900237,0.8318409017462446,0.45227544830774863
Brown leg,legs,full_1970,CAPM,679,2,677,0.08381160530191466,0.004912044576785462,0.3730853581448117,0.7092016992869055,0.7090849157473854,0.7813634293611624,1.0520313282033087,31.690716542029236,7.433156744898973e-136,,,,,,,,,,,,,,,,,,
Brown leg,legs,full_1970,FF3,679,4,675,0.08381160530191466,-0.01469006349966279,-1.531726999601954,0.12605833155371993,0.12558981682913745,0.8392274650003506,1.0824255939187388,55.83283523603129,3.465014723779525e-255,0.17437455215111833,3.100879123913036,0.0020098184474736367,0.4189517024623356,8.870175604740435,6.48425291112556e-18,,,,,,,,,,,,
Brown leg,legs,full_1970,FF3+BOND,679,5,674,0.08381160530191466,-0.01368511126987737,-1.4401765327292184,0.15028178574891876,0.1498174607890432,0.8396194333173375,1.0856082271316654,54.67295314459087,5.909289887890258e-250,0.1721191249755345,3.0678852155762333,0.002242194020523153,0.41766661942537253,8.872745659442261,6.370763496164504e-18,-0.054289903619171694,-1.3344764000182225,0.1824984243591526,,,,,,,,,
Brown leg,legs,full_1970,FF3+UMD+BOND,679,6,673,0.08381160530191466,-0.00935614478278093,-0.9572988831643302,0.3387601736020028,0.3384164188995248,0.8407629588891895,1.076165332407665,51.79050743744487,5.709233609680129e-237,0.1690271972413105,3.1622952827658355,0.0016356520013822012,0.40235021728475195,8.676150709048947,3.063719481424261e-17,-0.052224385341685164,-1.2613784785599007,0.2076095578284344,-0.04447866828863496,-1.1630932473451843,0.24520389724543729,,,,,,
Brown leg,legs,full_1970,FF5,679,6,673,0.08381160530191466,-0.027138417682298445,-2.693060314403259,0.007256230022998003,0.0070799459876516434,0.8512413262083843,1.1059279484733657,49.428434606378126,3.664170782879026e-226,0.25461802881581597,6.699826361014735,4.411953009545885e-11,0.29207129082368755,6.034840962637779,2.6278170422124238e-09,,,,,,,0.22587441847901812,3.52147068560473,0.00045813788679064304,0.17966769674303104,2.549613666552805,0.011004840761224707
Brown leg,legs,full_1970,FF5+UMD,679,7,672,0.08381160530191466,-0.022374534364538016,-2.219229071116629,0.026804326793923795,0.02647114424617445,0.8529727176897494,1.0966791573331445,49.12746488065258,1.329153521079578e-224,0.25141513861608455,6.777735690283096,2.6730892805215105e-11,0.2640034342498966,5.486180844715275,5.821900754578879e-08,,,,-0.05524335512911225,-1.7726111767328034,0.07674613342788734,0.22847514510556005,3.647998944367656,0.0002847622510215952,0.20147763686010317,2.7569793910153146,0.005992176753820479
Brown leg,legs,full_1970,FF5+UMD+BOND,679,8,671,0.08381160530191466,-0.021445820568289205,-2.15666788108404,0.031386098087978216,0.03103155130189229,0.8535067092935833,1.1011013917458454,48.62197770768902,4.355196497146128e-222,0.24905477518218325,6.697100500018265,4.499361848651399e-11,0.2614015114515094,5.523314145473242,4.7611314958567324e-08,-0.06354781000876966,-1.6743553012520025,0.09452678277172627,-0.05476500864117924,-1.769002209129896,0.07734772570234927,0.23137358575603512,3.6790923896062644,0.0002528292176591114,0.20489372070090775,2.819221332456809,0.004955997886704642
Brown leg,legs,post2010,CAPM,199,2,197,0.14121407035175879,-0.008547927627298658,-0.3188610513369828,0.7501697038750338,0.7498318803453475,0.7651930241062087,1.149580231972183,21.74497169085386,2.9881950349423295e-54,,,,,,,,,,,,,,,,,,
Brown leg,legs,post2010,FF3,199,4,195,0.14121407035175879,0.003595246246018433,0.22480774081585275,0.822364242427705,0.8221288439093917,0.8469606187034422,1.087576953628758,28.678766190552615,7.030642768949445e-72,0.27383519057794964,3.2927769903700583,0.001177844356471297,0.4372204531353459,9.457844310993398,1.0365019495929413e-17,,,,,,,,,,,,
Brown leg,legs,post2010,FF3+BOND,199,5,194,0.14121407035175879,0.003016670216964704,0.1846447841465817,0.8537005354849981,0.8535076571837316,0.8471496496390871,1.0891298828855156,27.95466777037051,5.86655320461652e-70,0.27584660931855987,3.2818035773850847,0.0012231552413780819,0.4464919744206228,8.763443261989751,9.45946719974173e-16,0.04907486140856286,0.4640351963141803,0.6431427981283886,,,,,,,,,
Brown leg,legs,post2010,FF3+UMD+BOND,199,6,193,0.14121407035175879,0.0028984943985721147,0.17910996622711886,0.8580392451538036,0.8578513566333192,0.8471512006207996,1.089506024770396,28.457208042550366,5.534200396171363e-71,0.2762335826218394,3.091640736410612,0.002285225902686867,0.4472041263646698,9.100172489868623,1.126545523308241e-16,0.04965359751085488,0.4612561860563739,0.6451342142317185,0.0020945892267323143,0.04432938187815315,0.9646876820647954,,,,,,
Brown leg,legs,post2010,FF5,199,6,193,0.14121407035175879,-0.0004971879284583456,-0.03227218002644658,0.9742883445956547,0.9742549947673776,0.8540233069685542,1.0897828083337244,28.638390546378748,2.0531613707796925e-71,0.35298186233941065,4.5767035163219605,8.443835931773855e-06,0.3095905672144289,3.71820382191201,0.0002628736052964779,,,,,,,0.14989217909712627,1.4881140458652526,0.13835288531101708,0.10871749730465385,0.8332485544294775,0.40573455162246763
Brown leg,legs,post2010,FF5+UMD,199,7,192,0.14121407035175879,-0.0014977832042548402,-0.09700507165951439,0.9228235506598533,0.9227223668451338,0.8541355005067436,1.0923318406220324,28.655740790550023,2.864209561084284e-71,0.35836364588969255,4.531760224265275,1.0268934374832642e-05,0.3161832892332179,3.8580049512911825,0.0001559966514706804,,,,0.018423602579616134,0.42554089487006636,0.6709190109266788,0.15670803650721454,1.726790864437014,0.08581360010134428,0.10167308053919658,0.7908949103763402,0.42998117754165116
Brown leg,legs,post2010,FF5+UMD+BOND,199,8,191,0.14121407035175879,-0.0015950041950971406,-0.10175456317006232,0.91905823428214,0.9189514917147916,0.8541404632298362,1.0925904051181865,28.120134550139994,8.132674399181863e-70,0.3584632185897457,4.534079515657163,1.0195702404016374e-05,0.3184540258225503,3.9114032915325527,0.00012745902716800912,0.008157806010690723,0.08658680824143797,0.9310906560659151,0.018947569165220245,0.43219024755831204,0.6660906760846701,0.15620978554927112,1.694017884605839,0.09189188759258253,0.10036455099744127,0.800881570243416,0.42419532183761793
Brown leg,legs,validation,CAPM,151,2,149,0.13531867549668872,-0.019808471952458773,-0.632656583753529,0.5279276286835805,0.5269579276520422,0.8110960715348404,1.1880084020459947,20.429679171561062,4.744531844244371e-45,,,,,,,,,,,,,,,,,,
Brown leg,legs,validation,FF3,151,4,147,0.13531867549668872,-0.00579139259405952,-0.3218066405728022,0.7480563370771778,0.7475991832517808,0.872451586582986,1.1191355634695017,25.814166215824816,1.7856128530621524e-56,0.2511947455290021,2.5576649864775263,0.01155031623519017,0.39996148889017125,7.457816256540251,7.042168495739717e-12,,,,,,,,,,,,
Brown leg,legs,validation,FF3+BOND,151,5,146,0.13531867549668872,-0.007340453823364002,-0.3782989554160641,0.7057580039578708,0.705208521325215,0.8726648784400628,1.1220736979699262,23.282988855328245,5.2399382671031496e-51,0.25703695513291863,2.6290053698638802,0.00948015228606888,0.4144075139965704,7.389277282575944,1.0505986778527627e-11,0.05850732718325033,0.45505021901452236,0.6497490519133557,,,,,,,,,
Brown leg,legs,validation,FF3+UMD+BOND,151,6,145,0.13531867549668872,-0.004956008089983125,-0.2535852907399045,0.8001751667851271,0.7998159615497823,0.8730518031932312,1.1132385659405692,22.037185668347494,3.903965436883162e-48,0.25135984775923825,2.4474894137571144,0.015580240559088908,0.39630487049570307,7.285931141909873,1.888819429459292e-11,0.04271564555283458,0.31920747475180666,0.7500285885030118,-0.03786803643454978,-0.58620511139541,0.5586491047309583,,,,,,
Brown leg,legs,validation,FF5,151,6,145,0.13531867549668872,-0.015054567770416765,-0.9076312753852183,0.3655790249461633,0.36407306465267075,0.8806306578504235,1.1143257164768015,22.34345457375863,8.293483094848712e-49,0.3617537144284476,4.818281911155812,3.6103343085414712e-06,0.293667744919098,3.4652954405766514,0.000696921357573279,,,,,,,0.24499053999847167,1.8962265853574154,0.05991936602456284,0.08856163080691555,0.6489745379171661,0.5173814061663502
Brown leg,legs,validation,FF5+UMD,151,7,144,0.13531867549668872,-0.013616221535986312,-0.8262494522307471,0.4100294960620267,0.40866260095736284,0.8809028437316375,1.1088924693656805,21.789072491204447,1.954086035451231e-47,0.3563394937988627,4.549670502358515,1.1322280929556608e-05,0.27814498856710573,3.3153291469632897,0.0011583472987881556,,,,-0.031902666474034475,-0.6086813970634004,0.5436946236235258,0.23972559942524446,1.9212517080068612,0.05667574404347478,0.10074110198022174,0.7462782450998715,0.4567159539354062
Brown leg,legs,validation,FF5+UMD+BOND,151,8,143,0.13531867549668872,-0.013259611337352106,-0.7723769142385808,0.44116588223262193,0.439891222903688,0.8809162176350344,1.10793012001923,20.4933847426274,2.1501852093563095e-44,0.35553447605533073,4.547347142874843,1.1486626006455024e-05,0.2732596665096204,3.480609530476431,0.0006636361021605756,-0.01531537596139343,-0.13828795166041669,0.890207389691926,-0.03335706599157604,-0.6184807542875628,0.537242372859481,0.2422374581084263,1.9100473679708079,0.05812923438018757,0.10226435980947651,0.7776981372692604,0.4380317426287825
Brown leg,legs,holdout,CAPM,48,2,46,0.15976000000000015,0.027411050769551693,0.630136147440393,0.5317234328221804,0.5286055114167232,0.6224535789742964,1.023382557358969,9.447751283625719,2.401276900483568e-12,,,,,,,,,,,,,,,,,,
Brown leg,legs,holdout,FF3,48,4,44,0.15976000000000015,0.028349268532151823,0.9499312764780126,0.34733600906446077,0.3421471734231738,0.7710485264104954,1.0048483163054898,13.771422888038126,1.473376875809926e-17,0.3045932821007665,3.0190586935158548,0.004208671373132616,0.5180456061441914,7.387962203690932,3.0989633442702192e-09,,,,,,,,,,,,
Brown leg,legs,holdout,FF3+BOND,48,5,43,0.15976000000000015,0.0299571468325536,0.9680818961114984,0.3384172519873246,0.33300347058144775,0.7711600783388486,1.0020519208210754,13.33187929357417,7.138304065990721e-17,0.30451314408807606,2.983299639364022,0.004685147470746297,0.517799665856679,7.365770419637387,3.815678420688202e-09,0.03375209445424687,0.1533283763846392,0.8788566225221647,,,,,,,,,
Brown leg,legs,holdout,FF3+UMD+BOND,48,6,42,0.15976000000000015,0.02960319671859199,0.9339084045859579,0.3556895264551101,0.3503511430875835,0.7735514438858825,0.9991194273675936,12.177619852782408,2.287783324913622e-15,0.3327998083014888,3.1763271928659944,0.0027946443544455677,0.5145792931374951,7.311559633453873,5.227190517316472e-09,0.05771621043867514,0.25776146984988435,0.7978498157223519,0.06574250906091406,0.9146768641339202,0.36558291233696366,,,,,,
Brown leg,legs,holdout,FF5,48,6,42,0.15976000000000015,0.04038919444973767,1.2108620306444777,0.23271808237116368,0.2259482867138054,0.778738518000242,1.0050935515858823,14.622769487926139,4.42764472442362e-18,0.373300986955625,2.6507860814680235,0.011275993812780804,0.28251294469522126,1.6393798595550895,0.10860438300899904,,,,,,,0.025944979114006526,0.18751250847773576,0.8521617786290007,0.23764405326719132,0.9016299593276874,0.37239506970332303
Brown leg,legs,holdout,FF5+UMD,48,7,41,0.15976000000000015,0.039247678128745876,1.1722630271946546,0.24785812216538086,0.2410914707699442,0.7831523877057247,1.0042242966419326,13.332881942875407,1.6910579743369024e-16,0.4457831251095601,3.31236434964717,0.0019386117465894073,0.2573832589645793,1.346330120319455,0.18559267580241273,,,,0.10017694154651687,1.3825089143200238,0.17430033945810744,0.09056269622211593,0.8465602663392305,0.40215455377048204,0.21036578515822166,0.791851007487782,0.4330052027882441
Brown leg,legs,holdout,FF5+UMD+BOND,48,8,40,0.15976000000000015,0.040031798203822286,1.1991435281351086,0.23752769154154849,0.23047214117941972,0.7831923347123689,1.00252128739961,12.97775351731669,6.373377015270891e-16,0.44662025417704787,3.367180093853694,0.001688559966723712,0.25922689156970313,1.370476712618933,0.17818061145988964,0.021320394245426644,0.10417031338291928,0.9175547677932984,0.10238357725382824,1.434333106135194,0.15924949770643665,0.09329758464020085,0.9325966580893794,0.35662363886152326,0.20513694765172266,0.7974609283134667,0.42989205782780926
Brown leg,legs,covid,CAPM,24,2,22,0.17667000000000005,-0.10990306726011283,-0.99599308228735,0.330082927008146,0.3192535063507903,0.782880562409424,1.2231031466500757,12.89138088989758,9.921358029592483e-12,,,,,,,,,,,,,,,,,,
Brown leg,legs,covid,FF3,24,4,20,0.17667000000000005,-0.03214677454637514,-0.8409168447799402,0.41033617815569257,0.4003945209758675,0.9209161324663775,1.0924972416305971,13.802627039847486,1.1044500798114461e-11,-0.0855893571537645,-0.47379969788678283,0.640773948770684,0.6345486315488141,9.569453865074804,6.59671268992627e-09,,,,,,,,,,,,
Brown leg,legs,covid,FF3+BOND,24,5,19,0.17667000000000005,-0.015559754108707826,-0.3172800885094505,0.75449121887547,0.7510310845283679,0.9258890321170463,1.059411246452402,11.067249271011868,1.0033405313649707e-09,-0.12737881743699703,-0.7798914404020513,0.4450619832149187,0.5222795946433131,4.08533792449295,0.0006305063764362679,-0.5050690913856294,-1.0266049720571824,0.3174997535021249,,,,,,,,,
Brown leg,legs,covid,FF3+UMD+BOND,24,6,18,0.17667000000000005,0.016963961461740142,0.5110690068118239,0.6155142649897495,0.6093027372473985,0.9590625764521976,0.9208402829337732,19.23770788341478,1.8819305813389847e-13,-0.3145239612757267,-7.491785317736621,6.160560345316058e-07,0.29592962390638294,2.505318130589898,0.022062698117685887,-0.8093847973341536,-1.8328254198127696,0.08342315220594217,-0.4364556356009279,-11.85752616874369,6.114958925969762e-10,,,,,,
Brown leg,legs,covid,FF5,24,6,18,0.17667000000000005,-0.06260953214348547,-1.6569381932383653,0.11485887605457187,0.0975319715873722,0.9304314388302294,0.9928364479420853,9.943604404377286,9.742393911973135e-09,0.22451638143279165,1.6736064711221084,0.1114966237275022,0.5472899762512506,8.843682334198016,5.712418382293824e-08,,,,,,,0.3705707865538619,2.3163791917409022,0.03253036023721482,-0.2064041694503988,-1.297120694476002,0.2109701120870992
Brown leg,legs,covid,FF5+UMD,24,7,17,0.17667000000000005,-0.025932117724219723,-0.788040229269508,0.44152369906529115,0.43067317495628166,0.9466204603315028,0.9713930393291903,15.314960451814926,2.2254737167962883e-11,-0.10842452841415623,-0.6017676232765636,0.555270047652873,0.5228741223596078,7.404910366798191,1.0285023258889607e-06,,,,-0.3475548395325021,-2.7513369051715113,0.013629745901258431,0.11319258203562091,0.8491719954425161,0.40758516801426353,-0.08572997466603946,-0.3522451652337295,0.728983333957968
Brown leg,legs,covid,FF5+UMD+BOND,24,8,16,0.17667000000000005,0.0023955794944106913,0.061544878974638347,0.9516875207390345,0.9509252738701462,0.9580470402334091,0.9177332261930171,16.12881030618956,2.561714376856888e-11,-0.24243251241867042,-1.7851895815734211,0.09319861227895486,0.3093131734088715,3.327258299609243,0.004267036844186144,-0.8286277934040939,-2.137256043411157,0.04836299108576209,-0.44064492490038754,-5.460455338005576,5.235709398238586e-05,0.07308540718047357,0.538292906491465,0.5977843452852342,0.05757291719770081,0.35571027915075726,0.7267039601901628
Brown leg,legs,inflation_rates,CAPM,36,2,34,0.10924000000000017,0.04727169828613013,0.6977280125883718,0.49009164673887695,0.4853473061164213,0.7111391674264451,1.0814712340989563,11.78577246298859,1.4793909827897486e-13,,,,,,,,,,,,,,,,,,
Brown leg,legs,inflation_rates,FF3,36,4,32,0.10924000000000017,0.05882805859135173,1.264071143658657,0.21533505931185518,0.20620449279884778,0.836781813385987,1.039302621772602,14.803979105982872,7.194056321574125e-16,0.4554475314619213,2.9823250575116242,0.005434166536016253,0.407962056199908,6.259989300368043,5.124414618671686e-07,,,,,,,,,,,,
Brown leg,legs,inflation_rates,FF3+BOND,36,5,31,0.10924000000000017,0.043179308428261357,0.8255324179566081,0.4153774521585295,0.409069385783859,0.8391727565635211,1.0731135823731877,16.000575916700964,1.5649526317223146e-16,0.45827191226900305,3.1328009717603496,0.0037661453736587084,0.3933589728241812,5.388762856623136,7.043395163838197e-06,-0.17271401794120989,-0.6826589641733992,0.4998923612100108,,,,,,,,,
Brown leg,legs,inflation_rates,FF3+UMD+BOND,36,6,30,0.10924000000000017,0.042404606101824865,0.7915076426418205,0.4348615921646206,0.42864781809251296,0.8416840077459514,1.085014295595509,16.557376636987495,1.2342673315393422e-16,0.5043520380099026,3.264241842899053,0.0027428350818523863,0.3891105389308117,6.060759776667283,1.1766335868523142e-06,-0.1479544100300541,-0.6013307001170566,0.5521369234652608,0.09544356173666983,1.4006725883345834,0.17157105315215565,,,,,,
Brown leg,legs,inflation_rates,FF5,36,6,30,0.10924000000000017,0.06516987496693459,1.4260536104828823,0.16417664599417053,0.15385286781131674,0.8632475551553783,1.0517905919641486,19.85647684785269,8.254548912995384e-19,0.6988534350261466,3.676098315360773,0.0009221297794267902,-0.01640884995856956,-0.12069840735725791,0.9047346917391262,,,,,,,0.2874712883882714,2.3106151294372106,0.027910928840083293,0.45890264742557946,2.301857529592665,0.02846302284593992
Brown leg,legs,inflation_rates,FF5+UMD,36,7,29,0.10924000000000017,0.061027307682681574,1.3437611356092427,0.18944576784166908,0.17902564078336247,0.8650590873188642,1.064411291052704,18.38516545197166,1.586883474067466e-17,0.731772739659966,4.785001947243348,4.609777056523028e-05,-0.009160460950163513,-0.07535470962487915,0.9404499278084381,,,,0.08221509034263366,1.2116462838958615,0.2354284186306175,0.2982111007111451,2.3492615743299874,0.025833144993231087,0.4250517522847407,2.1466603971048612,0.0403162352737893
Brown leg,legs,inflation_rates,FF5+UMD+BOND,36,8,28,0.10924000000000017,0.04474545770692115,0.9922270939876519,0.3295845199999717,0.32108675851798585,0.8684620794711715,1.10438513127601,15.001849719865042,6.506610959859937e-15,0.7333263084890163,4.967695316814807,3.029465687857708e-05,-0.0503989423051413,-0.4984152163440718,0.6220841756869663,-0.21337688311514824,-0.9435249588261356,0.3534832077835637,0.0619250946446063,1.153316759004761,0.2585309385375781,0.2757247997541821,2.1349093008105475,0.04165896653947922,0.4679936045186222,2.708246130068468,0.011403005892771628
Brown leg,legs,last18,CAPM,18,2,16,0.17997333333333337,0.10376388814027393,1.5386152255647845,0.1434390427790237,0.12389825928366077,0.3933575135389603,0.6422144257842091,9.103410651889059,9.982720053288968e-08,,,,,,,,,,,,,,,,,,
Brown leg,legs,last18,FF3,18,4,14,0.17997333333333337,0.10163905176876216,1.6376471504581551,0.12376725967422048,0.10149532119179122,0.4987188816849377,0.6374043579412698,4.8029563513376585,0.00028099925711835947,0.5481190493672218,2.7191840792337456,0.0166200472347258,0.14821393100834768,0.6903047407099185,0.5012870735068921,,,,,,,,,,,,
Brown leg,legs,last18,FF3+BOND,18,5,13,0.17997333333333337,0.10193931070825063,2.9658295094138767,0.010934121681903955,0.003018677803463189,0.582459589540016,0.6836793777329792,4.755539321189771,0.00037566984042614596,0.6776058693769837,2.5660977053979934,0.023466590928163146,0.05448937866097327,0.28859746496862654,0.7774397943382108,1.4757234520409583,1.260515967835557,0.22963888282792352,,,,,,,,,
Brown leg,legs,last18,FF3+UMD+BOND,18,6,12,0.17997333333333337,0.09026426833626368,2.786782687431972,0.016442334930019013,0.0053234164651605525,0.612832046839211,0.6376667011176191,4.480798429480372,0.00075137371726307,0.5963973355831416,2.9091917162929004,0.01310072682043693,0.110985576539449,0.7471978536255951,0.4693327189022228,1.3351581605535283,1.2075481905289749,0.250483320627495,0.16711098378527264,2.004678281033592,0.06809366010284937,,,,,,
Brown leg,legs,last18,FF5,18,6,12,0.17997333333333337,0.10810534648970499,1.1808589123660704,0.2605351734786125,0.23765877602381558,0.575286472916029,0.5797403455419777,3.2030757239360805,0.007589097452590148,0.45241241626502293,4.445890581432274,0.0007985846358645884,-0.3035704208882464,-2.9090706746258044,0.013103672659741515,,,,,,,-0.1490725681647824,-0.9402066787781591,0.365653037194045,0.6392967794944251,2.08580253863775,0.05901291556299862
Brown leg,legs,last18,FF5+UMD,18,7,11,0.17997333333333337,0.12393194926480261,1.5241862678044917,0.15568264795136927,0.12746218738493023,0.6594684586518451,0.4991962202583877,4.617097594307468,0.0007438840737768346,0.42454258005124146,6.332361219586271,5.580084088210468e-05,-0.3708981689571157,-2.182344308041233,0.05165355388380422,,,,0.3363661864174252,2.6227533545564246,0.023711862744930905,0.0776748164492658,0.5744000668654424,0.5772546958422566,0.6863244431999282,2.024777824069096,0.06785710292188969
Brown leg,legs,last18,FF5+UMD+BOND,18,8,10,0.17997333333333337,0.13935148377257922,2.2584635905094976,0.04749225931382863,0.023916772052363627,0.7497247992408468,0.5473048008267519,4.538931709267278,0.0010764754305240707,0.5954659061996876,4.825556613922887,0.0006964009855624797,-0.5855321824214023,-4.4669763014533554,0.0012030474359286626,1.5849360135305786,2.2785672790987817,0.04589737146062919,0.33772782803566237,4.778125537662346,0.0007478379068071478,0.15499010956810622,1.790175762998636,0.10369739771947574,0.7092688526875455,3.0194599823015986,0.012907361516976123
Brown leg,legs,last12,CAPM,12,2,10,0.20821999999999996,0.12503258595886307,1.277356296968936,0.23033539805936987,0.20147648652237027,0.23471803123442014,0.5709499934189217,5.121907291369171,0.00044943950778143446,,,,,,,,,,,,,,,,,,
Brown leg,legs,last12,FF3,12,4,8,0.20821999999999996,0.05730928244689028,0.4807914697647186,0.643538041040045,0.6306647134871148,0.37220218248976644,0.692453262280579,3.051589272273884,0.015782889150900366,0.7610581086311716,1.5776288722856422,0.15330265560501924,0.12555221297085956,0.2955979888469364,0.7750642080868029,,,,,,,,,,,,
Brown leg,legs,last12,FF3+BOND,12,5,7,0.20821999999999996,0.056630404671708476,1.0964976673441829,0.30914407300611974,0.27286104360237284,0.4827004080508529,0.7291922055098523,2.8216131766669696,0.025713677449952815,0.3684913088872165,0.9730255692293719,0.36295612363176727,0.3083469591811953,0.665991464555466,0.5267472033703731,1.9602015133019246,1.3211191784710437,0.22800737326486126,,,,,,,,,
Brown leg,legs,last12,FF3+UMD+BOND,12,6,6,0.20821999999999996,0.014770219877328308,0.19208505806159126,0.8540116963400841,0.8476755789126877,0.558039857875398,0.6361241332248858,2.1459368941192944,0.07552872040798352,-0.08723566361825792,-0.21324531191016483,0.8381967491899434,0.5776224248731778,1.2619876775200631,0.2537901292726128,1.9900349082788424,1.3232218862988847,0.23394925095637872,0.2786661974892981,3.0601243719876767,0.022221460180739915,,,,,,
Brown leg,legs,last12,FF5,12,6,6,0.20821999999999996,0.09203219632060423,0.3965687036103152,0.7054055104398314,0.691685534989262,0.5384381938525238,0.8198178059052854,3.605320193697219,0.011294161808993895,0.5184717080659907,1.858330751052132,0.11248373181536643,-0.6292645077349535,-1.1502653471926363,0.2938068237586008,,,,,,,-0.1637369499279138,-0.8645841142730358,0.4204840976245235,1.1751855044165673,2.9149172738559606,0.026808134956856307
Brown leg,legs,last12,FF5+UMD,12,7,5,0.20821999999999996,0.20667695854407306,1.1641024050947941,0.296904031857357,0.24438251409254508,0.6750953773216681,0.5423584210994149,2.6879782987017222,0.04340354801265081,0.6122876345491383,2.037523686720911,0.09717488595062092,-1.0805517563070284,-2.337176771230717,0.06661368701170745,,,,0.45777049547867066,4.4004333799879065,0.007019025516321832,0.20733202243886334,2.0706996285134913,0.09315672598821742,1.2289587178519887,3.279701961600869,0.021961755497788962
Brown leg,legs,last12,FF5+UMD+BOND,12,8,4,0.20821999999999996,0.19221194610692438,1.4083994281738843,0.23178747922871426,0.1590128284630956,0.7407568403404279,0.5895830190355421,2.3026298487680283,0.0826994871838605,0.32605538625912617,0.7253200832963077,0.5084156556264081,-0.7646130280791772,-1.3685184354719773,0.24297595682397183,1.5075542624955987,1.642694595332851,0.17579085085329163,0.42649383414071984,5.838794490546646,0.00428912569812012,0.19081351403148822,2.1584372287487095,0.09705893386279216,1.1178154711304444,5.210891945599996,0.0064676691871891675
Brown leg FF3-hedged,legs,full_1970,CAPM,679,2,677,-0.015116712496226951,-0.014518864619072543,-1.6123806451834048,0.10734517237560433,0.10687913397586207,0.0002913659421029946,-0.007971586793207043,-0.4496061014670607,0.6531383975674421,,,,,,,,,,,,,,,,,,
Brown leg FF3-hedged,legs,full_1970,FF3,679,4,675,-0.015116712496226951,-0.016463247494099165,-1.781941591343689,0.07520821564834261,0.0747587571420637,0.004952341115383785,0.0028073959186459786,0.15056423464922258,0.8803644572916919,-0.02840565147569346,-0.6629215802576546,0.5076070844457558,0.03767838122378423,1.0707583127768538,0.284660826944359,,,,,,,,,,,,
Brown leg FF3-hedged,legs,full_1970,FF3+BOND,679,5,674,-0.015116712496226951,-0.015783211209518824,-1.7204864696848587,0.0858030305770493,0.08534405105063247,0.00611801694649039,0.004961036660119585,0.2647017340618743,0.7913201675360084,-0.029931865629129126,-0.6962695096542381,0.48650009663437,0.03680878457238904,1.0460617065157838,0.2959075399554218,-0.03673717342295089,-0.8356183376755408,0.40366576830141104,,,,,,,,,
Brown leg FF3-hedged,legs,full_1970,FF3+UMD+BOND,679,6,673,-0.015116712496226951,-0.00959356018672031,-1.0493209394117782,0.2944070951062909,0.29403043186180033,0.02130121487188985,-0.008540620874260243,-0.4485425521238984,0.6539060600592902,-0.03435277157044422,-0.8659988403035443,0.3867994103584724,0.01490905759185704,0.5047736794108608,0.6138830410388431,-0.03378385018587755,-0.7715257615496589,0.44066616295836913,-0.06359657333594218,-2.2940332481102734,0.0220957574575093,,,,,,
Brown leg FF3-hedged,legs,full_1970,FF5,679,6,673,-0.015116712496226951,-0.022885216511521006,-2.3559851624459345,0.018759480577819287,0.01847365557196343,0.017977908027959955,0.018245785933116335,0.8670387637343887,0.38622979355725184,0.0013499656681193737,0.03367082546762391,0.9731496272020473,-0.017304753483818564,-0.3690081511218378,0.7122377097362395,,,,,,,0.09065815237967394,1.5674039335844,0.11749034551005563,0.11904659363930496,1.738641700453971,0.0825551131303581
Brown leg FF3-hedged,legs,full_1970,FF5+UMD,679,7,672,-0.015116712496226951,-0.01673538175711147,-1.7653236456656576,0.07796350250162201,0.07750938770448203,0.03671721088683455,0.006306253959619016,0.3080075474832867,0.7581720328522137,-0.00278473792368116,-0.07072584313381654,0.9436369945620917,-0.05353836130451238,-1.1790373631765458,0.23880057416063694,,,,-0.07131524486685568,-2.638850318120065,0.008511548610532872,0.09401550559926393,1.7446779877938123,0.08149808987740245,0.1472016761165634,2.1369830684200983,0.03295979137084212
Brown leg FF3-hedged,legs,full_1970,FF5+UMD+BOND,679,8,671,-0.015116712496226951,-0.016116827702868004,-1.7057223206217882,0.08852257522691813,0.08805979183893671,0.03825564691538097,0.00925160809976377,0.45249550909391795,0.651058311200397,-0.004356817909382394,-0.10982597334814934,0.9125802292850134,-0.05527132780320189,-1.228701417337299,0.21961452362370873,-0.042324939801675315,-0.9844579891716565,0.32524521170002935,-0.07099665031098866,-2.6373042019076514,0.008550326405424441,0.09594596277840407,1.7834532521374247,0.07496443910903174,0.14947690075293502,2.187303674617055,0.02906477297709426
Brown leg FF3-hedged,legs,post2010,CAPM,199,2,197,-0.013318228939492246,-0.008793318096614912,-0.537605521060092,0.5914561855745137,0.5908494177903081,0.004269996439617008,-0.03473343122155582,-1.166251574809516,0.2449226862396063,,,,,,,,,,,,,,,,,,
Brown leg FF3-hedged,legs,post2010,FF3,199,4,195,-0.013318228939492246,-0.007752405171731589,-0.4851828283002826,0.6280912907267184,0.6275466617022885,0.012903546361055507,-0.03966761024456197,-1.1662420094521706,0.24494098423568955,0.01856080794763136,0.20463183997110126,0.8380732055311061,0.06283865462073875,1.085713220349287,0.27894624762063897,,,,,,,,,,,,
Brown leg FF3-hedged,legs,post2010,FF3+BOND,199,5,194,-0.013318228939492246,-0.008493467070953503,-0.5232703169219218,0.6013833226229692,0.6007861542315928,0.014799207424844196,-0.037678560151606984,-1.0857888256599244,0.2789197734473752,0.021137108584357633,0.23061996123656894,0.8178530766577783,0.07471396715930823,1.1784728758928043,0.24005158805799148,0.0628569248866527,0.5753077441633291,0.5657498455085,,,,,,,,,
Brown leg FF3-hedged,legs,post2010,FF3+UMD+BOND,199,6,193,-0.013318228939492246,-0.00650090315266899,-0.4000061469945106,0.6895943558238047,0.6891519892758561,0.0174945481426384,-0.044020693069830766,-1.3588141583518802,0.17579137006037,0.014612346988072317,0.15164756336603497,0.8796233155815233,0.06270636452664681,0.9992652649129512,0.31891739665076363,0.0530988483924662,0.4807714997060723,0.6312234533139931,-0.03531689455245228,-0.7021195088190484,0.4834505176788845,,,,,,
Brown leg FF3-hedged,legs,post2010,FF5,199,6,193,-0.013318228939492246,-0.01095748847704788,-0.698126831068666,0.4859381498234993,0.485097879767314,0.03774282096901738,-0.040176889001997264,-1.1854753438535404,0.23728709513076504,0.09303700054308299,1.0653375010948938,0.28805417718460635,0.015911843366996792,0.17028518692411507,0.8649642328560169,,,,,,,0.16482736096439476,1.6947341881664413,0.09173871531554961,0.03162869307137095,0.2523897094895386,0.8010084401553763
Brown leg FF3-hedged,legs,post2010,FF5+UMD,199,7,192,-0.013318228939492246,-0.009920065629183425,-0.6265340072372688,0.5317089467951954,0.5309647383745578,0.038480049737069866,-0.04281974011253252,-1.2892069755016882,0.19887713277180807,0.08745713688354263,0.961012326472062,0.3377546574229531,0.009076471846310531,0.09800023262401496,0.9220343402189671,,,,-0.019101695479081922,-0.3965860553339634,0.6921131690826288,0.15776064140649476,1.7551305890014293,0.0808318956200777,0.038932384263144486,0.3153404362356567,0.7528456618094356
Brown leg FF3-hedged,legs,post2010,FF5+UMD+BOND,199,8,191,-0.013318228939492246,-0.010256106983708066,-0.6385474545866188,0.5238822966097174,0.5231173735318022,0.03884248055510775,-0.04192601991109364,-1.2269047147714351,0.22136860481382017,0.0878013068483806,0.9644676798931783,0.3360310307528794,0.01692520279047925,0.18256313233926608,0.8553344422589956,0.028197204719144744,0.2912488734635083,0.7711770292480453,-0.017290621145998396,-0.3575810678181997,0.7210516656692358,0.15603845234680988,1.7113367770758556,0.08864231024835148,0.034409492284393765,0.2902823197905467,0.7719151831280333
Brown leg FF3-hedged,legs,validation,CAPM,151,2,149,-0.02265546713215557,-0.0194533334712565,-1.0766339162089997,0.28338395458533766,0.2816438459124847,0.0024315385859297045,-0.02452286241432658,-0.7370487645010846,0.4622516958774621,,,,,,,,,,,,,,,,,,
Brown leg FF3-hedged,legs,validation,FF3,151,4,147,-0.02265546713215557,-0.018178841518021963,-1.0546869498560751,0.2932989117301751,0.291568522224791,0.009763641750334506,-0.027847207974492822,-0.7043563870287809,0.4823252190255374,0.0017209372791042211,0.015125687120864536,0.9879524174360942,0.05756190863549104,0.8328637958698865,0.4062726658838756,,,,,,,,,,,,
Brown leg FF3-hedged,legs,validation,FF3+BOND,151,5,146,-0.02265546713215557,-0.021213500855357573,-1.1725482377575132,0.24288664324133563,0.2409770172398833,0.015522847137107942,-0.02209131070756458,-0.5064420845930507,0.6133102669140961,0.013166008390439047,0.11538121883295478,0.9083015038704431,0.08586212307969758,1.0901068563267484,0.27746198404738315,0.11461768158701775,0.8659714942784904,0.3879266054991148,,,,,,,,,
Brown leg FF3-hedged,legs,validation,FF3+UMD+BOND,151,6,145,-0.02265546713215557,-0.015694514034128693,-0.8389784646152973,0.40286241330056655,0.40148139447753173,0.03010682214426652,-0.042540917318949385,-0.9765790581098256,0.3304040599827288,2.5897739393210273e-05,0.0002229249975403223,0.9998224379907601,0.043962133697664746,0.5260201498335949,0.5996778086267291,0.0780665948572182,0.5612472217214061,0.5754953718073093,-0.08764854284679541,-1.2549747170129069,0.21150684964878894,,,,,,
Brown leg FF3-hedged,legs,validation,FF5,151,6,145,-0.02265546713215557,-0.025666357559515803,-1.4820608981915826,0.14049410110722382,0.13832409182487418,0.05397087857066918,-0.037494744105715454,-0.8599585989609447,0.39123146004375503,0.11150309240487946,1.176292409844845,0.24140560583458537,0.030380220626736343,0.31049662426173563,0.75662918753184,,,,,,,0.269039373749944,2.243768740676656,0.026362541917738447,-0.009103634933759923,-0.070147272843413,0.9441730922241196
Brown leg FF3-hedged,legs,validation,FF5+UMD,151,7,144,-0.02265546713215557,-0.021976791403754737,-1.2650102840272104,0.20791093839102054,0.20586764135416435,0.06657158475763703,-0.05143180889388744,-1.206595397188227,0.22956648889076503,0.09761483329413057,0.998830594937605,0.31955223346267525,-0.009437894865540992,-0.09291291276803158,0.9261018898223917,,,,-0.08183495439659372,-1.3581918467325662,0.17652695257773132,0.25553403957791027,2.22974946461522,0.027311896327254656,0.02213847045117273,0.17092577019077898,0.8645220712439263
Brown leg FF3-hedged,legs,validation,FF5+UMD+BOND,151,8,143,-0.02265546713215557,-0.022555727907502147,-1.2596525775526706,0.20984673176593852,0.20779471965773688,0.06681957700273977,-0.04986948911685476,-1.071608026542269,0.2857013529881758,0.09892173410538059,1.0058920000783815,0.3161665776059518,-0.0015068505979535726,-0.014499500266750539,0.9884516876367245,0.02486364732872398,0.209559395993232,0.8343098263661124,-0.07947381897488595,-1.2740109019340309,0.20472622472344165,0.2514561789628229,2.162996392471502,0.03220364443839463,0.019665547451908537,0.1564727985511539,0.875881048287304
Brown leg FF3-hedged,legs,holdout,CAPM,48,2,46,0.016055166208261123,0.024868350301600485,0.7938375568711686,0.4313661778738141,0.42729000539612505,0.011791801815698388,-0.06814756693090579,-1.0811402201978622,0.2852703150854762,,,,,,,,,,,,,,,,,,
Brown leg FF3-hedged,legs,holdout,FF3,48,4,44,0.016055166208261123,0.028196047236246757,0.952759244837597,0.34591698713902147,0.340712068056261,0.024621459551341318,-0.07849774227792106,-1.1424736146742407,0.2594360839954357,0.07486297715814107,0.7493520493061412,0.4576328449107892,0.05147117767765827,0.7342993152363738,0.4666616681810781,,,,,,,,,,,,
Brown leg FF3-hedged,legs,holdout,FF3+BOND,48,5,43,0.016055166208261123,0.028948658713485724,0.9294736962084489,0.3578324083064449,0.3526436508045976,0.02472587407758331,-0.07980667177584597,-1.1444847084596101,0.258753514249253,0.07482546636637362,0.744659611879359,0.4605281315270066,0.05135605858994413,0.7352314841471305,0.46618988355622243,0.015798592257119964,0.07175467116024269,0.9431298593336702,,,,,,,,,
Brown leg FF3-hedged,legs,holdout,FF3+UMD+BOND,48,6,42,0.016055166208261123,0.0286171011424151,0.898706246502813,0.37393273301080704,0.36880914893780636,0.03369041941983408,-0.08255364195120152,-1.0881572796415115,0.2827306850129136,0.10132258364460603,0.9950124207032021,0.3254284812679268,0.0483394217402949,0.6960023102844758,0.49026116718264506,0.03824662596366987,0.1718753652047858,0.8643610084539022,0.06158332985500142,0.9509028758925973,0.34709395537432824,,,,,,
Brown leg FF3-hedged,legs,holdout,FF5,48,6,42,0.016055166208261123,0.04156011119377197,1.2580619195563065,0.21531877917032444,0.20836936380028181,0.06017026539249559,-0.07684518073971783,-1.202482407637641,0.23591225265636837,0.15498026464684073,1.115547009621733,0.27095833017925813,-0.13497149038895284,-0.776689272246144,0.4416945788127111,,,,,,,0.05439238296413396,0.41619828598517955,0.6793841016646729,0.23439692753183897,0.8917581004211297,0.3776032601813248
Brown leg FF3-hedged,legs,holdout,FF5+UMD,48,7,41,0.016055166208261123,0.040420648275960536,1.2180074116386557,0.23018430365245013,0.22322115624867434,0.07895928697631671,-0.07771287203465752,-1.1112781437688208,0.27292306042492825,0.22733201916083204,1.721425086274469,0.0927122146453422,-0.16005597188059686,-0.8305423076230708,0.41104265688235053,,,,0.09999673943590026,1.4648181872595496,0.15059716921759236,0.11889386325340803,1.157838501143489,0.25363048065010113,0.207167728613956,0.7814821348932884,0.43900855324732324
Brown leg FF3-hedged,legs,holdout,FF5+UMD+BOND,48,8,40,0.016055166208261123,0.040916322447673265,1.2196179903318927,0.22975246755220513,0.222609723280779,0.0790274831784964,-0.07878941339922385,-1.1159805048763038,0.27108994020832844,0.22786120247131297,1.7479842176755143,0.0881396188900376,-0.15889053677246265,-0.8305343550637676,0.4111666923134354,0.013477487816085404,0.06602834362959036,0.9476841777718972,0.1013916435599741,1.543638683612538,0.1305513170169562,0.12062269738793535,1.2577142634879654,0.21578834832566532,0.20386236788868534,0.7886915342185363,0.4349420511927492
Brown leg FF3-hedged,legs,covid,CAPM,24,2,22,-0.09556046695244025,-0.09519889986523974,-2.4772237384559195,0.02140402067437745,0.013240886966415448,1.1126474312894707e-05,-0.0015431800563401044,-0.02492902300904309,0.9803363187390982,,,,,,,,,,,,,,,,,,
Brown leg FF3-hedged,legs,covid,FF3,24,4,20,-0.09556046695244025,-0.06291402978478508,-1.6062530609452046,0.12389238226996417,0.1082183191524182,0.21483301543248556,-0.010304599480189247,-0.11849242929790967,0.9068595321348656,-0.29338827214247504,-1.5957552296708712,0.12622434180866215,0.23264876371926907,3.235514015077193,0.00414580662249779,,,,,,,,,,,,
Brown leg FF3-hedged,legs,covid,FF3+BOND,24,5,19,-0.09556046695244025,-0.042158156422459674,-0.8339614741279224,0.414664964644326,0.4043026939283727,0.2843530505523948,-0.051706171785825206,-0.49216674524682624,0.6282399786381612,-0.3456807708934246,-2.088755112976852,0.05042379925136997,0.09216289880593605,0.7025616024367262,0.4908478125366759,-0.6320092351377863,-1.1700938049799743,0.2564316654186794,,,,,,,,,
Brown leg FF3-hedged,legs,covid,FF3+UMD+BOND,24,6,18,-0.09556046695244025,-0.008148609942824606,-0.24544465816166966,0.8088888131117695,0.8061121540527816,0.6082063079954656,-0.19660768570747067,-3.894318136816422,0.0010627884775107166,-0.5413755541058596,-13.1255162374734,1.1763661451261878e-10,-0.14452776569602588,-1.261195586483373,0.22333982995155083,-0.9502274634186885,-1.9608239804079703,0.06556081962968252,-0.4563949095273958,-10.31394268417316,5.5385054446514174e-09,,,,,,
Brown leg FF3-hedged,legs,covid,FF5,24,6,18,-0.09556046695244025,-0.09574502334981386,-2.5015829163350847,0.022234733844591962,0.012363948661941994,0.28768203479976096,-0.11353445215452365,-1.0622092435248476,0.3021849675953753,0.03521014133475382,0.2818992440772345,0.781236243388225,0.19460183010191856,2.5298677818798714,0.02096285552252604,,,,,,,0.3907123819461724,2.4726013928296466,0.023613144381676665,-0.2718925489670473,-1.674800702836296,0.11125899419164843
Brown leg FF3-hedged,legs,covid,FF5+UMD,24,7,17,-0.09556046695244025,-0.05737522329007962,-1.6612610897845956,0.11498997051363312,0.09666102107767022,0.4458641102973009,-0.13596731210672097,-2.1418253297111254,0.046983453315457724,-0.31309347670392346,-1.6202595195780598,0.12357652376034577,0.16905936897308738,1.951230720872532,0.06770836742360192,,,,-0.3635918701960398,-2.429023507255357,0.02652004074010078,0.12145811734044397,0.9112320760957282,0.3749137586950457,-0.14565015158002148,-0.5753156277829944,0.5726147919538177
Brown leg FF3-hedged,legs,covid,FF5+UMD+BOND,24,8,16,-0.09556046695244025,-0.024663530854153265,-0.6182139677516306,0.545134839175023,0.5364343039337478,0.5819003967325729,-0.1979315194311818,-3.2600065614880274,0.00491638024159341,-0.46784054007733755,-3.1153042148493792,0.006662767774885318,-0.07755227843630982,-0.8489402460264752,0.4084371163832751,-0.9568662539879236,-2.172406374490062,0.04519673500726599,-0.4710885797904113,-5.015178232792517,0.00012692382139248677,0.07514395497807945,0.5400234746286654,0.5966178548057581,0.019830299854008665,0.12633150715745625,0.9010434285488408
Brown leg FF3-hedged,legs,inflation_rates,CAPM,36,2,34,0.037449172371499584,0.03718895117430362,0.8906074102790558,0.37939891192307673,0.37313982236947585,6.487190140680443e-05,0.0045413821500178,0.08924958539445993,0.9294072283116337,,,,,,,,,,,,,,,,,,
Brown leg FF3-hedged,legs,inflation_rates,FF3,36,4,32,0.037449172371499584,0.05836151332304576,1.2528772261759817,0.21932873432172148,0.2102503911168101,0.08486103375638843,-0.054100676694024144,-0.7435630937142528,0.46256571301513694,0.2592785442979031,1.5265257490710484,0.1367034994095824,-0.08063425820296993,-1.0827410200516137,0.2870149464578653,,,,,,,,,,,,
Brown leg FF3-hedged,legs,inflation_rates,FF3+BOND,36,5,31,0.037449172371499584,0.04222401956456343,0.810531825044802,0.42381360272830937,0.4176345816309529,0.09801443265907239,-0.019233728217386552,-0.2866217038143415,0.7763089581677107,0.262191136496695,1.6006110280420123,0.11960626666500238,-0.09569342678668155,-1.1543836663474092,0.2571647297470441,-0.17810824235040418,-0.6902170534197416,0.49519315309487166,,,,,,,,,
Brown leg FF3-hedged,legs,inflation_rates,FF3+UMD+BOND,36,6,30,0.037449172371499584,0.041231745974444976,0.7674734757538516,0.4487986617356996,0.44280005752457063,0.11932716714580327,-0.0039907593619732395,-0.06091304638560145,0.9518324572584036,0.32121263448596643,1.8362019049633365,0.07625632054035415,-0.10113501203549483,-1.4497635761836487,0.1574990991821482,-0.1463950227129312,-0.5865092235950016,0.5619210563824406,0.12224840745453827,1.525951672325399,0.13749667794603138,,,,,,
Brown leg FF3-hedged,legs,inflation_rates,FF5,36,6,30,0.037449172371499584,0.06522807036076247,1.4111984006188198,0.16847330008203584,0.15818612164048285,0.24885148700151483,-0.03979102652758974,-0.7607834421289457,0.45272503281350396,0.5415817150782957,2.557944077931719,0.01582117956208524,-0.505206579983108,-3.1547022976911143,0.0036385414637141508,,,,,,,0.33938778886173887,2.7393535168025336,0.010261391103395436,0.509786123632388,2.3292679166527277,0.02676721961004844
Brown leg FF3-hedged,legs,inflation_rates,FF5+UMD,36,7,29,0.037449172371499584,0.05969588377611655,1.3124274090112102,0.19966895684665398,0.1893759639012521,0.26556456427382313,-0.022936728843164972,-0.40117127597227226,0.691234806724101,0.5855437615520758,3.456607986242934,0.0017082612661242901,-0.49552672744697085,-3.5793672720392307,0.0012365792422173992,,,,0.10979404524771896,1.5568615078502608,0.13035063630802296,0.35373025853750384,2.8056501941934195,0.008875730011291253,0.4645799857168322,2.2007262866045396,0.03587006842828472
Brown leg FF3-hedged,legs,inflation_rates,FF5+UMD+BOND,36,8,28,0.037449172371499584,0.04423234539947628,0.977255927416771,0.33681087167108015,0.32844246618850115,0.28144370796222706,0.015028060985696055,0.2125591853993233,0.8332107061356162,0.5870192493648585,3.5790886200575165,0.0012826020100675435,-0.5346925986456602,-4.502158825806676,0.0001080185632404901,-0.20265274681016865,-0.906363845452106,0.3724774425967187,0.09052380706192159,1.6320001023965809,0.11387719312709926,0.3323740994822185,2.598019014011072,0.014784228168842893,0.5053636178576025,2.7040994293873566,0.011515896470194343
Brown leg FF3-hedged,legs,last18,CAPM,18,2,16,0.005229878130340043,0.033377162931591,0.5677965679170545,0.5780545480520837,0.5701731105563719,0.09145441001374033,-0.23719622023526105,-3.933857235411889,0.0011861109448912657,,,,,,,,,,,,,,,,,,
Brown leg FF3-hedged,legs,last18,FF3,18,4,14,0.005229878130340043,0.09851236411029211,1.6044413125402412,0.13093097862815906,0.1086168108626844,0.16282262557379978,-0.4187675744104765,-3.030705850623466,0.008987324019847646,0.29709804885712116,1.7019418152391028,0.11085760142168948,-0.3162289098244888,-1.4666360489159915,0.16457604604635678,,,,,,,,,,,,
Brown leg FF3-hedged,legs,last18,FF3+BOND,18,5,13,0.005229878130340043,0.09879088140734951,2.8123932921370334,0.014677312054288572,0.004917433647435921,0.28562615984380313,-0.37584331225321926,-2.5117695075961457,0.026004931792194503,0.4172087745364717,1.7188015146207185,0.10935611395893428,-0.40316690085374396,-2.097544247275856,0.05606188790805477,1.3688668446202743,1.1932402250083678,0.25409785811046426,,,,,,,,,
Brown leg FF3-hedged,legs,last18,FF3+UMD+BOND,18,6,12,0.005229878130340043,0.08842278909676263,2.699676166830809,0.019320939983580518,0.006940699846136,0.3264508123827553,-0.4167051492731756,-2.8030917074923307,0.015952514926142664,0.345091042715455,1.7447108303620031,0.10656658738360605,-0.35299510908306253,-2.2494290388347937,0.0440424921137575,1.2440369835053322,1.1300091729861426,0.2805536873908851,0.1484039244393577,1.7549412801171067,0.10474159091713901,,,,,,
Brown leg FF3-hedged,legs,last18,FF5,18,6,12,0.005229878130340043,0.10823441641594689,1.2309835616826668,0.24191115015426248,0.2183290124453181,0.2841792415500223,-0.4673810292650433,-2.4371070199708518,0.031323045354482874,0.2235258927061291,2.350452372926439,0.036682494846900796,-0.6982426345900521,-6.677661617262467,2.2679221527018017e-05,,,,,,,-0.1018392105183702,-0.6755376449666307,0.5121423154900405,0.595269601236499,1.8678164394682026,0.08639266878676724
Brown leg FF3-hedged,legs,last18,FF5+UMD,18,7,11,0.005229878130340043,0.12313302442388227,1.5659257158307294,0.1456621300461759,0.11736600874387128,0.4113235535521592,-0.5432024400248043,-4.517092989143301,0.0008762192800356516,0.19729020770822073,2.624335004381292,0.023645042226438387,-0.7616226120109445,-4.493553089598119,0.0009108276234400038,,,,0.3166433144099917,2.5604985282548864,0.026495070781782558,0.11161281378495536,0.8387261602985532,0.4194761954224717,0.6395397921949606,1.8281221560837058,0.09475371553589615
Brown leg FF3-hedged,legs,last18,FF5+UMD+BOND,18,8,10,0.005229878130340043,0.13781485879332964,2.2777190828579754,0.045963599090377665,0.02274332003115174,0.5507861103114345,-0.49739546632545284,-3.7413145957675087,0.003838235855212386,0.3600362337390937,2.7076902416360737,0.02202074628892747,-0.9659881221463603,-7.197522428959674,2.9347202478336088e-05,1.5091096313635586,2.130848995490737,0.05893691240528055,0.31793981247868697,4.411142326910339,0.0013120849402972424,0.1852291948257468,2.0319906419551454,0.06957277183135485,0.6613864970764913,2.6379728246577208,0.02482018056531965
Brown leg FF3-hedged,legs,last12,CAPM,12,2,10,-0.04033011780078698,-0.004017831290120073,-0.04362418570609276,0.9660627675008189,0.9652039726409123,0.06557855237919596,-0.2492264002104799,-2.6306227460541414,0.02513527344115167,,,,,,,,,,,,,,,,,,
Brown leg FF3-hedged,legs,last12,FF3,12,4,8,-0.04033011780078698,0.04554318550703467,0.384612624571572,0.7105470431904672,0.7005244392949532,0.0942245990995697,-0.34345729918683165,-1.4999742192505965,0.17200982857624106,0.44195743281285643,1.0164217468552008,0.3391793814861606,-0.28356843498746953,-0.674014234676035,0.519298734038703,,,,,,,,,,,,
Brown leg FF3-hedged,legs,last12,FF3+BOND,12,5,7,-0.04033011780078698,0.04490289697586181,0.8247178138225022,0.4367292690563805,0.40953181577746034,0.23835214584523112,-0.30880669659371895,-1.1865738768427054,0.27410102108946915,0.07170518891218314,0.19957624595858617,0.8474856976341566,-0.11116423523911073,-0.23952128553411342,0.8175635830805483,1.8487783716577741,1.234569176132646,0.2568230125120782,,,,,,,,,
Brown leg FF3-hedged,legs,last12,FF3+UMD+BOND,12,6,6,-0.04033011780078698,0.0064305272179865924,0.08304393276279147,0.9365178390030918,0.9338166069390075,0.3316649982482466,-0.39434261353215955,-1.3282920273623928,0.2323701005766681,-0.34713903456629114,-0.8299228610120374,0.4383487662956241,0.13631831491477125,0.29366495804761494,0.778907249822214,1.8761972998904755,1.2368980085119463,0.2623390261224531,0.25611327426028496,2.7924284507292496,0.03147655184552016,,,,,,
Brown leg FF3-hedged,legs,last12,FF5,12,6,6,-0.04033011780078698,0.0989777172513295,0.4358525827344791,0.6781877869105183,0.6629436901006203,0.3514880865970058,-0.21025867733845577,-0.9092974348687656,0.3982460656128152,0.2723857800466185,1.029377789554031,0.3429988492853045,-1.0568726380131828,-1.9415358311523248,0.10022825279479067,,,,,,,-0.11396591876663908,-0.6172208749377494,0.559767632721739,1.1850762175295972,3.0549239293616997,0.022370146191784002
Brown leg FF3-hedged,legs,last12,FF5+UMD,12,7,5,-0.04033011780078698,0.20804530087144568,1.185317029596058,0.2891511274495579,0.23589212277655447,0.5328469727694112,-0.4742203626923255,-2.300634088176442,0.06971726250937998,0.36163779826489717,1.1748686575915175,0.2929467881388859,-1.4862058998710965,-3.1972766135434716,0.0240683199372666,,,,0.43550111515012513,4.365712556383608,0.007251211996052238,0.2390514837515433,2.4278930192551456,0.05953507988972989,1.236233499721504,3.3867333044989976,0.0195305624602711
Brown leg FF3-hedged,legs,last12,FF5+UMD+BOND,12,8,4,-0.04033011780078698,0.19503262154869508,1.399505660713392,0.23423747795509106,0.161661402035165,0.6107635406567757,-0.4317372641288917,-1.6688373567550756,0.17047370622952313,0.10414417528933895,0.22618715900541528,0.8321437826549563,-1.201988421736861,-2.1172630320057997,0.1016549564595031,1.3561910343831354,1.4666054079304216,0.21637335643160208,0.4073647297826449,5.565312203634622,0.00510566912158305,0.22419148596521105,2.461327571771874,0.06959204826131762,1.1362493873841675,5.212236231941882,0.006461716740891783
Original | Short Brown hold 3m,team,full_live_1999,CAPM,329,2,327,7.493602961641506e-05,0.001034646775720857,0.1326720307917725,0.8945343650849655,0.8944527634822675,0.0028698083272811203,-0.012032224996507896,-0.9412988120298164,0.34724660172844096,,,,,,,,,,,,,,,,,,
Original | Short Brown hold 3m,team,full_live_1999,FF3,329,4,325,7.493602961641506e-05,0.001347406275222945,0.17326254508999497,0.8625529222239735,0.8624450630726829,0.0054640305984852144,-0.013190102658645734,-0.977127087928936,0.3292329949086249,0.0026616543631645326,0.12955528003734182,0.8969984294664065,-0.01454803236653561,-0.6534392885341461,0.5139351373544602,,,,,,,,,,,,
Original | Short Brown hold 3m,team,full_live_1999,FF3+BOND,329,5,324,7.493602961641506e-05,0.0023330028582365676,0.30808185902994456,0.7582180104444611,0.7580200447205221,0.011395671233870752,-0.015228746005070626,-1.1424688406847225,0.2541027354242417,0.0013198884836267237,0.06346891402797246,0.9494322503347915,-0.01791676776040071,-0.7800712802518185,0.43591840224561434,-0.04403048975294575,-1.3117884880172053,0.19052021764839416,,,,,,,,,
Original | Short Brown hold 3m,team,full_live_1999,FF3+UMD+BOND,329,6,323,7.493602961641506e-05,0.00105723057776041,0.14089165402852677,0.8880433604192984,0.8879555354991701,0.018515721958113796,-0.00791521946538467,-0.5612211059234276,0.5750359614781673,-0.0007458512217409646,-0.03413515465408458,0.972790459948747,-0.011601584806530764,-0.5519575393829649,0.5813591297630163,-0.043124699767642036,-1.3180918737481422,0.18840688372342154,0.0182510507673641,1.4846390597206638,0.13861469280169142,,,,,,
Original | Short Brown hold 3m,team,full_live_1999,FF5,329,6,323,7.493602961641506e-05,0.0028924925265246416,0.36468073442463245,0.7155883854765502,0.7153497413487768,0.00972948789628958,-0.017452338045172773,-1.1158303211999205,0.26532421251240107,-0.010028864324407324,-0.4454133302225245,0.6563194543212924,-0.005126117492920783,-0.16228935867840924,0.8711794709644121,,,,,,,-0.028589586524880632,-1.3916567865862213,0.16498397138639503,-0.0014063325864879309,-0.035604683860753404,0.9716195668266129
Original | Short Brown hold 3m,team,full_live_1999,FF5+UMD,329,7,322,7.493602961641506e-05,0.0017573631187995848,0.22018644830161885,0.8258654819927556,0.825725950343517,0.017292822382415585,-0.010670604565889145,-0.6373140307147489,0.5243731871860727,-0.011839242037512042,-0.5067873497416039,0.6126508872087583,0.004434212103279354,0.14788752384126655,0.8825240960291556,,,,0.01894620956189596,1.5581738878671854,0.1201743102891135,-0.028527677805501275,-1.3512964942932626,0.17754909719498835,-0.008024045425447098,-0.20798908533849428,0.8353689784492537
Original | Short Brown hold 3m,team,full_live_1999,FF5+UMD+BOND,329,8,321,7.493602961641506e-05,0.0023670841547443642,0.3026255979938952,0.7623712097777453,0.7621752043077836,0.021675411559142654,-0.011736332825794588,-0.7097276454343943,0.4783882646541889,-0.011209631849636918,-0.47949544226421614,0.6319127249302906,-0.0005715310876845399,-0.018707339375450945,0.9850861956348461,-0.03829193803139434,-1.1546785692059773,0.2490809383643353,0.018581515233195414,1.555740668573641,0.12075511495490776,-0.024275225164299495,-1.1328636495580646,0.2581169665656812,-0.006044196853562103,-0.15460956324583375,0.8772262947136841
Original | Short Brown hold 3m,team,post2010,CAPM,199,2,197,0.0006961116128839086,0.0011908733627369595,0.12410862758897559,0.9013558075508501,0.9012292671483961,0.0003037006678447973,-0.003797814765041851,-0.23408747150589412,0.8151601654661008,,,,,,,,,,,,,,,,,,
Original | Short Brown hold 3m,team,post2010,FF3,199,4,195,0.0006961116128839086,0.0010154581739497096,0.10895036820834246,0.9133538875015659,0.9132418563335222,0.030496331495179607,-0.003565917893715992,-0.22257998929088973,0.8240953728958674,0.004608350738084724,0.1367781063708081,0.8913473020865735,-0.050528082208851625,-2.3366050121792226,0.020475049491307906,,,,,,,,,,,,
Original | Short Brown hold 3m,team,post2010,FF3+BOND,199,5,194,0.0006961116128839086,0.0018885572143265495,0.2072299042830365,0.8360476722031285,0.8358303139418349,0.04615031221859078,-0.005909362792507597,-0.3671585125993618,0.7139009744370789,0.0015730231682693453,0.04630855613493792,0.9631119543746972,-0.06451925351652052,-2.8296261468888213,0.005150454736415948,-0.07405632492670172,-2.078060824447769,0.03901984979563688,,,,,,,,,
Original | Short Brown hold 3m,team,post2010,FF3+UMD+BOND,199,6,193,0.0006961116128839086,-0.00044916080612670086,-0.05130111355878356,0.9591386369484498,0.9590855807831818,0.06822118213697459,0.00153136132930916,0.10487493316833797,0.9165839606152092,0.00922801110759206,0.26209992122663683,0.7935239377443992,-0.05043168081723086,-2.2020590668454374,0.02884593314902266,-0.06260794374500245,-1.833927744712941,0.06820466065235038,0.041434525670220664,1.7780843584318717,0.07696446062144127,,,,,,
Original | Short Brown hold 3m,team,post2010,FF5,199,6,193,0.0006961116128839086,0.0009231080410309093,0.10427022478278068,0.917063182516275,0.9169549062668976,0.04896721515476321,0.001877504978453245,0.13827287396697857,0.8901689234597852,-0.01615849083066543,-0.5400395517228442,0.5897923409428625,-0.06561754901194922,-2.1555532503543993,0.0323565507952693,,,,,,,-0.04937349577836385,-1.96253743277457,0.05113717111479688,0.05525051844363048,1.0235790201421506,0.307315407207669
Original | Short Brown hold 3m,team,post2010,FF5+UMD,199,7,192,0.0006961116128839086,-0.0010904173431150446,-0.12415763558929,0.9013203500943123,0.9011904645316376,0.06548877044734935,0.007006992736058848,0.5104074527925211,0.6103523354101906,-0.005328579824091785,-0.16221202186831618,0.871309476961272,-0.05235083323129899,-1.7515929582180978,0.08144052852659604,,,,0.03707432201491622,1.5870219073481362,0.11415316884116589,-0.035657758514852214,-1.3471079789506102,0.1795331985530041,0.041074844905234234,0.7917571127734403,0.42947938861119506
Original | Short Brown hold 3m,team,post2010,FF5+UMD+BOND,199,8,191,0.0006961116128839086,-0.000276126626858214,-0.032285301372888035,0.9742782434252424,0.9742445309002963,0.07814909054062535,0.004841342427952362,0.35278743487251024,0.7246368153894452,-0.006162567675314746,-0.1878794129556592,0.8511706310250292,-0.07136976841942655,-2.4843059982775633,0.0138409178460596,-0.06832707259996118,-2.189990358350914,0.02973627912583356,0.03268575198916109,1.4601047696837977,0.14590415396491482,-0.031484574041994055,-1.186449587815257,0.2369184994198139,0.05203465356967485,1.0289054406440306,0.3048253055106216
Original | Short Brown hold 3m,team,validation,CAPM,151,2,149,0.013054592949737646,0.014159387892404006,1.4922882848010919,0.13773790099370262,0.13562358659045542,0.0016129978252790167,-0.008460838067404094,-0.4531663922761772,0.6510881640881758,,,,,,,,,,,,,,,,,,
Original | Short Brown hold 3m,team,validation,FF3,151,4,147,0.013054592949737646,0.013288321956832546,1.4682782764671576,0.14416520336921174,0.14202864927086709,0.031528209581950795,-0.007536839476691206,-0.3883615314657353,0.6983103787326206,0.008514318858526338,0.18545463222733408,0.8531281054617246,-0.04906717113068352,-2.0235462092996936,0.04482891612696045,,,,,,,,,,,,
Original | Short Brown hold 3m,team,validation,FF3+BOND,151,5,146,0.013054592949737646,0.016124987220773525,1.8967543596060317,0.05983544117330702,0.057860365559230145,0.05957137475916208,-0.012917197541607809,-0.64292588663262,0.5212806247470213,-0.002184027168465351,-0.04663204577629856,0.962870215572718,-0.0755209593000153,-2.772854476507621,0.0062819265281183765,-0.10713953688020883,-2.2375543113758116,0.026764541229562875,,,,,,,,,
Original | Short Brown hold 3m,team,validation,FF3+UMD+BOND,151,6,145,0.013054592949737646,0.011527186506655362,1.3468322376803918,0.18013554340137233,0.17803426948450984,0.11597742073266071,0.004119120704269968,0.2216541355064047,0.8248949949778314,0.008762839003162487,0.18898997012915655,0.8503649483589838,-0.04061458837678156,-1.568850421534566,0.11886248905375668,-0.07668927162107791,-1.7697807224276558,0.07886553833810081,0.07301893371846835,2.3143230244371185,0.022054399134178455,,,,,,
Original | Short Brown hold 3m,team,validation,FF5,151,6,145,0.013054592949737646,0.012894278649130723,1.6033771410785507,0.11102748511554182,0.1088514146600771,0.07291347598796072,0.003629426706874085,0.22606672040910858,0.8214678785370845,-0.025425625465263273,-0.6359289565459131,0.5258251828648803,-0.07520625028054435,-2.3552958473987133,0.019847570748209583,,,,,,,-0.07958012575864358,-2.4386768156066627,0.015949584191468223,0.08795472129684974,1.53401789355793,0.12720430465424154
Original | Short Brown hold 3m,team,validation,FF5+UMD,151,7,144,0.013054592949737646,0.009715989284038606,1.1866747288237949,0.23731002866260376,0.23535594682896366,0.12502086638727306,0.015635181022372904,0.9331743703005037,0.35229200274579003,-0.013461913644453911,-0.32103281301751757,0.7486509774173581,-0.040905877915758955,-1.1444032609804602,0.25435510133044337,,,,0.07049478292871005,2.1694650956748958,0.03168816069323908,-0.06794627555542469,-2.245368791745435,0.026267820823813553,0.06104194968738253,1.038675557986965,0.30069656792190763
Original | Short Brown hold 3m,team,validation,FF5+UMD+BOND,151,8,143,0.013054592949737646,0.011446008410458095,1.4385452429010668,0.15246446569952932,0.15027941010068588,0.13736174879905916,0.01096654624402566,0.6407873999630164,0.5226863750815415,-0.017367287351519503,-0.40905030579966867,0.6831147267023286,-0.06460598697192024,-1.9875209287325766,0.04877461819043611,-0.07429931461017193,-1.7802138682587711,0.07716453595990909,0.06343907057825308,2.0384425039203546,0.043348508470574636,-0.055760523208994064,-1.9297459348835406,0.05561825052866706,0.06843171360656419,1.1644291914065439,0.24618907966245218
Original | Short Brown hold 3m,team,holdout,CAPM,48,2,46,-0.03818161092596849,-0.039647908890738576,-2.068941784702551,0.04419759254577948,0.03855154990975184,0.0025716779195591455,0.011338085944481671,0.3853934890256512,0.7017223598646991,,,,,,,,,,,,,,,,,,
Original | Short Brown hold 3m,team,holdout,FF3,48,4,44,-0.03818161092596849,-0.04034299331095777,-2.1873481288473444,0.034075061077345835,0.028717119754894712,0.029295024629449773,0.014219857064711409,0.4605380513868336,0.6473981912014594,-0.028704895044432046,-1.0676134788549854,0.29151766916211524,-0.03396219249694904,-1.2642227023208397,0.21280634192356984,,,,,,,,,,,,
Original | Short Brown hold 3m,team,holdout,FF3+BOND,48,5,43,-0.03818161092596849,-0.04442789403040168,-2.2524103797867054,0.029455680117457368,0.024296350389802226,0.053529849453503586,0.021324249183989754,0.662666720692483,0.511080602084574,-0.02850130014199967,-0.9711107095273943,0.3369242951029214,-0.03333736805771699,-1.1760071091633606,0.24606201315028262,-0.08574899909056301,-1.5003875781098261,0.14082150901254734,,,,,,,,,
Original | Short Brown hold 3m,team,holdout,FF3+UMD+BOND,48,6,42,-0.03818161092596849,-0.044333434858115306,-2.3097614478207897,0.025887179166071073,0.02090136475967394,0.059262510520683764,0.02210684789896306,0.6357672004451386,0.5283774280818541,-0.036050202608608015,-1.1714029586199002,0.24803962985072647,-0.03247794259206883,-1.2410707729460593,0.22146698004954324,-0.0921443369395256,-1.4775558297419278,0.14698686647149586,-0.01754479726088097,-1.0071289463808992,0.3196401127200512,,,,,,
Original | Short Brown hold 3m,team,holdout,FF5,48,6,42,-0.03818161092596849,-0.044331352951204654,-2.033381116740659,0.04836467121153269,0.04201403361775429,0.057516484319921624,0.012762481395837693,0.4134708751431435,0.6813652898780891,-0.050817716368415845,-1.4136862764470113,0.16482364118253495,0.025537154107692233,0.4764984704988143,0.6361890324178513,,,,,,,-0.019298699240916473,-0.6955847006950215,0.4905200546671577,-0.07524813485680394,-0.746473415275328,0.4595397388343696
Original | Short Brown hold 3m,team,holdout,FF5+UMD,48,7,41,-0.03818161092596849,-0.044074533875814594,-2.0642364955541797,0.045361179094394646,0.03899529879703437,0.06503645165125826,0.012958046931676622,0.3999391990043783,0.691277406994603,-0.06712479438445002,-1.6023123516557534,0.1167640605795719,0.031190846950716517,0.5413214764290438,0.591215504330285,,,,-0.022537872678884824,-1.1187522722386491,0.2697578082451267,-0.03383643475669422,-1.1042369047085847,0.27592900072669174,-0.0691110525697094,-0.7001321088656098,0.48779880230702405
Original | Short Brown hold 3m,team,holdout,FF5+UMD+BOND,48,8,40,-0.03818161092596849,-0.04736560771896023,-2.144808739138879,0.03809516630684146,0.03196814219696281,0.0887229296494143,0.02010584144706689,0.5838755057542876,0.5625824264493428,-0.0706383552087633,-1.8148790137047652,0.07704631849810313,0.023452834322359194,0.4176776855364176,0.6784164043988047,-0.08948500881045963,-1.4534299541703266,0.15390560052537283,-0.03179946575437806,-1.5240063768296876,0.13537515301896336,-0.045315186573881706,-1.453728181472597,0.1538232826143964,-0.047164808754926374,-0.48143195307053716,0.6328329498180816
Original | Short Brown hold 3m,team,covid,CAPM,24,2,22,0.059372232325533944,0.07249314738123679,2.825099038430115,0.009856653520597433,0.004726600394347924,0.07675309467631763,-0.0560004910614719,-2.0636735457235154,0.05104182385511677,,,,,,,,,,,,,,,,,,
Original | Short Brown hold 3m,team,covid,FF3,24,4,20,0.059372232325533944,0.060312819402317294,3.207329862508734,0.004421608040461732,0.0013397328066997462,0.236402834968913,-0.05256812507705581,-1.6186050968734573,0.12119496974622423,0.10996894913698876,1.1215280236935607,0.2753487822523878,-0.0878589584834226,-5.0089307839269575,6.733401417036435e-05,,,,,,,,,,,,
Original | Short Brown hold 3m,team,covid,FF3+BOND,24,5,19,0.059372232325533944,0.06151864211021023,3.0680716680638263,0.0063294869795397,0.0021544494157553808,0.2376319222756168,-0.05497336985558795,-1.4295834787221586,0.16907421263796912,0.10693099061095476,1.1844115304231893,0.2508554934525982,-0.09602055414809646,-4.385652826643293,0.00031792647009749956,-0.03671688846928886,-0.3139109892568664,0.7570090991230675,,,,,,,,,
Original | Short Brown hold 3m,team,covid,FF3+UMD+BOND,24,6,18,0.059372232325533944,0.046531837487119476,1.830429122981759,0.08379496324965567,0.06718579618706509,0.567053876056294,0.008879603897946772,0.25082943659204915,0.8047868692102799,0.19316676219112097,4.293865092373825,0.0004370010829610416,0.00828065278286047,0.2110590406773584,0.8352122484463821,0.10351063316519338,0.595193872597899,0.5591231563077679,0.20111709940489728,4.741702586031274,0.00016287954307249027,,,,,,
Original | Short Brown hold 3m,team,covid,FF5,24,6,18,0.059372232325533944,0.06311245482593472,3.3461889398800477,0.0035950942481154068,0.0008193054771697466,0.4691923675020586,0.0013476987026279,0.03927236399673544,0.9691055472647818,-0.006532427580976219,-0.11845395936520788,0.9070198742858546,-0.12141684460372545,-5.615790515658708,2.4987441093917563e-05,,,,,,,-0.13150108776312996,-2.776498765498031,0.012447453669083843,0.29200621656153475,5.028605346929807,8.727148929485032e-05
Original | Short Brown hold 3m,team,covid,FF5+UMD,24,7,17,0.059372232325533944,0.04378492086186537,2.062940344873558,0.05473716754321446,0.03911829634592913,0.6794341095585359,0.012647519446085406,0.5334946758145189,0.6005976092878373,0.16891414751116876,2.69546742307629,0.015319274156626194,-0.10855066379942493,-3.0173025515812912,0.00776284475205523,,,,0.1831475329382289,3.9470851269976084,0.0010398885449172234,0.004126956585187705,0.06287384486726118,0.950600312355269,0.22841573083044575,3.6883615999879495,0.001823333993003305
Original | Short Brown hold 3m,team,covid,FF5+UMD+BOND,24,8,16,0.059372232325533944,0.04449204456150489,1.8999291794243396,0.07561900745935844,0.05744241415686275,0.6797670966396994,0.011308048563790647,0.4222897545045193,0.6784335469340952,0.16556900368605726,2.6943944409766725,0.01595408186879562,-0.11388163042036412,-3.8230280668141763,0.001498158547207673,-0.020684432849371742,-0.17238241351984324,0.8652985378546899,0.18082379285243713,3.6183526432988904,0.002307971339919831,0.003125790353891683,0.047653776776787046,0.9625819350871444,0.23199289667917922,4.53503623165955,0.0003381524000465049
Original | Short Brown hold 3m,team,inflation_rates,CAPM,36,2,34,-0.010422559844970742,-0.009135972807548954,-1.4736478736230878,0.14977542107515787,0.1405764244357659,0.032569894748722183,-0.02245352595849562,-1.6740666189232136,0.10329412921819771,,,,,,,,,,,,,,,,,,
Original | Short Brown hold 3m,team,inflation_rates,FF3,36,4,32,-0.010422559844970742,-0.009849114434731288,-1.3433114549879837,0.18862081194551655,0.17917114446155946,0.0480776429884473,-0.020150450342080323,-1.28014546269679,0.20969651713730342,-0.01886316903582673,-0.6861839748304992,0.49753919325868445,-0.011868633576936013,-1.0330030838905266,0.30934676039065384,,,,,,,,,,,,
Original | Short Brown hold 3m,team,inflation_rates,FF3+BOND,36,5,31,-0.010422559844970742,-0.009709757570274424,-1.053518825587277,0.30024589302486454,0.29210327083925947,0.04809778900909367,-0.02045154719674706,-0.9303512828866857,0.35937806396066874,-0.018888321003185465,-0.6979054101019609,0.4904384550065922,-0.011738588692236932,-0.9381486756029528,0.355420333386636,0.0015380706917286838,0.035324739760190474,0.9720472823062661,,,,,,,,,
Original | Short Brown hold 3m,team,inflation_rates,FF3+UMD+BOND,36,6,30,-0.010422559844970742,-0.00967724533754678,-1.061497636873377,0.29693489411573387,0.28846380628491,0.048567722747085984,-0.02095098904002756,-0.9351324172406195,0.3571868363821031,-0.020822183496020517,-0.8266463242101312,0.41496420752096186,-0.01156029302078252,-0.9397692468468704,0.3548416212957068,0.0004989746322709154,0.011355018919907714,0.9910153776206255,-0.004005516939406055,-0.42950753329799557,0.6706230677468892,,,,,,
Original | Short Brown hold 3m,team,inflation_rates,FF5,36,6,30,-0.010422559844970742,-0.008806648674647736,-1.1449007122355503,0.26130246617639485,0.25225028892029877,0.12451028654308383,-0.021333801889459575,-1.41070934897175,0.1686162449789539,-0.05845336235557312,-2.0253128004361374,0.051812486952426365,0.03141827621659307,1.479205312270875,0.14951024979577263,,,,,,,-0.07635482173569733,-1.2093875247909625,0.23595879518548232,-0.04763888860900461,-1.946507358533025,0.06101175318147352
Original | Short Brown hold 3m,team,inflation_rates,FF5+UMD,36,7,29,-0.010422559844970742,-0.0086513361624864,-1.0841112264568347,0.2872466052234645,0.2783154857959187,0.12478083334061907,-0.021806975249401575,-1.3497079730430102,0.1875521296805635,-0.05968756799436094,-2.0743683137278346,0.047026821853474995,0.031146520701529477,1.4536396217075598,0.15678346183746467,,,,-0.0030823958532246727,-0.22007363466544314,0.8273556962115428,-0.07675747717073339,-1.1986780960944567,0.2403569943548469,-0.0463697559184583,-1.7927347263902567,0.08345328564399171
Original | Short Brown hold 3m,team,inflation_rates,FF5+UMD+BOND,36,8,28,-0.010422559844970742,-0.008725579798127409,-0.9525528746365123,0.3489678750269223,0.3408166638681691,0.12478835120545095,-0.02162469846677987,-0.9666231334324416,0.34200793691291426,-0.05968048387319165,-2.0697283923852012,0.04781722468392361,0.03095847727964164,1.3983805923402355,0.1729773124425387,-0.0009729776154304148,-0.026788825376732196,0.978818186988437,-0.003174916239421819,-0.2507310035600544,0.8038528818556113,-0.07686001249304897,-1.2637041436983907,0.21675661679883268,-0.046173945292777116,-1.7938032728695545,0.08365178966176261
Original | Short Brown hold 3m,team,last18,CAPM,18,2,16,-0.08097250944597449,-0.09314801337926448,-3.683614082964465,0.0020107609991384507,0.00022995029787137384,0.11183733080843272,0.10260256123559,3.5817841487430773,0.0024933422580060544,,,,,,,,,,,,,,,,,,
Original | Short Brown hold 3m,team,last18,FF3,18,4,14,-0.08097250944597449,-0.1082154598105042,-4.748921557814469,0.0003110823699832507,2.0450423813489905e-06,0.13727301221538468,0.14464964309702139,2.3224491100334133,0.03579195272694427,-0.07106300187988114,-1.2584422506355106,0.2288143259062573,0.07257424238716749,1.0741403817511943,0.30092498888833397,,,,,,,,,,,,
Original | Short Brown hold 3m,team,last18,FF3+BOND,18,5,13,-0.08097250944597449,-0.10828511879828495,-4.713797334434968,0.00040500558594200493,2.431425006171954e-06,0.1874774498074716,0.1339140059042747,2.0618298699396056,0.059806172675949995,-0.10110347570624406,-1.2281537555158244,0.2411614885902546,0.09431799948512255,1.550140419761377,0.1451027011731359,-0.34236250247433925,-1.360839112983571,0.19669041019588362,,,,,,,,,
Original | Short Brown hold 3m,team,last18,FF3+UMD+BOND,18,6,12,-0.08097250944597449,-0.10458396404541896,-5.372247403102994,0.0001674474830363101,7.77613170821638e-08,0.2214775768900582,0.14850067988120474,2.5267289607486134,0.02657865722510249,-0.07535921360870074,-0.8666508726302046,0.4031297570942883,0.07640789992107372,1.3533507442339885,0.20088816189446945,-0.29780130260024046,-1.2490118858689814,0.23547656798977173,-0.052976562498564646,-1.5722952178194998,0.14186364512741967,,,,,,
Original | Short Brown hold 3m,team,last18,FF5,18,6,12,-0.08097250944597449,-0.11462244190591064,-3.5073080528500684,0.004323285030725753,0.0004526647926703551,0.19343853253881338,0.15721564881271455,1.877111248062411,0.0850200379123176,-0.06664809380108594,-0.8957047130009151,0.3880250868045228,0.18516589009721598,2.025382797771526,0.06566002097997636,,,,,,,0.0036257422003058183,0.11223763560197283,0.9124906300941477,-0.14755396937306858,-0.8653438839639989,0.4038184840954541
Original | Short Brown hold 3m,team,last18,FF5+UMD,18,7,11,-0.08097250944597449,-0.12017758949509783,-3.7332752888205256,0.0033045869188958613,0.00018900582068602325,0.30896407523832425,0.1854866877558511,3.1908204926184074,0.008593970988731396,-0.05686576365392175,-0.5962013447949681,0.5631083064257574,0.20879797227461702,1.817298506824547,0.0964865031398371,,,,-0.11806474428618097,-1.9080330465828452,0.08281621781053108,-0.07596273328573952,-1.1374202279091272,0.2795320556104888,-0.16406070909296533,-0.928834670775368,0.3729083232448659
Original | Short Brown hold 3m,team,last18,FF5+UMD+BOND,18,8,10,-0.08097250944597449,-0.12415518298211177,-3.5836959555494787,0.004981005918624796,0.0003387664005342702,0.3758629848147851,0.17307669077171936,2.8453954326690383,0.0173868061188022,-0.10095681637175527,-0.9021365053761077,0.3881969856778761,0.2641645498854165,2.517545233913127,0.030515454938268,-0.40884704798148824,-2.6447461593075534,0.024533299956314605,-0.11841599074109946,-2.321607999393253,0.04265576480811338,-0.09590683770737332,-1.8301543189093734,0.09715125795685574,-0.1699794048678152,-1.1176394223658632,0.28985229709299637
Original | Short Brown hold 3m,team,last12,CAPM,12,2,10,-0.08844939957011083,-0.10012319023955119,-2.7341450774766467,0.02104315949056123,0.006254248111488811,0.04713406644221785,0.08012210480055168,2.4414992760924608,0.03475970132488327,,,,,,,,,,,,,,,,,,
Original | Short Brown hold 3m,team,last12,FF3,12,4,8,-0.08844939957011083,-0.11312000107191376,-2.6839692479521124,0.02775476013360494,0.007275379793272947,0.05157847055696796,0.10446067212739316,1.3911885593775846,0.20163564982072094,-0.04587813562855178,-0.41707667263218123,0.6875894428326841,0.06092599458670915,0.39449810767293664,0.7035215840973912,,,,,,,,,,,,
Original | Short Brown hold 3m,team,last12,FF3+BOND,12,5,7,-0.08844939957011083,-0.11292994493997138,-4.251654449468961,0.0037853876449223064,2.1219709293240798e-05,0.13988967240015537,0.09417537233254052,1.0688948003575292,0.3205852507177631,0.0640234257657153,0.32091797220345697,0.7576412217068168,0.00975144789481467,0.055989668676499606,0.9569146373566763,-0.5487708260092203,-0.9778419166874095,0.36072870822251113,,,,,,,,,
Original | Short Brown hold 3m,team,last12,FF3+UMD+BOND,12,6,6,-0.08844939957011083,-0.10145205917308905,-3.351339052537459,0.015393815158789374,0.0008042177196744106,0.1976492301668472,0.1196942444416338,1.2964615720081798,0.24244393485501387,0.18898183569627133,0.5810603895634535,0.5823527767532303,-0.06408274682311137,-0.28028649663827954,0.7886707767389236,-0.5569510168341142,-0.973768780939984,0.367778178618464,-0.07640909369093492,-1.9089584940577096,0.10485923427455424,,,,,,
Original | Short Brown hold 3m,team,last12,FF5,12,6,6,-0.08844939957011083,-0.15066193061799288,-1.5093552137357267,0.18194547978724718,0.13120803175480727,0.3494862955328588,0.051217657467532186,0.5247913880303712,0.6185450029014933,-0.026647638067435524,-0.12878101175125634,0.9017392806351426,0.4107868583107147,1.0770295097918836,0.3228537559552596,,,,,,,-0.0050557725557809005,-0.08280338454434703,0.9367012336894422,-0.46645343193800354,-2.2776760308076085,0.06300035134295964
Original | Short Brown hold 3m,team,last12,FF5+UMD,12,7,5,-0.08844939957011083,-0.19337494012123715,-2.44962373351947,0.05796322073499015,0.014300556616176376,0.5429164932123107,0.15459024170192612,2.1136507091779397,0.08821262592329092,-0.061600482678159166,-0.21287393854555925,0.8398322403651984,0.5789222023343604,1.8497221405808204,0.1235928677203943,,,,-0.1705507966039692,-2.490103060801716,0.05515412709010248,-0.14330432604980678,-2.6719614086186323,0.04424432201526708,-0.4864876291568007,-3.0712666504339166,0.027743788552269628
Original | Short Brown hold 3m,team,last12,FF5+UMD+BOND,12,8,4,-0.08844939957011083,-0.18999235514672963,-2.699516487084888,0.054121424990538035,0.006944031499582221,0.579530753479033,0.1435469594303071,1.6026112640188115,0.18428145554357553,0.0053337772467609845,0.014981615204391487,0.9887643139728566,0.5050412015670207,1.4007307680946581,0.23389847032022357,-0.3525355003135953,-1.081792056467211,0.3402047303707952,-0.16323687515701601,-2.8619712825624695,0.04583820469451506,-0.1394415393026242,-3.016530089721294,0.039297062867974804,-0.4604972279724382,-3.4467635623177353,0.026131622042247893
Pure | Short Brown hold 3m,team,full_live_1999,CAPM,329,2,327,0.00034060282524959936,0.0015170257268379782,0.19666397859819293,0.8442126713199043,0.8440905004517177,0.003890642657190191,-0.01474922011701182,-1.1552778011350038,0.24882015110329372,,,,,,,,,,,,,,,,,,
Pure | Short Brown hold 3m,team,full_live_1999,FF3,329,4,325,0.00034060282524959936,0.0017396235636183792,0.22417239911943787,0.8227640189173462,0.8226231592695434,0.004992398378977025,-0.015410394152267259,-1.1328404747869647,0.2581162889405173,0.0010393655977255015,0.0439327618550527,0.9649849799249859,-0.010161844761893263,-0.45868412470763337,0.646767600486466,,,,,,,,,,,,
Pure | Short Brown hold 3m,team,full_live_1999,FF3+BOND,329,5,324,0.00034060282524959936,0.002532116202740392,0.33438345423965715,0.738306568736053,0.7380902231790625,0.008452502397541362,-0.01704961437043889,-1.2730990215167697,0.20389559604529667,-3.951353120516983e-05,-0.001652966564725326,0.9986821413579606,-0.012870557483506854,-0.5693852285597387,0.5694892630734371,-0.03540377435101602,-1.067120097495769,0.2867120883255988,,,,,,,,,
Pure | Short Brown hold 3m,team,full_live_1999,FF3+UMD+BOND,329,6,323,0.00034060282524959936,0.0005027426227915805,0.06589613761924516,0.9475012824794912,0.9474605156346134,0.02470735350139086,-0.00541597272213962,-0.34265315885508046,0.732082282098122,-0.0033254899121622807,-0.13384637602533075,0.8936074099047302,-0.0028249830222530827,-0.13996686394311988,0.8887734089289029,-0.033962932365899784,-1.062938225469394,0.28860400573311534,0.029031983842578372,1.6799046943182667,0.09394274221354838,,,,,,
Pure | Short Brown hold 3m,team,full_live_1999,FF5,329,6,323,0.00034060282524959936,0.004112076267553503,0.5146643350705308,0.607139582705113,0.6067875998426816,0.01514301367778259,-0.02143371999194895,-1.3295734989409862,0.18459705830650575,-0.020903445847341422,-0.7319251292189114,0.4647449826762918,0.003701849642373748,0.1131087011610309,0.9100146428903054,,,,,,,-0.04593600649681922,-1.7761706718103,0.07664610067343992,0.0029227526398040746,0.0767187556013542,0.9388947822421407
Pure | Short Brown hold 3m,team,full_live_1999,FF5+UMD,329,7,322,0.00034060282524959936,0.0023323798256885005,0.28621474954706827,0.7748977003379534,0.7747136475740811,0.031917014072496475,-0.010801075942186798,-0.6076546813468546,0.5438448270375061,-0.023741820707967494,-0.8096377738285616,0.418746276542326,0.018690875959217458,0.5688198916069441,0.5698748881236108,,,,0.029704544270164848,1.7602479150885688,0.07931516294744408,-0.04583894379467262,-1.7175099700917933,0.08684748568330877,-0.007452733989851392,-0.19070468197761611,0.8488771493574788
Pure | Short Brown hold 3m,team,full_live_1999,FF5+UMD+BOND,329,8,321,0.00034060282524959936,0.0027413617201396557,0.34194863036033324,0.732613312431367,0.732389551380622,0.03369610766731179,-0.011515933290073584,-0.6553160985350727,0.5127336060209967,-0.023319497789415215,-0.7967638675214849,0.42617708367855217,0.015333179221390313,0.46696891014075276,0.6408389154567764,-0.02568504026438788,-0.8109925972281052,0.4179708082774319,0.029459918664921567,1.7593172943645319,0.0794762615165579,-0.04298653091282474,-1.6175913761213652,0.10673287805689842,-0.006124713187024315,-0.15592032550121815,0.8761938309938581
Pure | Short Brown hold 3m,team,post2010,CAPM,199,2,197,0.0054559994061238425,0.006110735516075337,0.7129029119742935,0.476749417025403,0.4759058371242325,0.0006057369970218218,-0.005025785575215547,-0.32670272678788964,0.7442395796442147,,,,,,,,,,,,,,,,,,
Pure | Short Brown hold 3m,team,post2010,FF3,199,4,195,0.0054559994061238425,0.0065769865339610056,0.7836266243416683,0.4342099898110916,0.4332592286647433,0.02408641223869401,-0.008259446219688058,-0.5623124621749548,0.5745489748250442,0.021519304964796773,0.6594665364402931,0.5103742940045205,-0.040026490146842605,-2.0099527874389067,0.04581431112845971,,,,,,,,,,,,
Pure | Short Brown hold 3m,team,post2010,FF3+BOND,199,5,194,0.0054559994061238425,0.00724937954622561,0.8799595208810077,0.3799699733391211,0.37888123861388057,0.03466048160928881,-0.01006418531766542,-0.6763198692746826,0.4996430916980277,0.019181731615733076,0.5822253532513051,0.5610909175883967,-0.05080140271187443,-2.5764909883885294,0.010723916739694047,-0.057032424836040874,-1.6950042249660382,0.09167906894602133,,,,,,,,,
Pure | Short Brown hold 3m,team,post2010,FF3+UMD+BOND,199,6,193,0.0054559994061238425,0.00464272402378692,0.572584631881401,0.5675923835526667,0.566925967697019,0.06591411290963967,-0.0017674598557485422,-0.12997507958787277,0.8967215071218295,0.027717370393231258,0.828786803536216,0.40824883930455197,-0.03509315695551063,-1.9715242804511148,0.050092928469672914,-0.044266990438408246,-1.3937489766619044,0.16499616929592323,0.046201267309804804,2.097258292380194,0.037273118029709916,,,,,,
Pure | Short Brown hold 3m,team,post2010,FF5,199,6,193,0.0054559994061238425,0.005776153591318762,0.7258043870520944,0.4688379041441362,0.46795869711834004,0.059325759776143405,0.0002671810201027491,0.02151935774072739,0.9828535933212359,0.0035152723975912393,0.11922379653750206,0.9052220602596212,-0.076112813461956,-2.603629841204057,0.009941404944966854,,,,,,,-0.045894581931048326,-1.778914460251688,0.0768277832031629,0.09587212204266929,2.2537309146807787,0.02533748264267946
Pure | Short Brown hold 3m,team,post2010,FF5+UMD,199,7,192,0.0054559994061238425,0.003685920597046178,0.45454018407575814,0.6499535459186572,0.6494400762195975,0.07960371253980891,0.005592082627544976,0.4483030199096387,0.6544400051452567,0.014757761560735137,0.4622581669561525,0.6444195879340923,-0.062340686590005044,-2.1282287880259045,0.03459328825654658,,,,0.03848671177728097,1.668135384568394,0.09691887128929845,-0.03165632757642238,-1.1158904909141136,0.26586365529134787,0.08115640960154676,1.8912872722841358,0.060091657443991364
Pure | Short Brown hold 3m,team,post2010,FF5+UMD+BOND,199,8,191,0.0054559994061238425,0.004371654875664496,0.5497092054252081,0.5831610310612811,0.5825188419496403,0.08982946882893827,0.0037683351352543544,0.2993884532139276,0.7649692022347728,0.014055439839367936,0.43997623204008074,0.6604517795657671,-0.07835700059303205,-2.861414623377673,0.004687629827511716,-0.05753991161144188,-1.9404196191058125,0.053800947451694746,0.034790988811641776,1.5626308706931138,0.11979478855718988,-0.028141986092595418,-1.0092660437511294,0.3141239215190999,0.09038593455898786,2.141809601473062,0.03347541225043424
Pure | Short Brown hold 3m,team,validation,CAPM,151,2,149,0.014083305236023674,0.014852435283506014,1.468644361982174,0.1440373056428281,0.14192927569077626,0.0007586362222340437,-0.005890219563114147,-0.3238429926705694,0.7465110240604445,,,,,,,,,,,,,,,,,,
Pure | Short Brown hold 3m,team,validation,FF3,151,4,147,0.014083305236023674,0.014385753890025905,1.4956567091230801,0.13688692362560714,0.13474313700224685,0.030587745270516664,-0.008275839221250794,-0.4706956059194727,0.6385558049152802,0.02526916789658966,0.5653975456666294,0.5726653352100031,-0.0470711994170023,-1.9195820732501572,0.05684790575818492,,,,,,,,,,,,
Pure | Short Brown hold 3m,team,validation,FF3+BOND,151,5,146,0.014083305236023674,0.016864246587838135,1.8625865812689542,0.06452998176072407,0.0625204537087104,0.05136316123555351,-0.01297684442797172,-0.7020945331752213,0.48373799300497416,0.01592165240238255,0.3437465594193341,0.731531431803825,-0.07018479044961863,-2.648736356065109,0.008968369163796445,-0.09361152448268104,-1.9349534141712512,0.05492927585957811,,,,,,,,,
Pure | Short Brown hold 3m,team,validation,FF3+UMD+BOND,151,6,145,0.014083305236023674,0.012670368696079556,1.3887463283480375,0.16703936465749583,0.16490990108660786,0.09690604482673204,0.0025628109183243103,0.1500502714196203,0.8809334724354413,0.025906822024949604,0.5676134387896674,0.5711752854747753,-0.03834498998872546,-1.4823540467749028,0.14041620201509764,-0.06583635495949601,-1.4503397588509204,0.1491235100954973,0.06660412463318419,1.9681465445648965,0.05095860215937672,,,,,,
Pure | Short Brown hold 3m,team,validation,FF5,151,6,145,0.014083305236023674,0.013902791204802787,1.605382111648804,0.11058546983406224,0.10840973866091407,0.07707835736894009,0.004095825210659249,0.2814683026290358,0.7787525180638823,-0.01267284010323213,-0.31592431456812037,0.7525142439692674,-0.0791544497971418,-2.414440689755726,0.017005757376127688,,,,,,,-0.08750752235135338,-2.7647813825116248,0.006436639630191698,0.0986622981131221,1.8264781757837731,0.06983504613433428
Pure | Short Brown hold 3m,team,validation,FF5+UMD,151,7,144,0.014083305236023674,0.011133496902441307,1.2564407066976275,0.21099067385168868,0.20895623073380443,0.11546801777359383,0.014556630758016642,0.9655337715416831,0.335896263020277,-0.0022486668531977,-0.05363376873704342,0.9573012873876038,-0.04926798734914996,-1.3556619144398816,0.17732908899408178,,,,0.0614232306393625,1.7877284999108292,0.07592293047743569,-0.07737076279882373,-2.4821660093507716,0.014207721353571177,0.07521277023267585,1.3546914582485874,0.1776375071893381
Pure | Short Brown hold 3m,team,validation,FF5+UMD+BOND,151,8,143,0.014083305236023674,0.012596960292316462,1.4579994638046547,0.1470334193234867,0.14484069081085357,0.1240378382049181,0.01060732408592819,0.6750112344536532,0.5007585734336596,-0.005552313244610871,-0.12984160223997324,0.8968742087352258,-0.06931646046142388,-2.1693263716996447,0.03171044293324315,-0.06285151716781516,-1.4837563027003626,0.14007435282170544,0.055454639566179194,1.6727065813244475,0.09657149358327687,-0.06706255165551964,-2.295568893896741,0.023154782022939916,0.08146394329220444,1.4689677573611342,0.14403798285642064
Pure | Short Brown hold 3m,team,holdout,CAPM,48,2,46,-0.021684066850436043,-0.021384447295617948,-2.071797573204351,0.04391832437492549,0.03828432311214208,0.00021754273469110075,-0.0023167953204569908,-0.09035605237764147,0.9283965784985178,,,,,,,,,,,,,,,,,,
Pure | Short Brown hold 3m,team,holdout,FF3,48,4,44,-0.021684066850436043,-0.022082282852327818,-1.932162366285392,0.05979397253867175,0.053339468596924254,0.003717895234449764,-0.0003458758842449852,-0.012319855290934644,0.9902261186533625,-0.01207633020084575,-0.4357171249229988,0.6651721840027828,-0.0043588368170824725,-0.20085893852932557,0.8417344881336137,,,,,,,,,,,,
Pure | Short Brown hold 3m,team,holdout,FF3+BOND,48,5,43,-0.021684066850436043,-0.02447574287739298,-1.974246984053906,0.05479916988514014,0.0483536659472305,0.020574161873983754,0.0038167904099300955,0.1276604222334358,0.899012873981555,-0.011957038131405856,-0.4167653786843597,0.678923268261479,-0.0039927343287484846,-0.17265682115565972,0.8637313113913013,-0.05024278816268303,-1.138904618446468,0.26104825226827355,,,,,,,,,
Pure | Short Brown hold 3m,team,holdout,FF3+UMD+BOND,48,6,42,-0.021684066850436043,-0.024496574365489715,-1.9655204457964124,0.055989187768042376,0.049354031633042174,0.021139021776120814,0.003644200544691372,0.12314301151513485,0.9025812577630389,-0.01029224615758205,-0.368520309432658,0.7143363973784909,-0.004182267128203677,-0.17594340644388995,0.8611839967391232,-0.04883239676235163,-1.1043632875623703,0.275722501087365,0.003869229704779025,0.5012686632432468,0.6187993621430047,,,,,,
Pure | Short Brown hold 3m,team,holdout,FF5,48,6,42,-0.021684066850436043,-0.02088683232787014,-2.0319776183309606,0.048512725615473644,0.042155921823138036,0.015231214057298992,-0.00026451539942432337,-0.009360039305714352,0.9925761976728271,-0.012313492395130606,-0.4224097127571282,0.6748807001438353,-0.01779544251824971,-0.6525179340083068,0.5176228106125373,,,,,,,-0.013889832517914317,-0.5515035985309278,0.5842109686234409,0.03609271753207288,1.1340474548536084,0.26320615761304494
Pure | Short Brown hold 3m,team,holdout,FF5+UMD,48,7,41,-0.021684066850436043,-0.02091336501964918,-2.0157531281712724,0.05041145753827457,0.043825797065699085,0.015393827402560345,-0.00028471981795182184,-0.010144214795196393,0.9919554270726796,-0.010628762886002337,-0.3479477545660713,0.7296595678168102,-0.018379541224273252,-0.6613181368102222,0.5121077981473674,,,,0.002328450206576399,0.1821556756715317,0.8563582193517854,-0.01238789869535886,-0.3989600962640619,0.6919930496721299,0.035458678520371927,1.1601243152769805,0.2527093340106604
Pure | Short Brown hold 3m,team,holdout,FF5+UMD+BOND,48,8,40,-0.021684066850436043,-0.02328826541134415,-2.0905066820802602,0.04297227703945043,0.0365723087756207,0.04038278822317176,0.004873262288621167,0.16434874027600438,0.8702843072541314,-0.01316421404134024,-0.44724635103356714,0.6571097665330982,-0.023963435751678135,-0.8288587643054321,0.4121031259549994,-0.06457405473213604,-1.4513543947485734,0.1544794677125774,-0.004354888445492548,-0.33801739672920056,0.7371177732044818,-0.020671180531646002,-0.6605755304135035,0.5126711314011693,0.05129549820781605,1.5589421801694947,0.1268878931701125
Pure | Short Brown hold 3m,team,covid,CAPM,24,2,22,0.06279620143075137,0.07522811117341593,2.9410850790042784,0.007556537214504178,0.0032706468815643128,0.06839790435278603,-0.053059794036127136,-1.9464977940447301,0.06447654605494019,,,,,,,,,,,,,,,,,,
Pure | Short Brown hold 3m,team,covid,FF3,24,4,20,0.06279620143075137,0.06265021415232307,3.0858602049453787,0.005828713901807661,0.002029642217416699,0.22885948160697234,-0.04717136723847133,-1.5686639435258907,0.1324126888357702,0.10026496323487083,1.0533540171979534,0.30473910046382524,-0.09231558667552801,-5.497389252270711,2.21530665684626e-05,,,,,,,,,,,,
Pure | Short Brown hold 3m,team,covid,FF3+BOND,24,5,19,0.06279620143075137,0.06465808502017197,2.9536550176128467,0.008155849547364372,0.00314034843392904,0.2322423634235563,-0.05117645097860036,-1.4065155983314916,0.17571688610672592,0.09520631872417347,1.090620513511028,0.28907845652871517,-0.10590583511171495,-4.056061285554693,0.000674103198893364,-0.06113898024392528,-0.47542883703251054,0.6399014107437034,,,,,,,,,
Pure | Short Brown hold 3m,team,covid,FF3+UMD+BOND,24,6,18,0.06279620143075137,0.04980802245840528,1.836640553501373,0.0828341832261929,0.06626297641844343,0.5533055155943168,0.0120939177785847,0.3659814991105468,0.7186448269925413,0.18065526099266815,3.7252871438675053,0.001548914201089485,-0.0025562894850196805,-0.05703553994503684,0.9551452575234095,0.07780908250356255,0.41692146656583473,0.681665823941494,0.19928207403212583,4.711018276082198,0.00017419483886387134,,,,,,
Pure | Short Brown hold 3m,team,covid,FF5,24,6,18,0.06279620143075137,0.06672088599111944,3.152801883496694,0.005504405634773655,0.0016171151699668873,0.4434407431979541,0.007032733877808922,0.21590290104641008,0.8314911634557313,-0.02086677211629185,-0.3860151363403841,0.7040100307273344,-0.11750980798645244,-4.735928430031906,0.0001649502359997774,,,,,,,-0.13890854723711135,-2.8498121442489257,0.010636043464812756,0.2754298614589352,4.609410352470016,0.00021769850995653439
Pure | Short Brown hold 3m,team,covid,FF5+UMD,24,7,17,0.06279620143075137,0.04751614461759105,2.0642967914425308,0.05459454026746473,0.03898958505489465,0.6494953997502608,0.018260764072905878,0.8288008777347937,0.41870224186790217,0.15346514760920607,2.333546532437653,0.03215468998415117,-0.10472536920233233,-2.720934119361799,0.014525612106703637,,,,0.1819839514868922,3.873531806319928,0.0012197703992840754,-0.004142181308114806,-0.06455931717443823,0.9492779657875644,0.21224338176872004,3.2118471166118088,0.005115452712920797
Pure | Short Brown hold 3m,team,covid,FF5+UMD+BOND,24,8,16,0.06279620143075137,0.048888145425393076,1.9078856801162918,0.07451735001111656,0.056405993488348544,0.6507397561444926,0.015661848022612956,0.6428463769799282,0.5294292620462733,0.14697471314546776,2.1988570777120513,0.04294146306712925,-0.11506880771814273,-3.6041585719069857,0.002378227104736345,-0.04013308929219969,-0.309802398331734,0.7607096894490053,0.17747530147777296,3.5320372704680496,0.0027696374777603497,-0.006084699821894364,-0.09473640146946713,0.9257005133258986,0.21918399829254143,4.099130330182209,0.0008380825422965733
Pure | Short Brown hold 3m,team,inflation_rates,CAPM,36,2,34,-0.010422559844970742,-0.009135972807548954,-1.4736478736230878,0.14977542107515787,0.1405764244357659,0.032569894748722183,-0.02245352595849562,-1.6740666189232136,0.10329412921819771,,,,,,,,,,,,,,,,,,
Pure | Short Brown hold 3m,team,inflation_rates,FF3,36,4,32,-0.010422559844970742,-0.009849114434731288,-1.3433114549879837,0.18862081194551655,0.17917114446155946,0.0480776429884473,-0.020150450342080323,-1.28014546269679,0.20969651713730342,-0.01886316903582673,-0.6861839748304992,0.49753919325868445,-0.011868633576936013,-1.0330030838905266,0.30934676039065384,,,,,,,,,,,,
Pure | Short Brown hold 3m,team,inflation_rates,FF3+BOND,36,5,31,-0.010422559844970742,-0.009709757570274424,-1.053518825587277,0.30024589302486454,0.29210327083925947,0.04809778900909367,-0.02045154719674706,-0.9303512828866857,0.35937806396066874,-0.018888321003185465,-0.6979054101019609,0.4904384550065922,-0.011738588692236932,-0.9381486756029528,0.355420333386636,0.0015380706917286838,0.035324739760190474,0.9720472823062661,,,,,,,,,
Pure | Short Brown hold 3m,team,inflation_rates,FF3+UMD+BOND,36,6,30,-0.010422559844970742,-0.00967724533754678,-1.061497636873377,0.29693489411573387,0.28846380628491,0.048567722747085984,-0.02095098904002756,-0.9351324172406195,0.3571868363821031,-0.020822183496020517,-0.8266463242101312,0.41496420752096186,-0.01156029302078252,-0.9397692468468704,0.3548416212957068,0.0004989746322709154,0.011355018919907714,0.9910153776206255,-0.004005516939406055,-0.42950753329799557,0.6706230677468892,,,,,,
Pure | Short Brown hold 3m,team,inflation_rates,FF5,36,6,30,-0.010422559844970742,-0.008806648674647736,-1.1449007122355503,0.26130246617639485,0.25225028892029877,0.12451028654308383,-0.021333801889459575,-1.41070934897175,0.1686162449789539,-0.05845336235557312,-2.0253128004361374,0.051812486952426365,0.03141827621659307,1.479205312270875,0.14951024979577263,,,,,,,-0.07635482173569733,-1.2093875247909625,0.23595879518548232,-0.04763888860900461,-1.946507358533025,0.06101175318147352
Pure | Short Brown hold 3m,team,inflation_rates,FF5+UMD,36,7,29,-0.010422559844970742,-0.0086513361624864,-1.0841112264568347,0.2872466052234645,0.2783154857959187,0.12478083334061907,-0.021806975249401575,-1.3497079730430102,0.1875521296805635,-0.05968756799436094,-2.0743683137278346,0.047026821853474995,0.031146520701529477,1.4536396217075598,0.15678346183746467,,,,-0.0030823958532246727,-0.22007363466544314,0.8273556962115428,-0.07675747717073339,-1.1986780960944567,0.2403569943548469,-0.0463697559184583,-1.7927347263902567,0.08345328564399171
Pure | Short Brown hold 3m,team,inflation_rates,FF5+UMD+BOND,36,8,28,-0.010422559844970742,-0.008725579798127409,-0.9525528746365123,0.3489678750269223,0.3408166638681691,0.12478835120545095,-0.02162469846677987,-0.9666231334324416,0.34200793691291426,-0.05968048387319165,-2.0697283923852012,0.04781722468392361,0.03095847727964164,1.3983805923402355,0.1729773124425387,-0.0009729776154304148,-0.026788825376732196,0.978818186988437,-0.003174916239421819,-0.2507310035600544,0.8038528818556113,-0.07686001249304897,-1.2637041436983907,0.21675661679883268,-0.046173945292777116,-1.7938032728695545,0.08365178966176261
Pure | Short Brown hold 3m,team,last18,CAPM,18,2,16,-0.03697905857788797,-0.04420072008745678,-2.3724581614373235,0.030546006965647743,0.017670164238012133,0.15032728341441537,0.06085669811434401,1.3156645911115132,0.2068279731946959,,,,,,,,,,,,,,,,,,
Pure | Short Brown hold 3m,team,last18,FF3,18,4,14,-0.03697905857788797,-0.0697824945803022,-4.227328946026238,0.0008444916006178423,2.3648182521907688e-05,0.4798599159408292,0.12989245506619376,2.242822371911572,0.04161307167599451,0.001608765774656306,0.0632070730440563,0.9504951989640869,0.15344223143966002,5.270174078461803,0.00011841693854980878,,,,,,,,,,,,
Pure | Short Brown hold 3m,team,last18,FF3+BOND,18,5,13,-0.03697905857788797,-0.06983002496538093,-6.065492955540823,3.9973514418679175e-05,1.3154953655750105e-09,0.5691660115590329,0.12256721268048634,2.2805612308690386,0.04007729463128159,-0.018888736908117064,-0.6795718482013079,0.5086959201693823,0.1682786392148854,5.006121276132442,0.00024034117830798256,-0.2336040487746999,-2.988501698204343,0.010467799452799556,,,,,,,,,
Pure | Short Brown hold 3m,team,last18,FF3+UMD+BOND,18,6,12,-0.03697905857788797,-0.06969907739280982,-5.951972694053257,6.693259062660875e-05,2.649295826741361e-09,0.5693286231900139,0.12308329203320342,2.339873923379649,0.03739419142805277,-0.01797789992495753,-0.5841789581728752,0.5699191505017294,0.16764497642069842,4.889448252238472,0.0003725238597143644,-0.23202746488561737,-3.121627636261015,0.008828084458988765,-0.001874321049930806,-0.21915059507169363,0.8302159812774461,,,,,,
Pure | Short Brown hold 3m,team,last18,FF5,18,6,12,-0.03697905857788797,-0.06803154735144482,-4.955883250122322,0.00033307024931638273,7.200244372282545e-07,0.5795916641905916,0.1278290713450832,3.087647375519061,0.009403347577604007,-0.022778782889509547,-1.3112996437059528,0.21429333112553908,0.1039536719452657,5.795146010843696,8.537829509233718e-05,,,,,,,-0.0029117333282007076,-0.15702518886845568,0.8778360289010659,0.09982278250646295,4.648974968574127,0.0005614382722435932
Pure | Short Brown hold 3m,team,last18,FF5+UMD,18,7,11,-0.03697905857788797,-0.06790896318276986,-5.000756858633058,0.00040204968110798254,5.710569238317272e-07,0.5798065987422217,0.12720522080812094,3.1766174455755842,0.00881410526880655,-0.022994647326870128,-1.27732913632823,0.22778763214969586,0.10343218820405739,6.645772748040958,3.631824975987876e-05,,,,0.0026053076530870084,0.13321985612518605,0.8964254040347646,-0.0011554726804095146,-0.04020090280163966,0.9686533300936835,0.10018703294870766,5.024538737745732,0.0003872671127425484
Pure | Short Brown hold 3m,team,last18,FF5+UMD+BOND,18,8,10,-0.03697905857788797,-0.07024731232299466,-6.641501984343513,5.770294286659266e-05,3.1050257151859573e-11,0.6681446083666132,0.11990962716015818,3.1463462020396453,0.010397353127784026,-0.04891491181617862,-3.7887707031096016,0.003550531872367309,0.13598111246594718,5.190860824747497,0.00040663460261009644,-0.24035315480383082,-2.3040512205457366,0.04395023163360485,0.002398816756380983,0.20642432924389761,0.840601721862764,-0.012880220214097828,-0.5884507820779384,0.5692813300899895,0.0967075478727298,3.5834388563671737,0.004983134882304347
Pure | Short Brown hold 3m,team,last12,CAPM,12,2,10,-0.02245922326798106,-0.02226636065276262,-1.803624167300309,0.1014514179449176,0.07129024481623299,0.0001244564613223087,-0.0013236967413757029,-0.16223579852515918,0.8743515001264088,,,,,,,,,,,,,,,,,,
Pure | Short Brown hold 3m,team,last12,FF3,12,4,8,-0.02245922326798106,-0.0649168851190903,-2.435211205003032,0.04086865466494726,0.014883099741943191,0.4498237441487193,0.07826593126427696,2.3945726958406603,0.04354397656592435,-0.09787701800698113,-1.7772239582461633,0.11342980191068029,0.18982706158655704,2.624210763527929,0.030450685650418377,,,,,,,,,,,,
Pure | Short Brown hold 3m,team,last12,FF3+BOND,12,5,7,-0.02245922326798106,-0.06489611609955569,-2.662748297498403,0.0323379585675008,0.007750536480385085,0.46002595397080315,0.0771419707260097,2.217771617180745,0.062081080407420344,-0.0858671572771133,-1.1503411987811918,0.28778030624674306,0.18423479182362865,2.3723303931335904,0.049436497759380894,-0.05996876758958643,-0.5409048772609323,0.6053500051949472,,,,,,,,,
Pure | Short Brown hold 3m,team,last12,FF3+UMD+BOND,12,6,6,-0.02245922326798106,-0.06839182972537294,-2.998056618345281,0.024068492224322217,0.0027170719096118387,0.5118560479743628,0.06936992361219077,2.332089536143511,0.058473297315208485,-0.12392458572051732,-2.0284603359232904,0.08885305916155367,0.20672179036750774,2.775807033781808,0.03217467011132545,-0.05747740244541734,-0.5114405111061455,0.6273130614733924,0.02327121173504158,2.254781176709151,0.06501262847448515,,,,,,
Pure | Short Brown hold 3m,team,last12,FF5,12,6,6,-0.02245922326798106,-0.0757042958330341,-3.8381330664481337,0.008577537343387684,0.00012397329822635552,0.5929845098477429,0.10742637860175776,3.8894176091351707,0.008082172077564438,-0.17680644096089387,-3.5624217508822125,0.01189235800936353,0.266696404357681,4.1973232429798175,0.005702714567744848,,,,,,,-0.026657998691565685,-2.3124407021878484,0.06006764766724947,0.06360760643700819,2.0616647588099117,0.08486069454480505
Pure | Short Brown hold 3m,team,last12,FF5+UMD,12,7,5,-0.02245922326798106,-0.07304348652919333,-4.056139714985729,0.009766149983702914,4.9890423147248244e-05,0.6002462661537935,0.10098677771453796,4.2947791148720045,0.007753785831125109,-0.1746290515608594,-4.186107319473727,0.008604056178485682,0.25622240374555777,4.506932861964387,0.006358817639703904,,,,0.010624471365025276,0.9092087353408522,0.4049342589193693,-0.018045797358586024,-1.7045387421749525,0.1490023980951404,0.06485563786758955,2.0918887253489724,0.09068211890972049
Pure | Short Brown hold 3m,team,last12,FF5+UMD+BOND,12,8,4,-0.02245922326798106,-0.07228028748031987,-4.433259447446135,0.011393217943857876,9.281905799962488e-06,0.6182780508488361,0.09849512633263334,3.5053873498621657,0.024775049526815668,-0.15952694358818384,-2.7282440490884334,0.052538006590048626,0.23955293056442153,3.3152749478349532,0.02950852033637138,-0.07954116764582708,-0.7354839609935946,0.5028413683755893,0.012274682057119988,1.3772506192683833,0.24048133856453133,-0.01717425231428733,-1.812435799902144,0.1441385458921105,0.07071974759823708,3.2400855212659505,0.03167139722030691
Original | Short Brown hold 6m,team,full_live_1999,CAPM,329,2,327,0.011085466606369793,0.011309980906471319,1.2621409105732488,0.20779752727552925,0.20689808651534958,0.00010184527786172293,-0.002814813301528994,-0.18322860940940386,0.8547322021502641,,,,,,,,,,,,,,,,,,
Original | Short Brown hold 6m,team,full_live_1999,FF3,329,4,325,0.011085466606369793,0.011923513412120366,1.3565694905434298,0.17585960645663684,0.1749180413701068,0.013539284841342591,-0.008916898908323924,-0.5278284605161723,0.5979785775400204,0.025325430481218818,0.8755868461848683,0.3819013265983215,-0.0330604728059565,-1.3733264500735074,0.17059754136691077,,,,,,,,,,,,
Original | Short Brown hold 6m,team,full_live_1999,FF3+BOND,329,5,324,0.011085466606369793,0.013287614520023583,1.5313172894366605,0.12666676651878978,0.12569099455303043,0.020907296123252705,-0.011738454598964219,-0.6917132943593322,0.48961275857148245,0.02346837826089982,0.8077094127064703,0.419850472830378,-0.0377229237135614,-1.5130379973315862,0.13124480986504541,-0.06093978092929795,-1.3091297813660758,0.19141806955548402,,,,,,,,,
Original | Short Brown hold 6m,team,full_live_1999,FF3+UMD+BOND,329,6,323,0.011085466606369793,0.01145080776536587,1.3145595329411222,0.18959062448359526,0.18865797784567684,0.03047801159481911,-0.0012087267203730635,-0.06948849828618568,0.944643787185519,0.020494207476464972,0.7440280240522926,0.4574004306388061,-0.028630571666032882,-1.3283360870038194,0.1850048802192964,-0.059635660132217945,-1.3047268242095877,0.1929146955380494,0.026277145100364777,1.7197187224399182,0.08644149960199568,,,,,,
Original | Short Brown hold 6m,team,full_live_1999,FF5,329,6,323,0.011085466606369793,0.016446199462991737,1.8073387969078374,0.07163975366267981,0.07070947034632856,0.032971945459822294,-0.022547899925744345,-1.0095387495045454,0.3134719850243525,-0.006791437792730164,-0.2703372645140155,0.7870734501012809,-0.0044134282163916065,-0.12012710552805365,0.9044571463624232,,,,,,,-0.0756012047360093,-2.2493227802776325,0.02516521285926346,-0.02277967037611027,-0.454378336100444,0.6498617357882169
Original | Short Brown hold 6m,team,full_live_1999,FF5+UMD,329,7,322,0.011085466606369793,0.01475243744514888,1.6097960499339954,0.10842226024257894,0.107442387850131,0.0438915784549595,-0.012428663736308763,-0.553862436542919,0.5800574002801918,-0.009492758882236038,-0.37475873050717146,0.7080866061179515,0.009851837961986694,0.27822082306808416,0.7810214199007964,,,,0.028270230618325662,1.8729473896088036,0.061981527155961454,-0.07550882880358746,-2.343108299246792,0.01973208510266437,-0.032654166248862034,-0.6566286983694741,0.5118886801306759
Original | Short Brown hold 6m,team,full_live_1999,FF5+UMD+BOND,329,8,321,0.011085466606369793,0.015474303103729176,1.692983943491297,0.09142872499216229,0.09045852352928786,0.04787505140816639,-0.013690409004802269,-0.6092775840476047,0.5427714397959866,-0.00874734590461896,-0.346443850399623,0.729236154152907,0.003925399652982282,0.11333400721170327,0.9098366034381393,-0.045334888310876745,-1.0196425949528265,0.3086658498875283,0.027838458879697686,1.8522368339800672,0.06490973023488021,-0.07047423208565384,-2.235892190543339,0.02604582845931924,-0.03031016856963075,-0.6134377367215003,0.5400213627306498
Original | Short Brown hold 6m,team,post2010,CAPM,199,2,197,0.013436084083027783,0.011849285700679772,1.210491755720283,0.22754058027522403,0.22609025236683333,0.001838720219035972,0.012180339986702133,0.6673893597736237,0.5053044759649146,,,,,,,,,,,,,,,,,,
Original | Short Brown hold 6m,team,post2010,FF3,199,4,195,0.013436084083027783,0.012245629811584034,1.3311064634713747,0.1847081610233477,0.18315398252899717,0.028832556371951146,0.009022635264100437,0.4235960912342125,0.6723272622222529,0.023568206608065356,0.5705500496213202,0.5689615424988504,-0.061259435591132796,-2.3568236590723832,0.01942345072649796,,,,,,,,,,,,
Original | Short Brown hold 6m,team,post2010,FF3+BOND,199,5,194,0.013436084083027783,0.013269365939175107,1.4724669228985883,0.14251531050949734,0.1408948328110282,0.04150010186983866,0.006274872301405487,0.29068831304164094,0.7716002282289899,0.020009189419188327,0.47553815115768494,0.6349384513080885,-0.07766452467334523,-2.8736214121091557,0.004510248358000151,-0.08683337376177308,-1.3975781363741062,0.16383592992192753,,,,,,,,,
Original | Short Brown hold 6m,team,post2010,FF3+UMD+BOND,199,6,193,0.013436084083027783,0.010359167725880958,1.1830175580901103,0.23825741427711947,0.23680218888322446,0.06163266092356323,0.015537743980311998,0.7744132873777109,0.43963408146406435,0.029538795654368795,0.6705208535872834,0.5033273827775365,-0.06012706782849649,-2.429450889897059,0.01603732956395411,-0.0725814160112691,-1.1993261258699395,0.23187149031356735,0.05158136332917821,2.0435744456109,0.04235443163996146,,,,,,
Original | Short Brown hold 6m,team,post2010,FF5,199,6,193,0.013436084083027783,0.013774653558301288,1.5531160696529176,0.12203366546721917,0.12039540767044121,0.054707888542758654,0.010918983746355327,0.4734412517438123,0.6364334716836006,-0.019912645663141645,-0.5339406019762137,0.5939970737258123,-0.05002501722040766,-1.1309839408556093,0.25946527430161137,,,,,,,-0.09832663717144241,-2.2029007082530145,0.028785570132127958,0.0050425235706497325,0.06990027386719494,0.9443454076126517
Original | Short Brown hold 6m,team,post2010,FF5+UMD,199,7,192,0.013436084083027783,0.01127958588746196,1.294423973280597,0.19707366015670097,0.1955190143436666,0.06963995823979074,0.017275208094327178,0.7864811318266005,0.4325552994668995,-0.00649272007227057,-0.16340531751510054,0.870371186762512,-0.033585515685861926,-0.7476607066702652,0.45557956537612054,,,,0.04594078773779129,1.8280586986524558,0.06909266803416253,-0.08133072895127894,-1.9699585026747337,0.05028102533918657,-0.012523316441358274,-0.1708427924303448,0.8645272844506628
Original | Short Brown hold 6m,team,post2010,FF5+UMD+BOND,199,8,191,0.013436084083027783,0.012037754608663544,1.4007112537928654,0.1629229547860676,0.16130043603683164,0.07610001131768895,0.015258817274823994,0.6791587865608317,0.4978594264523323,-0.00726922837579876,-0.18301506298646314,0.8549803220060002,-0.05129364066177078,-1.3864248966616057,0.16723340334305967,-0.06361788022672321,-1.27392318336219,0.20423859994418606,0.041854683772827354,1.734109616215341,0.08451211845693707,-0.0774451658815322,-1.8783611471516783,0.06185546359162866,-0.0023188723112203737,-0.03398080456811044,0.9729279425639763
Original | Short Brown hold 6m,team,validation,CAPM,151,2,149,0.024524116603939924,0.023358866797642968,2.1514229318294293,0.033054552234453256,0.031442832787031944,0.0010349702254849324,0.00892381883588135,0.4160950432480065,0.6779391653814449,,,,,,,,,,,,,,,,,,
Original | Short Brown hold 6m,team,validation,FF3,151,4,147,0.024524116603939924,0.02245945605976135,2.230392096068274,0.027236427948032743,0.0257214238431712,0.03195841363850538,0.00797167435900404,0.2962478966144062,0.7674588891659568,0.022494117372340756,0.40972255453128364,0.6826059247403252,-0.06441651931366255,-2.137684621525979,0.034196244755243306,,,,,,,,,,,,
Original | Short Brown hold 6m,team,validation,FF3+BOND,151,5,146,0.024524116603939924,0.025241733158177636,2.743827738057065,0.0068346567094034845,0.006072739559377251,0.04751917925329863,0.0026944753832956678,0.09302526878111016,0.9260110170912181,0.01200089368458055,0.21297918674833907,0.8316402902094744,-0.09036310170584547,-2.9791866717855537,0.0033858609822194686,-0.10508532098799517,-1.2391503765724536,0.21727813428321033,,,,,,,,,
Original | Short Brown hold 6m,team,validation,FF3+UMD+BOND,151,6,145,0.024524116603939924,0.02034129712913426,2.1639797141955377,0.03210354796772908,0.030465906315080327,0.08447766499830733,0.02085215400516274,0.7766550002587537,0.4386274485521286,0.023668301805997986,0.4130615812309416,0.6801716780463894,-0.053159132166644855,-1.9369997794108886,0.0546896464574436,-0.07263076581087012,-0.8778263959835687,0.3814901354667053,0.07782516812822371,2.0969834009273636,0.03773106693360502,,,,,,
Original | Short Brown hold 6m,team,validation,FF5,151,6,145,0.024524116603939924,0.02478568068750758,2.61575130225086,0.009845145623825702,0.008903137856899463,0.06195977230824856,0.016023652631904396,0.5218518246777456,0.6025697496898309,-0.030800666255167135,-0.7319850473912282,0.46535913527559414,-0.06893705185174938,-1.494627059739505,0.1371848874703128,,,,,,,-0.12310249171310278,-1.6419098122036853,0.10277579935872538,0.03932524946497018,0.49976079537057094,0.6180010495019306
Original | Short Brown hold 6m,team,validation,FF5+UMD,151,7,144,0.024524116603939924,0.02129861124393179,2.3198158340484,0.021756342859569625,0.02035084214402207,0.09813847562485134,0.029195800983299307,1.0344226982212767,0.30267266683476374,-0.017674644949400437,-0.4086166936614906,0.6834279941939518,-0.03130429830507914,-0.5770578525692334,0.5648014300567502,,,,0.07734355662581041,2.0936250169528976,0.03804635930805173,-0.11033837904282467,-1.5953880681087227,0.11281787018171346,0.00979782362638942,0.11667646992565277,0.9072790044655495
Original | Short Brown hold 6m,team,validation,FF5+UMD+BOND,151,8,143,0.024524116603939924,0.022580222101652905,2.5208352974108297,0.012805066141938807,0.011707663739560501,0.1020448702313963,0.02573724209727838,0.8465170564757392,0.39867875529903196,-0.02056777443565802,-0.4627169689318541,0.6442705946756443,-0.04886151292293986,-1.2336995784026723,0.2193387434098893,-0.055041477213440035,-0.7388459535599724,0.4612115214182242,0.07211663316628905,2.0116640094441234,0.04613404924319587,-0.10131108432787643,-1.4391753010233095,0.1522861870226585,0.015272214938131802,0.1925368790942347,0.847594846794686
Original | Short Brown hold 6m,team,holdout,CAPM,48,2,46,-0.021445018222341652,-0.024382417122711872,-1.7277329779702848,0.0907452230969874,0.08403610823855318,0.0059458171944425375,0.022713310654322194,0.7015950266463491,0.4864663715581463,,,,,,,,,,,,,,,,,,
Original | Short Brown hold 6m,team,holdout,FF3,48,4,44,-0.021445018222341652,-0.022815494743853575,-1.65734868480708,0.10456336561077997,0.0974489996986375,0.015121138683447777,0.019716767171115902,0.633405899114429,0.529747448413693,0.0011755434591252216,0.03402898661242397,0.973007942328969,-0.036289002855363364,-1.1417166779721668,0.25974730069196994,,,,,,,,,,,,
Original | Short Brown hold 6m,team,holdout,FF3+BOND,48,5,43,-0.021445018222341652,-0.029400182509432556,-2.1396776933254817,0.03809756484346881,0.03238082297747343,0.05140060001093638,0.031168747790134767,0.9843086771997581,0.3304700272161009,0.0015037298595436312,0.03669349408797394,0.9708992168368987,-0.03528181219805746,-1.0206734937606206,0.31311753253349967,-0.13822377188622095,-1.6682249345543356,0.1025381590185519,,,,,,,,,
Original | Short Brown hold 6m,team,holdout,FF3+UMD+BOND,48,6,42,-0.021445018222341652,-0.029406844764928858,-2.1440347469605543,0.03786400011712324,0.03203010276598205,0.051417029503346146,0.031113550687894575,0.9869816170535478,0.3293036923594406,0.002036157952356083,0.0517718740482351,0.958955920735115,-0.03534242793175035,-1.0038281954216428,0.32121000701612407,-0.13777270531742145,-1.6926905288101868,0.09792092666101129,0.0012374438517007793,0.05242523637556101,0.9584384260504308,,,,,,
Original | Short Brown hold 6m,team,holdout,FF5,48,6,42,-0.021445018222341652,-0.032029108880947864,-1.9981897747205244,0.05219786646736079,0.04569608968929471,0.10621934212306394,0.016923617748753207,0.5867436799549395,0.5605166399951195,-0.06533021610201517,-1.0361854790553384,0.3060449087487505,0.07704279567091066,0.8687744758848874,0.3899080717287846,,,,,,,-0.08026541807403025,-1.9128077439066657,0.06260731967994368,-0.13461012623219912,-0.9916376201874204,0.3270532103728407
Original | Short Brown hold 6m,team,holdout,FF5+UMD,48,7,41,-0.021445018222341652,-0.031819488546389656,-2.0078252943555803,0.05128215566448888,0.044661859946317994,0.10910564433058745,0.017083241845944484,0.5767121752113856,0.5672869769968766,-0.0786403455937459,-1.3045847604090985,0.19930999820424478,0.08165744115020086,0.8880798354468346,0.3796783357433654,,,,-0.018395815824829836,-0.7907298532132081,0.43365194242198485,-0.09213137848957949,-2.210529857052777,0.0327064534040529,-0.12960092962062245,-0.9515387511473679,0.34690700556216525
Original | Short Brown hold 6m,team,holdout,FF5+UMD+BOND,48,8,40,-0.021445018222341652,-0.03688488995306022,-2.2808997598124203,0.027955756449623007,0.02255437917634446,0.14143272991218614,0.028084650540634647,0.9400267737807046,0.35284616652225836,-0.08404818412613446,-1.5827919402538098,0.12134461565986666,0.0697476080924741,0.8344778411402703,0.4089679845444854,-0.13772935859475685,-2.0360962580875066,0.048400032792942346,-0.03265064231264064,-1.3844515489493703,0.17389542962735813,-0.10979870786983698,-2.8817886926147205,0.00633049506921302,-0.09582273454242171,-0.7351735661039196,0.4665226001665459
Original | Short Brown hold 6m,team,covid,CAPM,24,2,22,0.07414072722815955,0.07316103683326998,2.4044230042942214,0.025056539344270448,0.016198018020359188,0.00017691651186746427,0.0041813503836515276,0.09295272592989288,0.9267824206344967,,,,,,,,,,,,,,,,,,
Original | Short Brown hold 6m,team,covid,FF3,24,4,20,0.07414072722815955,0.05230749591187778,2.0696538929838164,0.0516507236895817,0.03848476735272722,0.18480613543278823,0.013522579908857552,0.2178510302277495,0.829752479344374,0.16862480403266591,1.3136689903575152,0.20382834347626708,-0.15276903953322596,-2.944105766926513,0.008022322708829506,,,,,,,,,,,,
Original | Short Brown hold 6m,team,covid,FF3+BOND,24,5,19,0.07414072722815955,0.03167125989591138,1.0128397238548372,0.32386195918540694,0.31113672313491103,0.33363933222598285,0.054685512569739914,0.7609681449330905,0.4560172988481727,0.2206158875805145,1.9664305933146191,0.06403033357556379,-0.013092938477369843,-0.15984361601174343,0.8746913216885345,0.6283663189161299,1.7921571272918122,0.089047563284553,,,,,,,,,
Original | Short Brown hold 6m,team,covid,FF3+UMD+BOND,24,6,18,0.07414072722815955,0.009718974838561462,0.49262285613649387,0.6282342315232166,0.6222790952195074,0.625864041219656,0.14821570241670698,4.411156300977665,0.0003370450027976929,0.3469318226632736,10.899321155982317,2.3360892675174794e-09,0.13968478058665665,1.8293068263774375,0.08396959929262042,0.8337679775901201,2.522760152524532,0.021275841640390106,0.2945911424801898,8.112986686022042,2.0058599547248517e-07,,,,,,
Original | Short Brown hold 6m,team,covid,FF5,24,6,18,0.07414072722815955,0.06587252891638505,3.178990484652934,0.00519694243767141,0.0014778894263333957,0.2773817223882765,0.08190385931208129,1.1226477350502346,0.2763391362117733,-0.01841999496154359,-0.23104908501345872,0.8198825833332021,-0.1573083434276602,-2.8012056167758943,0.011806182206510502,,,,,,,-0.2169557147702739,-2.199650733389932,0.041137208278189584,0.2646569016223206,2.3924214172996776,0.02785660937546674
Original | Short Brown hold 6m,team,covid,FF5+UMD,24,7,17,0.07414072722815955,0.0435398299068041,1.9854167944677503,0.06347204482103119,0.047098118976622576,0.39343876566163094,0.09496064638046754,2.1137233602197725,0.049622480621823055,0.18430610351945287,1.3450902797725794,0.19626655291624218,-0.14244164890576919,-2.1200112574223393,0.04902048813427653,,,,0.21162444909219108,1.8665556883734173,0.07930997458131266,-0.060239379550271144,-0.6662273798526746,0.5142059513532206,0.19117897213863283,1.058321509600459,0.3047159387441294
Original | Short Brown hold 6m,team,covid,FF5+UMD+BOND,24,8,16,0.07414072722815955,0.01603876149013642,0.696976590979786,0.49582029877022515,0.4858174437124473,0.6016761748419424,0.14705461578765822,3.6378949289566798,0.0022146298062858316,0.31440360872944756,2.9005322324933918,0.010429477296385674,0.06488739104033858,1.0327235739836733,0.31709177401204786,0.8044476563866667,2.6120541853244315,0.018872776721823768,0.30199807836594506,4.350516725116835,0.0004956831352449606,-0.021302569714373415,-0.2131945013717369,0.8338680152601777,0.05205779320781706,0.5189366677859902,0.6109081781022663
Original | Short Brown hold 6m,team,inflation_rates,CAPM,36,2,34,-0.012571893709018695,-0.0112580557889946,-0.8333608279258693,0.4104576386704087,0.4046412600005891,0.018687517292427458,-0.02292910855190409,-1.4445929038093137,0.15772566324550033,,,,,,,,,,,,,,,,,,
Original | Short Brown hold 6m,team,inflation_rates,FF3,36,4,32,-0.012571893709018695,-0.011042465438848004,-0.8057747779661069,0.42632021621336413,0.420372723540141,0.03410384599193794,-0.02304821337888739,-1.3587249821106833,0.18373483638630655,-0.012128915382969818,-0.3764889007582386,0.7090383514419658,-0.022084525828881277,-1.3999639026509823,0.1711451246547826,,,,,,,,,,,,
Original | Short Brown hold 6m,team,inflation_rates,FF3+BOND,36,5,31,-0.012571893709018695,-0.01593781369715996,-0.8868370001970285,0.3819953208470815,0.37516666395947285,0.04778207087622621,-0.012471239156477933,-0.43261867045326136,0.6682867093430758,-0.011245373405453413,-0.3264552029776474,0.7462738312877748,-0.02665276150421029,-1.2279375882253563,0.22871266678105148,-0.05402957156979596,-0.6016433789028572,0.5517865031058349,,,,,,,,,
Original | Short Brown hold 6m,team,inflation_rates,FF3+UMD+BOND,36,6,30,-0.012571893709018695,-0.015890565492474435,-0.8797475787580996,0.38598909810258664,0.37899606838087097,0.048328135029924724,-0.01319704998089937,-0.46059539635455665,0.6484104227534686,-0.014055747324111809,-0.420701940160949,0.6769712751238077,-0.026393654402892736,-1.2449886160931865,0.22277368540732975,-0.05553963160524332,-0.6171613547963671,0.5417845199136536,-0.005820993156937778,-0.5133204683054935,0.6114870246677356,,,,,,
Original | Short Brown hold 6m,team,inflation_rates,FF5,36,6,30,-0.012571893709018695,-0.011200453016089892,-0.8657002473861525,0.3935251809877003,0.38665456432993195,0.15558802758157142,-0.025808244922872245,-1.2929906541742031,0.205883375408407,-0.08714419021172994,-1.7836150287012988,0.0846065372480809,0.06577863104184072,1.641626122574464,0.11111113149963442,,,,,,,-0.1123701594352535,-1.998979833007505,0.05474115054022988,-0.11067525311412384,-2.1147514740456597,0.04286884844780688
Original | Short Brown hold 6m,team,inflation_rates,FF5+UMD,36,7,29,-0.012571893709018695,-0.0113257589625368,-0.8612259113849052,0.3961788008091112,0.3891136316785929,0.15568492291949987,-0.0254264892299413,-1.1471711768907897,0.2606874964527809,-0.08614843459921526,-1.8735707899434169,0.07109926134298748,0.06599788306180594,1.6342349471623427,0.11302042473981332,,,,0.0024868732360156676,0.11851239170046624,0.9064787856985138,-0.11204529751861186,-1.9519921576567894,0.06065505549303168,-0.11169918782963785,-1.9824486487439434,0.05697459422970508
Original | Short Brown hold 6m,team,inflation_rates,FF5+UMD+BOND,36,8,28,-0.012571893709018695,-0.015385454078859107,-0.9828070791590522,0.334118975309479,0.32570239705789317,0.16805273565263645,-0.015459464341688314,-0.4606545654559972,0.6486043858644439,-0.08576106978517009,-1.8968427896550435,0.06820810150470158,0.05571553421259176,2.0583588894304805,0.048970453602364156,-0.05320311215299492,-0.7267620442675774,0.47340441298551067,-0.0025722076772781693,-0.14818907190514238,0.883255608211218,-0.11765200230430997,-2.257129699669142,0.03199050980512989,-0.1009921227197611,-2.4416995970528887,0.021192626878826285
Original | Short Brown hold 6m,team,last18,CAPM,18,2,16,-0.03092896253414258,-0.04789469910065432,-1.731421146255285,0.10260960654607618,0.08337667773889856,0.11219942108339809,0.1429696901672339,3.9956067361058754,0.0010416016317639242,,,,,,,,,,,,,,,,,,
Original | Short Brown hold 6m,team,last18,FF3,18,4,14,-0.03092896253414258,-0.07361047911086832,-2.2764682120418622,0.03905232145030039,0.022818001084336934,0.15507310244990624,0.21251412573038367,2.920637896524619,0.01117664978406309,-0.006024886843875416,-0.08967951853253443,0.9298122402225361,0.15235679204355854,1.2266942321350842,0.24016873468934427,,,,,,,,,,,,
Original | Short Brown hold 6m,team,last18,FF3+BOND,18,5,13,-0.03092896253414258,-0.07373170892206074,-3.5327039260649227,0.003676219390355684,0.00041133285137876337,0.2336398762372004,0.19383054574494388,2.443932011618273,0.029547909591121087,-0.05830530443423232,-0.49247996211955974,0.6305927418412715,0.19019816257702754,1.8056142803767334,0.09417742233109626,-0.595824643116326,-1.0901163686035578,0.2954562809731794,,,,,,,,,
Original | Short Brown hold 6m,team,last18,FF3+UMD+BOND,18,6,12,-0.03092896253414258,-0.07230450712588711,-4.018891862140419,0.0017028479733838238,5.847249787760074e-05,0.23625209228984534,0.1994553111736125,2.2496744749975752,0.044023012708720506,-0.048378062921748365,-0.36804176384449583,0.7192521913446414,0.18329185144597684,1.86722686992595,0.08648041173575893,-0.5786414047092531,-0.9968885582553709,0.33849644890176084,-0.020428285278941194,-0.2970450881803042,0.7715111730884019,,,,,,
Original | Short Brown hold 6m,team,last18,FF5,18,6,12,-0.03092896253414258,-0.09665580872030523,-2.3344449889091314,0.03776456083202856,0.01957243339585747,0.3082811261813878,0.231274817413984,2.43348156230046,0.03153128755598056,-0.03140417482479823,-0.5346243646360986,0.6026748150576248,0.37940205751267647,4.813752686663275,0.00042351368061157365,,,,,,,-0.06812848132183921,-1.1031262427133488,0.29160356792299147,-0.2750684015259433,-1.3332525921218474,0.20720671105153254
Original | Short Brown hold 6m,team,last18,FF5+UMD,18,7,11,-0.03092896253414258,-0.10378095874324125,-2.4938626778238957,0.02982996991472888,0.01263614199829585,0.4064801373824162,0.26753585108412375,4.391984400572891,0.0010774415185409614,-0.018857150870276354,-0.4164049486117002,0.685122880790683,0.4097130669260141,3.164101698787402,0.00901282757319844,,,,-0.1514323430570973,-2.2674399480356144,0.04450713543918905,-0.17021034662432372,-2.231297620235626,0.04741850675290468,-0.2962402957025705,-1.3272054501132966,0.21132915347330358
Original | Short Brown hold 6m,team,last18,FF5+UMD+BOND,18,8,10,-0.03092896253414258,-0.11163269665163708,-2.841923128587237,0.0174906264716806,0.0044842302483621,0.5411722333128144,0.24303861573779978,3.5140745998935206,0.005593476944005461,-0.10589253826618382,-1.2104381424087258,0.2539436261929655,0.5190062507830738,5.13955177103662,0.00043804663398592245,-0.8070608210347656,-2.4751988940567036,0.03281148014347358,-0.15212570076554008,-3.2004724793004278,0.009484089955787017,-0.20957985013130684,-3.8148183099355077,0.003402274652428269,-0.30792375408899797,-1.8234115269740048,0.09822796538747089
Original | Short Brown hold 6m,team,last12,CAPM,12,2,10,-0.010294594432983774,-0.030169025087461516,-0.6924915084341129,0.504391395721174,0.4886287167358532,0.06583728274435585,0.13640652473903742,2.4965786800698964,0.03163171085729585,,,,,,,,,,,,,,,,,,
Original | Short Brown hold 6m,team,last12,FF3,12,4,8,-0.010294594432983774,-0.04107913666191011,-0.5018185333671874,0.6293121052177092,0.6157951750437767,0.08126664356744862,0.15603528130718544,1.137443409696325,0.2882709536715951,0.11230514046767655,1.0715265023364258,0.3151909235308222,0.02220279246029322,0.08485694246175411,0.9344602821287248,,,,,,,,,,,,
Original | Short Brown hold 6m,team,last12,FF3+BOND,12,5,7,-0.010294594432983774,-0.040701719577420824,-0.9839180123292003,0.35793370761461524,0.3251558265412887,0.24909546032176544,0.13561053719607016,0.8753333848121316,0.4104197549026341,0.33054975303728823,1.8949860820049178,0.09994010927272809,-0.07942059645709684,-0.2854763481646179,0.7835416616626013,-1.0897595520252128,-1.3418435841279825,0.22153890879053287,,,,,,,,,
Original | Short Brown hold 6m,team,last12,FF3+UMD+BOND,12,6,6,-0.010294594432983774,-0.028641425949795934,-0.6117213611630884,0.5631676770880244,0.5407221264093292,0.27982720562504293,0.16242428120191107,0.9382301430911576,0.3843405177082088,0.46184876973877265,1.9816811656162505,0.0948027705708353,-0.15700126646399873,-0.5484763014217108,0.6031587755403732,-1.0983548199414417,-1.3440621864177213,0.22751924722397654,-0.08028622382636491,-1.2966514473830568,0.24238270688547878,,,,,,
Original | Short Brown hold 6m,team,last12,FF5,12,6,6,-0.010294594432983774,-0.1410197737197311,-1.200052677595084,0.2753481711268435,0.23011888258128477,0.4357317815428593,0.12176770050758012,1.098231170315536,0.3142086377136609,-0.10104463154855897,-0.7342503670828943,0.4904833657084061,0.7631556527395614,2.6730029840302985,0.03687857082729343,,,,,,,-0.0876822334595441,-0.9113219013843352,0.39726071545027025,-0.6749340123100992,-3.394309658436668,0.014597888756213541
Original | Short Brown hold 6m,team,last12,FF5+UMD,12,7,5,-0.010294594432983774,-0.20045840228404077,-2.203579866292481,0.07873817405008407,0.027553904517183286,0.616246613176656,0.2656190635817335,2.713227518220659,0.04211368932568628,-0.14968435916889952,-0.9312611632155919,0.3944637019773929,0.9971296662352573,4.207333995261133,0.00842982595712577,,,,-0.23733531232259472,-5.086661118540235,0.0038128908247883272,-0.2800663458471373,-5.45171124310129,0.002822117676295028,-0.702813228055404,-3.822315292455293,0.01234395656822375
Original | Short Brown hold 6m,team,last12,FF5+UMD+BOND,12,8,4,-0.010294594432983774,-0.1935513647940119,-2.7138959218396046,0.053322064438628185,0.006649705429950581,0.6898178164478791,0.24306933748825993,1.9534517710022765,0.12247107472379559,-0.013008578322897979,-0.05448470545601613,0.9591617234766256,0.8462690534356725,2.9939873172709555,0.040179613198168054,-0.7198565403627809,-1.6555006264259353,0.1731649172511606,-0.222400719396193,-6.487006719155323,0.002911541675643607,-0.2721787648758234,-5.4533102944199605,0.0054944561579736255,-0.6497423734533194,-6.0533042551109695,0.0037586028349255434
Pure | Short Brown hold 6m,team,full_live_1999,CAPM,329,2,327,0.005304570096388719,0.006846423978219645,0.7479524728375894,0.4550263872253669,0.4544888253789513,0.004273100764902171,-0.019330754493719002,-1.2212748136927538,0.22286176535668392,,,,,,,,,,,,,,,,,,
Pure | Short Brown hold 6m,team,full_live_1999,FF3,329,4,325,0.005304570096388719,0.007369075051735109,0.8236951683581638,0.4107168186850264,0.41011278547780017,0.019520434660796004,-0.02729329321710002,-1.6090623781850284,0.10857359697410315,0.03608171955097525,1.1949571466482232,0.23297504729695925,-0.03142645872123656,-1.2708343947525425,0.20469645233769318,,,,,,,,,,,,
Pure | Short Brown hold 6m,team,full_live_1999,FF3+BOND,329,5,324,0.005304570096388719,0.008564110414072667,0.9679426179000058,0.3337949977653668,0.3330730283936286,0.024551065952503892,-0.02976514725166119,-1.7245867189680806,0.08555568768983778,0.03445482909532568,1.1306548823146236,0.2590366303655174,-0.03551104869588673,-1.3901490183425507,0.16543789644567583,-0.05338694673121127,-1.1303325551831702,0.25917217277774457,,,,,,,,,
Pure | Short Brown hold 6m,team,full_live_1999,FF3+UMD+BOND,329,6,323,0.005304570096388719,0.006204960278137813,0.714741974336346,0.4752847454510978,0.4747684959967293,0.03859641206216946,-0.01624101963554489,-0.889635550944479,0.374323712129066,0.030634876129342382,1.0692091893326714,0.28577379955777793,-0.023833051805630508,-1.1260702665713487,0.2609717365823375,-0.051711965545572045,-1.1204679762290772,0.26334679820496487,0.03374972913090001,1.8770854291790435,0.061407568741793414,,,,,,
Pure | Short Brown hold 6m,team,full_live_1999,FF5,329,6,323,0.005304570096388719,0.012282237392985423,1.3415305921934075,0.18069066567623343,0.17974824407562107,0.03965234577035648,-0.04138969283868307,-1.7120342439633758,0.08785018616505648,-0.0026665644517818374,-0.09299331976038228,0.9259665211977046,-0.0033042633707887903,-0.08900284374559372,0.929134809359569,,,,,,,-0.08475057356411969,-2.3589943676077088,0.01891952759203136,-0.019021739958878986,-0.3977997017371048,0.6910406145441553
Pure | Short Brown hold 6m,team,full_live_1999,FF5+UMD,329,7,322,0.005304570096388719,0.01013765656390472,1.1161302258509227,0.26519860291463565,0.2643663957090433,0.055226049809986466,-0.02857707825163395,-1.1752645701809865,0.24075718013980077,-0.00608688050605481,-0.21124018139827738,0.8328334853195704,0.01475790595737108,0.41343029069368925,0.6795665834789749,,,,0.03579475391410998,2.0764947087471985,0.03864107700959313,-0.08463361046561275,-2.3856397473310476,0.01762719866417376,-0.03152447311882436,-0.6615498506172262,0.5087328633546778
Pure | Short Brown hold 6m,team,full_live_1999,FF5+UMD+BOND,329,8,321,0.005304570096388719,0.010708443719359879,1.1834800742208276,0.2374946369853203,0.23661893890828234,0.05744170058111275,-0.02957475418226185,-1.2123167969021633,0.22628265299154904,-0.005497474225154562,-0.19202011065278532,0.8478478657196378,0.01007180567795065,0.28908699158608564,0.7727014171528848,-0.03584679730122475,-0.8041866517596981,0.4218843438652159,0.03545334722774386,2.073489040231409,0.03892404221692288,-0.08065269919031404,-2.321438101990652,0.020888975667127954,-0.02967104824423864,-0.6288897056097006,0.5298685254591051
Pure | Short Brown hold 6m,team,post2010,CAPM,199,2,197,0.012277399005858766,0.011998746212092497,1.205133833694345,0.22959729314203087,0.2281516403637337,5.486204005711315e-05,0.0021389521215009963,0.12235801443938178,0.9027402176293946,,,,,,,,,,,,,,,,,,
Pure | Short Brown hold 6m,team,post2010,FF3,199,4,195,0.012277399005858766,0.013286031575210414,1.3970703762395167,0.16398016135485338,0.1623924090440887,0.024978250229164556,-0.005920951136514363,-0.2858892296583283,0.7752664340591731,0.04821428887107214,1.1351943118491281,0.25768730387239525,-0.052695336997793385,-2.082933981730319,0.038561437921576666,,,,,,,,,,,,
Pure | Short Brown hold 6m,team,post2010,FF3+BOND,199,5,194,0.012277399005858766,0.01416834780570388,1.5129380445092737,0.13192275465961792,0.1302953969988282,0.03408236965067868,-0.008289135470537348,-0.38482336515952226,0.700789828946123,0.04514691775294961,1.04273084457686,0.2983706136833242,-0.06683421123483602,-2.7107797058752303,0.007314502483568809,-0.07483812767143197,-1.280698763158867,0.2018284807301985,,,,,,,,,
Pure | Short Brown hold 6m,team,post2010,FF3+UMD+BOND,199,6,193,0.012277399005858766,0.012163601362465913,1.323073022493098,0.187376463015625,0.18581109515074623,0.043326067506739285,-0.0019082267861636262,-0.09196085368798913,0.9268245229858818,0.05171157170612878,1.1570783010457608,0.24867044077522987,-0.05475319418502028,-2.335850185441736,0.02052587520238065,-0.0650203903506604,-1.1177888860760608,0.26504663067598766,0.03553282185356204,1.2950238063822803,0.19685903251201814,,,,,,
Pure | Short Brown hold 6m,team,post2010,FF5,199,6,193,0.012277399005858766,0.014123915337826474,1.5460847354262581,0.12372224400710519,0.12208410481016899,0.03896682312316835,-0.0023667663298921927,-0.09906905933553194,0.9211862603119447,0.00955711987346007,0.2520629158046635,0.8012606531000596,-0.05630668840672315,-1.2880419949072404,0.19927349137538375,,,,,,,-0.08139830373704979,-1.8499813056410808,0.0658450513635805,0.023824549709028517,0.347371714966422,0.7286905923662818
Pure | Short Brown hold 6m,team,post2010,FF5+UMD,199,7,192,0.012277399005858766,0.012544063090890099,1.3829514708684718,0.16828593557993482,0.16667974654641993,0.044759259747217284,0.0016579322526504413,0.07120442889991666,0.943309169820041,0.018054484432443983,0.45721138793187394,0.6480360128383709,-0.045897358134278456,-1.0415508639707367,0.298929688010397,,,,0.02908925380334913,1.0956456584012524,0.27460630223187626,-0.07063666223763623,-1.7076645263031824,0.08931496888167792,0.012702033018745687,0.1851438212001118,0.8533116609886221
Pure | Short Brown hold 6m,team,post2010,FF5+UMD+BOND,199,8,191,0.012277399005858766,0.013288177499377057,1.477090778689457,0.14129823244947826,0.13965130505056045,0.05078009555210028,-0.0003210803602085692,-0.013363161938255737,0.9893520046207745,0.01729237040583345,0.4371033673255719,0.66253017417003,-0.0632772243479335,-1.7519388965710996,0.08138920618150744,-0.06243858390659632,-1.2944450724533647,0.19707451925122849,0.025078894697414818,0.9673842964017703,0.33457528740557185,-0.06682312656354375,-1.6310736079393735,0.10452258458746612,0.022717315495450224,0.35719377901574395,0.7213410902163301
Pure | Short Brown hold 6m,team,validation,CAPM,151,2,149,0.025859063464400325,0.02519643464222205,2.3207230769942195,0.021658270543304322,0.02030179441452885,0.0003125481012318243,0.005074602486606513,0.242967690352433,0.808364582978803,,,,,,,,,,,,,,,,,,
Pure | Short Brown hold 6m,team,validation,FF3,151,4,147,0.025859063464400325,0.025080805905848543,2.457412116001271,0.01515721441831293,0.013994204634481039,0.02853311163281047,-0.0016037147612753544,-0.060842437200143096,0.9515673341227526,0.050018824505672375,0.8846788480425056,0.37777460265143015,-0.05558016449406239,-1.83110580375877,0.06910949930835919,,,,,,,,,,,,
Pure | Short Brown hold 6m,team,validation,FF3+BOND,151,5,146,0.025859063464400325,0.02754759171984582,2.9424699052824175,0.0037884951202956075,0.003256054321238341,0.0399560945324835,-0.006282515294237453,-0.217447314503975,0.8281633532724958,0.040715460958310065,0.6938063386903502,0.4889060643425462,-0.07858458105745246,-2.7744174414648857,0.006253351040621365,-0.09316936088791827,-1.1315648645933998,0.259672605264626,,,,,,,,,
Pure | Short Brown hold 6m,team,validation,FF3+UMD+BOND,151,6,145,0.025859063464400325,0.02326605942488051,2.3687490616725224,0.019166703702194456,0.01784835862731011,0.0663029999288085,0.009581927575819016,0.35452776515611023,0.7234584754451711,0.050909326233629426,0.8685907404595818,0.3865063983936137,-0.04607931088579215,-1.7255841406987151,0.08655260658923052,-0.06481367472324855,-0.7871536513567884,0.4324766540608522,0.06799618824269024,1.766997573536445,0.07933246723387084,,,,,,
Pure | Short Brown hold 6m,team,validation,FF5,151,6,145,0.025859063464400325,0.027411464815749638,2.8466170072397605,0.005059955569168774,0.004418648753159061,0.05977607060964818,0.007614694158941747,0.2432329977226978,0.8081686661215686,-0.00824052171227857,-0.18218117540072298,0.8556949953633578,-0.06794072563645315,-1.441843185446731,0.15150295930660065,,,,,,,-0.1343386671487813,-1.8439588859499196,0.06723018917916328,0.050973743768237226,0.6603737221936928,0.5100617416294475
Pure | Short Brown hold 6m,team,validation,FF5+UMD,151,7,144,0.025859063464400325,0.024484113063416864,2.5421785608745657,0.012073686567404521,0.01101638780257884,0.0835865461414863,0.018672550098542025,0.6480257812486354,0.5180001986583516,0.002778611141924535,0.06160682156022926,0.9509613696522059,-0.036348493585293934,-0.6680265161788707,0.5051859639213546,,,,0.06492896103268987,1.7469762641125617,0.08277347603843765,-0.12362335212654989,-1.8033127186881388,0.07342985994228574,0.0261858342731486,0.31906383490942547,0.7501404681798587
Pure | Short Brown hold 6m,team,validation,FF5+UMD+BOND,151,8,143,0.025859063464400325,0.025557352149652525,2.714734045193814,0.007449823476939927,0.006632901358433917,0.08614479718648194,0.01577630389700349,0.5016252374753261,0.6167025726561949,0.00035586352903857477,0.007649050824621622,0.993907660542666,-0.05105115380371783,-1.2853567735348166,0.20074542801641268,-0.04609251267943628,-0.6307801625492724,0.5291911060920961,0.06055186128847003,1.6521411612465446,0.10069988522663419,-0.1160637676608888,-1.6686282616362234,0.09737913398391701,0.03077016710219316,0.39666118496317027,0.692208648703496
Pure | Short Brown hold 6m,team,holdout,CAPM,48,2,46,-0.03044825376996988,-0.029450296919500574,-2.0508590171847123,0.0460020930352488,0.040280678222020944,0.0007698811638980896,-0.00771665842234151,-0.3034901012155599,0.7628848511964496,,,,,,,,,,,,,,,,,,
Pure | Short Brown hold 6m,team,holdout,FF3,48,4,44,-0.03044825376996988,-0.027141371219731127,-1.9436089474794638,0.05835572512375071,0.05194262603028175,0.00665396433997989,-0.012914955193570941,-0.5125086257862553,0.6108584150999906,0.015942106001649685,0.46176841287674564,0.6465224201001676,-0.028233479730250685,-0.9545503524782541,0.3450202216184455,,,,,,,,,,,,
Pure | Short Brown hold 6m,team,holdout,FF3+BOND,48,5,43,-0.03044825376996988,-0.03236889377871863,-2.132271433002456,0.038736597794067434,0.03298453906469552,0.03230451889871655,-0.003823333971384589,-0.151587047046284,0.8802216235274338,0.016202650141754312,0.41452813254517223,0.6805481383465294,-0.027433880406833852,-0.8851591652223612,0.38099396274163233,-0.10973457078720383,-1.457117390908051,0.1523484722658709,,,,,,,,,
Pure | Short Brown hold 6m,team,holdout,FF3+UMD+BOND,48,6,42,-0.03044825376996988,-0.03224586056686022,-2.15752058007702,0.03673256680293327,0.03096512536453936,0.03859003252104798,-0.002803997985594978,-0.10818743230847043,0.9143622151783452,0.006370193494170284,0.17082117861994434,0.865184667883229,-0.02631447746446011,-0.8985941823011975,0.373991751625181,-0.11806450781112593,-1.490919645174065,0.14345548273893458,-0.022852124427535234,-1.1911500775081323,0.24028288849884774,,,,,,
Pure | Short Brown hold 6m,team,holdout,FF5,48,6,42,-0.03044825376996988,-0.03424585392926574,-2.014676432777675,0.05037045030281018,0.043938563113383074,0.053149502314355,-0.013601854182402767,-0.4474769957517187,0.656830143115437,-0.030591339177724088,-0.561919170966081,0.5771577440845637,0.05399171738195156,0.6819031577666006,0.4990435826816879,,,,,,,-0.039180306270901535,-1.2687409134094003,0.21152034548207163,-0.11191963184134382,-0.8802347253492827,0.3837412825790551
Pure | Short Brown hold 6m,team,holdout,FF5+UMD,48,7,41,-0.03044825376996988,-0.03384468987112632,-2.033421113218258,0.04851710709384224,0.04200999606000942,0.0650081040538305,-0.013296371173127812,-0.4392122943598166,0.6628139114344496,-0.056063799053896204,-1.0236167872807984,0.3120182011037486,0.0628230643562246,0.7229883460818181,0.4737914807147413,,,,-0.035205268346829605,-1.4824047493313721,0.14587877388963688,-0.0618889659248221,-1.8662835803106494,0.06916568024359925,-0.10233320672207522,-0.8148004538967978,0.4198943970910389
Pure | Short Brown hold 6m,team,holdout,FF5+UMD+BOND,48,8,40,-0.03044825376996988,-0.038139574347101704,-2.20590933733591,0.03319728467298752,0.02739034832056357,0.09107901841619348,-0.003968427418371708,-0.12629499667951216,0.9001311184890656,-0.06064903127868116,-1.241813681624529,0.22153763448151903,0.052724880026009696,0.6557568653133821,0.5157348918258451,-0.11677883678392942,-1.570172003715452,0.12425282083935064,-0.047291740488918425,-2.080164534118214,0.043960896468971195,-0.0768688525311012,-2.4368860765717875,0.019357659758937048,-0.0736931377481165,-0.5983446063891311,0.5529832862336413
Pure | Short Brown hold 6m,team,covid,CAPM,24,2,22,0.07513041829006224,0.07412434318871111,2.4651662995322017,0.02197261174802336,0.013694967358453323,0.00018603442135467496,0.004293961166671384,0.09557484378545979,0.9247234892321557,,,,,,,,,,,,,,,,,,
Pure | Short Brown hold 6m,team,covid,FF3,24,4,20,0.07513041829006224,0.052978617154479934,2.0873378979214046,0.04986308567884526,0.03685760132276097,0.18922483421005187,0.013878748705105332,0.22381848431022558,0.8251689892944902,0.17034845409911709,1.3247248839992516,0.2002005694802438,-0.15498590807804463,-3.0138255101997404,0.006858967907718344,,,,,,,,,,,,
Pure | Short Brown hold 6m,team,covid,FF3+BOND,24,5,19,0.07513041829006224,0.0324151825003294,1.0291450870990277,0.3163354656595258,0.3034115019222994,0.33658224643460455,0.05489646507985255,0.7639195796337382,0.4542978960370657,0.22215612136496365,1.9779691890266162,0.06261927116801107,-0.015802562113869358,-0.1904044857113928,0.8510118259330779,0.626149542382807,1.7878487504991112,0.08976163993373214,,,,,,,,,
Pure | Short Brown hold 6m,team,covid,FF3+UMD+BOND,24,6,18,0.07513041829006224,0.010447800208254358,0.5203303385721036,0.6091745204132774,0.6028333538338287,0.6283625162622136,0.14849097840049524,4.420931717730176,0.00032983910548279276,0.34855892764662,11.161154877925751,1.6056647887537993e-09,0.13708022669936332,1.7635047821186791,0.09478236907983065,0.8316924618433543,2.518453068300619,0.021467646068409195,0.29479374150868937,8.156103921019461,1.859057405573337e-07,,,,,,
Pure | Short Brown hold 6m,team,covid,FF5,24,6,18,0.07513041829006224,0.0666792804149409,3.156073736221461,0.005465041843205604,0.001599084298371376,0.28298783328147203,0.08280079713536719,1.132870910821628,0.2721336503775008,-0.018232257461662266,-0.228849825943363,0.8215655884074686,-0.1595780266722558,-2.909816661718706,0.009345075486536712,,,,,,,-0.21885627058403767,-2.1971650295030156,0.04134143004108336,0.26665007165365806,2.4243079226297044,0.02608996884386897
Pure | Short Brown hold 6m,team,covid,FF5+UMD,24,7,17,0.07513041829006224,0.04438279934653379,2.0132796836326246,0.0601973650842026,0.04408521444308376,0.39833410634437405,0.09583640942565076,2.134295191217363,0.04767770333723367,0.18416507099892435,1.348901656788939,0.1950635504651557,-0.1447354421366863,-2.196158312395021,0.04224260628261153,,,,0.21128124821687908,1.86702581207416,0.07924096595397799,-0.062394089284595194,-0.682317763906497,0.5042298101773149,0.19329130462885957,1.0733030469998575,0.29813495680380636
Pure | Short Brown hold 6m,team,covid,FF5+UMD+BOND,24,8,16,0.07513041829006224,0.017010469327093908,0.7235543855738189,0.4797850076530526,0.46933935389897496,0.6040297014695688,0.14768651579359127,3.6347042861074876,0.002229607252190178,0.3136535618953544,2.901605864397699,0.010406262222122578,0.061623046124045316,0.9580125208706389,0.3523098713832686,0.8006818644411393,2.5965953282076386,0.0194750005596825,0.30123181915674985,4.319749609781044,0.0005284640850742597,-0.023639551003223666,-0.23372443462865836,0.81816309506562,0.054821381762886034,0.5445843821850821,0.5935490255503316
Pure | Short Brown hold 6m,team,inflation_rates,CAPM,36,2,34,-0.012571893709018695,-0.0112580557889946,-0.8333608279258693,0.4104576386704087,0.4046412600005891,0.018687517292427458,-0.02292910855190409,-1.4445929038093137,0.15772566324550033,,,,,,,,,,,,,,,,,,
Pure | Short Brown hold 6m,team,inflation_rates,FF3,36,4,32,-0.012571893709018695,-0.011042465438848004,-0.8057747779661069,0.42632021621336413,0.420372723540141,0.03410384599193794,-0.02304821337888739,-1.3587249821106833,0.18373483638630655,-0.012128915382969818,-0.3764889007582386,0.7090383514419658,-0.022084525828881277,-1.3999639026509823,0.1711451246547826,,,,,,,,,,,,
Pure | Short Brown hold 6m,team,inflation_rates,FF3+BOND,36,5,31,-0.012571893709018695,-0.01593781369715996,-0.8868370001970285,0.3819953208470815,0.37516666395947285,0.04778207087622621,-0.012471239156477933,-0.43261867045326136,0.6682867093430758,-0.011245373405453413,-0.3264552029776474,0.7462738312877748,-0.02665276150421029,-1.2279375882253563,0.22871266678105148,-0.05402957156979596,-0.6016433789028572,0.5517865031058349,,,,,,,,,
Pure | Short Brown hold 6m,team,inflation_rates,FF3+UMD+BOND,36,6,30,-0.012571893709018695,-0.015890565492474435,-0.8797475787580996,0.38598909810258664,0.37899606838087097,0.048328135029924724,-0.01319704998089937,-0.46059539635455665,0.6484104227534686,-0.014055747324111809,-0.420701940160949,0.6769712751238077,-0.026393654402892736,-1.2449886160931865,0.22277368540732975,-0.05553963160524332,-0.6171613547963671,0.5417845199136536,-0.005820993156937778,-0.5133204683054935,0.6114870246677356,,,,,,
Pure | Short Brown hold 6m,team,inflation_rates,FF5,36,6,30,-0.012571893709018695,-0.011200453016089892,-0.8657002473861525,0.3935251809877003,0.38665456432993195,0.15558802758157142,-0.025808244922872245,-1.2929906541742031,0.205883375408407,-0.08714419021172994,-1.7836150287012988,0.0846065372480809,0.06577863104184072,1.641626122574464,0.11111113149963442,,,,,,,-0.1123701594352535,-1.998979833007505,0.05474115054022988,-0.11067525311412384,-2.1147514740456597,0.04286884844780688
Pure | Short Brown hold 6m,team,inflation_rates,FF5+UMD,36,7,29,-0.012571893709018695,-0.0113257589625368,-0.8612259113849052,0.3961788008091112,0.3891136316785929,0.15568492291949987,-0.0254264892299413,-1.1471711768907897,0.2606874964527809,-0.08614843459921526,-1.8735707899434169,0.07109926134298748,0.06599788306180594,1.6342349471623427,0.11302042473981332,,,,0.0024868732360156676,0.11851239170046624,0.9064787856985138,-0.11204529751861186,-1.9519921576567894,0.06065505549303168,-0.11169918782963785,-1.9824486487439434,0.05697459422970508
Pure | Short Brown hold 6m,team,inflation_rates,FF5+UMD+BOND,36,8,28,-0.012571893709018695,-0.015385454078859107,-0.9828070791590522,0.334118975309479,0.32570239705789317,0.16805273565263645,-0.015459464341688314,-0.4606545654559972,0.6486043858644439,-0.08576106978517009,-1.8968427896550435,0.06820810150470158,0.05571553421259176,2.0583588894304805,0.048970453602364156,-0.05320311215299492,-0.7267620442675774,0.47340441298551067,-0.0025722076772781693,-0.14818907190514238,0.883255608211218,-0.11765200230430997,-2.257129699669142,0.03199050980512989,-0.1009921227197611,-2.4416995970528887,0.021192626878826285
Pure | Short Brown hold 6m,team,last18,CAPM,18,2,16,-0.0549375906611512,-0.060140700424326815,-2.4608648890237084,0.025609466797098798,0.013860255112268459,0.012986153154514346,0.043846430588558694,0.6472222963241243,0.5266657613331766,,,,,,,,,,,,,,,,,,
Pure | Short Brown hold 6m,team,last18,FF3,18,4,14,-0.0549375906611512,-0.0770181868962239,-3.0495848763899303,0.008656926979284559,0.0022915787095992434,0.0656298462903373,0.08804371128194471,0.7946545545803856,0.44007841225299665,0.07115982804644959,0.9841546323557796,0.34174297680765553,0.11856220123134102,0.9305096748905457,0.367875670001423,,,,,,,,,,,,
Pure | Short Brown hold 6m,team,last18,FF3+BOND,18,5,13,-0.0549375906611512,-0.07710434927377857,-3.7446233076804485,0.002452447509723769,0.00018066463126893516,0.11446862312242312,0.0747646204630753,0.6305205004307962,0.5392805746635106,0.03400225900605213,0.2937511782088837,0.7735854179159636,0.1454574213345558,1.313553632007257,0.2117072327112797,-0.42347395703757007,-0.8456918206647055,0.4130203047869991,,,,,,,,,
Pure | Short Brown hold 6m,team,last18,FF3+UMD+BOND,18,6,12,-0.0549375906611512,-0.07254545834291504,-4.027604696782336,0.0016763949765451459,5.6347978105431e-05,0.14726803815856548,0.0927317307692298,0.8040768165407584,0.43699232490596485,0.06571270907771787,0.5711343638015125,0.5784482925565079,0.12339668734060977,1.26648825237216,0.22937017033844267,-0.36858577658061414,-0.7320735179384698,0.47817842530001897,-0.06525378873607438,-1.1732975895326965,0.26343953989580915,,,,,,
Pure | Short Brown hold 6m,team,last18,FF5,18,6,12,-0.0549375906611512,-0.09197938340566202,-2.6589507896332405,0.02083175782475244,0.007838441108875318,0.1320676444303328,0.103679167453425,0.7900274191028798,0.4448434732699233,0.03864958728552523,0.5547676719196476,0.5892446221982881,0.24729512484769614,2.749580509531048,0.01761596241970207,,,,,,,-0.03954987910738127,-0.813604530333338,0.4317195604171518,-0.17498664779963302,-0.7799011430843282,0.45055827642693497
Pure | Short Brown hold 6m,team,last18,FF5+UMD,18,7,11,-0.0549375906611512,-0.09976393428256503,-2.909486773742372,0.014202057199964226,0.0036202270454680006,0.2763109209444621,0.14329599805287105,1.548131103549562,0.14986337977813396,0.05235778234293251,0.6974968580071665,0.4999689983614954,0.2804112829845577,2.1704838048600568,0.05273263409114808,,,,-0.16544673096593354,-2.6813322365034877,0.021357307234822744,-0.1510789657228661,-2.3438770982043797,0.03890532134628315,-0.19811790634827026,-0.8352820989965414,0.4213308657025803
Pure | Short Brown hold 6m,team,last18,FF5+UMD+BOND,18,8,10,-0.0549375906611512,-0.10526863107876025,-2.976274203989238,0.013895928503535257,0.002917738529329893,0.35777885344958116,0.12612147510014257,1.2668242169889894,0.23392750954390265,-0.008660991302270653,-0.08097966006238252,0.9370559391226031,0.3570345536595274,3.1023414394619175,0.011205878367481353,-0.5658142398174416,-1.613165608728956,0.1377837988766406,-0.16593283022202326,-3.230354026611463,0.009015542367543266,-0.17868013916383807,-3.1201216471531343,0.010871725212534744,-0.20630894592429566,-1.0264620683050278,0.32886245511479234
Pure | Short Brown hold 6m,team,last12,CAPM,12,2,10,-0.04630753662349669,-0.04208455339147729,-1.0275155675666732,0.328390147188439,0.3041777588341573,0.0036601039812316216,-0.028984099052981396,-0.6344504187578285,0.5400291272421912,,,,,,,,,,,,,,,,,,
Pure | Short Brown hold 6m,team,last12,FF3,12,4,8,-0.04630753662349669,-0.05239886340954057,-1.0027462160080616,0.3453451041244221,0.31598332497749293,0.03518763216721843,-0.010708757146562442,-0.08664191995433118,0.9330854796300606,0.15909715429511806,1.4346097314029376,0.1893110544671733,0.010834199417375318,0.051511300105075424,0.9601810708956936,,,,,,,,,,,,
Pure | Short Brown hold 6m,team,last12,FF3+BOND,12,5,7,-0.04630753662349669,-0.05216875437429049,-1.7580737514721574,0.12214530162241109,0.07873496130136194,0.11200562738416675,-0.023161606675085128,-0.16377848812674314,0.874533987521313,0.2921596448680635,1.7043139255273134,0.13209775953733294,-0.05112499889043118,-0.20366006026428568,0.8444132257878175,-0.6644201586963836,-0.8070223896931821,0.4462033883457257,,,,,,,,,
Pure | Short Brown hold 6m,team,last12,FF3+UMD+BOND,12,6,6,-0.04630753662349669,-0.036482307500929734,-0.9597502107455854,0.37424333912300073,0.3371809461114694,0.17602226089573147,0.01171419185937847,0.07417975159063137,0.9432786352600163,0.462936171012888,1.7543386084180197,0.12990865807195295,-0.15203175091804838,-0.5537704098614674,0.5997495616524975,-0.6755997549560793,-0.8106319495911335,0.4485280262264169,-0.10442578129526447,-2.0026195396324464,0.09209143569272794,,,,,,
Pure | Short Brown hold 6m,team,last12,FF5,12,6,6,-0.04630753662349669,-0.1312449965267959,-1.301741555565267,0.24074644381282675,0.19300474880515472,0.43683819554155245,-0.06872262283218322,-0.5988760959635402,0.5711581227131183,0.04568136703745165,0.37790915804413766,0.7185063447825526,0.6157510908716157,2.2078854991059274,0.06934491580249252,,,,,,,-0.046190063259937644,-0.5729494233755502,0.5874921409552774,-0.6808803128028428,-3.89392686449263,0.008040164707307541
Pure | Short Brown hold 6m,team,last12,FF5+UMD,12,7,5,-0.04630753662349669,-0.1906956618041311,-2.5776748818072477,0.04957164677788919,0.009946753519914715,0.6592004003483147,0.0751578710886511,0.7913705541010563,0.46459559933775535,-0.0029682104474827165,-0.016448358086165772,0.9875128621357221,0.8497724856431572,3.749619119692893,0.013298942757539865,,,,-0.23738337428354966,-5.236093254716404,0.0033647076190362777,-0.238613134694996,-5.6642444939417285,0.0023850547583554906,-0.7087651742726104,-4.919673168771108,0.004398747563481477
Pure | Short Brown hold 6m,team,last12,FF5+UMD+BOND,12,8,4,-0.04630753662349669,-0.1877672408382781,-2.7887451431078216,0.049375274185365164,0.005291268544442544,0.6754844887471677,0.06559731914989181,0.5719906708728635,0.5979387300578407,0.054979096589957144,0.2125506343178824,0.8420698441599226,0.7858111444630125,2.7075679465859035,0.05367214851263864,-0.3052021924375489,-0.6938870289360359,0.5259427176182772,-0.2310514591744604,-6.698705772127364,0.0025838681188629013,-0.23526898642309185,-5.949525592551909,0.004004547594720809,-0.6862643838082669,-6.521320685694566,0.002855094152052702
Continuous | raw attention,team,full_live_1999,CAPM,329,2,327,0.0015129639412206843,0.0021963272689365866,0.6057800890682705,0.5450810272454171,0.5446607931162134,0.004549457459573802,-0.008567561993877352,-0.9539764248030062,0.34080023421976297,,,,,,,,,,,,,,,,,,
Continuous | raw attention,team,full_live_1999,FF3,329,4,325,0.0015129639412206843,0.002478551494840293,0.6860364108355738,0.49317925361918513,0.4926901481518883,0.009806403491366744,-0.008846106452389048,-1.007633053278444,0.31438026106598976,-0.0016198016848029222,-0.13420957166791975,0.893319928800217,-0.012223116849369012,-0.9295077826200858,0.35331585691739514,,,,,,,,,,,,
Continuous | raw attention,team,full_live_1999,FF3+BOND,329,5,324,0.0015129639412206843,0.0029122034704924344,0.798355451870355,0.42524902807212284,0.42466424719995677,0.013396806561434382,-0.009743087763062912,-1.0405212649741786,0.2988736146128319,-0.0022101643489520414,-0.17940608189842802,0.8577309984109215,-0.013705324462682862,-1.0018888316354042,0.31714494137130445,-0.019372945482332496,-0.6367061486688572,0.5247658446858027,,,,,,,,,
Continuous | raw attention,team,full_live_1999,FF3+UMD+BOND,329,6,323,0.0015129639412206843,0.0015962276830210282,0.43483863540911266,0.6639699357742662,0.663679558978939,0.03708416633650391,-0.0021990895162409124,-0.23997688458394462,0.8105004002879432,-0.004341001863674967,-0.36227462941722777,0.7173837260295188,-0.007191130677532408,-0.673554866716531,0.5010760318593319,-0.018438611269686937,-0.6176359994721572,0.5372505026067775,0.018826197490980332,1.6895640076308964,0.09207631877960584,,,,,,
Continuous | raw attention,team,full_live_1999,FF5,329,6,323,0.0015129639412206843,0.004319739342824041,1.1291695716301817,0.25966421555782904,0.25882630718868016,0.027089919790537875,-0.014100107091108297,-1.1230798601673933,0.26223764545864287,-0.015623676574527692,-1.1271864782109469,0.2605003080957441,0.0009378263884846236,0.0490694851509137,0.9608942492731711,,,,,,,-0.03184681343060548,-1.7773295915127603,0.07645495071373422,-0.005824043560276517,-0.29265674493878996,0.7699724441172783
Continuous | raw attention,team,full_live_1999,FF5+UMD,329,7,322,0.0015129639412206843,0.0031497129350636214,0.8112066692437323,0.4178461972472331,0.41724699630494444,0.0522144517316776,-0.007109884472299436,-0.597061762794883,0.550885729317907,-0.01748971027776737,-1.2480101026541845,0.2129341091345406,0.01079206681105065,0.5729593156389978,0.5670721199925268,,,,0.01952866815318252,1.783350084879133,0.07547113336622756,-0.03178300146691969,-1.7893600637313458,0.07449655663599386,-0.012645203093157623,-0.6180670208890111,0.53696806173601
Continuous | raw attention,team,full_live_1999,FF5+UMD+BOND,329,8,321,0.0015129639412206843,0.003343099517249072,0.8452541824031967,0.39859851292934845,0.3979689364472867,0.05359294666663583,-0.007447903883754069,-0.6131205037509727,0.540230823235765,-0.01729001540886122,-1.2526833801412156,0.2112327659141417,0.00920438406774727,0.5092220594325614,0.6109464425128859,-0.012145139472962323,-0.4228189714946922,0.6727104471728816,0.01941299723876092,1.7899467252022516,0.07440490713809411,-0.03043424156902109,-1.837420918467808,0.06707196284202159,-0.012017250101559894,-0.5975662436777994,0.5505506994882281
Continuous | raw attention,team,post2010,CAPM,199,2,197,0.003397380859813273,0.002547379560088656,0.7562788103452525,0.4503854765970098,0.44948204981381534,0.004905655136983711,0.006524650475421171,0.890439682244985,0.37431599649029845,,,,,,,,,,,,,,,,,,
Continuous | raw attention,team,post2010,FF3,199,4,195,0.003397380859813273,0.002499462444788374,0.8449146401906709,0.3991939537743187,0.39815849976355056,0.02703518295884688,0.0065174835688413335,0.82008823889148,0.4131671044386723,0.00216859309987549,0.18043480593192485,0.8569986115845506,-0.018499100583380956,-1.5992335301137761,0.11138770760743516,,,,,,,,,,,,
Continuous | raw attention,team,post2010,FF3+BOND,199,5,194,0.003397380859813273,0.0025484575897265133,0.9123652554746525,0.3627088470745367,0.3615764732302833,0.027304961988348087,0.00638597795818199,0.7608344167842814,0.44767973893330354,0.0019982615483098926,0.16658613766158079,0.8678691987680337,-0.019284234267387363,-2.028466964298439,0.04387961805995682,-0.004155771803166082,-0.16366113405405353,0.8701682881910999,,,,,,,,,
Continuous | raw attention,team,post2010,FF3+UMD+BOND,199,6,193,0.003397380859813273,0.001974341064675456,0.7051976714086123,0.4815374382688419,0.4806872302335551,0.03459013078073325,0.008213333798067579,1.0296767619027345,0.3044504307032563,0.003878238105182883,0.31348325111354475,0.7542520774210256,-0.01582448924520878,-1.6588290750511336,0.09877444376901043,-0.0013441817123206977,-0.05402250850122213,0.9569731098515204,0.010175840579059079,1.2880956802530936,0.19925484301545496,,,,,,
Continuous | raw attention,team,post2010,FF5,199,6,193,0.003397380859813273,0.0025641811808232856,0.9807241662552318,0.32795655106206606,0.32672878328994526,0.04216809478660144,0.008338074093354218,0.8937530925051829,0.3725671449840988,-0.007264737076566,-0.6633275295926047,0.5079123202121548,-0.022102028052774298,-1.1219833934096488,0.2632634351832104,,,,,,,-0.021408532176617666,-1.5232722454548773,0.12932744320296763,0.017055077806155776,0.6726535962296034,0.5019722447962527
Continuous | raw attention,team,post2010,FF5+UMD,199,7,192,0.003397380859813273,0.002213511965916569,0.8116710336536844,0.4179855308169579,0.41698041967354693,0.04491052960251618,0.009231409463742967,1.0429610977922388,0.29827773112778144,-0.005378634015692208,-0.47880286886932205,0.6326236918796885,-0.019791538776690806,-0.9393433799743433,0.3487346909144511,,,,0.006456746707309928,0.7654482688674588,0.444944564613631,-0.019019842738712982,-1.4909140768618503,0.1376251170899067,0.014586287320759587,0.5495837572403741,0.5832435799418999
Continuous | raw attention,team,post2010,FF5+UMD+BOND,199,8,191,0.003397380859813273,0.0022356934157026134,0.8561580026515253,0.39298320196771525,0.39191038909809883,0.04496194224163086,0.009172416695430171,0.9888974603388687,0.3239644045103597,-0.00540135201956324,-0.4798521045671419,0.6318815991735556,-0.02030961855758115,-1.2122635842977694,0.22690890304749461,-0.0018612437789664186,-0.09229646632949885,0.9265592296141312,0.006337201139964777,0.8019192202545887,0.42359626737874084,-0.01890616431897351,-1.5327520168912263,0.1269916460226952,0.014884834805953075,0.6228591705189875,0.5341200383011248
Continuous | raw attention,team,validation,CAPM,151,2,149,0.006553911478892902,0.0057270682314914945,1.4301786116924797,0.1547593944491911,0.1526657624385779,0.004215193483891433,0.006332203880754492,0.6905885075005582,0.490898553065769,,,,,,,,,,,,,,,,,,
Continuous | raw attention,team,validation,FF3,151,4,147,0.006553911478892902,0.005281554754812269,1.5989010459769917,0.11198978048967224,0.10984259160520858,0.031625674301983264,0.007254866564735654,0.683959892901394,0.4950772698207662,0.0011193533805581675,0.06651534772024308,0.9470579180284223,-0.0218486338674138,-1.5235199235334276,0.12977709443768717,,,,,,,,,,,,
Continuous | raw attention,team,validation,FF3+BOND,151,5,146,0.006553911478892902,0.005481025338165662,1.9595355187392365,0.05195475160123014,0.0500501044610989,0.03227262216672544,0.00687652683762664,0.5778425242057603,0.5642605778530345,0.0003670597102236804,0.02210380001885141,0.9823953356354768,-0.023708829578596467,-2.1316738993459623,0.03470775219853897,-0.0075339118060116245,-0.20681425359440758,0.8364430766293657,,,,,,,,,
Continuous | raw attention,team,validation,FF3+UMD+BOND,151,6,145,0.006553911478892902,0.00432855711014816,1.4852177551074512,0.1396569862097686,0.1374861501605686,0.04880685360340187,0.011146789235142198,0.9920803503422158,0.322810984422361,0.00311096190250919,0.18938407241327568,0.8500566469404314,-0.014959323902786295,-1.264151545846643,0.2082039989759195,9.864241455213017e-05,0.002775537516693903,0.997789259210012,0.018302663900993065,1.5726576497372768,0.11797761111532495,,,,,,
Continuous | raw attention,team,validation,FF5,151,6,145,0.006553911478892902,0.005434493403290445,2.027394991047327,0.04445407692888296,0.04262203379336339,0.06207656126460459,0.01129584650594872,0.8572838760205005,0.3927027112820958,-0.014534513713683226,-1.0943843335829253,0.2756010661651676,-0.028678841313734358,-1.2249579896216762,0.22257725166421224,,,,,,,-0.03568002380271164,-1.5035739965606825,0.13486602344268359,0.028183270348231315,0.88038605215737,0.38010705697978564
Continuous | raw attention,team,validation,FF5+UMD,151,7,144,0.006553911478892902,0.004798270979891132,1.7348327397092311,0.08491008313720645,0.08277043536168095,0.07181817974508853,0.013699129916589984,1.1449701875378602,0.2541209465973956,-0.012139646269867028,-0.9261378598391927,0.3559238961289823,-0.02181267416447917,-0.7752883363400451,0.4394406045940115,,,,0.014111478370885418,1.0492449505937969,0.2958231736457279,-0.0333511872747821,-1.5149321450476245,0.13198154560336336,0.022795935588272698,0.6419823520521023,0.5219053072402988
Continuous | raw attention,team,validation,FF5+UMD+BOND,151,8,143,0.006553911478892902,0.004705737993548814,1.8076970937284176,0.07275539993687856,0.07065365717712324,0.07198289669112923,0.013948839709727427,1.0497378335959202,0.29560949899059447,-0.011930760780464676,-0.8888899026449971,0.3755550620826905,-0.020545033920440922,-0.9730370978770709,0.33217792323547035,0.003974023962553289,0.13614926222446314,0.8918947641833462,0.014488865027824495,1.1838034967376831,0.23845494318024113,-0.03400296275993344,-1.718892591094751,0.08779790795885266,0.0224006816206349,0.6784313352739434,0.4985946531539033
Continuous | raw attention,team,holdout,CAPM,48,2,46,-0.006532538379374727,-0.007451894636015711,-1.921500090898402,0.060877142175345816,0.054668690920249285,0.009304901086229278,0.0071088827113163265,0.9038193175488897,0.37080031989647017,,,,,,,,,,,,,,,,,,
Continuous | raw attention,team,holdout,FF3,48,4,44,-0.006532538379374727,-0.007633294331073069,-1.9844112506342968,0.05346830202114475,0.04721001283565033,0.014684481426512241,0.007724713745662598,0.909648718864348,0.3679639743880638,-0.005018044598514843,-0.5455951354392584,0.5880997693108019,-0.0044703097737771565,-0.45892897359736967,0.6485442947683845,,,,,,,,,,,,
Continuous | raw attention,team,holdout,FF3+BOND,48,5,43,-0.006532538379374727,-0.00859465585706796,-2.168705148787429,0.03568159045149232,0.030105076243758605,0.027038900380139785,0.009396697893660513,1.1120036329058551,0.27231524076859964,-0.004970129527983136,-0.5051406779422521,0.6160394084813737,-0.004323260379523875,-0.418505333226738,0.6776606382930295,-0.020180610075992363,-1.0533831533540983,0.29804882697972296,,,,,,,,,
Continuous | raw attention,team,holdout,FF3+UMD+BOND,48,6,42,-0.006532538379374727,-0.008562818758932141,-2.206788417271779,0.03284871862655396,0.027328844646074588,0.033032764908334955,0.00966046975918172,1.0408511989447744,0.30389941648406354,-0.007514457864023016,-0.7845181075952179,0.43713884958849497,-0.004033594355272637,-0.41003805981780095,0.6838621215926511,-0.022336133925934837,-1.1241972817196793,0.2673136814135237,-0.005913405957805479,-0.9978997456096154,0.32404276175103197,,,,,,
Continuous | raw attention,team,holdout,FF5,48,6,42,-0.006532538379374727,-0.009273780251006745,-1.9635816741482908,0.0562214718707741,0.04957862433359873,0.055808908299683435,0.007326515411657474,0.9015502216886663,0.3724369520625138,-0.0151418994920664,-0.9859879169186906,0.3297853409175504,0.017487079945513042,0.8751492595020877,0.38647011459984043,,,,,,,-0.009050425822993527,-0.7962660177472526,0.4303553826186097,-0.028031355490703642,-0.7922015627323903,0.43269508547707614
Continuous | raw attention,team,holdout,FF5+UMD,48,7,41,-0.006532538379374727,-0.009167006981078746,-1.998289755183681,0.052346690526063236,0.04568525554811906,0.06777241398924061,0.007407822346179504,0.8483889868521435,0.4011474811092558,-0.021921614122292418,-1.3994073090690848,0.16921156953186123,0.019837619020935816,0.9202614580508015,0.3628192604494903,,,,-0.009370185448610924,-1.4323019484611492,0.15963795711698692,-0.01509453121512831,-1.5014493881444366,0.1409023155753277,-0.025479845862319918,-0.7199697992721871,0.47562814553634936
Continuous | raw attention,team,holdout,FF5+UMD+BOND,48,8,40,-0.006532538379374727,-0.009941588705509919,-2.1176241577152046,0.04047213964349509,0.03420691057938579,0.07984865310810696,0.00909011550199601,1.0189576238167415,0.3143467806451653,-0.02274856001652039,-1.5747260279996451,0.12319692471547082,0.01801641310122471,0.8729494195070271,0.38790108514142535,-0.021061044430681672,-1.1351415406263077,0.26307238873121785,-0.011549978755387205,-1.6599563880068133,0.10474419269077113,-0.01779615135512985,-1.8098382767870969,0.07783901501123826,-0.020314614029480316,-0.5876557509414112,0.5600664826031517
Continuous | raw attention,team,covid,CAPM,24,2,22,0.03199664992961995,0.02959419276822606,1.7646719126909531,0.09149964200938937,0.07761892170790329,0.005805827751030002,0.010253765093443785,0.4697735087008635,0.6431399066746012,,,,,,,,,,,,,,,,,,
Continuous | raw attention,team,covid,FF3,24,4,20,0.03199664992961995,0.021398580827571474,3.283784794191784,0.003711927394499362,0.0010242310122090328,0.15122300601735938,0.019287566319354514,0.674194751759581,0.5079058926559141,0.03585853521804346,0.9464194639370886,0.3552299657652015,-0.0636745110665537,-3.112620730272622,0.005485547674251644,,,,,,,,,,,,
Continuous | raw attention,team,covid,FF3+BOND,24,5,19,0.03199664992961995,0.010505101940041256,1.1872778275885094,0.24975024904535598,0.23511805090511695,0.37754887884594457,0.041016700331158486,1.1332649791337086,0.27120115206874046,0.06330364538881823,2.3203285057657674,0.031605953282014536,0.010057862258080913,0.24022012886792482,0.8127323780313014,0.3317027011830956,1.6231367138340242,0.12103551397797707,,,,,,,,,
Continuous | raw attention,team,covid,FF3+UMD+BOND,24,6,18,0.03199664992961995,0.004601683566696062,0.611514897574812,0.5485050468121948,0.5408587588420071,0.4928747562056849,0.06616888106143665,2.5955254599888486,0.018270396086011435,0.09727258347730064,5.105786807581113,7.388419362419384e-05,0.05114291519922661,1.2802028407008623,0.216726759338544,0.3869394076382,1.8904039686458827,0.07491515932237362,0.07922158256413632,4.647963899636806,0.0002000220639375254,,,,,,
Continuous | raw attention,team,covid,FF5,24,6,18,0.03199664992961995,0.02382834835783944,5.407772733354635,3.874492709384384e-05,6.381332565532807e-08,0.23009468733934513,0.04249934866416183,1.2662526675806163,0.22156523406220363,-0.019114350071834922,-0.6209607006581734,0.542409508761981,-0.06898287380909154,-2.0363870999146974,0.056697602945302135,,,,,,,-0.06268660964828399,-1.8030893695687422,0.0881410328485263,0.10727310503841772,1.780872730417525,0.09181662123769628
Continuous | raw attention,team,covid,FF5+UMD,24,7,17,0.03199664992961995,0.020386075758766473,2.744834450328854,0.013816770913313767,0.006054142983527728,0.24514140495193715,0.04451186942298968,1.6394929850321032,0.11948287781080057,0.012133037161509201,0.22429378537118344,0.8252022870154692,-0.06669138117895591,-1.694972415404385,0.10831808357078182,,,,0.032618943285423446,0.6187255620967967,0.5442994892208065,-0.03853098267621438,-0.8626257427508459,0.4003492031148301,0.09594751187165358,1.162577958742433,0.26106191324495687
Continuous | raw attention,team,covid,FF5+UMD+BOND,24,8,16,0.03199664992961995,0.007859337006896405,1.0893556331157945,0.29213308979272823,0.2759970883488354,0.4809164483222421,0.06824067644331207,2.3233335188673556,0.03366288013143482,0.07139246066259554,1.876111626984957,0.07900425401706117,0.027747012258400906,0.8569652857940326,0.4041173988617968,0.36642596856355064,1.9319845056558478,0.07126774413619985,0.07378413828143116,2.3806083168648753,0.030055875855350994,-0.020795262839601744,-0.42985120156790657,0.6730370157992874,0.032577804305591235,0.6843340508658994,0.5035568282386119
Continuous | raw attention,team,inflation_rates,CAPM,36,2,34,-0.004011041678228017,-0.0038346003364426633,-1.740447142313997,0.09082545600699532,0.08178053381925787,0.006770613206936171,-0.0030792555285402237,-0.7584705804447404,0.4533952250193761,,,,,,,,,,,,,,,,,,
Continuous | raw attention,team,inflation_rates,FF3,36,4,32,-0.004011041678228017,-0.005066510312116838,-2.159881388764636,0.03837963416871939,0.030781852880212082,0.07670154130069462,0.00038483937551350624,0.07233704706240077,0.9427839285125346,-0.01669407526723198,-1.4926902610972939,0.14531292840096796,0.002376346819579019,0.4447324004801895,0.6595067766119198,,,,,,,,,,,,
Continuous | raw attention,team,inflation_rates,FF3+BOND,36,5,31,-0.004011041678228017,-0.004724126987653934,-1.6544900448295818,0.10811969134278614,0.09802798438424513,0.07804568914484034,-0.0003549199645657493,-0.06575817766579811,0.9479926070117218,-0.016755870674545648,-1.5077303534662339,0.1417480310765296,0.002695851711757735,0.43688848057704804,0.6652204555040342,0.0037788576741120544,0.21054437578772686,0.8346206444419078,,,,,,,,,
Continuous | raw attention,team,inflation_rates,FF3+UMD+BOND,36,6,30,-0.004011041678228017,-0.00466740194641019,-1.6020132933107778,0.11963144034939732,0.1091526699408809,0.09385751288185595,-0.0012263107237385235,-0.22041118358074563,0.8270440549498341,-0.02012993700166541,-1.6875703679944232,0.10186564542204202,0.003006929372943321,0.5642418686102953,0.5767840697643882,0.001965916455256499,0.11109324517637058,0.9122823352158361,-0.006988542297102512,-1.2030163088423846,0.2383784312110134,,,,,,
Continuous | raw attention,team,inflation_rates,FF5,36,6,30,-0.004011041678228017,-0.0053737385414245,-2.3622958664126865,0.024845882606198105,0.018162140801960124,0.31365295526049153,-0.0006621376472956669,-0.17717324067984747,0.8605631072769138,-0.039439994737876766,-3.129031029338673,0.0038856992588146007,0.03409354598924759,3.6577850556159586,0.0009687112573773732,,,,,,,-0.03081315492965442,-2.8259671881436774,0.008307363799525336,-0.038007277534322675,-3.1455982658145154,0.0037244247718256187
Continuous | raw attention,team,inflation_rates,FF5+UMD,36,7,29,-0.004011041678228017,-0.005097401116192428,-2.3489648488520105,0.025850354741104482,0.01882568395280459,0.3231196464535757,-0.001504024151835339,-0.3602938572502315,0.7212383674843161,-0.04163593635058625,-3.9432354647156687,0.0004666362432036576,0.03361002912199548,4.028928785340673,0.0003698189041784637,,,,-0.005484305944014019,-1.201604431811682,0.2392382037822554,-0.031529573488759066,-2.8382575005771726,0.008198102572245755,-0.03574919249595083,-2.9739936017085924,0.005867249923954571
Continuous | raw attention,team,inflation_rates,FF5+UMD+BOND,36,8,28,-0.004011041678228017,-0.004715305040157478,-2.103222379168402,0.044558525326639786,0.035446334905807425,0.32532059806847613,-0.0024421145725254064,-0.42317073302229646,0.675403391151388,-0.04167239489518128,-3.9911615779398564,0.0004302816064386043,0.03457779764527966,4.808028515108901,4.687629033411963e-05,0.005007445092311021,0.3312549215701333,0.7429184139912788,-0.005008148274552343,-1.2845816038859417,0.20946501131960302,-0.03100187378798872,-2.970212902202594,0.006046173845689338,-0.03675693505964389,-3.454385269024597,0.001774637589417296
Continuous | raw attention,team,last18,CAPM,18,2,16,-0.011022916452384346,-0.014898465816009681,-1.856938947266989,0.0818267085578729,0.06331984065839168,0.07649965957860927,0.032659123850775344,3.2226704136578888,0.005318124473074025,,,,,,,,,,,,,,,,,,
Continuous | raw attention,team,last18,FF3,18,4,14,-0.011022916452384346,-0.02513089198527912,-2.986837627768987,0.00980393597333996,0.002818793917633474,0.15066117733833995,0.060604357501777374,2.357689663191165,0.03346908701943275,-0.016594846140894966,-0.8592721448567243,0.4046637846826099,0.05711365679796466,1.4955893641951714,0.1569592277246942,,,,,,,,,,,,
Continuous | raw attention,team,last18,FF3+BOND,18,5,13,-0.011022916452384346,-0.025156776191707923,-4.034282835385488,0.0014176300559605708,5.4769315975417e-05,0.19746028269283322,0.05661516015489213,1.9648725527079236,0.07116836771820229,-0.02775742329730893,-0.8647652858931192,0.4028432700870779,0.0651933018687839,1.995058250474604,0.0674342476759257,-0.1272166301844075,-0.7717303402609621,0.45407467950648056,,,,,,,,,
Continuous | raw attention,team,last18,FF3+UMD+BOND,18,6,12,-0.011022916452384346,-0.02374288137184988,-4.176450345972513,0.0012846006930468871,2.9609333888467497e-05,0.230958393322226,0.062187481268720035,2.1855825734906347,0.04939738579686064,-0.017922741623272443,-0.6325321939267287,0.5389052272682818,0.058351383957315414,2.098654485212091,0.057682580284881275,-0.11019360524337804,-0.6762951921403404,0.5116779777866334,-0.02023781557164163,-1.369720539548295,0.19585970356357488,,,,,,
Continuous | raw attention,team,last18,FF5,18,6,12,-0.011022916452384346,-0.028564093409614383,-2.448151531411358,0.030696819839261244,0.014359125195980826,0.2373842178444422,0.06620343674108856,2.0492840974720954,0.0629512179770278,-0.016894269557314726,-1.0476000938497603,0.3154653910037751,0.10725218077589865,5.477249343336585,0.00014132714560012236,,,,,,,-0.001756043407984846,-0.09537894860288897,0.9255880884067644,-0.06838850701010309,-1.3260685329306092,0.20950440120661082
Continuous | raw attention,team,last18,FF5+UMD,18,7,11,-0.011022916452384346,-0.030844115797385156,-2.7275663265849563,0.019663702016600094,0.0063803429148923925,0.3687690076483806,0.07780683713343009,3.648872568155152,0.003828265742759044,-0.012879267006615127,-0.915468185107192,0.37957741327054734,0.11695159480028754,3.967714910968537,0.002204712542497796,,,,-0.04845780528007658,-2.663057779767705,0.02206588606427061,-0.03442187325379044,-1.6040074671514688,0.13701538239639743,-0.075163437019834,-1.3410080522601675,0.20695140622352431
Continuous | raw attention,team,last18,FF5+UMD+BOND,18,8,10,-0.011022916452384346,-0.032400511534253405,-3.1094357972252915,0.011071310152082247,0.0018744501718867446,0.43791999196965836,0.07295091948782095,2.974362767549504,0.01394141985871162,-0.03013169028921342,-1.457458515932371,0.175665437061908,0.13861602723657604,5.409982775901766,0.0002971888944587688,-0.15997808840623148,-1.4336742636235957,0.18218357863856124,-0.04859524478635345,-3.5129034821430576,0.005604422843289062,-0.04222581782450364,-2.3504392652369543,0.04061020072622247,-0.07747936822343028,-1.6911687899652268,0.12168137874549212
Continuous | raw attention,team,last12,CAPM,12,2,10,-0.005421555306083067,-0.009548344328563739,-0.7133113193545652,0.4919639371932422,0.4756531346205566,0.03797844970778819,0.028323877985454205,2.008384608746822,0.07236939756177439,,,,,,,,,,,,,,,,,,
Continuous | raw attention,team,last12,FF3,12,4,8,-0.005421555306083067,-0.01805428487460877,-0.9481602480359815,0.3708054942904087,0.3430478807762323,0.05149327898423539,0.044143059558675916,1.0919393367050592,0.3066496789354507,-0.009432502280753055,-0.22586386873596911,0.8269707951110524,0.03592212155082157,0.516847357716071,0.6192437828536888,,,,,,,,,,,,
Continuous | raw attention,team,last12,FF3+BOND,12,5,7,-0.005421555306083067,-0.017987647148851767,-1.4939317067237436,0.17883693303936585,0.13519347015971364,0.12149261962421354,0.04053681449805448,0.8895181244146724,0.40325713246676376,0.02910132471872872,0.5698880896281958,0.5865695809883467,0.017979236081450682,0.22224734028722312,0.8304664979053559,-0.1924107337833063,-0.7843142296236888,0.45857004858266076,,,,,,,,,
Continuous | raw attention,team,last12,FF3+UMD+BOND,12,6,6,-0.005421555306083067,-0.013184783833453591,-0.8764794549430829,0.41447917375447707,0.38076944058597306,0.18670080432512826,0.051215057616376826,1.009346557791419,0.351765934798743,0.08138954009177371,1.0830057396182824,0.32039723272875437,-0.01291630970415722,-0.14945751389103432,0.8860898436620152,-0.1958336933094587,-0.7912012311737527,0.45895165137721755,-0.03197299925304033,-2.068104612303801,0.0841077528153211,,,,,,
Continuous | raw attention,team,last12,FF5,12,6,6,-0.005421555306083067,-0.036451731111616203,-1.099952234501029,0.3135153717927283,0.27135293407538585,0.33146348349582366,0.03096162273582307,0.8001732834341676,0.4541173410970898,-0.03207589475941571,-0.8096060264889425,0.44907410635667233,0.19594366541059377,2.2367403824705487,0.06664514192395983,,,,,,,-0.005723429398117753,-0.21185159932028447,0.8392359432903075,-0.17536893991949673,-3.3416568740897077,0.015579666618697094
Continuous | raw attention,team,last12,FF5+UMD,12,7,5,-0.005421555306083067,-0.05358455836092,-2.085696658648567,0.09139802819266486,0.03700610930913288,0.5321247714431296,0.0724259130913751,2.102661207985583,0.08945069076392073,-0.04609600375084141,-0.8111855270883034,0.4541253580461717,0.26338526779734617,3.477975040698348,0.017697158159906027,,,,-0.06841047656042605,-5.024851431330678,0.004018441533431761,-0.0611769928914457,-4.087057511988916,0.009474085525708125,-0.18340495620633934,-3.790473025659697,0.012752239687911112
Continuous | raw attention,team,last12,FF5+UMD+BOND,12,8,4,-0.005421555306083067,-0.052598504375697366,-2.235825118825348,0.08903333216060205,0.025363228868695003,0.552185920811058,0.06920669684819562,1.693178474905944,0.1656743305774766,-0.02658406414125003,-0.325222401959016,0.7613128701891058,0.24184829066656915,2.515305448276581,0.06568460610108685,-0.10276727344220969,-0.6955902430611209,0.5249819009058141,-0.06627840258601714,-5.84539570200674,0.0042714788853011115,-0.060050955764564935,-3.9407288143046775,0.016949408468690363,-0.1758285201793005,-5.047475083251807,0.007243917797002073
Continuous | pure attention,team,full_live_1999,CAPM,329,2,327,0.0009460999642793297,0.0014090386254306518,0.39960950306931364,0.6897050376773515,0.6894441559548037,0.0024930090507523373,-0.005804021840085436,-0.7834445111014072,0.4339331869240331,,,,,,,,,,,,,,,,,,
Continuous | pure attention,team,full_live_1999,FF3,329,4,325,0.0009460999642793297,0.0016040840710533674,0.45389485020740644,0.6502074601529093,0.6499045103150285,0.006492039055878918,-0.006634832532334188,-0.8789889669078078,0.3800566692785036,0.0022304930683043657,0.2018013540827975,0.8401982755867087,-0.009200900054647573,-0.7658558349790943,0.4443179364721041,,,,,,,,,,,,
Continuous | pure attention,team,full_live_1999,FF3+BOND,329,5,324,0.0009460999642793297,0.001854492880705147,0.5395275506842829,0.5898934704070604,0.5895228920422413,0.007921526804146928,-0.007152787101658959,-0.899839254733371,0.36887410210538657,0.0018895929449505562,0.16811263325588457,0.866599560046632,-0.010056788797108787,-0.8278666433910948,0.40835538745399835,-0.011186749951696731,-0.420503654137122,0.6743963169244315,,,,,,,,,
Continuous | pure attention,team,full_live_1999,FF3+UMD+BOND,329,6,323,0.0009460999642793297,0.0007919010650629325,0.22768304190677968,0.82003671093023,0.8198926568093837,0.02636210244464099,-0.0010613446369802603,-0.13001528465585405,0.8966352641141937,0.0001690365903700707,0.01537469767865479,0.9877427415643084,-0.004796867552730504,-0.4767189946970571,0.6338845820654446,-0.010432316703848522,-0.39960554759477657,0.6897111778839614,0.015201315680752591,1.7949448256059297,0.07359731199107115,,,,,,
Continuous | pure attention,team,full_live_1999,FF5,329,6,323,0.0009460999642793297,0.002982738599892118,0.8529404968367471,0.39432433834685987,0.39369230260112464,0.0202068435365077,-0.010282153482646158,-0.9597206054227297,0.33791369504051216,-0.009938588718720243,-0.8456458562194276,0.39837634118266524,-0.0013108431932005186,-0.07106599421053747,0.9433892130119996,,,,,,,-0.02649371165602908,-1.7520670564638638,0.08071122227227676,0.0009896567172967038,0.050683544124790876,0.9596090176226473
Continuous | pure attention,team,full_live_1999,FF5+UMD,329,7,322,0.0009460999642793297,0.002053344040583392,0.5726809267375316,0.5672604063818509,0.5668607540081123,0.039135839795784944,-0.004729565244306108,-0.44522215539760895,0.6564583716370294,-0.011420847204319136,-0.9600657488235461,0.3377424666874627,0.0065167386238488105,0.3567097771756113,0.7215427208272203,,,,0.015512331868521313,1.865720089142599,0.06298967466772495,-0.02644302349080901,-1.758399419498506,0.07962952885876821,-0.004428638558765705,-0.22274616464552274,0.8238742958944767
Continuous | pure attention,team,full_live_1999,FF5+UMD+BOND,329,8,321,0.0009460999642793297,0.0021398937180298417,0.6016681873319298,0.5478197187525783,0.5473950300956025,0.03946552851558105,-0.004880844979960057,-0.4520277931065694,0.6515542516768977,-0.011331474269050209,-0.9641005224442506,0.335721258399998,0.005806175213671625,0.33721011280118296,0.736178893499666,-0.005435526560571028,-0.2168440845281342,0.828467604861294,0.015460563642308363,1.8819980648584127,0.06074079909388259,-0.02583938939791268,-1.8221261372396529,0.06936622324028756,-0.004147599780065964,-0.21340191262410535,0.8311489608614041
Continuous | pure attention,team,post2010,CAPM,199,2,197,0.004361839065275143,0.0034907915335024523,0.9889686634059871,0.32389159712016474,0.32267847379165515,0.004738373198928225,0.006686202355380384,0.9123974495464591,0.3626747240707879,,,,,,,,,,,,,,,,,,
Continuous | pure attention,team,post2010,FF3,199,4,195,0.004361839065275143,0.0035712158945029465,1.1615204892843012,0.24685007735026945,0.24543029572675368,0.029229979114210547,0.005930001482602409,0.7373999703905147,0.46176551692984574,0.006271940045503483,0.47041777537792795,0.6385822920183666,-0.020120514309072725,-1.6116129290272818,0.1086635606798993,,,,,,,,,,,,
Continuous | pure attention,team,post2010,FF3+BOND,199,5,194,0.004361839065275143,0.0035934529462350894,1.234027496872639,0.2186854919706669,0.21719265825767808,0.029281093627140153,0.0058703160368099565,0.6960116251077405,0.48725453654162787,0.006194632966841665,0.4652130707513679,0.6423006525773048,-0.020476856929753602,-2.0254170635571533,0.0441945983618218,-0.0018861483661421897,-0.07404240410426402,0.9410529329176196,,,,,,,,,
Continuous | pure attention,team,post2010,FF3+UMD+BOND,199,6,193,0.004361839065275143,0.002824311970404284,0.9659190541223885,0.33529346603495624,0.33408468705086414,0.041307590444988995,0.00831841532075711,1.0374401684277514,0.30082879389134304,0.008713227956532541,0.6353945131320083,0.5259237746710096,-0.01584185419708091,-1.6294110011852556,0.10485709919292471,0.0018805245160165975,0.07483389735460051,0.9404243791646487,0.013632521642152954,1.6190303482585502,0.10707367479610416,,,,,,
Continuous | pure attention,team,post2010,FF5,199,6,193,0.004361839065275143,0.003517905829620115,1.3009746489095206,0.1948182038109757,0.19326713233893034,0.049079275175698545,0.00849010653908809,0.9086807353370154,0.3646519621851915,-0.0034866383185806686,-0.30803015690473307,0.7583915669546243,-0.02828398014689611,-1.3893515467784285,0.16632667822010186,,,,,,,-0.02324327109938627,-1.553171553839915,0.12202041347092192,0.026673284889640037,1.0426476973929997,0.29841575071927257
Continuous | pure attention,team,post2010,FF5+UMD,199,7,192,0.004361839065275143,0.0030281253364169633,1.0696179022542684,0.28613417673940333,0.284791333658885,0.05400002991598196,0.009737830090815356,1.0984804140262678,0.2733703489943495,-0.0008523138665968289,-0.07237675370944893,0.9423774238116964,-0.025056914499055328,-1.1565112488997942,0.2489090406665221,,,,0.009018152869892859,1.040988041570583,0.299190150542872,-0.019906983106962043,-1.4434752015212462,0.15051626963875814,0.023225119581275985,0.8626150775544478,0.38942530864508657
Continuous | pure attention,team,post2010,FF5+UMD+BOND,199,8,191,0.004361839065275143,0.0030290588209916747,1.1142469754428,0.266573396687202,0.26517324780837626,0.05400011366737778,0.009735347437978378,1.051350228643694,0.29442610146215736,-0.0008532699315243358,-0.07231308848810258,0.94242841577421,-0.025078717378875723,-1.4458599865015347,0.14985534030822248,-7.832862027457727e-05,-0.003817241909163753,0.9969582729578534,0.009013121911855063,1.0912290032686827,0.2765467676540729,-0.01990219906208094,-1.4680559967944324,0.14373388155787392,0.023237683659590655,0.9557571956644153,0.34040302963096064
Continuous | pure attention,team,validation,CAPM,151,2,149,0.007268287401817374,0.006341813401226894,1.4506862844143127,0.14896918633997372,0.1468672363748053,0.004697352444208547,0.00709520490176914,0.7747236958418192,0.43973062063871254,,,,,,,,,,,,,,,,,,
Continuous | pure attention,team,validation,FF3,151,4,147,0.007268287401817374,0.005892325858365287,1.649774580841145,0.10112426218503057,0.098989049588694,0.03788037256716881,0.00756215719968322,0.7072120332281171,0.48055435092184373,0.004464363066725708,0.23784554990057757,0.8123320836160092,-0.02539070856618078,-1.6347045893992802,0.10425066937411206,,,,,,,,,,,,
Continuous | pure attention,team,validation,FF3+BOND,151,5,146,0.007268287401817374,0.006076801491053327,1.9586576912311413,0.05205857930391175,0.0501528883994355,0.03837151234911662,0.007212258686548548,0.6090014818396543,0.5434699008987101,0.0037686221285428965,0.20175266106316425,0.8403909248890072,-0.027111066400278237,-2.2626517967200135,0.02513264423385496,-0.006967559444931317,-0.19262457334386732,0.8475206805669779,,,,,,,,,
Continuous | pure attention,team,validation,FF3+UMD+BOND,151,6,145,0.007268287401817374,0.004766667031873517,1.4665456113375934,0.14466512960687927,0.14249970477227958,0.05733740799851017,0.01206672476267534,1.078647069799354,0.2825361649888555,0.006887910562998262,0.3692838091582654,0.712454907267558,-0.017164563227355947,-1.3465005019839555,0.18024218533045125,0.001709185000440911,0.047522191581423706,0.9621624352160711,0.02080660454538206,1.603790754875793,0.110936184742263,,,,,,
Continuous | pure attention,team,validation,FF5,151,6,145,0.007268287401817374,0.006036745823713779,2.026826251457094,0.044512981579628,0.042680184766925165,0.07792686393658277,0.012489990996095456,0.9443920999269819,0.34654028759762834,-0.013936571384606277,-1.005115655429042,0.31651553604724436,-0.03507075954960816,-1.4793184021834092,0.14122449877757,,,,,,,-0.04330165601695386,-1.7118751819348095,0.08905761848970045,0.03614589679431212,1.1094571099218966,0.26906967086412276
Continuous | pure attention,team,validation,FF5+UMD,151,7,144,0.007268287401817374,0.005341621148588675,1.7429377762865295,0.0834790928614194,0.08134448446880632,0.08824863237616098,0.015115773330408215,1.2538385542105626,0.21193240177823758,-0.01131998417764203,-0.8171530536022702,0.41519087424035184,-0.02756891423035712,-0.9762527236089732,0.33057642712781454,,,,0.015417936333784483,1.1053949581749973,0.27083192880696827,-0.04075721294899792,-1.728888888476204,0.0859721947288301,0.03025979597944657,0.8419264682169187,0.4012251837624941
Continuous | pure attention,team,validation,FF5+UMD+BOND,151,8,143,0.007268287401817374,0.005192052204475,1.783214857835633,0.07667262938958,0.07455133477202429,0.08863061491233759,0.015519400529429364,1.1650789239836186,0.24592686288748555,-0.010982344776542427,-0.7745127646452791,0.4399063336977203,-0.025519919376614967,-1.1928996006182249,0.23488421854549177,0.006423553280369035,0.21298700492318695,0.8316404306969256,0.01602793851821798,1.2199918366315858,0.224476147107931,-0.041810733158025054,-1.879461477528413,0.06221625206503878,0.02962091333950208,0.8840735210665737,0.37814049701111563
Continuous | pure attention,team,holdout,CAPM,48,2,46,-0.004781362993430623,-0.005466476828122673,-1.8410928062123895,0.07206237090161746,0.0656079597027897,0.005855608869520079,0.005297613258782533,0.6761991817511219,0.5023000676512476,,,,,,,,,,,,,,,,,,
Continuous | pure attention,team,holdout,FF3,48,4,44,-0.004781362993430623,-0.005440128767281646,-1.7921273965887927,0.07999049323429963,0.0731125612655112,0.006115565718874949,0.005268739629881836,0.6214051141152894,0.5375394589626529,-0.00037078226014690147,-0.038856347181786634,0.9691806902864294,-0.0013039066213722675,-0.13285845936397908,0.8949110759230205,,,,,,,,,,,,
Continuous | pure attention,team,holdout,FF3+BOND,48,5,43,-0.004781362993430623,-0.006185932177341507,-1.9944292195027777,0.05246973013744179,0.04610516795320171,0.014541150935507674,0.006565828649387181,0.7686619761276013,0.44629537972397165,-0.0003336107881984846,-0.033208160792457524,0.9736622620281868,-0.0011898288923224785,-0.11559884557749843,0.908508643916494,-0.01565567937221933,-0.8553713424104015,0.3970867770315373,,,,,,,,,
Continuous | pure attention,team,holdout,FF3+UMD+BOND,48,6,42,-0.004781362993430623,-0.006179414381726986,-1.9996634497505357,0.052032215205398684,0.04553661747560353,0.014825822404411881,0.0066198288946668965,0.7564982338013209,0.45357326070597925,-0.0008544940671895438,-0.08644330055224571,0.9315248298042246,-0.0011305275095618225,-0.10985850147449121,0.913044845990099,-0.016096965315938766,-0.8682159149320553,0.3902102222467259,-0.0012106119488104632,-0.262537680057607,0.7941904617935639,,,,,,
Continuous | pure attention,team,holdout,FF5,48,6,42,-0.004781362993430623,-0.006487871525059218,-2.0932284915066166,0.0424068417215271,0.03632876252693651,0.02342789392079403,0.005142018141779286,0.601251200068686,0.5509042203641004,-0.007272642341483731,-0.5370018855936561,0.5940999175132078,0.011597393138520647,0.5803688163203633,0.5647669774192324,,,,,,,-0.006002055865136158,-0.626429196235763,0.5344235915782294,-0.01660334624459679,-0.5099916494867384,0.6127270568500341
Continuous | pure attention,team,holdout,FF5+UMD,48,7,41,-0.004781362993430623,-0.006457297282201143,-2.087388817439845,0.04310951963939147,0.03685300198618401,0.024539490731954272,0.005165300166988398,0.5927801763745794,0.556583947029928,-0.009213995657278533,-0.7132355247432858,0.4797402392576628,0.012270463773032758,0.6163594895532091,0.5410646083508502,,,,-0.0026831277690026445,-0.5880009252775957,0.559756759197834,-0.007732769425220458,-0.8472703199073596,0.4017633421145688,-0.015872728224885255,-0.4776620678262238,0.6354275413095767
Continuous | pure attention,team,holdout,FF5+UMD+BOND,48,8,40,-0.004781362993430623,-0.007017923062831517,-2.1695972154558874,0.03603596682220904,0.03003737251778289,0.03170828039857476,0.0063829081791337535,0.709516245889298,0.4821198030436032,-0.009812521510481561,-0.818693589753181,0.4178121990790005,0.010952313656366255,0.5632727179984356,0.5763933195242221,-0.015243536094932775,-0.8702125869350913,0.3893767207649085,-0.004260815811051072,-0.8588930205092691,0.3955175335669873,-0.009688144632487797,-1.1243574421878968,0.26756364108192005,-0.012134243263147881,-0.3680406315426624,0.7147834576405064
Continuous | pure attention,team,covid,CAPM,24,2,22,0.032066086798465135,0.030563383414638958,1.707087965685702,0.10188251570417703,0.08780570357310835,0.0020910694056858192,0.006413586785429672,0.29361745048087323,0.7718023081556583,,,,,,,,,,,,,,,,,,
Continuous | pure attention,team,covid,FF3,24,4,20,0.032066086798465135,0.020901850277425447,3.1424323288267826,0.0051263271644242155,0.0016755043843728111,0.18764404630244091,0.016334119455073362,0.570288466086214,0.5748335901076472,0.046407364615634134,1.10728374971468,0.2813114385559304,-0.0745695272831288,-3.649613114881594,0.0015935550229557007,,,,,,,,,,,,
Continuous | pure attention,team,covid,FF3+BOND,24,5,19,0.032066086798465135,0.009163675100817656,0.9887004439805643,0.3352344387440229,0.32280972553146714,0.4295637611742442,0.039748162305838844,1.1396020105580367,0.26861584001750966,0.07598060877867432,2.475810621980105,0.022875946809420303,0.00488016213264866,0.12287314592061722,0.9034979750434412,0.3574234138827917,1.9145476826428032,0.07073118470901858,,,,,,,,,
Continuous | pure attention,team,covid,FF3+UMD+BOND,24,6,18,0.032066086798465135,0.002362075021328289,0.3187183913257619,0.753608712303372,0.749940067155757,0.570496179601127,0.06872714763861143,3.0448537513791156,0.006970240223389567,0.11511778615474934,8.189877041834077,1.7519077226925668e-07,0.05221614303009827,1.3576793551563178,0.19134372314374853,0.4210641662834854,2.2555628304024067,0.036781713480251936,0.09127483234093917,5.6999055103765555,2.095715589945813e-05,,,,,,
Continuous | pure attention,team,covid,FF5,24,6,18,0.032066086798465135,0.023836944219443577,5.24140217579982,5.522366068046802e-05,1.5936095490460563e-07,0.27013339953739746,0.041394236080150186,1.2071257040597616,0.24300799631055028,-0.01397334018048245,-0.4286117983720898,0.6732910927153465,-0.08124440028524825,-2.520221761132647,0.021388685452198002,,,,,,,-0.06941154597048332,-2.050444755865879,0.055173144835662685,0.11528460560102716,1.8402711382983394,0.08227710079844662
Continuous | pure attention,team,covid,FF5+UMD,24,7,17,0.032066086798465135,0.019287514808692133,2.6615127285858717,0.016442293391149318,0.007779039966545723,0.2943288766118852,0.044054054809330744,1.6498868964418911,0.11731921031165995,0.027324313737687518,0.4689808925300709,0.6450414372564051,-0.07821588244826266,-2.031805519745904,0.05810529880619944,,,,0.04311035098449306,0.7934987441351922,0.4384231444727194,-0.037486613641919485,-0.8616072450007451,0.4008940318417205,0.10031630045838433,1.1461490390536364,0.2676113135066798
Continuous | pure attention,team,covid,FF5+UMD+BOND,24,8,16,0.032066086798465135,0.005527380760305132,0.7904381003698103,0.44083109360017164,0.42927195867818524,0.5562292994648375,0.07011922403457692,2.6031828028917983,0.019216161678784347,0.09241847967799277,2.2703927258317758,0.03735373759031022,0.025521010190162147,0.8211211286793028,0.4236436765825582,0.40250463796826497,2.3627907842996256,0.03113712027058957,0.08832871248249223,2.7916803394086602,0.013063591005983843,-0.01800461699215347,-0.3855607297266633,0.7048999424891255,0.03070714775006847,0.6247749034507603,0.5409269315830121
Continuous | pure attention,team,inflation_rates,CAPM,36,2,34,-0.0033020796109677177,-0.003101542781568777,-1.1312335742663822,0.2658730925633746,0.2579567941731461,0.007320374212135827,-0.003499770146578381,-0.7488481498037398,0.45909834335789246,,,,,,,,,,,,,,,,,,
Continuous | pure attention,team,inflation_rates,FF3,36,4,32,-0.0033020796109677177,-0.004120658187087904,-1.4900835051835213,0.1459938796474138,0.13620228070864174,0.054527381766147576,-0.000589947711489798,-0.10526367341665877,0.9168236550342046,-0.015172930261324618,-1.4314375162198314,0.1619998160580893,4.210015983946956e-06,0.0007832526371986423,0.9993799174534249,,,,,,,,,,,,
Continuous | pure attention,team,inflation_rates,FF3+BOND,36,5,31,-0.0033020796109677177,-0.0035436409508118553,-1.0521827159820427,0.30084865846943076,0.2927157278008945,0.05772272192022754,-0.0018366611447200283,-0.29737916257518243,0.7681607875932649,-0.015277073812119967,-1.4706289562802246,0.15146973491539098,0.000542670322574065,0.0879363612084261,0.9304928694427382,0.006368493602359776,0.3184119811578233,0.7523077944300524,,,,,,,,,
Continuous | pure attention,team,inflation_rates,FF3+UMD+BOND,36,6,30,-0.0033020796109677177,-0.003501626085199212,-1.0229218152944066,0.31452310807025474,0.30634481401903335,0.06498304546591727,-0.0024820791971358097,-0.3978443604536809,0.6935619051116252,-0.017776163106615846,-1.66361114813124,0.10660355299450529,0.0007730780198315552,0.13691996371556484,0.8920088250154329,0.005025691904842531,0.2522718459980514,0.8025513522230472,-0.005176244194858289,-1.116414847624732,0.2731069806691837,,,,,,
Continuous | pure attention,team,inflation_rates,FF5,36,6,30,-0.0033020796109677177,-0.0042405518029708655,-1.6884580783600978,0.10169353836956578,0.09132332977829426,0.25560061135723045,-0.0014143260504277362,-0.3246554220751176,0.7476949502975796,-0.03823616525927444,-3.088951714370297,0.004303842688385328,0.029818498917554767,3.6674448664395087,0.0009438626071337986,,,,,,,-0.03369729809201633,-2.6814916685164714,0.011797831089228716,-0.034931729551497794,-3.1660431469660137,0.003534199967317257
Continuous | pure attention,team,inflation_rates,FF5+UMD,36,7,29,-0.0033020796109677177,-0.004019130611669384,-1.5916523926765114,0.1223061539289581,0.11146283085587286,0.26068776502637614,-0.00208890537177468,-0.4292009320121378,0.6709488756163328,-0.039995709799816814,-3.858524972129789,0.0005866321111286665,0.02943107082788718,3.754853896524232,0.000775060403886394,,,,-0.004394415829001624,-0.9089891352240491,0.3708487281556437,-0.03427134357533884,-2.6858404247073797,0.011843853312213081,-0.033122391280228744,-2.833431050259234,0.008295238092203117
Continuous | pure attention,team,inflation_rates,FF5+UMD+BOND,36,8,28,-0.0033020796109677177,-0.00346598482702337,-1.2688779089519735,0.21493192772018718,0.2044846124434383,0.2645484311756403,-0.00344694277222695,-0.4951868118547964,0.6243321213368623,-0.040048489431752154,-3.9183741666196035,0.0005227937672562389,0.030832072075329415,4.820937573579873,4.525107792629756e-05,0.007249085553039953,0.4264252341763582,0.673058658441755,-0.0037051006954290358,-0.8988052301830529,0.3764211195378045,-0.03350741302659024,-2.817542123627621,0.008775838924981912,-0.03458126140760527,-3.459945410713314,0.0017492491183838314
Continuous | pure attention,team,last18,CAPM,18,2,16,-0.006840499873763122,-0.01049670031761832,-1.632841423713689,0.12202373161886916,0.10250235239298666,0.09070481438456934,0.030810677897656184,2.5329956791628625,0.02215125768386413,,,,,,,,,,,,,,,,,,
Continuous | pure attention,team,last18,FF3,18,4,14,-0.006840499873763122,-0.024290766804536658,-3.892166697537861,0.0016266442936541125,9.93529396194287e-05,0.3156665655045767,0.06803980066944265,2.9321287235966675,0.010925500806172507,0.0006578117687984488,0.050641666514243844,0.9603265010309251,0.082686462397019,3.1291638265505997,0.007391475176169918,,,,,,,,,,,,
Continuous | pure attention,team,last18,FF3+BOND,18,5,13,-0.006840499873763122,-0.024318449573409298,-6.127465061951348,3.6165695321521114e-05,8.929019780475336e-10,0.3869788391368495,0.06377341419764102,2.506349076364526,0.026272270741426205,-0.011280396354134097,-0.5020016673866935,0.6240609303504155,0.0913275210937056,4.244641214524272,0.0009566788922217542,-0.13605626967307802,-1.0047436935530405,0.3333563763348706,,,,,,,,,
Continuous | pure attention,team,last18,FF3+UMD+BOND,18,6,12,-0.006840499873763122,-0.023616975910852024,-6.442533321521286,3.195332659486095e-05,1.1749555691533687e-10,0.39796348938336246,0.06653800209043388,2.594989541644602,0.02344138601103787,-0.006401129468734605,-0.295094368744663,0.7729651301885996,0.08793304991461469,4.853418466771656,0.000395941128027713,-0.12761066008071334,-0.9361830295399768,0.3676377689709257,-0.010040559178668912,-1.133167462553505,0.27927683505644946,,,,,,
Continuous | pure attention,team,last18,FF5,18,6,12,-0.006840499873763122,-0.02690118948372737,-3.436234847082973,0.004928605391300554,0.0005898594215082412,0.38854889462640785,0.07307342584603825,2.4725412937167452,0.02935652312268007,-0.0013954620734685577,-0.18076448209993623,0.8595694442659109,0.119291937598949,6.143216815896822,4.99735699394431e-05,,,,,,,0.00017909297354461,0.01491792243051336,0.9883428189780478,-0.05557152144727154,-1.1622451685673274,0.2677301371809183
Continuous | pure attention,team,last18,FF5+UMD,18,7,11,-0.006840499873763122,-0.02827086788590407,-3.8921266290807264,0.0025103736743727826,9.936935388030463e-05,0.4517146175933512,0.08004393937890664,3.6672630673624176,0.0037072910045174694,0.0010164713829193392,0.1076531815260438,0.9162092629621501,0.1251186689390586,4.961001147826789,0.00042810867958841865,,,,-0.029110069122566105,-2.016107064567867,0.0688750223979069,-0.019444258914997244,-1.2919392386471944,0.22286163979023985,-0.05964142679572736,-1.1881916386813753,0.25977900633457596
Continuous | pure attention,team,last18,FF5+UMD+BOND,18,8,10,-0.006840499873763122,-0.029864130368344156,-4.554887601906892,0.0010503678232140772,5.24135961152716e-06,0.5482552965453269,0.0750729983648073,3.096202367153737,0.011323673807379751,-0.01664461448117429,-1.0218729637786468,0.3309257901725127,0.14729627235086887,6.918452809382079,4.101247867949081e-05,-0.16376753047589873,-1.6475326171169988,0.13046804270229045,-0.029250764193728813,-3.3566235495590564,0.007283618613983969,-0.027433057525161855,-2.459325559991436,0.03371536116176432,-0.06201221605657877,-1.5540795671822774,0.15121664550914207
Continuous | pure attention,team,last12,CAPM,12,2,10,0.002063899657263997,-0.0008339525511789404,-0.09908677835906883,0.9230275422238076,0.9210693697645281,0.02895964747852675,0.019889170957055165,1.8958068830557644,0.08722337711585022,,,,,,,,,,,,,,,,,,
Continuous | pure attention,team,last12,FF3,12,4,8,0.002063899657263997,-0.01750551816504071,-1.325478517895992,0.22161267910368201,0.18501248985861474,0.12958864613971832,0.05079097605769557,1.640563499716886,0.13951729463171814,0.0009997900807545389,0.02922209441768365,0.9774033073407752,0.06666747310338215,1.3829314735480218,0.20405700433425966,,,,,,,,,,,,
Continuous | pure attention,team,last12,FF3+BOND,12,5,7,0.002063899657263997,-0.0174411804206346,-2.4425015879828123,0.04459500763669124,0.014585865446232174,0.23049380815308163,0.047309199476331464,1.326531142833266,0.22630247846573098,0.038203633464047024,0.7982481103037928,0.45095401609237923,0.04934388100712331,0.8469189136368579,0.4250449991596172,-0.18576973434366612,-0.8784073260933386,0.4088597343528369,,,,,,,,,
Continuous | pure attention,team,last12,FF3+UMD+BOND,12,6,6,0.002063899657263997,-0.01481052404082511,-1.7311176407624016,0.1341475135427385,0.08343078462743114,0.26074608105402575,0.05315795813125953,1.38109144745989,0.21648606700601172,0.06684328409057136,1.0761057991312388,0.32323482893888156,0.03242156627706782,0.5295383202001173,0.6154438960950032,-0.18764458060182088,-0.8786029145530054,0.4134139985271396,-0.01751246474097956,-1.637620100947438,0.15261500502844508,,,,,,
Continuous | pure attention,team,last12,FF5,12,6,6,0.002063899657263997,-0.03356749097039495,-1.5087652180143207,0.18209193347128239,0.13135879226964342,0.47250505021897127,0.038884713860548585,1.331254269863663,0.23145190439905886,-0.019896171119291678,-0.7017024182381375,0.5091539498035323,0.206249964733139,3.641874830496688,0.010810652942531104,,,,,,,-0.0033311625955074623,-0.19384450410633908,0.8526937506058891,-0.15704056389583232,-3.5355656674638047,0.012284647766767135
Continuous | pure attention,team,last12,FF5+UMD,12,7,5,0.002063899657263997,-0.04396172722584904,-2.7561800620152312,0.04001559229195956,0.005848079336143124,0.5867189072014566,0.06404049368888191,2.6277362569467795,0.046660397720690354,-0.02840196663474069,-0.8085165366411177,0.4555253489826762,0.24716580065757954,4.937737174441778,0.004330538564581958,,,,-0.041503637745846644,-2.6450822298109644,0.04569588595710064,-0.03697403027689951,-3.0658850817105456,0.027914253500843485,-0.16191589769933593,-3.9723557487084795,0.010611226652796261
Continuous | pure attention,team,last12,FF5+UMD+BOND,12,8,4,0.002063899657263997,-0.04289361201718694,-3.231093791018786,0.03194238970157156,0.001233174676452644,0.6231203611404216,0.0605533683581774,1.9991232739645193,0.11623282578186388,-0.007266207579118854,-0.13495500958285492,0.8991659650050429,0.2238364767394807,3.3763537751038575,0.02787929886998063,-0.11131975465986005,-0.8872591220398167,0.4250677247592328,-0.03919412865994739,-3.2620093126154392,0.031021953284115313,-0.035754282272465396,-3.963200167327186,0.016633025573065632,-0.15370893675276207,-5.603650914863341,0.00498037512144803
Benchmark | Always-short Brown,team,full_live_1999,CAPM,329,2,327,0.001119287072483444,0.0013848900891676621,0.14127640177601122,0.8877385837401044,0.887651591276031,9.391895332400146e-05,-0.003329956728595314,-0.1796175102116647,0.8575641057859731,,,,,,,,,,,,,,,,,,
Benchmark | Always-short Brown,team,full_live_1999,FF3,329,4,325,0.001119287072483444,0.0020530944408986324,0.21367659783968926,0.8309332468567723,0.8307992620823437,0.00903767360179053,-0.009061481875001642,-0.48691068533922555,0.626649840910502,0.022783703108489903,0.585225747121381,0.5588020368955043,-0.03492718322640818,-1.1405279512541378,0.25490618231875023,,,,,,,,,,,,
Benchmark | Always-short Brown,team,full_live_1999,FF3+BOND,329,5,324,0.001119287072483444,0.002722751292736758,0.2810045735444489,0.7788862537381394,0.7787068919371791,0.01020770131422899,-0.010446624142046985,-0.5486081325316462,0.5836522298973209,0.021872049466136842,0.5591935765652825,0.5764159305918984,-0.03721604743049622,-1.175370037522865,0.24070970594939126,-0.029916214870279297,-0.5454964723647483,0.5857874452197843,,,,,,,,,
Benchmark | Always-short Brown,team,full_live_1999,FF3+UMD+BOND,329,6,323,0.001119287072483444,-0.0005195741884632361,-0.05345875429262575,0.9573994410072124,0.9573663929366294,0.029857813952368195,0.008140418247842418,0.40645711626875697,0.6846759310467547,0.016622052592290035,0.4751774497479681,0.6349816548316773,-0.02116625631720274,-0.810518018313016,0.41823928486896195,-0.02761418495874237,-0.515616760427057,0.6064748364953602,0.04638433352668008,2.3508522061149053,0.01933129102330751,,,,,,
Benchmark | Always-short Brown,team,full_live_1999,FF5,329,6,323,0.001119287072483444,0.008543637708117922,0.8575342877578871,0.3917854990518514,0.39114967380595955,0.035580058406695314,-0.028176508137814797,-1.0944868474332146,0.2745570077707973,-0.024776515160041056,-0.7127478543575126,0.47651637015582954,0.008544815701569545,0.20623437412765327,0.8367377709627691,,,,,,,-0.10827838845460709,-2.488904362797225,0.013316906354682103,-0.03132976522346271,-0.572353911220079,0.5674803836142247
Benchmark | Always-short Brown,team,full_live_1999,FF5+UMD,329,7,322,0.001119287072483444,0.005613545099861317,0.5593726602965485,0.5762962731499334,0.5759074159699615,0.057112848763413604,-0.010670920665951485,-0.41975102061822755,0.6749472720746856,-0.029449616146783833,-0.8712581134832206,0.3842623486672455,0.03322275188372162,0.813636014866959,0.4164547368977151,,,,0.04890556813522226,2.596995525282656,0.009835849946660912,-0.10811858440072074,-2.5238410869262737,0.01208866382557096,-0.04841196866303384,-0.8998164311595019,0.36889037947283687
Benchmark | Always-short Brown,team,full_live_1999,FF5+UMD+BOND,329,8,321,0.001119287072483444,0.005703082682846956,0.5641176994703888,0.573067955021428,0.5726740332545482,0.057153231356117495,-0.010827422946315763,-0.42065835167049803,0.6742860543686375,-0.029357157840243422,-0.8707393947628147,0.3845471692603464,0.03248765809501674,0.8107978771550529,0.4180824763014465,-0.005623174168256643,-0.10747764589190946,0.9144772017214053,0.04885201274382944,2.6061308520960464,0.009584042794332837,-0.10749411138960975,-2.5172566074302,0.012313928344322655,-0.04812122774160661,-0.9096672916186661,0.363680509701571
Benchmark | Always-short Brown,team,post2010,CAPM,199,2,197,0.01048927812427717,0.007390784136808893,0.6487613428158618,0.5172482046270404,0.516492647653392,0.004685127696659741,0.02378418747709479,1.1775680876347923,0.24038949021476688,,,,,,,,,,,,,,,,,,
Benchmark | Always-short Brown,team,post2010,FF3,199,4,195,0.01048927812427717,0.007268149201695548,0.6718187915335809,0.5024942132447991,0.5016990641614203,0.016172220769800072,0.02373023926298161,1.0516846547095446,0.29424576808367026,0.0060094977845812775,0.10588437910103332,0.9157829315395524,-0.04971660375942409,-1.347289612962098,0.17945042148723997,,,,,,,,,,,,
Benchmark | Always-short Brown,team,post2010,FF3+BOND,199,5,194,0.01048927812427717,0.007851189656738741,0.7225141634410129,0.47084849117054106,0.4699784206453528,0.01891797560075259,0.02216532724616114,0.9598438380087779,0.33832855043991705,0.003982558473381895,0.06945793239870256,0.9446966586722162,-0.05905966623981524,-1.5172188385211889,0.13083926848193264,-0.04945353434984168,-0.6967447660135023,0.48679654951485957,,,,,,,,,
Benchmark | Always-short Brown,team,post2010,FF3+UMD+BOND,199,6,193,0.01048927812427717,0.005924831548527992,0.5443423708801756,0.5868342369975833,0.586205894840651,0.02481286764352908,0.028296733650874574,1.312245011663724,0.19099599345731041,0.010290525454921682,0.17163953158094908,0.8639007574194538,-0.04745103352327261,-1.2583448215819535,0.20978720488336947,-0.040019684021315796,-0.5654838666254367,0.5724014932610352,0.034143439793144985,1.0637656831176103,0.28876398640677203,,,,,,
Benchmark | Always-short Brown,team,post2010,FF5,199,6,193,0.01048927812427717,0.009074354165759798,0.8565844134236008,0.3927368992412319,0.39167460278126365,0.036232572848659106,0.02465519406588899,1.0575783263307301,0.29156963851788353,-0.04001626274026978,-0.7443810154403694,0.457551374125977,-0.02731059111326941,-0.45853899297147876,0.6470811754986625,,,,,,,-0.10063480207330178,-1.7155117295277138,0.08785627928669279,-0.011865373677182097,-0.14642459012697798,0.8837390457057797
Benchmark | Always-short Brown,team,post2010,FF5+UMD,199,7,192,0.01048927812427717,0.007691544698890294,0.7180239597195252,0.47361528409792003,0.4727425136545548,0.039297555368071,0.028177923050215596,1.245583071652775,0.214435380621908,-0.03257870889408561,-0.5783059392399842,0.563735279368469,-0.018199536283667016,-0.304352699823046,0.7611888163468707,,,,0.02546117563933238,0.8086970588176907,0.4196903516495939,-0.09121537707751355,-1.6665149057426893,0.09724139487963057,-0.021600664685921978,-0.2670618407274917,0.78970817851103
Benchmark | Always-short Brown,team,post2010,FF5+UMD+BOND,199,8,191,0.01048927812427717,0.008008994587978796,0.7435322490053342,0.4580731399749916,0.4571595044856649,0.040054392937527994,0.02733364785907355,1.1707590850975589,0.24315422924411895,-0.032903837678666226,-0.5836353501345983,0.5601542405742953,-0.025614036713938304,-0.4532596478567258,0.6508762911277517,-0.026637196256278296,-0.43797876971828575,0.6618965795657828,0.023750298872448485,0.7632209486293873,0.4462732903432859,-0.08958846801222975,-1.6237550320941092,0.10607729937956178,-0.017328001403021064,-0.22711343639390122,0.8205784401757302
Benchmark | Always-short Brown,team,validation,CAPM,151,2,149,0.0171213001536846,0.014635449406830875,1.0864826503391967,0.2790200630615144,0.2772655127053898,0.0029715367850884356,0.01903736142935671,0.792083208403891,0.4295714052209259,,,,,,,,,,,,,,,,,,
Benchmark | Always-short Brown,team,validation,FF3,151,4,147,0.0171213001536846,0.013944879018829837,1.1170642937598547,0.26578928996635587,0.2639668360536307,0.015146232800453463,0.018126379135035495,0.6465186390377036,0.5189516675584034,0.018564423768656284,0.25142974166948845,0.8018330182494644,-0.05075728978632631,-1.1241014994986016,0.26280225816088876,,,,,,,,,,,,
Benchmark | Always-short Brown,team,validation,FF3+BOND,151,5,146,0.0171213001536846,0.01632931405761804,1.2959871847913178,0.19702490161765635,0.19497990003968402,0.022356351654684525,0.013603774915815672,0.4437281894295209,0.6578960190263826,0.009571642192306542,0.12774909716728047,0.8985233237040031,-0.07299373065986191,-1.4693155132167566,0.1438987220386355,-0.0900590101427024,-0.948473457891931,0.3444557744864266,,,,,,,,,
Benchmark | Always-short Brown,team,validation,FF3+UMD+BOND,151,6,145,0.0171213001536846,0.011878063408833791,0.9101554980595161,0.3642509829247636,0.3627405096279729,0.041593914655116526,0.030097078423295502,1.0018236563987981,0.3180976845579598,0.020169588510203534,0.2683920936652465,0.7887789855005855,-0.039199963622147074,-0.7779503739926571,0.4378657980130675,-0.06057931508454995,-0.6318616330309896,0.528472248847054,0.07069153195131583,1.6019368804615106,0.11134587346455002,,,,,,
Benchmark | Always-short Brown,team,validation,FF5,151,6,145,0.0171213001536846,0.018984811921364027,1.5247089385890702,0.12950985862559058,0.12733171126697412,0.0529704516662205,0.02430474855935233,0.7648756450563998,0.44558866025778454,-0.0556924520171063,-0.9001608548366007,0.36952722013277434,-0.034793266498376385,-0.531537036085112,0.5958600434667202,,,,,,,-0.17838868579352757,-2.2547242915014842,0.025648793140322642,0.0033979518466868072,0.03650096819890854,0.9709331094365925
Benchmark | Always-short Brown,team,validation,FF5+UMD,151,7,144,0.0171213001536846,0.015880995015633427,1.2637954627646042,0.2083455060900134,0.20630345015066753,0.0710532328821607,0.03602918863701445,1.1876294118758621,0.23693472210371413,-0.044009069310497105,-0.6981995798818215,0.48617834306352053,-0.0012966073244279046,-0.01818714567434201,0.9855147324361678,,,,0.0688429761692255,1.6895168221882118,0.09328437643864837,-0.16702743551339727,-2.230839594561445,0.02723786931344245,-0.02288421000395712,-0.23707728036161207,0.8129337793963136
Benchmark | Always-short Brown,team,validation,FF5+UMD+BOND,151,8,143,0.0171213001536846,0.016478350961850314,1.2971635674635382,0.19666382548670072,0.1945749133058059,0.07158862425925694,0.034417162097554965,1.0437589857961616,0.298358174128218,-0.04535755047494701,-0.7094950792348598,0.47917254068981996,-0.009479985678161593,-0.14468212851399037,0.8851655645731438,-0.025654709074854315,-0.3164905405582742,0.7520917325943939,0.06640671886838022,1.6374606080763716,0.10373296863078256,-0.1628198336943747,-2.169995385608284,0.03165870102652567,-0.020332608492245437,-0.2201340806776748,0.8260806853083758
Benchmark | Always-short Brown,team,holdout,CAPM,48,2,46,-0.010373957843233701,-0.015454257395287281,-0.9250047870426691,0.3597908026761317,0.35496341738658743,0.013477965988961449,0.0392831977734667,1.1761749117943003,0.24557617203171256,,,,,,,,,,,,,,,,,,
Benchmark | Always-short Brown,team,holdout,FF3,48,4,44,-0.010373957843233701,-0.017159501535170776,-1.0923094757936813,0.280641984486847,0.2746970967385187,0.026259836278728077,0.04464955851959204,1.2343314273750896,0.2236313897430883,-0.03949771238996816,-0.7727013909235259,0.44383024216418104,-0.028391793262330454,-0.7381365900629864,0.4643503568714002,,,,,,,,,,,,
Benchmark | Always-short Brown,team,holdout,FF3+BOND,48,5,43,-0.010373957843233701,-0.01774937965673425,-1.0721466356238025,0.28963478981549107,0.2836541749366436,0.026480471606916023,0.04567546484290182,1.249693060059687,0.21817102713323916,-0.0394683123661108,-0.7652623492873033,0.448295375866847,-0.028301565790028217,-0.7362288179316124,0.46558908136899296,-0.012382542926618334,-0.10993831423726423,0.9129697928933744,,,,,,,,,
Benchmark | Always-short Brown,team,holdout,FF3+UMD+BOND,48,6,42,-0.010373957843233701,-0.017560268933032024,-1.0454979782315992,0.3017729446751984,0.29579287451790326,0.03651215714903788,0.047242256143044566,1.1705907673845342,0.24836250535320994,-0.054581491680124765,-1.0456380441337616,0.30170900702551423,-0.026580964520264268,-0.6987712521059812,0.48854655260780083,-0.02518624361193121,-0.21973952072228134,0.8271385483944942,-0.03512532692064955,-1.0161867847518855,0.3153588017934458,,,,,,
Benchmark | Always-short Brown,team,holdout,FF5,48,6,42,-0.010373957843233701,-0.02428712491722944,-1.3228789530206568,0.1930333454165414,0.18587563559801934,0.06073209823549086,0.043864682278228026,1.2846368252227478,0.20595956921267877,-0.08089274617036207,-1.0910525890372393,0.2814695312636236,0.07114105012007445,0.756673765800805,0.45346919408014924,,,,,,,-0.02501867163775375,-0.37098874246860675,0.712510690911786,-0.12780760954168618,-0.8635228274045544,0.3927547429922364
Benchmark | Always-short Brown,team,holdout,FF5+UMD,48,7,41,-0.010373957843233701,-0.02366919159287802,-1.2970704299163545,0.2018587945650465,0.19460695473718448,0.07973930214568581,0.04433523323518477,1.1802904500029578,0.24468731865722546,-0.12012926671932347,-1.6764273041982003,0.1012646919162224,0.0847444213184412,0.8126102013563246,0.4211351333262957,,,,-0.05422845856415426,-1.4906646286892982,0.14370354937731786,-0.05999797067215555,-1.1414532321534356,0.2603044846835599,-0.11304115321937724,-0.759655123528165,0.45180675320444885
Benchmark | Always-short Brown,team,holdout,FF5+UMD+BOND,48,8,40,-0.010373957843233701,-0.02407431089105392,-1.304220285848947,0.1996137145560595,0.19215848519094858,0.07989600059593405,0.04521510091229906,1.1922741653246027,0.24017910101099632,-0.12056177336094999,-1.7121919959182255,0.09460497189270867,0.08379189992430555,0.8094876246276526,0.4230240598656245,-0.011015281240820698,-0.10397212352344766,0.9177110455179429,-0.05536852720605026,-1.553896985591985,0.12808635246332434,-0.06141096354370695,-1.2376577864285796,0.22305892569359795,-0.1103396499059954,-0.7556892168563364,0.4542628673317707
Benchmark | Always-short Brown,team,covid,CAPM,24,2,22,0.06865790339725321,0.06813708036443492,2.2351595028068165,0.03588049772207551,0.025406879106960253,4.763842603638935e-05,0.0022228895980292984,0.04860645981196038,0.9616714989397714,,,,,,,,,,,,,,,,,,
Benchmark | Always-short Brown,team,covid,FF3,24,4,20,0.06865790339725321,0.04540413350826655,1.9605368369670924,0.06401142660070287,0.049933076780215115,0.2108732563568142,0.011655034165092268,0.18318738267417278,0.8564953342605847,0.18808075540478386,1.5186997508052367,0.14448849688135693,-0.16602817541920473,-3.5533926187720732,0.001992664286230891,,,,,,,,,,,,
Benchmark | Always-short Brown,team,covid,FF3+BOND,24,5,19,0.06865790339725321,0.02695543216178314,0.8802190227918997,0.38973878546379753,0.37874067022135927,0.324206367349393,0.04845450915745379,0.6351145663255129,0.5329284492002233,0.23456054814955624,2.1946214641595727,0.04082117206361673,-0.041158374956222786,-0.4522848671181354,0.6561851366236839,0.5617566374460728,1.4368427909701311,0.1670263820562377,,,,,,,,,
Benchmark | Always-short Brown,team,covid,FF3+UMD+BOND,24,6,18,0.06865790339725321,0.004863285728910113,0.24322974811081655,0.8105777206977515,0.8078274230436528,0.6061872502704001,0.1425805941912208,3.676188530052669,0.0017278957620813337,0.36168126143125945,12.842661625920085,1.6796898275238848e-10,0.11259271439166048,1.3954030594975388,0.17987277284332426,0.7684669415955486,2.113223560535457,0.04880795132997706,0.2964680278384367,8.978315252392129,4.5652628511148655e-08,,,,,,
Benchmark | Always-short Brown,team,covid,FF5,24,6,18,0.06865790339725321,0.06318927688489917,2.9404195848380463,0.008746335123556142,0.0032776806774925745,0.2817871376085692,0.0794892938859475,1.0393367787210315,0.3124086502647064,-0.014533439176874094,-0.1730817243140382,0.8645186212916448,-0.15656353122273442,-2.7554307290952913,0.013020560011847154,,,,,,,-0.23691050501308375,-2.4616674683332795,0.024153761958684947,0.22003928846392204,1.8456774835876955,0.08145364844528424
Benchmark | Always-short Brown,team,covid,FF5+UMD,24,7,17,0.06865790339725321,0.03990803512093993,1.8728335970685084,0.07839282964695646,0.0610913670114494,0.4019548323978861,0.09310064539653866,1.9325820947963621,0.07012461695334729,0.19680309961655532,1.4064711927384816,0.17760127010486482,-0.14106539957073005,-2.051625264691115,0.055940170642565644,,,,0.22061283145249497,1.9608306060509566,0.06649384943087404,-0.07353791457727038,-0.8051753282801287,0.4318365613272636,0.14344051104382627,0.7861918901839199,0.44257669157039453
Benchmark | Always-short Brown,team,covid,FF5+UMD+BOND,24,8,16,0.06865790339725321,0.013956452819797585,0.5877982036757313,0.5648723867540755,0.556667749907972,0.5786292529546571,0.14225949675391122,3.098667288074321,0.006899112403494144,0.3195705522288408,3.0306146190350174,0.007954554709508746,0.054582149901102495,0.8600812470753019,0.4024482424774912,0.7591228546243255,2.294329241809767,0.03564049699337462,0.30589456096265843,4.486557631987107,0.0003737899616290465,-0.03679491209858089,-0.38183511232412903,0.707607293576572,0.012157803399390363,0.11385974874895101,0.9107654641978485
Benchmark | Always-short Brown,team,inflation_rates,CAPM,36,2,34,-0.018289386490326312,-0.0181359781751219,-0.8569326488774787,0.39748203310057495,0.39148210783537596,8.260925710612543e-05,-0.002677282987860706,-0.1023479848540184,0.9190817289940879,,,,,,,,,,,,,,,,,,
Benchmark | Always-short Brown,team,inflation_rates,FF3,36,4,32,-0.018289386490326312,-0.029596529633545407,-1.2216704274692352,0.2307561328799105,0.22183228379868303,0.09132599327505186,0.029114836585564075,0.7704519431925507,0.44668305647318385,-0.1418782123280613,-1.5416811210872663,0.13298319283995666,0.041440117810756974,1.0691547049591406,0.29299892473004874,,,,,,,,,,,,
Benchmark | Always-short Brown,team,inflation_rates,FF3+BOND,36,5,31,-0.018289386490326312,-0.020907208197459864,-0.80488604931516,0.4270157691080768,0.42088543952577284,0.10529923500641614,0.010340538212888425,0.3035666369563988,0.7634862016730939,-0.14344651346616305,-1.6099550695109597,0.11754513349802422,0.0495488091814533,1.162666026159562,0.253837587304657,0.09590335347986767,0.7497651145241198,0.4590487941304967,,,,,,,,,
Benchmark | Always-short Brown,team,inflation_rates,FF3+UMD+BOND,36,6,30,-0.018289386490326312,-0.02034834730573909,-0.7568491469533587,0.4550435539791623,0.44914024466249214,0.1300702258041263,0.00175550758036766,0.052464562672764274,0.958506331215609,-0.17668815904199925,-1.8248418206072305,0.07799788116098093,0.0526135780262669,1.5026554503336549,0.14338233703689426,0.07804207168981292,0.6334044472475361,0.5312691553275217,-0.06885183147253995,-1.492790106458979,0.14593521399108236,,,,,,
Benchmark | Always-short Brown,team,inflation_rates,FF5,36,6,30,-0.018289386490326312,-0.03363497254005282,-1.3594094118649758,0.18414827890208252,0.17401689032667744,0.24851299968316276,0.021641347803113047,0.7960313541103289,0.4322679981407292,-0.28533788136302785,-2.501812788450748,0.01803945299772122,0.26276369512590836,2.944815529016614,0.006189442599162745,,,,,,,-0.1646442734800389,-2.56965318828643,0.015391411073846107,-0.2656526477815035,-2.209737346151745,0.0348971743424266
Benchmark | Always-short Brown,team,inflation_rates,FF5+UMD,36,7,29,-0.018289386490326312,-0.030495793347471895,-1.2673642899646749,0.2151079264877963,0.2050250623141524,0.2682306257699413,0.012077559635997645,0.40559447597431875,0.6880175685475203,-0.3102836671643935,-3.3612011484753523,0.0021908062571354575,0.25727096793680204,3.4148104351522757,0.001905482146864738,,,,-0.06230143850670348,-1.6838917091342214,0.10293827900516035,-0.17278275212451247,-2.653121242861054,0.01280266541830436,-0.2400009158035339,-2.121121250054732,0.042582668970353364
Benchmark | Always-short Brown,team,inflation_rates,FF5+UMD+BOND,36,8,28,-0.018289386490326312,-0.022171526545788644,-0.9606928874353177,0.34492988082074855,0.336706608511801,0.285090756513948,-0.008359486006975857,-0.2380049882557447,0.8136103457817035,-0.3110779455447408,-3.4846993939538655,0.0016404247926546853,0.27835457464034663,4.208091259733678,0.00023995210703268863,0.10909117250228761,0.9807197882857449,0.3351294360253403,-0.05192796510860441,-1.767947200363903,0.08796649839144695,-0.16128639459589345,-2.4390814353046943,0.021318999699955904,-0.2619553887587228,-2.59480628906302,0.014895516711632894
Benchmark | Always-short Brown,team,last18,CAPM,18,2,16,-0.010718551615614667,-0.02658565745498687,-0.8073722958639525,0.4312915694484214,0.41945202325055697,0.08781305124656047,0.13371156606212545,4.006437731877911,0.0010181518815048458,,,,,,,,,,,,,,,,,,
Benchmark | Always-short Brown,team,last18,FF3,18,4,14,-0.010718551615614667,-0.06253762861005052,-1.8749494373043385,0.08181405834261322,0.060799679899324666,0.1505551954902702,0.23362762704908413,2.8691078308187783,0.01237447220242846,-0.14819162316463336,-1.5699459145271362,0.13874778898872397,0.1784500120918166,1.4012067089335365,0.18292885919178914,,,,,,,,,,,,
Benchmark | Always-short Brown,team,last18,FF3+BOND,18,5,13,-0.010718551615614667,-0.06268430041439939,-3.0148084431662245,0.009951406694497943,0.0025714160327171263,0.2534590836826236,0.21102300231853488,2.352928352648067,0.035034302243169904,-0.21144391321329592,-1.524886252851388,0.15124072619767767,0.2242329927018145,1.999130441915007,0.06694450951345726,-0.7208678675796614,-1.0957411689239502,0.29307687834314,,,,,,,,,
Benchmark | Always-short Brown,team,last18,FF3+UMD+BOND,18,6,12,-0.010718551615614667,-0.056423512422280414,-2.963319353401379,0.011847351583278081,0.003043406394326884,0.29843859937676,0.2356974834947142,2.6895869989630787,0.01968487488594643,-0.16789551338444442,-1.4915853195859137,0.16162182291384625,0.19393668147585902,2.112430070003338,0.056287861823461204,-0.6454891699258718,-1.0260546224830516,0.325105130352896,-0.08961393092194317,-1.8424769738564752,0.09023776126703362,,,,,,
Benchmark | Always-short Brown,team,last18,FF5,18,6,12,-0.010718551615614667,-0.06897449698793054,-1.3982442267570747,0.18734680281093866,0.16203973988160947,0.27033882667291165,0.26090497390527406,2.2886672762345865,0.041030309917554686,-0.11015982371521513,-1.9067046178717793,0.08078123650352695,0.39409727619527635,5.990864357019826,6.304535985415131e-05,,,,,,,0.051436148548567234,0.6158499533425572,0.549496707902478,-0.3376003077813295,-1.7729041326992145,0.10160482849716292
Benchmark | Always-short Brown,team,last18,FF5+UMD,18,7,11,-0.010718551615614667,-0.07784208738785514,-1.7465342636924484,0.10854344100410408,0.08071815860377174,0.4064359014728586,0.30603356671098364,4.318181129662366,0.0012183663873432601,-0.09454445157447647,-1.8469317343656844,0.09180989978447282,0.4318207788893264,4.193258489271171,0.0015025646041239554,,,,-0.18846480245448577,-2.609550329185296,0.024276971678159488,-0.07560962113330463,-0.9823860436951108,0.3470235078278993,-0.36394974392576607,-1.7520037708051655,0.10756510676718782
Benchmark | Always-short Brown,team,last18,FF5+UMD+BOND,18,8,10,-0.010718551615614667,-0.08566868533192314,-2.3515544387420926,0.040533033498322796,0.018695153766423316,0.5261857641848408,0.28161476745485114,3.5314309788826623,0.005433827002071007,-0.1813011660752961,-2.1823517165680943,0.054030255786503216,0.540764024073508,6.601692604177254,6.065291646310777e-05,-0.804476745956357,-1.9870110532613523,0.07499277946779484,-0.18915594014638443,-4.130921239173874,0.002041186574482863,-0.11485307001068575,-2.066496046606797,0.06566840594461626,-0.3755957938135286,-2.4247191065053304,0.035771794574386465
Benchmark | Always-short Brown,team,last12,CAPM,12,2,10,0.013484649030914616,-0.006310350377388172,-0.11884017035786167,0.9077553882752608,0.9054019828334736,0.05862004627818007,0.1358613548956952,2.5389609480540987,0.029415510299341134,,,,,,,,,,,,,,,,,,
Benchmark | Always-short Brown,team,last12,FF3,12,4,8,0.013484649030914616,-0.033906618800009725,-0.520723426949454,0.6166607602917165,0.6025594522140079,0.07804500535415626,0.18812666184476923,1.4168031053155876,0.19428301506832238,-0.20777403766075564,-0.8742851308197774,0.4074420075592325,0.15054256233313473,0.6237108978373052,0.5501832659926699,,,,,,,,,,,,
Benchmark | Always-short Brown,team,last12,FF3+BOND,12,5,7,0.013484649030914616,-0.03356352877128319,-1.08110436241478,0.3154831899251884,0.27965069312576174,0.2025229129069379,0.16955960080857377,1.1182458953108219,0.3003641868336287,-0.009379334630150282,-0.04603770687640686,0.9645660571408567,0.05816208233939121,0.21450653461398494,0.8362670784293227,-0.9906431144083692,-1.1167892395944286,0.300945831161894,,,,,,,,,
Benchmark | Always-short Brown,team,last12,FF3+UMD+BOND,12,6,6,0.013484649030914616,-0.010526646881882144,-0.23388895456692313,0.8228472665501636,0.8150711883943587,0.30316311921950023,0.2207776783071433,1.2793323858073558,0.24802423935999876,0.24142052425705546,0.9315765888820692,0.3875047306065464,-0.09002806850037397,-0.3230771766145626,0.7575995658217126,-1.0070613027135336,-1.1200229472849956,0.30552435777443593,-0.153358144730199,-2.9184034086866553,0.026686715662186968,,,,,,
Benchmark | Always-short Brown,team,last12,FF5,12,6,6,0.013484649030914616,-0.06802433074481051,-0.5174390312558408,0.6233652148768586,0.604849719050991,0.35106285008153926,0.1076677273856928,0.7874067936460588,0.4610071186016782,-0.11592000633631672,-0.7712944545677464,0.46980764317396156,0.6058578178900322,1.8530151807781272,0.11331556595315749,,,,,,,0.059463692185043576,0.5607170136467804,0.5952930108412454,-0.7008831811370956,-3.140005001804203,0.02006777423224292
Benchmark | Always-short Brown,team,last12,FF5+UMD,12,7,5,0.013484649030914616,-0.13374348585886436,-1.3280101368514594,0.24156662139970778,0.1841747581640334,0.5491297653770548,0.2667190088769841,2.2386504385183374,0.07534216263034438,-0.1696992048373054,-0.8838318404413591,0.4172536109325909,0.8645544745422746,3.143144426186299,0.025575591169866373,,,,-0.262413123945067,-4.607029736229877,0.005803195694473553,-0.15324850573857351,-2.7122851605817635,0.04216106274190088,-0.7317082278832789,-3.5743996606997657,0.01596915976105646
Benchmark | Always-short Brown,team,last12,FF5+UMD+BOND,12,8,4,0.013484649030914616,-0.12711209334295082,-1.5367774338418505,0.19915855268337168,0.12434782130255156,0.6099973918859554,0.24506919373293226,1.6473303785063715,0.174835494680908,-0.038477859721221086,-0.13481898813376364,0.8992668301810561,0.7197143835322701,2.113464995732866,0.10209092145030217,-0.6911286179037617,-1.277754956208371,0.27045292745528204,-0.24807453842221033,-5.955432781045625,0.003990027473292809,-0.14567570111758457,-2.7669576692436197,0.050488134010439265,-0.6807553166634607,-5.3513282274455545,0.005880400751645496
Original | Short Brown hold 3m,corrected,full_live_1999,CAPM,329,2,327,0.004641139777724736,0.005067092018057238,0.7182368130873588,0.4731241262798152,0.47261128299495025,0.0005526144636183172,-0.005340310311467046,-0.39517280994807474,0.6929730126640518,,,,,,,,,,,,,,,,,,
Original | Short Brown hold 3m,corrected,full_live_1999,FF3,329,4,325,0.004641139777724736,0.005029850504018216,0.7054795507319641,0.48101718534039795,0.4805118535013486,0.0013035253451667561,-0.006987019895515966,-0.48299809472177524,0.6294222845355545,0.009048828648454337,0.4246821832447147,0.6713493794012144,-0.00037432055004801325,-0.01767059473527384,0.9859124819477987,,,,,,,,,,,,
Original | Short Brown hold 3m,corrected,full_live_1999,FF3+BOND,329,5,324,0.004641139777724736,0.005460148020720401,0.8029590730155644,0.42258701594669307,0.4219983904083834,0.002408729199458226,-0.007877062722902603,-0.5275481336255681,0.5981740649957452,0.008463032658582403,0.3972505770669213,0.6914442525472683,-0.0018450627374596244,-0.08931339231330032,0.9288880335213934,-0.0192230885601717,-0.4695452419849117,0.6389957915244846,,,,,,,,,
Original | Short Brown hold 3m,corrected,full_live_1999,FF3+UMD+BOND,329,6,323,0.004641139777724736,0.004601652069552693,0.6826848492049916,0.4952953278510947,0.49480600542015796,0.005560404910212258,-0.002955625708504885,-0.186738589937952,0.8519828316577911,0.00707294980417,0.321101505818333,0.7483411351094883,0.0024045663536796822,0.12415203545245543,0.9012721232966661,-0.018613562042867814,-0.4599507280414771,0.6458610384066171,0.01228154383671856,1.1165213224654964,0.2650289320869582,,,,,,
Original | Short Brown hold 3m,corrected,full_live_1999,FF5,329,6,323,0.004641139777724736,0.006208420478481914,0.9213450236126436,0.35755795899190645,0.35687032164631605,0.0029475990567400245,-0.010738407445550411,-0.5547646505147089,0.5794395912326392,0.0017034599202686495,0.07660255421274319,0.9389871531381022,0.008082353137781237,0.23536076106816542,0.814077888380619,,,,,,,-0.016832842556533605,-0.6714494773951497,0.5024141495675322,-0.011943163296584031,-0.2720470207604147,0.7857596771426282
Original | Short Brown hold 3m,corrected,full_live_1999,FF5+UMD,329,7,322,0.004641139777724736,0.005417699779918467,0.8006448921720728,0.42392758888733667,0.42333725392963495,0.006535141353093188,-0.006014314317739248,-0.302151911457359,0.7627313289105204,0.0004423674666436603,0.019328309192681505,0.9845911716577146,0.014741990748575325,0.4340747613568651,0.6645248531075,,,,0.01319775521447904,1.1905277890248591,0.23471594723591394,-0.016789717512374177,-0.6700295440036919,0.5033191702932871,-0.016553001155864996,-0.3763451859023547,0.7069081429104045
Original | Short Brown hold 3m,corrected,full_live_1999,FF5+UMD+BOND,329,8,321,0.004641139777724736,0.005659831057881685,0.8594557576279437,0.390730495904782,0.3900891189657121,0.007210755057838303,-0.006437534332007867,-0.3201712610659296,0.7490468111165046,0.0006923970874400621,0.030367156318905502,0.9757931098553966,0.012754119370469328,0.39782861486682214,0.6910209582210037,-0.015206422846905994,-0.3898708005750769,0.6968906396188187,0.013052928484436215,1.1955354169690025,0.23276034809257778,-0.015100991469165298,-0.6337288022103684,0.5267091170206883,-0.01576676739218756,-0.36199575428115516,0.7175933875235185
Original | Short Brown hold 3m,corrected,post2010,CAPM,199,2,197,0.007283745244068116,0.0067797293859637765,0.8508870886988485,0.39586512482294145,0.3948320777020212,0.00028079230781730136,0.003868849740895342,0.2509050128557557,0.8021490516791032,,,,,,,,,,,,,,,,,,
Original | Short Brown hold 3m,corrected,post2010,FF3,199,4,195,0.007283745244068116,0.007890696096911601,1.036432203976576,0.30128408625482883,0.3000005528278227,0.016468022679565708,-0.002850480334243368,-0.16202735780163996,0.8714520753737992,0.03855761716711033,1.224091945680279,0.2223944358661866,-0.02971757440785634,-1.1898804143840067,0.23554007682807265,,,,,,,,,,,,
Original | Short Brown hold 3m,corrected,post2010,FF3+BOND,199,5,194,0.007283745244068116,0.008113939731867064,1.0970251519464154,0.273990218211833,0.27263039726513416,0.017379821937404616,-0.0034496782869730645,-0.18776592494516137,0.8512563934551735,0.03778151098828132,1.2131887346475472,0.22653276079087029,-0.03329499208393174,-1.4884253623921178,0.13826247044958798,-0.018935541563468106,-0.39065600899869685,0.6964801650304224,,,,,,,,,
Original | Short Brown hold 3m,corrected,post2010,FF3+UMD+BOND,199,6,193,0.007283745244068116,0.00666235189927549,0.9401578628621933,0.3483117754246065,0.3471365921000249,0.02496149636799838,0.0011705815161342642,0.06433460258270918,0.9487703869519706,0.042534816243293,1.2938409881441937,0.1972665503039205,-0.02454742332580017,-1.0295035417455596,0.30453156942369436,-0.011826758262476611,-0.24245799543306318,0.8086827588506462,0.02572844662438538,1.249877343732565,0.21285782430772782,,,,,,
Original | Short Brown hold 3m,corrected,post2010,FF5,199,6,193,0.007283745244068116,0.008122732087128328,1.1832687603893097,0.23815811178602764,0.23670264950089182,0.022676210229326754,0.00011295303215246022,0.0055152296752399976,0.9956052022236382,0.017917944842162564,0.6300578573480591,0.529401963946472,-0.039949311640968516,-0.9323295090169692,0.35233110733775924,,,,,,,-0.0444601616872339,-1.5239561401473545,0.1291565627782655,0.027028211479978536,0.3983464688600211,0.6908151312891541
Original | Short Brown hold 3m,corrected,post2010,FF5+UMD,199,7,192,0.007283745244068116,0.00702201856207421,1.0298044941196387,0.30439731209226306,0.3031017906593093,0.02707495341231614,0.002917038143694664,0.1436901051443915,0.8858958836083659,0.023838222586822916,0.7517649817751859,0.45311294312980327,-0.03269693051491465,-0.752834223775476,0.45247159074888776,,,,0.020267044058815555,0.9501405424801586,0.3432353078669491,-0.03696231853566147,-1.2435699727848266,0.21517411738491957,0.019278939624097487,0.2861887691786414,0.7750420997571846
Original | Short Brown hold 3m,corrected,post2010,FF5+UMD+BOND,199,8,191,0.007283745244068116,0.00716888764858194,1.071563636707637,0.28526819956006655,0.283916073498495,0.02744188896889499,0.0025264318453582443,0.12041278847333765,0.9042827321884321,0.023687800837658562,0.7484142795365726,0.4551308964357302,-0.03612727005049241,-0.9746785589889033,0.3309525339939879,-0.012323773974278722,-0.30581717940342135,0.7600769064138702,0.01947550209733931,0.9314816466570575,0.3527803666966327,-0.036209624468149154,-1.2485675123890534,0.21335153808646362,0.021255699342352725,0.33118698132200575,0.7408663231573861
Original | Short Brown hold 3m,corrected,validation,CAPM,151,2,149,0.01777679379264183,0.015985716701261095,1.7676685514190846,0.07916321023821064,0.07711633040960533,0.003631536313133621,0.013716584545396465,0.7662415781225695,0.44474479921004373,,,,,,,,,,,,,,,,,,
Original | Short Brown hold 3m,corrected,validation,FF3,151,4,147,0.01777679379264183,0.016201627581544715,1.9721760674996491,0.050466066622488204,0.04858951072558312,0.025781898923658453,0.007058991088738524,0.3143237849196857,0.7537207940979652,0.04410109720174519,0.9989964355148564,0.3194380266947048,-0.0342177089825819,-1.0906363584334555,0.27721741366535624,,,,,,,,,,,,
Original | Short Brown hold 3m,corrected,validation,FF3+BOND,151,5,146,0.01777679379264183,0.016581721318875798,2.173584586621079,0.03134832065786433,0.0297363470038348,0.02621320311930353,0.0063380599196401766,0.25891230637784796,0.7960675795123624,0.04266759203060241,0.9810162867988589,0.32820753958796084,-0.03776233560443333,-1.4666671969114577,0.14461726480058443,-0.014355964909354375,-0.21674568445714665,0.828709113401625,,,,,,,,,
Original | Short Brown hold 3m,corrected,validation,FF3+UMD+BOND,151,6,145,0.01777679379264183,0.0132220175696703,1.7481187406075311,0.08256004816380043,0.08044346851304329,0.0520131459996126,0.01878683398407053,0.798515092066585,0.4258775686900399,0.05066668324957073,1.1408142841269668,0.2558279212939829,-0.012255561267338306,-0.4305463742942673,0.6674375241053394,0.007894645048851632,0.11742940872410283,0.9066822833930527,0.05335637637003972,1.885312041114157,0.061388379236858574,,,,,,
Original | Short Brown hold 3m,corrected,validation,FF5,151,6,145,0.01777679379264183,0.014573129042906979,1.975068658030877,0.050159317736851027,0.048260357030995765,0.038873702187648296,0.016481091493043026,0.6461960627289798,0.5191738176203856,0.025451888752822824,0.6935361000287625,0.4890826644360829,-0.06899198225213124,-1.3777153916344897,0.1704138114433298,,,,,,,-0.03254715531256579,-0.7614708294200963,0.44761258257722847,0.08279315039774296,1.080243930937118,0.2818270590396923
Original | Short Brown hold 3m,corrected,validation,FF5+UMD,151,7,144,0.01777679379264183,0.012524614491097865,1.6933946414374375,0.09254250248380928,0.09038037418311738,0.05741678625348179,0.02421920454557549,1.010901961431674,0.3137589520111784,0.03316290400138829,0.8422082377235861,0.4010679965967885,-0.04688423690538317,-0.816074218844197,0.4158055776972551,,,,0.04543626211073511,1.4556926677574022,0.14765429028016375,-0.025048746987441306,-0.6257309292526921,0.5324819280513962,0.06544696257827395,0.806470551904708,0.42130148952739727
Original | Short Brown hold 3m,corrected,validation,FF5+UMD+BOND,151,8,143,0.01777679379264183,0.012437296385764695,1.7249286589316344,0.08670085568506389,0.08454033004850704,0.05744371675359572,0.02445484144525614,0.9427487431455884,0.34739942868089885,0.03336001733239802,0.8406353926320239,0.4019556284385737,-0.04568803705569921,-0.9744640265802228,0.3314717183143698,0.003750059915661106,0.0642041696730653,0.9488973205940986,0.04579238038989701,1.51653987735246,0.1315903980564049,-0.025663790365112876,-0.6891661794295152,0.4918354055084342,0.06507398393634545,0.8382707480218453,0.40327764039173575
Original | Short Brown hold 3m,corrected,holdout,CAPM,48,2,46,-0.02572563664832002,-0.02201971233307775,-1.8885077075878698,0.06527314378773036,0.058957824168103204,0.015594903456986775,-0.02865590036916512,-1.6243526000427528,0.11113408280455965,,,,,,,,,,,,,,,,,,
Original | Short Brown hold 3m,corrected,holdout,FF3,48,4,44,-0.02572563664832002,-0.021558722950635906,-1.898871816175473,0.06415084988984424,0.05758133179559044,0.01605108017246437,-0.029664938160294238,-1.5538414489456362,0.12738638041480888,0.002659562258888755,0.14199129516326206,0.8877350570841326,-0.006566575638650591,-0.2195928561775024,0.8272038353346888,,,,,,,,,,,,
Original | Short Brown hold 3m,corrected,holdout,FF3+BOND,48,5,43,-0.02572563664832002,-0.024062421569365767,-1.9188940795920717,0.06165110246121089,0.054997740053532355,0.02469395970210908,-0.02531054671785693,-1.2641130499566988,0.21299914094075728,0.0027843487129570674,0.13396028754645356,0.8940590048739742,-0.006183611108323653,-0.19917346861623939,0.843065884963206,-0.05255688334323534,-0.9699453759979727,0.3374981894250191,,,,,,,,,
Original | Short Brown hold 3m,corrected,holdout,FF3+UMD+BOND,48,6,42,-0.02572563664832002,-0.023967732714501352,-1.9659708271826155,0.05593534626234461,0.04930198055707811,0.030162648497347733,-0.024526045071849363,-1.1109029726202313,0.2729295096972097,-0.004782909317624913,-0.2037762918912641,0.8395124814034107,-0.005322095903248596,-0.18311505017698004,0.8555888652217176,-0.058967771801513504,-1.0094126803603396,0.3185569777908576,-0.01758745838280571,-1.0546021461172441,0.2976364757081684,,,,,,
Original | Short Brown hold 3m,corrected,holdout,FF5,48,6,42,-0.02572563664832002,-0.029207646164497295,-1.7370120936158198,0.08971482952949812,0.0823850362441587,0.12351151182921849,-0.032805220198422476,-1.5189003693805512,0.13628012386409036,-0.04876244648593123,-1.4071683961711412,0.16673507559951153,0.08955031852089732,1.3572223219100839,0.18195968249405314,,,,,,,-0.0630834370032869,-1.7759503437174622,0.08298646757796022,-0.1211474930278266,-0.9873261089971117,0.32913682666666644
Original | Short Brown hold 3m,corrected,holdout,FF5+UMD,48,7,41,-0.02572563664832002,-0.02873882045737006,-1.780485752894489,0.08240760913248214,0.07499649889996421,0.147301910464816,-0.032448213420440124,-1.4622742367186177,0.15128957881604613,-0.07853117519284486,-1.7451456000734713,0.08845129020261194,0.09987118951144039,1.4057871824452748,0.1673206586072553,,,,-0.0411431046536348,-1.8925349084275835,0.06549471010305194,-0.08962221385567713,-2.36890239164601,0.022633714672225705,-0.10994418992981685,-0.8980956629506336,0.37437852676431543
Original | Short Brown hold 3m,corrected,holdout,FF5+UMD+BOND,48,8,40,-0.02572563664832002,-0.03079695744187061,-1.8301300191313035,0.07468943927345617,0.06723049906312911,0.1560960079618099,-0.027978201214432077,-1.1480904373982341,0.25775124431585217,-0.08072844873469259,-1.8908417993151099,0.06590419950037414,0.09503207293855526,1.3781418038300297,0.1758202281896551,-0.055961189255824106,-1.0553301447062486,0.29760709321187195,-0.04693502186745444,-2.0296547564099234,0.04908061170666586,-0.09680067437550423,-2.5065702800992566,0.01635666565554757,-0.09621967987054103,-0.7872369944737642,0.4357830947832641
Original | Short Brown hold 3m,corrected,covid,CAPM,24,2,22,0.08041975583363614,0.0754892794900965,2.415285728215224,0.02447715127426944,0.015722870353447316,0.006891041210809634,0.021043432964317516,0.4934500786717906,0.6265846254371116,,,,,,,,,,,,,,,,,,
Original | Short Brown hold 3m,corrected,covid,FF3,24,4,20,0.08041975583363614,0.06381221319012118,3.620199923271012,0.0017063471323435324,0.0002943754736120585,0.11684890177118645,0.01921742030036873,0.3188331423347537,0.7531588870675807,0.13444223745701844,1.441758162555177,0.16484697785134567,-0.08076059921303531,-1.437607636959221,0.16600829920117746,,,,,,,,,,,,
Original | Short Brown hold 3m,corrected,covid,FF3+BOND,24,5,19,0.08041975583363614,0.04582973401763676,2.608469879979441,0.017270106663663527,0.00909480152939983,0.2906507498402763,0.05508692570241926,0.7784688207865182,0.44587991039584596,0.1797474266558008,2.663366083219109,0.015353810593831136,0.040953582393892664,0.8119850270619914,0.426856765832291,0.5475603319257176,1.5435783222964992,0.13918290735688302,,,,,,,,,
Original | Short Brown hold 3m,corrected,covid,FF3+UMD+BOND,24,6,18,0.08041975583363614,0.03167240254754337,1.6126571968822763,0.12421351877203234,0.10681900464260564,0.4775625366671241,0.1154058354043021,2.2420565389991003,0.03779304482122055,0.2612103157468242,5.438185634063994,3.632675683720448e-05,0.139482041020575,2.756877147339193,0.01298041818108593,0.6800266951657059,1.7975387797475646,0.08904708419065605,0.1899858917351837,4.466386318552829,0.00029832678199623075,,,,,,
Original | Short Brown hold 3m,corrected,covid,FF5,24,6,18,0.08041975583363614,0.06500594242920342,5.287118622789923,5.008404870388201e-05,1.242580662344753e-07,0.30351347807657914,0.07574326363741782,1.3730688013714334,0.18659537918048277,0.019051831794970206,0.36123608348712966,0.7221281330704361,-0.12979741562964048,-1.7002981806641846,0.10628803085107313,,,,,,,-0.129481999568734,-1.6562345763870445,0.1150026903849883,0.3344797768688767,4.988241237874176,9.523510226014198e-05
Original | Short Brown hold 3m,corrected,covid,FF5+UMD,24,7,17,0.08041975583363614,0.05370485677053768,2.651168524323124,0.016799786023725206,0.008021380658323371,0.34921659615323464,0.08235043051068697,1.9128652094416305,0.07276283113627328,0.12163795464550349,1.662621185683765,0.11471411649973788,-0.12227437561638328,-1.4129966118522799,0.17570444446719566,,,,0.10708898309303276,1.2737380197311001,0.2198964087490422,-0.05017834139138479,-0.5598335876868232,0.5828951581690346,0.2972975099713418,3.2798750636341074,0.0044178697412615
Original | Short Brown hold 3m,corrected,covid,FF5+UMD+BOND,24,8,16,0.08041975583363614,0.03413811965454057,1.8041500160193673,0.09006551211461905,0.07120779268325614,0.5113277361028586,0.119414772494634,2.5859347856566073,0.019900954565944384,0.21420103784369,2.6330472512179703,0.018083434153637147,0.02523817770241292,0.4931337749713031,0.628617641026945,0.5723565200309825,1.5348497412327964,0.14435689110380936,0.17138892298723676,2.903693089595275,0.010361274118563,-0.02247518780289251,-0.21096780952906138,0.8355758892398965,0.19831417251827588,2.8495489499301234,0.011591791234367236
Original | Short Brown hold 3m,corrected,inflation_rates,CAPM,36,2,34,-0.01174739036793837,-0.010131256421259453,-1.8185694494300604,0.07779552013569875,0.06897714227283275,0.05282059995615285,-0.028204780919353037,-2.0311368079548098,0.05011812096865939,,,,,,,,,,,,,,,,,,
Original | Short Brown hold 3m,corrected,inflation_rates,FF3,36,4,32,-0.01174739036793837,-0.009260390619535243,-1.7241132866788702,0.0943369972334468,0.08468739394612897,0.060948332262400595,-0.030812660380665324,-2.1130719593129665,0.042486266245072665,0.01671486910132524,1.1418755213184524,0.2619784945123337,0.0053941482034763,0.5195568261905074,0.606947974518748,,,,,,,,,,,,
Original | Short Brown hold 3m,corrected,inflation_rates,FF3+BOND,36,5,31,-0.01174739036793837,-0.008438002428745484,-1.6226331598974628,0.1147954035864754,0.10466784752644093,0.06166943457037655,-0.03258952654744477,-1.6039282075927412,0.11887117963994749,0.01656643952082649,1.1167300814785979,0.2726908153972809,0.006161583506114124,0.49727145227301484,0.6225064143969415,0.00907663342173582,0.19012042316713348,0.8504542768607661,,,,,,,,,
Original | Short Brown hold 3m,corrected,inflation_rates,FF3+UMD+BOND,36,6,30,-0.01174739036793837,-0.008498158725903397,-1.6489183520452964,0.10959879561257248,0.09916436285065681,0.0633229788900076,-0.031665426003837996,-1.545768910454565,0.13264538465284068,0.020144600631941133,1.561417936260325,0.12891364813288136,0.005831688986600924,0.4614262603539705,0.6478211304026693,0.010999238118005517,0.2335796488647599,0.8168978940610812,0.007411274067104203,0.5738718093679632,0.5703324064550073,,,,,,
Original | Short Brown hold 3m,corrected,inflation_rates,FF5,36,6,30,-0.01174739036793837,-0.006939657712210637,-1.7780823810835868,0.0855286664529897,0.07539032570229875,0.2046703281347929,-0.03161320130989028,-2.5968693534817495,0.014433839896236682,-0.03371102692553399,-1.9973764124504005,0.05492407329967691,0.04353071592902004,1.7893065886601047,0.08366675194828188,,,,,,,-0.11016897863015351,-2.4840919430751893,0.018797108230703474,-0.044676444032563815,-1.497845249183145,0.14462255323205364
Original | Short Brown hold 3m,corrected,inflation_rates,FF5+UMD,36,7,29,-0.01174739036793837,-0.007238856993722649,-1.7073608209026994,0.09844153707026734,0.08775500780678701,0.20570228421359416,-0.030701664130076918,-2.26106104263783,0.031431988446497236,-0.03133341139910581,-1.5269753197241234,0.13760136651992827,0.0440542349534857,1.82882904561598,0.07772706794880795,,,,0.005938031725753501,0.35473007566106995,0.7253585633266421,-0.10939328956825425,-2.393670835053517,0.02337198727487603,-0.04712134421395102,-1.3586616188338412,0.18472881820597295
Original | Short Brown hold 3m,corrected,inflation_rates,FF5+UMD+BOND,36,8,28,-0.01174739036793837,-0.006940438237783145,-1.3405521235254967,0.19084197671199132,0.18006591038277397,0.20582711994064462,-0.031434316972801954,-1.5636069421053742,0.12914297536743433,-0.03136188568660507,-1.5098224215758826,0.1422921187598901,0.044810066527975444,1.8684911830773387,0.07218995862779364,0.00391083716532651,0.09863122852544301,0.9221338018397119,0.006309913009713193,0.3987403839767864,0.6931091858517713,-0.1089811537257516,-2.558846561035064,0.01619533412324361,-0.047908395694000974,-1.5385284643139023,0.13514504553507148
Original | Short Brown hold 3m,corrected,last18,CAPM,18,2,16,-0.04510691699297664,-0.044462360846313304,-1.8763525931695773,0.0789693392255896,0.06060687965360944,0.00025628561807611305,-0.005431652921320161,-0.14780949321988346,0.8843397846125914,,,,,,,,,,,,,,,,,,
Original | Short Brown hold 3m,corrected,last18,FF3,18,4,14,-0.04510691699297664,-0.04053361358701298,-1.5516785254931733,0.14304650517094714,0.12073916348916176,0.009462811833712337,-0.01528419519183108,-0.1770209503389007,0.8620273966093082,-0.03920889159607392,-0.774978987321851,0.451243876869066,-0.03319690416412953,-0.2797817086903217,0.7837361768133984,,,,,,,,,,,,
Original | Short Brown hold 3m,corrected,last18,FF3+BOND,18,5,13,-0.04510691699297664,-0.04061158269296821,-1.8491994671359813,0.08729169269268565,0.0644290156600938,0.06089354560752769,-0.02730056322193178,-0.3013273786291331,0.7679306558984212,-0.07283310810183241,-0.9455301958800466,0.36163202079911194,-0.008859178982556414,-0.07717006191082365,0.9396633319857264,-0.38320537063393445,-0.9536131087033762,0.3576756641423437,,,,,,,,,
Original | Short Brown hold 3m,corrected,last18,FF3+UMD+BOND,18,6,12,-0.04510691699297664,-0.03782995483813505,-2.0032232171848774,0.0682677980672557,0.0451533347054143,0.076596954151261,-0.016337849865463563,-0.17368171238569557,0.8650110361175402,-0.05348483402677481,-0.7150825562461528,0.48823765701377425,-0.02231963528788014,-0.21426496176023901,0.8339381589595433,-0.34971509986949245,-0.832895266882023,0.4211719001287483,-0.03981489338839739,-0.7131763772678753,0.48937417468511146,,,,,,
Original | Short Brown hold 3m,corrected,last18,FF5,18,6,12,-0.04510691699297664,-0.055280329022822094,-1.7880641217153261,0.09902341283526167,0.07376566325094021,0.16149848191295435,0.0016514472524155471,0.014549398575612974,0.9886307690442963,-0.040252171264236115,-0.6299662841971368,0.5405267691046448,0.15188357537090863,1.8731287720296552,0.08560570703452065,,,,,,,-0.026654198360330224,-0.7174599350277948,0.48682245102164534,-0.24730400203720215,-1.1248895710260107,0.2826329684721264
Original | Short Brown hold 3m,corrected,last18,FF5+UMD,18,7,11,-0.04510691699297664,-0.061753227477368035,-2.3248529589043136,0.04023235977660777,0.020079824073240823,0.2897534586020223,0.03459306785663212,0.42132702973345465,0.6816314946204238,-0.02885372888717168,-0.30913771406255486,0.7629933621434019,0.17941984974488623,1.7347429570506616,0.110679889783779,,,,-0.13756990044942946,-3.2616023443658073,0.007577380348636364,-0.11939127000466082,-2.287836051676657,0.04294072497319782,-0.26653777545313795,-1.167231238702887,0.26779662743655713
Original | Short Brown hold 3m,corrected,last18,FF5+UMD+BOND,18,8,10,-0.04510691699297664,-0.06675688281538696,-2.5535997132813937,0.02868632569780393,0.010661574636865465,0.37631856070316927,0.018981782325021707,0.2268953619613784,0.8250761989426311,-0.08431852990586078,-0.8021025216523924,0.4411382100514086,0.24906881525998517,2.533669937441041,0.029683558571963798,-0.5143134211036771,-2.107528542275994,0.06129644324802561,-0.13801175460190904,-3.790246808587318,0.0035419524884071447,-0.14448016480427273,-3.2025232626749687,0.00945114935794135,-0.27398326072070633,-1.407531527941429,0.18958585901965797
Original | Short Brown hold 3m,corrected,last12,CAPM,12,2,10,-0.05206545965592006,-0.04830711333737691,-1.3646081629499833,0.20229365549136782,0.17237623777089917,0.0036243989236662832,-0.02579510170585554,-0.5601403234759192,0.5877115015847291,,,,,,,,,,,,,,,,,,
Original | Short Brown hold 3m,corrected,last12,FF3,12,4,8,-0.05206545965592006,0.011979553602478,0.2958418446216424,0.7748846153581664,0.7673508651764918,0.07247763380039807,-0.1383004660512692,-1.6812814852871318,0.13121443842995653,0.1393167014303407,1.6539902276396103,0.13672739829051508,-0.26850682195489783,-1.733162661445149,0.12129792228897587,,,,,,,,,,,,
Original | Short Brown hold 3m,corrected,last12,FF3+BOND,12,5,7,-0.05206545965592006,0.012250677084120733,0.6353579828884678,0.5453962025690424,0.5251949650601011,0.20580447253966516,-0.15297290130300098,-1.607148271648467,0.15205712818399109,0.2960961415812835,1.6307067038158511,0.1469735853298973,-0.3415095771346074,-1.91056559688385,0.09767626710095495,-0.782845864803006,-1.1666204293136202,0.28156570923695745,,,,,,,,,
Original | Short Brown hold 3m,corrected,last12,FF3+UMD+BOND,12,6,6,-0.05206545965592006,0.020370427889362382,1.0562859273902632,0.3315009576270962,0.29083760332363207,0.22724901370362494,-0.13492019660066581,-1.3012507841117529,0.24090377795077755,0.3844949260144669,1.5725684587096365,0.16687978124168398,-0.39374178036362484,-1.9976087186936895,0.09273308147134153,-0.7886327416186918,-1.1608982462383237,0.2897784382900437,-0.05405375281002312,-1.4107927717206423,0.20798995657387592,,,,,,
Original | Short Brown hold 3m,corrected,last12,FF5,12,6,6,-0.05206545965592006,-0.05066573540377537,-0.5319174940376971,0.6138928749862865,0.5947831403473115,0.5790134836557606,-0.21715769273412044,-2.4071366066142668,0.05277928180138407,0.11849545089276226,0.864726648960695,0.42041176296837335,0.24389945587573064,0.8292931295977612,0.4386783887342512,,,,,,,-0.01697750271961044,-0.2620822151968861,0.8020236747168751,-0.6957278568228978,-4.106429922353964,0.006311608719937534
Original | Short Brown hold 3m,corrected,last12,FF5+UMD,12,7,5,-0.05206545965592006,-0.08704493823905089,-1.1496562391644982,0.3022879223120631,0.2502854849089603,0.6831112907455678,-0.1291139736610365,-1.914593078818601,0.11371438183065306,0.08872567726754388,0.4369265832026725,0.6803898597253257,0.3871024250683007,1.6089705537505012,0.16853613889810332,,,,-0.14526024027649848,-2.9454185752194855,0.03205488792130315,-0.1347255197227349,-2.9649782078688487,0.03133819696827718,-0.7127912324253401,-4.9224239957484865,0.004388280063670293
Original | Short Brown hold 3m,corrected,last12,FF5+UMD+BOND,12,8,4,-0.05206545965592006,-0.08234733507537874,-1.3157793293945215,0.25859195264475093,0.1882481190668066,0.7354998891490269,-0.14445045689130084,-1.6361612728079313,0.1771465101006359,0.18168138822558685,0.6673949545477005,0.5410501233313915,0.2844993491498813,1.0011572666124455,0.3734044101976739,-0.4895876656641408,-1.4592841761320636,0.21825414043830174,-0.1351029490962351,-3.8995282657670565,0.017548470251049594,-0.12936103091287124,-3.3446185553804746,0.028712126825748238,-0.6766967686501807,-7.045336858702776,0.0021397094771639894
Pure | Short Brown hold 3m,corrected,full_live_1999,CAPM,329,2,327,-0.0022232864592902535,-0.0008715394490307444,-0.11001440225679425,0.9124654383912372,0.9123979528987922,0.004694598529360938,-0.0169473190040005,-1.1537128045696923,0.24946047491620044,,,,,,,,,,,,,,,,,,
Pure | Short Brown hold 3m,corrected,full_live_1999,FF3,329,4,325,-0.0022232864592902535,-0.0007253053001945863,-0.0910565521706038,0.9275037506010848,0.9274476555112122,0.005898586157729202,-0.018681501481193036,-1.220661148443767,0.2230992181232838,0.00750450349067922,0.324427519615369,0.7458230956686732,-0.008210139515976888,-0.3695330482792081,0.7119711028790364,,,,,,,,,,,,
Pure | Short Brown hold 3m,corrected,full_live_1999,FF3+BOND,329,5,324,-0.0022232864592902535,-0.0004285974929736558,-0.055835823654646004,0.9555070118135386,0.9554725962973645,0.006341857697523046,-0.019295222558810558,-1.2127038541805146,0.22612653734219962,0.007100573100920507,0.30536332158455476,0.7602855371984183,-0.009224276647788986,-0.4191544326464163,0.675381023629386,-0.013255108926528978,-0.3164014283429309,0.7519015790066158,,,,,,,,,
Pure | Short Brown hold 3m,corrected,full_live_1999,FF3+UMD+BOND,329,6,323,-0.0022232864592902535,-0.002158313990282824,-0.2806503946477421,0.7791582342544199,0.7789785593980559,0.017134357920366994,-0.009379403174114597,-0.5468628373487994,0.5848505644611361,0.004299803635865601,0.17239273804934746,0.8632367475513613,-0.0006620306215957394,-0.03475148420007088,0.9722993728855558,-0.01202702151261181,-0.2928805331613877,0.769801531724163,0.024745124258189977,1.2587087821588123,0.2090445252121994,,,,,,
Pure | Short Brown hold 3m,corrected,full_live_1999,FF5,329,6,323,-0.0022232864592902535,0.0007770456533855879,0.10312094184902244,0.9179309784255819,0.9178669844348974,0.008867381591144419,-0.022659773272028078,-1.0895055339224826,0.27674318837680556,-0.00583155782327378,-0.22528326289574394,0.8219013852510454,0.00030422950172083463,0.008725895917362387,0.9930432175756274,,,,,,,-0.027151432729755474,-0.9641528811367678,0.33569056148030085,-0.0025576376833992983,-0.05624542363867844,0.9551810716442056
Pure | Short Brown hold 3m,corrected,full_live_1999,FF5+UMD,329,7,322,-0.0022232864592902535,-0.0007468193584732712,-0.09794860529549611,0.9220340459017781,0.9219731040689716,0.020106985318718684,-0.0135555722016464,-0.6353688723529015,0.5256391198688618,-0.008261916191645421,-0.30446538462791,0.7609700368737964,0.0131385827255401,0.381167613440158,0.7033302504840409,,,,0.025434514921590427,1.3042215146908167,0.193089558328464,-0.02706832279466863,-0.9642212467810873,0.3356585834601506,-0.011441647722421826,-0.25434097487924395,0.7993944918802046
Pure | Short Brown hold 3m,corrected,full_live_1999,FF5+UMD+BOND,329,8,321,-0.0022232864592902535,-0.0006391995906912507,-0.0856799658161089,0.9317742438715255,0.931720828516537,0.020219572242331063,-0.013743680239729814,-0.6377840355316686,0.5240689491912329,-0.008150785857906302,-0.30202150153847995,0.7628312565173132,0.012255036172232815,0.37893327064637994,0.7049879341271199,-0.006758778582203128,-0.17279940236177807,0.8629180093539404,0.025370143977088935,1.311714679016924,0.19055377319010214,-0.026317736971364955,-0.9856575045195988,0.32504355146692226,-0.011092191444897027,-0.24954268109475183,0.8031006384436283
Pure | Short Brown hold 3m,corrected,post2010,CAPM,199,2,197,0.00752074625353031,0.007230819350580208,0.8905435880977111,0.37426036638999494,0.3731740744424391,8.723662575638169e-05,0.0022254927207565785,0.1447088805768478,0.8850886656766066,,,,,,,,,,,,,,,,,,
Pure | Short Brown hold 3m,corrected,post2010,FF3,199,4,195,0.00752074625353031,0.008681328558228441,1.1036085733156797,0.2711230023175,0.2697629705750787,0.022518240463824335,-0.006477861992459845,-0.36482539324021657,0.7156371011610968,0.04944404443663705,1.4879100707209403,0.138389918459281,-0.03416487627080946,-1.415148307417599,0.15861999970443283,,,,,,,,,,,,
Pure | Short Brown hold 3m,corrected,post2010,FF3+BOND,199,5,194,0.00752074625353031,0.00876939239834829,1.1478759510907128,0.2524332860887615,0.25101977736322345,0.022651457977799327,-0.006714230087433104,-0.36225665510741545,0.7175545548376305,0.049137890621940086,1.4865420660562334,0.13875917038092736,-0.03557607501934571,-1.6632399628880163,0.0978790338802669,-0.0074695814067027855,-0.1533657590255912,0.8782692535783888,,,,,,,,,
Pure | Short Brown hold 3m,corrected,post2010,FF3+UMD+BOND,199,6,193,0.00752074625353031,0.007591283771623212,1.0343530434743136,0.3022654617685671,0.30097114774894906,0.027340392705641592,-0.0029644274164958764,-0.163083262849798,0.8706235126527782,0.052995672976307945,1.537245976692809,0.1258708862383684,-0.028476548566009,-1.2577421363259473,0.2100046867023312,-0.001700093164668388,-0.03445597165907384,0.9725491601379606,0.020881206248683504,1.0203616062368204,0.30883431120250454,,,,,,
Pure | Short Brown hold 3m,corrected,post2010,FF5,199,6,193,0.00752074625353031,0.008703532615739248,1.228490699736787,0.2207587321361642,0.21926281851262974,0.03147184755344379,-0.0020619568594781867,-0.09957157450121802,0.9207878105453359,0.027583844513081053,0.9228498676157747,0.3572377013381754,-0.053751974559977614,-1.2874549047208637,0.19947750929240027,,,,,,,-0.049501942351694556,-1.62882403461429,0.10498144690336518,0.046172927079283235,0.6889553566575213,0.4916787546797037
Pure | Short Brown hold 3m,corrected,post2010,FF5+UMD,199,7,192,0.00752074625353031,0.00804047464706929,1.1354284541557849,0.2576112205284683,0.2561958432336229,0.032970524479150165,-0.0003728061988233708,-0.018236497180299335,0.9854691237818393,0.031150156042816714,0.9526446135112733,0.3419679145585812,-0.04938321830505184,-1.1807595251582732,0.23915891486395735,,,,0.012208648988774865,0.581818010656997,0.5613717687294502,-0.04498532241714515,-1.4345110330083044,0.15305325016406113,0.04150484920209074,0.6260610758605036,0.5320184325863838
Pure | Short Brown hold 3m,corrected,post2010,FF5+UMD+BOND,199,8,191,0.00752074625353031,0.008100629729194477,1.1653044013588587,0.2453490310426521,0.2438957981527492,0.033028320598670446,-0.0005327919011502355,-0.025198306306925173,0.9799230947922577,0.031088545850436855,0.9504717069126482,0.3430737693254478,-0.05078822708795226,-1.4230418993712033,0.15635530107624637,-0.005047608405161878,-0.12431414536961001,0.9011972799790923,0.011884446851821925,0.5722422880271577,0.5678307607934083,-0.04467703171742766,-1.4641271240496179,0.1448031210471662,0.0423144963921216,0.6678725157161616,0.5050211813801628
Pure | Short Brown hold 3m,corrected,validation,CAPM,151,2,149,0.018089132871337038,0.016577980812654523,1.797240833760548,0.07432268024444871,0.07229739457240875,0.00237854977252161,0.011572837971976729,0.6464454189520608,0.5189854241575965,,,,,,,,,,,,,,,,,,
Pure | Short Brown hold 3m,corrected,validation,FF3,151,4,147,0.018089132871337038,0.01701010743485562,2.008291523475544,0.04644402808932344,0.044612322118550575,0.03372445273441893,0.002295292724863139,0.10118296718573849,0.9195430957158157,0.05917241580745978,1.2917544808377723,0.19846945462808652,-0.03928564663799253,-1.3175919772706703,0.1896901089128669,,,,,,,,,,,,
Pure | Short Brown hold 3m,corrected,validation,FF3+BOND,151,5,146,0.018089132871337038,0.016894091280911648,2.1531206851772797,0.032951710300752085,0.03130919497962084,0.03376142476125499,0.0025153428158864906,0.10196691510472286,0.9189228442783349,0.05960996512827352,1.3132525651430036,0.19115804415044677,-0.038203718925312664,-1.606300489586683,0.11036858624826386,0.004381876551380608,0.06543577926722435,0.9479165516069034,,,,,,,,,
Pure | Short Brown hold 3m,corrected,validation,FF3+UMD+BOND,151,6,145,0.018089132871337038,0.014089049553896097,1.8164834779393422,0.07136163390958056,0.06929624012756062,0.050308814849639116,0.012908917162783553,0.5454060407353043,0.586312294254319,0.06628846606833881,1.455065239958014,0.1478126769797362,-0.01690792272481712,-0.6465194469218689,0.5189650340382049,0.02295907681764675,0.33495579092686606,0.738142502557358,0.044547636724131215,1.5645400948925947,0.11987063300450478,,,,,,
Pure | Short Brown hold 3m,corrected,validation,FF5,151,6,145,0.018089132871337038,0.014799782815654337,1.9308950368506705,0.055447288993867645,0.05349603409269472,0.055237299459667266,0.014206759197038678,0.5504129636323489,0.5828831046418127,0.0381560879041678,0.9915179725602131,0.3230844308806226,-0.08643418350469853,-1.8279868844649318,0.06960697627489137,,,,,,,-0.03973246022382834,-0.8804910195455955,0.38005040569401427,0.1100358671148911,1.5152957090076147,0.1318744485588812
Pure | Short Brown hold 3m,corrected,validation,FF5+UMD,151,7,144,0.018089132871337038,0.013360210858557937,1.7091441317124552,0.0895784938219835,0.08742425457923968,0.0636629742601591,0.019644636385379683,0.8096481099257167,0.4194783111731874,0.04357492239708091,1.0771864252225414,0.2831982516179413,-0.07089819904820509,-1.3340663873961396,0.18428809095003115,,,,0.03192985312802948,1.040550540461479,0.2998281191025224,-0.034463033000001975,-0.7833071644656913,0.43473315828745596,0.09784601690104616,1.2781599357578155,0.20324947113051012
Pure | Short Brown hold 3m,corrected,validation,FF5+UMD+BOND,151,8,143,0.018089132871337038,0.012947532099490858,1.717221759099448,0.08810357220325554,0.08593866131811505,0.0642164443036164,0.020758292516368876,0.7889934059868315,0.4314220147230759,0.044506510233604274,1.0897726821761682,0.27764630065267376,-0.06524477507982789,-1.5306415208217634,0.12806720790117773,0.017723358363279106,0.2994795219650803,0.7650090328792829,0.03361292273844874,1.1207009929187375,0.2642937357039569,-0.03736982234112989,-0.9060864149596466,0.36641429954306065,0.09608326263006994,1.3170694964109404,0.1899219531336223
Pure | Short Brown hold 3m,corrected,holdout,CAPM,48,2,46,-0.02572563664832002,-0.02201971233307775,-1.8885077075878698,0.06527314378773036,0.058957824168103204,0.015594903456986775,-0.02865590036916512,-1.6243526000427528,0.11113408280455965,,,,,,,,,,,,,,,,,,
Pure | Short Brown hold 3m,corrected,holdout,FF3,48,4,44,-0.02572563664832002,-0.021558722950635906,-1.898871816175473,0.06415084988984424,0.05758133179559044,0.01605108017246437,-0.029664938160294238,-1.5538414489456362,0.12738638041480888,0.002659562258888755,0.14199129516326206,0.8877350570841326,-0.006566575638650591,-0.2195928561775024,0.8272038353346888,,,,,,,,,,,,
Pure | Short Brown hold 3m,corrected,holdout,FF3+BOND,48,5,43,-0.02572563664832002,-0.024062421569365767,-1.9188940795920717,0.06165110246121089,0.054997740053532355,0.02469395970210908,-0.02531054671785693,-1.2641130499566988,0.21299914094075728,0.0027843487129570674,0.13396028754645356,0.8940590048739742,-0.006183611108323653,-0.19917346861623939,0.843065884963206,-0.05255688334323534,-0.9699453759979727,0.3374981894250191,,,,,,,,,
Pure | Short Brown hold 3m,corrected,holdout,FF3+UMD+BOND,48,6,42,-0.02572563664832002,-0.023967732714501352,-1.9659708271826155,0.05593534626234461,0.04930198055707811,0.030162648497347733,-0.024526045071849363,-1.1109029726202313,0.2729295096972097,-0.004782909317624913,-0.2037762918912641,0.8395124814034107,-0.005322095903248596,-0.18311505017698004,0.8555888652217176,-0.058967771801513504,-1.0094126803603396,0.3185569777908576,-0.01758745838280571,-1.0546021461172441,0.2976364757081684,,,,,,
Pure | Short Brown hold 3m,corrected,holdout,FF5,48,6,42,-0.02572563664832002,-0.029207646164497295,-1.7370120936158198,0.08971482952949812,0.0823850362441587,0.12351151182921849,-0.032805220198422476,-1.5189003693805512,0.13628012386409036,-0.04876244648593123,-1.4071683961711412,0.16673507559951153,0.08955031852089732,1.3572223219100839,0.18195968249405314,,,,,,,-0.0630834370032869,-1.7759503437174622,0.08298646757796022,-0.1211474930278266,-0.9873261089971117,0.32913682666666644
Pure | Short Brown hold 3m,corrected,holdout,FF5+UMD,48,7,41,-0.02572563664832002,-0.02873882045737006,-1.780485752894489,0.08240760913248214,0.07499649889996421,0.147301910464816,-0.032448213420440124,-1.4622742367186177,0.15128957881604613,-0.07853117519284486,-1.7451456000734713,0.08845129020261194,0.09987118951144039,1.4057871824452748,0.1673206586072553,,,,-0.0411431046536348,-1.8925349084275835,0.06549471010305194,-0.08962221385567713,-2.36890239164601,0.022633714672225705,-0.10994418992981685,-0.8980956629506336,0.37437852676431543
Pure | Short Brown hold 3m,corrected,holdout,FF5+UMD+BOND,48,8,40,-0.02572563664832002,-0.03079695744187061,-1.8301300191313035,0.07468943927345617,0.06723049906312911,0.1560960079618099,-0.027978201214432077,-1.1480904373982341,0.25775124431585217,-0.08072844873469259,-1.8908417993151099,0.06590419950037414,0.09503207293855526,1.3781418038300297,0.1758202281896551,-0.055961189255824106,-1.0553301447062486,0.29760709321187195,-0.04693502186745444,-2.0296547564099234,0.04908061170666586,-0.09680067437550423,-2.5065702800992566,0.01635666565554757,-0.09621967987054103,-0.7872369944737642,0.4357830947832641
Pure | Short Brown hold 3m,corrected,covid,CAPM,24,2,22,0.0871836685717125,0.08178426520783866,2.851704684879086,0.009276422072293745,0.0043485479461287885,0.008250856814451812,0.02304482869771156,0.5574743595820649,0.5828317512155624,,,,,,,,,,,,,,,,,,
Pure | Short Brown hold 3m,corrected,covid,FF3,24,4,20,0.0871836685717125,0.06649437164220864,3.945671100745373,0.0007987999313374468,7.957678331127534e-05,0.1757628125157571,0.025171734300298773,0.4332263540134192,0.6694867508652577,0.1504163137300395,1.5402495441281678,0.1391728768176965,-0.10880995838403366,-2.6141965033248047,0.016608595468338476,,,,,,,,,,,,
Pure | Short Brown hold 3m,corrected,covid,FF3+BOND,24,5,19,0.0871836685717125,0.0499350230130993,2.386848254670311,0.02754770973161104,0.01699350387952922,0.3229066824046223,0.058202532746329375,0.8223091537903043,0.4211013740378704,0.19213605745694118,2.681193131762811,0.014776205773083622,0.0032717822371285607,0.05174698920638956,0.9592704698665458,0.504226494292449,1.3810326815481082,0.18329773460446322,,,,,,,,,
Pure | Short Brown hold 3m,corrected,covid,FF3+UMD+BOND,24,6,18,0.0871836685717125,0.03640276319143733,1.5883439832545723,0.12961878869188398,0.11220857684203472,0.4934029830517721,0.11585825409251191,2.180839523032416,0.042706000714993864,0.27000221347170095,5.375256663545164,4.1513514467089915e-05,0.09745003219763054,1.3520169964843374,0.19311491012545914,0.630844229335305,1.5969368692643195,0.12768620052824722,0.18159767289772208,3.960908391628893,0.0009162380132122853,,,,,,
Pure | Short Brown hold 3m,corrected,covid,FF5,24,6,18,0.0871836685717125,0.06870307908116252,4.97356040526005,9.831226786243246e-05,6.573427829984461e-07,0.37142100988067794,0.08471804670555229,1.5284784971285243,0.14377642942732957,0.024574976149507974,0.44516272589891176,0.6615093290143248,-0.15841971551630818,-2.6146559693304607,0.017549775500628934,,,,,,,-0.1408924906627423,-1.7300212542637967,0.10073545683135719,0.3443224300496587,5.699627498286807,2.096931300719877e-05
Pure | Short Brown hold 3m,corrected,covid,FF5+UMD,24,7,17,0.0871836685717125,0.05858823225787933,2.9984881396712346,0.00808070025295643,0.0027132271656450722,0.4079741367910108,0.09063168039328054,2.1231381567743517,0.04872361604036474,0.11639296162172526,1.5878245514270939,0.130750048206074,-0.15168634496432265,-2.1407433102769513,0.04708263834716382,,,,0.09584819486936563,1.137293258049616,0.27119237437003213,-0.06991308397407547,-0.710859738024674,0.48681049276043625,0.31104306684771643,3.6689413066084176,0.0019018623444319574
Pure | Short Brown hold 3m,corrected,covid,FF5+UMD+BOND,24,8,16,0.0871836685717125,0.04127435225940648,1.7619938283360317,0.09716151701648763,0.07807034023021275,0.5347000011483812,0.1234285420022487,2.5121275870699105,0.023103241790595256,0.1982986010383147,2.3022700223508106,0.035088536644811506,-0.021157957359938303,-0.30900290912564105,0.7613066563991563,0.5064570574752648,1.2987148520632086,0.21244814349406463,0.15274482697708092,2.211160556598832,0.0419283049289975,-0.045399590795988515,-0.39499036458370096,0.6980659207943984,0.22345638255023126,3.0755392674042468,0.0072414025430453804
Pure | Short Brown hold 3m,corrected,inflation_rates,CAPM,36,2,34,-0.01174739036793837,-0.010131256421259453,-1.8185694494300604,0.07779552013569875,0.06897714227283275,0.05282059995615285,-0.028204780919353037,-2.0311368079548098,0.05011812096865939,,,,,,,,,,,,,,,,,,
Pure | Short Brown hold 3m,corrected,inflation_rates,FF3,36,4,32,-0.01174739036793837,-0.009260390619535243,-1.7241132866788702,0.0943369972334468,0.08468739394612897,0.060948332262400595,-0.030812660380665324,-2.1130719593129665,0.042486266245072665,0.01671486910132524,1.1418755213184524,0.2619784945123337,0.0053941482034763,0.5195568261905074,0.606947974518748,,,,,,,,,,,,
Pure | Short Brown hold 3m,corrected,inflation_rates,FF3+BOND,36,5,31,-0.01174739036793837,-0.008438002428745484,-1.6226331598974628,0.1147954035864754,0.10466784752644093,0.06166943457037655,-0.03258952654744477,-1.6039282075927412,0.11887117963994749,0.01656643952082649,1.1167300814785979,0.2726908153972809,0.006161583506114124,0.49727145227301484,0.6225064143969415,0.00907663342173582,0.19012042316713348,0.8504542768607661,,,,,,,,,
Pure | Short Brown hold 3m,corrected,inflation_rates,FF3+UMD+BOND,36,6,30,-0.01174739036793837,-0.008498158725903397,-1.6489183520452964,0.10959879561257248,0.09916436285065681,0.0633229788900076,-0.031665426003837996,-1.545768910454565,0.13264538465284068,0.020144600631941133,1.561417936260325,0.12891364813288136,0.005831688986600924,0.4614262603539705,0.6478211304026693,0.010999238118005517,0.2335796488647599,0.8168978940610812,0.007411274067104203,0.5738718093679632,0.5703324064550073,,,,,,
Pure | Short Brown hold 3m,corrected,inflation_rates,FF5,36,6,30,-0.01174739036793837,-0.006939657712210637,-1.7780823810835868,0.0855286664529897,0.07539032570229875,0.2046703281347929,-0.03161320130989028,-2.5968693534817495,0.014433839896236682,-0.03371102692553399,-1.9973764124504005,0.05492407329967691,0.04353071592902004,1.7893065886601047,0.08366675194828188,,,,,,,-0.11016897863015351,-2.4840919430751893,0.018797108230703474,-0.044676444032563815,-1.497845249183145,0.14462255323205364
Pure | Short Brown hold 3m,corrected,inflation_rates,FF5+UMD,36,7,29,-0.01174739036793837,-0.007238856993722649,-1.7073608209026994,0.09844153707026734,0.08775500780678701,0.20570228421359416,-0.030701664130076918,-2.26106104263783,0.031431988446497236,-0.03133341139910581,-1.5269753197241234,0.13760136651992827,0.0440542349534857,1.82882904561598,0.07772706794880795,,,,0.005938031725753501,0.35473007566106995,0.7253585633266421,-0.10939328956825425,-2.393670835053517,0.02337198727487603,-0.04712134421395102,-1.3586616188338412,0.18472881820597295
Pure | Short Brown hold 3m,corrected,inflation_rates,FF5+UMD+BOND,36,8,28,-0.01174739036793837,-0.006940438237783145,-1.3405521235254967,0.19084197671199132,0.18006591038277397,0.20582711994064462,-0.031434316972801954,-1.5636069421053742,0.12914297536743433,-0.03136188568660507,-1.5098224215758826,0.1422921187598901,0.044810066527975444,1.8684911830773387,0.07218995862779364,0.00391083716532651,0.09863122852544301,0.9221338018397119,0.006309913009713193,0.3987403839767864,0.6931091858517713,-0.1089811537257516,-2.558846561035064,0.01619533412324361,-0.047908395694000974,-1.5385284643139023,0.13514504553507148
Pure | Short Brown hold 3m,corrected,last18,CAPM,18,2,16,-0.04510691699297664,-0.044462360846313304,-1.8763525931695773,0.0789693392255896,0.06060687965360944,0.00025628561807611305,-0.005431652921320161,-0.14780949321988346,0.8843397846125914,,,,,,,,,,,,,,,,,,
Pure | Short Brown hold 3m,corrected,last18,FF3,18,4,14,-0.04510691699297664,-0.04053361358701298,-1.5516785254931733,0.14304650517094714,0.12073916348916176,0.009462811833712337,-0.01528419519183108,-0.1770209503389007,0.8620273966093082,-0.03920889159607392,-0.774978987321851,0.451243876869066,-0.03319690416412953,-0.2797817086903217,0.7837361768133984,,,,,,,,,,,,
Pure | Short Brown hold 3m,corrected,last18,FF3+BOND,18,5,13,-0.04510691699297664,-0.04061158269296821,-1.8491994671359813,0.08729169269268565,0.0644290156600938,0.06089354560752769,-0.02730056322193178,-0.3013273786291331,0.7679306558984212,-0.07283310810183241,-0.9455301958800466,0.36163202079911194,-0.008859178982556414,-0.07717006191082365,0.9396633319857264,-0.38320537063393445,-0.9536131087033762,0.3576756641423437,,,,,,,,,
Pure | Short Brown hold 3m,corrected,last18,FF3+UMD+BOND,18,6,12,-0.04510691699297664,-0.03782995483813505,-2.0032232171848774,0.0682677980672557,0.0451533347054143,0.076596954151261,-0.016337849865463563,-0.17368171238569557,0.8650110361175402,-0.05348483402677481,-0.7150825562461528,0.48823765701377425,-0.02231963528788014,-0.21426496176023901,0.8339381589595433,-0.34971509986949245,-0.832895266882023,0.4211719001287483,-0.03981489338839739,-0.7131763772678753,0.48937417468511146,,,,,,
Pure | Short Brown hold 3m,corrected,last18,FF5,18,6,12,-0.04510691699297664,-0.055280329022822094,-1.7880641217153261,0.09902341283526167,0.07376566325094021,0.16149848191295435,0.0016514472524155471,0.014549398575612974,0.9886307690442963,-0.040252171264236115,-0.6299662841971368,0.5405267691046448,0.15188357537090863,1.8731287720296552,0.08560570703452065,,,,,,,-0.026654198360330224,-0.7174599350277948,0.48682245102164534,-0.24730400203720215,-1.1248895710260107,0.2826329684721264
Pure | Short Brown hold 3m,corrected,last18,FF5+UMD,18,7,11,-0.04510691699297664,-0.061753227477368035,-2.3248529589043136,0.04023235977660777,0.020079824073240823,0.2897534586020223,0.03459306785663212,0.42132702973345465,0.6816314946204238,-0.02885372888717168,-0.30913771406255486,0.7629933621434019,0.17941984974488623,1.7347429570506616,0.110679889783779,,,,-0.13756990044942946,-3.2616023443658073,0.007577380348636364,-0.11939127000466082,-2.287836051676657,0.04294072497319782,-0.26653777545313795,-1.167231238702887,0.26779662743655713
Pure | Short Brown hold 3m,corrected,last18,FF5+UMD+BOND,18,8,10,-0.04510691699297664,-0.06675688281538696,-2.5535997132813937,0.02868632569780393,0.010661574636865465,0.37631856070316927,0.018981782325021707,0.2268953619613784,0.8250761989426311,-0.08431852990586078,-0.8021025216523924,0.4411382100514086,0.24906881525998517,2.533669937441041,0.029683558571963798,-0.5143134211036771,-2.107528542275994,0.06129644324802561,-0.13801175460190904,-3.790246808587318,0.0035419524884071447,-0.14448016480427273,-3.2025232626749687,0.00945114935794135,-0.27398326072070633,-1.407531527941429,0.18958585901965797
Pure | Short Brown hold 3m,corrected,last12,CAPM,12,2,10,-0.05206545965592006,-0.04830711333737691,-1.3646081629499833,0.20229365549136782,0.17237623777089917,0.0036243989236662832,-0.02579510170585554,-0.5601403234759192,0.5877115015847291,,,,,,,,,,,,,,,,,,
Pure | Short Brown hold 3m,corrected,last12,FF3,12,4,8,-0.05206545965592006,0.011979553602478,0.2958418446216424,0.7748846153581664,0.7673508651764918,0.07247763380039807,-0.1383004660512692,-1.6812814852871318,0.13121443842995653,0.1393167014303407,1.6539902276396103,0.13672739829051508,-0.26850682195489783,-1.733162661445149,0.12129792228897587,,,,,,,,,,,,
Pure | Short Brown hold 3m,corrected,last12,FF3+BOND,12,5,7,-0.05206545965592006,0.012250677084120733,0.6353579828884678,0.5453962025690424,0.5251949650601011,0.20580447253966516,-0.15297290130300098,-1.607148271648467,0.15205712818399109,0.2960961415812835,1.6307067038158511,0.1469735853298973,-0.3415095771346074,-1.91056559688385,0.09767626710095495,-0.782845864803006,-1.1666204293136202,0.28156570923695745,,,,,,,,,
Pure | Short Brown hold 3m,corrected,last12,FF3+UMD+BOND,12,6,6,-0.05206545965592006,0.020370427889362382,1.0562859273902632,0.3315009576270962,0.29083760332363207,0.22724901370362494,-0.13492019660066581,-1.3012507841117529,0.24090377795077755,0.3844949260144669,1.5725684587096365,0.16687978124168398,-0.39374178036362484,-1.9976087186936895,0.09273308147134153,-0.7886327416186918,-1.1608982462383237,0.2897784382900437,-0.05405375281002312,-1.4107927717206423,0.20798995657387592,,,,,,
Pure | Short Brown hold 3m,corrected,last12,FF5,12,6,6,-0.05206545965592006,-0.05066573540377537,-0.5319174940376971,0.6138928749862865,0.5947831403473115,0.5790134836557606,-0.21715769273412044,-2.4071366066142668,0.05277928180138407,0.11849545089276226,0.864726648960695,0.42041176296837335,0.24389945587573064,0.8292931295977612,0.4386783887342512,,,,,,,-0.01697750271961044,-0.2620822151968861,0.8020236747168751,-0.6957278568228978,-4.106429922353964,0.006311608719937534
Pure | Short Brown hold 3m,corrected,last12,FF5+UMD,12,7,5,-0.05206545965592006,-0.08704493823905089,-1.1496562391644982,0.3022879223120631,0.2502854849089603,0.6831112907455678,-0.1291139736610365,-1.914593078818601,0.11371438183065306,0.08872567726754388,0.4369265832026725,0.6803898597253257,0.3871024250683007,1.6089705537505012,0.16853613889810332,,,,-0.14526024027649848,-2.9454185752194855,0.03205488792130315,-0.1347255197227349,-2.9649782078688487,0.03133819696827718,-0.7127912324253401,-4.9224239957484865,0.004388280063670293
Pure | Short Brown hold 3m,corrected,last12,FF5+UMD+BOND,12,8,4,-0.05206545965592006,-0.08234733507537874,-1.3157793293945215,0.25859195264475093,0.1882481190668066,0.7354998891490269,-0.14445045689130084,-1.6361612728079313,0.1771465101006359,0.18168138822558685,0.6673949545477005,0.5410501233313915,0.2844993491498813,1.0011572666124455,0.3734044101976739,-0.4895876656641408,-1.4592841761320636,0.21825414043830174,-0.1351029490962351,-3.8995282657670565,0.017548470251049594,-0.12936103091287124,-3.3446185553804746,0.028712126825748238,-0.6766967686501807,-7.045336858702776,0.0021397094771639894
Original | Short Brown hold 6m,corrected,full_live_1999,CAPM,329,2,327,0.008846643305295753,0.010173089695649005,1.2258365259108943,0.22114228391506716,0.22026019890891557,0.0034095427869459405,-0.016630116396340985,-1.0346910318505185,0.3015778038128719,,,,,,,,,,,,,,,,,,
Original | Short Brown hold 6m,corrected,full_live_1999,FF3,329,4,325,0.008846643305295753,0.010729243979866186,1.3007535631879696,0.1942643412299276,0.1933428215360813,0.012951766021444766,-0.02166561378035752,-1.2851914773408655,0.19964048853668187,0.020354333372939185,0.6447432866563525,0.5195483873968701,-0.029383218842709502,-1.2133946217728444,0.22586009790706446,,,,,,,,,,,,
Original | Short Brown hold 6m,corrected,full_live_1999,FF3+BOND,329,5,324,0.008846643305295753,0.011758467480338434,1.4388700243622523,0.15115266666246635,0.15018735186682522,0.01697467684641718,-0.023794496608670754,-1.388587063569995,0.16591220233810788,0.01895317492824411,0.5982018332526813,0.5501231942234921,-0.03290106954754568,-1.3209987343687486,0.18743398257387708,-0.04597947636189021,-0.9766390511956782,0.32947650425181246,,,,,,,,,
Original | Short Brown hold 6m,corrected,full_live_1999,FF3+UMD+BOND,329,6,323,0.008846643305295753,0.008532465548894117,1.0561241794857892,0.2917007650633863,0.29091148486867524,0.045289286233975434,-0.005301031039807348,-0.3050072157594693,0.7605570999286185,0.013729609264244772,0.47292579398140694,0.6365855404263134,-0.016932081415114344,-0.8567440424952293,0.3922215309394381,-0.043689036064048066,-0.9586522701791289,0.33845096675192415,0.04615081071085019,2.6812592081691897,0.007711257187872309,,,,,,
Original | Short Brown hold 6m,corrected,full_live_1999,FF5,329,6,323,0.008846643305295753,0.015985274886418138,1.9479002880425906,0.052292899680746026,0.05142689533674713,0.04077742945512419,-0.036926073894750416,-1.6077140329603723,0.10887484244705806,-0.019603013327877134,-0.722906533009181,0.4702604308388703,0.002919398414323302,0.08173445468462022,0.9349085028736144,,,,,,,-0.09293372507816058,-2.5733260735419705,0.01051841785970523,-0.015091117425945008,-0.3001561214076589,0.764251155879404
Original | Short Brown hold 6m,corrected,full_live_1999,FF5+UMD,329,7,322,0.008846643305295753,0.013110682682226095,1.6038904934670741,0.10971855581621898,0.10873819266143159,0.07094356016691772,-0.019752068836131766,-0.8854327857584651,0.3765839840379681,-0.024187598684681105,-0.8985922739296286,0.36954131376032223,0.027129897005687374,0.7831020221708023,0.4341427752516881,,,,0.047979222399642495,2.888541805843227,0.004132515038422841,-0.09277694795575649,-2.7182076161796433,0.00691912796379857,-0.03184975798885555,-0.6385028001607082,0.5236002949763319
Original | Short Brown hold 6m,corrected,full_live_1999,FF5+UMD+BOND,329,8,321,0.008846643305295753,0.013518527521251393,1.6505288816752695,0.09981284172528844,0.09883481116780458,0.07216311943385323,-0.020464938730693223,-0.9096902235151159,0.36366843097212076,-0.02376644991239915,-0.8898529127062568,0.3742112720830163,0.023781535368865788,0.7216438789288406,0.47103876338492107,-0.025613630466564993,-0.5879936337209906,0.5569499974074675,0.04773527690487723,2.904315771667014,0.0039358041622009265,-0.0899324653798417,-2.7189089128366577,0.006905929396134489,-0.03052542936233261,-0.6195958648331206,0.5359634206884369
Original | Short Brown hold 6m,corrected,post2010,CAPM,199,2,197,0.011905450687956329,0.011132388790765788,1.177697878347071,0.24033784616787385,0.2389170730476885,0.00043245386856971546,0.005934059955753524,0.32913938616295185,0.7423999889507529,,,,,,,,,,,,,,,,,,
Original | Short Brown hold 6m,corrected,post2010,FF3,199,4,195,0.011905450687956329,0.012070422777941297,1.3620372896345752,0.17475742901249025,0.17318611720307076,0.020540667095679588,-9.8835862429219e-05,-0.004614024397974728,0.9963232710564971,0.0371939573033105,0.9781906270537047,0.3291920436829026,-0.04903660944144469,-1.9150969696324054,0.05694350161403954,,,,,,,,,,,,
Original | Short Brown hold 6m,corrected,post2010,FF3+BOND,199,5,194,0.011905450687956329,0.01274043605327754,1.4471690716082923,0.1494635115441344,0.1478495765357529,0.025917447815867134,-0.001897187618183858,-0.08745887043130458,0.9303969852341937,0.03486465710628744,0.906119851933719,0.36599644288469446,-0.059773387378568126,-2.1978048693092993,0.02914656534521151,-0.056830575374459624,-0.9015434441406233,0.3684173321430173,,,,,,,,,
Original | Short Brown hold 6m,corrected,post2010,FF3+UMD+BOND,199,6,193,0.011905450687956329,0.009878809417773422,1.1523918851598904,0.2505854551601972,0.2491600740729517,0.04520685485955911,0.007211085555969303,0.35402542456566016,0.7237062944902313,0.04423521300309371,1.085763306432995,0.27893800929288115,-0.04252863291580718,-1.6730821560156475,0.09593121157401995,-0.042816484608883515,-0.6932996974791878,0.48895498333131865,0.05072046382411565,1.9855270394566058,0.0485017827284489,,,,,,
Original | Short Brown hold 6m,corrected,post2010,FF5,199,6,193,0.011905450687956329,0.014250532993504816,1.7284541067556665,0.08550614662195662,0.08390684217523578,0.05557550418661705,-0.00022206140697408894,-0.009519273849791182,0.992414665552882,-0.010882285913014999,-0.30945315647260535,0.7573106773284198,-0.030004637535842753,-0.6412482239390043,0.522122176851854,,,,,,,-0.11337362698154002,-2.585930541504471,0.010448179507607144,-0.014797730938856196,-0.19290053944541477,0.8472397019172795
Original | Short Brown hold 6m,corrected,post2010,FF5+UMD,199,7,192,0.011905450687956329,0.01191593819309629,1.4705198799279593,0.14305789727514887,0.1414210055140151,0.06852990931338154,0.005725355765888923,0.25566529140144273,0.7984829864722258,0.0016745232158442355,0.04472072984527512,0.964376386985798,-0.014622459628440443,-0.3061241874403883,0.7598417763647792,,,,0.042986058227126055,1.6643238990855036,0.09767884494824433,-0.09747082826279166,-2.3686442198697857,0.0188463378881999,-0.031233805693913486,-0.40407407423507075,0.6866079694553774
Original | Short Brown hold 6m,corrected,post2010,FF5+UMD+BOND,199,8,191,0.011905450687956329,0.012242227001339576,1.513012280177993,0.13192944056439654,0.13027653957880003,0.0697155355780783,0.004857572990037012,0.21169892718855068,0.8325676492978904,0.00134034170470561,0.03576086188297019,0.9715103869146055,-0.022243405775433857,-0.5543609184008061,0.5799803745920944,-0.027378869296061786,-0.5509286911387136,0.58232640275122,0.04122754464590998,1.6389859524584691,0.10286230632923256,-0.09579862033871317,-2.3282324539377086,0.020946605408201348,-0.0268421764682568,-0.37195356220774234,0.7103397587776674
Original | Short Brown hold 6m,corrected,validation,CAPM,151,2,149,0.021552215941990444,0.021148082741088106,1.9868791733755597,0.048769362964334685,0.046935788087049735,0.00012042879768614512,0.0030949685217096443,0.14466880611574398,0.8851678691149885,,,,,,,,,,,,,,,,,,
Original | Short Brown hold 6m,corrected,validation,FF3,151,4,147,0.021552215941990444,0.020901910637348496,2.1838429378666797,0.030559385339543492,0.02897379122717256,0.02586625138313825,-0.0022105795782824816,-0.08228333928658928,0.934533336464066,0.04242215297305779,0.8264968031171032,0.4098618232969294,-0.054028655996088346,-1.9018909211244424,0.059141644676229795,,,,,,,,,,,,
Original | Short Brown hold 6m,corrected,validation,FF3+BOND,151,5,146,0.021552215941990444,0.023233996851723254,2.5288927033484483,0.012504687404844072,0.011442300124867029,0.036441995020657814,-0.0066338927661627675,-0.22944541013714126,0.81884386506823,0.033626802459442356,0.6338511001571288,0.5271697905760377,-0.07577690930320558,-2.663086218203659,0.008611964026755266,-0.08808181922237218,-1.0213564864125302,0.3087749723742601,,,,,,,,,
Original | Short Brown hold 6m,corrected,validation,FF3+UMD+BOND,151,6,145,0.021552215941990444,0.018429005142015023,1.9434356519177873,0.05390037343255153,0.05196354314629612,0.07081531794332485,0.011170134207871467,0.41017423883819276,0.6822835434428676,0.045066967980414804,0.8312067274967163,0.4072235141548488,-0.0392975502942087,-1.4939001799607652,0.1373746363494883,-0.05625937165972207,-0.6629748929956882,0.5083991760020947,0.07630939072492351,2.072169438789715,0.040020721685584515,,,,,,
Original | Short Brown hold 6m,corrected,validation,FF5,151,6,145,0.021552215941990444,0.024578400660866112,2.773339231934132,0.006278191763454067,0.005548424819592475,0.061822099450312695,0.0038652127810955526,0.12134371792159448,0.9035867897775127,-0.017941750184794852,-0.4398531843936439,0.6606983479010186,-0.051653196445342726,-1.0018317791853755,0.31809377428086466,,,,,,,-0.14504490299459147,-2.0315968973884124,0.044020939080019535,0.018182168001776945,0.21169439818290012,0.8326427205674698
Original | Short Brown hold 6m,corrected,validation,FF5+UMD,151,7,144,0.021552215941990444,0.021177811833864437,2.4283597828605625,0.016400466650133592,0.015167288720795345,0.09510579676946807,0.016710686963975437,0.5658654874745349,0.5723659502854855,-0.005141259079689554,-0.12242336337687378,0.9027344246911206,-0.014953749155619292,-0.24838436439357225,0.8041909024199945,,,,0.07542540771215546,2.0377768417751323,0.043403119495225885,-0.13259734505647694,-1.9942175677691785,0.04801640405855904,-0.010612966715653087,-0.11551925553953685,0.9081944928343401
Original | Short Brown hold 6m,corrected,validation,FF5+UMD+BOND,151,8,143,0.021552215941990444,0.02187404796281063,2.4795562448758814,0.014315910810995024,0.01315459814803736,0.09622103687614647,0.01483182206826334,0.46933173449725046,0.6395473425256994,-0.0067129539993422815,-0.15440143089402214,0.8775109268792975,-0.024491720113787408,-0.5206815055668914,0.6033939396446115,-0.029901326752730148,-0.4048964949157461,0.6861586324403296,0.07258587734002192,2.013921190993487,0.045893515216914704,-0.12769325994411468,-1.9236400116775583,0.0563866227457551,-0.0076389992338220455,-0.08740907174159138,0.9304686406082956
Original | Short Brown hold 6m,corrected,holdout,CAPM,48,2,46,-0.01844166500702598,-0.02039669297118058,-1.422079331161696,0.16174874851211118,0.15500322224264065,0.002756110441912818,0.015117169643569302,0.4688891116729724,0.6413635757446449,,,,,,,,,,,,,,,,,,
Original | Short Brown hold 6m,corrected,holdout,FF3,48,4,44,-0.01844166500702598,-0.019689618450860882,-1.3024392884149287,0.1995426111388119,0.19276625932033076,0.004829291061018481,0.013778244439296733,0.4181716159985727,0.6778555988222846,0.00028963035431362263,0.010030452311569507,0.9920423330072269,-0.01680320535777788,-0.45715190253968685,0.649811056837494,,,,,,,,,,,,
Original | Short Brown hold 6m,corrected,holdout,FF3+BOND,48,5,43,-0.01844166500702598,-0.022725445137568273,-1.4010281059464915,0.16838166999433984,0.1612056685869968,0.012898842204206562,0.01905810426205269,0.5264786889974545,0.6012609991304082,0.0004409385207862701,0.014855270985400054,0.9882163575842461,-0.016338846775426363,-0.43835070796499515,0.6633265140377926,-0.0637271546303376,-0.7611894718774762,0.45069836876830416,,,,,,,,,
Original | Short Brown hold 6m,corrected,holdout,FF3+UMD+BOND,48,6,42,-0.01844166500702598,-0.022728011774793153,-1.4001472692229022,0.16881335746141146,0.1614692225186184,0.012901393821448393,0.019036839551116028,0.5298331336091495,0.5990175323164281,0.0006460567068632649,0.02324744905121492,0.9815629906658735,-0.016362199016810047,-0.43693233351478483,0.6643987179147408,-0.06355338101162525,-0.7807459518379297,0.43933042216168317,0.0004767258558657766,0.021512777385996676,0.982938492256425,,,,,,
Original | Short Brown hold 6m,corrected,holdout,FF5,48,6,42,-0.01844166500702598,-0.030137225468719338,-1.71176454840915,0.09431616606252488,0.08694006776976819,0.13056232674244184,0.009987389055769812,0.3742270153422325,0.7101181818085707,-0.07263056281302474,-1.083582982507167,0.2847312575794379,0.11373089778010023,1.1592058231453364,0.2529205237257248,,,,,,,-0.08935490858382615,-1.9113885865613145,0.06279439530451286,-0.15893717902266177,-1.0823210997409805,0.28528488494820736
Original | Short Brown hold 6m,corrected,holdout,FF5+UMD,48,7,41,-0.01844166500702598,-0.02981662459073445,-1.7010702575113177,0.09650351260454783,0.08892979512011558,0.13762728123665602,0.010231523890374072,0.3743540910292511,0.7100701288313441,-0.09298755351306928,-1.3106308133221365,0.19727698975534405,0.12078870252679909,1.1618837721626027,0.2520019490402059,,,,-0.02813522226800653,-1.2082188642825462,0.233885924400024,-0.10750313516392851,-2.2658072329410563,0.028809598579565544,-0.1512759335854995,-1.0244781831576921,0.31161626434437034
Original | Short Brown hold 6m,corrected,holdout,FF5+UMD+BOND,48,8,40,-0.01844166500702598,-0.03182726261665743,-1.7775442339697762,0.08308262499526281,0.07547873972312905,0.14295708937409057,0.014598374389356076,0.5009921144629697,0.6191225741486182,-0.09513411701679333,-1.400482709472315,0.16907858852569577,0.11606126607986209,1.1672795295345444,0.25000898578719144,-0.05466968231025566,-0.9816802037601727,0.3321580687637735,-0.03379347003324441,-1.4595719775495606,0.15221725333331898,-0.11451592673098435,-2.468645652051386,0.017932832324039073,-0.13786816625992518,-0.9726343315419221,0.3365803849258146
Original | Short Brown hold 6m,corrected,covid,CAPM,24,2,22,0.0594675339526983,0.05930346257810364,1.7431466709641137,0.09526947362992992,0.08130799802663095,4.7208880680216225e-06,0.0007002619487607026,0.015033128889957824,0.9881412511388614,,,,,,,,,,,,,,,,,,
Original | Short Brown hold 6m,corrected,covid,FF3,24,4,20,0.0594675339526983,0.03989802028379474,1.7869600855260395,0.08911119579116851,0.07394393998076604,0.15823283710365033,0.006634152032823248,0.1025825848815405,0.9193158532794128,0.17256018694672307,1.4084249524621808,0.17436160106155305,-0.14029059294079738,-2.5066567015726546,0.020933739075373457,,,,,,,,,,,,
Original | Short Brown hold 6m,corrected,covid,FF3+BOND,24,5,19,0.0594675339526983,0.020463056327390868,0.726142948147744,0.4766019347147706,0.46775114254118877,0.28382823293763526,0.04540091705650112,0.5951859372163248,0.5587421546469263,0.22152477690513558,2.0734921291034913,0.05196573860814322,-0.008745286544258692,-0.104655639478198,0.9177459682040041,0.5917879961299355,1.490631911217232,0.15247344437074506,,,,,,,,,
Original | Short Brown hold 6m,corrected,covid,FF3+UMD+BOND,24,6,18,0.0594675339526983,-0.0019322236231673457,-0.11950032949657959,0.9062026274195246,0.9048789790069923,0.5731878103493635,0.14081853667921893,3.6877358859771907,0.0016840320664568262,0.3503897547880545,10.1936731987856,6.642654929548533e-09,0.14711547144553636,2.1797212179231646,0.04280096936111763,0.8013346395110474,2.1968430491504147,0.04136795146306841,0.30053596195397986,8.877392603484207,5.399502320418225e-08,,,,,,
Original | Short Brown hold 6m,corrected,covid,FF5,24,6,18,0.0594675339526983,0.05662264263413924,3.19030879114955,0.0050693218660136825,0.0014212085133039492,0.2209806826977101,0.07036236611001472,0.9271884109452029,0.36609504327227327,-0.017677034203925718,-0.2126061640599807,0.834023298435799,-0.13012949920132758,-1.77986569122869,0.09198634942580827,,,,,,,-0.2226786354391246,-2.4780916766408394,0.023345993298477884,0.20482558158251535,1.6152082523723146,0.12365758305962188
Original | Short Brown hold 6m,corrected,covid,FF5+UMD,24,7,17,0.0594675339526983,0.03242838562398915,1.5359231797084822,0.14295928600430705,0.12455722234689397,0.35057353791694645,0.0845075109455681,1.720234915762023,0.10353957525524683,0.20194744231859493,1.423825570700887,0.17259302443097263,-0.11402358078995628,-1.3357738635700396,0.19923207397182438,,,,0.22926455547407548,1.9891910163311455,0.06301926673171566,-0.0528990986990764,-0.6352064314399379,0.5337511330091361,0.12522284705681558,0.6568759768149542,0.5200549504206775
Original | Short Brown hold 6m,corrected,covid,FF5+UMD+BOND,24,8,16,0.0594675339526983,0.004760740818266548,0.24997566439080213,0.8057873985339199,0.8026061682997587,0.5510998673920006,0.13691701810510762,3.125966294610069,0.006515505751889474,0.3328329595546898,3.1927702506290334,0.005663088511970228,0.0945612693776741,1.8183393070912153,0.08778191062801366,0.8093202665614543,2.4807787442416314,0.024606712718934755,0.3201855857652054,4.971688698185557,0.0001385641128632809,-0.0137264451830163,-0.1594437837662197,0.8753146275583072,-0.014741001085110284,-0.13368737704869918,0.8953168665105269
Original | Short Brown hold 6m,corrected,inflation_rates,CAPM,36,2,34,-0.014295008625267041,-0.013257237014388072,-0.8051922944137393,0.4263040156960447,0.4207087223868743,0.012254178842657337,-0.01811119739753889,-1.1153767699278891,0.27251073523090635,,,,,,,,,,,,,,,,,,
Original | Short Brown hold 6m,corrected,inflation_rates,FF3,36,4,32,-0.014295008625267041,-0.01259789535094452,-0.745336045834797,0.46150840328883314,0.4560685955005165,0.013280866615179354,-0.019960125107290887,-1.232855628918557,0.2266103414328148,0.008776742088579929,0.5437891224315485,0.5903554629007063,-0.0014996962373740302,-0.10738703670434745,0.915152407521427,,,,,,,,,,,,
Original | Short Brown hold 6m,corrected,inflation_rates,FF3+BOND,36,5,31,-0.014295008625267041,-0.014625793277900243,-0.7452840738450409,0.46171367607043384,0.4561000068733526,0.01574785642240706,-0.015578613728060766,-0.5602106084091405,0.5793621046360804,0.00914274933669382,0.5379599931190998,0.5944462269642995,-0.0033920877827794873,-0.1749954135839239,0.8622212144554697,-0.022381749039950063,-0.27151143898175883,0.7877976829433593,,,,,,,,,
Original | Short Brown hold 6m,corrected,inflation_rates,FF3+UMD+BOND,36,6,30,-0.014295008625267041,-0.01467867807190745,-0.756613322961408,0.4551827503655908,0.44928155709823847,0.016466886900738276,-0.014766215538685755,-0.5318646964795536,0.5987366544014806,0.012288393637059712,0.6503109912788834,0.5204408648680952,-0.003682105694998462,-0.19074477375749788,0.8500105412878276,-0.020691542725345784,-0.2462555606035382,0.8071615782745186,0.006515422672058865,0.49544429806401363,0.6238963584461306,,,,,,
Original | Short Brown hold 6m,corrected,inflation_rates,FF5,36,6,30,-0.014295008625267041,-0.011867908549544896,-0.7978524156842415,0.4312265853984718,0.42495613976512714,0.126014139989593,-0.022479690030644046,-1.175043536122445,0.24921963931270907,-0.059025075619190875,-1.4921043498437891,0.14611401899274293,0.06995655129594397,1.7312742816604583,0.09367680511567539,,,,,,,-0.11462046754565675,-2.4576235907574375,0.019983308866582162,-0.0923414131196962,-1.91166213085108,0.0655133579979151
Original | Short Brown hold 6m,corrected,inflation_rates,FF5+UMD,36,7,29,-0.014295008625267041,-0.012455294184429462,-0.8658053305478329,0.39370352726339936,0.38659692548370084,0.12825192716830014,-0.020690167534534495,-0.9945818439610187,0.3281664766275205,-0.05435735984646302,-1.3069479226370837,0.2014995404308664,0.0709843196548981,1.8867776455150882,0.06923845878858,,,,0.011657496360185484,0.6310941613657655,0.5329218684689214,-0.11309764098740352,-2.369046232832751,0.02470890742347458,-0.09714122158854048,-1.954387817645798,0.060358219976035465
Original | Short Brown hold 6m,corrected,inflation_rates,FF5+UMD+BOND,36,8,28,-0.014295008625267041,-0.014015579814510975,-0.8455572480909099,0.40496785599889,0.3977997835865137,0.13017204065996402,-0.01685948437675737,-0.5208489069575685,0.606566960437148,-0.05420848173231004,-1.3224014006404623,0.19673532033343977,0.06703244625228454,2.1466731917821025,0.04062609769001974,-0.020447853592299656,-0.28736916324848943,0.7759457889926199,0.009713111123300342,0.5951505794810135,0.5565226838063005,-0.11525249761051816,-2.635546511769209,0.01354024559371061,-0.09302611457862744,-2.386957100376728,0.02398318928618035
Original | Short Brown hold 6m,corrected,last18,CAPM,18,2,16,-0.013456275285000225,-0.02690707125374811,-1.1823528844313163,0.2543393271200658,0.23706570978012165,0.07530663902810342,0.11334940423102159,2.4668510534317227,0.02530403821592536,,,,,,,,,,,,,,,,,,
Original | Short Brown hold 6m,corrected,last18,FF3,18,4,14,-0.013456275285000225,-0.04058409202541635,-1.8033054016587433,0.09289803202604696,0.07134026478041172,0.08760880349560851,0.1516353105087033,2.332593644818081,0.03510809857639839,-0.07068632226938336,-0.994265960145849,0.3369683487755899,0.06434905615170126,0.4646179147606008,0.6493483976386837,,,,,,,,,,,,
Original | Short Brown hold 6m,corrected,last18,FF3+BOND,18,5,13,-0.013456275285000225,-0.04064067381431438,-2.2485526084893426,0.04252090266528697,0.024540974454361025,0.10588414613094455,0.14291509253428641,1.8609905422103727,0.0855085301874029,-0.09508724744200722,-0.8098996128187999,0.43257339744371437,0.08201082117530417,0.7190255496738734,0.484850066429472,-0.27809021432469366,-0.45837923515913953,0.654248673693367,,,,,,,,,
Original | Short Brown hold 6m,corrected,last18,FF3+UMD+BOND,18,6,12,-0.013456275285000225,-0.03847566785289112,-2.4658088863963203,0.029720721416024998,0.013670425106446163,0.11230286917976884,0.151447628519964,1.7706236428405666,0.10199833314967639,-0.0800280335924743,-0.6227762550138126,0.5450851864113836,0.07153423348444252,0.7068991626677654,0.49312817644361256,-0.2520239539769221,-0.39294899083264323,0.7012483872866266,-0.030988861931884926,-0.43649188492441615,0.6702300766404686,,,,,,
Original | Short Brown hold 6m,corrected,last18,FF5,18,6,12,-0.013456275285000225,-0.06475392367956359,-1.9941726230084242,0.06936024418096276,0.04613319290820707,0.3619848653900658,0.1778824978344468,1.8786268545205003,0.08479811165395906,-0.06970082477668403,-1.2986322233258194,0.2184714683580809,0.3673329769228386,6.09121904542791,5.407854630082142e-05,,,,,,,-0.0468043254209179,-0.8694048503838021,0.40168113114238513,-0.40186083104863224,-2.12753979967831,0.05479447942169195
Original | Short Brown hold 6m,corrected,last18,FF5+UMD,18,7,11,-0.013456275285000225,-0.07241147244663747,-2.116286738474388,0.057941952514765825,0.034320427944119464,0.4830978617705166,0.21685299428431423,3.5454507628139664,0.0045885746380756485,-0.056216273924545666,-2.0200714640279167,0.06840785370388025,0.3999088570116378,4.013760977047729,0.0020377087605002535,,,,-0.16274752786105615,-3.4071790617451123,0.005854352157356985,-0.15651385564432985,-2.504724610295458,0.029259606917929684,-0.42461471154616104,-2.086789463777563,0.06097828781814009
Original | Short Brown hold 6m,corrected,last18,FF5+UMD+BOND,18,8,10,-0.013456275285000225,-0.0769673549046919,-2.295898422122394,0.04456425830976243,0.021681689996001532,0.5315204123277233,0.20263874947797536,2.8482004318313536,0.01730339198195709,-0.10671757685812787,-1.9305230032092775,0.08236309431975443,0.46332499556955703,4.876683295869623,0.0006451443621254652,-0.468287948481269,-1.3600552860823247,0.20368276771245694,-0.16314984085951653,-4.30427947817399,0.0015509654025278323,-0.1793575664892863,-3.3516634779749435,0.007344724692879676,-0.4313939066406915,-2.4817334076064537,0.03244636236449144
Original | Short Brown hold 6m,corrected,last12,CAPM,12,2,10,0.00021883932556903936,-0.0244632526438101,-0.6558440347522169,0.5267253199750306,0.511924480334861,0.10356199040883851,0.16940351385984323,2.8377618494045933,0.017615870924714273,,,,,,,,,,,,,,,,,,
Original | Short Brown hold 6m,corrected,last12,FF3,12,4,8,0.00021883932556903936,0.010250973507409743,0.18173110212319252,0.86031397698326,0.8557937564219839,0.12002799693122246,0.1043067238958775,0.781816751946078,0.4568350199102644,0.13926486979167607,1.046468548887312,0.32592994155066646,-0.1659416467309503,-0.7718584873174518,0.46238713302721846,,,,,,,,,,,,
Original | Short Brown hold 6m,corrected,last12,FF3+BOND,12,5,7,0.00021883932556903936,0.010522276759645465,0.32717076180358556,0.7531050562512812,0.7435387337505832,0.20847586557961462,0.08962455996859806,0.5949753422220911,0.570584366949217,0.296148263804374,1.806187042588115,0.1138486725211873,-0.23899280697137687,-0.939975172674998,0.37852555840757834,-0.7833649370150699,-0.9293464611984662,0.3836384044613735,,,,,,,,,
Original | Short Brown hold 6m,corrected,last12,FF3+UMD+BOND,12,6,6,0.00021883932556903936,0.02343676589445576,0.6415716296178928,0.5448654641310389,0.5211513585325152,0.24441601472945906,0.11833744344548328,0.691351128701886,0.5151896660228488,0.4367468078330674,2.114464577140192,0.07888454777404981,-0.3220682901072505,-1.2863218479616572,0.24573363540880416,-0.7925689827491356,-0.9322711121343237,0.38717350101796105,-0.08597266346032806,-1.3083766024238266,0.23862830347681044,,,,,,
Original | Short Brown hold 6m,corrected,last12,FF5,12,6,6,0.00021883932556903936,-0.08553161103111083,-0.9460792369187037,0.3806334990254966,0.3441081730659765,0.5462236281705763,0.052325476756369116,0.4994301745525502,0.63525816912832,-0.03512722366154769,-0.2473718607688855,0.8128678083991164,0.57641269475192,2.7425281164054147,0.03362286390346803,,,,,,,-0.05730999834362785,-0.7134842250961934,0.50234142038118,-0.7685673203708976,-5.056935832702866,0.0023176866939312265
Original | Short Brown hold 6m,corrected,last12,FF5+UMD,12,7,5,0.00021883932556903936,-0.14179579665115669,-2.107200013261323,0.08893714430344128,0.035100245793487486,0.7111892144411681,0.18849416013949594,1.9124053507442376,0.11403389675002536,-0.08116924598678349,-0.6628997110699267,0.5367274444974725,0.7978908419360495,4.167205891728179,0.008762709799227728,,,,-0.22465992889223896,-5.573814786328887,0.002560535319327942,-0.23941943914292055,-6.19529184369304,0.0015988562373245815,-0.7949575889138198,-5.468280883355409,0.002784842336528411
Original | Short Brown hold 6m,corrected,last12,FF5+UMD+BOND,12,8,4,0.00021883932556903936,-0.13810931414908748,-2.3656911024610965,0.0771824654708002,0.017996452749255307,0.7325640379136052,0.1764587294950184,1.4982196904699745,0.20843799651326997,-0.00822149157357599,-0.045362250589979614,0.965992889095508,0.7173722389691505,2.9891596235518025,0.040371620650220694,-0.38420792472584064,-0.9286895903888953,0.40561747413417937,-0.216688911567056,-6.132921217374783,0.00358240553701035,-0.23520961267587462,-6.011026468360367,0.003856493265712066,-0.7666321632674575,-7.701576923557394,0.0015294344560765954
Pure | Short Brown hold 6m,corrected,full_live_1999,CAPM,329,2,327,0.006786542765240202,0.008243387948703926,0.9624882070069344,0.3365156136280561,0.33580442426280066,0.0037719963242787147,-0.018264971090160877,-1.133854189622802,0.25768627436318664,,,,,,,,,,,,,,,,,,
Pure | Short Brown hold 6m,corrected,full_live_1999,FF3,329,4,325,0.006786542765240202,0.008635076754138321,1.0270897441025804,0.30514202033529525,0.30437820748958033,0.014524239471893186,-0.025240327772620492,-1.4739233907254945,0.14147014224630916,0.03233083264296803,1.0494237110938816,0.2947628849737555,-0.02474174836847263,-0.9665289199495563,0.33449824912564874,,,,,,,,,,,,
Pure | Short Brown hold 6m,corrected,full_live_1999,FF3+BOND,329,5,324,0.006786542765240202,0.009537799080244451,1.1358578610958032,0.25685553985415366,0.25601605655913984,0.017362531650503388,-0.027107551031611863,-1.553694778820494,0.12123346248366157,0.031101889648702898,1.0032925463934401,0.3164684297620296,-0.027827222388164794,-1.0580868301082165,0.2908040750055233,-0.040328169572014586,-0.8383443645205572,0.40245536762976036,,,,,,,,,
Pure | Short Brown hold 6m,corrected,full_live_1999,FF3+UMD+BOND,329,6,323,0.006786542765240202,0.007020374636480286,0.8532823257780662,0.394135076865091,0.39350275891220643,0.03317581066144848,-0.012676095855103613,-0.6905287058418198,0.4903576649609737,0.027025657778540407,0.9236151672291558,0.3563761611145541,-0.01536575400684734,-0.7101459373913178,0.4781260250695134,-0.038540814661725126,-0.8167921274009551,0.41464924497807465,0.036013983082462626,1.9883250576121263,0.04761945131353531,,,,,,
Pure | Short Brown hold 6m,corrected,full_live_1999,FF5,329,6,323,0.006786542765240202,0.013942499341935581,1.6253725242420605,0.10505849250339312,0.10408320667751436,0.03980094992225791,-0.04066266885533923,-1.7165968657047184,0.08701155916241032,-0.008511338099204954,-0.3054801452426426,0.7601972609699548,0.005818345575515336,0.1522045562758131,0.8791206279746095,,,,,,,-0.09375011564771987,-2.588110585008947,0.010086416433069043,-0.01620699421774132,-0.322278718377649,0.7474500453667408
Pure | Short Brown hold 6m,corrected,full_live_1999,FF5+UMD,329,7,322,0.006786542765240202,0.01167924762661655,1.37483043526122,0.1701399308730971,0.16918402005979383,0.05695080891396642,-0.0271410652166967,-1.1429657044776003,0.2539019153928554,-0.012120918149440135,-0.4352332913548175,0.6636846767594967,0.024879989305616208,0.678289458996489,0.4980753280772557,,,,0.037775465068508984,2.1822728998345022,0.029811739980694748,-0.093626680368557,-2.6822820462685355,0.007689420320188897,-0.02940156906738793,-0.5926664350246145,0.5538203850934925
Pure | Short Brown hold 6m,corrected,full_live_1999,FF5+UMD+BOND,329,8,321,0.006786542765240202,0.012006193262851593,1.4082917159282926,0.1600124836581691,0.159044707648489,0.05766958194635896,-0.027712531811167337,-1.157346449681015,0.2479913046765232,-0.011783307518808113,-0.42607809440159683,0.6703365000271566,0.02219580129845159,0.6277607236487157,0.5306070186064522,-0.020532967216636108,-0.45001290001955163,0.6530048870048941,0.03757990806407732,2.1887912679210015,0.02933209074956651,-0.0913464230830546,-2.670817178743826,0.007952229187099856,-0.028339931346489915,-0.5782659154802908,0.5634900619975789
Pure | Short Brown hold 6m,corrected,post2010,CAPM,199,2,197,0.013727663633285606,0.012562655993201412,1.3756101992744318,0.17050440546688866,0.168942347310306,0.0009360337470463165,0.008942654152655178,0.5023514733099156,0.615981365506,,,,,,,,,,,,,,,,,,
Pure | Short Brown hold 6m,corrected,post2010,FF3,199,4,195,0.013727663633285606,0.014169108802354391,1.6473740122993819,0.10109165069291064,0.09948119357799114,0.028555487124308443,-0.000923290642859459,-0.043688273068268835,0.96519759072007,0.057687172698265635,1.4536793574387155,0.1476427304007797,-0.05295081476256025,-1.9508611970180514,0.0525064199877729,,,,,,,,,,,,
Pure | Short Brown hold 6m,corrected,post2010,FF3+BOND,199,5,194,0.013727663633285606,0.014705919544797247,1.709411933916339,0.08897368617377263,0.08737467189725749,0.031844916873692064,-0.002364119618517591,-0.11028816362901075,0.9122948513389258,0.05582095091704979,1.3891960294958492,0.16636563998022885,-0.06155305884940899,-2.234025199566397,0.026623016619028102,-0.04553232672130075,-0.7716265843137743,0.4412744983701776,,,,,,,,,
Pure | Short Brown hold 6m,corrected,post2010,FF3+UMD+BOND,199,6,193,0.013727663633285606,0.012402429491944877,1.476227749028534,0.14151245712232308,0.139882762592664,0.04375701687868372,0.004967660284218687,0.2503411523920163,0.8025898204325927,0.06336385746893393,1.5104307979990548,0.1325690166523362,-0.047671750968077534,-1.8449076321693576,0.06658335826415084,-0.03425156833103369,-0.5777952188046851,0.5640758750727036,0.04082785729114753,1.643920019453812,0.10182068032423108,,,,,,
Pure | Short Brown hold 6m,corrected,post2010,FF5,199,6,193,0.013727663633285606,0.015779498306889496,1.95029702365211,0.05258896508943868,0.05114072721970462,0.05552353193857451,0.0011773418800935034,0.051578683565633485,0.9589177487655162,0.012084636888823799,0.3398895851102385,0.7343092903932192,-0.05096011519359486,-1.1109433334819216,0.2679748346749425,,,,,,,-0.10861088940523773,-2.523250137641532,0.012434299183529868,0.014603232542868175,0.1980907834190337,0.8431825284146072
Pure | Short Brown hold 6m,corrected,post2010,FF5+UMD,199,7,192,0.013727663633285606,0.014137034025838904,1.7648770251950343,0.07917429948173971,0.07758443572954789,0.06163448607027344,0.005361545609676485,0.2464547337944472,0.8055935331372972,0.020918765395626072,0.5558702065432749,0.5789467620435743,-0.04013824675918704,-0.8791175472094572,0.38043645125118714,,,,0.03024210677110246,1.2729319915895756,0.20458134502031144,-0.097422747094756,-2.364238418341221,0.019065376386104418,0.003039912989027463,0.041488916742316674,0.9669492404960223
Pure | Short Brown hold 6m,corrected,post2010,FF5+UMD+BOND,199,8,191,0.013727663633285606,0.014437160945667962,1.792217191204606,0.07468095029118671,0.07309818191912089,0.06259052608117976,0.004563341794475602,0.20364174836741444,0.8388502667845268,0.020611378611072068,0.5467905827299331,0.5851608452167347,-0.04714814423496806,-1.2247395049280272,0.22218172120641272,-0.02518362721194646,-0.5334895381330569,0.594315016090204,0.02862459108783568,1.2092750995667478,0.22805190814125542,-0.09588461706734422,-2.331589074530375,0.02076511681523373,0.007079420686590985,0.10319229990419751,0.9179186174589652
Pure | Short Brown hold 6m,corrected,validation,CAPM,151,2,149,0.02395367538649723,0.02303750203665094,2.2836200072928157,0.023807339828356342,0.022393872907897884,0.0005819542517577769,0.0070163195497732755,0.3337279433410053,0.7390540652497936,,,,,,,,,,,,,,,,,,
Pure | Short Brown hold 6m,corrected,validation,FF3,151,4,147,0.02395367538649723,0.023329207493108753,2.5852058271485903,0.010704620049630421,0.009732088077142447,0.03778422096576162,-0.0035887826327832308,-0.137055391387484,0.8911745481983958,0.0711588353631415,1.3522250845174026,0.1783799681776202,-0.057848120893617024,-1.8854716937316092,0.06133941812903191,,,,,,,,,,,,
Pure | Short Brown hold 6m,corrected,validation,FF3+BOND,151,5,146,0.02395367538649723,0.02508233287680866,2.8118444273721277,0.005603436340760859,0.004925832159665833,0.043403749933281444,-0.006913969575671003,-0.24413649771991916,0.8074678494923978,0.06454700765758162,1.1866324000346204,0.23729996079552224,-0.07419717981297823,-2.669224004097551,0.008463465337926345,-0.0662147360459435,-0.8332241339270741,0.40607935175442306,,,,,,,,,
Pure | Short Brown hold 6m,corrected,validation,FF3+UMD+BOND,151,6,145,0.02395367538649723,0.021341577746270355,2.335997854147997,0.020861477860284448,0.019491353373633835,0.06299251421351704,0.006946721403836467,0.263602846893284,0.7924602052801288,0.07345334099845299,1.337113900239128,0.1832793380640454,-0.04579747433670381,-1.7083202425565924,0.08971675316150445,-0.041440503086133014,-0.5059354064581665,0.6136703023543613,0.059407957829722025,1.6370678702605197,0.1037848009341738,,,,,,
Pure | Short Brown hold 6m,corrected,validation,FF5,151,6,145,0.02395367538649723,0.025264636502279468,2.771806583399417,0.00630630523099146,0.0055746149234474525,0.06668569701817262,0.0060430576837483055,0.19714539517188798,0.8439898373347892,0.015927162241198868,0.3942512787438933,0.69397475899662,-0.07932178243082862,-1.615364229689477,0.1084056747008772,,,,,,,-0.13122524363877264,-1.9037206219397467,0.05892787508456767,0.06350559404797641,0.8219484344615703,0.412455755567671
Pure | Short Brown hold 6m,corrected,validation,FF5+UMD,151,7,144,0.02395367538649723,0.022868231458117057,2.536337244190656,0.012267999067300896,0.011201879951030806,0.082227307279099,0.015095301484023622,0.5367902694527983,0.5922408768360247,0.024947706332992876,0.603925532232267,0.5468433813446916,-0.05345957294971081,-0.9879113828338351,0.3248531068800529,,,,0.053152508784422736,1.5782804536372648,0.11669543260715039,-0.12245341259776366,-1.844320716523913,0.06719132314349566,0.04321357710777258,0.5304039753134521,0.596648852056563
Pure | Short Brown hold 6m,corrected,validation,FF5+UMD+BOND,151,8,143,0.02395367538649723,0.023411836810838155,2.5363310702349966,0.01227579351764598,0.011202077464778816,0.08286656350066923,0.013628326456607597,0.44360567136484796,0.6579981688053523,0.023720562644743107,0.5556490348697297,0.5793190807966371,-0.06090660399477648,-1.4681607186971746,0.14425676091079842,-0.023346276644461664,-0.32574817415836815,0.7450910686178445,0.05093546797695662,1.4952401282441092,0.13705535872236815,-0.11862441435069615,-1.7674201232094573,0.07929085759189618,0.04553558335641243,0.589558064273093,0.5564172965273573
Pure | Short Brown hold 6m,corrected,holdout,CAPM,48,2,46,-0.01844166500702598,-0.02039669297118058,-1.422079331161696,0.16174874851211118,0.15500322224264065,0.002756110441912818,0.015117169643569302,0.4688891116729724,0.6413635757446449,,,,,,,,,,,,,,,,,,
Pure | Short Brown hold 6m,corrected,holdout,FF3,48,4,44,-0.01844166500702598,-0.019689618450860882,-1.3024392884149287,0.1995426111388119,0.19276625932033076,0.004829291061018481,0.013778244439296733,0.4181716159985727,0.6778555988222846,0.00028963035431362263,0.010030452311569507,0.9920423330072269,-0.01680320535777788,-0.45715190253968685,0.649811056837494,,,,,,,,,,,,
Pure | Short Brown hold 6m,corrected,holdout,FF3+BOND,48,5,43,-0.01844166500702598,-0.022725445137568273,-1.4010281059464915,0.16838166999433984,0.1612056685869968,0.012898842204206562,0.01905810426205269,0.5264786889974545,0.6012609991304082,0.0004409385207862701,0.014855270985400054,0.9882163575842461,-0.016338846775426363,-0.43835070796499515,0.6633265140377926,-0.0637271546303376,-0.7611894718774762,0.45069836876830416,,,,,,,,,
Pure | Short Brown hold 6m,corrected,holdout,FF3+UMD+BOND,48,6,42,-0.01844166500702598,-0.022728011774793153,-1.4001472692229022,0.16881335746141146,0.1614692225186184,0.012901393821448393,0.019036839551116028,0.5298331336091495,0.5990175323164281,0.0006460567068632649,0.02324744905121492,0.9815629906658735,-0.016362199016810047,-0.43693233351478483,0.6643987179147408,-0.06355338101162525,-0.7807459518379297,0.43933042216168317,0.0004767258558657766,0.021512777385996676,0.982938492256425,,,,,,
Pure | Short Brown hold 6m,corrected,holdout,FF5,48,6,42,-0.01844166500702598,-0.030137225468719338,-1.71176454840915,0.09431616606252488,0.08694006776976819,0.13056232674244184,0.009987389055769812,0.3742270153422325,0.7101181818085707,-0.07263056281302474,-1.083582982507167,0.2847312575794379,0.11373089778010023,1.1592058231453364,0.2529205237257248,,,,,,,-0.08935490858382615,-1.9113885865613145,0.06279439530451286,-0.15893717902266177,-1.0823210997409805,0.28528488494820736
Pure | Short Brown hold 6m,corrected,holdout,FF5+UMD,48,7,41,-0.01844166500702598,-0.02981662459073445,-1.7010702575113177,0.09650351260454783,0.08892979512011558,0.13762728123665602,0.010231523890374072,0.3743540910292511,0.7100701288313441,-0.09298755351306928,-1.3106308133221365,0.19727698975534405,0.12078870252679909,1.1618837721626027,0.2520019490402059,,,,-0.02813522226800653,-1.2082188642825462,0.233885924400024,-0.10750313516392851,-2.2658072329410563,0.028809598579565544,-0.1512759335854995,-1.0244781831576921,0.31161626434437034
Pure | Short Brown hold 6m,corrected,holdout,FF5+UMD+BOND,48,8,40,-0.01844166500702598,-0.03182726261665743,-1.7775442339697762,0.08308262499526281,0.07547873972312905,0.14295708937409057,0.014598374389356076,0.5009921144629697,0.6191225741486182,-0.09513411701679333,-1.400482709472315,0.16907858852569577,0.11606126607986209,1.1672795295345444,0.25000898578719144,-0.05466968231025566,-0.9816802037601727,0.3321580687637735,-0.03379347003324441,-1.4595719775495606,0.15221725333331898,-0.11451592673098435,-2.468645652051386,0.017932832324039073,-0.13786816625992518,-0.9726343315419221,0.3365803849258146
Pure | Short Brown hold 6m,corrected,covid,CAPM,24,2,22,0.06865790339725321,0.06813708036443492,2.2351595028068165,0.03588049772207551,0.025406879106960253,4.763842603638935e-05,0.0022228895980292984,0.04860645981196038,0.9616714989397714,,,,,,,,,,,,,,,,,,
Pure | Short Brown hold 6m,corrected,covid,FF3,24,4,20,0.06865790339725321,0.04540413350826655,1.9605368369670924,0.06401142660070287,0.049933076780215115,0.2108732563568142,0.011655034165092268,0.18318738267417278,0.8564953342605847,0.18808075540478386,1.5186997508052367,0.14448849688135693,-0.16602817541920473,-3.5533926187720732,0.001992664286230891,,,,,,,,,,,,
Pure | Short Brown hold 6m,corrected,covid,FF3+BOND,24,5,19,0.06865790339725321,0.02695543216178314,0.8802190227918997,0.38973878546379753,0.37874067022135927,0.324206367349393,0.04845450915745379,0.6351145663255129,0.5329284492002233,0.23456054814955624,2.1946214641595727,0.04082117206361673,-0.041158374956222786,-0.4522848671181354,0.6561851366236839,0.5617566374460728,1.4368427909701311,0.1670263820562377,,,,,,,,,
Pure | Short Brown hold 6m,corrected,covid,FF3+UMD+BOND,24,6,18,0.06865790339725321,0.004863285728910113,0.24322974811081655,0.8105777206977515,0.8078274230436528,0.6061872502704001,0.1425805941912208,3.676188530052669,0.0017278957620813337,0.36168126143125945,12.842661625920085,1.6796898275238848e-10,0.11259271439166048,1.3954030594975388,0.17987277284332426,0.7684669415955486,2.113223560535457,0.04880795132997706,0.2964680278384367,8.978315252392129,4.5652628511148655e-08,,,,,,
Pure | Short Brown hold 6m,corrected,covid,FF5,24,6,18,0.06865790339725321,0.06318927688489917,2.9404195848380463,0.008746335123556142,0.0032776806774925745,0.2817871376085692,0.0794892938859475,1.0393367787210315,0.3124086502647064,-0.014533439176874094,-0.1730817243140382,0.8645186212916448,-0.15656353122273442,-2.7554307290952913,0.013020560011847154,,,,,,,-0.23691050501308375,-2.4616674683332795,0.024153761958684947,0.22003928846392204,1.8456774835876955,0.08145364844528424
Pure | Short Brown hold 6m,corrected,covid,FF5+UMD,24,7,17,0.06865790339725321,0.03990803512093993,1.8728335970685084,0.07839282964695646,0.0610913670114494,0.4019548323978861,0.09310064539653866,1.9325820947963621,0.07012461695334729,0.19680309961655532,1.4064711927384816,0.17760127010486482,-0.14106539957073005,-2.051625264691115,0.055940170642565644,,,,0.22061283145249497,1.9608306060509566,0.06649384943087404,-0.07353791457727038,-0.8051753282801287,0.4318365613272636,0.14344051104382627,0.7861918901839199,0.44257669157039453
Pure | Short Brown hold 6m,corrected,covid,FF5+UMD+BOND,24,8,16,0.06865790339725321,0.013956452819797585,0.5877982036757313,0.5648723867540755,0.556667749907972,0.5786292529546571,0.14225949675391122,3.098667288074321,0.006899112403494144,0.3195705522288408,3.0306146190350174,0.007954554709508746,0.054582149901102495,0.8600812470753019,0.4024482424774912,0.7591228546243255,2.294329241809767,0.03564049699337462,0.30589456096265843,4.486557631987107,0.0003737899616290465,-0.03679491209858089,-0.38183511232412903,0.707607293576572,0.012157803399390363,0.11385974874895101,0.9107654641978485
Pure | Short Brown hold 6m,corrected,inflation_rates,CAPM,36,2,34,-0.014295008625267041,-0.013257237014388072,-0.8051922944137393,0.4263040156960447,0.4207087223868743,0.012254178842657337,-0.01811119739753889,-1.1153767699278891,0.27251073523090635,,,,,,,,,,,,,,,,,,
Pure | Short Brown hold 6m,corrected,inflation_rates,FF3,36,4,32,-0.014295008625267041,-0.01259789535094452,-0.745336045834797,0.46150840328883314,0.4560685955005165,0.013280866615179354,-0.019960125107290887,-1.232855628918557,0.2266103414328148,0.008776742088579929,0.5437891224315485,0.5903554629007063,-0.0014996962373740302,-0.10738703670434745,0.915152407521427,,,,,,,,,,,,
Pure | Short Brown hold 6m,corrected,inflation_rates,FF3+BOND,36,5,31,-0.014295008625267041,-0.014625793277900243,-0.7452840738450409,0.46171367607043384,0.4561000068733526,0.01574785642240706,-0.015578613728060766,-0.5602106084091405,0.5793621046360804,0.00914274933669382,0.5379599931190998,0.5944462269642995,-0.0033920877827794873,-0.1749954135839239,0.8622212144554697,-0.022381749039950063,-0.27151143898175883,0.7877976829433593,,,,,,,,,
Pure | Short Brown hold 6m,corrected,inflation_rates,FF3+UMD+BOND,36,6,30,-0.014295008625267041,-0.01467867807190745,-0.756613322961408,0.4551827503655908,0.44928155709823847,0.016466886900738276,-0.014766215538685755,-0.5318646964795536,0.5987366544014806,0.012288393637059712,0.6503109912788834,0.5204408648680952,-0.003682105694998462,-0.19074477375749788,0.8500105412878276,-0.020691542725345784,-0.2462555606035382,0.8071615782745186,0.006515422672058865,0.49544429806401363,0.6238963584461306,,,,,,
Pure | Short Brown hold 6m,corrected,inflation_rates,FF5,36,6,30,-0.014295008625267041,-0.011867908549544896,-0.7978524156842415,0.4312265853984718,0.42495613976512714,0.126014139989593,-0.022479690030644046,-1.175043536122445,0.24921963931270907,-0.059025075619190875,-1.4921043498437891,0.14611401899274293,0.06995655129594397,1.7312742816604583,0.09367680511567539,,,,,,,-0.11462046754565675,-2.4576235907574375,0.019983308866582162,-0.0923414131196962,-1.91166213085108,0.0655133579979151
Pure | Short Brown hold 6m,corrected,inflation_rates,FF5+UMD,36,7,29,-0.014295008625267041,-0.012455294184429462,-0.8658053305478329,0.39370352726339936,0.38659692548370084,0.12825192716830014,-0.020690167534534495,-0.9945818439610187,0.3281664766275205,-0.05435735984646302,-1.3069479226370837,0.2014995404308664,0.0709843196548981,1.8867776455150882,0.06923845878858,,,,0.011657496360185484,0.6310941613657655,0.5329218684689214,-0.11309764098740352,-2.369046232832751,0.02470890742347458,-0.09714122158854048,-1.954387817645798,0.060358219976035465
Pure | Short Brown hold 6m,corrected,inflation_rates,FF5+UMD+BOND,36,8,28,-0.014295008625267041,-0.014015579814510975,-0.8455572480909099,0.40496785599889,0.3977997835865137,0.13017204065996402,-0.01685948437675737,-0.5208489069575685,0.606566960437148,-0.05420848173231004,-1.3224014006404623,0.19673532033343977,0.06703244625228454,2.1466731917821025,0.04062609769001974,-0.020447853592299656,-0.28736916324848943,0.7759457889926199,0.009713111123300342,0.5951505794810135,0.5565226838063005,-0.11525249761051816,-2.635546511769209,0.01354024559371061,-0.09302611457862744,-2.386957100376728,0.02398318928618035
Pure | Short Brown hold 6m,corrected,last18,CAPM,18,2,16,-0.013456275285000225,-0.02690707125374811,-1.1823528844313163,0.2543393271200658,0.23706570978012165,0.07530663902810342,0.11334940423102159,2.4668510534317227,0.02530403821592536,,,,,,,,,,,,,,,,,,
Pure | Short Brown hold 6m,corrected,last18,FF3,18,4,14,-0.013456275285000225,-0.04058409202541635,-1.8033054016587433,0.09289803202604696,0.07134026478041172,0.08760880349560851,0.1516353105087033,2.332593644818081,0.03510809857639839,-0.07068632226938336,-0.994265960145849,0.3369683487755899,0.06434905615170126,0.4646179147606008,0.6493483976386837,,,,,,,,,,,,
Pure | Short Brown hold 6m,corrected,last18,FF3+BOND,18,5,13,-0.013456275285000225,-0.04064067381431438,-2.2485526084893426,0.04252090266528697,0.024540974454361025,0.10588414613094455,0.14291509253428641,1.8609905422103727,0.0855085301874029,-0.09508724744200722,-0.8098996128187999,0.43257339744371437,0.08201082117530417,0.7190255496738734,0.484850066429472,-0.27809021432469366,-0.45837923515913953,0.654248673693367,,,,,,,,,
Pure | Short Brown hold 6m,corrected,last18,FF3+UMD+BOND,18,6,12,-0.013456275285000225,-0.03847566785289112,-2.4658088863963203,0.029720721416024998,0.013670425106446163,0.11230286917976884,0.151447628519964,1.7706236428405666,0.10199833314967639,-0.0800280335924743,-0.6227762550138126,0.5450851864113836,0.07153423348444252,0.7068991626677654,0.49312817644361256,-0.2520239539769221,-0.39294899083264323,0.7012483872866266,-0.030988861931884926,-0.43649188492441615,0.6702300766404686,,,,,,
Pure | Short Brown hold 6m,corrected,last18,FF5,18,6,12,-0.013456275285000225,-0.06475392367956359,-1.9941726230084242,0.06936024418096276,0.04613319290820707,0.3619848653900658,0.1778824978344468,1.8786268545205003,0.08479811165395906,-0.06970082477668403,-1.2986322233258194,0.2184714683580809,0.3673329769228386,6.09121904542791,5.407854630082142e-05,,,,,,,-0.0468043254209179,-0.8694048503838021,0.40168113114238513,-0.40186083104863224,-2.12753979967831,0.05479447942169195
Pure | Short Brown hold 6m,corrected,last18,FF5+UMD,18,7,11,-0.013456275285000225,-0.07241147244663747,-2.116286738474388,0.057941952514765825,0.034320427944119464,0.4830978617705166,0.21685299428431423,3.5454507628139664,0.0045885746380756485,-0.056216273924545666,-2.0200714640279167,0.06840785370388025,0.3999088570116378,4.013760977047729,0.0020377087605002535,,,,-0.16274752786105615,-3.4071790617451123,0.005854352157356985,-0.15651385564432985,-2.504724610295458,0.029259606917929684,-0.42461471154616104,-2.086789463777563,0.06097828781814009
Pure | Short Brown hold 6m,corrected,last18,FF5+UMD+BOND,18,8,10,-0.013456275285000225,-0.0769673549046919,-2.295898422122394,0.04456425830976243,0.021681689996001532,0.5315204123277233,0.20263874947797536,2.8482004318313536,0.01730339198195709,-0.10671757685812787,-1.9305230032092775,0.08236309431975443,0.46332499556955703,4.876683295869623,0.0006451443621254652,-0.468287948481269,-1.3600552860823247,0.20368276771245694,-0.16314984085951653,-4.30427947817399,0.0015509654025278323,-0.1793575664892863,-3.3516634779749435,0.007344724692879676,-0.4313939066406915,-2.4817334076064537,0.03244636236449144
Pure | Short Brown hold 6m,corrected,last12,CAPM,12,2,10,0.00021883932556903936,-0.0244632526438101,-0.6558440347522169,0.5267253199750306,0.511924480334861,0.10356199040883851,0.16940351385984323,2.8377618494045933,0.017615870924714273,,,,,,,,,,,,,,,,,,
Pure | Short Brown hold 6m,corrected,last12,FF3,12,4,8,0.00021883932556903936,0.010250973507409743,0.18173110212319252,0.86031397698326,0.8557937564219839,0.12002799693122246,0.1043067238958775,0.781816751946078,0.4568350199102644,0.13926486979167607,1.046468548887312,0.32592994155066646,-0.1659416467309503,-0.7718584873174518,0.46238713302721846,,,,,,,,,,,,
Pure | Short Brown hold 6m,corrected,last12,FF3+BOND,12,5,7,0.00021883932556903936,0.010522276759645465,0.32717076180358556,0.7531050562512812,0.7435387337505832,0.20847586557961462,0.08962455996859806,0.5949753422220911,0.570584366949217,0.296148263804374,1.806187042588115,0.1138486725211873,-0.23899280697137687,-0.939975172674998,0.37852555840757834,-0.7833649370150699,-0.9293464611984662,0.3836384044613735,,,,,,,,,
Pure | Short Brown hold 6m,corrected,last12,FF3+UMD+BOND,12,6,6,0.00021883932556903936,0.02343676589445576,0.6415716296178928,0.5448654641310389,0.5211513585325152,0.24441601472945906,0.11833744344548328,0.691351128701886,0.5151896660228488,0.4367468078330674,2.114464577140192,0.07888454777404981,-0.3220682901072505,-1.2863218479616572,0.24573363540880416,-0.7925689827491356,-0.9322711121343237,0.38717350101796105,-0.08597266346032806,-1.3083766024238266,0.23862830347681044,,,,,,
Pure | Short Brown hold 6m,corrected,last12,FF5,12,6,6,0.00021883932556903936,-0.08553161103111083,-0.9460792369187037,0.3806334990254966,0.3441081730659765,0.5462236281705763,0.052325476756369116,0.4994301745525502,0.63525816912832,-0.03512722366154769,-0.2473718607688855,0.8128678083991164,0.57641269475192,2.7425281164054147,0.03362286390346803,,,,,,,-0.05730999834362785,-0.7134842250961934,0.50234142038118,-0.7685673203708976,-5.056935832702866,0.0023176866939312265
Pure | Short Brown hold 6m,corrected,last12,FF5+UMD,12,7,5,0.00021883932556903936,-0.14179579665115669,-2.107200013261323,0.08893714430344128,0.035100245793487486,0.7111892144411681,0.18849416013949594,1.9124053507442376,0.11403389675002536,-0.08116924598678349,-0.6628997110699267,0.5367274444974725,0.7978908419360495,4.167205891728179,0.008762709799227728,,,,-0.22465992889223896,-5.573814786328887,0.002560535319327942,-0.23941943914292055,-6.19529184369304,0.0015988562373245815,-0.7949575889138198,-5.468280883355409,0.002784842336528411
Pure | Short Brown hold 6m,corrected,last12,FF5+UMD+BOND,12,8,4,0.00021883932556903936,-0.13810931414908748,-2.3656911024610965,0.0771824654708002,0.017996452749255307,0.7325640379136052,0.1764587294950184,1.4982196904699745,0.20843799651326997,-0.00822149157357599,-0.045362250589979614,0.965992889095508,0.7173722389691505,2.9891596235518025,0.040371620650220694,-0.38420792472584064,-0.9286895903888953,0.40561747413417937,-0.216688911567056,-6.132921217374783,0.00358240553701035,-0.23520961267587462,-6.011026468360367,0.003856493265712066,-0.7666321632674575,-7.701576923557394,0.0015294344560765954
Continuous | raw attention,corrected,full_live_1999,CAPM,329,2,327,0.001996292560954489,0.00266617557415417,0.7316574141778939,0.46490169994317454,0.46437769529558803,0.004359223232990539,-0.008398554636252971,-0.8867115293448954,0.37588588954626256,,,,,,,,,,,,,,,,,,
Continuous | raw attention,corrected,full_live_1999,FF3,329,4,325,0.001996292560954489,0.002883811116886379,0.7983066162880054,0.4252755215111928,0.4246925794751498,0.007891944290194575,-0.008975518025750409,-0.9601044082323023,0.33771639691167077,0.0006515992465014267,0.05120550024913337,0.9591932257335857,-0.009853302884520772,-0.7381946843527191,0.4609288521058395,,,,,,,,,,,,
Continuous | raw attention,corrected,full_live_1999,FF3+BOND,329,5,324,0.001996292560954489,0.0033267462224758253,0.9047048319326064,0.36629399585532807,0.3656217805896296,0.011626987766730545,-0.0098917008955681,-1.0043758152986408,0.3159470059036038,4.859876763190029e-05,0.00375536734319584,0.9970059685385587,-0.011367239918293878,-0.8142929563714207,0.41607521947978365,-0.019787659539406623,-0.6891993835215943,0.4911910637668188,,,,,,,,,
Continuous | raw attention,corrected,full_live_1999,FF3+UMD+BOND,329,6,323,0.001996292560954489,0.0019669248391909664,0.537572194741879,0.5912425943417106,0.5908724306960739,0.036846663591037276,-0.0020963522051462586,-0.2150345152490715,0.8298761154887774,-0.002153233853007223,-0.17431883229336254,0.8617241070263982,-0.004636006647711078,-0.4293647774530773,0.6679440400603077,-0.018822195240149782,-0.6674261566322324,0.5049765140745621,0.019453447516210576,1.7658368379654639,0.078367906490423,,,,,,
Continuous | raw attention,corrected,full_live_1999,FF5,329,6,323,0.001996292560954489,0.004919930259388831,1.2594519973358849,0.2087764495218618,0.20786711825442106,0.027281965729768043,-0.015047129478660486,-1.144305548360585,0.25334422020535,-0.013606169394572334,-0.9684846813094502,0.3335269863581031,0.005158334888732583,0.27651435704136107,0.7823298865929266,,,,,,,-0.03352679523220452,-1.8643205726852445,0.0631836426839223,-0.010326266836627952,-0.5244922304414822,0.6002959794406482
Continuous | raw attention,corrected,full_live_1999,FF5+UMD,329,7,322,0.001996292560954489,0.0036998369029593325,0.9428073390467923,0.34648627916196834,0.3457794571483589,0.054524511244341434,-0.007757786160763083,-0.615404055150754,0.5387226129545954,-0.015552053102064221,-1.1012879943742673,0.2715938695202865,0.015434251049672578,0.8581005902209712,0.39147518810860077,,,,0.02036432521144708,1.8945409022307276,0.059049033183570285,-0.033460252671765396,-1.8865074557771826,0.060126203603837344,-0.01743931263970879,-0.870011070627471,0.38494244197465355
Continuous | raw attention,corrected,full_live_1999,FF5+UMD+BOND,329,8,321,0.001996292560954489,0.0038910011423667267,0.9708371222031742,0.33236034680677695,0.3316293935394323,0.05586764948403744,-0.008091921150716495,-0.6316809224414,0.5280449813943059,-0.015354653068946133,-1.1030726133338582,0.27082190698331293,0.013864813498142862,0.7924635603188468,0.4286757024522796,-0.012005571036045836,-0.4396180441374701,0.660509585216018,0.02024998355378358,1.9006457031238864,0.05824405357920134,-0.03212699233327032,-1.9248146402727337,0.055136073258854924,-0.016818575902620907,-0.8516785968986287,0.395027425358215
Continuous | raw attention,corrected,post2010,CAPM,199,2,197,0.0032093707017422494,0.0023696500983821658,0.7379824431479629,0.4614032958549488,0.46052511807774543,0.004707614841485519,0.006445735360298115,0.9115715998520547,0.3631083851903757,,,,,,,,,,,,,,,,,,
Continuous | raw attention,corrected,post2010,FF3,199,4,195,0.0032093707017422494,0.002402220352654993,0.8310664244721511,0.40695253868168063,0.4059361059069081,0.02010187105357497,0.0060291414294915725,0.7484381943680378,0.45509764512859985,0.003963719001561388,0.30385533295522,0.7615620871543597,-0.01549834013870277,-1.4830582968064665,0.13967331522525364,,,,,,,,,,,,
Continuous | raw attention,corrected,post2010,FF3+BOND,199,5,194,0.0032093707017422494,0.0024263124695054782,0.8787835710061066,0.38060577319284344,0.37951863579566647,0.020166010541236123,0.005964476888902914,0.7026060631723262,0.48314348812562447,0.003879962791658877,0.29834751684279415,0.7657572445363457,-0.015884409666249148,-1.7034859683670456,0.09007847280379758,-0.0020434951261444345,-0.08751096247599977,0.9303556346817305,,,,,,,,,
Continuous | raw attention,corrected,post2010,FF3+UMD+BOND,199,6,193,0.0032093707017422494,0.0018660766532237675,0.6896841411030716,0.4912212564779384,0.4903928410647833,0.026987115526459826,0.007747651812328791,0.9404059700668411,0.3481848711057986,0.005714486194092825,0.4247334300522422,0.671504125656177,-0.012508312668423806,-1.331082602483075,0.1847320808822953,0.0007001177135212647,0.030105423740883142,0.9760140837955423,0.009929814078517795,1.1923314780332053,0.2345952169733598,,,,,,
Continuous | raw attention,corrected,post2010,FF5,199,6,193,0.0032093707017422494,0.0026399609165276535,1.0099790841442746,0.31376984093453925,0.31250531098075207,0.03203495099263076,0.006987255579569988,0.7357170182010656,0.4627960990893772,-0.0059825549634146885,-0.5028547856580473,0.6156397088382125,-0.014919161344038962,-0.8298771259335127,0.40763355841358817,,,,,,,-0.02178078420400034,-1.5495459041264774,0.12288875977737154,0.006510754019140034,0.2559464668845807,0.798264761842382
Continuous | raw attention,corrected,post2010,FF5+UMD,199,7,192,0.0032093707017422494,0.0022644383436514312,0.8547581857788673,0.39375032207745747,0.39268503114817055,0.035127286430894245,0.007943905272412162,0.8644916490536003,0.38839663035383104,-0.003962776083431002,-0.31851920073090784,0.7504373448189879,-0.012444918266303727,-0.6672169025194579,0.5054346885574423,,,,0.006914362689590829,0.8215519991708654,0.41235089569379685,-0.01922279859992376,-1.4495997129251819,0.14880161395321043,0.0038669902795287797,0.1500833547815352,0.8808563973098974
Continuous | raw attention,corrected,post2010,FF5+UMD+BOND,199,8,191,0.0032093707017422494,0.00223821233670284,0.8734034973763279,0.3835399441042385,0.3824431853976019,0.03519795525338543,0.008013654759781606,0.8341641581499102,0.40523053152344096,-0.003935915687328531,-0.3159922200363036,0.7523534502698708,-0.011832372014159752,-0.7954003394264388,0.4273680112841791,0.002200622265498908,0.11640561113149792,0.9074533909083795,0.007055706150460582,0.864342225958373,0.3884841185422301,-0.019357205099712976,-1.490338298952021,0.13778484907536723,0.0035140057588281116,0.150507903135673,0.8805227430305523
Continuous | raw attention,corrected,validation,CAPM,151,2,149,0.005744372679639199,0.004879977895934915,1.281491905530964,0.20201162040403295,0.2000209412662871,0.004646513210006864,0.006619784367929859,0.7487239964845587,0.4552038703390852,,,,,,,,,,,,,,,,,,
Continuous | raw attention,corrected,validation,FF3,151,4,147,0.005744372679639199,0.0045876352303456675,1.4004873623430274,0.16347467330068247,0.16136742519406433,0.0242989713814572,0.006688924836149576,0.6261621616052399,0.5321796613638733,0.004589717712386468,0.25203767799273924,0.801363979910834,-0.018206170894440873,-1.4171284342671402,0.1585613164342431,,,,,,,,,,,,
Continuous | raw attention,corrected,validation,FF3+BOND,151,5,146,0.005744372679639199,0.00468069563225327,1.5846153755493304,0.11521740401800269,0.11305374939657571,0.02444099911969122,0.0065124153655776625,0.5460215048766226,0.5858845192225719,0.00423874490157435,0.2357349975941855,0.8139686660828147,-0.019074020968367657,-1.7636345353602116,0.07988528311310986,-0.003514848399283866,-0.1042258141792492,0.9171331889558657,,,,,,,,,
Continuous | raw attention,corrected,validation,FF3+UMD+BOND,151,6,145,0.005744372679639199,0.003414581093636864,1.1515709999953472,0.2513926634634773,0.24949740393188546,0.04456914801188283,0.011203773594604075,0.9525557511254007,0.3424003882077689,0.007253226666655471,0.4092715057004732,0.6829443393800807,-0.009461715767636537,-0.8216574436691478,0.4126208564435912,0.004870361388284379,0.1437385184432503,0.8859065245332818,0.020107512117987066,1.6704591797478159,0.09698572567805971,,,,,,
Continuous | raw attention,corrected,validation,FF5,151,6,145,0.005744372679639199,0.00476873700793231,1.6042106941606815,0.11084354937228698,0.10866761826181708,0.046286763800685526,0.010150667405547,0.7622387346130624,0.447155656658055,-0.009726435060954134,-0.6763115227485834,0.4999202319872558,-0.024145828403302327,-1.1448404041898452,0.25416146282110136,,,,,,,-0.03160670722103872,-1.3604332181351921,0.17580395777977895,0.023312679292723563,0.7654040052786106,0.445275060352951
Continuous | raw attention,corrected,validation,FF5+UMD,151,7,144,0.005744372679639199,0.0040330597823404635,1.35527528672577,0.17745191382888525,0.17532986571715214,0.059424470211374425,0.012929634016633888,1.035336931788889,0.30224713187887065,-0.006957200007411943,-0.4824093461336223,0.6302476717531343,-0.01620633646929423,-0.6625182097217119,0.5086981560752465,,,,0.016317396047477218,1.2979670948466184,0.19637381006932905,-0.028913825089393323,-1.3200280413335785,0.18892017721846172,0.017083192019444374,0.5211084813019614,0.6030916539724858
Continuous | raw attention,corrected,validation,FF5+UMD+BOND,151,8,143,0.005744372679639199,0.0038313279947330245,1.3187440705981528,0.1893627399069444,0.18725468792854483,0.06021410369089919,0.013474028020803889,0.9777914451002958,0.32982875062395833,-0.006501807343151631,-0.4445086215347174,0.6573469059698691,-0.013442745423751392,-0.7374152349222634,0.4620781325640614,0.008663796443301954,0.3058149475345977,0.7601902918392468,0.017140139243529265,1.4344152051879868,0.15363706122897755,-0.03033476522042801,-1.4992955117415308,0.13600143632606737,0.016221496178833186,0.5345647540032942,0.5937810257738522
Continuous | raw attention,corrected,holdout,CAPM,48,2,46,-0.004765323020391908,-0.005519933564356802,-1.2230960324218352,0.2275225325331982,0.22129342700886423,0.005229559654268745,0.00583499357405682,0.7942953819101292,0.43110234267084635,,,,,,,,,,,,,,,,,,
Continuous | raw attention,corrected,holdout,FF3,48,4,44,-0.004765323020391908,-0.005752656335071473,-1.3305747672610295,0.1901839349021628,0.18332896968513634,0.009121670663113979,0.00656097874687878,0.8471310362647584,0.40150646036584314,-0.0052744837825882815,-0.561300276573298,0.577440624855545,-0.0036687984089621424,-0.33930885646360637,0.7359912919398761,,,,,,,,,,,,
Continuous | raw attention,corrected,holdout,FF3+BOND,48,5,43,-0.004765323020391908,-0.0064659758100870535,-1.349548633069956,0.1842235374412223,0.17716081045059628,0.014795709530499135,0.007801572241038007,0.9329444817060599,0.3560578846848666,-0.0052389313374021276,-0.534439556996736,0.5957901436720775,-0.0035596894069126186,-0.31983211933869393,0.7506444674206459,-0.014973786443142434,-0.7127321042894764,0.4798615444098237,,,,,,,,,
Continuous | raw attention,corrected,holdout,FF3+UMD+BOND,48,6,42,-0.004765323020391908,-0.006418950351707629,-1.3606611331906782,0.18087831067381172,0.1736208026172643,0.025704619056685307,0.008191180390336441,0.8710331125331057,0.3886877780738754,-0.008997069273202448,-0.9428886239609925,0.35113025722133984,-0.0031318339060988493,-0.29513359181402227,0.7693459028026151,-0.018157634941485076,-0.8523232854200836,0.39886894110248855,-0.008734484046349945,-1.2693369160223056,0.21130983979797313,,,,,,
Continuous | raw attention,corrected,holdout,FF5,48,6,42,-0.004765323020391908,-0.008317772000965108,-1.4096200691018084,0.1660140819499691,0.15865189781722167,0.0950064146432148,0.0057547156488839575,0.9388110188120143,0.353195687341578,-0.019675000896625938,-1.1205533382518178,0.2688447183257404,0.030659771609400165,1.3529787145458945,0.18330097144418814,,,,,,,-0.011936215093406291,-0.901110810413139,0.3726678079895229,-0.047058130140774854,-1.1171511709831095,0.27027979177910033
Continuous | raw attention,corrected,holdout,FF5+UMD,48,7,41,-0.004765323020391908,-0.008157307580317066,-1.4253674744891824,0.16162002132870842,0.15405100491655457,0.11754705102731,0.005876907936818419,0.8336441932481651,0.409312088939291,-0.02986390848587497,-1.592865710755552,0.1188717275566035,0.03419228392453917,1.3563378910897255,0.18241424868751777,,,,-0.014082001800544778,-1.6614200377183095,0.10425809764917486,-0.021019610879061942,-1.786198106439805,0.08146405708904755,-0.04322358883120733,-1.0295463784727785,0.3092585592317255
Continuous | raw attention,corrected,holdout,FF5+UMD+BOND,48,8,40,-0.004765323020391908,-0.008645680401677796,-1.4692720962400092,0.1495806819466935,0.14175900210909284,0.12155180166992441,0.0069375916954822195,0.9405511045104207,0.3525805924631053,-0.030385296851671156,-1.6805424186428939,0.10064611339678212,0.033044015839668775,1.365325282108406,0.17978064177875464,-0.013278962522604293,-0.8246275111644464,0.41447367258702433,-0.015456358790435467,-1.755035612786173,0.08691046789186832,-0.02272297904332691,-1.9257890650223861,0.061259631676378164,-0.039966916534893294,-0.9877387239697624,0.32921808046427165
Continuous | raw attention,corrected,covid,CAPM,24,2,22,0.03009435719193835,0.026527875285246045,1.7826667328532426,0.08844715974973298,0.07464056974761597,0.013745231789750956,0.015221860463902226,0.7378290677607524,0.46841598871518014,,,,,,,,,,,,,,,,,,
Continuous | raw attention,corrected,covid,FF3,24,4,20,0.03009435719193835,0.01953982670730566,2.682537196248379,0.014314154199778908,0.007306602596577349,0.12699559533702087,0.022066104867561297,0.7992483728648755,0.43353648850985654,0.03544370738075403,0.8111868764625761,0.4268070948612194,-0.05371061300153458,-2.78562076856432,0.011414052461871698,,,,,,,,,,,,
Continuous | raw attention,corrected,covid,FF3+BOND,24,5,19,0.03009435719193835,0.00932992541927989,1.0357825878880107,0.3133074025118433,0.3003035825628555,0.34057691908290466,0.042431712184132754,1.2586907189965642,0.22338876463710688,0.061166607161040165,1.9450258421230457,0.06672317220794498,0.015394974033486504,0.3742910009562943,0.7123323875821205,0.31088799739884954,1.659025162149571,0.11352740345440478,,,,,,,,,
Continuous | raw attention,corrected,covid,FF3+UMD+BOND,24,6,18,0.03009435719193835,0.0025035958868169965,0.38195014571998154,0.7069701741777811,0.7024983440166315,0.5062352634293014,0.07151606014432134,3.117208140859708,0.005950942381126027,0.10044608061099905,6.714228812163714,2.6995320602300554e-06,0.06290306045020802,1.5583977228591377,0.13654728181358056,0.3747601366754699,1.9844008284734713,0.0626704802541623,0.0916066919986175,5.815956694049265,1.64650193001035e-05,,,,,,
Continuous | raw attention,corrected,covid,FF5,24,6,18,0.03009435719193835,0.0235871336239123,4.996533029154263,9.35407268609664e-05,5.837018188054535e-07,0.2194144122248065,0.04824480400462278,1.4348447801597404,0.16847895835508803,-0.03097952274863347,-0.8369158956694196,0.41361368479330773,-0.05240941058683608,-1.8723157706990003,0.07750138816753031,,,,,,,-0.0775682609791329,-2.3618615916706456,0.029654112917522693,0.10415301519132938,1.8440896461459333,0.0816947401467409
Continuous | raw attention,corrected,covid,FF5+UMD,24,7,17,0.03009435719193835,0.018784599719203036,2.4743058529873396,0.02418503893410651,0.01334953561664255,0.250878221839566,0.05105259998824273,1.9086699406931305,0.07333547136561104,0.012615698809975678,0.21719686745158562,0.8306402752216919,-0.04921240316459366,-1.4817631207647146,0.1567018728093824,,,,0.04550876682637629,0.9475550019698885,0.3566319656135196,-0.04386720617187667,-1.033551334737202,0.3158261193831579,0.08835195829973484,1.1222900046276418,0.27734077636323917
Continuous | raw attention,corrected,covid,FF5+UMD+BOND,24,8,16,0.03009435719193835,0.006574536250175586,1.0926265082311388,0.2907369099228934,0.27455781906573906,0.49152320463194377,0.0741815440415533,2.8055188000709306,0.012695978458974144,0.07037704726774757,1.8661240852017886,0.08046354478666519,0.042838592758904004,1.2910053603979086,0.21504413159378757,0.35716273975881324,2.0657706434780114,0.05543951247239191,0.08563330790384624,3.0383137276964733,0.007827628628671939,-0.026579844380157237,-0.6067900811031857,0.5525039324579291,0.026584233537388403,0.5979760206362197,0.5582259490373072
Continuous | raw attention,corrected,inflation_rates,CAPM,36,2,34,-0.0033452638033629953,-0.0031241366257175247,-1.0322132848805252,0.30925908683673137,0.3019722129434752,0.009221365617053001,-0.003859113047914051,-1.1077044384875594,0.27576455404673395,,,,,,,,,,,,,,,,,,
Continuous | raw attention,corrected,inflation_rates,FF3,36,4,32,-0.0033452638033629953,-0.00453965622604354,-1.4705234008968098,0.1511853996490608,0.14142005263954688,0.08600560406428337,8.640457854131207e-06,0.0017746571832451931,0.9985950465870331,-0.015701889101714273,-1.3776626829493444,0.17786682061974282,0.007741304050435487,1.4779652417195888,0.14919312353110206,,,,,,,,,,,,
Continuous | raw attention,corrected,inflation_rates,FF3+BOND,36,5,31,-0.0033452638033629953,-0.004094677686856087,-1.1032929452566929,0.27839127599308605,0.2698999692633328,0.08797432272694883,-0.0009527878798580524,-0.185954071980691,0.8536922467453845,-0.015782201512133397,-1.3910392945673886,0.17411784347841508,0.008156548631660212,1.3320551807186767,0.19255291019279636,0.00491119294510459,0.2832682975276004,0.7788543130977826,,,,,,,,,
Continuous | raw attention,corrected,inflation_rates,FF3+UMD+BOND,36,6,30,-0.0033452638033629953,-0.004014758152504385,-1.0232055781387168,0.314391153023236,0.3062106560716267,0.11519017311971114,-0.0021804845405307134,-0.42473050310040344,0.6740639390317619,-0.02053590118026549,-1.6703618461249383,0.10525039089326133,0.008594823885129686,1.7678544560003329,0.08725583415853402,0.002356952087079282,0.13930096849986628,0.8901432913382097,-0.009846110887459188,-1.626450717369855,0.11431385669072178,,,,,,
Continuous | raw attention,corrected,inflation_rates,FF5,36,6,30,-0.0033452638033629953,-0.005019293240204326,-1.824762646616113,0.07801013735950318,0.06803685494361918,0.31782286352617883,-0.0012685450584073374,-0.38574344419878814,0.7024086131650832,-0.039865840208111694,-3.017032247986803,0.005163670042191453,0.04240173558086199,4.078006546833741,0.0003080314133026404,,,,,,,-0.030640079831888017,-3.161222076036358,0.0035782022063717564,-0.04289352359342598,-2.9857424997088255,0.005586589776004583
Continuous | raw attention,corrected,inflation_rates,FF5+UMD,36,7,29,-0.0033452638033629953,-0.0046167764385233335,-1.6635986607113435,0.1069638606489367,0.09619265973040296,0.33523974991767924,-0.0024948482379390565,-0.7084346199292744,0.48433143816629265,-0.04306447822785768,-4.018650885107646,0.00038029795352359855,0.041697438423856606,4.619374180722801,7.297434360934319e-05,,,,-0.007988513630286125,-1.7160777420343991,0.09681392020206663,-0.03168362471848282,-3.1611185731608336,0.003664184525330563,-0.039604366625976405,-2.8172813429023353,0.008628193360792059
Continuous | raw attention,corrected,inflation_rates,FF5+UMD+BOND,36,8,28,-0.0033452638033629953,-0.004148917207084918,-1.3692276134667063,0.18181176952121766,0.17092813694131048,0.33810115564139176,-0.003643497205492574,-0.7145885091815545,0.48077905007736305,-0.04310912005415069,-4.069068198510455,0.00034907395463245407,0.04288242687548521,5.409859090975983,9.055186737111855e-06,0.006131388305972575,0.43024473020187975,0.6703111398010653,-0.007405480264464621,-1.8250554804996184,0.07867893846103008,-0.031037480484303083,-3.2170984194728516,0.003260811580413549,-0.04083830146830672,-3.256319337982107,0.0029516195888747267
Continuous | raw attention,corrected,last18,CAPM,18,2,16,-0.007281203981908168,-0.010665812725562072,-1.0744319056227618,0.2985659365347007,0.28262914898593117,0.046424649158905984,0.028521983794836312,2.5800401106824067,0.020140289194547894,,,,,,,,,,,,,,,,,,
Continuous | raw attention,corrected,last18,FF3,18,4,14,-0.007281203981908168,-0.017369120284211843,-2.1874576339868574,0.04617230665985957,0.02870913276103796,0.07205482571454824,0.047166795151294176,2.365705759559205,0.03296102185170089,-0.028425106193594646,-1.0934255292010076,0.29266460151472007,0.03307589968798739,0.7872214227271023,0.4442757537311043,,,,,,,,,,,,
Continuous | raw attention,corrected,last18,FF3+BOND,18,5,13,-0.007281203981908168,-0.017388700671807585,-2.458424600363571,0.028754023383793133,0.013954807625896794,0.0933631422686565,0.04414912372054114,1.8223191834108583,0.09148268000990484,-0.03686915827960839,-0.901512502526007,0.3837142834185121,0.03918783449108081,1.137886669011838,0.2757052127296638,-0.09623439430087544,-0.5147800732502023,0.6153468301598861,,,,,,,,,
Continuous | raw attention,corrected,last18,FF3+UMD+BOND,18,6,12,-0.007281203981908168,-0.015687368440250725,-2.4436481445310307,0.03095068741046012,0.014539598863650737,0.13195565845206791,0.05085426853215596,2.0319879595552304,0.0649007966205089,-0.025035137329719216,-0.7041553506673917,0.49477453300710544,0.03095499050229232,1.054745059482828,0.3123158427330059,-0.07575067754627461,-0.41086583199986115,0.6884128540116022,-0.024352057483168443,-1.3474105782593093,0.20273895170492492,,,,,,
Continuous | raw attention,corrected,last18,FF5,18,6,12,-0.007281203981908168,-0.02158097300330808,-1.5753932900300298,0.14114871339473423,0.1151656922582888,0.23343894921440556,0.05459994078642064,1.9060005288140522,0.08087980091528552,-0.020798207375087165,-0.9750701089254538,0.34877251299798717,0.1069226205922073,4.6224841491146735,0.0005876666337920368,,,,,,,0.0013327538125186035,0.06799374574956286,0.946910424207932,-0.10892836382031242,-1.7665231619140997,0.10270932378063705
Continuous | raw attention,corrected,last18,FF5+UMD,18,7,11,-0.007281203981908168,-0.02433498305465427,-1.6757579870421364,0.12194459623919662,0.09378560647714834,0.3859624059319474,0.06861554058127475,3.793065191222031,0.0029788512201839503,-0.015948536845483984,-0.860936289175325,0.407647646949048,0.11863841946269667,3.1593734994373066,0.009089078381780358,,,,-0.05853156684921322,-2.7548957261126645,0.018726010600088088,-0.03812388670708223,-1.6474963852701658,0.1276957897426412,-0.11711171563476916,-1.748995952154276,0.10810212844774399
Continuous | raw attention,corrected,last18,FF5+UMD+BOND,18,8,10,-0.007281203981908168,-0.02560914113554296,-1.7837801144836833,0.10478143538268171,0.0744594020610339,0.4228383932345171,0.06464019770303442,2.932949439964064,0.014965018419686338,-0.030072396234013962,-1.2567449471420906,0.23740799084058986,0.13637421184677753,3.8636578572783002,0.0031414626553865695,-0.13096757417112975,-1.191554166893463,0.2609477772438376,-0.058644083000091655,-3.229179476151414,0.009033503488235445,-0.04451265969202343,-2.140418517581322,0.05799403701845489,-0.1190076746045503,-2.0262327595915197,0.07024533270929251
Continuous | raw attention,corrected,last12,CAPM,12,2,10,-0.004694276887668405,-0.010682184769628391,-0.6856822922555914,0.5084970888263881,0.4929134755724527,0.05790375791928115,0.04109751463253251,2.5365297843820143,0.029538376685272226,,,,,,,,,,,,,,,,,,
Continuous | raw attention,corrected,last12,FF3,12,4,8,-0.004694276887668405,-0.012486672942916159,-0.7178138222914943,0.4932975516754327,0.47287208952934834,0.058390726870698795,0.044448039627036376,1.0631844005085527,0.3187348683313209,-0.0009807203393203956,-0.019053686447869665,0.9852649192281251,0.007424881306056522,0.10347856561377179,0.9201302035280309,,,,,,,,,,,,
Continuous | raw attention,corrected,last12,FF3+BOND,12,5,7,-0.004694276887668405,-0.012413366496581965,-1.2186007972384862,0.2624664026474113,0.22299574632009322,0.11973609523072881,0.04048090228852108,0.8521740668021995,0.4223122466016554,0.041409350583699676,0.7550788327356092,0.47483507747570186,-0.01231362500997811,-0.1443842118341692,0.889266111309214,-0.21166609409271403,-0.7671332291126121,0.4680819382785009,,,,,,,,,
Continuous | raw attention,corrected,last12,FF3+UMD+BOND,12,6,6,-0.004694276887668405,-0.005606025503745483,-0.3975032847850024,0.7047521954787059,0.6909963647557718,0.2145998907630644,0.055615716114636185,1.0267152314507944,0.3441539229386682,0.11552008174067863,1.351827233904329,0.2251643683372681,-0.056103444022345475,-0.6097553150442077,0.5643862307497429,-0.216517627681957,-0.7747656433195712,0.4679017966277985,-0.045316948284027284,-2.5205414715708683,0.04525398399472311,,,,,,
Continuous | raw attention,corrected,last12,FF5,12,6,6,-0.004694276887668405,-0.030961451263558294,-0.8238677758636039,0.4415256637635317,0.4100146919928186,0.3793620670640171,0.02122608703625977,0.5081643088946534,0.6294749837015368,-0.0037490989046504303,-0.07858834372703329,0.9399154733827946,0.17787505496558137,1.724983421125851,0.1352896187640427,,,,,,,0.0011673949810443798,0.03768102134567451,0.9711644371592026,-0.22474895602587236,-3.7401672783451096,0.009620578227970432
Continuous | raw attention,corrected,last12,FF5+UMD,12,7,5,-0.004694276887668405,-0.05275456308919767,-1.8386734737058903,0.12536128258646007,0.06596322726503193,0.614481133055579,0.07396904086053556,2.01997370311462,0.0993736202884485,-0.02158280484306821,-0.3112780633849583,0.7681491575212802,0.2636613855651927,3.05636384077716,0.028218731709804348,,,,-0.08701874734581398,-6.090683856559727,0.0017260941526256559,-0.06937004129581972,-3.9915454620128377,0.010410473037750065,-0.2349708417090388,-4.4945418889115825,0.0064318064509120915
Continuous | raw attention,corrected,last12,FF5+UMD+BOND,12,8,4,-0.004694276887668405,-0.05177374549188197,-1.947668159279503,0.12328676065597372,0.051454682361984465,0.6288550375192812,0.07076692009616165,1.631787338353703,0.17806018191150508,-0.0021744823641246247,-0.022478845579464383,0.9831426403498581,0.242238779420477,2.2349946857605913,0.08911541732318938,-0.10222153323330971,-0.6582544820522922,0.546333166682504,-0.08489799563828254,-7.0623195847378675,0.002120472182686784,-0.06824998392996864,-3.800470972547028,0.019095923136905578,-0.22743463994765303,-5.873486243446465,0.004197373841309892
Continuous | pure attention,corrected,full_live_1999,CAPM,329,2,327,0.0012960504479713167,0.0017654267886490645,0.4916803732137016,0.6232751901958404,0.6229453151310174,0.002502960833387635,-0.005884733251134793,-0.697335928545085,0.4860880715516095,,,,,,,,,,,,,,,,,,
Continuous | pure attention,corrected,full_live_1999,FF3,329,4,325,0.0012960504479713167,0.0019269715262559737,0.5399256623335555,0.5896180542171233,0.5892482993914799,0.006195524431491184,-0.007015889950765127,-0.8131872741262116,0.4167060130897352,0.004172553669943305,0.3723451244440064,0.7098785867989358,-0.008143560180185258,-0.6687188375859352,0.5041495427875338,,,,,,,,,,,,
Continuous | pure attention,corrected,full_live_1999,FF3+BOND,329,5,324,0.0012960504479713167,0.002201001647666314,0.6232770954924902,0.5335409401544331,0.5331024466005361,0.007867433093307508,-0.007582703689125538,-0.8360562349238584,0.403739415602155,0.003799496099319687,0.33396582189817275,0.7386214008383275,-0.009080185757921673,-0.7254594044898929,0.46869389122065375,-0.012242007187021365,-0.4601177698552757,0.6457403137210442,,,,,,,,,
Continuous | pure attention,corrected,full_live_1999,FF3+UMD+BOND,329,6,323,0.0012960504479713167,0.0011794072068311728,0.33652294551752976,0.7366950800544297,0.736476551491785,0.024514330164712494,-0.0017262838795848664,-0.1875895017174398,0.8513162420219511,0.002145322990598108,0.195558108371723,0.8450790148170556,-0.00402320505904455,-0.38920225225408495,0.6973830005629597,-0.011516681807475565,-0.4395667171207135,0.6605448968473573,0.014614811975990067,1.8296201342900944,0.06822839295696352,,,,,,
Continuous | pure attention,corrected,full_live_1999,FF5,329,6,323,0.0012960504479713167,0.0033872311022142935,0.938482764869014,0.3486976008150316,0.3479963701319453,0.019138605560480526,-0.011173951112716832,-0.9337136821222555,0.35114906925552336,-0.007290803825258126,-0.6268326023388928,0.5312117597706569,0.0009015142365885977,0.04965766054958512,0.9604258890571508,,,,,,,-0.026138448578922755,-1.6790048077420416,0.09411816413266542,-0.003290618989581342,-0.16793171004124077,0.8667421008691409
Continuous | pure attention,corrected,full_live_1999,FF5+UMD,329,7,322,0.0012960504479713167,0.002482267691867575,0.6836420241828016,0.49469288714646414,0.49420124117718667,0.03666627142520407,-0.005767324682541963,-0.4855635567330405,0.6276068613771597,-0.008734097936147532,-0.7471388957606224,0.45552494022948664,0.008523331111860264,0.48532153421371726,0.6277783150496837,,,,0.015104556627282734,1.9466984146513104,0.052440240310009566,-0.02608909286191069,-1.6967743665468398,0.09070568682987488,-0.008566482638856437,-0.43610048935823764,0.6630560548038563
Continuous | pure attention,corrected,full_live_1999,FF5+UMD+BOND,329,8,321,0.0012960504479713167,0.0025845736230808046,0.7100119970766837,0.478212156704445,0.47769669657763114,0.03711616471727475,-0.005946144693042233,-0.4925853708157535,0.6226423347048592,-0.008628454776776952,-0.7473293393475333,0.45541186194120703,0.007683410577099169,0.4560823022697077,0.6486391987044453,-0.0064250569478725705,-0.25336230261767806,0.8001504440625156,0.015043364064280395,1.9625208902563118,0.050565334379519336,-0.025375567984547428,-1.7421405919356725,0.08244163174707626,-0.008234281123955422,-0.4274519393974651,0.6693367788194093
Continuous | pure attention,corrected,post2010,CAPM,199,2,197,0.0038182446129402282,0.0027545525551985633,0.7909440061099743,0.4299278519428184,0.4289766672265698,0.006589567433988752,0.008164950915362583,1.0877894183286192,0.27801713689692226,,,,,,,,,,,,,,,,,,
Continuous | pure attention,corrected,post2010,FF3,199,4,195,0.0038182446129402282,0.0028530813579501846,0.9288490054950911,0.3541156892872293,0.3529673436006916,0.02800509083077163,0.0073170581313575355,0.8489610649742175,0.39694395326875476,0.006670532235549695,0.47803626914897207,0.6331598500871903,-0.019418719421229292,-1.6566613541402102,0.09919608829733373,,,,,,,,,,,,
Continuous | pure attention,corrected,post2010,FF3+BOND,199,5,194,0.0038182446129402282,0.002837363203773873,0.9673228210406228,0.33458703636148146,0.3333826787829369,0.028028907028212924,0.007359246504634171,0.810447699570649,0.41867597178369265,0.0067251763761472915,0.48324292707287014,0.6294681873017272,-0.01916684033586659,-1.892704975616658,0.05988610996410588,0.0013332149952045489,0.053465848019055885,0.9574157573614358,,,,,,,,,
Continuous | pure attention,corrected,post2010,FF3+UMD+BOND,199,6,193,0.0038182446129402282,0.0022195998235508196,0.7706511957036686,0.44185606843192826,0.44091370708104927,0.03526411607127933,0.009325525946630137,1.0616256646434803,0.2897322946532925,0.00874807699272625,0.6068733390881226,0.5446482168915273,-0.015444070329514937,-1.5327629095905468,0.12697183113486088,0.004358554490819719,0.1748406672023923,0.8613881126688906,0.01094945259095509,1.2264329813569985,0.22152995108656587,,,,,,
Continuous | pure attention,corrected,post2010,FF5,199,6,193,0.0038182446129402282,0.003006463799408136,1.084061541285027,0.2796898800378333,0.2783375133370085,0.041291278370871765,0.008868504815294736,0.8749767835221504,0.3826740980787722,-0.003614024405277202,-0.2970730158026296,0.7667302491037121,-0.02240589248033779,-1.1738859289570922,0.24188724476077925,,,,,,,-0.023762934040362005,-1.534424421721431,0.1265629218492698,0.014403148866421758,0.5507160092556385,0.5824652605830849
Continuous | pure attention,corrected,post2010,FF5+UMD,199,7,192,0.0038182446129402282,0.0026315174914552904,0.935450025384788,0.35073148031948753,0.34955642644547136,0.043980622842405226,0.009823686464131662,1.00311036542715,0.3170701411016389,-0.0015973450133285464,-0.12504447994997503,0.9006191640781066,-0.019935446296852326,-1.0078152264153555,0.31481158565389433,,,,0.0069037521298713255,0.7839184585192447,0.4340539708569827,-0.021208873839136284,-1.4603238971166816,0.1458354595558086,0.011763442162043232,0.44342522206853635,0.6579574548768962
Continuous | pure attention,corrected,post2010,FF5+UMD+BOND,199,8,191,0.0038182446129402282,0.002574785586652515,0.9463801680827948,0.3451504514383396,0.3439547169142245,0.044269100385546434,0.009974568040775891,0.9741739796350686,0.3312023109373036,-0.001539240802587016,-0.12025713361978341,0.9044058649269077,-0.01861039076201451,-1.1981483040250835,0.23234390796722038,0.004760369854162978,0.23357215124288203,0.815567295507835,0.0072095052619541265,0.838090796470921,0.4030272672048263,-0.021499620988172843,-1.501815844391808,0.13479609360892605,0.010999868650280801,0.46050506285722265,0.6456775995239359
Continuous | pure attention,corrected,validation,CAPM,151,2,149,0.006621338724314222,0.005453457797903548,1.3040205856022893,0.19423750553950292,0.1922265636649102,0.007329388180625562,0.008943968711988106,0.9565183146582624,0.34035981470782056,,,,,,,,,,,,,,,,,,
Continuous | pure attention,corrected,validation,FF3,151,4,147,0.006621338724314222,0.005116555205236375,1.4570688204641327,0.1472302099091628,0.14509738409138317,0.03539693530919785,0.008715999648841977,0.7628350305360384,0.44678419115916934,0.007500819362639449,0.38573503389506963,0.7002505662751494,-0.02320080238591063,-1.5981229405816957,0.11216292217276448,,,,,,,,,,,,
Continuous | pure attention,corrected,validation,FF3+BOND,151,5,146,0.006621338724314222,0.005116156318331047,1.6082120489478957,0.1099490880599687,0.10778874518186637,0.035396937564010966,0.008716756225377584,0.6866215817905115,0.4934102998939569,0.0075023237453359405,0.39021452576734744,0.6969466374764907,-0.02319708250051171,-1.993227260935231,0.04809999099515997,1.5065774184687582e-05,0.00042206715719065555,0.9996638152891056,,,,,,,,,
Continuous | pure attention,corrected,validation,FF3+UMD+BOND,151,6,145,0.006621338724314222,0.0037548590793852884,1.1723888877357898,0.2429635256654801,0.24104095886500265,0.05550320537291453,0.013760796720369466,1.107022076881826,0.2701174955582735,0.010743425224307691,0.5658179370487276,0.5723921249871182,-0.012862152973552341,-1.031891204705728,0.3038411543551246,0.009030650528682094,0.24966014825067445,0.8032035176696598,0.02161913467812813,1.6683909555635716,0.09739613049140343,,,,,,
Continuous | pure attention,corrected,validation,FF5,151,6,145,0.006621338724314222,0.00519222376718639,1.612043005433829,0.1091270848578682,0.10695258175512937,0.061939003051859176,0.012925296795239419,0.9124193528401243,0.3630625207314722,-0.008012055823164855,-0.5481174744515859,0.5844540878561453,-0.03231154545136342,-1.454134555614263,0.14807013982254733,,,,,,,-0.03573566597472147,-1.3704702375210591,0.17265807808585767,0.03121702986358734,0.9960799876770322,0.32087063014340494
Continuous | pure attention,corrected,validation,FF5+UMD,151,7,144,0.006621338724314222,0.0044456415504675805,1.3812682680309625,0.1693361018698183,0.16719649107869328,0.07363044026395782,0.015745456208253322,1.188839064247383,0.2364597906731902,-0.005201772219202932,-0.3552257120133877,0.722940273502202,-0.02425436591458456,-0.9414869680473354,0.34803211276607054,,,,0.016559269865128314,1.2557772111067398,0.21123050422798972,-0.03300286707695905,-1.3388206415930448,0.18273879291298475,0.0248952024972925,0.736609725922775,0.46255807869487015
Continuous | pure attention,corrected,validation,FF5+UMD+BOND,151,8,143,0.006621338724314222,0.004141113660182416,1.3173656999171048,0.18982294849244782,0.18771607244164312,0.07518532685405077,0.016567256081937064,1.1332518759878647,0.25900490253288755,-0.004514325937467712,-0.3035126088056185,0.7619403801679034,-0.020082536771089177,-1.0604415687684605,0.2907315507309428,0.01307859154985044,0.425365323249017,0.6712098188473019,0.017801256825694806,1.4014387290134518,0.16324954735717903,-0.03514787310430646,-1.5011800811394989,0.13551382702794174,0.02359441386342847,0.7572578855933527,0.4501413342982135
Continuous | pure attention,corrected,holdout,CAPM,48,2,46,-0.004999822279090455,-0.005719115520301801,-1.2495391461039942,0.21778853367656326,0.21146794491247545,0.004357542236098411,0.005561904049575477,0.7269445075992441,0.4709434354421942,,,,,,,,,,,,,,,,,,
Continuous | pure attention,corrected,holdout,FF3,48,4,44,-0.004999822279090455,-0.005868046198895131,-1.33356285429763,0.18920997771693146,0.18234716347027335,0.007925665956928452,0.006087293636326752,0.7710534212247228,0.4447962801217406,-0.004479061765184648,-0.45901824111279593,0.6484806892772274,-0.004308188535617515,-0.38024099302837816,0.7055959698360028,,,,,,,,,,,,
Continuous | pure attention,corrected,holdout,FF3+BOND,48,5,43,-0.004999822279090455,-0.006441295968329455,-1.319643826171809,0.1939371511053017,0.1869539631536885,0.011286307444625332,0.007084280203212461,0.8337001606509088,0.40905737166123174,-0.004450490512443588,-0.44077395720780704,0.6615847968010076,-0.004220504528018072,-0.3658783907496497,0.7162497324205971,-0.012033485593398006,-0.5626146420623933,0.5766189870449715,,,,,,,,,
Continuous | pure attention,corrected,holdout,FF3+UMD+BOND,48,6,42,-0.004999822279090455,-0.006394638072344449,-1.3259136418125845,0.19203462964283485,0.18486830381121322,0.021134937612715454,0.007470843080669306,0.7874795055571441,0.4354228946144597,-0.008179253930145906,-0.8442940154603181,0.40328871849053877,-0.003795993249626865,-0.3409898203979259,0.7348112111145139,-0.015192448359249313,-0.7029841976682387,0.48594420244009445,-0.00866621319943607,-1.2414291788238632,0.22133595977122839,,,,,,
Continuous | pure attention,corrected,holdout,FF5,48,6,42,-0.004999822279090455,-0.008228367230887374,-1.39092829568776,0.1715727202788735,0.1642471714272219,0.07358313634778446,0.005439938451992724,0.8292232818682995,0.4116661882521057,-0.018701586382324872,-1.0319334974112198,0.30800918670938776,0.026746426278778497,1.1005740564586697,0.2773500331174373,,,,,,,-0.012780049644196649,-0.9659452456693747,0.339600935449826,-0.04100382174693027,-0.9405065382872381,0.3523358905680493
Continuous | pure attention,corrected,holdout,FF5+UMD,48,7,41,-0.004999822279090455,-0.008060078745904763,-1.3994414856289594,0.1692013959499544,0.16168063374650588,0.09631985212862215,0.0055680886981968455,0.7437152129796424,0.46128978041279717,-0.029387293624452145,-1.5403774168543605,0.13115173414858763,0.030451179913860465,1.1254798647662339,0.2669311168415233,,,,-0.01476862434030787,-1.7574639453790593,0.08630388700697834,-0.02230634157291194,-1.8573431993814185,0.07045527002449324,-0.036982312523986954,-0.8475804405619288,0.4015925521204717
Continuous | pure attention,corrected,holdout,FF5+UMD+BOND,48,8,40,-0.004999822279090455,-0.008499332336211057,-1.4273286581562934,0.161245698514331,0.15348518384981297,0.09929092572053255,0.006522091723743002,0.8316500251777044,0.4105439079439494,-0.029856242144113407,-1.6195895828251217,0.11317911544135431,0.02941840155918438,1.1237383168076607,0.26782313888642223,-0.01194340001834034,-0.7111566255066412,0.48111387733469546,-0.016004752183151377,-1.8427878995327658,0.07277998103838593,-0.023838389526936336,-1.9776586388315824,0.05488582514496588,-0.034053187609497985,-0.8043240564954328,0.42596457924827935
Continuous | pure attention,corrected,covid,CAPM,24,2,22,0.031031109055105317,0.027179978649584144,1.5507832165307842,0.1352210054060405,0.1209536440169728,0.01346056782586802,0.016436749490060437,0.7429927122387187,0.46534671849424397,,,,,,,,,,,,,,,,,,
Continuous | pure attention,corrected,covid,FF3,24,4,20,0.031031109055105317,0.018481132619333,2.4205770974515977,0.02513443922284521,0.015495892949871026,0.16085012942134436,0.024954422856821923,0.8497965700841148,0.4054964844565259,0.04413321664250046,0.9386778877941987,0.3590950062731351,-0.06685845171144733,-3.1683613132397968,0.00483255537451766,,,,,,,,,,,,
Continuous | pure attention,corrected,covid,FF3+BOND,24,5,19,0.031031109055105317,0.006695947852843401,0.7037241887085657,0.490139722413984,0.4816045536155248,0.39985562794068774,0.048462235355367325,1.3836129645221766,0.18251840375745138,0.0738248971091962,2.154244486540657,0.04426738290440902,0.01290942151565329,0.30957339340312656,0.7602548854476632,0.35885483979422883,1.8910837216595182,0.07396061546047301,,,,,,,,,
Continuous | pure attention,corrected,covid,FF3+UMD+BOND,24,6,18,0.031031109055105317,-0.0007175258479109117,-0.10400965975762948,0.9183118232364202,0.917161682772626,0.5639513403140034,0.08004817735847078,3.5006162635780553,0.002553231287015656,0.11648286461808162,8.198616310643754,1.7252431164175023e-07,0.06450375893353305,1.577116660567468,0.13218093927691119,0.42822072998255367,2.246400458805075,0.03746501361883069,0.09948593877796977,6.452656126238241,4.520101423804502e-06,,,,,,
Continuous | pure attention,corrected,covid,FF5,24,6,18,0.031031109055105317,0.022629207447248924,5.0491284328870165,8.34865259807568e-05,4.4383028811073046e-07,0.24380121418197176,0.051854644380326755,1.4391941450385421,0.16725926932663654,-0.023961868218614783,-0.5992935296518365,0.556445846564891,-0.06794573548154181,-2.26323949355419,0.03621809137806379,,,,,,,-0.0798045892962354,-2.2841205996329426,0.03472513333289709,0.11028853104088622,1.7879640457264858,0.0906291477277274
Continuous | pure attention,corrected,covid,FF5+UMD,24,7,17,0.031031109055105317,0.01733302152379531,2.19619208719053,0.04223980132200013,0.028078197504846223,0.27593869165876395,0.05495105345508536,1.9318819663336975,0.07021681412857148,0.024114502157894742,0.3815868648689089,0.7074952923857543,-0.0644201079601507,-1.7902471158551347,0.09123993107641311,,,,0.05018660878650843,0.9579172800289946,0.35153052339665414,-0.042639406162242634,-0.9629305749653831,0.3490806026539932,0.09286328496341606,1.0690043434802947,0.30001259374791645
Continuous | pure attention,corrected,covid,FF5+UMD+BOND,24,8,16,0.031031109055105317,0.0031581155282465684,0.527258451851477,0.6052487043172711,0.598014122534088,0.5483318887155586,0.08180190550541441,3.0537540728885895,0.007579033469866375,0.09117080261382238,2.247565708955492,0.039058765478866414,0.04244372754095585,1.2377303034511313,0.23367224651280896,0.4146373418972139,2.3710333889609063,0.03063245730741779,0.09676798809959838,3.2664170832552677,0.004850485718987166,-0.02257016336671911,-0.4952511835689093,0.6271553247001977,0.021155902418996883,0.4458925139286632,0.6616496961476444
Continuous | pure attention,corrected,inflation_rates,CAPM,36,2,34,-0.0026133629220265056,-0.002365346603357954,-0.6978240598189398,0.4900323313734558,0.485287230562362,0.01095787140102078,-0.004328382524756604,-1.1501056267572722,0.25812580506547844,,,,,,,,,,,,,,,,,,
Continuous | pure attention,corrected,inflation_rates,FF3,36,4,32,-0.0026133629220265056,-0.0035660105761507917,-1.0921150135909916,0.28293694631583827,0.2747825511186186,0.06190417811415805,-0.0010269531161400084,-0.2177973634605566,0.8289698853912469,-0.01395952710166521,-1.4054455157105052,0.16952381813749293,0.005643473005845643,1.1375326325271897,0.26376170479792804,,,,,,,,,,,,
Continuous | pure attention,corrected,inflation_rates,FF3+BOND,36,5,31,-0.0026133629220265056,-0.002935374641418277,-0.7159241237844073,0.4793967163558888,0.4740382017285899,0.06563941064929213,-0.0023895160378004502,-0.4358653425255824,0.6659546632784163,-0.014073348078532473,-1.4450709848121879,0.1584714200438369,0.0062319691501798126,1.0629882128906032,0.29599812773684814,0.006960278936695062,0.3692541159545816,0.7144486255059456,,,,,,,,,
Continuous | pure attention,corrected,inflation_rates,FF3+UMD+BOND,36,6,30,-0.0026133629220265056,-0.0028716649127856087,-0.6709147148415469,0.5074078557954477,0.5022748617343955,0.08197678344939441,-0.0033682031851814996,-0.6241102387382697,0.5372726606743531,-0.017862871107096702,-1.8231259050706348,0.0782638754936733,0.006581350533485629,1.3031202434957718,0.2024472199903047,0.00492410601292474,0.26397366978799336,0.7936051407210042,-0.007849057903248826,-1.8803760305727995,0.06979745431408906,,,,,,
Continuous | pure attention,corrected,inflation_rates,FF5,36,6,30,-0.0026133629220265056,-0.0038141639525884384,-1.3811941609495924,0.17742149267321175,0.16721926964242284,0.26658241995851073,-0.0020166605199208945,-0.5658903516340237,0.5756770931907552,-0.03758415777715431,-3.09751789165632,0.00421102204652159,0.037037405948733615,4.4036600401507044,0.00012465000749362277,,,,,,,-0.032822876929088654,-3.0908519561128345,0.0042830856034418415,-0.03792241530247256,-3.01200043975566,0.005229568178651241
Continuous | pure attention,corrected,inflation_rates,FF5+UMD,36,7,29,-0.0026133629220265056,-0.0034710007418894406,-1.1923730121301737,0.24278071547990115,0.2331150175316239,0.2785404221065184,-0.003062137713968586,-0.776969761630875,0.4434685574367053,-0.0403111368451979,-4.173407378740088,0.0002493547802109175,0.036436961761870355,4.492567770269488,0.00010364168843503643,,,,-0.006810557906236948,-1.3973043913378018,0.17292212032477797,-0.033712544670402494,-3.072046473742682,0.004590636899021379,-0.03511826486520084,-2.6655816532542396,0.012429302591627915
Continuous | pure attention,corrected,inflation_rates,FF5+UMD+BOND,36,8,28,-0.0026133629220265056,-0.0028910536548321306,-0.855974311362321,0.39927812696498727,0.39201198879855725,0.2826935993694266,-0.004485975436986206,-0.7472138093712672,0.4611637613325614,-0.04036647378284888,-4.2224240183382316,0.00023083183452108846,0.03790584503816205,5.579924196824882,5.700277413190304e-06,0.0076003219531088975,0.4843204887074214,0.6319253974516343,-0.006087843723328049,-1.4437934886481683,0.1598937688621629,-0.032911599768066555,-3.1656296946755766,0.0037139693050084453,-0.03664782091398894,-3.224102483411178,0.0032034056735541555
Continuous | pure attention,corrected,last18,CAPM,18,2,16,-0.008012569594181005,-0.011719173608094399,-1.2346428914603078,0.23478914815341034,0.2169634386251631,0.053988994043181915,0.031235427083539845,3.175003292448553,0.005878427351128613,,,,,,,,,,,,,,,,,,
Continuous | pure attention,corrected,last18,FF3,18,4,14,-0.008012569594181005,-0.019898065791744756,-2.5896498557533074,0.021404031347723222,0.009607359685839577,0.08859096825752155,0.05381394322967418,2.4591918787736766,0.027552060811870463,-0.025819399700213387,-0.974813177461534,0.34619658936961606,0.04254783822221468,0.9665000695694322,0.3501943027230247,,,,,,,,,,,,
Continuous | pure attention,corrected,last18,FF3+BOND,18,5,13,-0.008012569594181005,-0.01991667877506135,-2.9699352640084085,0.010848173310399617,0.002978625105769956,0.10726163009325518,0.05094536528549852,1.933527478903312,0.07524550259223604,-0.033846258199968914,-0.8107830123033859,0.4320836782835609,0.04835780188947127,1.327755828810321,0.20710228531772948,-0.09147976090084373,-0.4815131575257174,0.6381560766802489,,,,,,,,,
Continuous | pure attention,corrected,last18,FF3+UMD+BOND,18,6,12,-0.008012569594181005,-0.018158144325048434,-3.0487452214835002,0.010108258614360205,0.002297992793134096,0.14724208787687465,0.05787595057909523,2.173830116563133,0.05044796970568905,-0.021614353615694193,-0.5906973091349823,0.5656826545562348,0.03984815309346981,1.2814136370633682,0.22425633735285966,-0.07030734030647813,-0.37541747099631484,0.7139018112906875,-0.025170822734404533,-1.3543707215603689,0.20057176857665915,,,,,,
Continuous | pure attention,corrected,last18,FF5,18,6,12,-0.008012569594181005,-0.024490573748122975,-1.8453205705767648,0.08979865342734122,0.06499091985927637,0.23582570679960868,0.06103709089284651,1.9570364734986858,0.0740141336424849,-0.020997189622243007,-0.931052360947521,0.3701795259617981,0.11517390304757769,4.974466574376863,0.0003228369587776903,,,,,,,-0.001771511743448563,-0.08828414602083608,0.9311070690650081,-0.1034097070881544,-1.669787628193965,0.12081851585259881
Continuous | pure attention,corrected,last18,FF5+UMD,18,7,11,-0.008012569594181005,-0.027346348565302138,-1.960929008004439,0.07569440939513322,0.04988730490000664,0.39485410419502365,0.07557058793736199,3.888209659284988,0.0025273644859662874,-0.015968316556479557,-0.825857945299261,0.4264339003414425,0.12732261810441817,3.4546645894563697,0.005383573938580968,,,,-0.06069439526421305,-2.8009904002055044,0.017244193026704043,-0.042686133791137816,-1.8250554764288087,0.09524176352621798,-0.11189544591848997,-1.6639346164256603,0.12432200532499392
Continuous | pure attention,corrected,last18,FF5+UMD+BOND,18,8,10,-0.008012569594181005,-0.028603198623568887,-2.0857765239992405,0.06357834768405651,0.03699887089468054,0.42964656414157254,0.07164924567764651,3.073326535136463,0.01177385201301986,-0.029900318999256745,-1.1741265043261653,0.26754790628145286,0.14481748944392392,4.215883706615684,0.0017832141362144683,-0.12918852511081882,-1.1395356798646585,0.2810396424993004,-0.06080538300812698,-3.2461752276440645,0.00877714709389244,-0.04898812238958236,-2.3099830014618927,0.043508660017625794,-0.11376565039106128,-1.9232816884760466,0.08335552356941202
Continuous | pure attention,corrected,last12,CAPM,12,2,10,-0.004263681154968216,-0.010164730481215904,-0.650385246559252,0.53010146500426,0.5154434047917362,0.055490410690442804,0.04050136805935271,2.493042661485733,0.03182390283584713,,,,,,,,,,,,,,,,,,
Continuous | pure attention,corrected,last12,FF3,12,4,8,-0.004263681154968216,-0.012522208623329915,-0.7310399384678994,0.4856122366381011,0.46475475853925874,0.05765726476195687,0.044825333031130635,1.0491897985287855,0.32475007919130516,0.008747080597759097,0.16548901398146298,0.8726646495135922,0.00777585532080205,0.10758715120546627,0.9169724643806679,,,,,,,,,,,,
Continuous | pure attention,corrected,last12,FF3+BOND,12,5,7,-0.004263681154968216,-0.01245320193390748,-1.2026768335302176,0.2681981508729454,0.2291014021231319,0.11129652143624691,0.0410908863636837,0.8477001682703795,0.4246379360676473,0.048650780818673446,0.892543909342065,0.40174118588607355,-0.010804897711529884,-0.1247503338975338,0.9042281683481321,-0.19925091375633308,-0.7141468229762117,0.4982515265282608,,,,,,,,,
Continuous | pure attention,corrected,last12,FF3+UMD+BOND,12,6,6,-0.004263681154968216,-0.00541519344221934,-0.37499130074177095,0.7205646282234149,0.7076669363920759,0.211353636930959,0.05673854502224212,1.0240839060101918,0.34529852983081294,0.1252727622585511,1.4685163685568214,0.19234663734143617,-0.05607853956123993,-0.5997289735063991,0.5706254729733725,-0.20426684209527396,-0.7229154700076891,0.49693221004653465,-0.046852518064836986,-2.5312835169571963,0.044602362617484785,,,,,,
Continuous | pure attention,corrected,last12,FF5,12,6,6,-0.004263681154968216,-0.031879736817320724,-0.8646229763596187,0.42046437466148434,0.387245757385294,0.3760257173588071,0.022013543111669212,0.5239030117861192,0.6191263271412982,0.0015653639792074514,0.032505168286058546,0.9751235242939991,0.18071870613848512,1.7964938843426357,0.12254598567970315,,,,,,,-0.0007842285366209453,-0.025353155690805363,0.980595458109788,-0.22444099912890478,-3.814798419667107,0.008814050231956297
Continuous | pure attention,corrected,last12,FF5+UMD,12,7,5,-0.004263681154968216,-0.05437009713750002,-1.9507891036458913,0.10856041692428636,0.05108213857822791,0.6231099886091659,0.0764439542135376,2.0564087652518688,0.09486576195404178,-0.01683891328087901,-0.248955300463211,0.8132983839793461,0.26924968331914645,3.1878540044282473,0.02432333296711133,,,,-0.08980282384985117,-6.431386817485058,0.0013501666621938213,-0.07357843849712603,-4.319131851654017,0.007576827570486248,-0.23498992367008148,-4.604030356655018,0.005819003054718419
Continuous | pure attention,corrected,last12,FF5+UMD+BOND,12,8,4,-0.004263681154968216,-0.053541193343773455,-2.0381948456363155,0.11117153592741323,0.04153045077880777,0.6332399882665718,0.07373779349943083,1.6926257904104633,0.16578171519100626,-0.0004366462572302776,-0.004616517997497157,0.996537626874968,0.2511451146883798,2.3500360812394008,0.07851225138675529,-0.08638896460415917,-0.5536679578794086,0.6092966447998065,-0.08801054448951345,-7.339542969590875,0.0018346463743571407,-0.07263186106796266,-4.107682058069848,0.01476006446255007,-0.22862096551986266,-5.903148450694242,0.004120827208684089
Benchmark | Always-short Brown,corrected,full_live_1999,CAPM,329,2,327,0.001119287072483444,0.0013848900891676621,0.14127640177601122,0.8877385837401044,0.887651591276031,9.391895332400146e-05,-0.003329956728595314,-0.1796175102116647,0.8575641057859731,,,,,,,,,,,,,,,,,,
Benchmark | Always-short Brown,corrected,full_live_1999,FF3,329,4,325,0.001119287072483444,0.0020530944408986324,0.21367659783968926,0.8309332468567723,0.8307992620823437,0.00903767360179053,-0.009061481875001642,-0.48691068533922555,0.626649840910502,0.022783703108489903,0.585225747121381,0.5588020368955043,-0.03492718322640818,-1.1405279512541378,0.25490618231875023,,,,,,,,,,,,
Benchmark | Always-short Brown,corrected,full_live_1999,FF3+BOND,329,5,324,0.001119287072483444,0.002722751292736758,0.2810045735444489,0.7788862537381394,0.7787068919371791,0.01020770131422899,-0.010446624142046985,-0.5486081325316462,0.5836522298973209,0.021872049466136842,0.5591935765652825,0.5764159305918984,-0.03721604743049622,-1.175370037522865,0.24070970594939126,-0.029916214870279297,-0.5454964723647483,0.5857874452197843,,,,,,,,,
Benchmark | Always-short Brown,corrected,full_live_1999,FF3+UMD+BOND,329,6,323,0.001119287072483444,-0.0005195741884632361,-0.05345875429262575,0.9573994410072124,0.9573663929366294,0.029857813952368195,0.008140418247842418,0.40645711626875697,0.6846759310467547,0.016622052592290035,0.4751774497479681,0.6349816548316773,-0.02116625631720274,-0.810518018313016,0.41823928486896195,-0.02761418495874237,-0.515616760427057,0.6064748364953602,0.04638433352668008,2.3508522061149053,0.01933129102330751,,,,,,
Benchmark | Always-short Brown,corrected,full_live_1999,FF5,329,6,323,0.001119287072483444,0.008543637708117922,0.8575342877578871,0.3917854990518514,0.39114967380595955,0.035580058406695314,-0.028176508137814797,-1.0944868474332146,0.2745570077707973,-0.024776515160041056,-0.7127478543575126,0.47651637015582954,0.008544815701569545,0.20623437412765327,0.8367377709627691,,,,,,,-0.10827838845460709,-2.488904362797225,0.013316906354682103,-0.03132976522346271,-0.572353911220079,0.5674803836142247
Benchmark | Always-short Brown,corrected,full_live_1999,FF5+UMD,329,7,322,0.001119287072483444,0.005613545099861317,0.5593726602965485,0.5762962731499334,0.5759074159699615,0.057112848763413604,-0.010670920665951485,-0.41975102061822755,0.6749472720746856,-0.029449616146783833,-0.8712581134832206,0.3842623486672455,0.03322275188372162,0.813636014866959,0.4164547368977151,,,,0.04890556813522226,2.596995525282656,0.009835849946660912,-0.10811858440072074,-2.5238410869262737,0.01208866382557096,-0.04841196866303384,-0.8998164311595019,0.36889037947283687
Benchmark | Always-short Brown,corrected,full_live_1999,FF5+UMD+BOND,329,8,321,0.001119287072483444,0.005703082682846956,0.5641176994703888,0.573067955021428,0.5726740332545482,0.057153231356117495,-0.010827422946315763,-0.42065835167049803,0.6742860543686375,-0.029357157840243422,-0.8707393947628147,0.3845471692603464,0.03248765809501674,0.8107978771550529,0.4180824763014465,-0.005623174168256643,-0.10747764589190946,0.9144772017214053,0.04885201274382944,2.6061308520960464,0.009584042794332837,-0.10749411138960975,-2.5172566074302,0.012313928344322655,-0.04812122774160661,-0.9096672916186661,0.363680509701571
Benchmark | Always-short Brown,corrected,post2010,CAPM,199,2,197,0.01048927812427717,0.007390784136808893,0.6487613428158618,0.5172482046270404,0.516492647653392,0.004685127696659741,0.02378418747709479,1.1775680876347923,0.24038949021476688,,,,,,,,,,,,,,,,,,
Benchmark | Always-short Brown,corrected,post2010,FF3,199,4,195,0.01048927812427717,0.007268149201695548,0.6718187915335809,0.5024942132447991,0.5016990641614203,0.016172220769800072,0.02373023926298161,1.0516846547095446,0.29424576808367026,0.0060094977845812775,0.10588437910103332,0.9157829315395524,-0.04971660375942409,-1.347289612962098,0.17945042148723997,,,,,,,,,,,,
Benchmark | Always-short Brown,corrected,post2010,FF3+BOND,199,5,194,0.01048927812427717,0.007851189656738741,0.7225141634410129,0.47084849117054106,0.4699784206453528,0.01891797560075259,0.02216532724616114,0.9598438380087779,0.33832855043991705,0.003982558473381895,0.06945793239870256,0.9446966586722162,-0.05905966623981524,-1.5172188385211889,0.13083926848193264,-0.04945353434984168,-0.6967447660135023,0.48679654951485957,,,,,,,,,
Benchmark | Always-short Brown,corrected,post2010,FF3+UMD+BOND,199,6,193,0.01048927812427717,0.005924831548527992,0.5443423708801756,0.5868342369975833,0.586205894840651,0.02481286764352908,0.028296733650874574,1.312245011663724,0.19099599345731041,0.010290525454921682,0.17163953158094908,0.8639007574194538,-0.04745103352327261,-1.2583448215819535,0.20978720488336947,-0.040019684021315796,-0.5654838666254367,0.5724014932610352,0.034143439793144985,1.0637656831176103,0.28876398640677203,,,,,,
Benchmark | Always-short Brown,corrected,post2010,FF5,199,6,193,0.01048927812427717,0.009074354165759798,0.8565844134236008,0.3927368992412319,0.39167460278126365,0.036232572848659106,0.02465519406588899,1.0575783263307301,0.29156963851788353,-0.04001626274026978,-0.7443810154403694,0.457551374125977,-0.02731059111326941,-0.45853899297147876,0.6470811754986625,,,,,,,-0.10063480207330178,-1.7155117295277138,0.08785627928669279,-0.011865373677182097,-0.14642459012697798,0.8837390457057797
Benchmark | Always-short Brown,corrected,post2010,FF5+UMD,199,7,192,0.01048927812427717,0.007691544698890294,0.7180239597195252,0.47361528409792003,0.4727425136545548,0.039297555368071,0.028177923050215596,1.245583071652775,0.214435380621908,-0.03257870889408561,-0.5783059392399842,0.563735279368469,-0.018199536283667016,-0.304352699823046,0.7611888163468707,,,,0.02546117563933238,0.8086970588176907,0.4196903516495939,-0.09121537707751355,-1.6665149057426893,0.09724139487963057,-0.021600664685921978,-0.2670618407274917,0.78970817851103
Benchmark | Always-short Brown,corrected,post2010,FF5+UMD+BOND,199,8,191,0.01048927812427717,0.008008994587978796,0.7435322490053342,0.4580731399749916,0.4571595044856649,0.040054392937527994,0.02733364785907355,1.1707590850975589,0.24315422924411895,-0.032903837678666226,-0.5836353501345983,0.5601542405742953,-0.025614036713938304,-0.4532596478567258,0.6508762911277517,-0.026637196256278296,-0.43797876971828575,0.6618965795657828,0.023750298872448485,0.7632209486293873,0.4462732903432859,-0.08958846801222975,-1.6237550320941092,0.10607729937956178,-0.017328001403021064,-0.22711343639390122,0.8205784401757302
Benchmark | Always-short Brown,corrected,validation,CAPM,151,2,149,0.0171213001536846,0.014635449406830875,1.0864826503391967,0.2790200630615144,0.2772655127053898,0.0029715367850884356,0.01903736142935671,0.792083208403891,0.4295714052209259,,,,,,,,,,,,,,,,,,
Benchmark | Always-short Brown,corrected,validation,FF3,151,4,147,0.0171213001536846,0.013944879018829837,1.1170642937598547,0.26578928996635587,0.2639668360536307,0.015146232800453463,0.018126379135035495,0.6465186390377036,0.5189516675584034,0.018564423768656284,0.25142974166948845,0.8018330182494644,-0.05075728978632631,-1.1241014994986016,0.26280225816088876,,,,,,,,,,,,
Benchmark | Always-short Brown,corrected,validation,FF3+BOND,151,5,146,0.0171213001536846,0.01632931405761804,1.2959871847913178,0.19702490161765635,0.19497990003968402,0.022356351654684525,0.013603774915815672,0.4437281894295209,0.6578960190263826,0.009571642192306542,0.12774909716728047,0.8985233237040031,-0.07299373065986191,-1.4693155132167566,0.1438987220386355,-0.0900590101427024,-0.948473457891931,0.3444557744864266,,,,,,,,,
Benchmark | Always-short Brown,corrected,validation,FF3+UMD+BOND,151,6,145,0.0171213001536846,0.011878063408833791,0.9101554980595161,0.3642509829247636,0.3627405096279729,0.041593914655116526,0.030097078423295502,1.0018236563987981,0.3180976845579598,0.020169588510203534,0.2683920936652465,0.7887789855005855,-0.039199963622147074,-0.7779503739926571,0.4378657980130675,-0.06057931508454995,-0.6318616330309896,0.528472248847054,0.07069153195131583,1.6019368804615106,0.11134587346455002,,,,,,
Benchmark | Always-short Brown,corrected,validation,FF5,151,6,145,0.0171213001536846,0.018984811921364027,1.5247089385890702,0.12950985862559058,0.12733171126697412,0.0529704516662205,0.02430474855935233,0.7648756450563998,0.44558866025778454,-0.0556924520171063,-0.9001608548366007,0.36952722013277434,-0.034793266498376385,-0.531537036085112,0.5958600434667202,,,,,,,-0.17838868579352757,-2.2547242915014842,0.025648793140322642,0.0033979518466868072,0.03650096819890854,0.9709331094365925
Benchmark | Always-short Brown,corrected,validation,FF5+UMD,151,7,144,0.0171213001536846,0.015880995015633427,1.2637954627646042,0.2083455060900134,0.20630345015066753,0.0710532328821607,0.03602918863701445,1.1876294118758621,0.23693472210371413,-0.044009069310497105,-0.6981995798818215,0.48617834306352053,-0.0012966073244279046,-0.01818714567434201,0.9855147324361678,,,,0.0688429761692255,1.6895168221882118,0.09328437643864837,-0.16702743551339727,-2.230839594561445,0.02723786931344245,-0.02288421000395712,-0.23707728036161207,0.8129337793963136
Benchmark | Always-short Brown,corrected,validation,FF5+UMD+BOND,151,8,143,0.0171213001536846,0.016478350961850314,1.2971635674635382,0.19666382548670072,0.1945749133058059,0.07158862425925694,0.034417162097554965,1.0437589857961616,0.298358174128218,-0.04535755047494701,-0.7094950792348598,0.47917254068981996,-0.009479985678161593,-0.14468212851399037,0.8851655645731438,-0.025654709074854315,-0.3164905405582742,0.7520917325943939,0.06640671886838022,1.6374606080763716,0.10373296863078256,-0.1628198336943747,-2.169995385608284,0.03165870102652567,-0.020332608492245437,-0.2201340806776748,0.8260806853083758
Benchmark | Always-short Brown,corrected,holdout,CAPM,48,2,46,-0.010373957843233701,-0.015454257395287281,-0.9250047870426691,0.3597908026761317,0.35496341738658743,0.013477965988961449,0.0392831977734667,1.1761749117943003,0.24557617203171256,,,,,,,,,,,,,,,,,,
Benchmark | Always-short Brown,corrected,holdout,FF3,48,4,44,-0.010373957843233701,-0.017159501535170776,-1.0923094757936813,0.280641984486847,0.2746970967385187,0.026259836278728077,0.04464955851959204,1.2343314273750896,0.2236313897430883,-0.03949771238996816,-0.7727013909235259,0.44383024216418104,-0.028391793262330454,-0.7381365900629864,0.4643503568714002,,,,,,,,,,,,
Benchmark | Always-short Brown,corrected,holdout,FF3+BOND,48,5,43,-0.010373957843233701,-0.01774937965673425,-1.0721466356238025,0.28963478981549107,0.2836541749366436,0.026480471606916023,0.04567546484290182,1.249693060059687,0.21817102713323916,-0.0394683123661108,-0.7652623492873033,0.448295375866847,-0.028301565790028217,-0.7362288179316124,0.46558908136899296,-0.012382542926618334,-0.10993831423726423,0.9129697928933744,,,,,,,,,
Benchmark | Always-short Brown,corrected,holdout,FF3+UMD+BOND,48,6,42,-0.010373957843233701,-0.017560268933032024,-1.0454979782315992,0.3017729446751984,0.29579287451790326,0.03651215714903788,0.047242256143044566,1.1705907673845342,0.24836250535320994,-0.054581491680124765,-1.0456380441337616,0.30170900702551423,-0.026580964520264268,-0.6987712521059812,0.48854655260780083,-0.02518624361193121,-0.21973952072228134,0.8271385483944942,-0.03512532692064955,-1.0161867847518855,0.3153588017934458,,,,,,
Benchmark | Always-short Brown,corrected,holdout,FF5,48,6,42,-0.010373957843233701,-0.02428712491722944,-1.3228789530206568,0.1930333454165414,0.18587563559801934,0.06073209823549086,0.043864682278228026,1.2846368252227478,0.20595956921267877,-0.08089274617036207,-1.0910525890372393,0.2814695312636236,0.07114105012007445,0.756673765800805,0.45346919408014924,,,,,,,-0.02501867163775375,-0.37098874246860675,0.712510690911786,-0.12780760954168618,-0.8635228274045544,0.3927547429922364
Benchmark | Always-short Brown,corrected,holdout,FF5+UMD,48,7,41,-0.010373957843233701,-0.02366919159287802,-1.2970704299163545,0.2018587945650465,0.19460695473718448,0.07973930214568581,0.04433523323518477,1.1802904500029578,0.24468731865722546,-0.12012926671932347,-1.6764273041982003,0.1012646919162224,0.0847444213184412,0.8126102013563246,0.4211351333262957,,,,-0.05422845856415426,-1.4906646286892982,0.14370354937731786,-0.05999797067215555,-1.1414532321534356,0.2603044846835599,-0.11304115321937724,-0.759655123528165,0.45180675320444885
Benchmark | Always-short Brown,corrected,holdout,FF5+UMD+BOND,48,8,40,-0.010373957843233701,-0.02407431089105392,-1.304220285848947,0.1996137145560595,0.19215848519094858,0.07989600059593405,0.04521510091229906,1.1922741653246027,0.24017910101099632,-0.12056177336094999,-1.7121919959182255,0.09460497189270867,0.08379189992430555,0.8094876246276526,0.4230240598656245,-0.011015281240820698,-0.10397212352344766,0.9177110455179429,-0.05536852720605026,-1.553896985591985,0.12808635246332434,-0.06141096354370695,-1.2376577864285796,0.22305892569359795,-0.1103396499059954,-0.7556892168563364,0.4542628673317707
Benchmark | Always-short Brown,corrected,covid,CAPM,24,2,22,0.06865790339725321,0.06813708036443492,2.2351595028068165,0.03588049772207551,0.025406879106960253,4.763842603638935e-05,0.0022228895980292984,0.04860645981196038,0.9616714989397714,,,,,,,,,,,,,,,,,,
Benchmark | Always-short Brown,corrected,covid,FF3,24,4,20,0.06865790339725321,0.04540413350826655,1.9605368369670924,0.06401142660070287,0.049933076780215115,0.2108732563568142,0.011655034165092268,0.18318738267417278,0.8564953342605847,0.18808075540478386,1.5186997508052367,0.14448849688135693,-0.16602817541920473,-3.5533926187720732,0.001992664286230891,,,,,,,,,,,,
Benchmark | Always-short Brown,corrected,covid,FF3+BOND,24,5,19,0.06865790339725321,0.02695543216178314,0.8802190227918997,0.38973878546379753,0.37874067022135927,0.324206367349393,0.04845450915745379,0.6351145663255129,0.5329284492002233,0.23456054814955624,2.1946214641595727,0.04082117206361673,-0.041158374956222786,-0.4522848671181354,0.6561851366236839,0.5617566374460728,1.4368427909701311,0.1670263820562377,,,,,,,,,
Benchmark | Always-short Brown,corrected,covid,FF3+UMD+BOND,24,6,18,0.06865790339725321,0.004863285728910113,0.24322974811081655,0.8105777206977515,0.8078274230436528,0.6061872502704001,0.1425805941912208,3.676188530052669,0.0017278957620813337,0.36168126143125945,12.842661625920085,1.6796898275238848e-10,0.11259271439166048,1.3954030594975388,0.17987277284332426,0.7684669415955486,2.113223560535457,0.04880795132997706,0.2964680278384367,8.978315252392129,4.5652628511148655e-08,,,,,,
Benchmark | Always-short Brown,corrected,covid,FF5,24,6,18,0.06865790339725321,0.06318927688489917,2.9404195848380463,0.008746335123556142,0.0032776806774925745,0.2817871376085692,0.0794892938859475,1.0393367787210315,0.3124086502647064,-0.014533439176874094,-0.1730817243140382,0.8645186212916448,-0.15656353122273442,-2.7554307290952913,0.013020560011847154,,,,,,,-0.23691050501308375,-2.4616674683332795,0.024153761958684947,0.22003928846392204,1.8456774835876955,0.08145364844528424
Benchmark | Always-short Brown,corrected,covid,FF5+UMD,24,7,17,0.06865790339725321,0.03990803512093993,1.8728335970685084,0.07839282964695646,0.0610913670114494,0.4019548323978861,0.09310064539653866,1.9325820947963621,0.07012461695334729,0.19680309961655532,1.4064711927384816,0.17760127010486482,-0.14106539957073005,-2.051625264691115,0.055940170642565644,,,,0.22061283145249497,1.9608306060509566,0.06649384943087404,-0.07353791457727038,-0.8051753282801287,0.4318365613272636,0.14344051104382627,0.7861918901839199,0.44257669157039453
Benchmark | Always-short Brown,corrected,covid,FF5+UMD+BOND,24,8,16,0.06865790339725321,0.013956452819797585,0.5877982036757313,0.5648723867540755,0.556667749907972,0.5786292529546571,0.14225949675391122,3.098667288074321,0.006899112403494144,0.3195705522288408,3.0306146190350174,0.007954554709508746,0.054582149901102495,0.8600812470753019,0.4024482424774912,0.7591228546243255,2.294329241809767,0.03564049699337462,0.30589456096265843,4.486557631987107,0.0003737899616290465,-0.03679491209858089,-0.38183511232412903,0.707607293576572,0.012157803399390363,0.11385974874895101,0.9107654641978485
Benchmark | Always-short Brown,corrected,inflation_rates,CAPM,36,2,34,-0.018289386490326312,-0.0181359781751219,-0.8569326488774787,0.39748203310057495,0.39148210783537596,8.260925710612543e-05,-0.002677282987860706,-0.1023479848540184,0.9190817289940879,,,,,,,,,,,,,,,,,,
Benchmark | Always-short Brown,corrected,inflation_rates,FF3,36,4,32,-0.018289386490326312,-0.029596529633545407,-1.2216704274692352,0.2307561328799105,0.22183228379868303,0.09132599327505186,0.029114836585564075,0.7704519431925507,0.44668305647318385,-0.1418782123280613,-1.5416811210872663,0.13298319283995666,0.041440117810756974,1.0691547049591406,0.29299892473004874,,,,,,,,,,,,
Benchmark | Always-short Brown,corrected,inflation_rates,FF3+BOND,36,5,31,-0.018289386490326312,-0.020907208197459864,-0.80488604931516,0.4270157691080768,0.42088543952577284,0.10529923500641614,0.010340538212888425,0.3035666369563988,0.7634862016730939,-0.14344651346616305,-1.6099550695109597,0.11754513349802422,0.0495488091814533,1.162666026159562,0.253837587304657,0.09590335347986767,0.7497651145241198,0.4590487941304967,,,,,,,,,
Benchmark | Always-short Brown,corrected,inflation_rates,FF3+UMD+BOND,36,6,30,-0.018289386490326312,-0.02034834730573909,-0.7568491469533587,0.4550435539791623,0.44914024466249214,0.1300702258041263,0.00175550758036766,0.052464562672764274,0.958506331215609,-0.17668815904199925,-1.8248418206072305,0.07799788116098093,0.0526135780262669,1.5026554503336549,0.14338233703689426,0.07804207168981292,0.6334044472475361,0.5312691553275217,-0.06885183147253995,-1.492790106458979,0.14593521399108236,,,,,,
Benchmark | Always-short Brown,corrected,inflation_rates,FF5,36,6,30,-0.018289386490326312,-0.03363497254005282,-1.3594094118649758,0.18414827890208252,0.17401689032667744,0.24851299968316276,0.021641347803113047,0.7960313541103289,0.4322679981407292,-0.28533788136302785,-2.501812788450748,0.01803945299772122,0.26276369512590836,2.944815529016614,0.006189442599162745,,,,,,,-0.1646442734800389,-2.56965318828643,0.015391411073846107,-0.2656526477815035,-2.209737346151745,0.0348971743424266
Benchmark | Always-short Brown,corrected,inflation_rates,FF5+UMD,36,7,29,-0.018289386490326312,-0.030495793347471895,-1.2673642899646749,0.2151079264877963,0.2050250623141524,0.2682306257699413,0.012077559635997645,0.40559447597431875,0.6880175685475203,-0.3102836671643935,-3.3612011484753523,0.0021908062571354575,0.25727096793680204,3.4148104351522757,0.001905482146864738,,,,-0.06230143850670348,-1.6838917091342214,0.10293827900516035,-0.17278275212451247,-2.653121242861054,0.01280266541830436,-0.2400009158035339,-2.121121250054732,0.042582668970353364
Benchmark | Always-short Brown,corrected,inflation_rates,FF5+UMD+BOND,36,8,28,-0.018289386490326312,-0.022171526545788644,-0.9606928874353177,0.34492988082074855,0.336706608511801,0.285090756513948,-0.008359486006975857,-0.2380049882557447,0.8136103457817035,-0.3110779455447408,-3.4846993939538655,0.0016404247926546853,0.27835457464034663,4.208091259733678,0.00023995210703268863,0.10909117250228761,0.9807197882857449,0.3351294360253403,-0.05192796510860441,-1.767947200363903,0.08796649839144695,-0.16128639459589345,-2.4390814353046943,0.021318999699955904,-0.2619553887587228,-2.59480628906302,0.014895516711632894
Benchmark | Always-short Brown,corrected,last18,CAPM,18,2,16,-0.010718551615614667,-0.02658565745498687,-0.8073722958639525,0.4312915694484214,0.41945202325055697,0.08781305124656047,0.13371156606212545,4.006437731877911,0.0010181518815048458,,,,,,,,,,,,,,,,,,
Benchmark | Always-short Brown,corrected,last18,FF3,18,4,14,-0.010718551615614667,-0.06253762861005052,-1.8749494373043385,0.08181405834261322,0.060799679899324666,0.1505551954902702,0.23362762704908413,2.8691078308187783,0.01237447220242846,-0.14819162316463336,-1.5699459145271362,0.13874778898872397,0.1784500120918166,1.4012067089335365,0.18292885919178914,,,,,,,,,,,,
Benchmark | Always-short Brown,corrected,last18,FF3+BOND,18,5,13,-0.010718551615614667,-0.06268430041439939,-3.0148084431662245,0.009951406694497943,0.0025714160327171263,0.2534590836826236,0.21102300231853488,2.352928352648067,0.035034302243169904,-0.21144391321329592,-1.524886252851388,0.15124072619767767,0.2242329927018145,1.999130441915007,0.06694450951345726,-0.7208678675796614,-1.0957411689239502,0.29307687834314,,,,,,,,,
Benchmark | Always-short Brown,corrected,last18,FF3+UMD+BOND,18,6,12,-0.010718551615614667,-0.056423512422280414,-2.963319353401379,0.011847351583278081,0.003043406394326884,0.29843859937676,0.2356974834947142,2.6895869989630787,0.01968487488594643,-0.16789551338444442,-1.4915853195859137,0.16162182291384625,0.19393668147585902,2.112430070003338,0.056287861823461204,-0.6454891699258718,-1.0260546224830516,0.325105130352896,-0.08961393092194317,-1.8424769738564752,0.09023776126703362,,,,,,
Benchmark | Always-short Brown,corrected,last18,FF5,18,6,12,-0.010718551615614667,-0.06897449698793054,-1.3982442267570747,0.18734680281093866,0.16203973988160947,0.27033882667291165,0.26090497390527406,2.2886672762345865,0.041030309917554686,-0.11015982371521513,-1.9067046178717793,0.08078123650352695,0.39409727619527635,5.990864357019826,6.304535985415131e-05,,,,,,,0.051436148548567234,0.6158499533425572,0.549496707902478,-0.3376003077813295,-1.7729041326992145,0.10160482849716292
Benchmark | Always-short Brown,corrected,last18,FF5+UMD,18,7,11,-0.010718551615614667,-0.07784208738785514,-1.7465342636924484,0.10854344100410408,0.08071815860377174,0.4064359014728586,0.30603356671098364,4.318181129662366,0.0012183663873432601,-0.09454445157447647,-1.8469317343656844,0.09180989978447282,0.4318207788893264,4.193258489271171,0.0015025646041239554,,,,-0.18846480245448577,-2.609550329185296,0.024276971678159488,-0.07560962113330463,-0.9823860436951108,0.3470235078278993,-0.36394974392576607,-1.7520037708051655,0.10756510676718782
Benchmark | Always-short Brown,corrected,last18,FF5+UMD+BOND,18,8,10,-0.010718551615614667,-0.08566868533192314,-2.3515544387420926,0.040533033498322796,0.018695153766423316,0.5261857641848408,0.28161476745485114,3.5314309788826623,0.005433827002071007,-0.1813011660752961,-2.1823517165680943,0.054030255786503216,0.540764024073508,6.601692604177254,6.065291646310777e-05,-0.804476745956357,-1.9870110532613523,0.07499277946779484,-0.18915594014638443,-4.130921239173874,0.002041186574482863,-0.11485307001068575,-2.066496046606797,0.06566840594461626,-0.3755957938135286,-2.4247191065053304,0.035771794574386465
Benchmark | Always-short Brown,corrected,last12,CAPM,12,2,10,0.013484649030914616,-0.006310350377388172,-0.11884017035786167,0.9077553882752608,0.9054019828334736,0.05862004627818007,0.1358613548956952,2.5389609480540987,0.029415510299341134,,,,,,,,,,,,,,,,,,
Benchmark | Always-short Brown,corrected,last12,FF3,12,4,8,0.013484649030914616,-0.033906618800009725,-0.520723426949454,0.6166607602917165,0.6025594522140079,0.07804500535415626,0.18812666184476923,1.4168031053155876,0.19428301506832238,-0.20777403766075564,-0.8742851308197774,0.4074420075592325,0.15054256233313473,0.6237108978373052,0.5501832659926699,,,,,,,,,,,,
Benchmark | Always-short Brown,corrected,last12,FF3+BOND,12,5,7,0.013484649030914616,-0.03356352877128319,-1.08110436241478,0.3154831899251884,0.27965069312576174,0.2025229129069379,0.16955960080857377,1.1182458953108219,0.3003641868336287,-0.009379334630150282,-0.04603770687640686,0.9645660571408567,0.05816208233939121,0.21450653461398494,0.8362670784293227,-0.9906431144083692,-1.1167892395944286,0.300945831161894,,,,,,,,,
Benchmark | Always-short Brown,corrected,last12,FF3+UMD+BOND,12,6,6,0.013484649030914616,-0.010526646881882144,-0.23388895456692313,0.8228472665501636,0.8150711883943587,0.30316311921950023,0.2207776783071433,1.2793323858073558,0.24802423935999876,0.24142052425705546,0.9315765888820692,0.3875047306065464,-0.09002806850037397,-0.3230771766145626,0.7575995658217126,-1.0070613027135336,-1.1200229472849956,0.30552435777443593,-0.153358144730199,-2.9184034086866553,0.026686715662186968,,,,,,
Benchmark | Always-short Brown,corrected,last12,FF5,12,6,6,0.013484649030914616,-0.06802433074481051,-0.5174390312558408,0.6233652148768586,0.604849719050991,0.35106285008153926,0.1076677273856928,0.7874067936460588,0.4610071186016782,-0.11592000633631672,-0.7712944545677464,0.46980764317396156,0.6058578178900322,1.8530151807781272,0.11331556595315749,,,,,,,0.059463692185043576,0.5607170136467804,0.5952930108412454,-0.7008831811370956,-3.140005001804203,0.02006777423224292
Benchmark | Always-short Brown,corrected,last12,FF5+UMD,12,7,5,0.013484649030914616,-0.13374348585886436,-1.3280101368514594,0.24156662139970778,0.1841747581640334,0.5491297653770548,0.2667190088769841,2.2386504385183374,0.07534216263034438,-0.1696992048373054,-0.8838318404413591,0.4172536109325909,0.8645544745422746,3.143144426186299,0.025575591169866373,,,,-0.262413123945067,-4.607029736229877,0.005803195694473553,-0.15324850573857351,-2.7122851605817635,0.04216106274190088,-0.7317082278832789,-3.5743996606997657,0.01596915976105646
Benchmark | Always-short Brown,corrected,last12,FF5+UMD+BOND,12,8,4,0.013484649030914616,-0.12711209334295082,-1.5367774338418505,0.19915855268337168,0.12434782130255156,0.6099973918859554,0.24506919373293226,1.6473303785063715,0.174835494680908,-0.038477859721221086,-0.13481898813376364,0.8992668301810561,0.7197143835322701,2.113464995732866,0.10209092145030217,-0.6911286179037617,-1.277754956208371,0.27045292745528204,-0.24807453842221033,-5.955432781045625,0.003990027473292809,-0.14567570111758457,-2.7669576692436197,0.050488134010439265,-0.6807553166634607,-5.3513282274455545,0.005880400751645496
