baseline,hedge,strategy,short,period,n,ann_net,t_mean,p_mean,sharpe,alpha_FF3,t_alpha_FF3,p_alpha_FF3,alpha_FF3UMDBOND,t_alpha_FF3UMDBOND,p_alpha_FF3UMDBOND,bBOND_after,tBOND_after,pBOND_after,annual_turnover,ann_cost,boot_ci_low,boot_ci_high,boot_p,boot_block
team,FF3 (team),Original | Short Brown hold 3m,Orig 3m,post2010,199,0.0006961116128839086,0.07883060409852964,0.9372469723415676,0.021384195370686088,0.0010154581739497096,0.10895036820834246,0.9133538875015659,-0.00044916080612670086,-0.05130111355878356,0.9591386369484498,-0.06260794374500245,-1.833927744712941,0.06820466065235038,4.791929387019772,0.005280609081395932,,,,
team,FF3 (team),Original | Short Brown hold 3m,Orig 3m,validation,151,0.013054592949737646,1.4835373018632338,0.140029868372723,0.41237285156426995,0.013288321956832546,1.4682782764671576,0.14416520336921174,0.011527186506655362,1.3468322376803918,0.18013554340137233,-0.07668927162107791,-1.7697807224276558,0.07886553833810081,5.214146221384554,0.005515937651479886,,,,
team,FF3 (team),Original | Short Brown hold 3m,Orig 3m,holdout,48,-0.03818161092596849,-2.289670570286068,0.026575997501072156,-1.1532257589685484,-0.04034299331095777,-2.1873481288473444,0.034075061077345835,-0.044333434858115306,-2.3097614478207897,0.025887179166071073,-0.0921443369395256,-1.4775558297419278,0.14698686647149586,3.4637055955805636,0.0045403046213401636,-0.07600588315629893,-0.009864661952079315,0.0,6.0
team,FF3 (team),Original | Short Brown hold 3m,Orig 3m,last18,18,-0.08097250944597449,-2.944539469795778,0.009064006080804887,-1.9228059349930187,-0.1082154598105042,-4.748921557814469,0.0003110823699832507,-0.10458396404541896,-5.372247403102994,0.0001674474830363101,-0.29780130260024046,-1.2490118858689814,0.23547656798977173,4.617099383208,0.005578796581418813,,,,
team,FF3 (team),Original | Short Brown hold 3m,Orig 3m,last12,12,-0.08844939957011083,-2.4936705994935697,0.0298401532369964,-1.842788522758705,-0.11312000107191376,-2.6839692479521124,0.02775476013360494,-0.10145205917308905,-3.351339052537459,0.015393815158789374,-0.5569510168341142,-0.973768780939984,0.367778178618464,3.5701524017366912,0.004345708551586933,,,,
team,FF3 (team),Pure | Short Brown hold 3m,Pure 3m,post2010,199,0.0054559994061238425,0.6722046644917495,0.5022370508030611,0.17886993481513092,0.0065769865339610056,0.7836266243416683,0.4342099898110916,0.00464272402378692,0.572584631881401,0.5675923835526667,-0.044266990438408246,-1.3937489766619044,0.16499616929592323,5.241387261619028,0.0057955151244358525,,,,
team,FF3 (team),Pure | Short Brown hold 3m,Pure 3m,validation,151,0.014083305236023674,1.4581478243325152,0.1468904045695261,0.43824111421789225,0.014385753890025905,1.4956567091230801,0.13688692362560714,0.012670368696079556,1.3887463283480375,0.16703936465749583,-0.06583635495949601,-1.4503397588509204,0.1491235100954973,5.82836185579971,0.006237284683374667,,,,
team,FF3 (team),Pure | Short Brown hold 3m,Pure 3m,holdout,48,-0.021684066850436043,-2.6942443149274204,0.009752286246546744,-0.9322167570016061,-0.022082282852327818,-1.932162366285392,0.05979397253867175,-0.024496574365489715,-1.9655204457964124,0.055989187768042376,-0.04883239676235163,-1.1043632875623703,0.275722501087365,3.3948630174256316,0.004405781720274163,-0.03779796451437673,-0.0064853604787235425,0.0,6.0
team,FF3 (team),Pure | Short Brown hold 3m,Pure 3m,last18,18,-0.03697905857788797,-2.4351178268262137,0.02619386511005888,-1.7164415955703112,-0.0697824945803022,-4.227328946026238,0.0008444916006178423,-0.06969907739280982,-5.951972694053257,6.693259062660875e-05,-0.23202746488561737,-3.121627636261015,0.008828084458988765,4.433519174794847,0.005220068845242812,,,,
team,FF3 (team),Pure | Short Brown hold 3m,Pure 3m,last12,12,-0.02245922326798106,-1.7255885281583607,0.11236457971186038,-1.4553936021869214,-0.0649168851190903,-2.435211205003032,0.04086865466494726,-0.06839182972537294,-2.998056618345281,0.024068492224322217,-0.05747740244541734,-0.5114405111061455,0.6273130614733924,3.2947820891169615,0.0038076169473229312,,,,
team,FF3 (team),Original | Short Brown hold 6m,Orig 6m,post2010,199,0.013436084083027783,1.349328416935873,0.17877239287715696,0.31666208560356496,0.012245629811584034,1.3311064634713747,0.1847081610233477,0.010359167725880958,1.1830175580901103,0.23825741427711947,-0.0725814160112691,-1.1993261258699395,0.23187149031356735,2.704187143549909,0.003133304478706499,,,,
team,FF3 (team),Original | Short Brown hold 6m,Orig 6m,validation,151,0.024524116603939924,2.1737841621263083,0.031289778341344894,0.5883419000158192,0.02245945605976135,2.230392096068274,0.027236427948032743,0.02034129712913426,2.1639797141955377,0.03210354796772908,-0.07263076581087012,-0.8778263959835687,0.3814901354667053,2.4375342849604182,0.0026537464297518238,,,,
team,FF3 (team),Original | Short Brown hold 6m,Orig 6m,holdout,48,-0.021445018222341652,-1.532663283064672,0.13206308355753243,-0.49163557180121276,-0.022815494743853575,-1.65734868480708,0.10456336561077997,-0.029406844764928858,-2.1440347469605543,0.03786400011712324,-0.13777270531742145,-1.6926905288101868,0.09792092666101129,3.543032594529352,0.004641914174376415,-0.05383337474076743,0.010983095131227612,0.204,6.0
team,FF3 (team),Original | Short Brown hold 6m,Orig 6m,last18,18,-0.03092896253414258,-0.9673877862759389,0.3469123795737438,-0.5279336507688742,-0.07361047911086832,-2.2764682120418622,0.03905232145030039,-0.07230450712588711,-4.018891862140419,0.0017028479733838238,-0.5786414047092531,-0.9968885582553709,0.33849644890176084,4.75321655524099,0.0057374663376301175,,,,
team,FF3 (team),Original | Short Brown hold 6m,Orig 6m,last12,12,-0.010294594432983774,-0.21710536345758008,0.8321005275464759,-0.1488934355499358,-0.04107913666191011,-0.5018185333671874,0.6293121052177092,-0.028641425949795934,-0.6117213611630884,0.5631676770880244,-1.0983548199414417,-1.3440621864177213,0.22751924722397654,5.281024515041446,0.006406428128614456,,,,
team,FF3 (team),Pure | Short Brown hold 6m,Pure 6m,post2010,199,0.012277399005858766,1.1887643834453523,0.23595617509229264,0.28462053006301535,0.013286031575210414,1.3970703762395167,0.16398016135485338,0.012163601362465913,1.323073022493098,0.187376463015625,-0.0650203903506604,-1.1177888860760608,0.26504663067598766,2.816283780764037,0.003287018154714009,,,,
team,FF3 (team),Pure | Short Brown hold 6m,Pure 6m,validation,151,0.025859063464400325,2.259242631836099,0.02530927073809356,0.5995044620189279,0.025080805905848543,2.457412116001271,0.01515721441831293,0.02326605942488051,2.3687490616725224,0.019166703702194456,-0.06481367472324855,-0.7871536513567884,0.4324766540608522,2.5852642902955925,0.002856322731245164,,,,
team,FF3 (team),Pure | Short Brown hold 6m,Pure 6m,holdout,48,-0.03044825376996988,-2.252543088232366,0.02899745698250621,-0.739326893616252,-0.027141371219731127,-1.9436089474794638,0.05835572512375071,-0.03224586056686022,-2.15752058007702,0.03673256680293327,-0.11806450781112593,-1.490919645174065,0.14345548273893458,3.543032594529353,0.004641914174376415,-0.06143809383047565,-0.003396359397426393,0.024,6.0
team,FF3 (team),Pure | Short Brown hold 6m,Pure 6m,last18,18,-0.0549375906611512,-2.1576501849101786,0.045554558961863195,-1.0402513435904557,-0.0770181868962239,-3.0495848763899303,0.008656926979284559,-0.07254545834291504,-4.027604696782336,0.0016763949765451459,-0.36858577658061414,-0.7320735179384698,0.47817842530001897,4.75321655524099,0.0057374663376301175,,,,
team,FF3 (team),Pure | Short Brown hold 6m,Pure 6m,last12,12,-0.04630753662349669,-1.2112878846864876,0.25116520183729174,-0.7431972429545319,-0.05239886340954057,-1.0027462160080616,0.3453451041244221,-0.036482307500929734,-0.9597502107455854,0.37424333912300073,-0.6755997549560793,-0.8106319495911335,0.4485280262264169,5.281024515041446,0.006406428128614456,,,,
team,FF3 (team),Continuous | raw attention,Cont raw,post2010,199,0.003397380859813273,0.9332650068192091,0.3518198306117989,0.2441520814941912,0.002499462444788374,0.8449146401906709,0.3991939537743187,0.001974341064675456,0.7051976714086123,0.4815374382688419,-0.0013441817123206977,-0.05402250850122213,0.9569731098515204,1.2134102024609545,0.0013369035323280605,,,,
team,FF3 (team),Continuous | raw attention,Cont raw,validation,151,0.006553911478892902,1.4822797783856496,0.14036370024126457,0.44717515076156233,0.005281554754812269,1.5989010459769917,0.11198978048967224,0.00432855711014816,1.4852177551074512,0.1396569862097686,9.864241455213017e-05,0.002775537516693903,0.997789259210012,1.3060129054368275,0.0014027038318085324,,,,
team,FF3 (team),Continuous | raw attention,Cont raw,holdout,48,-0.006532538379374727,-1.7886491339463444,0.08011768700092396,-0.5985880530497673,-0.007633294331073069,-1.9844112506342968,0.05346830202114475,-0.008562818758932141,-2.206788417271779,0.03284871862655396,-0.022336133925934837,-1.1241972817196793,0.2673136814135237,0.9220975326826875,0.0011299067568790785,-0.015734516902403593,0.0013868773655755298,0.124,6.0
team,FF3 (team),Continuous | raw attention,Cont raw,last18,18,-0.011022916452384346,-1.2467707858236254,0.22938710531780732,-0.6801182016668997,-0.02513089198527912,-2.986837627768987,0.00980393597333996,-0.02374288137184988,-4.176450345972513,0.0012846006930468871,-0.11019360524337804,-0.6762951921403404,0.5116779777866334,1.412878508336667,0.0016589820998969902,,,,
team,FF3 (team),Continuous | raw attention,Cont raw,last12,12,-0.005421555306083067,-0.39211081555747834,0.7024667888805244,-0.286817270411021,-0.01805428487460877,-0.9481602480359815,0.3708054942904087,-0.013184783833453591,-0.8764794549430829,0.41447917375447707,-0.1958336933094587,-0.7912012311737527,0.45895165137721755,1.2308237620442048,0.0014892641311966344,,,,
team,FF3 (team),Continuous | pure attention,Cont pure,post2010,199,0.004361839065275143,1.164863338702551,0.24547581988508793,0.30062818365562105,0.0035712158945029465,1.1615204892843012,0.24685007735026945,0.002824311970404284,0.9659190541223885,0.33529346603495624,0.0018805245160165975,0.07483389735460051,0.9404243791646487,1.3356705693468638,0.001471727290251444,,,,
team,FF3 (team),Continuous | pure attention,Cont pure,validation,151,0.007268287401817374,1.5558374628270708,0.12185412486731516,0.46721518195431005,0.005892325858365287,1.649774580841145,0.10112426218503057,0.004766667031873517,1.4665456113375934,0.14466512960687927,0.001709185000440911,0.047522191581423706,0.9621624352160711,1.411029695127613,0.0015104605336074223,,,,
team,FF3 (team),Continuous | pure attention,Cont pure,holdout,48,-0.004781362993430623,-1.7618594910319063,0.08459638991629556,-0.46638979462240043,-0.005440128767281646,-1.7921273965887927,0.07999049323429963,-0.006179414381726986,-1.9996634497505357,0.052032215205398684,-0.016096965315938766,-0.8682159149320553,0.3902102222467259,1.098603319494922,0.0013498789621940951,-0.011628088977118247,0.0013041161709640805,0.144,6.0
team,FF3 (team),Continuous | pure attention,Cont pure,last18,18,-0.006840499873763122,-1.0204202560379743,0.321832126130596,-0.4871519164711788,-0.024290766804536658,-3.892166697537861,0.0016266442936541125,-0.023616975910852024,-6.442533321521286,3.195332659486095e-05,-0.12761066008071334,-0.9361830295399768,0.3676377689709257,1.6933944892104256,0.002044916719296983,,,,
team,FF3 (team),Continuous | pure attention,Cont pure,last12,12,0.002063899657263997,0.23558468324328566,0.8180835357167978,0.13577944779387527,-0.01750551816504071,-1.325478517895992,0.22161267910368201,-0.01481052404082511,-1.7311176407624016,0.1341475135427385,-0.18764458060182088,-0.8786029145530054,0.4134139985271396,1.5878216166673524,0.0020369695416831467,,,,
team,FF3 (team),Benchmark | Always-short Brown,Always-short Brown,post2010,199,0.01048927812427717,0.9194310595279289,0.35898889347430785,0.20208912215508648,0.007268149201695548,0.6718187915335809,0.5024942132447991,0.005924831548527992,0.5443423708801756,0.5868342369975833,-0.040019684021315796,-0.5654838666254367,0.5724014932610352,0.665471330720589,0.001008690398764498,,,,
team,FF3 (team),Benchmark | Always-short Brown,Always-short Brown,validation,151,0.0171213001536846,1.263681410368248,0.20830480737149445,0.3262449249322779,0.013944879018829837,1.1170642937598547,0.26578928996635587,0.011878063408833791,0.9101554980595161,0.3642509829247636,-0.06057931508454995,-0.6318616330309896,0.528472248847054,0.7203503239488811,0.0011180914958690198,,,,
team,FF3 (team),Benchmark | Always-short Brown,Always-short Brown,holdout,48,-0.010373957843233701,-0.6117254798116948,0.5436673018520475,-0.20703385397510518,-0.017159501535170776,-1.0923094757936813,0.280641984486847,-0.017560268933032024,-1.0454979782315992,0.3017729446751984,-0.02518624361193121,-0.21973952072228134,0.8271385483944942,0.49283116452325293,0.0006645327807898575,-0.04865242417808798,0.026498687831603675,0.58,6.0
team,FF3 (team),Benchmark | Always-short Brown,Always-short Brown,last18,18,-0.010718551615614667,-0.30168136755539493,0.7665542203923922,-0.1730650302871402,-0.06253762861005052,-1.8749494373043385,0.08181405834261322,-0.056423512422280414,-2.963319353401379,0.011847351583278081,-0.6454891699258718,-1.0260546224830516,0.325105130352896,0.7791179061084768,0.0010558494580838187,,,,
team,FF3 (team),Benchmark | Always-short Brown,Always-short Brown,last12,12,0.013484649030914616,0.24722254211604616,0.8092895562145137,0.18477035320472046,-0.033906618800009725,-0.520723426949454,0.6166607602917165,-0.010526646881882144,-0.23388895456692313,0.8228472665501636,-1.0070613027135336,-1.1200229472849956,0.30552435777443593,0.7524221838448204,0.0010463824705218617,,,,
team,FF3+BOND,Original | Short Brown hold 3m,Orig 3m,post2010,199,0.0022815636353150574,0.25422029437243754,0.7995891880296816,0.06969969544769156,0.00314539490084166,0.32542097986768276,0.7452113837331853,0.0017321156511906951,0.19047563475533058,0.8491366374445501,-0.037095714096535795,-1.070618947404899,0.28567784766162846,5.279694376927939,0.00562189252080474,,,,
team,FF3+BOND,Original | Short Brown hold 3m,Orig 3m,validation,151,0.015048146870648222,1.722333549962004,0.08707025603000443,0.48028566764618486,0.015760052946416782,1.707928912161354,0.08976044428301089,0.013139448728170326,1.4963452362578777,0.13673717680883676,-0.02259403631767335,-0.569584815253543,0.5698406872543981,5.782205794406853,0.005965326871243744,,,,
team,FF3+BOND,Original | Short Brown hold 3m,Orig 3m,holdout,48,-0.03787997945917052,-2.158725934039307,0.0360096654649283,-1.0934149596003864,-0.03927884999687935,-1.9646566019332419,0.055788606289764356,-0.045164583403098514,-2.2303010627666997,0.031126979786544252,-0.13129585823336729,-1.8606824693216166,0.06979965131796993,3.698877209442186,0.0045415052933820395,-0.0773673091536191,-0.00694474851598249,0.0072,6.0
team,FF3+BOND,Original | Short Brown hold 3m,Orig 3m,last18,18,-0.08242911712554252,-2.931640042314661,0.009315820627421471,-1.8810361570856675,-0.11061205276423688,-4.769545169034573,0.0002992256494772724,-0.1070159757201422,-5.429659085141755,0.0001525892760012023,-0.3394013056687048,-1.420862350878679,0.18081745930676152,4.939816474216004,0.005636659320463755,,,,
team,FF3+BOND,Original | Short Brown hold 3m,Orig 3m,last12,12,-0.08929087851734521,-2.4855212141583403,0.03027535093090073,-1.822621429521308,-0.11379667209872188,-2.6979467101597376,0.02716026008140957,-0.10188739050508616,-3.421909957627237,0.014110597921358586,-0.5776440442150095,-0.9877244479873087,0.36142973700547104,3.822178576191952,0.004442208330794893,,,,
team,FF3+BOND,Pure | Short Brown hold 3m,Pure 3m,post2010,199,0.006801516439492459,0.8444935076688277,0.39941290412920394,0.21998428474806997,0.008593789432304938,0.9953311489729165,0.32080872166574464,0.0065717231894299975,0.7891213718904427,0.43100939078230155,-0.013636019808905967,-0.40335518024934874,0.687133456532779,5.773853732327645,0.006182073960090853,,,,
team,FF3+BOND,Pure | Short Brown hold 3m,Pure 3m,validation,151,0.01568164299241302,1.672246714720576,0.09656029874715238,0.4860918502957412,0.01655801306794068,1.7198023618092155,0.0875729764180728,0.01361131385523508,1.4782018411491107,0.14152271115895362,-0.002662068070924034,-0.058884192262856,0.9531254231113373,6.460213771423954,0.0067502877428033065,,,,
team,FF3+BOND,Pure | Short Brown hold 3m,Pure 3m,holdout,48,-0.021133881674903467,-2.245004728376389,0.029512404752425617,-0.8500895897313732,-0.02073739937164431,-1.543260674759967,0.12992994409550285,-0.02499412940912221,-1.7887302554734432,0.08087259194022803,-0.08685912132755078,-1.6336157988779747,0.10981471154632351,3.6146794426705133,0.004394568101974592,-0.03986172596318396,-0.003428781171219493,0.0196,6.0
team,FF3+BOND,Pure | Short Brown hold 3m,Pure 3m,last18,18,-0.03777285636749705,-2.3413884462565995,0.031652715325788824,-1.60776619177071,-0.0714057283434576,-3.9230175528054403,0.0015308370359195533,-0.07136396876417292,-5.513696644092986,0.0001332960957167508,-0.26657779440997764,-3.102421878485959,0.009148739467773169,4.7152890961582115,0.005244826810043894,,,,
team,FF3+BOND,Pure | Short Brown hold 3m,Pure 3m,last12,12,-0.022306487380276987,-1.7243637487771661,0.11259171527350108,-1.4614192845586194,-0.06437933443077143,-2.431260504386258,0.041121303238565825,-0.06782574460654484,-2.9931508098582307,0.024221432013806447,-0.056829588080444415,-0.5103829333928966,0.6280105014890219,3.485387509105263,0.0038544595651651024,,,,
team,FF3+BOND,Original | Short Brown hold 6m,Orig 6m,post2010,199,0.01652913396651652,1.6126609180248392,0.10841091792032934,0.38550018771272576,0.015347739616908933,1.644132925204667,0.10175996662738329,0.013376341691691659,1.5044504428169103,0.13410012310665323,-0.0331169077594012,-0.5147541174865765,0.6073138456219954,2.9842561584832676,0.003292993322893517,,,,
team,FF3+BOND,Original | Short Brown hold 6m,Orig 6m,validation,151,0.027704888381326488,2.376326054587139,0.018748340201834877,0.6631545136196209,0.02545145610560313,2.521510783197763,0.012751245151615444,0.021534443286564918,2.254469101824302,0.025665224568834518,0.016852542614442433,0.20109760228037496,0.8409040729539593,2.730789820526072,0.0028585058464591353,,,,
team,FF3+BOND,Original | Short Brown hold 6m,Orig 6m,holdout,48,-0.018627926796739826,-1.3017530147778436,0.19934520224945637,-0.4128304517993028,-0.01924685501684429,-1.2836871231103972,0.20597075390279293,-0.028826640442353633,-2.0508612996758746,0.046553385217802126,-0.19949663679963223,-2.2222557320180267,0.03170686445898457,3.7816190133069454,0.004659818509176678,-0.05240587832048511,0.013467774898277707,0.2624,6.0
team,FF3+BOND,Original | Short Brown hold 6m,Orig 6m,last18,18,-0.03278344831181094,-1.005073972836387,0.3289537866812822,-0.5504387209209571,-0.0759965925696408,-2.2777369736589512,0.038958719499776806,-0.07489702799085804,-4.143963245793749,0.0013611627362536986,-0.6332365133369773,-1.1083764415447077,0.28941993955156065,5.060214286515376,0.005782209216495943,,,,
team,FF3+BOND,Original | Short Brown hold 6m,Orig 6m,last12,12,-0.012407959624876962,-0.2607483703898984,0.7991034759942531,-0.17862748762441052,-0.04238451629020636,-0.516077437221975,0.6197575320865707,-0.03049443283034577,-0.6713227271969767,0.5270008131635061,-1.1336415036186616,-1.3821344857344686,0.21618242786114067,5.555796469558454,0.0064782848788249876,,,,
team,FF3+BOND,Pure | Short Brown hold 6m,Pure 6m,post2010,199,0.016212251775805625,1.5191631927054838,0.13031658962715637,0.37050079251876983,0.017312179460238764,1.7890553592196377,0.07515802149132841,0.015891996923165147,1.7177529944686742,0.08744558269005277,-0.01766506798559896,-0.2789975393881168,0.7805454400658871,3.158764227023389,0.0035130689028394987,,,,
team,FF3+BOND,Pure | Short Brown hold 6m,Pure 6m,validation,151,0.030170849805000937,2.5556689744114975,0.011593206479927258,0.6947213764481003,0.029219132789333073,2.845577774040649,0.005066581459565608,0.025021032294230087,2.5400243468745107,0.01213758066707579,0.03845455971731507,0.44788390325848865,0.6549054381279448,2.960770652575636,0.0031485392266528455,,,,
team,FF3+BOND,Pure | Short Brown hold 6m,Pure 6m,holdout,48,-0.02769917119103795,-1.958062847164953,0.05617351433060472,-0.6473712128682828,-0.023599012797858004,-1.5710661133245876,0.1233315183845612,-0.031682782854840566,-2.082869934246526,0.04338959960417693,-0.17977038490612707,-2.0248100977039236,0.049274987412173496,3.7816190133069454,0.004659818509176678,-0.06120451047665978,0.0006537833523383074,0.0548,6.0
team,FF3+BOND,Pure | Short Brown hold 6m,Pure 6m,last18,18,-0.056973433363272596,-2.1796298134490146,0.04363604914825969,-1.0603557598218922,-0.07932180597820482,-2.9850576139350293,0.009838573806352436,-0.07501109795866032,-3.9889620248984086,0.0017970473062813301,-0.4229925917260567,-0.8522151349803989,0.41078083476651683,5.060214286515378,0.005782209216495943,,,,
team,FF3+BOND,Pure | Short Brown hold 6m,Pure 6m,last12,12,-0.04869293720206945,-1.279421611786883,0.22707673910604992,-0.7797941938984615,-0.05347939609742135,-1.0165740062969197,0.33911121196722216,-0.038030357697364306,-1.0314826135689112,0.3420879511328149,-0.7093945640913542,-0.8466868970770937,0.42964020153681187,5.555796469558454,0.0064782848788249876,,,,
team,FF3+BOND,Continuous | raw attention,Cont raw,post2010,199,0.004922844683032588,1.2082860995396314,0.2283783388668468,0.33156749494528626,0.004093238481221044,1.2268531461623924,0.22135701098198635,0.003466777339191583,1.1036120398551048,0.27113557599141846,0.015104589329985249,0.5219761386898409,0.6022854891433632,1.3356161229570314,0.0014234479849583323,,,,
team,FF3+BOND,Continuous | raw attention,Cont raw,validation,151,0.008390805772640217,1.6821127783725571,0.09462759538872917,0.5330233245558164,0.007070226761893443,1.9000601523993457,0.05938338262606554,0.005416062285328937,1.6471258254068695,0.10169768203044781,0.03193739691925299,0.8030015720649447,0.4232881166026518,1.4519583209200868,0.0015186526009873373,,,,
team,FF3+BOND,Continuous | raw attention,Cont raw,holdout,48,-0.0059867829113580805,-1.6066177887128819,0.11483674261336427,-0.5366934911956499,-0.0067998104768113915,-1.6314190562127022,0.10993996885312125,-0.008451779966004755,-2.1208452009452583,0.039881465332765514,-0.037160343028332876,-1.6878299012887499,0.0988575446189309,0.969622958531586,0.001123950130367088,-0.01559210945308268,0.0021634113505976087,0.1592,6.0
team,FF3+BOND,Continuous | raw attention,Cont raw,last18,18,-0.011469865013392661,-1.2745428947528834,0.21961793264198623,-0.7027580218667258,-0.025331633578413896,-2.9236729128500616,0.011109768506632482,-0.023989060130662904,-4.280312125710763,0.0010684211139817543,-0.12875597802389893,-0.8132263395094449,0.4319280603610054,1.4785693183482547,0.0016646128901505255,,,,
team,FF3+BOND,Continuous | raw attention,Cont raw,last12,12,-0.006209214736052416,-0.45143619688421743,0.6604457246163257,-0.32910833175924514,-0.018516377215013455,-0.9652548456563234,0.3626854556946555,-0.013793672194167583,-0.9491202919281662,0.3792047359627534,-0.21020996274784043,-0.8539551249791476,0.425904241014195,1.3064792002246004,0.0015072361314573545,,,,
team,FF3+BOND,Continuous | pure attention,Cont pure,post2010,199,0.005812276291213217,1.3843772534920538,0.16780119154831374,0.3760811408136251,0.005113536848553356,1.4480287468567057,0.14921492836131978,0.004250056324960461,1.2722546992679558,0.20481334047522304,0.01986587007216695,0.6743670172044538,0.5008849536082169,1.4760124700391126,0.0015706337588231433,,,,
team,FF3+BOND,Continuous | pure attention,Cont pure,validation,151,0.008985452743932157,1.7055859791054955,0.09015506272619495,0.5399328851395369,0.007596531591673804,1.8605514739496019,0.06480533078061745,0.0056823313491579045,1.52451861554197,0.12955733581083986,0.036919574897619156,0.9145926551428758,0.3619239059210988,1.5783152459347174,0.0016426988942589739,,,,
team,FF3+BOND,Continuous | pure attention,Cont pure,holdout,48,-0.004170007966298454,-1.531163168685507,0.1324328233025877,-0.3954942220317419,-0.004511449725605358,-1.337849126586041,0.18781952774400795,-0.006064778238189617,-1.9110359503577745,0.06284095457806815,-0.032803274619274694,-1.572072537342695,0.12343764965464474,1.1541849875341892,0.0013439288535979264,-0.010940675278979137,0.002195762004730606,0.2188,6.0
team,FF3+BOND,Continuous | pure attention,Cont pure,last18,18,-0.007532467395623408,-1.0805627743157993,0.2949834249885661,-0.5291374420181796,-0.02453811332374312,-3.693181481484197,0.0024096346128850725,-0.023886839947970195,-6.370784297787131,3.5529636742436214e-05,-0.147671931728267,-1.1212596294630728,0.28411436581878585,1.775547203299544,0.0020544633326898968,,,,
team,FF3+BOND,Continuous | pure attention,Cont pure,last12,12,0.001141902698774191,0.13118404414483098,0.8979982416741983,0.07526574752029423,-0.017931479996878594,-1.3377542289322348,0.21775619810877764,-0.015357851594503124,-1.8702063394928459,0.1106471618757237,-0.20050782984082943,-0.9454524301017594,0.3809285078246848,1.6907377657656868,0.002062070537400969,,,,
team,FF3+BOND,Benchmark | Always-short Brown,Always-short Brown,post2010,199,0.015290329975803783,1.3025374290493867,0.19424571097055818,0.29239569153436357,0.012783268183400864,1.1750867198844541,0.2413928749460068,0.011079079518762506,1.029926148220912,0.30433364010415775,0.0080211460713116,0.11426931109565716,0.9091430953453253,0.9023820849018935,0.001158288495148283,,,,
team,FF3+BOND,Benchmark | Always-short Brown,Always-short Brown,validation,151,0.022685451964495167,1.6233638972629532,0.10661135396344186,0.42954983667179586,0.01998422672998722,1.59696497554658,0.1124209838561458,0.015031886133679125,1.2105077599344687,0.22805361178066308,0.05914510329363645,0.6414388004155578,0.5222502612983179,0.9712800208225628,0.0012800793789078087,,,,
team,FF3+BOND,Benchmark | Always-short Brown,Always-short Brown,holdout,48,-0.007973491280287844,-0.4729200626871969,0.6384591797663645,-0.15765105824435446,-0.013237183505625475,-0.7969338079016741,0.42976895402978277,-0.01794455422468414,-1.090313022453724,0.28179129879392395,-0.11369039101641801,-0.9720344550530152,0.336598510161722,0.6856406614847885,0.0007751546733214417,-0.0451469628135239,0.028453866978676898,0.6852,6.0
team,FF3+BOND,Benchmark | Always-short Brown,Always-short Brown,last18,18,-0.015355133251204755,-0.4204587760074275,0.6794171894232532,-0.2455649110371092,-0.06462345943239294,-1.8681022924875368,0.08281958118548496,-0.058599611561156804,-3.142687725458524,0.008489432707321182,-0.719623003815973,-1.1628364719912763,0.2674992257104267,1.000843849181745,0.0011458875803372346,,,,
team,FF3+BOND,Benchmark | Always-short Brown,Always-short Brown,last12,12,0.010296651511921337,0.18885391382045377,0.8536465612064306,0.14072374383300532,-0.03602125945573423,-0.5476549184155284,0.598871463159492,-0.013183883475504296,-0.3039931739524675,0.7713997919476505,-1.0584157694972156,-1.1821942930140215,0.28185154002725754,0.995585110492299,0.001182968441307389,,,,
team,FF3+UMD+BOND,Original | Short Brown hold 3m,Orig 3m,post2010,199,0.0011558135140208028,0.12668943221423146,0.8993147703981185,0.03591612131075558,0.00269406107207707,0.27713296902450857,0.7819715662757614,0.0019213355204052147,0.20868767645600467,0.8349121428530368,-0.03920936168012336,-1.0851363593056866,0.2792148445673092,5.242399600026335,0.005762816413145136,,,,
team,FF3+UMD+BOND,Original | Short Brown hold 3m,Orig 3m,validation,151,0.014281871589626304,1.5984882667912605,0.11203869895686164,0.4729221391255855,0.015227684631064718,1.6262457435613298,0.10603923822080469,0.013276457945502914,1.4542476625166603,0.14803883166635556,-0.027551824844470718,-0.6634588705070752,0.508090153809647,5.7244357344627295,0.006098631798306994,,,,
team,FF3+UMD+BOND,Original | Short Brown hold 3m,Orig 3m,holdout,48,-0.04013657751548817,-2.2958949331022667,0.026188170321767044,-1.130300730318113,-0.038891455072076725,-1.9436539115682891,0.05835013456536002,-0.043776367695430814,-2.1683375832903704,0.03584671073795492,-0.1156132190102577,-1.6577006575878834,0.10482984094573047,3.725994260445181,0.004706397180656793,-0.07948603955819507,-0.00990791852888536,0.004,6.0
team,FF3+UMD+BOND,Original | Short Brown hold 3m,Orig 3m,last18,18,-0.08357064918570867,-2.9599581773994093,0.008771680755029597,-1.9130759842197382,-0.11232919591693652,-4.87256977514117,0.0002466195366714889,-0.10789722778243456,-5.85282125740439,7.803646335310234e-05,-0.2749408973800377,-1.1236014297841332,0.28315798774067075,4.911003709080864,0.005781917928617698,,,,
team,FF3+UMD+BOND,Original | Short Brown hold 3m,Orig 3m,last12,12,-0.08975341271303633,-2.4354491369874545,0.033088586008420115,-1.7954177258647646,-0.11101974723304112,-2.6235613139389593,0.0304814121335103,-0.09810074161588414,-3.113544657719456,0.020754870592017007,-0.5247990792346641,-0.9209680388553595,0.3925912941631467,3.8427448984910404,0.004607224137776669,,,,
team,FF3+UMD+BOND,Pure | Short Brown hold 3m,Pure 3m,post2010,199,0.005309236872549706,0.6567816783471647,0.5120839437383753,0.17831667047992594,0.00781452291833966,0.9130045779134635,0.36236755627056644,0.006506736928819222,0.779277782954971,0.43677059123397727,-0.0172986650187349,-0.49818267844239017,0.6189225063578545,5.716083706031554,0.006327427971446123,,,,
team,FF3+UMD+BOND,Pure | Short Brown hold 3m,Pure 3m,validation,151,0.014142381583903914,1.4953210066079476,0.1369315833784173,0.46185795161785814,0.015225231143211128,1.5861446478326324,0.11485529682348264,0.0133025750221241,1.4194858780799837,0.15790365322300143,-0.01266403676183443,-0.2779068768439314,0.7814797122314653,6.382159519767869,0.006901624398900185,,,,
team,FF3+UMD+BOND,Pure | Short Brown hold 3m,Pure 3m,holdout,48,-0.022478364198585395,-2.4238521552298864,0.019258849013442894,-0.8778921863252724,-0.019377441224588652,-1.4254214452183465,0.16109124187326168,-0.02270770326722675,-1.5889462291561622,0.11957300094730201,-0.07138876365207941,-1.383869618035513,0.17370902155321544,3.6207202086527337,0.004521101710080226,-0.04124519876692779,-0.004854780940106213,0.0056,6.0
team,FF3+UMD+BOND,Pure | Short Brown hold 3m,Pure 3m,last18,18,-0.03648208034063459,-2.200271778860929,0.04190224690912772,-1.6767530111220181,-0.0721287498178747,-4.120718548153623,0.0010392406188053304,-0.07170953011608602,-5.6817980958421455,0.00010201915639475203,-0.23159615536371744,-3.3351480935824873,0.005941213320929317,4.6302729043010045,0.005287796673746854,,,,
team,FF3+UMD+BOND,Pure | Short Brown hold 3m,Pure 3m,last12,12,-0.019120559445425213,-1.6714730046426949,0.12280149133191189,-1.3204338309905244,-0.061784458937545805,-2.5158623773224034,0.03604029898093809,-0.06513911307352738,-3.145823704915507,0.019920031635551356,-0.05259768929041962,-0.527475672278673,0.6167903329981974,3.421648691321251,0.003866042255470406,,,,
team,FF3+UMD+BOND,Original | Short Brown hold 6m,Orig 6m,post2010,199,0.016240661952507923,1.5325729921875608,0.1269773232086358,0.3813570941433617,0.015614378537828499,1.6217469801855076,0.1064732774121238,0.014786403257913625,1.6261016110391044,0.10555973011681041,-0.04461595442847541,-0.6761268388517794,0.49976952856678086,3.0231582368910397,0.0034899560144049852,,,,
team,FF3+UMD+BOND,Original | Short Brown hold 6m,Orig 6m,validation,151,0.027723229686793822,2.2872192031918486,0.023581512495850967,0.6774163448502222,0.025869538389224855,2.472551865297895,0.014555114723201819,0.022927792303474713,2.3098558069461093,0.022307584199237923,-0.001349562371805911,-0.015649326722306033,0.987535665569189,2.7667978301056038,0.003040183484770349,,,,
team,FF3+UMD+BOND,Original | Short Brown hold 6m,Orig 6m,holdout,48,-0.01988158237826646,-1.374683910132131,0.175748425542438,-0.428907565761164,-0.01788298319805812,-1.188026757250169,0.24119628274712587,-0.026276237898032757,-1.857315287135476,0.07028751242501538,-0.19022406617513127,-2.162772511223494,0.036300076318378185,3.829625349903556,0.004904865430547279,-0.054262413614465974,0.01199054466656825,0.224,6.0
team,FF3+UMD+BOND,Original | Short Brown hold 6m,Orig 6m,last18,18,-0.033000665846441166,-1.0086385794406894,0.32728972385304494,-0.5553465601635124,-0.07747182626818915,-2.4022039676607427,0.03073888694140111,-0.07542124390679361,-4.188393668003988,0.0012575875682640132,-0.5500711283408448,-0.9640922443702122,0.35402671652067674,5.041563898475365,0.006023875603244948,,,,
team,FF3+UMD+BOND,Original | Short Brown hold 6m,Orig 6m,last12,12,-0.013552571784025705,-0.28215016523287223,0.7830662800577688,-0.1935487704511462,-0.0426122706650877,-0.527505400594976,0.6121548832262989,-0.029943297281991202,-0.648071932795769,0.5409298584199825,-1.0746908064449314,-1.3489814284832335,0.2260248442514762,5.607952985259747,0.006831991490707338,,,,
team,FF3+UMD+BOND,Pure | Short Brown hold 6m,Pure 6m,post2010,199,0.015383584251252193,1.3956004502118275,0.1643979556521632,0.35622855991832797,0.01701214946004355,1.7101887378523717,0.08882148732387593,0.016846614697338908,1.7809927431543664,0.07648646539734456,-0.030555921474760335,-0.4747915722615041,0.635472350284198,3.197915029503963,0.0037196198344908137,,,,
team,FF3+UMD+BOND,Pure | Short Brown hold 6m,Pure 6m,validation,151,0.029512721405008845,2.40046972141632,0.017599577221380766,0.6983265363394081,0.02883431380533323,2.7038469015299613,0.007662619915071568,0.025861293442218308,2.524739888252117,0.012654502086961826,0.01650755356285427,0.19058065578067596,0.849120716462098,3.003415587133858,0.003358625863249266,,,,
team,FF3+UMD+BOND,Pure | Short Brown hold 6m,Pure 6m,holdout,48,-0.02906432637827394,-2.0114634626843038,0.05003029329922101,-0.6607957866681232,-0.022249808860695552,-1.4739333907805652,0.14761863529294236,-0.029133054204778887,-1.9241755043807869,0.06112596211837113,-0.17068141099176284,-1.9440132853580347,0.05861285303048255,3.8097778586265845,0.00485524670235485,-0.06328409197320219,-0.001159773962012734,0.0392,6.0
team,FF3+UMD+BOND,Pure | Short Brown hold 6m,Pure 6m,last18,18,-0.057487983179794463,-2.1466273098352926,0.04654557835424374,-1.0769563042365504,-0.08037419914283418,-3.0622173895674374,0.008442588237939095,-0.07499401081983073,-4.057337990717607,0.0015892737338614358,-0.3422168163559515,-0.6910716160504099,0.5026705711387701,4.988637255070108,0.0058915589947318055,,,,
team,FF3+UMD+BOND,Pure | Short Brown hold 6m,Pure 6m,last12,12,-0.05028354778405564,-1.290179677443641,0.22345025997004206,-0.8012437150618856,-0.052553408082335606,-1.0125494335227632,0.34091662601016004,-0.036075634311976204,-0.9406292760074056,0.38320448364094917,-0.6512558542425829,-0.7977377000779368,0.4554260772532492,5.528563020151861,0.006633516577937626,,,,
team,FF3+UMD+BOND,Continuous | raw attention,Cont raw,post2010,199,0.004388927106064922,1.0448149133687614,0.2973824061016564,0.2972929470889059,0.003805137745800756,1.106713118621709,0.2697813709497506,0.003576464247648563,1.0962373269308565,0.2743409129879624,0.01194422462166184,0.4060185885971724,0.6851787411625286,1.3299303761139811,0.0014707423165668265,,,,
team,FF3+UMD+BOND,Continuous | raw attention,Cont raw,validation,151,0.007920124431789213,1.5374789899060592,0.12628281145923784,0.5089270961831758,0.006739927080536235,1.7543240248132441,0.0814587660349124,0.005601034756749231,1.632317157731938,0.10478250623781626,0.02616311506129545,0.6563479365516801,0.5126405195606246,1.4428184083208495,0.0015686351102054607,,,,
team,FF3+UMD+BOND,Continuous | raw attention,Cont raw,holdout,48,-0.00671963114777608,-1.7510235971236754,0.08646640612033435,-0.5862669576909179,-0.006872887258905244,-1.5903264761759135,0.11892155596889983,-0.008319140808022572,-2.05349107025292,0.046286071341029876,-0.03622049465749931,-1.670265699900001,0.1023040162021847,0.9748034414632065,0.0011627879032452887,-0.0165283645675122,0.0014812993990326931,0.1188,6.0
team,FF3+UMD+BOND,Continuous | raw attention,Cont raw,last18,18,-0.012413398630314341,-1.3586455683900782,0.19201482504554657,-0.7532484563410007,-0.027021910682142186,-3.155665397111355,0.007012223527338616,-0.025264895609707835,-4.607230662419585,0.0006033463621994686,-0.11175990810784442,-0.7149036623887821,0.48834425020716393,1.4735688678578076,0.001717838961998499,,,,
team,FF3+UMD+BOND,Continuous | raw attention,Cont raw,last12,12,-0.007398797787533301,-0.5344806529402683,0.6036439446053863,-0.38858553177229666,-0.019349454421605516,-1.0226671470724733,0.3363918169882305,-0.01406489771751042,-0.9835428484963586,0.36332278429931836,-0.21304873761028642,-0.920157803801546,0.3929818814436601,1.3112053175203902,0.001582916528970803,,,,
team,FF3+UMD+BOND,Continuous | pure attention,Cont pure,post2010,199,0.005344504272140259,1.2328893873421436,0.2190788268450056,0.3495404491260087,0.004952122888254579,1.3557012157886235,0.17676225258926162,0.004473574393310957,1.2838245276637161,0.200742507110426,0.016846654066698198,0.5625793614879092,0.574374222000594,1.464333042144416,0.0016135576990351126,,,,
team,FF3+UMD+BOND,Continuous | pure attention,Cont pure,validation,151,0.008551627312536494,1.5685638181982657,0.11885673453637756,0.5212373091617184,0.007344983347817272,1.7356223531689783,0.08472614158632295,0.0059664586538348925,1.534935647401369,0.12697876253512028,0.030701332677980402,0.7595104982141963,0.448780251878081,1.5634165577458012,0.0016906798270997527,,,,
team,FF3+UMD+BOND,Continuous | pure attention,Cont pure,holdout,48,-0.004744570292439574,-1.7205089264478322,0.09191838658852965,-0.44355461940604923,-0.004335794988084762,-1.2406397234324005,0.22131357287664327,-0.005653222488737253,-1.7373079932364486,0.08966203205150902,-0.030869987299717523,-1.5283360747771844,0.13392616311493416,1.1526328159817256,0.0013709443378317658,-0.011427229068619699,0.001512028546114011,0.1432,6.0
team,FF3+UMD+BOND,Continuous | pure attention,Cont pure,last18,18,-0.007919902318996096,-1.1279976573903137,0.2749896551655337,-0.5650191747267002,-0.026079625202460738,-4.039083519526617,0.0012190258097323815,-0.025177118971333446,-6.745900223568925,2.055961030740846e-05,-0.132151517891295,-1.004480705571476,0.3349726077253519,1.7524258617697652,0.002072237510836763,,,,
team,FF3+UMD+BOND,Continuous | pure attention,Cont pure,last12,12,0.0006029332787435238,0.07139802008583233,0.9443625721635726,0.040626757798788285,-0.018641310934198043,-1.434052213367375,0.18946501151603953,-0.015828332996704213,-2.140265603687448,0.07612244962268155,-0.2172224526874515,-1.0920887972705688,0.31669325599631937,1.6692064049667792,0.0020838812588132236,,,,
team,FF3+UMD+BOND,Benchmark | Always-short Brown,Always-short Brown,post2010,199,0.012887007064572641,1.055657049250062,0.2924113038144773,0.24769764945415867,0.011313823465068297,1.030504383858756,0.30404975078792124,0.011388800346665888,1.0602193369743103,0.29036982338665285,-0.011155575761971641,-0.15614351502887822,0.8760831011247413,1.0303459477204346,0.0014604968818068683,,,,
team,FF3+UMD+BOND,Benchmark | Always-short Brown,Always-short Brown,validation,151,0.020502921970295372,1.3984717400908055,0.16403552916301972,0.39337137604339234,0.018178470235544298,1.4310987318104946,0.15452440257485892,0.015104853213603421,1.20001935033706,0.2320888175211466,0.03040046924982498,0.32505221388599076,0.7456100797531062,1.1071034495905487,0.0015980611586895572,,,,
team,FF3+UMD+BOND,Benchmark | Always-short Brown,Always-short Brown,holdout,48,-0.011071391909680123,-0.6654999670090438,0.5089837293706242,-0.21430933384005907,-0.012642329713635828,-0.785372595371649,0.4364439055663616,-0.016388346597684792,-1.0245203128675118,0.3114544669179673,-0.11402108063687127,-1.0005505347314474,0.3227740740013403,0.7888796397540334,0.0010277425941134094,-0.04743529131722502,0.02450023082355754,0.5492,6.0
team,FF3+UMD+BOND,Benchmark | Always-short Brown,Always-short Brown,last18,18,-0.01714361515733507,-0.4713369690847171,0.643392325299883,-0.27450872132418674,-0.06920992017103837,-2.0792304934835713,0.05645834990299147,-0.062077495155312544,-3.4724855164522253,0.004609785270905638,-0.6619624208021391,-1.0994124371842575,0.2931557213450426,1.1149300108855627,0.001444524277763629,,,,
team,FF3+UMD+BOND,Benchmark | Always-short Brown,Always-short Brown,last12,12,0.004823973766220187,0.08786889423826244,0.9315601322199786,0.06546150850963531,-0.04176541951332688,-0.6457561317610357,0.5365157371271361,-0.016981429609904255,-0.4035430946198849,0.700536765534721,-1.079558765248746,-1.2837063549368963,0.24658859007929418,1.2048252220581763,0.0016154870774459213,,,,
team,FF3+BOND (BOND 25bp),Original | Short Brown hold 3m,Orig 3m,post2010,199,0.0014096573841562382,0.1577156410863749,0.8748415979620647,0.04300812736631055,0.0022775159108287704,0.23573465831421572,0.8138859729262418,0.0008575736721163558,0.09431621720739945,0.9249558129109342,-0.03733293382144056,-1.0758419112978457,0.2833409988885666,5.279694376927939,0.006493798771963561,,,,
team,FF3+BOND (BOND 25bp),Original | Short Brown hold 3m,Orig 3m,validation,151,0.014093628345646423,1.6219859522605178,0.10690638324122338,0.44921913626554216,0.0148440883058993,1.6101365735293884,0.10951335063317484,0.012209733816438962,1.3910686364370755,0.16633546166686253,-0.022693559140704294,-0.570568076131779,0.5691755936238885,5.782205794406853,0.006919845396245543,,,,
team,FF3+BOND (BOND 25bp),Original | Short Brown hold 3m,Orig 3m,holdout,48,-0.038492001265531636,-2.1895126100155213,0.03355933454309162,-1.1084881495430925,-0.03998049464102816,-1.9931427979385665,0.05246958486428705,-0.04586382990443683,-2.256573699379517,0.029298448875303428,-0.13126801591748272,-1.854204581704281,0.07074078585349522,3.698877209442186,0.005153527099743158,-0.07696137645140323,-0.007824466122613286,0.008,6.0
team,FF3+BOND (BOND 25bp),Original | Short Brown hold 3m,Orig 3m,last18,18,-0.08312369871926287,-2.9558283543615045,0.008849067503960984,-1.8930652827260486,-0.111793390788235,-4.804412497887498,0.00028023151667115875,-0.10820024254301808,-5.470580302582674,0.00014285107232140295,-0.341071268630776,-1.4350538971170028,0.1768187819971407,4.939816474216004,0.006331240914184093,,,,
team,FF3+BOND (BOND 25bp),Original | Short Brown hold 3m,Orig 3m,last12,12,-0.08975625998054924,-2.4928408797061947,0.029884181160057394,-1.8311397865972046,-0.11517194094905446,-2.7195221426730187,0.026268134797230763,-0.1032429605394008,-3.438011109541537,0.013834619821287461,-0.5760437780259292,-0.9854146543483129,0.36247443259147427,3.822178576191952,0.004907589793998938,,,,
team,FF3+BOND (BOND 25bp),Pure | Short Brown hold 3m,Pure 3m,post2010,199,0.005871700278533738,0.733000854028967,0.4644248152406264,0.18956984501311205,0.007683463207022914,0.8912174909615717,0.37391082844839074,0.005661554552474116,0.6806164120198359,0.4969299388541645,-0.01399619050331094,-0.41361155037761865,0.679617838404004,5.773853732327645,0.007111890121049574,,,,
team,FF3+BOND (BOND 25bp),Pure | Short Brown hold 3m,Pure 3m,validation,151,0.01464565566222559,1.5707148306918282,0.11835593091590785,0.4533116048875307,0.01557667036326573,1.621344924206897,0.10708668072859459,0.012624914912099045,1.3729084014759108,0.1719003499710924,-0.002871544009844044,-0.06343251577935312,0.9495094560979613,6.460213771423954,0.007786275072990734,,,,
team,FF3+BOND (BOND 25bp),Pure | Short Brown hold 3m,Pure 3m,holdout,48,-0.021729701032663556,-2.287986697156973,0.026681792311253855,-0.8692890525371824,-0.021401633114591385,-1.5790692107163309,0.12148329773566217,-0.025654347629400456,-1.8186005789646293,0.07610798050344687,-0.0868320071595374,-1.6225974384831334,0.11215905432203571,3.6146794426705133,0.0049903874597346815,-0.04092397123485789,-0.003913859070403694,0.014,6.0
team,FF3+BOND (BOND 25bp),Pure | Short Brown hold 3m,Pure 3m,last18,18,-0.038424231431614636,-2.351490235099262,0.031016864600111323,-1.6183024736364326,-0.07237358654390019,-3.924851813540373,0.00152532501112022,-0.07233716118456923,-5.51647465961226,0.00013270404158530045,-0.2698371695206699,-3.0814993339249255,0.009511380101821633,4.7152890961582115,0.005896201874161488,,,,
team,FF3+BOND (BOND 25bp),Pure | Short Brown hold 3m,Pure 3m,last12,12,-0.022707059049076918,-1.7317431198126547,0.11122943092402439,-1.4694211371402048,-0.06524085650607105,-2.4266658359020923,0.04141711530739584,-0.06869692782145723,-2.9766255406056903,0.024744414437792375,-0.05612697203481042,-0.49683188636269315,0.6369840704233957,3.485387509105263,0.004255031233965031,,,,
team,FF3+BOND (BOND 25bp),Original | Short Brown hold 6m,Orig 6m,post2010,199,0.01600892508899641,1.5611454831253522,0.12008632394889111,0.37317315415825697,0.014842760855342689,1.5874049920431743,0.11404110719233222,0.01286841821123779,1.4450174428861804,0.1500746346875514,-0.03303864984604931,-0.5134288620519948,0.6082386062358558,2.9842561584832676,0.0038132022004136287,,,,
team,FF3+BOND (BOND 25bp),Original | Short Brown hold 6m,Orig 6m,validation,151,0.027216763685734488,2.334320083324795,0.020905520382505295,0.6513283532523276,0.02499265705005778,2.4724772002654882,0.014558031073960451,0.0210651719085988,2.202369452546071,0.029218533375176776,0.017093481827666342,0.203886734539836,0.8387278849396426,2.730789820526072,0.0033466305420511303,,,,
team,FF3+BOND (BOND 25bp),Original | Short Brown hold 6m,Orig 6m,holdout,48,-0.019249067163242133,-1.3438369086373816,0.18545289108604077,-0.4260894894475443,-0.019923361292121647,-1.3276467022134784,0.19114202850162665,-0.029518037799840316,-2.097519305523612,0.04200550163512595,-0.19985469294336183,-2.224591142814927,0.03153755398661715,3.7816190133069454,0.005280958875678988,-0.05268262037516808,0.01462003794606837,0.286,6.0
team,FF3+BOND (BOND 25bp),Original | Short Brown hold 6m,Orig 6m,last18,18,-0.0334816717211666,-1.0240627931880424,0.32015797673133256,-0.5616311814068158,-0.07701618743828521,-2.301217410288687,0.03726415050923521,-0.07589424190267835,-4.1861877509046455,0.0012625321834365754,-0.636398801449877,-1.1156513368741212,0.2864147883034633,5.060214286515376,0.006480432625851605,,,,
team,FF3+BOND (BOND 25bp),Original | Short Brown hold 6m,Orig 6m,last12,12,-0.013021983059957654,-0.2733534941414798,0.7896457210198295,-0.18749842716477297,-0.04364003829559147,-0.5301799895946191,0.6103827136921326,-0.03171876202289364,-0.6965555758412296,0.5121491422711268,-1.1357948544220626,-1.3857859759652562,0.2151224891109428,5.555796469558454,0.0070923083139056795,,,,
team,FF3+BOND (BOND 25bp),Pure | Short Brown hold 6m,Pure 6m,post2010,199,0.015625956904371744,1.4628458150823578,0.14509511108724002,0.35676430998271524,0.01672738480541533,1.72506550268335,0.08610004210575402,0.015304840826359994,1.6507323575440664,0.10041954984914828,-0.01791558415576079,-0.2826568061066122,0.7777428404725274,3.158764227023389,0.0040993637742733815,,,,
team,FF3+BOND (BOND 25bp),Pure | Short Brown hold 6m,Pure 6m,validation,151,0.029595631647231193,2.5040161783055126,0.013349305835209551,0.6809244373228477,0.02865495831973721,2.7827909376542195,0.006097273618508922,0.024450738162844064,2.4750729558128683,0.014472855250698136,0.03827046651836203,0.44512086481003504,0.6568961942232846,2.960770652575636,0.003723757384422592,,,,
team,FF3+BOND (BOND 25bp),Pure | Short Brown hold 6m,Pure 6m,holdout,48,-0.02832031155754025,-2.0013280124408723,0.051149491972162855,-0.6609539468255194,-0.02427087043243073,-1.6151776586036437,0.11342132873801329,-0.03236926473719137,-2.126310903218581,0.03939762743395743,-0.18014391360124837,-2.0268796835813343,0.04905382619739974,3.7816190133069454,0.005280958875678988,-0.06040568900513073,-0.0004223204237255939,0.05,6.0
team,FF3+BOND (BOND 25bp),Pure | Short Brown hold 6m,Pure 6m,last18,18,-0.057671656772628255,-2.203607956063455,0.041628060845962205,-1.071995434846025,-0.08030455036668728,-3.006960536773241,0.009420630355846895,-0.07596637259111233,-4.022676081377941,0.0016913061672287869,-0.42641095409237806,-0.8603815444697493,0.4064406601641951,5.060214286515378,0.006480432625851604,,,,
team,FF3+BOND (BOND 25bp),Pure | Short Brown hold 6m,Pure 6m,last12,12,-0.049306960637150135,-1.295411291064271,0.22170385813007304,-0.7896412808955096,-0.05463780265200906,-1.0339404858558925,0.33140477107254784,-0.03914454842984182,-1.0569302311135547,0.33122954501068635,-0.7118540256136332,-0.8500908760515508,0.4278875205366665,5.555796469558454,0.0070923083139056795,,,,
team,FF3+BOND (BOND 25bp),Continuous | raw attention,Cont raw,post2010,199,0.004705436239263707,1.1610647717275997,0.2470134199930226,0.31702554054889753,0.00387714271493202,1.1677420278233603,0.2443366598942544,0.0032487407611271296,1.0391260293210007,0.3000461766053193,0.015059986850335483,0.5208210805195493,0.6030884314417924,1.3356161229570314,0.0016408564287272139,,,,
team,FF3+BOND (BOND 25bp),Continuous | raw attention,Cont raw,validation,151,0.008146635468207796,1.6421726157615901,0.10264907557097439,0.5176894197707378,0.006836131832230783,1.8460614268017344,0.06689462564454533,0.00517447027936199,1.5808941816928173,0.11608114243963799,0.03200297983095039,0.8043175179718213,0.4225303646640959,1.4519583209200868,0.001762822905419759,,,,
team,FF3+BOND (BOND 25bp),Continuous | raw attention,Cont raw,holdout,48,-0.006120003001789574,-1.6387575595718717,0.10794173811473762,-0.5482982271989774,-0.006944930004777872,-1.663572205543024,0.10330554430128147,-0.00859479134060356,-2.1518224940458452,0.03720693417285076,-0.03712288955653357,-1.6872749991165545,0.09896494105793574,0.969622958531586,0.0012571702207985823,-0.015732690978714374,0.00198655960721151,0.168,6.0
team,FF3+BOND (BOND 25bp),Continuous | raw attention,Cont raw,last18,18,-0.011634009012044812,-1.2908049396894978,0.2140504146122462,-0.7125139930644795,-0.025526894743904925,-2.9399785553271993,0.010757131725474668,-0.024181896593260945,-4.301634770295937,0.0010289194135140788,-0.12888291572292926,-0.8142395265727276,0.4313696295011391,1.4785693183482547,0.001828756888802676,,,,
team,FF3+BOND (BOND 25bp),Continuous | raw attention,Cont raw,last12,12,-0.006370677137005638,-0.4626327039160696,0.6526447900080486,-0.337687727770024,-0.018725961094193198,-0.9748038037876868,0.3582079488697821,-0.01399984499131864,-0.9605595633308386,0.37386767066648696,-0.21000566139490465,-0.8527543954689808,0.4265197733055782,1.3064792002246004,0.0016686985324105754,,,,
team,FF3+BOND (BOND 25bp),Continuous | pure attention,Cont pure,post2010,199,0.005574349175368398,1.3348223121486575,0.18346732313476674,0.36087226180531806,0.004877088658348061,1.387097774115919,0.1669953475848106,0.004010580648799347,1.2055521204149413,0.22946617740249073,0.019842381705132202,0.674386481119593,0.5008726095572548,1.4760124700391126,0.0018085608746679625,,,,
team,FF3+BOND (BOND 25bp),Continuous | pure attention,Cont pure,validation,151,0.008720703394377657,1.664211184173164,0.0981578709977386,0.5243847810626544,0.007342333525745866,1.8054125676014217,0.07305651088630248,0.0054191255708084946,1.458734380405215,0.14680101891814215,0.03701961257808107,0.9174206062810268,0.36044570306706075,1.5783152459347174,0.0019074482438134772,,,,
team,FF3+BOND (BOND 25bp),Continuous | pure attention,Cont pure,holdout,48,-0.004323556805264892,-1.5828159463120801,0.12017014086709854,-0.409384284007063,-0.004676480940026101,-1.3830933796408016,0.17361486844491525,-0.006228275397158053,-1.954405256038328,0.057332207270919804,-0.032764742137593464,-1.5704933869583269,0.12380444167116222,1.1541849875341892,0.0014974776925643632,-0.011240624600755112,0.002060457277902993,0.218,6.0
team,FF3+BOND (BOND 25bp),Continuous | pure attention,Cont pure,last18,18,-0.007732660999193728,-1.106875809373725,0.2837647603140183,-0.542147642086088,-0.024753238061156917,-3.713314508535876,0.0023154802040497276,-0.02410288527786726,-6.389139130571912,3.4576031604226366e-05,-0.14795493020490327,-1.1216591554638897,0.2839510272614089,1.775547203299544,0.0022546569362602137,,,,
team,FF3+BOND (BOND 25bp),Continuous | pure attention,Cont pure,last12,12,0.0009234215211428331,0.10560529459534411,0.9177967022093975,0.06074556530784867,-0.01816242204929793,-1.3499773984033183,0.21397363827999757,-0.0155827423776529,-1.8894490793719791,0.1077343669265271,-0.2011380112455552,-0.9458055810371163,0.3807622742757503,1.6907377657656868,0.002280551715032325,,,,
team,FF3+BOND (BOND 25bp),Benchmark | Always-short Brown,Always-short Brown,post2010,199,0.014904780592055692,1.2702352467123406,0.20549147710629323,0.28495501429583625,0.012408110697102848,1.1406337971067106,0.25542129942285735,0.01070368583067568,0.9948627202230668,0.3210487020779186,0.008043702909205665,0.11457700926255925,0.908899513596106,0.9023820849018935,0.0015438378788963738,,,,
team,FF3+BOND (BOND 25bp),Benchmark | Always-short Brown,Always-short Brown,validation,151,0.022286737384974276,1.595474141661747,0.11271101089225019,0.4218617719564147,0.01959599493411847,1.565475936142103,0.11962155098246306,0.014639158632084133,1.1780399515800175,0.24071045840867353,0.059233829642353464,0.6423412302433877,0.5216659479296001,0.9712800208225628,0.0016787939584287,,,,
team,FF3+BOND (BOND 25bp),Benchmark | Always-short Brown,Always-short Brown,holdout,48,-0.008317625152334005,-0.4933600976365199,0.6240556735614924,-0.16445969194676294,-0.01357611397253736,-0.8172925949028725,0.41816486140395914,-0.018276381591533754,-1.1098600137326489,0.2733735915990076,-0.11356923757289288,-0.9708631487272852,0.3371746717202596,0.6856406614847885,0.001119288545367598,-0.04786861800348348,0.02980400768857438,0.692,6.0
team,FF3+BOND (BOND 25bp),Benchmark | Always-short Brown,Always-short Brown,last18,18,-0.015764495160411215,-0.43187199526419773,0.6712621275281336,-0.2522148308486175,-0.0651106475298873,-1.8839115983951729,0.08051453737772975,-0.059060531402939764,-3.1710672539377,0.008053649359905565,-0.7188200262925524,-1.1625924465252382,0.26759450201335433,1.000843849181745,0.0015552494895436858,,,,
team,FF3+BOND (BOND 25bp),Benchmark | Always-short Brown,Always-short Brown,last12,12,0.009902755611883191,0.1817644236924222,0.859073754805235,0.1354338542303144,-0.03645073842762121,-0.5552319502568773,0.5939170494495629,-0.013570757608798625,-0.31327005850590345,0.7646795572468154,-1.057400513201192,-1.181944097776711,0.281943580809647,0.995585110492299,0.0015768643413455342,,,,
team,FF3+UMD+BOND (BOND 25bp),Original | Short Brown hold 3m,Orig 3m,post2010,199,0.0003485227518360491,0.038286821724205944,0.9694975728104621,0.010813560854637614,0.0018826384210394497,0.19348289505896027,0.8467821881567551,0.0011064901454130647,0.12002227697476846,0.9045903491923915,-0.0394686163032741,-1.0894066422135948,0.2773329791786939,5.242399600026335,0.006570107175329888,,,,
team,FF3+UMD+BOND (BOND 25bp),Original | Short Brown hold 3m,Orig 3m,validation,151,0.013440999990123935,1.509234527556312,0.13334237420140568,0.44442429505456743,0.014413143859484143,1.5378903285350933,0.1262251572729265,0.012456600889846691,1.362810539705622,0.17505496358603043,-0.027774335503920427,-0.666100095383753,0.5064054736612984,5.7244357344627295,0.006939503397809363,,,,
team,FF3+UMD+BOND (BOND 25bp),Original | Short Brown hold 3m,Orig 3m,holdout,48,-0.04083822856027792,-2.3328211110271213,0.023989496564495564,-1.1474372652801288,-0.03968406488266923,-1.9786919817324238,0.05413133769864422,-0.0445671883303635,-2.201129419823259,0.033275512750726835,-0.11559328923887843,-1.6516825159702058,0.10605765170072994,3.725994260445181,0.005408048225446535,-0.07965275973071298,-0.01030485150781056,0.002,6.0
team,FF3+UMD+BOND (BOND 25bp),Original | Short Brown hold 3m,Orig 3m,last18,18,-0.08430173302303472,-2.985531358546982,0.008306930657226026,-1.926487022260242,-0.1135438177107992,-4.909508915586363,0.00023017482411849397,-0.10912050479174523,-5.8943496324787645,7.316532788607905e-05,-0.2769641133198604,-1.1382190295741235,0.27724383515570583,4.911003709080864,0.006513001765943731,,,,
team,FF3+UMD+BOND (BOND 25bp),Original | Short Brown hold 3m,Orig 3m,last12,12,-0.09025939034367735,-2.4435526509999814,0.0326166112855128,-1.804293391410199,-0.11254281510986441,-2.646551828012667,0.02941274642712961,-0.09960617059356078,-3.132308387825686,0.02026503817298561,-0.5231906507588289,-0.9184084970265999,0.39382617956612553,3.8427448984910404,0.005113201768417685,,,,
team,FF3+UMD+BOND (BOND 25bp),Pure | Short Brown hold 3m,Pure 3m,post2010,199,0.004447929543863726,0.5521724441916294,0.5814529421435944,0.1491148113799267,0.006971857080048061,0.8146653940936567,0.41625767313701845,0.005666974531080938,0.6785907636647406,0.4982100581907066,-0.017606540794504175,-0.50628445674738,0.613234812444011,5.716083706031554,0.007188735300132103,,,,
team,FF3+UMD+BOND (BOND 25bp),Pure | Short Brown hold 3m,Pure 3m,validation,151,0.013226527289366474,1.4042335475370933,0.16231648512062927,0.4313939877467895,0.014360567048492234,1.4973936855816359,0.13643500603252603,0.012437878056033625,1.327546559522275,0.18641423349269837,-0.012867616714375854,-0.28183290254369103,0.7784734769886499,6.382159519767869,0.007817478693437617,,,,
team,FF3+UMD+BOND (BOND 25bp),Pure | Short Brown hold 3m,Pure 3m,holdout,48,-0.02316807586386368,-2.477282288873253,0.01689116332936043,-0.8999661835367752,-0.020136258731096916,-1.4711132662848803,0.14837666060197846,-0.023462631090931378,-1.628757655429497,0.11084337312636873,-0.07136842404591094,-1.3740794945776333,0.1767059988759541,3.6207202086527337,0.0052108133753585055,-0.041753531792552506,-0.0047755293470535904,0.006,6.0
team,FF3+UMD+BOND (BOND 25bp),Pure | Short Brown hold 3m,Pure 3m,last18,18,-0.03718132583259672,-2.215574021983321,0.04065817467477829,-1.6900740881715315,-0.07312552092718484,-4.125450224117934,0.0010296912657258293,-0.07271495450737378,-5.6942245698043426,0.00010003805273997334,-0.23511999494472197,-3.3039132735323995,0.006294953674189257,4.6302729043010045,0.005987042165708984,,,,
team,FF3+UMD+BOND (BOND 25bp),Pure | Short Brown hold 3m,Pure 3m,last12,12,-0.01957877955802037,-1.682712477973754,0.12056519797025494,-1.3312812213389655,-0.06276912338596985,-2.5085132144197506,0.036455273452856735,-0.06613180890607191,-3.120755476777779,0.020565119597992284,-0.05166110422616612,-0.5086251104087717,0.6291706630138254,3.421648691321251,0.004324262368065565,,,,
team,FF3+UMD+BOND (BOND 25bp),Original | Short Brown hold 6m,Orig 6m,post2010,199,0.01569386217813476,1.4802534062309547,0.14039504164569416,0.3682927343449238,0.015080775925758176,1.5645476654813188,0.11931038713354387,0.014250380466466091,1.5651772819941605,0.11917949817705409,-0.04459523373541395,-0.675617118353071,0.5000924671693836,3.0231582368910397,0.00403675578877815,,,,
team,FF3+UMD+BOND (BOND 25bp),Original | Short Brown hold 6m,Orig 6m,validation,151,0.027228550127247852,2.2472316467463194,0.02608435817697974,0.6651454644773329,0.025403151587571816,2.427451759701965,0.01641438622531937,0.02245515035982993,2.2615463138919223,0.0252129245266593,-0.001262428020172339,-0.014630029600111068,0.988347452298598,2.7667978301056038,0.0035348630443163193,,,,
team,FF3+UMD+BOND (BOND 25bp),Original | Short Brown hold 6m,Orig 6m,holdout,48,-0.02059234366178351,-1.4205458370179258,0.16204923223157586,-0.443720546584608,-0.018671085285679234,-1.2386725064854367,0.22203445637926691,-0.027078292552288066,-1.9101598834964153,0.06295675144629954,-0.19057875090940768,-2.165511214298068,0.03607633558412169,3.829625349903556,0.005615626714064322,-0.05409301173329607,0.012999368331959424,0.246,6.0
team,FF3+UMD+BOND (BOND 25bp),Original | Short Brown hold 6m,Orig 6m,last18,18,-0.03373535211896194,-1.0286178432526552,0.3180731736261053,-0.5672313214021529,-0.07850093023115631,-2.4254323126792303,0.02939966966841616,-0.07642365177279188,-4.232037367805789,0.0011637788766973999,-0.5540739980856173,-0.9725849904811167,0.34995701612868035,5.041563898475365,0.006758561875765709,,,,
team,FF3+UMD+BOND (BOND 25bp),Original | Short Brown hold 6m,Orig 6m,last12,12,-0.014241137515831927,-0.29610078777914045,0.7726683727912621,-0.20338644174751921,-0.04400159961296997,-0.5428721276597452,0.6020103138061367,-0.031284578838509665,-0.6747434976813115,0.5249711719516383,-1.0780919819684405,-1.3542913305513615,0.22442169583802551,5.607952985259747,0.007520557222513562,,,,
team,FF3+UMD+BOND (BOND 25bp),Pure | Short Brown hold 6m,Pure 6m,post2010,199,0.014774232745519896,1.3391841453206632,0.1820460302354297,0.34175453423878893,0.016403547798859715,1.6461845368696602,0.10133651147942926,0.01623272701378451,1.7127055089308343,0.0883727090943589,-0.03077129631293194,-0.47743446965068703,0.6335929989373859,3.197915029503963,0.004328971340223111,,,,
team,FF3+UMD+BOND (BOND 25bp),Pure | Short Brown hold 6m,Pure 6m,validation,151,0.028935606120029315,2.3522135015665007,0.019961244809298614,0.6840436159854295,0.02826909640482501,2.646546408483463,0.009017714074914404,0.025286789155070738,2.464132616172763,0.0149033953516146,0.016318085625320337,0.18800992209947331,0.8511317281196505,3.003415587133858,0.003935741148228797,,,,
team,FF3+UMD+BOND (BOND 25bp),Pure | Short Brown hold 6m,Pure 6m,holdout,48,-0.029775087661790992,-2.0578310201847287,0.04517640487210338,-0.6760376583243479,-0.02303103065420782,-1.5239008877597566,0.1346893665597247,-0.029926829306164728,-1.972821984347887,0.05512180686768729,-0.17101398419652233,-1.9465749000956345,0.058294909982124665,3.8097778586265845,0.005566007985871894,-0.06127415524009657,-0.001525500095109768,0.04,6.0
team,FF3+UMD+BOND (BOND 25bp),Pure | Short Brown hold 6m,Pure 6m,last18,18,-0.05822266945231522,-2.171765658667239,0.0443137789269776,-1.0894871000986495,-0.08137240682741455,-3.0857802503874336,0.008056737192615078,-0.07596352395501017,-4.094336312227713,0.0014873578510102676,-0.3461687861124556,-0.7003250271927893,0.49707836259245836,4.988637255070108,0.006626245267252568,,,,
team,FF3+UMD+BOND (BOND 25bp),Pure | Short Brown hold 6m,Pure 6m,last12,12,-0.05097211351586186,-1.3079742578670703,0.21755565557688608,-0.8121263941776679,-0.05387163264281541,-1.0322465138927055,0.33215047623791344,-0.03734129556432472,-0.9688283669729457,0.3700465347290953,-0.6545839121000021,-0.8024069138917078,0.4529194834190196,5.528563020151861,0.007322082309743849,,,,
team,FF3+UMD+BOND (BOND 25bp),Continuous | raw attention,Cont raw,post2010,199,0.004179783691987806,0.9991804751047434,0.3189268026616318,0.28311224697014503,0.0035957649006313824,1.0497529520322157,0.2951309672400885,0.0033648078123087086,1.0352189340934839,0.3018620352981058,0.01193966171216589,0.4059135329804705,0.6852558029371897,1.3299303761139811,0.0016798857306439428,,,,
team,FF3+UMD+BOND (BOND 25bp),Continuous | raw attention,Cont raw,validation,151,0.007695481037377083,1.5007164737017364,0.13553090309588706,0.4945095640121487,0.006523528223332029,1.7048224946781334,0.09034002159134058,0.00537676463496203,1.5730766789056132,0.11788053995135951,0.026252120977335636,0.6578376393058812,0.5116854682904786,1.4428184083208495,0.0017932785046175933,,,,
team,FF3+UMD+BOND (BOND 25bp),Continuous | raw attention,Cont raw,holdout,48,-0.006880014207049291,-1.786710605402877,0.08043496072596013,-0.5996523488728529,-0.00704943578596663,-1.6285221955101852,0.11055443580473767,-0.008492175799333528,-2.090261304104912,0.04268633811351451,-0.036155991970586505,-1.6691312464634251,0.1025299848007806,0.9748034414632065,0.0013231709625185013,-0.0164465538187606,0.0014596221952330249,0.118,6.0
team,FF3+UMD+BOND (BOND 25bp),Continuous | raw attention,Cont raw,last18,18,-0.012606975716393954,-1.3769223668271973,0.18639938895346644,-0.7643540115180747,-0.027258444648072033,-3.17364522628723,0.006765997397300231,-0.025498343251509153,-4.631702333900551,0.0005783975906443686,-0.11194782518369113,-0.7157363789705861,0.4878481998655885,1.4735688678578076,0.001911416048078104,,,,
team,FF3+UMD+BOND (BOND 25bp),Continuous | raw attention,Cont raw,last12,12,-0.007586728913142717,-0.5470619958754375,0.5952601797687725,-0.3983076858519894,-0.019574964111995153,-1.0320170473976393,0.332251589550309,-0.014285892689244292,-0.9950770109554333,0.35812014840883616,-0.21303026259689528,-0.9187445358323524,0.39366388361346133,1.3112053175203902,0.0017708476545802154,,,,
team,FF3+UMD+BOND (BOND 25bp),Continuous | pure attention,Cont pure,post2010,199,0.005121328868364337,1.186343996940795,0.23690805306742593,0.3349917523939984,0.0047292355089991415,1.2989404054743685,0.19549820365785506,0.0042475900394906485,1.2228595595688398,0.2228738649648673,0.016871101097871655,0.5637289183402813,0.5735930596600749,1.464333042144416,0.0018367331028110309,,,,
team,FF3+UMD+BOND (BOND 25bp),Continuous | pure attention,Cont pure,validation,151,0.008314467579449909,1.5317716695708337,0.12768511331477683,0.5069550726193487,0.007117063015381691,1.6870762222938718,0.09370959285847175,0.0057298979898153645,1.4780647608837039,0.14155935637955946,0.030822526325706298,0.7621782167336977,0.44719165682415996,1.5634165577458012,0.0019278395601863372,,,,
team,FF3+UMD+BOND (BOND 25bp),Continuous | pure attention,Cont pure,holdout,48,-0.004923753326925689,-1.7772112229150427,0.08200496357972172,-0.45948893656993395,-0.0045307526655979724,-1.293311212999502,0.20265248483498938,-0.005844479131996388,-1.7881937576166835,0.08096041257760787,-0.030787047908562643,-1.5261092808758856,0.13447873204287417,1.1526328159817256,0.0015501273723178806,-0.011775864409368645,0.0015308585585392142,0.132,6.0
team,FF3+UMD+BOND (BOND 25bp),Continuous | pure attention,Cont pure,last18,18,-0.008143398378467736,-1.156844639131454,0.2633336560939865,-0.5797405685582285,-0.026331148809463606,-4.060342671318704,0.001169348304288192,-0.02542928400145339,-6.773229851682882,1.977073209454814e-05,-0.13243695561804508,-1.0045687237573575,0.3349319116478909,1.7524258617697652,0.0022957335703084,,,,
team,FF3+UMD+BOND (BOND 25bp),Continuous | pure attention,Cont pure,last12,12,0.00036729301120647594,0.04326537865484277,0.9662653721675984,0.024697577881780272,-0.018880209757273034,-1.445242770440524,0.186395791236282,-0.01606319723640667,-2.1593424596166617,0.07414410717188616,-0.21787201132300765,-1.0915844185599612,0.3168980019109884,1.6692064049667792,0.0023195215263502704,,,,
team,FF3+UMD+BOND (BOND 25bp),Benchmark | Always-short Brown,Always-short Brown,post2010,199,0.01249330126344119,1.024084692827393,0.3070448102855375,0.24008932492320528,0.0109298721218831,0.9958915935108036,0.32053700601456475,0.011002851304621006,1.024438909295524,0.3069103089841269,-0.01108594692608562,-0.15512341238758312,0.8768861366305423,1.0303459477204346,0.0018542026829383132,,,,
team,FF3+UMD+BOND (BOND 25bp),Benchmark | Always-short Brown,Always-short Brown,validation,151,0.02009612262095591,1.3716828062192812,0.17221041715873414,0.38547649428497066,0.017779551330324557,1.3997654050575172,0.16369043000261774,0.014697561675600858,1.1672787780940632,0.2450137765290206,0.030601204692197854,0.32701821477663734,0.7441257112500332,1.1071034495905487,0.002004860508029023,,,,
team,FF3+UMD+BOND (BOND 25bp),Benchmark | Always-short Brown,Always-short Brown,holdout,48,-0.011423907590407172,-0.6866589832572804,0.495671680451822,-0.22113012837012863,-0.012978597558351929,-0.8062532546221053,0.4244332136254142,-0.016715581189707063,-1.0441272464512135,0.3023991530724883,-0.1138237755814284,-0.998832563811324,0.3235959246787664,0.7888796397540334,0.0013802582748404552,-0.048971595253278856,0.02528567863422322,0.53,6.0
team,FF3+UMD+BOND (BOND 25bp),Benchmark | Always-short Brown,Always-short Brown,last18,18,-0.01753762968395867,-0.48246527188576327,0.6356291562642655,-0.28093556960054733,-0.06963293443954907,-2.093159341892674,0.05502479973462492,-0.062475376717816083,-3.4978062904835205,0.004399612455309833,-0.6612271568947073,-1.098986977052875,0.2933339376486354,1.1149300108855627,0.0018385388043872307,,,,
team,FF3+UMD+BOND (BOND 25bp),Benchmark | Always-short Brown,Always-short Brown,last12,12,0.004429332448289476,0.08074197257043025,0.937097470732786,0.060145408953843994,-0.04213182202662935,-0.6521568417844892,0.5325859795265142,-0.017303212647762266,-0.41126035755925483,0.6951675486432967,-1.0786442435512316,-1.2833554852841245,0.24670348272966436,1.2048252220581763,0.0020101283953766363,,,,
team,FF3+BOND_eom,Original | Short Brown hold 3m,Orig 3m,post2010,199,0.0008760723030755913,0.10298612037562195,0.9180782171226123,0.027403198132828113,0.0006432045142015692,0.07138927953113673,0.943161105679478,-0.0006416177970630223,-0.07582662670194586,0.9396355739941029,-0.05570671936633586,-1.7892818344273127,0.07513751707718141,5.348276146308663,0.005794637667890903,,,,
team,FF3+BOND_eom,Original | Short Brown hold 3m,Orig 3m,validation,151,0.013172472500675127,1.6077535501114524,0.10999202996215791,0.428758846436193,0.012799898596166051,1.513063507444594,0.1324105288054484,0.010772633773837857,1.3224417902993164,0.18810318836171414,-0.05557682013464919,-1.347071970973074,0.18005850665487896,5.925630822038917,0.0062048811902434544,,,,
team,FF3+BOND_eom,Original | Short Brown hold 3m,Orig 3m,holdout,48,-0.03780635331853961,-2.239715004306156,0.029878578147058327,-1.1268891668555954,-0.03963653989146107,-2.1142423307070337,0.040197071413916374,-0.04393906201623361,-2.2641005775604968,0.028792536420272043,-0.09848778644426867,-1.5366598719654778,0.13187674537766528,3.532014562240569,0.00450407992049017,-0.07614266500044617,-0.009410459863274429,0.0,6.0
team,FF3+BOND_eom,Original | Short Brown hold 3m,Orig 3m,last18,18,-0.08076109678493833,-2.9023096075188906,0.009913924676908156,-1.8935871709345526,-0.10749210445622291,-4.691314461193857,0.0003468426583346978,-0.10388659514570975,-5.243577565808631,0.00020656233064876982,-0.30558771484540115,-1.2572158069548987,0.23259404457026064,4.696421624436344,0.005527962853423817,,,,
team,FF3+BOND_eom,Original | Short Brown hold 3m,Orig 3m,last12,12,-0.08880712677005416,-2.486452979699858,0.030225279841293307,-1.821977296316995,-0.11283304892939092,-2.692393544641051,0.027394871873695336,-0.10098304799838621,-3.4215622607857696,0.014116624052982422,-0.5764201453410437,-0.9897639963809574,0.36050925666496275,3.6754018686031475,0.0043616283458915665,,,,
team,FF3+BOND_eom,Pure | Short Brown hold 3m,Pure 3m,post2010,199,0.006028133715274607,0.7797637737783465,0.4364610129474046,0.20218515753129299,0.006605911358554134,0.8236838012577602,0.4111255058509502,0.004777459239920399,0.6158694917033788,0.5387062865573817,-0.03464214042356041,-1.2201701842187365,0.2238891725057131,5.781657380228973,0.006291226633618694,,,,
team,FF3+BOND_eom,Pure | Short Brown hold 3m,Pure 3m,validation,151,0.014666969983187129,1.6167424196402858,0.10803504511644622,0.46960304425834853,0.014390119660887869,1.5811042227974386,0.11600348444931531,0.012193494040352908,1.3953864507035798,0.1650327045050547,-0.039985131509025315,-0.9205295213875028,0.3588250617521598,6.521866948357759,0.0069033931169874205,,,,
team,FF3+BOND_eom,Pure | Short Brown hold 3m,Pure 3m,holdout,48,-0.021148205377533535,-2.582681478262295,0.012977625735502226,-0.9027673813277229,-0.02119437061236802,-1.8023711240755769,0.07833969325185162,-0.023873064561012063,-1.8872685798001476,0.0660478778580462,-0.05422375708870637,-1.196305159281949,0.23828740768654658,3.453081447157172,0.004365452904687915,-0.03719830586185667,-0.005506700931695671,0.0,6.0
team,FF3+BOND_eom,Pure | Short Brown hold 3m,Pure 3m,last18,18,-0.03633936894225547,-2.4356645155415215,0.026164790872744287,-1.7087224465058,-0.0684921337617711,-4.181918825529045,0.0009224176090997773,-0.06841691825328611,-5.908506535065945,7.157918659502116e-05,-0.2322240031037364,-3.1500491366753227,0.008374165550402657,4.485933317547289,0.005158290811284475,,,,
team,FF3+BOND_eom,Pure | Short Brown hold 3m,Pure 3m,last12,12,-0.022174535006029866,-1.720953026140539,0.11322640914017255,-1.4732998260145431,-0.06367965867344796,-2.4229871170314166,0.041655502591302594,-0.067101013753164,-2.98539808376167,0.024465278151734382,-0.05654994628963053,-0.5131858274890957,0.6261630011733964,3.3596694082695633,0.0038071202826825508,,,,
team,FF3+BOND_eom,Original | Short Brown hold 6m,Orig 6m,post2010,199,0.014670967004165151,1.5046834961494884,0.13399895948138663,0.34567654391471475,0.012524338265265219,1.4266148019972325,0.155290077185822,0.010570553951178781,1.2619496867334343,0.20848980269037248,-0.048790637273095065,-0.8400674238876369,0.40191003861511554,2.997943844959915,0.003365018859172425,,,,
team,FF3+BOND_eom,Original | Short Brown hold 6m,Orig 6m,validation,151,0.026111661544549532,2.3914851707545615,0.01801957532325965,0.6268161680972485,0.022699301807065073,2.376486167823336,0.018766566133191755,0.01925789715882248,2.082793777326893,0.0390261972707207,-0.020808478763796753,-0.2534145376471695,0.8003068445289326,2.78639562031472,0.00295823693795832,,,,
team,FF3+BOND_eom,Original | Short Brown hold 6m,Orig 6m,holdout,48,-0.021319551237460713,-1.5464729326059916,0.12869801390445296,-0.48850600553204554,-0.021811217948200144,-1.5624463254240022,0.1253474871989902,-0.028724264053950344,-2.0565241053864627,0.04597942925329138,-0.14559411238060385,-1.7386649915102492,0.08942023419656032,3.6634393016562585,0.004644686986325131,-0.053349921205184773,0.010886473657349788,0.196,6.0
team,FF3+BOND_eom,Original | Short Brown hold 6m,Orig 6m,last18,18,-0.033606240072996764,-1.0927243334802617,0.2897586002441181,-0.5809977796223829,-0.07388988508517404,-2.381778385246853,0.031964289993849114,-0.0722680251328196,-4.071672728049699,0.001548956432486593,-0.5636686856577642,-0.9845372209875054,0.34428647840011356,4.939083884784027,0.005743023204657661,,,,
team,FF3+BOND_eom,Original | Short Brown hold 6m,Orig 6m,last12,12,-0.01501939311878556,-0.3262680600385822,0.750344745077104,-0.2197338590730762,-0.04319284773528197,-0.5529661541017394,0.5953962388226757,-0.03017767233892633,-0.6722460171609007,0.5264524993901831,-1.0731401022491496,-1.3012570409976734,0.24090177150937842,5.521957825814048,0.006478173909193623,,,,
team,FF3+BOND_eom,Pure | Short Brown hold 6m,Pure 6m,post2010,199,0.014051228819070664,1.3821795134080304,0.16847381528737734,0.325379720530939,0.013968563044520712,1.5158730719492044,0.13117079638503312,0.01264974436939068,1.4280025209652831,0.15490728831050027,-0.03912831669955955,-0.6925965929576503,0.4893952523886623,3.1083626306611873,0.0035166965507951492,,,,
team,FF3+BOND_eom,Pure | Short Brown hold 6m,Pure 6m,validation,151,0.027863197147831496,2.510399407236421,0.013120131708291924,0.647554096776904,0.025705495128501774,2.6051601238585427,0.010127081545248755,0.022350647971749966,2.306384173667792,0.02250610304754797,-0.008239454172268991,-0.09944411160930779,0.9209230130018352,2.9432422295402425,0.0031637939608203896,,,,
team,FF3+BOND_eom,Pure | Short Brown hold 6m,Pure 6m,holdout,48,-0.029398921548489446,-2.135179497954083,0.0379886555701822,-0.7056693451376834,-0.02565835600195685,-1.8011662163129851,0.07853236660202645,-0.031226230903538356,-2.066009547120121,0.045031855627614754,-0.12762603534903114,-1.5542767905052448,0.12762229596450503,3.6278038925208254,0.004626869281757415,-0.06043038700700332,-0.0021960778574015745,0.03,6.0
team,FF3+BOND_eom,Pure | Short Brown hold 6m,Pure 6m,last18,18,-0.05515122756907338,-2.144798532346222,0.046711894980257615,-1.0411179566479802,-0.07688090504291803,-3.0795532307783042,0.00815697526530121,-0.0724280560319284,-4.03041605420796,0.0016679502776893469,-0.3732839214233994,-0.7423165110232038,0.4721764396009359,4.844056127089537,0.005695509325810416,,,,
team,FF3+BOND_eom,Pure | Short Brown hold 6m,Pure 6m,last12,12,-0.0473368743629005,-1.231463259655787,0.24382810513609873,-0.7564706046198155,-0.05326570371368744,-1.033126359394834,0.3317629968601545,-0.03716162607173969,-1.0040747789965554,0.354102876277121,-0.6914053288780597,-0.8237887177385758,0.4415672530391002,5.3794161892723125,0.006406903090922757,,,,
team,FF3+BOND_eom,Continuous | raw attention,Cont raw,post2010,199,0.0038191264585085765,1.0456050619204662,0.2970182126200532,0.264430711404982,0.002347644265029856,0.8430670517943643,0.4002238657165298,0.001814318828773762,0.6866137537367198,0.4931502667348976,0.006228582587198972,0.25356160585812065,0.8001041656222552,1.354749908444739,0.0014657263259041326,,,,
team,FF3+BOND_eom,Continuous | raw attention,Cont raw,validation,151,0.0071103763936812316,1.6074078820950735,0.11006784728889916,0.46430613014849154,0.005123387027115928,1.6321193880521185,0.10479470666666948,0.003743453399410686,1.3151861137080323,0.19052338230163718,0.017688808264576486,0.4761148805519393,0.634709135667963,1.4842678155446514,0.0015724479301190562,,,,
team,FF3+BOND_eom,Continuous | raw attention,Cont raw,holdout,48,-0.006534597295888733,-1.8094162469079884,0.07678417064130341,-0.600853063204224,-0.007417764948947712,-1.9138860006302214,0.0621533884842819,-0.008453501813169584,-2.166609037612941,0.035986990444226374,-0.024478433031658916,-1.2106057647912158,0.23281529309861898,0.9473081590262659,0.0011299979459780183,-0.015705184575339166,0.0012223517200981996,0.118,6.0
team,FF3+BOND_eom,Continuous | raw attention,Cont raw,last18,18,-0.011603977530843126,-1.347640500348207,0.19546096105987615,-0.7237636030030283,-0.025048879701036288,-3.0839455995047,0.008086142577603013,-0.02366902457332889,-4.271076771943976,0.001086015768638001,-0.10641297725012666,-0.661063631162339,0.5210616468484908,1.4559519576739908,0.0016693570876797578,,,,
team,FF3+BOND_eom,Continuous | raw attention,Cont raw,last12,12,-0.006483513309331241,-0.4798290175433614,0.6407478477987215,-0.346186051783038,-0.01824031808676046,-0.9916030266627428,0.35043199487274945,-0.013418178794368773,-0.9200444394956966,0.3930365543426879,-0.19097807008016,-0.766899600429536,0.47222840554118023,1.2796742127656453,0.0015029007520326277,,,,
team,FF3+BOND_eom,Continuous | pure attention,Cont pure,post2010,199,0.00462063973520839,1.2311355254605014,0.21973254086976993,0.3093305451885848,0.0032379386175762064,1.1137708593503743,0.26674846090047477,0.00248225964297805,0.8911944106998758,0.3739345448986939,0.010045257986717002,0.40530328116881487,0.6857035081013474,1.4832127739871201,0.0016056816604766372,,,,
team,FF3+BOND_eom,Continuous | pure attention,Cont pure,validation,151,0.007600788685902842,1.6242562570391426,0.10642064042924478,0.4728324253645941,0.005496396489687947,1.5889835152850735,0.1142126018211437,0.0038984949161306234,1.197179916147827,0.23318998896772247,0.021030322194710287,0.5584095652332777,0.577426005849664,1.596288070607293,0.0016871063777543175,,,,
team,FF3+BOND_eom,Continuous | pure attention,Cont pure,holdout,48,-0.004754412172184576,-1.8052628625358318,0.0774413727392681,-0.4630194952718183,-0.005198755836702249,-1.6999885673288966,0.0961927499208016,-0.006062894454974191,-1.9573238236119401,0.05697690401686822,-0.018668223525851423,-0.983897263095433,0.3308002278719818,1.1274967367028261,0.0013495330707072673,-0.011433832773229843,0.0012384828180858017,0.142,6.0
team,FF3+BOND_eom,Continuous | pure attention,Cont pure,last18,18,-0.007445054218723933,-1.1476840431171864,0.26699421361620473,-0.5338877494893851,-0.024180807303001307,-3.9910021544237346,0.0013394803932659889,-0.023494599078914352,-6.416248676671751,3.321697368926732e-05,-0.12427218389129766,-0.9186653858651279,0.37636677447291195,1.7451179480650305,0.0020558343706685357,,,,
team,FF3+BOND_eom,Continuous | pure attention,Cont pure,last12,12,0.00100570021461881,0.11544190098892683,0.9101753063248987,0.06628267737526092,-0.017602014081756028,-1.37228026657841,0.20721771890842927,-0.014885765203932477,-1.7744580166662172,0.12634209270613597,-0.18366726950367482,-0.8527121131297468,0.4265414605430284,1.6464947018669758,0.0020490095902038607,,,,
team,FF3+BOND_eom,Benchmark | Always-short Brown,Always-short Brown,post2010,199,0.01151585422043915,1.0027504549497375,0.31720515882986533,0.22126851249447732,0.007311709007742274,0.6819776060207441,0.49606234069152344,0.005684725378318467,0.5331150586886867,0.5945672793157979,-0.008164301786475899,-0.12180622452077114,0.9031792145519807,0.8985702214053718,0.0011551912572269427,,,,
team,FF3+BOND_eom,Benchmark | Always-short Brown,Always-short Brown,validation,151,0.018578790792203474,1.356142674720768,0.17709168599631897,0.3518509237580553,0.01398931902173258,1.1125072932003939,0.26773611867804853,0.010034507818668704,0.7722761222536138,0.4412078186851411,0.00912771363404718,0.09565126349537549,0.9239296155292689,0.9800815455025195,0.0012867239501034278,,,,
team,FF3+BOND_eom,Benchmark | Always-short Brown,Always-short Brown,holdout,48,-0.01070296707823611,-0.6549454309391094,0.5156956472490699,-0.21591714503590587,-0.01622632379102678,-1.0415952237847326,0.3032889834296199,-0.017316604316341227,-1.0382583538653198,0.3050904335917624,-0.03809744850873781,-0.3339485788661921,0.7400801019464041,0.6421491810164281,0.0007414113275529997,-0.048659612984895934,0.024182714233385062,0.566,6.0
team,FF3+BOND_eom,Benchmark | Always-short Brown,Always-short Brown,last18,18,-0.015513184336525524,-0.46075436579674334,0.6508144094965448,-0.2559323400446078,-0.06339443150357195,-2.0058303554293637,0.0645974056937473,-0.05752347769403325,-3.140090763205495,0.00853047633554759,-0.6118746636981984,-0.9865598900945238,0.34333343752989987,0.9687372121466037,0.0011198958573946133,,,,
team,FF3+BOND_eom,Benchmark | Always-short Brown,Always-short Brown,last12,12,0.00666638132853707,0.1279402779704985,0.9005052690769962,0.09310308063265102,-0.035684046330299396,-0.5711223349397148,0.5836001356622073,-0.013257253347355051,-0.3059021018716549,0.7700151512411619,-0.9649999731822664,-1.0647392280147068,0.32795444408095453,0.992770255453139,0.001173530606676733,,,,
team,FF3+UMD+BOND_eom,Original | Short Brown hold 3m,Orig 3m,post2010,199,0.0004592824312954089,0.052057206031158085,0.9585355928279063,0.014715595349347278,0.0011467185872368964,0.12353747319486807,0.9018087425924974,0.0006323338811840755,0.07155816065210692,0.9430276352151019,-0.04479660633659266,-1.3405058490188895,0.18165672582783313,5.333007798166235,0.005959963176147005,,,,
team,FF3+UMD+BOND_eom,Original | Short Brown hold 3m,Orig 3m,validation,151,0.013470664536782227,1.5664915322509119,0.11934079424229228,0.4603960075857805,0.013661762454447285,1.53424162273848,0.1271196827603989,0.012448125826141817,1.4089847510418798,0.16098056229767793,-0.04688488610728304,-1.0636425375135112,0.2892587968142535,5.890551773807494,0.006366069928233933,,,,
team,FF3+UMD+BOND_eom,Original | Short Brown hold 3m,Orig 3m,holdout,48,-0.04047235710888187,-2.410639668767672,0.019888734764759244,-1.1764162710166393,-0.04009360575027823,-2.1619567353890443,0.036101070153043466,-0.04316242601490392,-2.2481483380502003,0.029874136427452555,-0.07783737111956848,-1.2497270111453003,0.21831864318204203,3.579067374794776,0.004682419018540215,-0.07828600119926225,-0.010780888371575708,0.0,6.0
team,FF3+UMD+BOND_eom,Original | Short Brown hold 3m,Orig 3m,last18,18,-0.0816596265118676,-2.9264948607331065,0.009418145512984486,-1.9075652918822852,-0.1092176247651878,-4.8040631880897875,0.0002804154891502867,-0.10481478141227166,-5.66770219710546,0.00010431668607587986,-0.25033133890898895,-1.0101579713722688,0.3323550293025754,4.710899275654262,0.005692330877029699,,,,
team,FF3+UMD+BOND_eom,Original | Short Brown hold 3m,Orig 3m,last12,12,-0.08896285956288082,-2.440094061319805,0.03281724300018409,-1.7932840291828374,-0.10995893919088268,-2.6222345825377262,0.03054428036981493,-0.09719268153357845,-3.136322594596984,0.02016189160725463,-0.5269090077359928,-0.9287585257086182,0.3888509535938506,3.6997158753314396,0.004517066490661718,,,,
team,FF3+UMD+BOND_eom,Pure | Short Brown hold 3m,Pure 3m,post2010,199,0.005331408726815873,0.6740445378433172,0.5010691472975682,0.18767720754961534,0.006884642427186319,0.8373347327799019,0.4034294941347766,0.005873680061862974,0.7267556609265136,0.46825619588210005,-0.024452545987395952,-0.8028533453727211,0.42304707712654893,5.762169752148089,0.006480065935731109,,,,
team,FF3+UMD+BOND_eom,Pure | Short Brown hold 3m,Pure 3m,validation,151,0.014334476050620288,1.5446555531184898,0.12453673857758434,0.49093600057707326,0.014634384144796012,1.563112240560167,0.12017645719377322,0.013515104491323798,1.4648032127291193,0.14513947104879876,-0.03456329741497868,-0.7738379250181293,0.44028647832549067,6.484756697464746,0.007104312148882896,,,,
team,FF3+UMD+BOND_eom,Pure | Short Brown hold 3m,Pure 3m,holdout,48,-0.022990740562652184,-2.7867703551740903,0.007655547179374987,-0.947503765024998,-0.020774661925226486,-1.73973820955427,0.08889660264950197,-0.02228993402918903,-1.705786003061507,0.09543399463325762,-0.033814655856961605,-0.7777481381411958,0.44107676483799363,3.4890316533394374,0.0045162913901911125,-0.03892870821951466,-0.007409164448357986,0.002,6.0
team,FF3+UMD+BOND_eom,Pure | Short Brown hold 3m,Pure 3m,last18,18,-0.03504198238858844,-2.265778181093191,0.03681223749668757,-1.7368025844053374,-0.06934712613879636,-4.352906999066308,0.0006622671572381364,-0.06889360159208663,-6.050858059531281,5.751072451947087e-05,-0.2041814191339394,-3.3793237121962476,0.005474999464294459,4.470804018440026,0.00524932386809876,,,,
team,FF3+UMD+BOND_eom,Pure | Short Brown hold 3m,Pure 3m,last12,12,-0.019036393377962084,-1.6633999780866622,0.12443047647099245,-1.3370205313917092,-0.061038497908301285,-2.5006852674441165,0.03690261320539127,-0.0643735194732146,-3.1318774749681797,0.02027614480411715,-0.05237602211783657,-0.5322715114698657,0.6136622720535648,3.339572989510085,0.00385255597726531,,,,
team,FF3+UMD+BOND_eom,Original | Short Brown hold 6m,Orig 6m,post2010,199,0.015391706955952243,1.4755954326593117,0.1416409834802175,0.3636636866927914,0.01399984549763935,1.495668684035129,0.13635665292471208,0.013293812913442869,1.4867325938946363,0.13871726013349164,-0.043774028406209885,-0.7025061981176907,0.48320996200169913,3.035428883053047,0.0035695193337497684,,,,
team,FF3+UMD+BOND_eom,Original | Short Brown hold 6m,Orig 6m,validation,151,0.027276948793691216,2.300153811166221,0.022818269650745546,0.6650826526999211,0.02446102897088774,2.3735654263983914,0.018909970440942683,0.02214595366885673,2.207601575523081,0.02884333393471756,-0.02071053941790737,-0.2340904408903149,0.8152449636266151,2.817167284014919,0.003148261316936821,,,,
team,FF3+UMD+BOND_eom,Original | Short Brown hold 6m,Orig 6m,holdout,48,-0.02199728299193496,-1.56916413078961,0.12331841642215131,-0.4892677284852087,-0.020150569194957967,-1.45199291843912,0.15359741864230356,-0.025516427102357877,-1.8399941642390087,0.07284314809587245,-0.12682315915452397,-1.612682923563264,0.11430333516176039,3.7220434966938267,0.0048947268449738325,-0.05393214501055683,0.009005774959325965,0.186,6.0
team,FF3+UMD+BOND_eom,Original | Short Brown hold 6m,Orig 6m,last18,18,-0.03261719372591966,-1.0453341664331208,0.31050544993955403,-0.5603656781176055,-0.0752634402019551,-2.508651930381877,0.025044384236995357,-0.07286816756070008,-4.145222423910711,0.0013581089332485243,-0.49096683074541553,-0.8605117408376544,0.4063717161289993,4.960366857367016,0.006010651856301999,,,,
team,FF3+UMD+BOND_eom,Original | Short Brown hold 6m,Orig 6m,last12,12,-0.014607336849591085,-0.3126224227122758,0.760414339920232,-0.2111614182544294,-0.04380820368090745,-0.570630284620854,0.5839180991292531,-0.03032037950801415,-0.6733262602277165,0.5258114445311096,-1.024403799908693,-1.2821732588799255,0.2470909528076243,5.599847164686294,0.006858694377332632,,,,
team,FF3+UMD+BOND_eom,Pure | Short Brown hold 6m,Pure 6m,post2010,199,0.014479220727306162,1.336997626611464,0.18275747013031948,0.33881612756949286,0.015203678623755013,1.5551111829649582,0.12154107102335862,0.015227689135225169,1.6214378885806908,0.10655629002459163,-0.033946766051910486,-0.5624737355845447,0.5744460237863354,3.138085270996106,0.0037115036026254275,,,,
team,FF3+UMD+BOND_eom,Pure | Short Brown hold 6m,Pure 6m,validation,151,0.02876236557544152,2.3937644091035915,0.01791219744618896,0.6845730269454265,0.027147313457372656,2.5543362571824932,0.011656487297422092,0.02504160455714549,2.3979523987935507,0.01775929295018848,-0.009012444196188733,-0.10286240365520474,0.9182142990361376,2.971066371947195,0.0033582599301327835,,,,
team,FF3+UMD+BOND_eom,Pure | Short Brown hold 6m,Pure 6m,holdout,48,-0.030453172440786304,-2.1627846891656524,0.035677863651965916,-0.7112323348699284,-0.024123321256956765,-1.6956482548122822,0.09701863414950092,-0.028093418352613485,-1.889543978448931,0.06573492626507009,-0.10887668742383465,-1.4099432126432712,0.165919232620183,3.6634988909208004,0.00482274932234187,-0.06148074780897582,-0.0024990113678205633,0.028,6.0
team,FF3+UMD+BOND_eom,Pure | Short Brown hold 6m,Pure 6m,last18,18,-0.05516623225618992,-2.0857608257135487,0.052382160523988364,-1.0429338157546657,-0.07761100672686799,-3.1327257142762672,0.007339341267212285,-0.07211042782298804,-4.07452666081459,0.0015410565786577227,-0.3011639446208791,-0.6013332143131961,0.5588068646892465,4.804247908638947,0.005818711795950097,,,,
team,FF3+UMD+BOND_eom,Pure | Short Brown hold 6m,Pure 6m,last12,12,-0.048430894644996475,-1.234513388137476,0.24273395372521106,-0.7706509617460227,-0.052131413734416265,-1.0271972342780007,0.3343809139923841,-0.03503730468080757,-0.9151011406893522,0.3954262608101082,-0.6363663414468446,-0.7773642825268501,0.4664785736983638,5.3656687415941935,0.006570784286804781,,,,
team,FF3+UMD+BOND_eom,Continuous | raw attention,Cont raw,post2010,199,0.0037383415362896746,0.9307630151828697,0.35310960741603037,0.25610428846187716,0.0025761165332324116,0.8244519689262758,0.4106901157912905,0.0024437650782850335,0.8160507958167142,0.41547711190699,0.010017123926625278,0.3728070606570536,0.7097011463727441,1.3503855725862766,0.0015133346164807038,,,,
team,FF3+UMD+BOND_eom,Continuous | raw attention,Cont raw,validation,151,0.007228571079272851,1.4726912257708749,0.1429295165238563,0.46849589682517795,0.0054405914368806235,1.5316576583888266,0.1277561824588397,0.004552756356381683,1.4070945742711032,0.16153922621224162,0.019985843383065534,0.5078740032750391,0.6123134045329027,1.4753146817371539,0.0016202064375847867,,,,
team,FF3+UMD+BOND_eom,Continuous | raw attention,Cont raw,holdout,48,-0.007241338901011567,-1.960826207827446,0.055840393337901875,-0.6494572050391955,-0.0075635646876243915,-1.9172433859137357,0.061714080483493694,-0.008296820661737956,-2.1138384589794295,0.04050935337557625,-0.020853283206769855,-1.1093325299940135,0.27359838390882246,0.9573794167158098,0.0011771336792574445,-0.016540789216028456,0.0007550752436428627,0.088,6.0
team,FF3+UMD+BOND_eom,Continuous | raw attention,Cont raw,last18,18,-0.012268184271629304,-1.4079012749301558,0.17718415409849975,-0.7549585510421457,-0.0265745726233119,-3.322011955132672,0.005036783876989274,-0.024906095147828492,-4.6085508810854785,0.0006019721501071572,-0.08899293140448965,-0.5622692376559181,0.5842831660845473,1.4665660549384498,0.001740993711032836,,,,
team,FF3+UMD+BOND_eom,Continuous | raw attention,Cont raw,last12,12,-0.00738220708265197,-0.5481283015755666,0.5945524254235768,-0.39110065685351825,-0.0188114305376784,-1.028254102045586,0.3339131063428815,-0.013715248866680064,-0.9583731137000949,0.37488320999093594,-0.19252808962890575,-0.8213788159117149,0.4428363668832172,1.302430787466965,0.0015961160736701382,,,,
team,FF3+UMD+BOND_eom,Continuous | pure attention,Cont pure,post2010,199,0.00455864055058775,1.097407661886288,0.2737960245810885,0.3033726452511701,0.00357763687478761,1.0777238741673083,0.28248840342946263,0.0032165698620624968,1.0031963784731326,0.3170222212722452,0.014487449460284818,0.530632646675922,0.5962834065258218,1.4794255766048456,0.001655951664898455,,,,
team,FF3+UMD+BOND_eom,Continuous | pure attention,Cont pure,validation,151,0.007705741975924404,1.4783288613659347,0.141416564633702,0.4774415347731119,0.005880669183640148,1.4913867724135579,0.13800281273503273,0.004784030992062645,1.2913289576270688,0.19864442078370972,0.023735297104780582,0.5929756091443773,0.5541211956649874,1.5902329448720998,0.0017423965995103066,,,,
team,FF3+UMD+BOND_eom,Continuous | pure attention,Cont pure,holdout,48,-0.005341616016617144,-1.9857513312305564,0.052911693325630095,-0.5118932329434944,-0.005133916662542308,-1.6343442436867102,0.10932232865293132,-0.005664702601819517,-1.7890804578300923,0.08081530969808993,-0.01417953701546315,-0.8233743683354677,0.41494607784707854,1.1308440639307769,0.0013840103080986713,-0.012134594450884986,0.0006730526706898653,0.092,6.0
team,FF3+UMD+BOND_eom,Continuous | pure attention,Cont pure,last18,18,-0.007674443680063859,-1.1666342823536562,0.25946359899004184,-0.553964894836952,-0.02560141458287667,-4.331434644414762,0.0006902962081805667,-0.02474196422313888,-6.7104866917299635,2.163199070197257e-05,-0.10866680503268551,-0.8070689437424857,0.43533194607543685,1.7363289268617161,0.002088499295125126,,,,
team,FF3+UMD+BOND_eom,Continuous | pure attention,Cont pure,last12,12,0.0005922177982482418,0.07042562327232497,0.9451189447660232,0.03984505505727999,-0.018136144795549973,-1.4427865327239282,0.1870656795690284,-0.015356713146644515,-2.0135789197936114,0.0907036622434037,-0.19844369582357552,-0.9792746936640936,0.36526309940951285,1.639277956780326,0.00208212168557804,,,,
team,FF3+UMD+BOND_eom,Benchmark | Always-short Brown,Always-short Brown,post2010,199,0.009634350957136214,0.7790241822804728,0.4368955363770215,0.18516969384360857,0.006481393098579118,0.5736624894199479,0.5668572504140859,0.006527061408296389,0.590579790027246,0.5554929245801707,-0.0016199113056073952,-0.02306623279474896,0.9816212712574338,1.0209706653041788,0.0014464693357692064,,,,
team,FF3+UMD+BOND_eom,Benchmark | Always-short Brown,Always-short Brown,validation,151,0.017077701082679912,1.1400234140826193,0.25609362881876924,0.32519053528091807,0.012934690005811971,0.9654245701303709,0.33591776838470894,0.010652764870813982,0.7787663014397188,0.4373864459036816,0.011969632531266141,0.11816372010084575,0.9061014684863383,1.1038933204381387,0.0015862558146031828,,,,
team,FF3+UMD+BOND_eom,Benchmark | Always-short Brown,Always-short Brown,holdout,48,-0.013781187979469992,-0.8663726251681932,0.3906872587778968,-0.27339084534566627,-0.015643545959287943,-1.054062798873673,0.2976081345317218,-0.015371739639009976,-0.9656198493069382,0.33976187897335247,-0.025001660492362368,-0.2368167539014209,0.8139502230753604,0.7601098126952636,0.0010067243711039894,-0.04943511560939723,0.020770343378381215,0.436,6.0
team,FF3+UMD+BOND_eom,Benchmark | Always-short Brown,Always-short Brown,last18,18,-0.01737666371313691,-0.5256150133441577,0.6059446517578458,-0.2884596763929298,-0.0680143031027876,-2.266963881918247,0.03976025661974241,-0.06197724348627153,-3.5476739445151892,0.00401377638006998,-0.5350502067906135,-0.8898008980310617,0.39106253350849823,1.1212261335037925,0.001458075042184601,,,,
team,FF3+UMD+BOND_eom,Benchmark | Always-short Brown,Always-short Brown,last12,12,0.0012352191627769075,0.02412175713268524,0.9811875138029305,0.01730365928739779,-0.03988217191980631,-0.6336936524725556,0.543968822101161,-0.017759087820871544,-0.4214523645111581,0.6881061724949985,-0.9718083792370913,-1.142426127084223,0.2968071165152933,1.241738348716474,0.0016583807881308853,,,,
corrected,FF3 (team),Original | Short Brown hold 3m,Orig 3m,post2010,199,0.007283745244068116,0.8198010374495924,0.4133152923782381,0.21119830461975875,0.007890696096911601,1.036432203976576,0.30128408625482883,0.00666235189927549,0.9401578628621933,0.3483117754246065,-0.011826758262476611,-0.24245799543306318,0.8086827588506462,4.795278402735923,0.005311994472916098,,,,
corrected,FF3 (team),Original | Short Brown hold 3m,Orig 3m,validation,151,0.01777679379264183,1.7569526783019584,0.08096625701755092,0.5197277057803545,0.016201627581544715,1.9721760674996491,0.050466066622488204,0.0132220175696703,1.7481187406075311,0.08256004816380043,0.007894645048851632,0.11742940872410283,0.9066822833930527,5.116086367892035,0.005561115421309512,,,,
corrected,FF3 (team),Original | Short Brown hold 3m,Orig 3m,holdout,48,-0.02572563664832002,-2.27109569337714,0.027763969155383112,-0.7570681248707357,-0.021558722950635906,-1.898871816175473,0.06415084988984424,-0.023967732714501352,-1.9659708271826155,0.05593534626234461,-0.058967771801513504,-1.0094126803603396,0.3185569777908576,3.7860700123489903,0.004528301489428484,-0.05318078746946992,-0.0045416280068787925,0.014,6.0
corrected,FF3 (team),Original | Short Brown hold 3m,Orig 3m,last18,18,-0.04510691699297664,-1.9555119568063957,0.06716429630516071,-0.9685809249086546,-0.04053361358701298,-1.5516785254931733,0.14304650517094714,-0.03782995483813505,-2.0032232171848774,0.0682677980672557,-0.34971509986949245,-0.832895266882023,0.4211719001287483,4.602113719278219,0.005545121578470259,,,,
corrected,FF3 (team),Original | Short Brown hold 3m,Orig 3m,last12,12,-0.05206545965592006,-1.669723598407849,0.12315286940584981,-0.9343206834929623,0.011979553602478,0.2958418446216424,0.7748846153581664,0.020370427889362382,1.0562859273902632,0.3315009576270962,-0.7886327416186918,-1.1608982462383237,0.2897784382900437,3.534350522544351,0.004290351028817441,,,,
corrected,FF3 (team),Pure | Short Brown hold 3m,Pure 3m,post2010,199,0.00752074625353031,0.8339658241995402,0.405305220749593,0.21130468547623904,0.008681328558228441,1.1036085733156797,0.2711230023175,0.007591283771623212,1.0343530434743136,0.3022654617685671,-0.001700093164668388,-0.03445597165907384,0.9725491601379606,5.285094173987563,0.005905408266425868,,,,
corrected,FF3 (team),Pure | Short Brown hold 3m,Pure 3m,validation,151,0.018089132871337038,1.755260630653248,0.0812562170437232,0.5072910745652666,0.01701010743485562,2.008291523475544,0.04644402808932344,0.014089049553896097,1.8164834779393422,0.07136163390958056,0.02295907681764675,0.33495579092686606,0.738142502557358,5.761605165766711,0.006343164063087288,,,,
corrected,FF3 (team),Pure | Short Brown hold 3m,Pure 3m,holdout,48,-0.02572563664832002,-2.27109569337714,0.027763969155383112,-0.7570681248707357,-0.021558722950635906,-1.898871816175473,0.06415084988984424,-0.023967732714501352,-1.9659708271826155,0.05593534626234461,-0.058967771801513504,-1.0094126803603396,0.3185569777908576,3.7860700123489903,0.004528301489428484,-0.05318078746946992,-0.0045416280068787925,0.014,6.0
corrected,FF3 (team),Pure | Short Brown hold 3m,Pure 3m,last18,18,-0.04510691699297664,-1.9555119568063957,0.06716429630516071,-0.9685809249086546,-0.04053361358701298,-1.5516785254931733,0.14304650517094714,-0.03782995483813505,-2.0032232171848774,0.0682677980672557,-0.34971509986949245,-0.832895266882023,0.4211719001287483,4.602113719278219,0.005545121578470259,,,,
corrected,FF3 (team),Pure | Short Brown hold 3m,Pure 3m,last12,12,-0.05206545965592006,-1.669723598407849,0.12315286940584981,-0.9343206834929623,0.011979553602478,0.2958418446216424,0.7748846153581664,0.020370427889362382,1.0562859273902632,0.3315009576270962,-0.7886327416186918,-1.1608982462383237,0.2897784382900437,3.534350522544351,0.004290351028817441,,,,
corrected,FF3 (team),Original | Short Brown hold 6m,Orig 6m,post2010,199,0.011905450687956329,1.2202923205788403,0.22380544322034768,0.27931145269087293,0.012070422777941297,1.3620372896345752,0.17475742901249025,0.009878809417773422,1.1523918851598904,0.2505854551601972,-0.042816484608883515,-0.6932996974791878,0.48895498333131865,2.7232561258969956,0.003241298477008165,,,,
corrected,FF3 (team),Original | Short Brown hold 6m,Orig 6m,validation,151,0.021552215941990444,1.9173919902553116,0.05708887823472193,0.5085387979417147,0.020901910637348496,2.1838429378666797,0.030559385339543492,0.018429005142015023,1.9434356519177873,0.05390037343255153,-0.05625937165972207,-0.6629748929956882,0.5083991760020947,2.3707857520261935,0.0028112119909299896,,,,
corrected,FF3 (team),Original | Short Brown hold 6m,Orig 6m,holdout,48,-0.01844166500702598,-1.3030308416178802,0.1989121266213482,-0.4324834507707004,-0.019689618450860882,-1.3024392884149287,0.1995426111388119,-0.022728011774793153,-1.4001472692229022,0.16881335746141146,-0.06355338101162525,-0.7807459518379297,0.43933042216168317,3.832069177032228,0.00459427888112909,-0.05157022413037437,0.01266027231216395,0.252,6.0
corrected,FF3 (team),Original | Short Brown hold 6m,Orig 6m,last18,18,-0.013456275285000225,-0.5279358254592549,0.6043673642273105,-0.2373476382436284,-0.04058409202541635,-1.8033054016587433,0.09289803202604696,-0.03847566785289112,-2.4658088863963203,0.029720721416024998,-0.2520239539769221,-0.39294899083264323,0.7012483872866266,4.662475179060988,0.006722484120902851,,,,
corrected,FF3 (team),Original | Short Brown hold 6m,Orig 6m,last12,12,0.00021883932556903936,0.005254060171316491,0.9959019612689883,0.003196455421443335,0.010250973507409743,0.18173110212319252,0.86031397698326,0.02343676589445576,0.6415716296178928,0.5448654641310389,-0.7925689827491356,-0.9322711121343237,0.38717350101796105,5.2562357169729035,0.00637860330865446,,,,
corrected,FF3 (team),Pure | Short Brown hold 6m,Pure 6m,post2010,199,0.013727663633285606,1.439957600236847,0.1514586270798201,0.31441328425922577,0.014169108802354391,1.6473740122993819,0.10109165069291064,0.012402429491944877,1.476227749028534,0.14151245712232308,-0.03425156833103369,-0.5777952188046851,0.5640758750727036,2.8183444128573694,0.0033054000784782434,,,,
corrected,FF3 (team),Pure | Short Brown hold 6m,Pure 6m,validation,151,0.02395367538649723,2.218094554626857,0.028051278974500916,0.5480629520917083,0.023329207493108753,2.5852058271485903,0.010704620049630421,0.021341577746270355,2.335997854147997,0.020861477860284448,-0.041440503086133014,-0.5059354064581665,0.6136703023543613,2.4961007792123815,0.002895690260417047,,,,
corrected,FF3 (team),Pure | Short Brown hold 6m,Pure 6m,holdout,48,-0.01844166500702598,-1.3030308416178802,0.1989121266213482,-0.4324834507707004,-0.019689618450860882,-1.3024392884149287,0.1995426111388119,-0.022728011774793153,-1.4001472692229022,0.16881335746141146,-0.06355338101162525,-0.7807459518379297,0.43933042216168317,3.832069177032228,0.00459427888112909,-0.05157022413037437,0.01266027231216395,0.252,6.0
corrected,FF3 (team),Pure | Short Brown hold 6m,Pure 6m,last18,18,-0.013456275285000225,-0.5279358254592549,0.6043673642273105,-0.2373476382436284,-0.04058409202541635,-1.8033054016587433,0.09289803202604696,-0.03847566785289112,-2.4658088863963203,0.029720721416024998,-0.2520239539769221,-0.39294899083264323,0.7012483872866266,4.662475179060988,0.006722484120902851,,,,
corrected,FF3 (team),Pure | Short Brown hold 6m,Pure 6m,last12,12,0.00021883932556903936,0.005254060171316491,0.9959019612689883,0.003196455421443335,0.010250973507409743,0.18173110212319252,0.86031397698326,0.02343676589445576,0.6415716296178928,0.5448654641310389,-0.7925689827491356,-0.9322711121343237,0.38717350101796105,5.2562357169729035,0.00637860330865446,,,,
corrected,FF3 (team),Continuous | raw attention,Cont raw,post2010,199,0.0032093707017422494,0.9085322914430493,0.364701568143905,0.22870350169578782,0.002402220352654993,0.8310664244721511,0.40695253868168063,0.0018660766532237675,0.6896841411030716,0.4912212564779384,0.0007001177135212647,0.030105423740883142,0.9760140837955423,1.2352731074669747,0.0013807587385741722,,,,
corrected,FF3 (team),Continuous | raw attention,Cont raw,validation,151,0.005744372679639199,1.3415545439811156,0.18176797996787655,0.3936276309561378,0.0045876352303456675,1.4004873623430274,0.16347467330068247,0.003414581093636864,1.1515709999953472,0.2513926634634773,0.004870361388284379,0.1437385184432503,0.8859065245332818,1.3227980944059583,0.0014598321292352944,,,,
corrected,FF3 (team),Continuous | raw attention,Cont raw,holdout,48,-0.004765323020391908,-1.0947393693643803,0.2792094407955599,-0.398819208054054,-0.005752656335071473,-1.3305747672610295,0.1901839349021628,-0.006418950351707629,-1.3606611331906782,0.18087831067381172,-0.018157634941485076,-0.8523232854200836,0.39886894110248855,0.9599340860547554,0.0011320070304527254,-0.015242332298960232,0.004757303214451596,0.328,6.0
corrected,FF3 (team),Continuous | raw attention,Cont raw,last18,18,-0.007281203981908168,-0.7165376673865461,0.4833879150260234,-0.40073792474712305,-0.017369120284211843,-2.1874576339868574,0.04617230665985957,-0.015687368440250725,-2.4436481445310307,0.03095068741046012,-0.07575067754627461,-0.41086583199986115,0.6884128540116022,1.420148249658008,0.001672341777872465,,,,
corrected,FF3 (team),Continuous | raw attention,Cont raw,last12,12,-0.004694276887668405,-0.2888095238319678,0.7780971550702226,-0.21133528954925207,-0.012486672942916159,-0.7178138222914943,0.4932975516754327,-0.005606025503745483,-0.3975032847850024,0.7047521954787059,-0.216517627681957,-0.7747656433195712,0.4679017966277985,1.3113476071401617,0.0016828667382457734,,,,
corrected,FF3 (team),Continuous | pure attention,Cont pure,post2010,199,0.0038182446129402282,0.99764760719292,0.319667925175108,0.25413446247951615,0.0028530813579501846,0.9288490054950911,0.3541156892872293,0.0022195998235508196,0.7706511957036686,0.44185606843192826,0.004358554490819719,0.1748406672023923,0.8613881126688906,1.357563225158432,0.0015147717147470999,,,,
corrected,FF3 (team),Continuous | pure attention,Cont pure,validation,151,0.006621338724314222,1.4198335745902335,0.1577311161663744,0.42176702200171434,0.005116555205236375,1.4570688204641327,0.1472302099091628,0.0037548590793852884,1.1723888877357898,0.2429635256654801,0.009030650528682094,0.24966014825067445,0.8032035176696598,1.4596289917353715,0.001606806810497801,,,,
corrected,FF3 (team),Continuous | pure attention,Cont pure,holdout,48,-0.004999822279090455,-1.1314098617647586,0.2636226293100968,-0.40072221651353185,-0.005868046198895131,-1.33356285429763,0.18920997771693146,-0.006394638072344449,-1.3259136418125845,0.19203462964283485,-0.015192448359249313,-0.7029841976682387,0.48594420244009445,1.036481334468475,0.0012252446426980204,-0.015854515698537634,0.00472030528877531,0.312,6.0
corrected,FF3 (team),Continuous | pure attention,Cont pure,last18,18,-0.008012569594181005,-0.7999787787940373,0.4347601081036166,-0.43424981737590435,-0.019898065791744756,-2.5896498557533074,0.021404031347723222,-0.018158144325048434,-3.0487452214835002,0.010108258614360205,-0.07030734030647813,-0.37541747099631484,0.7139018112906875,1.462871628834722,0.001746052789784281,,,,
corrected,FF3 (team),Continuous | pure attention,Cont pure,last12,12,-0.004263681154968216,-0.26035304237640294,0.7994006485321973,-0.19067313222110033,-0.012522208623329915,-0.7310399384678994,0.4856122366381011,-0.00541519344221934,-0.37499130074177095,0.7205646282234149,-0.20426684209527396,-0.7229154700076891,0.49693221004653465,1.3715396260874397,0.0017804691029370762,,,,
corrected,FF3 (team),Benchmark | Always-short Brown,Always-short Brown,post2010,199,0.01048927812427717,0.9194310595279289,0.35898889347430785,0.20208912215508648,0.007268149201695548,0.6718187915335809,0.5024942132447991,0.005924831548527992,0.5443423708801756,0.5868342369975833,-0.040019684021315796,-0.5654838666254367,0.5724014932610352,0.665471330720589,0.001008690398764498,,,,
corrected,FF3 (team),Benchmark | Always-short Brown,Always-short Brown,validation,151,0.0171213001536846,1.263681410368248,0.20830480737149445,0.3262449249322779,0.013944879018829837,1.1170642937598547,0.26578928996635587,0.011878063408833791,0.9101554980595161,0.3642509829247636,-0.06057931508454995,-0.6318616330309896,0.528472248847054,0.7203503239488811,0.0011180914958690198,,,,
corrected,FF3 (team),Benchmark | Always-short Brown,Always-short Brown,holdout,48,-0.010373957843233701,-0.6117254798116948,0.5436673018520475,-0.20703385397510518,-0.017159501535170776,-1.0923094757936813,0.280641984486847,-0.017560268933032024,-1.0454979782315992,0.3017729446751984,-0.02518624361193121,-0.21973952072228134,0.8271385483944942,0.49283116452325293,0.0006645327807898575,-0.04865242417808798,0.026498687831603675,0.58,6.0
corrected,FF3 (team),Benchmark | Always-short Brown,Always-short Brown,last18,18,-0.010718551615614667,-0.30168136755539493,0.7665542203923922,-0.1730650302871402,-0.06253762861005052,-1.8749494373043385,0.08181405834261322,-0.056423512422280414,-2.963319353401379,0.011847351583278081,-0.6454891699258718,-1.0260546224830516,0.325105130352896,0.7791179061084768,0.0010558494580838187,,,,
corrected,FF3 (team),Benchmark | Always-short Brown,Always-short Brown,last12,12,0.013484649030914616,0.24722254211604616,0.8092895562145137,0.18477035320472046,-0.033906618800009725,-0.520723426949454,0.6166607602917165,-0.010526646881882144,-0.23388895456692313,0.8228472665501636,-1.0070613027135336,-1.1200229472849956,0.30552435777443593,0.7524221838448204,0.0010463824705218617,,,,
corrected,FF3+BOND,Original | Short Brown hold 3m,Orig 3m,post2010,199,0.009515021467049162,0.9915891998171072,0.3226081902419656,0.26566535959829224,0.010143235063708395,1.2224305869055463,0.22302032143040987,0.008773051744729251,1.1302757155453198,0.2597627463662859,0.016326527557507454,0.29044531176336247,0.7717874289900167,5.286542741106314,0.005663897477048121,,,,
corrected,FF3+BOND,Original | Short Brown hold 3m,Orig 3m,validation,151,0.019839019542201543,1.7797317608726242,0.07714465082735979,0.5560788111615748,0.017889950048866433,1.9502662138180253,0.05304692378670911,0.013573761044622957,1.6004082425796486,0.11168459474431192,0.06921470572732251,0.9376319059255664,0.34999274543489434,5.702390049442792,0.0060306223167682,,,,
corrected,FF3+BOND,Original | Short Brown hold 3m,Orig 3m,holdout,48,-0.022962555811034378,-1.9317900416406844,0.059426862044940305,-0.6564705269840433,-0.017692399033029577,-1.4379191876863324,0.15753170375620867,-0.022129354470639136,-1.7279833091452135,0.09133834625050373,-0.10096072335563905,-1.5136673827793314,0.1375998118835814,3.978356416964476,0.004510242252095374,-0.05140272223055099,-0.0014876463891016762,0.0348,6.0
corrected,FF3+BOND,Original | Short Brown hold 3m,Orig 3m,last18,18,-0.044375500822618985,-1.848384708206572,0.08201836328833992,-0.9374553338841335,-0.03937942654156039,-1.5390948157720736,0.14607324999566826,-0.03663853882523905,-1.9810840268178767,0.07096873384124198,-0.3640492306063783,-0.870947785701352,0.4008710713367387,4.836739917566608,0.005582893050315596,,,,
corrected,FF3+BOND,Original | Short Brown hold 3m,Orig 3m,last12,12,-0.05318276769395629,-1.6827541900850804,0.12055696666778402,-0.9402913915526847,0.01051701418371064,0.2599487450043992,0.8014683335496564,0.019167579789488,1.0029276282695094,0.3546130404099955,-0.8079489294815957,-1.1675395083780324,0.28728623792068564,3.77426139645181,0.004378967536055392,,,,
corrected,FF3+BOND,Pure | Short Brown hold 3m,Pure 3m,post2010,199,0.01029867907776277,1.049274286724101,0.29533094081513744,0.2774759330912464,0.011628477373498971,1.3444835513699358,0.18035395783465533,0.010249941864794592,1.2733909412770186,0.20441089592506842,0.03123448722459948,0.5433694088259303,0.5875025230361763,5.82870766954883,0.00631050822545471,,,,
corrected,FF3+BOND,Pure | Short Brown hold 3m,Pure 3m,validation,151,0.020871786856983057,1.8261291618896827,0.06981927018851264,0.5585927845695089,0.019548844789999895,2.0444119146085287,0.042697406964546124,0.014907453273928692,1.718097447268011,0.08791341567686961,0.0930345965258679,1.2198602156435285,0.22449824853762484,6.416898796198161,0.006882778203741122,,,,
corrected,FF3+BOND,Pure | Short Brown hold 3m,Pure 3m,holdout,48,-0.022962555811034378,-1.9317900416406844,0.059426862044940305,-0.6564705269840433,-0.017692399033029577,-1.4379191876863324,0.15753170375620867,-0.022129354470639136,-1.7279833091452135,0.09133834625050373,-0.10096072335563905,-1.5136673827793314,0.1375998118835814,3.978356416964476,0.004510242252095374,-0.05140272223055099,-0.0014876463891016762,0.0348,6.0
corrected,FF3+BOND,Pure | Short Brown hold 3m,Pure 3m,last18,18,-0.044375500822618985,-1.848384708206572,0.08201836328833992,-0.9374553338841335,-0.03937942654156039,-1.5390948157720736,0.14607324999566826,-0.03663853882523905,-1.9810840268178767,0.07096873384124198,-0.3640492306063783,-0.870947785701352,0.4008710713367387,4.836739917566608,0.005582893050315596,,,,
corrected,FF3+BOND,Pure | Short Brown hold 3m,Pure 3m,last12,12,-0.05318276769395629,-1.6827541900850804,0.12055696666778402,-0.9402913915526847,0.01051701418371064,0.2599487450043992,0.8014683335496564,0.019167579789488,1.0029276282695094,0.3546130404099955,-0.8079489294815957,-1.1675395083780324,0.28728623792068564,3.77426139645181,0.004378967536055392,,,,
corrected,FF3+BOND,Original | Short Brown hold 6m,Orig 6m,post2010,199,0.01584617900209176,1.5634957928470812,0.11953287975487074,0.3684009592478784,0.01595628662264427,1.7449728072712372,0.08256494668612888,0.01370162492208949,1.5561575327240327,0.12130890479543233,-0.0051560962354862344,-0.07875179473474929,0.9373116371896776,3.0124136860894133,0.003413328735564998,,,,
corrected,FF3+BOND,Original | Short Brown hold 6m,Orig 6m,validation,151,0.02545781328197727,2.1618232813967477,0.03221766065031868,0.5963381045431762,0.02435171039845306,2.4634647347919123,0.014913895952155878,0.020048135316593406,2.062990669128505,0.040897342660502586,0.03138803303114367,0.35987194078460605,0.7194665120518503,2.6744662737894456,0.003028881906196299,,,,
corrected,FF3+BOND,Original | Short Brown hold 6m,Orig 6m,holdout,48,-0.014390420503381397,-1.000478127955082,0.3222024486805875,-0.3322998124081417,-0.01437705066808323,-0.8853523932167099,0.38077961692384676,-0.020373078318192253,-1.2069604016330846,0.23420134146036248,-0.12571864348839965,-1.4317602283476536,0.15961265394237498,4.075539920616395,0.004622734386287365,-0.046454632260798746,0.016617992859883635,0.3832,6.0
corrected,FF3+BOND,Original | Short Brown hold 6m,Orig 6m,last18,18,-0.013628548993022023,-0.5260721958080486,0.6056337791773863,-0.23956628963891688,-0.039756187371005725,-1.763963060047225,0.0995375187139985,-0.03778914198683024,-2.4560538620776926,0.030256204066083724,-0.290622628385083,-0.4624291493634199,0.6520460475104731,4.9481362901141015,0.0067904113132884695,,,,
corrected,FF3+BOND,Original | Short Brown hold 6m,Orig 6m,last12,12,-0.00267960055186588,-0.06464103080799725,0.9496195937709203,-0.03896949922072976,0.007818149827191229,0.13722746233895786,0.8942418368857423,0.020666064426652787,0.5879059598352562,0.5780359632885598,-0.8471713250276952,-1.0001696234104,0.3558419898569715,5.593732035994389,0.006485668601671862,,,,
corrected,FF3+BOND,Pure | Short Brown hold 6m,Pure 6m,post2010,199,0.018091730084924127,1.7938600571358803,0.07436135367261604,0.40728123488454776,0.018785426159201715,2.063134854101012,0.04042467752604928,0.01668576451453979,1.9020434598102978,0.058654724255323004,0.012623986056712253,0.1944458327059688,0.8460313263744966,3.167260632616843,0.003539587834520538,,,,
corrected,FF3+BOND,Pure | Short Brown hold 6m,Pure 6m,validation,151,0.028417181927564296,2.4537145647347947,0.0152838909901101,0.638639876959186,0.02766191918571904,2.8558487325293966,0.00491398991466117,0.02315561792632114,2.4203938030208842,0.01674073940970903,0.06204453347582415,0.7102366085388535,0.47869813387525667,2.8785360907361905,0.003195276347866183,,,,
corrected,FF3+BOND,Pure | Short Brown hold 6m,Pure 6m,holdout,48,-0.014390420503381397,-1.000478127955082,0.3222024486805875,-0.3322998124081417,-0.01437705066808323,-0.8853523932167099,0.38077961692384676,-0.020373078318192253,-1.2069604016330846,0.23420134146036248,-0.12571864348839965,-1.4317602283476536,0.15961265394237498,4.075539920616395,0.004622734386287365,-0.046454632260798746,0.016617992859883635,0.3832,6.0
corrected,FF3+BOND,Pure | Short Brown hold 6m,Pure 6m,last18,18,-0.013628548993022023,-0.5260721958080486,0.6056337791773863,-0.23956628963891688,-0.039756187371005725,-1.763963060047225,0.0995375187139985,-0.03778914198683024,-2.4560538620776926,0.030256204066083724,-0.290622628385083,-0.4624291493634199,0.6520460475104731,4.9481362901141015,0.0067904113132884695,,,,
corrected,FF3+BOND,Pure | Short Brown hold 6m,Pure 6m,last12,12,-0.00267960055186588,-0.06464103080799725,0.9496195937709203,-0.03896949922072976,0.007818149827191229,0.13722746233895786,0.8942418368857423,0.020666064426652787,0.5879059598352562,0.5780359632885598,-0.8471713250276952,-1.0001696234104,0.3558419898569715,5.593732035994389,0.006485668601671862,,,,
corrected,FF3+BOND,Continuous | raw attention,Cont raw,post2010,199,0.004672263483973328,1.2025010065870037,0.23060552990116095,0.3170639773411273,0.0038554545772100514,1.2225271842173007,0.22298389547227543,0.0031925062984234052,1.0851799603444099,0.279195585968038,0.01659774975923829,0.6271780387435875,0.5312837840752241,1.3575061202000125,0.001465289800982822,,,,
corrected,FF3+BOND,Continuous | raw attention,Cont raw,validation,151,0.007511068815168752,1.5828867895446546,0.1155534467715767,0.48649081984187265,0.006232031871024854,1.740811719883166,0.08380894576007131,0.004330798977348225,1.3382963263417853,0.18289465342417832,0.035431570516304946,0.9509921220353816,0.3431908421803638,1.472126730409982,0.0015750336768076603,,,,
corrected,FF3+BOND,Continuous | raw attention,Cont raw,holdout,48,-0.004258144953745607,-0.9715164407588406,0.33626465892616253,-0.3534985496885498,-0.005056607996153928,-1.1210618648744237,0.2683429422871452,-0.006386553033226194,-1.3343574435364727,0.18927649146904182,-0.03190939125178582,-1.4241736146821595,0.16178405428413362,0.996928783914482,0.0011200538582838509,-0.015054512283594878,0.004606982330044537,0.3892,6.0
corrected,FF3+BOND,Continuous | raw attention,Cont raw,last18,18,-0.007550692054834499,-0.7294579753220582,0.4756530283616722,-0.4148569894243622,-0.017112278219409145,-2.107530841972561,0.0535810124062241,-0.015470504779351333,-2.3772945928753373,0.03493448090953485,-0.09134024575938834,-0.5081758063772185,0.6205420231399479,1.4778066004328696,0.0016686201769248632,,,,
corrected,FF3+BOND,Continuous | raw attention,Cont raw,last12,12,-0.0056882881421375445,-0.35210332430064745,0.7314137579510132,-0.2556971602859997,-0.013104704219153253,-0.7446109951891746,0.4778075286205437,-0.0063790774172314225,-0.4707964547677572,0.6544145094251707,-0.2341435550595336,-0.8411906794627881,0.4324812877149156,1.3939130341661354,0.0016968672975137878,,,,
corrected,FF3+BOND,Continuous | pure attention,Cont pure,post2010,199,0.005268041780399056,1.2471209797170066,0.2138262936780779,0.33168154944410244,0.004303564721296658,1.2633505136051317,0.20797161604496098,0.003526888389193429,1.104549300211181,0.27073006579560377,0.022239428145778773,0.7724110445376591,0.4408158514421098,1.492640708932682,0.001610241428429191,,,,
corrected,FF3+BOND,Continuous | pure attention,Cont pure,validation,151,0.008378759449886041,1.6151528819855656,0.1083790659900043,0.5004923391550662,0.006772501910402486,1.734652755219843,0.08489841960986935,0.004591169443144336,1.2778237652542488,0.2033535217279383,0.04343951816594691,1.0742549686058007,0.284492830863957,1.62663954004284,0.0017374931716801845,,,,
corrected,FF3+BOND,Continuous | pure attention,Cont pure,holdout,48,-0.00451775755486208,-1.0192676929971494,0.31329408071237524,-0.35994255702576455,-0.005199013417200693,-1.1372256954818682,0.26159928014325995,-0.006467199915478097,-1.332400219903538,0.18991310340271636,-0.03051419014036518,-1.3483211009917089,0.1847818384685245,1.0711027193986427,0.001209928652785441,-0.015485959992887021,0.004544143050292305,0.3664,6.0
corrected,FF3+BOND,Continuous | pure attention,Cont pure,last18,18,-0.008531727374799387,-0.8367163195570583,0.41435962620618944,-0.46221403383406523,-0.019702602544505267,-2.5040334447144987,0.02526895911144022,-0.017995496727225727,-3.0277632111533266,0.010510186700067767,-0.08954558325008556,-0.4912666324949643,0.6320999242146835,1.512724691536398,0.0017375984116867215,,,,
corrected,FF3+BOND,Continuous | pure attention,Cont pure,last12,12,-0.005306078848281314,-0.3267697176374903,0.7499754644802177,-0.23734012097241503,-0.013141048992220888,-0.7574157304075276,0.4705191994217386,-0.006212738011168782,-0.44813123251013426,0.6697860072975684,-0.222474273506388,-0.7913189508714772,0.458887986057548,1.4488724233067651,0.0017896808440643385,,,,
corrected,FF3+BOND,Benchmark | Always-short Brown,Always-short Brown,post2010,199,0.015290329975803783,1.3025374290493867,0.19424571097055818,0.29239569153436357,0.012783268183400864,1.1750867198844541,0.2413928749460068,0.011079079518762506,1.029926148220912,0.30433364010415775,0.0080211460713116,0.11426931109565716,0.9091430953453253,0.9023820849018935,0.001158288495148283,,,,
corrected,FF3+BOND,Benchmark | Always-short Brown,Always-short Brown,validation,151,0.022685451964495167,1.6233638972629532,0.10661135396344186,0.42954983667179586,0.01998422672998722,1.59696497554658,0.1124209838561458,0.015031886133679125,1.2105077599344687,0.22805361178066308,0.05914510329363645,0.6414388004155578,0.5222502612983179,0.9712800208225628,0.0012800793789078087,,,,
corrected,FF3+BOND,Benchmark | Always-short Brown,Always-short Brown,holdout,48,-0.007973491280287844,-0.4729200626871969,0.6384591797663645,-0.15765105824435446,-0.013237183505625475,-0.7969338079016741,0.42976895402978277,-0.01794455422468414,-1.090313022453724,0.28179129879392395,-0.11369039101641801,-0.9720344550530152,0.336598510161722,0.6856406614847885,0.0007751546733214417,-0.0451469628135239,0.028453866978676898,0.6852,6.0
corrected,FF3+BOND,Benchmark | Always-short Brown,Always-short Brown,last18,18,-0.015355133251204755,-0.4204587760074275,0.6794171894232532,-0.2455649110371092,-0.06462345943239294,-1.8681022924875368,0.08281958118548496,-0.058599611561156804,-3.142687725458524,0.008489432707321182,-0.719623003815973,-1.1628364719912763,0.2674992257104267,1.000843849181745,0.0011458875803372346,,,,
corrected,FF3+BOND,Benchmark | Always-short Brown,Always-short Brown,last12,12,0.010296651511921337,0.18885391382045377,0.8536465612064306,0.14072374383300532,-0.03602125945573423,-0.5476549184155284,0.598871463159492,-0.013183883475504296,-0.3039931739524675,0.7713997919476505,-1.0584157694972156,-1.1821942930140215,0.28185154002725754,0.995585110492299,0.001182968441307389,,,,
corrected,FF3+UMD+BOND,Original | Short Brown hold 3m,Orig 3m,post2010,199,0.008438204930912943,0.868827645249051,0.38599332538298886,0.23959591923356036,0.009684460890357783,1.1501613505915491,0.25148597980172255,0.008889529031567946,1.1210795939887612,0.26364695712054376,0.010389127658751324,0.18257039987619036,0.8553267421449408,5.252166149081058,0.005809344757914883,,,,
corrected,FF3+UMD+BOND,Original | Short Brown hold 3m,Orig 3m,validation,151,0.01956118672988552,1.752037956844569,0.08181082942945254,0.5669337826888904,0.01796644069332297,1.9441400500660306,0.0537881753605749,0.01449522510685424,1.6775499516808268,0.09558927559042298,0.0537089342315803,0.7266999875249998,0.4685813000769382,5.641457877375222,0.006168878273441104,,,,
corrected,FF3+UMD+BOND,Original | Short Brown hold 3m,Orig 3m,holdout,48,-0.02655284197835496,-2.215963884216648,0.03157285109679569,-0.7397204242353734,-0.01914832678585484,-1.489313885142796,0.1435382387863338,-0.022577854696330328,-1.6968702184661733,0.09712140632098397,-0.08461541318708958,-1.2813297291871013,0.2071073168472857,4.027519253822327,0.004678312240321976,-0.055100738991985004,-0.004561278416422628,0.0176,6.0
corrected,FF3+UMD+BOND,Original | Short Brown hold 3m,Orig 3m,last18,18,-0.048277200793641895,-1.9863632958527762,0.0633582226424507,-1.0005534950706663,-0.04650978814172279,-1.6647060169317172,0.11818298499346441,-0.04275185207933195,-2.1047955589475387,0.05705686847122202,-0.3135554644524038,-0.7423918143981678,0.4721324888936185,4.839319546758474,0.00575371607426093,,,,
corrected,FF3+UMD+BOND,Original | Short Brown hold 3m,Orig 3m,last12,12,-0.054964420666680475,-1.681339722749687,0.12083637187740541,-0.9617491181095497,0.009210203269553059,0.2278880622322571,0.8254498238935767,0.0189559547127105,0.9311592289445821,0.387703881544421,-0.7483069704710875,-1.1099265629654647,0.3095226245253674,3.8243420884926485,0.004581301890113994,,,,
corrected,FF3+UMD+BOND,Pure | Short Brown hold 3m,Pure 3m,post2010,199,0.008568398753986968,0.871370553700763,0.38460717288821505,0.23508790749306996,0.01040640529432404,1.2144103596719877,0.22605965895828553,0.009741786459809307,1.2100748272835076,0.22773015686777576,0.021794985657987088,0.37689054742649913,0.7066690028469992,5.7766082738199955,0.006467328237844986,,,,
corrected,FF3+UMD+BOND,Pure | Short Brown hold 3m,Pure 3m,validation,151,0.01973276666890361,1.7401912003422013,0.08387633510379248,0.5459366106599309,0.01855395446667435,1.9796735489794128,0.04960767098086024,0.01514146984187606,1.748963117700477,0.08241342781470039,0.07031197168528827,0.9255959855960508,0.35619390795617806,6.3326100815013735,0.0070360220648721696,,,,
corrected,FF3+UMD+BOND,Pure | Short Brown hold 3m,Pure 3m,holdout,48,-0.02655284197835496,-2.215963884216648,0.03157285109679569,-0.7397204242353734,-0.01914832678585484,-1.489313885142796,0.1435382387863338,-0.022577854696330328,-1.6968702184661733,0.09712140632098397,-0.08461541318708958,-1.2813297291871013,0.2071073168472857,4.027519253822327,0.004678312240321976,-0.055100738991985004,-0.004561278416422628,0.0176,6.0
corrected,FF3+UMD+BOND,Pure | Short Brown hold 3m,Pure 3m,last18,18,-0.048277200793641895,-1.9863632958527762,0.0633582226424507,-1.0005534950706663,-0.04650978814172279,-1.6647060169317172,0.11818298499346441,-0.04275185207933195,-2.1047955589475387,0.05705686847122202,-0.3135554644524038,-0.7423918143981678,0.4721324888936185,4.839319546758474,0.00575371607426093,,,,
corrected,FF3+UMD+BOND,Pure | Short Brown hold 3m,Pure 3m,last12,12,-0.054964420666680475,-1.681339722749687,0.12083637187740541,-0.9617491181095497,0.009210203269553059,0.2278880622322571,0.8254498238935767,0.0189559547127105,0.9311592289445821,0.387703881544421,-0.7483069704710875,-1.1099265629654647,0.3095226245253674,3.8243420884926485,0.004581301890113994,,,,
corrected,FF3+UMD+BOND,Original | Short Brown hold 6m,Orig 6m,post2010,199,0.014205699470323145,1.3430128030255406,0.18080526701713662,0.331271016243088,0.014857585854456595,1.5745696365009574,0.11697682967956254,0.013934704517057868,1.538746868315625,0.12550397871393473,-0.024671869224146603,-0.3706619233144709,0.7112958538494776,3.0466118091926457,0.003604216643550084,,,,
corrected,FF3+UMD+BOND,Original | Short Brown hold 6m,Orig 6m,validation,151,0.024631576987456327,1.9891774679585812,0.04850014522992771,0.5867886228576723,0.023690101676472,2.298499130655474,0.022943138140305516,0.020727356378977584,2.040886011528411,0.04307616582821635,0.004140972957829246,0.046875050040340344,0.9626773122037666,2.6942720844051133,0.003194923575772206,,,,
corrected,FF3+UMD+BOND,Original | Short Brown hold 6m,Orig 6m,holdout,48,-0.01859237355232499,-1.3535923379068249,0.1823405524242679,-0.4154674040235702,-0.015281957422165694,-0.9697955873223219,0.33744943504591196,-0.02074228867533609,-1.2419191548999629,0.22115693529704877,-0.1308188752057436,-1.5533348296319867,0.12784694499835206,4.1550138600867585,0.00489178441926799,-0.049743310225210564,0.01182828146593676,0.234,6.0
corrected,FF3+UMD+BOND,Original | Short Brown hold 6m,Orig 6m,last18,18,-0.019814490904914103,-0.7458921213111793,0.4659222324635405,-0.34330147047319126,-0.04913092815536629,-2.1055282467081806,0.05378007314973324,-0.0459973084170482,-2.87705924524305,0.01390632873483994,-0.2767609570639356,-0.4470268408303448,0.6628170582140537,4.9761849768037,0.0070764756022661315,,,,
corrected,FF3+UMD+BOND,Original | Short Brown hold 6m,Orig 6m,last12,12,-0.008647390748675403,-0.20748652455162636,0.8394211752856817,-0.12475671694603774,-4.907729803872024e-05,-0.0008663208053526344,0.9993299892797479,0.014638505675165874,0.41988151337158325,0.689192293192546,-0.8712293432534937,-1.0950398266799053,0.31549752267983616,5.654389861518608,0.006872316814402079,,,,
corrected,FF3+UMD+BOND,Pure | Short Brown hold 6m,Pure 6m,post2010,199,0.016479577772630698,1.5979790207628464,0.11164225773751117,0.3752904001883957,0.017747165026888324,1.9286362767115308,0.05522809750147164,0.016968384927012355,1.9205144373217642,0.05626697179743209,-0.003388314897650472,-0.05170233797815199,0.958819346510165,3.203674295834218,0.0037540850366215043,,,,
corrected,FF3+UMD+BOND,Pure | Short Brown hold 6m,Pure 6m,validation,151,0.027628277531557013,2.3294918094784727,0.02116696318448695,0.6381255474969114,0.02705469067952016,2.7652665079655048,0.00641721403907901,0.023818649446046263,2.4544584808525207,0.015293565406407373,0.039500565678920185,0.4520215032844367,0.6519289500298556,2.9012617191181773,0.0033924322527338797,,,,
corrected,FF3+UMD+BOND,Pure | Short Brown hold 6m,Pure 6m,holdout,48,-0.01859237355232499,-1.3535923379068249,0.1823405524242679,-0.4154674040235702,-0.015281957422165694,-0.9697955873223219,0.33744943504591196,-0.02074228867533609,-1.2419191548999629,0.22115693529704877,-0.1308188752057436,-1.5533348296319867,0.12784694499835206,4.1550138600867585,0.00489178441926799,-0.049743310225210564,0.01182828146593676,0.234,6.0
corrected,FF3+UMD+BOND,Pure | Short Brown hold 6m,Pure 6m,last18,18,-0.019814490904914103,-0.7458921213111793,0.4659222324635405,-0.34330147047319126,-0.04913092815536629,-2.1055282467081806,0.05378007314973324,-0.0459973084170482,-2.87705924524305,0.01390632873483994,-0.2767609570639356,-0.4470268408303448,0.6628170582140537,4.9761849768037,0.0070764756022661315,,,,
corrected,FF3+UMD+BOND,Pure | Short Brown hold 6m,Pure 6m,last12,12,-0.008647390748675403,-0.20748652455162636,0.8394211752856817,-0.12475671694603774,-4.907729803872024e-05,-0.0008663208053526344,0.9993299892797479,0.014638505675165874,0.41988151337158325,0.689192293192546,-0.8712293432534937,-1.0950398266799053,0.31549752267983616,5.654389861518608,0.006872316814402079,,,,
corrected,FF3+UMD+BOND,Continuous | raw attention,Cont raw,post2010,199,0.0038867327371497483,0.9806758822936126,0.3279493431304129,0.26704248833947136,0.0033186797974127267,1.042077700912226,0.2986658842491283,0.0030759632911692364,1.0280790847441157,0.30519935344382493,0.012343123492253399,0.4653381795967386,0.6422139328254501,1.3528807048431297,0.0015125708458110197,,,,
corrected,FF3+UMD+BOND,Continuous | raw attention,Cont raw,validation,151,0.006848962021403783,1.41888354841938,0.15800749593267527,0.4535592517830313,0.005738377060912561,1.6019869183319324,0.11130521759598148,0.004399232439517406,1.3464373870955917,0.18026248002032486,0.027527228370256503,0.7451148817363495,0.4574083182539065,1.4622134324502258,0.0016221057690560092,,,,
corrected,FF3+UMD+BOND,Continuous | raw attention,Cont raw,holdout,48,-0.005431946886232733,-1.1935657601183107,0.23863781382281127,-0.43636601094598115,-0.00549339024759926,-1.1858629052945868,0.2420410299171625,-0.006562954983792212,-1.353741199372854,0.18305941296129216,-0.03009985731969748,-1.388851686156771,0.17219907832889375,1.0089381659124719,0.0011679922331028244,-0.01680541233835824,0.003647265929726666,0.2652,6.0
corrected,FF3+UMD+BOND,Continuous | raw attention,Cont raw,last18,18,-0.009119657940115738,-0.8517861221893522,0.4061725672706336,-0.4909401792902632,-0.0191125084140127,-2.3800307458788823,0.03207126568532478,-0.017062237238843883,-2.751062487819525,0.017567666633337923,-0.07905692883812519,-0.4467765771889892,0.6629927308550266,1.494611630956009,0.0017529147903279558,,,,
corrected,FF3+UMD+BOND,Continuous | raw attention,Cont raw,last12,12,-0.007702432375417274,-0.4680180239666355,0.6489079903185823,-0.3396479212914943,-0.014638344782380453,-0.8291025782017019,0.43108733833734214,-0.007217264379733523,-0.5293810414185318,0.6155465054897544,-0.23856938310333037,-0.9109406744277191,0.39744612431937176,1.4317629552656286,0.0018230548556878298,,,,
corrected,FF3+UMD+BOND,Continuous | pure attention,Cont pure,post2010,199,0.004507499288233133,1.0424713848021074,0.2984643482923287,0.2873467046207978,0.00384222168975497,1.106836242403921,0.2697282577041573,0.0034923501310818545,1.0676935161537988,0.2869924589475483,0.017720270056227228,0.6132259478073695,0.5404489351669874,1.483079378687451,0.0016579982594505322,,,,
corrected,FF3+UMD+BOND,Continuous | pure attention,Cont pure,validation,151,0.007742078503681088,1.4603918199819113,0.14627378023069282,0.47244402461156737,0.006347222949016766,1.603546431413978,0.11096053009506203,0.0047433621188182895,1.2980917194317267,0.19631681473270554,0.03473947446457749,0.8654942205193542,0.38819730937571373,1.6103967717173207,0.0017848577565140902,,,,
corrected,FF3+UMD+BOND,Continuous | pure attention,Cont pure,holdout,48,-0.0056679478270302164,-1.232952666916222,0.22372488542240113,-0.4373313065599575,-0.005587360600863079,-1.189000069850475,0.24081701167324418,-0.0065551572674890845,-1.3280817723183973,0.19132351227029615,-0.028115369030182923,-1.2902752122278514,0.20401378129841785,1.082560079780985,0.0012589194249380906,-0.017048701812380523,0.003512210154976249,0.2564,6.0
corrected,FF3+UMD+BOND,Continuous | pure attention,Cont pure,last18,18,-0.009937742713869805,-0.9411952177890828,0.3597880144315481,-0.528044430874052,-0.02171570533807243,-2.7648925311076207,0.01519395746312372,-0.019586034282361987,-3.401204519866515,0.005257995666443171,-0.07386928936660465,-0.41124064239841646,0.6881454033008013,1.527012143974531,0.0018190473212894233,,,,
corrected,FF3+UMD+BOND,Continuous | pure attention,Cont pure,last12,12,-0.007339430494469907,-0.44440781367083276,0.6653642889592621,-0.32230867313343264,-0.014650080027207843,-0.8407173499350657,0.42491941453256565,-0.00703086927009443,-0.5041491918203816,0.6321299997154732,-0.22756944423188083,-0.8604000854245314,0.4226115626417063,1.4828945100982698,0.0019127829886654577,,,,
corrected,FF3+UMD+BOND,Benchmark | Always-short Brown,Always-short Brown,post2010,199,0.012887007064572641,1.055657049250062,0.2924113038144773,0.24769764945415867,0.011313823465068297,1.030504383858756,0.30404975078792124,0.011388800346665888,1.0602193369743103,0.29036982338665285,-0.011155575761971641,-0.15614351502887822,0.8760831011247413,1.0303459477204346,0.0014604968818068683,,,,
corrected,FF3+UMD+BOND,Benchmark | Always-short Brown,Always-short Brown,validation,151,0.020502921970295372,1.3984717400908055,0.16403552916301972,0.39337137604339234,0.018178470235544298,1.4310987318104946,0.15452440257485892,0.015104853213603421,1.20001935033706,0.2320888175211466,0.03040046924982498,0.32505221388599076,0.7456100797531062,1.1071034495905487,0.0015980611586895572,,,,
corrected,FF3+UMD+BOND,Benchmark | Always-short Brown,Always-short Brown,holdout,48,-0.011071391909680123,-0.6654999670090438,0.5089837293706242,-0.21430933384005907,-0.012642329713635828,-0.785372595371649,0.4364439055663616,-0.016388346597684792,-1.0245203128675118,0.3114544669179673,-0.11402108063687127,-1.0005505347314474,0.3227740740013403,0.7888796397540334,0.0010277425941134094,-0.04743529131722502,0.02450023082355754,0.5492,6.0
corrected,FF3+UMD+BOND,Benchmark | Always-short Brown,Always-short Brown,last18,18,-0.01714361515733507,-0.4713369690847171,0.643392325299883,-0.27450872132418674,-0.06920992017103837,-2.0792304934835713,0.05645834990299147,-0.062077495155312544,-3.4724855164522253,0.004609785270905638,-0.6619624208021391,-1.0994124371842575,0.2931557213450426,1.1149300108855627,0.001444524277763629,,,,
corrected,FF3+UMD+BOND,Benchmark | Always-short Brown,Always-short Brown,last12,12,0.004823973766220187,0.08786889423826244,0.9315601322199786,0.06546150850963531,-0.04176541951332688,-0.6457561317610357,0.5365157371271361,-0.016981429609904255,-0.4035430946198849,0.700536765534721,-1.079558765248746,-1.2837063549368963,0.24658859007929418,1.2048252220581763,0.0016154870774459213,,,,
corrected,FF3+BOND (BOND 25bp),Original | Short Brown hold 3m,Orig 3m,post2010,199,0.008655124825297306,0.905682726245223,0.3662045774742452,0.24101155536098434,0.009258608439693693,1.1178979238105482,0.2649859373004137,0.007874545170431537,1.0161859504854047,0.3108130361401873,0.016710231220741306,0.29642080669450444,0.767227468378723,5.286542741106314,0.006523794118799981,,,,
corrected,FF3+BOND (BOND 25bp),Original | Short Brown hold 3m,Orig 3m,validation,151,0.018872387922655116,1.6990407916026005,0.09138454223283464,0.5269353236617172,0.01691031195815105,1.8443287547428766,0.06714816592733798,0.01254083877073684,1.4776650837566287,0.14166624281260404,0.06995205300112273,0.9427206562234562,0.3473918549936577,5.702390049442792,0.006997253936314628,,,,
corrected,FF3+BOND (BOND 25bp),Original | Short Brown hold 3m,Orig 3m,holdout,48,-0.023486682001807486,-1.9752263101317546,0.05413182719316746,-0.6715265946738364,-0.018263396098450086,-1.4856234620356545,0.14450904625733133,-0.02266653437251815,-1.770773158163554,0.08385591024988387,-0.10050715787218863,-1.5109365848408076,0.13829252432338116,3.978356416964476,0.005034368442868482,-0.05247224454613641,-0.001449706312827726,0.036,6.0
corrected,FF3+BOND (BOND 25bp),Original | Short Brown hold 3m,Orig 3m,last18,18,-0.04492898711605203,-1.871712548946965,0.07855591171158785,-0.9491831575545633,-0.040073803958842635,-1.5599040028940856,0.1410970229413821,-0.037302920268168074,-2.0111867353516364,0.06731977460418918,-0.3620528435425673,-0.8651575889595451,0.40391671829477965,4.836739917566608,0.006136379343748644,,,,
corrected,FF3+BOND (BOND 25bp),Original | Short Brown hold 3m,Orig 3m,last12,12,-0.05363093058070115,-1.6942881541399486,0.11830004995947216,-0.9489091254781434,0.01040060547852924,0.2571702180884062,0.8035382548395673,0.019115838779523844,0.9976536960329997,0.3569660317378796,-0.8061915682295016,-1.1645978370615195,0.28838786738013117,3.77426139645181,0.0048271304228002555,,,,
corrected,FF3+BOND (BOND 25bp),Pure | Short Brown hold 3m,Pure 3m,post2010,199,0.009367376523718003,0.95922400658406,0.33861575380692804,0.25181582432292204,0.01068048153485517,1.2391912168699515,0.216764106282564,0.009299492273850333,1.159062632640124,0.24786269784140336,0.031237231091288516,0.5422334492579148,0.5882832138647874,5.82870766954883,0.007241810779499482,,,,
corrected,FF3+BOND (BOND 25bp),Pure | Short Brown hold 3m,Pure 3m,validation,151,0.019811050756997624,1.7410173948676333,0.08373091630609351,0.5284578649712921,0.018487729014000216,1.9381216666638967,0.05452487311433869,0.01382241030568805,1.5945673079087674,0.11298642229532174,0.09313290179937897,1.2157636124565363,0.22605062753302546,6.416898796198161,0.007943514303726553,,,,
corrected,FF3+BOND (BOND 25bp),Pure | Short Brown hold 3m,Pure 3m,holdout,48,-0.023486682001807486,-1.9752263101317546,0.05413182719316746,-0.6715265946738364,-0.018263396098450086,-1.4856234620356545,0.14450904625733133,-0.02266653437251815,-1.770773158163554,0.08385591024988387,-0.10050715787218863,-1.5109365848408076,0.13829252432338116,3.978356416964476,0.005034368442868482,-0.05247224454613641,-0.001449706312827726,0.036,6.0
corrected,FF3+BOND (BOND 25bp),Pure | Short Brown hold 3m,Pure 3m,last18,18,-0.04492898711605203,-1.871712548946965,0.07855591171158785,-0.9491831575545633,-0.040073803958842635,-1.5599040028940856,0.1410970229413821,-0.037302920268168074,-2.0111867353516364,0.06731977460418918,-0.3620528435425673,-0.8651575889595451,0.40391671829477965,4.836739917566608,0.006136379343748644,,,,
corrected,FF3+BOND (BOND 25bp),Pure | Short Brown hold 3m,Pure 3m,last12,12,-0.05363093058070115,-1.6942881541399486,0.11830004995947216,-0.9489091254781434,0.01040060547852924,0.2571702180884062,0.8035382548395673,0.019115838779523844,0.9976536960329997,0.3569660317378796,-0.8061915682295016,-1.1645978370615195,0.28838786738013117,3.77426139645181,0.0048271304228002555,,,,
corrected,FF3+BOND (BOND 25bp),Original | Short Brown hold 6m,Orig 6m,post2010,199,0.015309679381365026,1.5102171685278454,0.1325822160441163,0.35550187102487446,0.01541989528749801,1.684139767920881,0.09375462730258702,0.01315764323299852,1.492502187681772,0.13720038803537915,-0.004599883877258923,-0.07023656301564897,0.9440780954342133,3.0124136860894133,0.0039498283562917355,,,,
corrected,FF3+BOND (BOND 25bp),Original | Short Brown hold 6m,Orig 6m,validation,151,0.02494443511517785,2.1182017831060804,0.03580625845199765,0.5833487824622995,0.023847652072996165,2.4088124647815614,0.017242431820212088,0.019507555839013955,2.0028629640441453,0.04705604088416846,0.0324730662349656,0.3717879621838509,0.710593475970339,2.6744662737894456,0.003542260072995721,,,,
corrected,FF3+BOND (BOND 25bp),Original | Short Brown hold 6m,Orig 6m,holdout,48,-0.014999656364587815,-1.0428572454699878,0.30234899832399903,-0.3464628107426738,-0.014988094616738877,-0.9232224412521204,0.360926575541645,-0.021003069529861217,-1.245397143439086,0.21988925872234819,-0.1261609564501337,-1.443534784832554,0.1562879096723036,4.075539920616395,0.005231970247493781,-0.04944265631576205,0.01759769229210923,0.36,6.0
corrected,FF3+BOND (BOND 25bp),Original | Short Brown hold 6m,Orig 6m,last18,18,-0.014423791810780458,-0.5558167348035623,0.5855776939561232,-0.2535891191299121,-0.04058672643161939,-1.7962661730323317,0.09405626157435006,-0.03858609222971944,-2.502277408253104,0.027799005053092636,-0.2909541650971881,-0.46277155603057674,0.6518075154741401,4.9481362901141015,0.007585654131046898,,,,
corrected,FF3+BOND (BOND 25bp),Original | Short Brown hold 6m,Orig 6m,last12,12,-0.003420412758341206,-0.08246986948941859,0.9357546319236341,-0.04977530836608373,0.0067283342567080635,0.11773901513329403,0.9091768835084394,0.019575666507879584,0.5549641016299333,0.5989823954859429,-0.8471799416631344,-0.9997313402861477,0.3560375985440195,5.593732035994389,0.007226480808147185,,,,
corrected,FF3+BOND (BOND 25bp),Pure | Short Brown hold 6m,Pure 6m,post2010,199,0.01750340670020938,1.734410373502592,0.08440160353863964,0.39354065328565213,0.018195578991532648,1.9943298981933262,0.047509098445432635,0.016087647753288945,1.8302792149977083,0.06875059498884274,0.013082996931016555,0.20143364560160618,0.8405716506591842,3.167260632616843,0.004127911219235289,,,,
corrected,FF3+BOND (BOND 25bp),Pure | Short Brown hold 6m,Pure 6m,validation,151,0.0278355062174959,2.4015660891157458,0.017548923596979932,0.6244887169410968,0.02708794749123579,2.7884693257363717,0.005996760539554325,0.022544397952849248,2.3476914140785556,0.020241795526461694,0.0630405077369679,0.7207804339320921,0.4722050663394454,2.8785360907361905,0.003776952057934576,,,,
corrected,FF3+BOND (BOND 25bp),Pure | Short Brown hold 6m,Pure 6m,holdout,48,-0.014999656364587815,-1.0428572454699878,0.30234899832399903,-0.3464628107426738,-0.014988094616738877,-0.9232224412521204,0.360926575541645,-0.021003069529861217,-1.245397143439086,0.21988925872234819,-0.1261609564501337,-1.443534784832554,0.1562879096723036,4.075539920616395,0.005231970247493781,-0.04944265631576205,0.01759769229210923,0.36,6.0
corrected,FF3+BOND (BOND 25bp),Pure | Short Brown hold 6m,Pure 6m,last18,18,-0.014423791810780458,-0.5558167348035623,0.5855776939561232,-0.2535891191299121,-0.04058672643161939,-1.7962661730323317,0.09405626157435006,-0.03858609222971944,-2.502277408253104,0.027799005053092636,-0.2909541650971881,-0.46277155603057674,0.6518075154741401,4.9481362901141015,0.007585654131046898,,,,
corrected,FF3+BOND (BOND 25bp),Pure | Short Brown hold 6m,Pure 6m,last12,12,-0.003420412758341206,-0.08246986948941859,0.9357546319236341,-0.04977530836608373,0.0067283342567080635,0.11773901513329403,0.9091768835084394,0.019575666507879584,0.5549641016299333,0.5989823954859429,-0.8471799416631344,-0.9997313402861477,0.3560375985440195,5.593732035994389,0.007226480808147185,,,,
corrected,FF3+BOND (BOND 25bp),Continuous | raw attention,Cont raw,post2010,199,0.0044591294731499516,1.1525904582582411,0.25046815140294487,0.302559640684296,0.0036387142085700826,1.1589379685787522,0.2478987230050594,0.002974191998264243,1.0153828941002352,0.3111945462879254,0.01658578138249549,0.6268193418673741,0.5315184140747125,1.3575061202000125,0.0016784238118061992,,,,
corrected,FF3+BOND (BOND 25bp),Continuous | raw attention,Cont raw,validation,151,0.007267698032518595,1.538380999086398,0.12606229842699207,0.4705692307864674,0.005989030535767539,1.680491882038358,0.09498540925388921,0.0040790241307308685,1.265525467165599,0.20771277767275653,0.03554589788575152,0.9531204983421437,0.342115183599702,1.472126730409982,0.0018184044594578164,,,,
corrected,FF3+BOND (BOND 25bp),Continuous | raw attention,Cont raw,holdout,48,-0.00437615911986391,-0.9960655056434574,0.3243190338121183,-0.36339074215223527,-0.005181986734287419,-1.146269339572043,0.25787948909841324,-0.006510328892513115,-1.3571747889924126,0.18197466447766916,-0.031905800923815814,-1.4257753594242075,0.16132369759330878,0.996928783914482,0.001238068024402153,-0.015210921066958868,0.005136869148397567,0.388,6.0
corrected,FF3+BOND (BOND 25bp),Continuous | raw attention,Cont raw,last18,18,-0.007714189686956195,-0.743859637820583,0.46711911750740204,-0.4239386680532504,-0.017285002460259616,-2.1279986143062852,0.05158525248353107,-0.01563475919750221,-2.399967962239537,0.033520608388127676,-0.09071838492926892,-0.5050980981072789,0.622637989617775,1.4778066004328696,0.001832117809046556,,,,
corrected,FF3+BOND (BOND 25bp),Continuous | raw attention,Cont raw,last12,12,-0.0058812379591829545,-0.36360705842466473,0.7230431086731105,-0.26445031702792426,-0.013266760391322638,-0.7542136265615232,0.47233489614524243,-0.00652580614579307,-0.48099489217957564,0.6475574336074416,-0.23375614918326582,-0.8402692445496025,0.43295893779141037,1.3939130341661354,0.0018898171145591966,,,,
corrected,FF3+BOND (BOND 25bp),Continuous | pure attention,Cont pure,post2010,199,0.005032534778648818,1.1967764441926947,0.23282468738048925,0.3167775098487579,0.004068431289604509,1.199642941948246,0.23173359712020372,0.003289983563541917,1.0348409465423474,0.3020380987639688,0.022236440834208303,0.7719466147807732,0.44109023056486346,1.492640708932682,0.001845748430179431,,,,
corrected,FF3+BOND (BOND 25bp),Continuous | pure attention,Cont pure,validation,151,0.00810594259143776,1.5695749379657158,0.11862111474921612,0.48395958873460376,0.006505718007731454,1.6733283480288008,0.09638938235371668,0.0043148567930567094,1.205325866910748,0.23004088585505802,0.043588011810591056,1.0761012045377545,0.28366921333341866,1.62663954004284,0.002010310030128463,,,,
corrected,FF3+BOND (BOND 25bp),Continuous | pure attention,Cont pure,holdout,48,-0.004635893965749739,-1.0437577916308116,0.30193642870991794,-0.3694795649528698,-0.005324242906070585,-1.162306055198924,0.2513769440453891,-0.0065915343746438,-1.3553079931731182,0.18256381311974743,-0.030520296844843996,-1.3500092152545613,0.18424405398146146,1.0711027193986427,0.0013280650636731007,-0.015579190718608492,0.0049243540258077315,0.356,6.0
corrected,FF3+BOND (BOND 25bp),Continuous | pure attention,Cont pure,last18,18,-0.008687211701118457,-0.8504070905174989,0.40691735980152616,-0.4707831134202708,-0.019855738254695512,-2.5223747008838795,0.02438835195033127,-0.018141269637302632,-3.0473339980245617,0.010134802379840123,-0.08896146903486463,-0.488489665202293,0.6340079167175872,1.512724691536398,0.0018930827380057953,,,,
corrected,FF3+BOND (BOND 25bp),Continuous | pure attention,Cont pure,last12,12,-0.005494520416733044,-0.33797341132576547,0.7417453924768325,-0.24584678372570862,-0.013297758147726046,-0.7668532056799765,0.4651947188295856,-0.00635635545545867,-0.45785905487731504,0.66316654172389,-0.22201094008037375,-0.7900369331192405,0.45958166593312094,1.4488724233067651,0.0019781224125160687,,,,
corrected,FF3+BOND (BOND 25bp),Benchmark | Always-short Brown,Always-short Brown,post2010,199,0.014904780592055692,1.2702352467123406,0.20549147710629323,0.28495501429583625,0.012408110697102848,1.1406337971067106,0.25542129942285735,0.01070368583067568,0.9948627202230668,0.3210487020779186,0.008043702909205665,0.11457700926255925,0.908899513596106,0.9023820849018935,0.0015438378788963738,,,,
corrected,FF3+BOND (BOND 25bp),Benchmark | Always-short Brown,Always-short Brown,validation,151,0.022286737384974276,1.595474141661747,0.11271101089225019,0.4218617719564147,0.01959599493411847,1.565475936142103,0.11962155098246306,0.014639158632084133,1.1780399515800175,0.24071045840867353,0.059233829642353464,0.6423412302433877,0.5216659479296001,0.9712800208225628,0.0016787939584287,,,,
corrected,FF3+BOND (BOND 25bp),Benchmark | Always-short Brown,Always-short Brown,holdout,48,-0.008317625152334005,-0.4933600976365199,0.6240556735614924,-0.16445969194676294,-0.01357611397253736,-0.8172925949028725,0.41816486140395914,-0.018276381591533754,-1.1098600137326489,0.2733735915990076,-0.11356923757289288,-0.9708631487272852,0.3371746717202596,0.6856406614847885,0.001119288545367598,-0.04786861800348348,0.02980400768857438,0.692,6.0
corrected,FF3+BOND (BOND 25bp),Benchmark | Always-short Brown,Always-short Brown,last18,18,-0.015764495160411215,-0.43187199526419773,0.6712621275281336,-0.2522148308486175,-0.0651106475298873,-1.8839115983951729,0.08051453737772975,-0.059060531402939764,-3.1710672539377,0.008053649359905565,-0.7188200262925524,-1.1625924465252382,0.26759450201335433,1.000843849181745,0.0015552494895436858,,,,
corrected,FF3+BOND (BOND 25bp),Benchmark | Always-short Brown,Always-short Brown,last12,12,0.009902755611883191,0.1817644236924222,0.859073754805235,0.1354338542303144,-0.03645073842762121,-0.5552319502568773,0.5939170494495629,-0.013570757608798625,-0.31327005850590345,0.7646795572468154,-1.057400513201192,-1.181944097776711,0.281943580809647,0.995585110492299,0.0015768643413455342,,,,
corrected,FF3+UMD+BOND (BOND 25bp),Original | Short Brown hold 3m,Orig 3m,post2010,199,0.0076387443630471655,0.7888047532922997,0.43116958996087196,0.21636602114377038,0.008862474762841101,1.0537135615909339,0.2933179585981526,0.008058266056707487,1.017467462293334,0.3102048693425929,0.01078924323793674,0.1891439314253583,0.8501787672862259,5.252166149081058,0.0066088053257806565,,,,
corrected,FF3+UMD+BOND (BOND 25bp),Original | Short Brown hold 3m,Orig 3m,validation,151,0.018705681513064273,1.6802577686592353,0.09498857123225031,0.5402199851912706,0.01710921531457058,1.8521349444236404,0.06601217286925555,0.013594685935164181,1.573117006851366,0.11787120102944036,0.05427411537542304,0.7306849832248342,0.4661505950262856,5.641457877375222,0.007024383490262354,,,,
corrected,FF3+UMD+BOND (BOND 25bp),Original | Short Brown hold 3m,Orig 3m,holdout,48,-0.027175995421381625,-2.265740223740674,0.02811514945320013,-0.7570914050982018,-0.019853299115947028,-1.5471838268695428,0.1289821214942066,-0.023238344553158506,-1.7488489241034317,0.08762291081876586,-0.0839935418005933,-1.2763517170860448,0.20884402304624092,4.027519253822327,0.005301465683348645,-0.05573011144487314,-0.0045014985726319155,0.014,6.0
corrected,FF3+UMD+BOND (BOND 25bp),Original | Short Brown hold 3m,Orig 3m,last18,18,-0.04890636871544986,-2.012828851773358,0.06024911382088978,-1.0133231274062797,-0.04731366596404691,-1.6850501245636633,0.11413003069846603,-0.043522373335824094,-2.1325743366582484,0.0543052097988556,-0.31146031989986467,-0.7362733653744017,0.4757118017074087,4.839319546758474,0.006382883996068893,,,,
corrected,FF3+UMD+BOND (BOND 25bp),Original | Short Brown hold 3m,Orig 3m,last12,12,-0.05545660246758233,-1.6934691654663556,0.11845905250468887,-0.9710231289840942,0.009102328839462713,0.2252353507849086,0.8274432195845031,0.0189179133634862,0.9256058084533217,0.3903613102147887,-0.7464786916328272,-1.1066839705539975,0.3108159634875075,3.8243420884926485,0.005073483691015844,,,,
corrected,FF3+UMD+BOND (BOND 25bp),Pure | Short Brown hold 3m,Pure 3m,post2010,199,0.0077065031910902755,0.7868079192719973,0.43233504314543836,0.21099768607683975,0.009530525067290928,1.1153785181469653,0.26606092266754267,0.008867554845070087,1.1046925116197364,0.2706681416060028,0.021914966030164386,0.378221327138438,0.7056818583220892,5.7766082738199955,0.007329223800741681,,,,
corrected,FF3+UMD+BOND (BOND 25bp),Pure | Short Brown hold 3m,Pure 3m,validation,151,0.018794979571213795,1.6639445407500406,0.09821124669716896,0.5184133663947896,0.017626758547442587,1.885392650339659,0.061350161419506104,0.014198264346940544,1.6424442462995041,0.10266491454859505,0.07036527760331888,0.9220715902702932,0.3580229191786457,6.3326100815013735,0.007973809162561981,,,,
corrected,FF3+UMD+BOND (BOND 25bp),Pure | Short Brown hold 3m,Pure 3m,holdout,48,-0.027175995421381625,-2.265740223740674,0.02811514945320013,-0.7570914050982018,-0.019853299115947028,-1.5471838268695428,0.1289821214942066,-0.023238344553158506,-1.7488489241034317,0.08762291081876586,-0.0839935418005933,-1.2763517170860448,0.20884402304624092,4.027519253822327,0.005301465683348645,-0.05573011144487314,-0.0045014985726319155,0.014,6.0
corrected,FF3+UMD+BOND (BOND 25bp),Pure | Short Brown hold 3m,Pure 3m,last18,18,-0.04890636871544986,-2.012828851773358,0.06024911382088978,-1.0133231274062797,-0.04731366596404691,-1.6850501245636633,0.11413003069846603,-0.043522373335824094,-2.1325743366582484,0.0543052097988556,-0.31146031989986467,-0.7362733653744017,0.4757118017074087,4.839319546758474,0.006382883996068893,,,,
corrected,FF3+UMD+BOND (BOND 25bp),Pure | Short Brown hold 3m,Pure 3m,last12,12,-0.05545660246758233,-1.6934691654663556,0.11845905250468887,-0.9710231289840942,0.009102328839462713,0.2252353507849086,0.8274432195845031,0.0189179133634862,0.9256058084533217,0.3903613102147887,-0.7464786916328272,-1.1066839705539975,0.3108159634875075,3.8243420884926485,0.005073483691015844,,,,
corrected,FF3+UMD+BOND (BOND 25bp),Original | Short Brown hold 6m,Orig 6m,post2010,199,0.01364822327258918,1.2897561836485631,0.19863975682141122,0.317929562974025,0.01429920091103083,1.513864447597692,0.13167934853115087,0.013364704534283112,1.4742534612329703,0.1420426240994705,-0.024011895806041322,-0.36078684021258556,0.7186533827028427,3.0466118091926457,0.004161692841284053,,,,
corrected,FF3+UMD+BOND (BOND 25bp),Original | Short Brown hold 6m,Orig 6m,validation,151,0.024115820407327338,1.9478596389214942,0.05329888700892489,0.5736522675730575,0.023182462715142935,2.247969942344487,0.02606611930062478,0.02017996668779534,1.9842947358770282,0.04911052640677721,0.005219163754565891,0.058989099333623306,0.953042009565211,2.6942720844051133,0.0037106801559011965,,,,
corrected,FF3+UMD+BOND (BOND 25bp),Original | Short Brown hold 6m,Orig 6m,holdout,48,-0.01928109271377462,-1.4013809098530552,0.16766928165920708,-0.43096473701726906,-0.015992091694097134,-1.015078436109842,0.3156179207331449,-0.021457929015550856,-1.2855978803825845,0.20562692850248687,-0.1309819044137256,-1.5663817036847956,0.12476360479212303,4.1550138600867585,0.005580503580717617,-0.05231997979136262,0.013443987448243938,0.222,6.0
corrected,FF3+UMD+BOND (BOND 25bp),Original | Short Brown hold 6m,Orig 6m,last18,18,-0.020655884494754095,-0.7757451564195966,0.44855753743520893,-0.35785728379591497,-0.050039405137166704,-2.136124602852364,0.05081219996348494,-0.046862579933476235,-2.9242383160444825,0.012739618374291392,-0.2775483627803239,-0.4479032514546654,0.6622020266358751,4.9761849768037,0.007917869192106118,,,,
corrected,FF3+UMD+BOND (BOND 25bp),Original | Short Brown hold 6m,Orig 6m,last12,12,-0.009418012295028172,-0.22572712093030822,0.8255528095597505,-0.13595668766462007,-0.0011814459433014748,-0.020759551156824266,0.9839459010219834,0.013518305824390623,0.3858951843119869,0.7128861928326446,-0.8717308189343284,-1.0946648589385388,0.31564924843913467,5.654389861518608,0.0076429383607548515,,,,
corrected,FF3+UMD+BOND (BOND 25bp),Pure | Short Brown hold 6m,Pure 6m,post2010,199,0.015871005389700255,1.5381187912321101,0.1256160936844634,0.36101895763889,0.017135769644100827,1.8594825599788671,0.0644651204863885,0.016344916977497494,1.8472771233144671,0.06623770571698047,-0.002761187158712923,-0.042134395611536805,0.9664351180623146,3.203674295834218,0.004362657419551951,,,,
corrected,FF3+UMD+BOND (BOND 25bp),Pure | Short Brown hold 6m,Pure 6m,validation,151,0.027045182270275046,2.279932174011458,0.02402128364234887,0.6236718233630213,0.026476832260191204,2.702293906548882,0.007696770925597407,0.023200207807404456,2.385178622423836,0.018363242262579328,0.04056329187537139,0.46358675469937677,0.6436389802946186,2.9012617191181773,0.003975527514015844,,,,
corrected,FF3+UMD+BOND (BOND 25bp),Pure | Short Brown hold 6m,Pure 6m,holdout,48,-0.01928109271377462,-1.4013809098530552,0.16766928165920708,-0.43096473701726906,-0.015992091694097134,-1.015078436109842,0.3156179207331449,-0.021457929015550856,-1.2855978803825845,0.20562692850248687,-0.1309819044137256,-1.5663817036847956,0.12476360479212303,4.1550138600867585,0.005580503580717617,-0.05231997979136262,0.013443987448243938,0.222,6.0
corrected,FF3+UMD+BOND (BOND 25bp),Pure | Short Brown hold 6m,Pure 6m,last18,18,-0.020655884494754095,-0.7757451564195966,0.44855753743520893,-0.35785728379591497,-0.050039405137166704,-2.136124602852364,0.05081219996348494,-0.046862579933476235,-2.9242383160444825,0.012739618374291392,-0.2775483627803239,-0.4479032514546654,0.6622020266358751,4.9761849768037,0.007917869192106118,,,,
corrected,FF3+UMD+BOND (BOND 25bp),Pure | Short Brown hold 6m,Pure 6m,last12,12,-0.009418012295028172,-0.22572712093030822,0.8255528095597505,-0.13595668766462007,-0.0011814459433014748,-0.020759551156824266,0.9839459010219834,0.013518305824390623,0.3858951843119869,0.7128861928326446,-0.8717308189343284,-1.0946648589385388,0.31564924843913467,5.654389861518608,0.0076429383607548515,,,,
corrected,FF3+UMD+BOND (BOND 25bp),Continuous | raw attention,Cont raw,post2010,199,0.003681423781983259,0.9321464711059041,0.3523960638386788,0.2528695242027157,0.003111199678005899,0.980256880762545,0.3281739352043597,0.0028663360336724807,0.9613263912606546,0.33759092188374057,0.012356585204707064,0.4658566304175713,0.6418434276016162,1.3528807048431297,0.0017178798009775103,,,,
corrected,FF3+UMD+BOND (BOND 25bp),Continuous | raw attention,Cont raw,validation,151,0.0066228321348852145,1.3774094583813046,0.17043749827726623,0.4384268394181287,0.00551496432587531,1.5456760067522104,0.12433296422929527,0.004167123426884963,1.2797861844105025,0.20266419469224545,0.027641133727347562,0.747356818637651,0.4560584494879389,1.4622134324502258,0.0018482356555745792,,,,
corrected,FF3+UMD+BOND (BOND 25bp),Continuous | raw attention,Cont raw,holdout,48,-0.005571756661520806,-1.2197264651709399,0.2286540566328364,-0.44747234957921805,-0.005646577087061876,-1.2151360294661877,0.23079460647668137,-0.006714172196858378,-1.3805173171509686,0.17473077635994969,-0.030088194542425492,-1.3896609564687754,0.17195477146338545,1.0089381659124719,0.0013078020083908976,-0.016990520376211772,0.00433291537085193,0.268,6.0
corrected,FF3+UMD+BOND (BOND 25bp),Continuous | raw attention,Cont raw,last18,18,-0.00931496127050098,-0.8678141746101472,0.39758127227877404,-0.5012120801335762,-0.019318275632642917,-2.402355257087539,0.03072997947671171,-0.017258334491371832,-2.7782124184632324,0.0167056617947531,-0.07848023881355697,-0.4435028203605165,0.6652926700507087,1.494611630956009,0.0019482181207131953,,,,
corrected,FF3+UMD+BOND (BOND 25bp),Continuous | raw attention,Cont raw,last12,12,-0.00792826540262841,-0.48082906129379993,0.6400591738946214,-0.34948875140195684,-0.01480786785676058,-0.8381464714676593,0.4262793225846319,-0.007368012083801966,-0.5391143548397425,0.6092144546111314,-0.23837177809392748,-0.9099163207362556,0.3979446433786062,1.4317629552656286,0.002048887882898958,,,,
corrected,FF3+UMD+BOND (BOND 25bp),Continuous | pure attention,Cont pure,post2010,199,0.004283428335533206,0.9942264204306289,0.32132611714444,0.27294169859822787,0.003618762881651892,1.0459676627886958,0.29687077694164743,0.0032666907479649713,1.0021130999938879,0.3175437213043276,0.017748699698778875,0.6137830116439268,0.5400814773981989,1.483079378687451,0.0018820692121504618,,,,
corrected,FF3+UMD+BOND (BOND 25bp),Continuous | pure attention,Cont pure,validation,151,0.0074916151985996516,1.4185287259410073,0.15811081516731326,0.45687946533694984,0.006103552762296962,1.5474160230114504,0.12391315073216716,0.004490215541375558,1.2326258330468665,0.2197102107367663,0.03489931825251808,0.8677651398824789,0.38695678796370875,1.6103967717173207,0.0020353210615955296,,,,
corrected,FF3+UMD+BOND (BOND 25bp),Continuous | pure attention,Cont pure,holdout,48,-0.005808992837863314,-1.2593594061203992,0.21411903635871873,-0.44814264929486,-0.005741576945256869,-1.218326450817178,0.22959247394731858,-0.006708137074129778,-1.3551154709694897,0.18262465512083959,-0.028113579095478146,-1.2912295687865711,0.20368581185065116,1.082560079780985,0.0013999644357711879,-0.017120846996214203,0.00403482860570702,0.27,6.0
corrected,FF3+UMD+BOND (BOND 25bp),Continuous | pure attention,Cont pure,last18,18,-0.01012512284189788,-0.9565381596834222,0.35220655634691095,-0.5377912638906628,-0.021903537248395607,-2.7845443612308047,0.014618157463115624,-0.0197652729933274,-3.424577441345507,0.005035825540310974,-0.07333020740800109,-0.408280684201468,0.6902587156936101,1.527012143974531,0.0020064274493175028,,,,
corrected,FF3+UMD+BOND (BOND 25bp),Continuous | pure attention,Cont pure,last12,12,-0.007559764149059777,-0.456893615112345,0.6566380431559015,-0.33188219581066747,-0.01481380067925557,-0.8495761485248418,0.4202566609879544,-0.007178458424665144,-0.5134462747644234,0.6259914804245965,-0.2272684371265184,-0.8589022764336821,0.42337509478375507,1.4828945100982698,0.00213311664325533,,,,
corrected,FF3+UMD+BOND (BOND 25bp),Benchmark | Always-short Brown,Always-short Brown,post2010,199,0.01249330126344119,1.024084692827393,0.3070448102855375,0.24008932492320528,0.0109298721218831,0.9958915935108036,0.32053700601456475,0.011002851304621006,1.024438909295524,0.3069103089841269,-0.01108594692608562,-0.15512341238758312,0.8768861366305423,1.0303459477204346,0.0018542026829383132,,,,
corrected,FF3+UMD+BOND (BOND 25bp),Benchmark | Always-short Brown,Always-short Brown,validation,151,0.02009612262095591,1.3716828062192812,0.17221041715873414,0.38547649428497066,0.017779551330324557,1.3997654050575172,0.16369043000261774,0.014697561675600858,1.1672787780940632,0.2450137765290206,0.030601204692197854,0.32701821477663734,0.7441257112500332,1.1071034495905487,0.002004860508029023,,,,
corrected,FF3+UMD+BOND (BOND 25bp),Benchmark | Always-short Brown,Always-short Brown,holdout,48,-0.011423907590407172,-0.6866589832572804,0.495671680451822,-0.22113012837012863,-0.012978597558351929,-0.8062532546221053,0.4244332136254142,-0.016715581189707063,-1.0441272464512135,0.3023991530724883,-0.1138237755814284,-0.998832563811324,0.3235959246787664,0.7888796397540334,0.0013802582748404552,-0.048971595253278856,0.02528567863422322,0.53,6.0
corrected,FF3+UMD+BOND (BOND 25bp),Benchmark | Always-short Brown,Always-short Brown,last18,18,-0.01753762968395867,-0.48246527188576327,0.6356291562642655,-0.28093556960054733,-0.06963293443954907,-2.093159341892674,0.05502479973462492,-0.062475376717816083,-3.4978062904835205,0.004399612455309833,-0.6612271568947073,-1.098986977052875,0.2933339376486354,1.1149300108855627,0.0018385388043872307,,,,
corrected,FF3+UMD+BOND (BOND 25bp),Benchmark | Always-short Brown,Always-short Brown,last12,12,0.004429332448289476,0.08074197257043025,0.937097470732786,0.060145408953843994,-0.04213182202662935,-0.6521568417844892,0.5325859795265142,-0.017303212647762266,-0.41126035755925483,0.6951675486432967,-1.0786442435512316,-1.2833554852841245,0.24670348272966436,1.2048252220581763,0.0020101283953766363,,,,
corrected,FF3+BOND_eom,Original | Short Brown hold 3m,Orig 3m,post2010,199,0.007489557088184762,0.8311398991889438,0.40689575099653247,0.2113103486452118,0.006906631142223547,0.93005354484136,0.3534932892551792,0.005521111429822126,0.7926204395624059,0.42897222570673543,0.005409294159699991,0.11206552532973021,0.9108879188422685,5.356077250669786,0.005836800422165235,,,,
corrected,FF3+BOND_eom,Original | Short Brown hold 3m,Orig 3m,validation,151,0.017795147698903085,1.7255379488871978,0.08648994454383603,0.5026060312033491,0.014739148301959135,1.8143899347527024,0.07165673283563989,0.010673224567807484,1.3749748123268293,0.17126012530555718,0.04645065402252008,0.661189315638,0.5095401374208932,5.842853098218761,0.006263774917371986,,,,
corrected,FF3+BOND_eom,Original | Short Brown hold 3m,Orig 3m,holdout,48,-0.024930113374699962,-2.147397118383615,0.036950199245284636,-0.7277229273275171,-0.020458870869220734,-1.7489902713724452,0.08726617354848876,-0.02332170495010323,-1.862176760924513,0.06958407199856137,-0.06812435787301874,-1.1225512719648423,0.2680044970501715,3.8247615635886354,0.004493609822660665,-0.053281031160428725,-0.0037880694852658707,0.018,6.0
corrected,FF3+BOND_eom,Original | Short Brown hold 3m,Orig 3m,last18,18,-0.04539827155157071,-1.9339417281100573,0.06994588124951588,-0.9678361155425801,-0.04076559539631183,-1.5942831851807655,0.13319258432535577,-0.03806320166023328,-2.049213339821524,0.06295908132637139,-0.3539556993036692,-0.8411481421883926,0.41671198004633303,4.663408219937432,0.0055274991913087145,,,,
corrected,FF3+BOND_eom,Original | Short Brown hold 3m,Orig 3m,last12,12,-0.05311199068616997,-1.6893734196217305,0.11925708962979317,-0.9450891389730177,0.010078445214620651,0.2512895295926504,0.8079246206808907,0.018727138980644133,0.988791913110994,0.360947740904766,-0.8034620716066568,-1.1680109226888782,0.2871100315119086,3.6463678173195513,0.004310621228726228,,,,
corrected,FF3+BOND_eom,Pure | Short Brown hold 3m,Pure 3m,post2010,199,0.008025777372033133,0.8742060690124186,0.3830651412765491,0.22014851426260137,0.007960845893449904,1.0246057731048412,0.3068186032235644,0.006642868302406225,0.9140402256625675,0.36183618883237445,0.017167605394702593,0.3501533656777472,0.7266054355818873,5.838558103798643,0.006416802262941102,,,,
corrected,FF3+BOND_eom,Pure | Short Brown hold 3m,Pure 3m,validation,151,0.0185018221127165,1.7559980984184014,0.08112973539774901,0.5038437058859065,0.015905889875118,1.870898160879651,0.06334698025107764,0.011703695672972232,1.4679368817460163,0.14428723995095696,0.06511470764926214,0.9132853360808169,0.3626085522348211,6.478705348368711,0.0070281482042222985,,,,
corrected,FF3+BOND_eom,Pure | Short Brown hold 3m,Pure 3m,holdout,48,-0.024930113374699962,-2.147397118383615,0.036950199245284636,-0.7277229273275171,-0.020458870869220734,-1.7489902713724452,0.08726617354848876,-0.02332170495010323,-1.862176760924513,0.06958407199856137,-0.06812435787301874,-1.1225512719648423,0.2680044970501715,3.8247615635886354,0.004493609822660665,-0.053281031160428725,-0.0037880694852658707,0.018,6.0
corrected,FF3+BOND_eom,Pure | Short Brown hold 3m,Pure 3m,last18,18,-0.04539827155157071,-1.9339417281100573,0.06994588124951588,-0.9678361155425801,-0.04076559539631183,-1.5942831851807655,0.13319258432535577,-0.03806320166023328,-2.049213339821524,0.06295908132637139,-0.3539556993036692,-0.8411481421883926,0.41671198004633303,4.663408219937432,0.0055274991913087145,,,,
corrected,FF3+BOND_eom,Pure | Short Brown hold 3m,Pure 3m,last12,12,-0.05311199068616997,-1.6893734196217305,0.11925708962979317,-0.9450891389730177,0.010078445214620651,0.2512895295926504,0.8079246206808907,0.018727138980644133,0.988791913110994,0.360947740904766,-0.8034620716066568,-1.1680109226888782,0.2871100315119086,3.6463678173195513,0.004310621228726228,,,,
corrected,FF3+BOND_eom,Original | Short Brown hold 6m,Orig 6m,post2010,199,0.013915628443796794,1.437247665555282,0.15222602766788862,0.32505987508603523,0.012930718053993722,1.5048290428124547,0.13398603642225093,0.010589426681487319,1.2784770879725778,0.2026165425007564,-0.017760167570830043,-0.2988201941792845,0.765398744586589,3.022324931833476,0.0034779953744268947,,,,
corrected,FF3+BOND_eom,Original | Short Brown hold 6m,Orig 6m,validation,151,0.02407943711050421,2.18024147697781,0.030798536218223888,0.5647795719354847,0.021818147366150658,2.3519815796332115,0.020000050019752358,0.017876682826224077,1.9040380168034277,0.05888618805419023,-0.0031490345873904993,-0.036985953767603275,0.9705470760130482,2.7273856470168294,0.0031173624359686018,,,,
corrected,FF3+BOND_eom,Original | Short Brown hold 6m,Orig 6m,holdout,48,-0.0180580196535536,-1.2795746082524222,0.20697546910437775,-0.42509882484391237,-0.018332023525835947,-1.1820663980698833,0.24352834889459785,-0.02170873166435528,-1.2994663177117767,0.20087171893432731,-0.07162611527485373,-0.866948555927429,0.39089633987356626,3.950154765319178,0.004612486493326945,-0.05180370707610774,0.01243338225111611,0.25,6.0
corrected,FF3+BOND_eom,Original | Short Brown hold 6m,Orig 6m,last18,18,-0.01602981544723672,-0.6327586279866372,0.5353106718687534,-0.2861367800787764,-0.04088920399494991,-1.8998859866542588,0.07824426879447308,-0.038522075175091416,-2.5184007494205316,0.026988343420042298,-0.2384136102746269,-0.37707244120621075,0.7127034531426275,4.8766048223922045,0.006764048486638692,,,,
corrected,FF3+BOND_eom,Original | Short Brown hold 6m,Orig 6m,last12,12,-0.004322589317974267,-0.10455981781465681,0.9186072583147149,-0.06380253613563575,0.007930723150604526,0.14846284788608272,0.8856514995981795,0.021564444443411625,0.613689459859623,0.5619494620981816,-0.7693746776562835,-0.8957328132056906,0.4048962930521109,5.574005745840811,0.006495123531371036,,,,
corrected,FF3+BOND_eom,Pure | Short Brown hold 6m,Pure 6m,post2010,199,0.015562636727273541,1.6246042947605122,0.10583767920793004,0.3551327986861448,0.014862085572189402,1.7449586266393706,0.08256742200209616,0.012889683204464132,1.5609224994935684,0.12018027147644093,-0.008466078631725934,-0.14633415087416526,0.8838103405011998,3.130380929161487,0.003546934498745751,,,,
corrected,FF3+BOND_eom,Pure | Short Brown hold 6m,Pure 6m,validation,151,0.026249997696013293,2.4329794707556927,0.01615137119848694,0.5975563867229718,0.02400604911554365,2.6518149669022195,0.008884651373380695,0.02043508984091265,2.209628940141789,0.02869908067964944,0.01315977064676425,0.15813334383461303,0.8745717392243341,2.869790570647784,0.0032082159839119944,,,,
corrected,FF3+BOND_eom,Pure | Short Brown hold 6m,Pure 6m,holdout,48,-0.0180580196535536,-1.2795746082524222,0.20697546910437775,-0.42509882484391237,-0.018332023525835947,-1.1820663980698833,0.24352834889459785,-0.02170873166435528,-1.2994663177117767,0.20087171893432731,-0.07162611527485373,-0.866948555927429,0.39089633987356626,3.950154765319178,0.004612486493326945,-0.05180370707610774,0.01243338225111611,0.25,6.0
corrected,FF3+BOND_eom,Pure | Short Brown hold 6m,Pure 6m,last18,18,-0.01602981544723672,-0.6327586279866372,0.5353106718687534,-0.2861367800787764,-0.04088920399494991,-1.8998859866542588,0.07824426879447308,-0.038522075175091416,-2.5184007494205316,0.026988343420042298,-0.2384136102746269,-0.37707244120621075,0.7127034531426275,4.8766048223922045,0.006764048486638692,,,,
corrected,FF3+BOND_eom,Pure | Short Brown hold 6m,Pure 6m,last12,12,-0.004322589317974267,-0.10455981781465681,0.9186072583147149,-0.06380253613563575,0.007930723150604526,0.14846284788608272,0.8856514995981795,0.021564444443411625,0.613689459859623,0.5619494620981816,-0.7693746776562835,-0.8957328132056906,0.4048962930521109,5.574005745840811,0.006495123531371036,,,,
corrected,FF3+BOND_eom,Continuous | raw attention,Cont raw,post2010,199,0.00370956858851528,1.035588948330311,0.30165707250245927,0.2536179206788348,0.0023808451025386142,0.8463282194747981,0.39840706034374523,0.0017794073144718377,0.675515793419941,0.500156675902559,0.009143416693903613,0.39430746924511445,0.6937893977111902,1.3701706215273726,0.0014963162560456627,,,,
corrected,FF3+BOND_eom,Continuous | raw attention,Cont raw,validation,151,0.006442530525933533,1.4884322953680564,0.13873627804270067,0.4198346132867046,0.004625933491670425,1.4331985764918667,0.15392450293031235,0.002954240754197113,0.9844595451748578,0.3265294404180483,0.022717935956799842,0.6391331382357576,0.52374469419304,1.4941134748848466,0.0016129556821889602,,,,
corrected,FF3+BOND_eom,Continuous | raw attention,Cont raw,holdout,48,-0.004887874172946307,-1.1199515877630715,0.2684250191732989,-0.41098950710436843,-0.0056651905061045026,-1.287774119078328,0.20455665267816914,-0.006417570351805153,-1.3350238980016005,0.18906009096929494,-0.019866406236060296,-0.9276000035428988,0.35891534158672567,0.9802670620069862,0.0011293880613032063,-0.015380561191828675,0.004380681055363945,0.31,6.0
corrected,FF3+BOND_eom,Continuous | raw attention,Cont raw,last18,18,-0.008149184135768605,-0.8064415771575935,0.4311260630991294,-0.45187267452062796,-0.01749666544463305,-2.259772295557931,0.0403039284527414,-0.0158254130801086,-2.495064365173885,0.028169277374613326,-0.07121902568726456,-0.3897643701704403,0.7035400905430146,1.4599646421391927,0.0016801409397417325,,,,
corrected,FF3+BOND_eom,Continuous | raw attention,Cont raw,last12,12,-0.006119384450942868,-0.3819719923260935,0.7097583836438638,-0.2773145751274548,-0.01285718914600884,-0.7658161104548867,0.46577786694829465,-0.006045866563725457,-0.44186819334420513,0.6740651129503875,-0.2112944975682782,-0.748566382877336,0.4824202209861167,1.3687165311402782,0.0016958981206176829,,,,
corrected,FF3+BOND_eom,Continuous | pure attention,Cont pure,post2010,199,0.004202575841559414,1.0824061836865604,0.2803885197083226,0.2683303505288062,0.002691124509866191,0.8956219963594907,0.3715589199831401,0.0019883532983941193,0.7027166126191012,0.4830790926935712,0.013667754966034788,0.5451015806318449,0.5863130149290307,1.507553722940486,0.0016464933811520953,,,,
corrected,FF3+BOND_eom,Continuous | pure attention,Cont pure,validation,151,0.007159905721683064,1.515934392039656,0.1316404771264094,0.4338605678642211,0.0049708025644385374,1.4199301911821451,0.15774530886376423,0.0030537940396754585,0.9228999065568634,0.35759252242130585,0.029023216276601597,0.7561306000845842,0.4507975814429905,1.650296728267492,0.0017810120200108448,,,,
corrected,FF3+BOND_eom,Continuous | pure attention,Cont pure,holdout,48,-0.00510069107299624,-1.1505479500315152,0.2557385146453748,-0.41036804683577893,-0.0057508269415096165,-1.284536516878245,0.2056762604641921,-0.006377186387582266,-1.2989780719149575,0.20103770498769855,-0.017198624728643395,-0.7906175322178741,0.4336089944137823,1.0585080186826126,0.0012233201630756116,-0.015818055023263524,0.004292720169254458,0.298,6.0
corrected,FF3+BOND_eom,Continuous | pure attention,Cont pure,last18,18,-0.008890525192186022,-0.8922395348237098,0.3847203542224589,-0.48538518660627755,-0.01996250773947015,-2.66609039865257,0.01844029288290565,-0.018223973257937665,-3.1033907873473128,0.009132286139274793,-0.06675565184928227,-0.3596053711114951,0.7253910868263137,1.5064726158568476,0.0017570948556785253,,,,
corrected,FF3+BOND_eom,Continuous | pure attention,Cont pure,last12,12,-0.005646099453761392,-0.3488321415174367,0.7338007594941749,-0.25398480285281905,-0.012890661222486709,-0.7800041922355466,0.4578422454502606,-0.005838844657675219,-0.41660772820061015,0.6914584672044378,-0.1995364383009926,-0.6993875797539129,0.5104996257296492,1.4280670761053458,0.0017922782525087058,,,,
corrected,FF3+BOND_eom,Benchmark | Always-short Brown,Always-short Brown,post2010,199,0.01151585422043915,1.0027504549497375,0.31720515882986533,0.22126851249447732,0.007311709007742274,0.6819776060207441,0.49606234069152344,0.005684725378318467,0.5331150586886867,0.5945672793157979,-0.008164301786475899,-0.12180622452077114,0.9031792145519807,0.8985702214053718,0.0011551912572269427,,,,
corrected,FF3+BOND_eom,Benchmark | Always-short Brown,Always-short Brown,validation,151,0.018578790792203474,1.356142674720768,0.17709168599631897,0.3518509237580553,0.01398931902173258,1.1125072932003939,0.26773611867804853,0.010034507818668704,0.7722761222536138,0.4412078186851411,0.00912771363404718,0.09565126349537549,0.9239296155292689,0.9800815455025195,0.0012867239501034278,,,,
corrected,FF3+BOND_eom,Benchmark | Always-short Brown,Always-short Brown,holdout,48,-0.01070296707823611,-0.6549454309391094,0.5156956472490699,-0.21591714503590587,-0.01622632379102678,-1.0415952237847326,0.3032889834296199,-0.017316604316341227,-1.0382583538653198,0.3050904335917624,-0.03809744850873781,-0.3339485788661921,0.7400801019464041,0.6421491810164281,0.0007414113275529997,-0.048659612984895934,0.024182714233385062,0.566,6.0
corrected,FF3+BOND_eom,Benchmark | Always-short Brown,Always-short Brown,last18,18,-0.015513184336525524,-0.46075436579674334,0.6508144094965448,-0.2559323400446078,-0.06339443150357195,-2.0058303554293637,0.0645974056937473,-0.05752347769403325,-3.140090763205495,0.00853047633554759,-0.6118746636981984,-0.9865598900945238,0.34333343752989987,0.9687372121466037,0.0011198958573946133,,,,
corrected,FF3+BOND_eom,Benchmark | Always-short Brown,Always-short Brown,last12,12,0.00666638132853707,0.1279402779704985,0.9005052690769962,0.09310308063265102,-0.035684046330299396,-0.5711223349397148,0.5836001356622073,-0.013257253347355051,-0.3059021018716549,0.7700151512411619,-0.9649999731822664,-1.0647392280147068,0.32795444408095453,0.992770255453139,0.001173530606676733,,,,
corrected,FF3+UMD+BOND_eom,Original | Short Brown hold 3m,Orig 3m,post2010,199,0.0073473932976077854,0.7723548576429996,0.44082520794496527,0.2097137780989157,0.007437054089190126,0.9321647472403367,0.3524040877978156,0.006710286742262441,0.8871293011553518,0.3761134290798792,0.011088165897335783,0.2123609200353977,0.8320495856424861,5.34541130748399,0.006010442964820279,,,,
corrected,FF3+UMD+BOND_eom,Original | Short Brown hold 3m,Orig 3m,validation,151,0.018864934302489603,1.7418645737883982,0.08358201821039088,0.5474056966060351,0.016249182966363365,1.8556579239329347,0.06550475673074309,0.013118072564018424,1.555724203243602,0.12195364952651654,0.04252873660559042,0.5748367981681775,0.5662925113706535,5.812739313597559,0.006435585204891951,,,,
corrected,FF3+UMD+BOND_eom,Original | Short Brown hold 3m,Orig 3m,holdout,48,-0.028884871113582934,-2.4623806194620563,0.017523501162448187,-0.8224600337548142,-0.022760472733445194,-1.9064948203174936,0.06312994918352886,-0.024401806809385078,-1.913637517645383,0.062498158903400755,-0.04732550261361436,-0.7935300445283632,0.43192950714680584,3.8752752882517267,0.004673016334594806,-0.05664250553833072,-0.006820754209812819,0.004,6.0
corrected,FF3+UMD+BOND_eom,Original | Short Brown hold 3m,Orig 3m,last18,18,-0.04882475078334903,-2.05871065089228,0.055184085935732194,-1.0210738912810156,-0.0474796395238775,-1.7003860459930638,0.11115552931604476,-0.04381644581529216,-2.149274047303979,0.0527115439408732,-0.3111073317869305,-0.7345228323367821,0.4767389535091666,4.6868652840796265,0.005708925016448245,,,,
corrected,FF3+UMD+BOND_eom,Original | Short Brown hold 3m,Orig 3m,last12,12,-0.054512922148410387,-1.686000317911412,0.1199179241972785,-0.9615438498450124,0.009051738405542884,0.22624708696958978,0.826682786537865,0.018684660273092915,0.933932275314302,0.38638215108103807,-0.7479297808333372,-1.1156920870030331,0.3072340938754796,3.6919202843618244,0.00449992882474193,,,,
corrected,FF3+UMD+BOND_eom,Pure | Short Brown hold 3m,Pure 3m,post2010,199,0.007451196294458911,0.7774956166980875,0.43779439151168703,0.20736584393114982,0.007986878329750317,0.9833226557943631,0.32666712764200734,0.007426575316892987,0.9666631148746567,0.3349222109710548,0.020662403822183123,0.392945880563176,0.694793128930308,5.827909846740101,0.006622959400272242,,,,
corrected,FF3+UMD+BOND_eom,Pure | Short Brown hold 3m,Pure 3m,validation,151,0.01900173427847221,1.7383208833491424,0.08420629325350852,0.5328975527676881,0.016709880643356892,1.8834459489804094,0.061615247145398795,0.01370877146140476,1.6226986661788017,0.10682605375170091,0.05649990564000653,0.7582299244673597,0.4495439666665255,6.448614871954948,0.007242808851613413,,,,
corrected,FF3+UMD+BOND_eom,Pure | Short Brown hold 3m,Pure 3m,holdout,48,-0.028884871113582934,-2.4623806194620563,0.017523501162448187,-0.8224600337548142,-0.022760472733445194,-1.9064948203174936,0.06312994918352886,-0.024401806809385078,-1.913637517645383,0.062498158903400755,-0.04732550261361436,-0.7935300445283632,0.43192950714680584,3.8752752882517267,0.004673016334594806,-0.05664250553833072,-0.006820754209812819,0.004,6.0
corrected,FF3+UMD+BOND_eom,Pure | Short Brown hold 3m,Pure 3m,last18,18,-0.04882475078334903,-2.05871065089228,0.055184085935732194,-1.0210738912810156,-0.0474796395238775,-1.7003860459930638,0.11115552931604476,-0.04381644581529216,-2.149274047303979,0.0527115439408732,-0.3111073317869305,-0.7345228323367821,0.4767389535091666,4.6868652840796265,0.005708925016448245,,,,
corrected,FF3+UMD+BOND_eom,Pure | Short Brown hold 3m,Pure 3m,last12,12,-0.054512922148410387,-1.686000317911412,0.1199179241972785,-0.9615438498450124,0.009051738405542884,0.22624708696958978,0.826682786537865,0.018684660273092915,0.933932275314302,0.38638215108103807,-0.7479297808333372,-1.1156920870030331,0.3072340938754796,3.6919202843618244,0.00449992882474193,,,,
corrected,FF3+UMD+BOND_eom,Original | Short Brown hold 6m,Orig 6m,post2010,199,0.013755381678631015,1.3209282247169694,0.18804988742957884,0.3214861985642835,0.01340616107815933,1.4587644610584443,0.14623881111581816,0.012450515556041803,1.40008331498201,0.16309383369186667,-0.02119786668999603,-0.3351704043688994,0.737860563648535,3.060669664654257,0.0036820102880042154,,,,
corrected,FF3+UMD+BOND_eom,Original | Short Brown hold 6m,Orig 6m,validation,151,0.02493297629552602,2.072155890809031,0.039962719228203374,0.5923501901911076,0.022907311033860664,2.270039925795161,0.02465908950846292,0.020405020458117915,2.0064039274342833,0.04667265854419503,-0.013264687054230541,-0.14726887238626393,0.8831243738507132,2.7498094309354957,0.003298325388478642,,,,
corrected,FF3+UMD+BOND_eom,Original | Short Brown hold 6m,Orig 6m,holdout,48,-0.021407468053684525,-1.5721401894885376,0.12262649362185314,-0.48864298970969094,-0.01861207917730215,-1.2584423540436003,0.21486858934435815,-0.02104738624336805,-1.3020031487680563,0.20001095460830703,-0.0660377035842842,-0.8732923141160815,0.3874695920035117,4.038584149894527,0.004889019034428413,-0.053073212549385795,0.009309292354737705,0.176,6.0
corrected,FF3+UMD+BOND_eom,Original | Short Brown hold 6m,Orig 6m,last18,18,-0.01980087419752983,-0.7558178315643496,0.46010393837446084,-0.34756267008078,-0.0486151584686587,-2.149740475436121,0.04954094715891458,-0.045362118773952534,-2.8335161343386766,0.015077042736096379,-0.22841357771729442,-0.3689947896908551,0.7185599788877637,4.9418684825393004,0.007082075579533698,,,,
corrected,FF3+UMD+BOND_eom,Original | Short Brown hold 6m,Orig 6m,last12,12,-0.0073092764565909525,-0.17508700871658342,0.8641924599375054,-0.10691488176025715,0.0020456781840897317,0.038033303916561394,0.9705930928888832,0.017001620606049993,0.49005902193551126,0.6414946382269349,-0.8002605436056348,-0.9924162999695363,0.35931501477447814,5.684736140563411,0.006923445238335208,,,,
corrected,FF3+UMD+BOND_eom,Pure | Short Brown hold 6m,Pure 6m,post2010,199,0.01561115676081706,1.541920203523127,0.12468966499228532,0.3592624710090966,0.015617152163996098,1.7461421977735923,0.08236103094206686,0.01499008161299507,1.7284397829760372,0.08550871900547843,-0.00708243863656708,-0.11553034737813907,0.9081448816284564,3.162766050444947,0.0037536081771945987,,,,
corrected,FF3+UMD+BOND_eom,Pure | Short Brown hold 6m,Pure 6m,validation,151,0.02737866663562551,2.3846147103897994,0.018346704840474105,0.6377715041233231,0.02544414302554242,2.6544632532807553,0.00881843763594717,0.023161115557245697,2.3807793669541923,0.018575407117323785,0.009801604241088776,0.11243420488746865,0.9106346391814757,2.8843602969775297,0.003392682871583849,,,,
corrected,FF3+UMD+BOND_eom,Pure | Short Brown hold 6m,Pure 6m,holdout,48,-0.021407468053684525,-1.5721401894885376,0.12262649362185314,-0.48864298970969094,-0.01861207917730215,-1.2584423540436003,0.21486858934435815,-0.02104738624336805,-1.3020031487680563,0.20001095460830703,-0.0660377035842842,-0.8732923141160815,0.3874695920035117,4.038584149894527,0.004889019034428413,-0.053073212549385795,0.009309292354737705,0.176,6.0
corrected,FF3+UMD+BOND_eom,Pure | Short Brown hold 6m,Pure 6m,last18,18,-0.01980087419752983,-0.7558178315643496,0.46010393837446084,-0.34756267008078,-0.0486151584686587,-2.149740475436121,0.04954094715891458,-0.045362118773952534,-2.8335161343386766,0.015077042736096379,-0.22841357771729442,-0.3689947896908551,0.7185599788877637,4.9418684825393004,0.007082075579533698,,,,
corrected,FF3+UMD+BOND_eom,Pure | Short Brown hold 6m,Pure 6m,last12,12,-0.0073092764565909525,-0.17508700871658342,0.8641924599375054,-0.10691488176025715,0.0020456781840897317,0.038033303916561394,0.9705930928888832,0.017001620606049993,0.49005902193551126,0.6414946382269349,-0.8002605436056348,-0.9924162999695363,0.35931501477447814,5.684736140563411,0.006923445238335208,,,,
corrected,FF3+UMD+BOND_eom,Continuous | raw attention,Cont raw,post2010,199,0.0033304458442094897,0.8712884928277704,0.3846518567396744,0.22835758753815646,0.00228385914786,0.764616158471346,0.4454244452698681,0.002096471324765869,0.7423846344493301,0.4587568874674201,0.01096210632787424,0.44372358712823906,0.6577394924744998,1.366049439575137,0.0015443233460680026,,,,
corrected,FF3+UMD+BOND_eom,Continuous | raw attention,Cont raw,validation,151,0.006281712164205878,1.355640289575715,0.1772512084693226,0.4135611032257464,0.0046552394211573376,1.3649820641978703,0.17434419666593812,0.0035177838288674964,1.1074131355066186,0.26994902791177117,0.02203371279970145,0.5968857487533977,0.5515145021303569,1.4834964200349012,0.001658252902203064,,,,
corrected,FF3+UMD+BOND_eom,Continuous | raw attention,Cont raw,holdout,48,-0.005953746120779151,-1.323114707849663,0.19219834947981732,-0.4860002468622028,-0.006044126318075335,-1.3597833569733724,0.18082599724309126,-0.006455960733027686,-1.3441989512252397,0.18610009253619125,-0.015551763460634582,-0.777791598886744,0.4410514178643889,0.9965808135454612,0.0011859199507264547,-0.016995280924756925,0.0034460237722131843,0.218,6.0
corrected,FF3+UMD+BOND_eom,Continuous | raw attention,Cont raw,last18,18,-0.009362311546789764,-0.9017364319176913,0.3797955193014823,-0.5093223317671729,-0.019231681072499503,-2.520989586111367,0.024453813042113467,-0.017310164693771897,-2.8601467325076078,0.014349925602419641,-0.05693938237292338,-0.3176770807760954,0.7561897204238498,1.4882789098859568,0.0017794435757321593,,,,
corrected,FF3+UMD+BOND_eom,Continuous | raw attention,Cont raw,last12,12,-0.00781455326589638,-0.4841290973230203,0.6377891370067343,-0.3481489852001091,-0.01408330645741657,-0.8261868138084537,0.43264544495499224,-0.006943052567881891,-0.5058444952030023,0.6310082356717719,-0.21422302664938958,-0.8056500253659078,0.45118428124152526,1.4213707627582333,0.0018417694491720971,,,,
corrected,FF3+UMD+BOND_eom,Continuous | pure attention,Cont pure,post2010,199,0.003849519204230399,0.9223129531578574,0.35748785156773033,0.2458886584088668,0.0027055706388420626,0.8325763602000461,0.40610220669777286,0.0024239605802720463,0.786583270973707,0.4324906110157752,0.015895467046821942,0.5904206855012177,0.5555993435883034,1.4990946057658112,0.001695245214936874,,,,
corrected,FF3+UMD+BOND_eom,Continuous | pure attention,Cont pure,validation,151,0.007021772993739536,1.3767036817468803,0.17065525102067677,0.42847968074168813,0.005106786293657567,1.3525416552898275,0.1782789759073834,0.003723660543500388,1.0473747061235867,0.2966695229530974,0.028602844591059575,0.7131774212384281,0.4768821913786689,1.6344812609734802,0.0018272777891103068,,,,
corrected,FF3+UMD+BOND_eom,Continuous | pure attention,Cont pure,holdout,48,-0.006129862508600433,-1.342190784781739,0.1859820404470098,-0.4782660382998792,-0.00606085791254991,-1.336552582410724,0.1882392963348197,-0.0063114777276793935,-1.2820498875620392,0.2068569728409357,-0.01242138073664078,-0.6154793878292523,0.5415591743382977,1.0731907529250182,0.0012798927420162834,-0.01727470016470638,0.0034035505447629812,0.222,6.0
corrected,FF3+UMD+BOND_eom,Continuous | pure attention,Cont pure,last18,18,-0.009942827027763848,-0.9681946396089683,0.34652088431546324,-0.5324647337079139,-0.021697276751406133,-2.9143846659695596,0.01131569995723424,-0.019680395072746406,-3.460043811583592,0.004716773193135081,-0.04988744277339373,-0.27367343200838856,0.7889891625349018,1.5290452738007483,0.0018499150381378975,,,,
corrected,FF3+UMD+BOND_eom,Continuous | pure attention,Cont pure,last12,12,-0.007336393902923986,-0.45021627500572353,0.661298252257228,-0.32454149596826937,-0.014119104229821976,-0.8417265810118584,0.4243863947887158,-0.006713199546504223,-0.47778152992288253,0.6497139463071648,-0.20326396539142688,-0.7561496366283647,0.4781862543372776,1.4753045510314784,0.0019312099194596756,,,,
corrected,FF3+UMD+BOND_eom,Benchmark | Always-short Brown,Always-short Brown,post2010,199,0.009634350957136214,0.7790241822804728,0.4368955363770215,0.18516969384360857,0.006481393098579118,0.5736624894199479,0.5668572504140859,0.006527061408296389,0.590579790027246,0.5554929245801707,-0.0016199113056073952,-0.02306623279474896,0.9816212712574338,1.0209706653041788,0.0014464693357692064,,,,
corrected,FF3+UMD+BOND_eom,Benchmark | Always-short Brown,Always-short Brown,validation,151,0.017077701082679912,1.1400234140826193,0.25609362881876924,0.32519053528091807,0.012934690005811971,0.9654245701303709,0.33591776838470894,0.010652764870813982,0.7787663014397188,0.4373864459036816,0.011969632531266141,0.11816372010084575,0.9061014684863383,1.1038933204381387,0.0015862558146031828,,,,
corrected,FF3+UMD+BOND_eom,Benchmark | Always-short Brown,Always-short Brown,holdout,48,-0.013781187979469992,-0.8663726251681932,0.3906872587778968,-0.27339084534566627,-0.015643545959287943,-1.054062798873673,0.2976081345317218,-0.015371739639009976,-0.9656198493069382,0.33976187897335247,-0.025001660492362368,-0.2368167539014209,0.8139502230753604,0.7601098126952636,0.0010067243711039894,-0.04943511560939723,0.020770343378381215,0.436,6.0
corrected,FF3+UMD+BOND_eom,Benchmark | Always-short Brown,Always-short Brown,last18,18,-0.01737666371313691,-0.5256150133441577,0.6059446517578458,-0.2884596763929298,-0.0680143031027876,-2.266963881918247,0.03976025661974241,-0.06197724348627153,-3.5476739445151892,0.00401377638006998,-0.5350502067906135,-0.8898008980310617,0.39106253350849823,1.1212261335037925,0.001458075042184601,,,,
corrected,FF3+UMD+BOND_eom,Benchmark | Always-short Brown,Always-short Brown,last12,12,0.0012352191627769075,0.02412175713268524,0.9811875138029305,0.01730365928739779,-0.03988217191980631,-0.6336936524725556,0.543968822101161,-0.017759087820871544,-0.4214523645111581,0.6881061724949985,-0.9718083792370913,-1.142426127084223,0.2968071165152933,1.241738348716474,0.0016583807881308853,,,,
