spec,period,model,n,alpha_ann,t_alpha,p_alpha,r2,b_Mkt-RF,t_Mkt-RF,b_SMB,t_SMB,b_HML,t_HML,b_RMW,t_RMW,b_CMA,t_CMA,b_UMD,t_UMD
team5,full_1970,CAPM,679,-0.005876580072548234,-0.404796039341188,0.685627440353203,0.0003520356579710393,0.011513252999887376,0.427409702614474,,,,,,,,,,
team5,full_1970,FF3,679,0.005436807484049646,0.406983140608625,0.6840203708338539,0.062213653910797695,-0.023427379786644487,-0.8968020652246622,0.0017711659179587133,0.039571826543094366,-0.2331086930401369,-4.626040444316729,,,,,,
team5,full_1970,FF5UMD,679,0.02196860786787025,1.602354089457603,0.10907733102193941,0.09570568874797669,-0.06223753965733664,-2.473187838434027,-0.05343839022869294,-1.2039109003567925,-0.14035340323683596,-2.3844962309941593,-0.14534903904926533,-1.9030061422436553,-0.2272703014286091,-2.6228842024574184,-0.05532373800270661,-1.426793234223628
team5,post2010,CAPM,199,-0.007445846133219987,-0.2529597819034153,0.8002992920089405,0.014708502884345331,-0.08040691182895973,-1.6193485114569606,,,,,,,,,,
team5,post2010,FF3,199,-0.011218732499140604,-0.48872696694370743,0.6250350092990808,0.13452864479375803,-0.06357643948041466,-1.427397091099644,-0.05363610889075396,-0.616690863443047,-0.2984420766922816,-5.744728100528515,,,,,,
team5,post2010,FF5UMD,199,-0.0016135962361985643,-0.07494649716553504,0.9402572811708053,0.16022975121047445,-0.08911872894602672,-1.895333292192783,-0.12051370249594147,-1.4062390709978316,-0.23999421129503867,-3.2065725247582457,-0.13434662387591834,-0.8711311357183995,-0.12140963166548845,-0.9474061628793176,-0.09434916509253345,-1.4529408560258792
team5,validation,CAPM,151,0.003006050049823669,0.08668994373176457,0.9309179700633916,0.013479108528880346,-0.07302424063880125,-1.2109633220448381,,,,,,,,,,
team5,validation,FF3,151,-0.0054888612728138456,-0.21918647252339718,0.8265047926496035,0.18532785772946858,-0.04627088222193167,-0.919408855570318,-0.04450519258163164,-0.4038374270477646,-0.35051421814513045,-6.707163059742097,,,,,,
team5,validation,FF5UMD,151,0.016781162945304726,0.7899576420964429,0.4295525060770242,0.2871647587348539,-0.06159770337827551,-1.2185915788268131,-0.21206724293857093,-2.5876463486628243,-0.18107545099289798,-2.35028338710951,-0.4589302996573223,-3.3859752344275345,-0.2911171893811679,-1.9098242533839995,0.003596320546876277,0.07179498744101942
team5,holdout,CAPM,48,-0.04019828883090625,-0.7656153488160342,0.44390520896714425,0.019038168347258355,-0.10484695413065566,-1.22688805376564,,,,,,,,,,
team5,holdout,FF3,48,-0.045806185344116596,-0.9862608832552306,0.32400510968745855,0.06130692046245667,-0.08614407189584067,-1.0091214337460277,-0.1486945412250483,-1.2461466074924226,-0.12635058168811955,-1.3449779719602093,,,,,,
team5,holdout,FF5UMD,48,-0.04443100710523194,-0.8972208784858621,0.36960106641677515,0.19465768013312312,-0.07824334127065269,-0.8585774654219185,-0.3084884884029271,-3.531246773392833,0.017745938310607764,0.13713299432505446,0.0009489871650547391,0.007029075659008564,-0.08852182430468589,-0.43525211724960167,-0.286027527373944,-4.114613790641306
team5,covid,CAPM,24,0.05678065267160585,0.6868554554774272,0.49217381964037454,0.0661158740819805,-0.1665414113171399,-2.2008997897691254,,,,,,,,,,
team5,covid,FF3,24,-0.01040124200191751,-0.23726363094169892,0.8124522748996444,0.4912054037893525,-0.11380712263621533,-2.2272044643643376,0.4148442069997361,2.145995569673526,-0.5075084554293532,-6.178228618445514,,,,,,
team5,covid,FF5UMD,24,0.05059234749258054,0.9756189350580963,0.32925333763001485,0.6452148474695041,-0.0026625788269481927,-0.0459357685786195,0.12837714695740138,0.5574150116381688,-0.3002451982577331,-3.6718652926266766,-0.5203062831798735,-3.3358717812751464,-0.2573814820313962,-0.906439806531022,0.17612129686078648,1.1909772771099905
team5,inflation_rates,CAPM,36,-0.07748076672957781,-1.0069223894409625,0.3139720717037936,0.0025403915458389603,0.033986621225907135,0.2947422421004944,,,,,,,,,,
team5,inflation_rates,FF3,36,-0.07675727498133655,-1.1134559935175514,0.26551263825544913,0.13045235690368417,0.03752345930304436,0.37003630449567715,-0.16232726075921558,-1.3099730586860903,-0.24921919890910965,-5.431819484994238,,,,,,
team5,inflation_rates,FF5UMD,36,-0.08019870260073511,-1.062408149530086,0.28805043570523703,0.20008944061269074,0.010414239083872637,0.11740118627413262,-0.38766655350084267,-2.6542037162184826,0.08617801723668053,0.47587505509954736,-0.23773017712351924,-1.5019401213624761,-0.4130790446861221,-1.2639487521222996,-0.06170698379566314,-0.6688908481801356
team5,last18,CAPM,18,-0.12091415380786441,-1.5597811458037856,0.11881160845851424,0.05365770324153718,-0.21972326749973764,-1.8621774050706295,,,,,,,,,,
team5,last18,FF3,18,-0.19139460264744812,-2.7812619920854056,0.005414801901511377,0.1388373834946336,-0.019628088767324643,-0.0887151913891354,-0.49288588817212303,-1.6264190718309621,0.30074067749933714,1.2232586914278616,,,,,,
team5,last18,FF5UMD,18,-0.18307302783104562,-2.0866033067050056,0.03692400814207154,0.45312556727407816,0.15273187845998923,1.0469879966665598,-0.36505894001897354,-2.438881588734422,0.47354063409668984,1.5917295056565186,-0.04209767602519182,-0.46790658645928623,-0.2565201578714038,-0.625058554983411,-0.5211181722251979,-5.70973449281386
team5,last12,CAPM,12,-0.14783348897109705,-1.3854310546164414,0.1659207007316439,0.09907754272324465,-0.35389087245125606,-4.440768568610202,,,,,,,,,,
team5,last12,FF3,12,-0.3266841866792729,-5.598933074418591,2.1567503317378943e-08,0.2629030066110506,-0.015361935914042224,-0.08237647298582708,-1.1899997678341299,-1.6110484688493065,0.9479114075117355,2.1022223212170363,,,,,,
team5,last12,FF5UMD,12,-0.4003642173615316,-2.556246511202719,0.010580813161410333,0.7139477856906464,0.1802050827360263,0.9760062080273928,-0.583540335172597,-1.6779812994574324,1.7057909264567885,3.63305038612084,-0.12065525491488252,-1.343558660080341,-1.1045786703329394,-4.0820876345389046,-0.6311861237726907,-6.946958162198291
team5,pre2010,CAPM,480,-0.0020211538798801058,-0.12122653236617162,0.9035116093028757,0.005761115626322089,0.04529865360752898,1.5191610645794231,,,,,,,,,,
team5,pre2010,FF3,480,0.009718405878031067,0.5969518903824811,0.5505395013052069,0.042521996213937596,0.003523197902319055,0.11586250894870298,0.023004269523637225,0.43686600240089796,-0.18315192928319474,-2.5755321346249374,,,,,,
team5,pre2010,FF5UMD,480,0.03099785814558801,1.7868446557059225,0.0739625995915103,0.08299099981823777,-0.04679542792255254,-1.515845435984253,-0.03225471421366334,-0.6343209227683122,-0.06300417745305364,-0.839484918509617,-0.16487261209369428,-2.068543977498036,-0.30270555910967145,-2.6875505807910023,-0.045484870271435676,-1.072495804864951
team5,energy_rally,CAPM,24,-0.19149351244598328,-2.150250264283988,0.031535424181531525,0.001022519752025608,-0.02415708920648743,-0.20288041093786935,,,,,,,,,,
team5,energy_rally,FF3,24,-0.11847471706285469,-1.1750676840879544,0.23996763817963074,0.13184628738640225,-0.053883755579594544,-0.6600102595474159,0.23652612367709364,0.8325522839600447,-0.23569247632751178,-2.1411971068486166,,,,,,
team5,energy_rally,FF5UMD,24,-0.08980996341906045,-0.8371171943571832,0.4025266963441029,0.3369423824010338,0.02754234945417503,0.5025614789274778,-0.137157019595291,-0.5476166185593195,0.1607662895338663,0.8066275102806177,-0.3878583108022492,-1.7792001366534236,-0.6263646824047815,-2.814986685704106,0.37860063893141016,2.4322370291729047
epa5,full_1970,CAPM,679,0.014108988656372286,0.7816045127995908,0.4344470339432891,0.03443793319754862,0.14885504698015056,3.6058713257851216,,,,,,,,,,
epa5,full_1970,FF3,679,0.024383631689935896,1.4319099087197809,0.15216960610077523,0.0689123851417568,0.1321249661601585,3.321197029415861,-0.08669063945253926,-1.4739525147202184,-0.2191854111106683,-2.881519121329698,,,,,,
epa5,full_1970,FF5UMD,679,0.0454053815083086,2.580775208432404,0.009857874800043747,0.10590770053638321,0.07674569481848935,1.9574059833785014,-0.1276273199131834,-2.018459404879067,-0.08050026649863941,-1.0060223215614796,-0.08164680272969045,-1.0922252422219112,-0.34538050911409185,-3.038857781793663,-0.09639142005711267,-2.018832975877233
epa5,post2010,CAPM,199,0.05634374202900404,1.4349290744452698,0.15130730962505878,0.005084576752155123,0.058701543621572407,0.7450202848286672,,,,,,,,,,
epa5,post2010,FF3,199,0.04394691690965565,1.322375569620597,0.18604311984945832,0.11965359985617863,0.1247399295998026,1.7046596901984619,-0.31460616989037443,-3.287063687089497,-0.2667448405173108,-4.119750448440643,,,,,,
epa5,post2010,FF5UMD,199,0.047215478576935456,1.5164186316677917,0.1294135307942902,0.14849219640064915,0.10798500532803228,1.5241731185489549,-0.327845679967703,-3.3721977044464,-0.02369210636915125,-0.23892824710544797,-0.035344983205460714,-0.30020018097888124,-0.38005492027188525,-2.012007864010765,0.06627338355499224,0.7091259742507897
epa5,validation,CAPM,151,0.054201860603504945,1.1439417619740422,0.2526477900928231,1.5656040922573666e-05,-0.0031161093425663387,-0.045977712509100134,,,,,,,,,,
epa5,validation,FF3,151,0.04241316874753452,1.034509493500413,0.30089804095815553,0.09635587402016577,0.06706939873922814,1.1614781114215897,-0.29940454470664657,-2.549051535282018,-0.2479118152775486,-3.2431149566817488,,,,,,
epa5,validation,FF5UMD,151,0.0519794191668945,1.430930743737012,0.15245006488129542,0.135828731883315,0.03592916757473095,0.5683089045430283,-0.27969390109808345,-2.2227169933732447,0.00731294715219117,0.05480468957892513,0.06664075649914177,0.5167014491344187,-0.4935632565591596,-2.066587311970845,0.052724758170021264,0.40179402447327855
epa5,holdout,CAPM,48,0.06218647135917997,1.0874828144486801,0.2768234895362107,0.07969824477698484,0.26201491601562305,1.161941074205101,,,,,,,,,,
epa5,holdout,FF3,48,0.05042899608629146,1.0467417393176914,0.2952187074139334,0.22342998131341885,0.30204277176889394,1.4055464703417535,-0.3265261877991674,-1.8647336529777165,-0.2911066863786639,-2.696180495858829,,,,,,
epa5,holdout,FF5UMD,48,0.039023356569894,0.6993189790564528,0.48435270874009784,0.251451541173879,0.29382144806182997,1.5369719643947897,-0.40871144634468926,-2.226158438981658,-0.07393691927513907,-0.5745919503075136,-0.17040319556588554,-1.2129768480630978,-0.1345451893865098,-0.6677147867262109,0.033926016744928233,0.25625350665048746
epa5,covid,CAPM,24,-0.0018139717192044063,-0.01722216044729315,0.9862593833297129,0.004133623031247757,-0.03502359488175706,-0.22435039770155102,,,,,,,,,,
epa5,covid,FF3,24,-0.028722121158516273,-0.38558319454667955,0.6998053813711584,0.2025748185191487,0.048067193078998705,0.5471882306664042,-0.18528275443946685,-1.3135262812124433,-0.24527636200172154,-1.6758305990686855,,,,,,
epa5,covid,FF5UMD,24,-0.0011163555981847937,-0.01605775809556668,0.9871883133224469,0.42150722672860175,0.002763286571724177,0.06479576236987344,-0.5288597295545586,-2.683703643942273,-0.3329022360416006,-2.574042769085379,-0.20923409886568714,-1.2391938911232747,0.30061114905939024,1.8866616682631798,-0.4893756736806402,-4.652453928421862
epa5,inflation_rates,CAPM,36,-0.035896357292563255,-0.3495659634233242,0.7266644584527387,0.00017027883147935352,0.009825898066838586,0.17595167233234504,,,,,,,,,,
epa5,inflation_rates,FF3,36,-0.03222412670945066,-0.37273540945409506,0.7093453796056168,0.13431212756142552,0.0059768070446336655,0.08889635760778562,-0.15035481022304484,-1.3356006604637634,-0.29520114578332224,-4.012333882567772,,,,,,
epa5,inflation_rates,FF5UMD,36,-0.06510934715708741,-0.6946822855270481,0.4872544319093969,0.27247282259796135,-0.023279108387780093,-0.3091623410449901,-0.3539522225437125,-1.7291348003366813,0.237503436709735,0.8137383929655153,0.10856312965991702,0.40948950038221393,-0.797503464860114,-1.637217563904846,0.02715518292733162,0.3072181189113434
epa5,last18,CAPM,18,0.023713916455514288,0.16469993237078773,0.8691801702143563,0.4593563336558234,0.9091013227472098,2.3704340533489296,,,,,,,,,,
epa5,last18,FF3,18,-0.06390973648665801,-0.6022088705922636,0.5470351117168983,0.6389993974875607,1.1673152583441682,4.359545076652388,-1.08907436697984,-5.918146495335106,0.25696990619267635,1.37104150163578,,,,,,
epa5,last18,FF5UMD,18,-0.08352876774270097,-0.6062038427658991,0.5443794013467093,0.6094153975895584,1.199280381788124,3.720582735817367,-0.911659010850996,-3.4344220635348135,0.7105954299120196,3.08480776945062,-0.1493623133457868,-1.0114227349738918,-0.2714155007486614,-0.9267095675030276,-0.17234031421022217,-1.2647753581212846
epa5,last12,CAPM,12,-0.05971268924345605,-0.35859692647103364,0.7198966464004593,0.6755083501883958,1.3698673711775826,9.714916284764719,,,,,,,,,,
epa5,last12,FF3,12,-0.030132206712896376,-0.1901036728435296,0.8492278920523799,0.7088326217928218,1.3185085335910947,11.280769150381023,-0.5977400036816528,-2.020865905207243,-0.0028803387083978227,-0.011385980649098045,,,,,,
epa5,last12,FF5UMD,12,0.05212794811967674,0.19820784023074187,0.842882453562771,0.7445174101657551,1.382801050469141,7.01180767651488,0.13828918078158747,0.17351517104383765,-0.6365346189234198,-0.6798230478515915,-0.04571264097327793,-0.2086636373713449,0.24550328646145125,0.5419130985384115,-0.3028424086890502,-1.8981140400265957
epa5,pre2010,CAPM,480,-2.1865030539987458e-05,-0.0011127312299969746,0.9991121691144766,0.04981588451430585,0.17746476633141336,3.7442191790041734,,,,,,,,,,
epa5,pre2010,FF3,480,0.010303730202576335,0.5232576827919627,0.6007949450509271,0.06366694426190145,0.14837480450089036,3.2228063823797566,-0.016776492450513603,-0.23685620392625076,-0.15668282662887267,-1.430053824193007,,,,,,
epa5,pre2010,FF5UMD,480,0.039805527331786876,1.813914992791428,0.06969081413219252,0.11464528338174174,0.07759754649912165,1.6131747154345812,-0.053521515710990994,-0.739818260917405,-0.040759588696875966,-0.4033620925947577,-0.07332440322139941,-0.8459998241280449,-0.36761632503766906,-2.5851435965091127,-0.13542421547364497,-2.6045453169616826
epa5,energy_rally,CAPM,24,-0.19462895407653058,-2.0918525913560826,0.03645170412202724,0.00580848202396822,0.054682137439043974,0.5205066344879955,,,,,,,,,,
epa5,energy_rally,FF3,24,-0.1785781460875916,-1.9099053304516276,0.05614540363042726,0.028859254603029738,0.042085950784302543,0.42465554823555274,-0.17407943028529943,-1.5093732356393161,-0.10010600819531688,-0.9890895053625383,,,,,,
epa5,energy_rally,FF5UMD,24,-0.20734197623466358,-1.9406973223924746,0.05229500135824477,0.28802371479084377,-0.10904801561022794,-1.406448214518214,0.1839398492048888,0.9603539876674706,0.06778327601442317,0.2674543586398084,0.565045351453098,2.5840928161788352,-0.460226485781567,-1.5175677091746458,-0.06372205845827288,-0.23748474539986483
team8,full_1970,CAPM,679,-0.0033607327905348615,-0.2469796519447278,0.8049239717372842,0.0022447736311551614,0.02684080681774434,0.9261895528368049,,,,,,,,,,
team8,full_1970,FF3,679,0.008171319957184401,0.648479234510515,0.5166750373457266,0.07801396005026073,-0.00540855223910926,-0.200112115489787,-0.018009258432202767,-0.4428347233664571,-0.2392926933779264,-4.534326760654207,,,,,,
team8,full_1970,FF5UMD,679,0.029144065989582052,2.3456928972968063,0.018991748430313107,0.14686087187479824,-0.05092840542987157,-2.064747076012917,-0.10537927851442869,-2.640464630155626,-0.12179053367067746,-2.3410325233723523,-0.2321848066476165,-3.965834290001423,-0.26164438769290826,-3.290597925951434,-0.05973469082631462,-1.651706567367338
team8,post2010,CAPM,199,0.013350045026092976,0.5377946972348819,0.590718793307253,0.0053089393194512,-0.044536984068281465,-0.9444357583585308,,,,,,,,,,
team8,post2010,FF3,199,0.010880349653182032,0.55858326480627,0.5764461639535006,0.1881684637517086,-0.035797867195825034,-0.9118426500163833,-0.0057542069190799836,-0.07472520451068904,-0.34680505517139953,-8.529911438945001,,,,,,
team8,post2010,FF5UMD,199,0.019883578690398772,1.0762397168239557,0.28182006135878535,0.2501029481479282,-0.056652463775618556,-1.282690878064707,-0.12122746199374707,-1.6222555919227972,-0.20064783334479672,-2.409504033814401,-0.21840600366536558,-2.554348092889585,-0.26214126594032033,-1.9922535995964035,-0.026680482344667796,-0.53222889487335
team8,validation,CAPM,151,0.02140771397926145,0.7781842307607941,0.4364604118376384,0.007219535218292106,-0.04831897079040012,-0.8677892555346444,,,,,,,,,,
team8,validation,FF3,151,0.013544688262932788,0.6769956551731229,0.4984087110588469,0.18992163217354974,-0.023908297639581882,-0.5211468847508871,-0.038659609108931625,-0.399357760766608,-0.3269859122908076,-6.892338360438775,,,,,,
team8,validation,FF5UMD,151,0.030222807342884413,1.6097128387375017,0.107460560830108,0.26982930362215307,-0.030578379396400783,-0.5334391270724593,-0.1828601478286909,-2.1967756542692314,-0.18511386533541074,-2.005752968286817,-0.3643843206656247,-3.4737141447311295,-0.2303095895801941,-1.384437147862262,0.016112359688848048,0.2865689531960613
team8,holdout,CAPM,48,-0.012036297814209264,-0.21769395561373028,0.8276675734655199,0.00193816759171217,-0.032226041653447404,-0.3825127128424124,,,,,,,,,,
team8,holdout,FF3,48,0.012086337972305974,0.2327563813321435,0.815950585341193,0.19615883663491085,-0.08242976023136743,-1.3519467495692061,0.09164400357740607,1.0020367195902409,-0.42828089833825667,-5.6066236845116215,,,,,,
team8,holdout,FF5UMD,48,-0.012351778120946127,-0.2286490917549952,0.8191416654328477,0.28053427242030426,-0.08164516471315747,-1.2931107417682965,-0.0906947755925848,-0.6632698865027121,-0.12457488397861555,-0.7718605380475062,-0.08095532431455302,-0.810624558482316,-0.4448556553420572,-2.482930724851289,-0.06726950632302886,-0.7938574557818626
team8,covid,CAPM,24,0.0862625147395608,0.9571889024778081,0.3384719173713363,0.0017009736749670212,-0.023127463677169682,-0.20349880719990138,,,,,,,,,,
team8,covid,FF3,24,0.021937333407552877,0.33004886792913546,0.7413630377430613,0.5169736736247594,0.046139723046344075,0.6407261001020397,0.2907262498484786,1.5726953740209622,-0.4986548815990214,-5.499740872328863,,,,,,
team8,covid,FF5UMD,24,0.06968869143319024,0.9662463833480003,0.33392090817372677,0.6510064163190115,0.1891309218853644,2.8085905730049667,-0.08026895068024573,-0.4438173684536879,-0.3676340280537964,-3.2497082369992873,-0.5435733136150176,-3.824767434084195,0.1703408814076945,1.1431552134632161,0.08698923751906293,0.8277692747890542
team8,inflation_rates,CAPM,36,-0.02062510249524461,-0.2709067507052322,0.7864627528061839,0.0007215445786352692,-0.017595651624585026,-0.16619604153714854,,,,,,,,,,
team8,inflation_rates,FF3,36,0.0002413951036841916,0.0036159317521393445,0.997114910169126,0.26307194208939033,-0.06850849569627812,-0.8963588183262974,0.04291783659071563,0.295865060542076,-0.38557418887780504,-7.309329457404068,,,,,,
team8,inflation_rates,FF5UMD,36,-0.019898312813720294,-0.3165127315055073,0.7516133631741446,0.41371881670720356,-0.08682979252797063,-1.2700940869075188,-0.2525702859709689,-1.5629019466669023,0.09699712843611422,0.6488786371719688,-0.21588544982011454,-1.7540662234057438,-0.7219792299473484,-4.136838476465501,0.040314265275847125,0.5123953011511958
team8,last18,CAPM,18,-0.1015386952089399,-1.4811380033241328,0.13856980270199024,0.03776872097198736,0.15343194386402384,2.8003384210450526,,,,,,,,,,
team8,last18,FF3,18,-0.09341805962533754,-1.4307306223894278,0.15250743332252598,0.10352041241167975,0.13769911762359396,0.8830576566652891,-0.3122886198402519,-2.0414660624499215,-0.12525080825770263,-0.4745695378629505,,,,,,
team8,last18,FF5UMD,18,-0.13280121919855797,-1.459245400909002,0.14449757698695304,0.31449930685871763,0.25214889048958583,2.016705337097229,-0.28183530844505694,-1.8470966674417524,0.3030176392811872,1.1785691087972539,-0.2510427284468908,-1.5868959487047845,-0.44274267903725883,-1.53789392761255,-0.3390952452590351,-2.2339059438734803
team8,last12,CAPM,12,-0.11335164697409061,-1.1207700740228779,0.26238574556252625,0.029626226451141102,0.17523452592095237,1.7129478897822261,,,,,,,,,,
team8,last12,FF3,12,-0.08505731937025993,-0.5716792673067005,0.5675392828061137,0.10573502728332429,0.1259722202371359,0.42945894397684836,-0.5483240594814148,-2.3728805284186296,-0.007292512906411086,-0.01354977783888451,,,,,,
team8,last12,FF5UMD,12,-0.33078257741154504,-1.6333526970354548,0.102394839584985,0.4858646721051305,0.4117930757880411,1.616698409407176,-0.8842773803537751,-1.493164529813556,1.6028933672316146,2.3803368407697647,-0.4698200984132046,-3.4098790608217344,-0.9678683593034446,-3.118630931228262,-0.49711681027704285,-4.932040584119117
team8,pre2010,CAPM,480,-0.007703573029776141,-0.4766792001036427,0.6335905763962018,0.008628831029680817,0.05122188037204577,1.4907535336531663,,,,,,,,,,
team8,pre2010,FF3,480,0.003585638701860854,0.22586593244823144,0.8213056951136343,0.04405251595992887,0.017092301464433822,0.5280770119583086,-0.00710038995970633,-0.14246142272533985,-0.17264432353265782,-2.238860823707712,,,,,,
team8,pre2010,FF5UMD,480,0.029223122570660152,1.8044919432968431,0.07115422105335738,0.11346868313635528,-0.03789796014476979,-1.2950358538903302,-0.08491236099293127,-1.75481292015524,-0.06563486394770479,-1.0237104224082942,-0.22727269997370186,-2.930862378432137,-0.2730717798978347,-2.750505838911904,-0.06629666097541027,-1.580904858116329
team8,energy_rally,CAPM,24,-0.12263000492165943,-1.5505749588633415,0.12100357700825352,0.0011303747780641027,-0.02234426165319829,-0.19011498935095478,,,,,,,,,,
team8,energy_rally,FF3,24,-0.02282540408251103,-0.2796141703700179,0.779773534218658,0.2992551443511322,-0.0652764817241897,-1.1185978490245814,0.23748437552064994,0.9715769567339728,-0.34048402252308135,-3.836230484650006,,,,,,
team8,energy_rally,FF5UMD,24,-0.0014292944990103359,-0.017165626662680834,0.9863044840965508,0.5029815196000642,0.010762024304178636,0.2318273252569529,-0.165655641633342,-0.6349585883716445,0.016812401687373968,0.08142027183709635,-0.344768325253631,-2.3226014729274866,-0.5623104902559746,-2.148054986159249,0.3590616649514469,2.7849759774055958
epa8,full_1970,CAPM,679,0.003909826624987431,0.24259875072496595,0.8083162490862745,0.15101208973881985,0.3012180928014129,6.871705112783945,,,,,,,,,,
epa8,full_1970,FF3,679,0.014880344342675277,1.0009113256116675,0.3168696805859941,0.18768684557241655,0.264665879301519,6.509854276321576,0.017435173746221257,0.34233235946431495,-0.2247125454192838,-2.8735016384246688,,,,,,
epa8,full_1970,FF5UMD,679,0.04591641296189076,3.126090322470006,0.0017714713428041771,0.261207829735159,0.18925056653083389,5.020665567281841,-0.07586468048092011,-1.2776272449087618,-0.04659609227676367,-0.5855854705783042,-0.24548464228262443,-3.352212503897135,-0.45027245938075605,-3.9597349794080388,-0.10758731252475756,-2.4659707456592397
epa8,post2010,CAPM,199,0.03642154250258219,1.0737959896366556,0.2829141277658286,0.11118503286294479,0.2618082767048614,4.305482077193383,,,,,,,,,,
epa8,post2010,FF3,199,0.03086362960715159,1.0421341512785611,0.2973494870415283,0.20143568396592637,0.2887676177819653,5.470227734948554,-0.10692575397071143,-1.3499684141795603,-0.29563322697104416,-4.813349151596167,,,,,,
epa8,post2010,FF5UMD,199,0.03654733723253637,1.3505873373682238,0.17682765931411282,0.29523837493316474,0.2646453142921746,5.20011488156165,-0.1854856419770654,-2.1875893298657108,0.025821755873360133,0.23752107653414947,-0.1306162092644106,-1.2552433835067023,-0.5862778517250881,-3.1157683953501687,0.0970224850349764,1.187086290965903
epa8,validation,CAPM,151,0.029019112671303478,0.7253544210036196,0.46823462734717136,0.09894077822403824,0.2364617687416659,3.693219060917149,,,,,,,,,,
epa8,validation,FF3,151,0.022302722995892248,0.6312755745917245,0.5278603546737669,0.157738148850309,0.2627726786040105,5.096142770043775,-0.0722707555640088,-0.8235318619677916,-0.23991097027640562,-3.3735266998020523,,,,,,
epa8,validation,FF5UMD,151,0.04397006855474861,1.4966558046095453,0.1344828415651324,0.286340749076087,0.22378810843225722,3.9088193442071866,-0.14853901723162108,-1.3871339677538357,0.14002086643968376,1.0120703525724744,-0.15718685676694719,-1.1671749653162826,-0.7865342102944345,-3.4853680080783387,0.11648436796708361,1.0205799726549367
epa8,holdout,CAPM,48,0.059328116160002685,0.9509212882562703,0.3416443342294567,0.15292917020186958,0.34527269017786033,2.445416904849715,,,,,,,,,,
epa8,holdout,FF3,48,0.07033547155826136,1.3345655468438584,0.18201858054533326,0.34513985256633506,0.3306117841952859,2.661955157158614,-0.10759490851901199,-0.7159511080647958,-0.4603992612760771,-4.084593452513356,,,,,,
epa8,holdout,FF5UMD,48,0.0533577085700663,0.9419933925925216,0.34619602276925254,0.3906116130794389,0.32917988791029856,3.2067140432149355,-0.19096618816225192,-1.1613123514620225,-0.27387474693209524,-2.1302454612813415,-0.1319767854029824,-1.083790387376093,-0.18341289188079085,-0.7996643896490109,0.0910130927350801,0.9851556141676572
epa8,covid,CAPM,24,0.018527363711778808,0.3237094934067746,0.7461579828496381,0.03173620239049324,0.08740455095271515,0.7060971621781638,,,,,,,,,,
epa8,covid,FF3,24,-0.01985561257241161,-0.4547434892985035,0.6492937896568873,0.27671926917598877,0.13750629295304112,1.6191175991433497,0.12374153673607022,1.6335704160159557,-0.3034930704915321,-3.3661204630095627,,,,,,
epa8,covid,FF5UMD,24,0.023920280451360496,0.5132582155616704,0.6077707084094991,0.3966190975602313,0.09167207038409916,1.6913052399649127,-0.14415835579772726,-0.8320440557029308,-0.28176497329377154,-3.112762898456466,-0.2135309315327661,-1.0505507842113906,-0.1843246155100698,-1.0566716028131065,-0.2747220047721054,-2.3127429281766325
epa8,inflation_rates,CAPM,36,0.0250439554337676,0.2714759688621878,0.7860249800199781,0.1078340471436231,0.26232189469864436,3.257954759363335,,,,,,,,,,
epa8,inflation_rates,FF3,36,0.03979509432410171,0.5306161855556327,0.5956847772851419,0.25842790042095876,0.22817469587680048,2.662263043621889,-0.026650841852886797,-0.16458277157775827,-0.3546251451260402,-4.531314161874779,,,,,,
epa8,inflation_rates,FF5UMD,36,-0.004162785666909731,-0.049515394272203014,0.9605085693927122,0.4708688439015817,0.20936721361856991,3.031799270035932,-0.31187928141368126,-1.4059759448730231,0.3410305565307654,1.1008308164970244,0.000488505357766407,0.0024075397983637655,-1.0942449673348258,-2.3273448506051633,0.1463902221345737,2.124897834091471
epa8,last18,CAPM,18,-0.053834455545854594,-0.42365795538598683,0.671815282204847,0.464837822204331,0.8169712384417199,5.3579531041643875,,,,,,,,,,
epa8,last18,FF3,18,-0.03254109243891058,-0.31098323753665313,0.7558133647676997,0.592034672012791,0.7722568476018786,6.163640216399202,-0.6444051899866771,-3.4621088969880747,-0.2855990217517465,-1.5605368815512517,,,,,,
epa8,last18,FF5UMD,18,-0.06362088393330984,-0.5303104418761034,0.5958967081438458,0.6026225774312859,0.7960441880150484,5.480612775164443,-0.613117075573626,-2.3844850446321915,0.03259333293505067,0.1319794012844294,-0.23015545784054403,-1.4637776000452425,-0.07396539234734088,-0.1875800275115186,-0.14035005148657953,-1.203838780352034
epa8,last12,CAPM,12,-0.11719513726915472,-0.6894328502865422,0.4905509167733665,0.47129751256284536,0.9708628933321068,7.9419472857677125,,,,,,,,,,
epa8,last12,FF3,12,0.07639246818779918,0.4122119589896073,0.6801840724296342,0.5795267973684759,0.6127861101635167,4.362624105487831,-0.14388488906868172,-0.5326207436958232,-0.7486669303963073,-2.2758690407460755,,,,,,
epa8,last12,FF5UMD,12,0.07436244048688401,0.2741808146435451,0.7839456710807201,0.6012863530192698,0.6095431506281359,3.493588224411315,0.23744546141866063,0.394819341881735,-0.8006512662877284,-1.0331064550384716,-0.0872352351979635,-0.4168727895439676,-0.23823415465183861,-0.49416239738208706,-0.18647035250420824,-1.4701751528507165
epa8,pre2010,CAPM,480,-0.008016243366564466,-0.451366278552432,0.6517255831582023,0.16385526354040836,0.31227185803695223,5.662645153103416,,,,,,,,,,
epa8,pre2010,FF3,480,0.0025447983767024423,0.14823640007697922,0.8821562060310215,0.1867165857088917,0.26631020010988926,5.25918777811307,0.06121600157973299,0.9851198718047574,-0.16959335525743735,-1.4636460109512737,,,,,,
epa8,pre2010,FF5UMD,480,0.04380801078106141,2.3805608254161745,0.017286306945955426,0.27270460525184836,0.17397558668367724,3.6695014163213338,-0.024676374775854222,-0.3507967569404678,-0.03702838828013533,-0.3536492146737003,-0.24958018214249378,-2.7763070693232037,-0.4264646540556906,-3.0194750810423,-0.15385397528152017,-3.4633316851018288
epa8,energy_rally,CAPM,24,-0.13048898107970014,-1.433202463433592,0.15179998588126997,0.15660321419972223,0.29893470437171193,3.888767518262201,,,,,,,,,,
epa8,energy_rally,FF3,24,-0.06711238173600963,-0.6716912988367487,0.501780241839577,0.24985482921205981,0.27174086053038016,4.4845698914432095,0.15335543903356763,1.1679936146536845,-0.21566463324944013,-2.0499050871159765,,,,,,
epa8,energy_rally,FF5UMD,24,-0.06545139219922469,-0.6214540933301809,0.5343008902758299,0.44613125768379636,0.1791203177950485,2.281376978197006,0.20524513261073932,1.2200180286080609,0.12592217035002073,0.35151115922339227,0.23399165701086375,1.0667612056563742,-0.7651243596445141,-1.9115759126815448,0.11918523897735242,0.4854089697598641
epa_median5,full_1970,CAPM,679,0.0002229783017360427,0.010268596457338831,0.9918069894098954,0.03652685011045831,0.1799606797282356,3.5235064527463167,,,,,,,,,,
epa_median5,full_1970,FF3,679,0.0017224333500942268,0.08370618986675692,0.9332900356185316,0.04953280629889878,0.20361647021382334,4.291267486745842,-0.16625111925182337,-3.0906018364658836,-0.044998595318621354,-0.48421522572549996,,,,,,
epa_median5,full_1970,FF5UMD,679,0.03434992918375862,1.7158115675581034,0.08619653629969602,0.11232020797669551,0.12581089726515493,2.7918479701515686,-0.27566148766814447,-4.243186452455983,0.1902604584815492,1.9658372622706908,-0.30225114533226305,-3.1458477410649683,-0.49281450180733427,-3.1507538336478675,-0.09577189359963216,-1.5851492594801242
epa_median5,post2010,CAPM,199,0.014883975441591047,0.3495425349462922,0.7266820438140171,0.05842879542927104,0.24219509972084816,3.5157382560481545,,,,,,,,,,
epa_median5,post2010,FF3,199,0.012693478992556255,0.30418405706576274,0.760987670329945,0.06511180483939272,0.2530636155896877,3.5765517210019286,-0.04527642959749076,-0.41462979270990874,-0.10034377001609923,-1.1352591974761943,,,,,,
epa_median5,post2010,FF5UMD,199,0.01875430190882431,0.47279894537237327,0.636356626567557,0.12235584592101167,0.22832707435192373,3.2297598332856214,-0.11182123253995982,-0.9575982278285311,0.19999072345251642,1.3029541385702912,-0.16929058284696158,-1.2013919400259652,-0.5566190164197841,-2.1162549762859486,0.1089653421868324,0.8451198776673386
epa_median5,validation,CAPM,151,0.024694084761736124,0.4924125343453205,0.6224277401585453,0.046409586093016486,0.2153284036768832,2.8249668025962653,,,,,,,,,,
epa_median5,validation,FF3,151,0.021913183987941908,0.4453643067428444,0.6560565022482027,0.05032350663516805,0.22973530049951266,3.058205464704665,-0.055176189550013716,-0.4304982675596558,-0.07398966360005631,-0.6874636978995196,,,,,,
epa_median5,validation,FF5UMD,151,0.04828401860381848,1.1607236313086322,0.24575430848793123,0.14306014237447895,0.18214448665073577,2.1631763594431934,-0.13610423091810672,-0.9020372832517435,0.34477054427438497,1.8187236191859708,-0.22879471358076559,-1.2702025504728545,-0.8746451439590143,-2.7838288967980716,0.12778237260698186,0.678087677292981
epa_median5,holdout,CAPM,48,-0.016344429540640654,-0.20402622325499192,0.8383330067049064,0.10724230890327513,0.3303900196491927,2.3988619575263574,,,,,,,,,,
epa_median5,holdout,FF3,48,-0.010349754065255259,-0.12834720021169824,0.89787421358823,0.12400022337161865,0.31970913784159605,2.1503062912470283,-0.009747210530398509,-0.05031804854777492,-0.16410554961194337,-1.1780718592714174,,,,,,
epa_median5,holdout,FF5UMD,48,-0.02091071656137805,-0.2528482711754155,0.8003854643472653,0.1639403488560912,0.31390982107652443,2.380321994284716,-0.08281435235642982,-0.3962544376534664,-0.08267186377765809,-0.45831397152925263,-0.21452125069093858,-1.2974993107929487,-0.013104662304348064,-0.044377747602227485,0.08896787240620734,0.8044304262438602
epa_median5,covid,CAPM,24,-0.04856882146068797,-0.7509809727738767,0.45266410689099834,0.015552176664307304,0.083520364748988,0.4688854935542903,,,,,,,,,,
epa_median5,covid,FF3,24,-0.07339185400589436,-1.1441504932599122,0.25256123028559674,0.07148474482189404,0.09799106024813423,0.6630137527004242,0.1817165684089737,1.0096593691895415,-0.18412047465414785,-1.1639502063053244,,,,,,
epa_median5,covid,FF5UMD,24,0.019443183292158526,0.32081925314953624,0.7483473681178104,0.39862450675443484,-0.0012101701958869213,-0.014430290798290307,-0.40620780659382594,-1.3970320830565581,-0.18001346903461918,-1.3059670203798286,-0.49926376811687734,-1.5241737957074457,-0.23725716355835907,-1.3765129221389696,-0.6685420227994778,-3.5422973322907563
epa_median5,inflation_rates,CAPM,36,-0.032578548695074115,-0.3762166295126824,0.7067558534887255,0.043860550660991926,0.18554767937883715,2.610269987039174,,,,,,,,,,
epa_median5,inflation_rates,FF3,36,-0.0168101119350587,-0.19997582165635655,0.8414994906967806,0.06837452591313975,0.14347981635657692,1.4869970569721207,0.14347162118930118,0.6668566972757958,-0.13150435447578296,-1.2548989906451775,,,,,,
epa_median5,inflation_rates,FF5UMD,36,-0.06612346572529529,-0.701772197330668,0.48282124005026184,0.28291953774052736,0.1306499689336965,1.2790048419764877,-0.1633074667575138,-0.5485606152940652,0.6094360922225337,1.5986742304304502,-0.039710691269782314,-0.1151534885235145,-1.2272400976578792,-2.0851657146924243,0.21651482808197758,2.3997654030967346
epa_median5,last18,CAPM,18,-0.10961265730346925,-0.6033248634663286,0.546292595713386,0.28345981765598904,0.7230971666959193,4.482272684886708,,,,,,,,,,
epa_median5,last18,FF3,18,-0.17424098037467212,-1.089131954225704,0.27609570046378296,0.337445346305032,0.9094471113092184,4.281693061098963,-0.5965840851647539,-1.7627432721007679,0.24026795186789096,0.7625856141390466,,,,,,
epa_median5,last18,FF5UMD,18,-0.19787948826462903,-1.2252397878332417,0.22048488742139005,0.35501152375162126,0.9052020204630331,3.794475184914732,-0.5421956817570598,-1.2719512140970894,0.36490550457842513,0.857364969038151,-0.31513580634057053,-1.5721795420321136,0.23700991147603803,0.4311224824932235,-0.1869538456525251,-1.1393314366995668
epa_median5,last12,CAPM,12,-0.10525415224416686,-0.4184401479713456,0.6756253380260033,0.23689100271483243,0.7712510456330149,3.3978076536978925,,,,,,,,,,
epa_median5,last12,FF3,12,0.03788984380423568,0.14488896612254673,0.8847985382647235,0.27116103671042,0.5052338359882449,2.3078671341826604,0.10727702942915279,0.2348290354120596,-0.5949702806947206,-1.7031243967436132,,,,,,
epa_median5,last12,FF5UMD,12,0.11692605297476083,0.302310252693217,0.7624155632627652,0.30801237094222644,0.41138717656568724,1.5990590304311392,0.8549601870557954,0.8910607623963089,-1.3304795752401106,-1.0677973077282281,-0.03677039609928995,-0.12038554556586971,0.06062330777779912,0.08517025264780041,-0.155961349094294,-0.7243220505912799
epa_median5,pre2010,CAPM,480,-0.007951824531211075,-0.31969941681315694,0.7491962019157645,0.02856810494429174,0.1556801945317028,2.421340791732334,,,,,,,,,,
epa_median5,pre2010,FF3,480,-0.004034507270559101,-0.17091361391728294,0.8642916918151063,0.047106374935050876,0.18290948511228883,3.2059459907683774,-0.19139570690466448,-3.0488837692546764,-0.037397127332599034,-0.2735209971754833,,,,,,
epa_median5,pre2010,FF5UMD,480,0.03984966393804803,1.6432131812205075,0.10033883362069135,0.12425264454948926,0.08585973893249131,1.5938915192701308,-0.3030929127868196,-3.9628843108173344,0.16878010827198178,1.3436455468834398,-0.31900042487858005,-2.6701262062354583,-0.489424248369585,-2.4721505070446894,-0.13863507613966447,-2.203832008136439
epa_median5,energy_rally,CAPM,24,-0.16514731267233923,-1.7878554301330096,0.07379933523137977,0.06567803579630316,0.2366925083786256,2.5887577963551496,,,,,,,,,,
epa_median5,energy_rally,FF3,24,-0.15093872993448376,-1.447079677661274,0.14787460908988437,0.07892188316374704,0.2351267912782617,2.552725110156623,0.20336235688072002,0.8528608232758061,-0.012250345857858579,-0.08783820280250036,,,,,,
epa_median5,energy_rally,FF5UMD,24,-0.14057880285534802,-1.4083669103318481,0.15902245213605304,0.35190530326347125,0.07652848902015412,0.6697603355288135,0.36911605182243284,1.5227545019161903,0.3913145574171432,0.8862038192776421,0.3743214654107475,1.3025998742255478,-0.9817981254846129,-2.0718247975589383,0.03495776176826199,0.09810556656236141
epa_nomargin5,full_1970,CAPM,679,0.012523078893632852,0.6199695042110106,0.5352778645769829,0.07312649478071453,0.24272474433885757,4.618575889073201,,,,,,,,,,
epa_nomargin5,full_1970,FF3,679,0.03164006134153983,1.8044194048694389,0.07116558328637684,0.15577903378648572,0.18192997496486124,3.9908770762834513,0.013311933658304496,0.1998895133197524,-0.39302512685095325,-4.294912179650073,,,,,,
epa_nomargin5,full_1970,FF5UMD,679,0.05956966671578706,3.2280420559341194,0.0012464064815503426,0.1986177989697806,0.11649292628499196,2.555133850184784,-0.07273495267043167,-0.9434672684948217,-0.25930522377974197,-2.735483442301021,-0.20531181971067566,-2.3645149660918494,-0.3589211189149888,-2.758337864993668,-0.11479940680932874,-2.0980190763029505
epa_nomargin5,post2010,CAPM,199,0.06436720890691855,1.5189077132361084,0.12878572724078505,0.02653843430384084,0.14800588758981081,1.6236271419812511,,,,,,,,,,
epa_nomargin5,post2010,FF3,199,0.05001133931013849,1.5432121639191643,0.1227793069211267,0.21303880430526734,0.22261374405416484,2.8904983535882693,-0.3402703142039535,-3.426309567754794,-0.4329866823483652,-6.683771497764613,,,,,,
epa_nomargin5,post2010,FF5UMD,199,0.053849424055087865,1.7373066273149156,0.08233306239155697,0.2475601973931314,0.20661293194969382,2.693225522178056,-0.3870830534638255,-3.6463360137471326,-0.1629539857419556,-1.4326489184855469,-0.05398868863467171,-0.40111968891908306,-0.41531215871967253,-2.006815861669776,0.05769109148126146,0.6368866520991832
epa_nomargin5,validation,CAPM,151,0.05532026499545874,1.0922016350235855,0.27474448399474294,0.004527674317637453,0.05609315651744326,0.7157516844084986,,,,,,,,,,
epa_nomargin5,validation,FF3,151,0.040414010117611164,0.9990366626643308,0.3177769312824026,0.15590023903706263,0.13735660341682443,2.3604753604949478,-0.32479272470542114,-2.8588757857863714,-0.3674595252382217,-5.100917788729422,,,,,,
epa_nomargin5,validation,FF5UMD,151,0.04729252134636014,1.281508986543725,0.20001494549501664,0.2022295370537901,0.10745201059779134,1.6781778432704066,-0.2903908858379882,-2.1868326263643727,-0.10033966742110945,-0.6696797315932854,0.15382032908100665,1.076844991770574,-0.5201854533668909,-2.0460150930365235,0.06123629692319853,0.4953108072281532
epa_nomargin5,holdout,CAPM,48,0.09148444084559175,1.5775552780685298,0.11466781338651766,0.1646559110030429,0.45039102207585685,1.873633905029578,,,,,,,,,,
epa_nomargin5,holdout,FF3,48,0.0958246091687064,2.3443628158343666,0.019059620637043424,0.41516395069761314,0.45780308510068124,2.1906303198461656,-0.2814283323706714,-1.3891918255861773,-0.6053877525985124,-5.665536704756875,,,,,,
epa_nomargin5,holdout,FF5UMD,48,0.08237581184983099,1.7445765697357738,0.08105860225536525,0.4493912885610407,0.45466479483733385,2.424002561645709,-0.43833475683112055,-2.1732203195000217,-0.3814933428841346,-2.7780067104441875,-0.25712891778078273,-1.8966957117674175,-0.07702712468288975,-0.30250343412445896,0.0010633032896749939,0.007233136656274518
epa_nomargin5,covid,CAPM,24,0.04418994775193168,0.36659476053413276,0.7139213170208423,0.0014204803738118166,-0.023772717677898826,-0.14253787058604686,,,,,,,,,,
epa_nomargin5,covid,FF3,24,-0.004931458827958335,-0.07789791567485795,0.937909257425039,0.3316973406582411,0.08708024965110486,1.0151010662708035,-0.10667741036650888,-0.8617041035340537,-0.42008012426917923,-3.3777668456688,,,,,,
epa_nomargin5,covid,FF5UMD,24,-0.015454942300766132,-0.23038641405980248,0.8177915172501597,0.45929117394401975,0.02490043305606933,0.41164046223651923,-0.19657524898481804,-0.7604986199166739,-0.5954148314317023,-4.7242768062816065,0.09418478633721904,0.41799747474658744,0.3542476425108207,1.6246523566874855,-0.32979053992367585,-2.5825636695847907
epa_nomargin5,inflation_rates,CAPM,36,-0.016382895225306213,-0.1391017517552403,0.8893697439848431,0.03864830456213442,0.17759561184362113,2.4036313948192043,,,,,,,,,,
epa_nomargin5,inflation_rates,FF3,36,-0.008908552442416461,-0.09471804072852823,0.9245387879733461,0.25214850008931844,0.16643275932874674,2.0224651817340353,-0.20318822902639674,-1.2962117077257898,-0.4527820561812215,-4.1296747970164684,,,,,,
epa_nomargin5,inflation_rates,FF5UMD,36,-0.039941329108943685,-0.4044267572071708,0.6858989273905127,0.39384829892198825,0.11517864305213234,1.2071088360464888,-0.5389512753451475,-2.370596467061088,0.18821434387284222,0.5630479279536205,0.036728655783810946,0.12753417646305126,-0.8975804287967941,-1.7270907807068803,-0.09976544277555656,-0.9963561611318139
epa_nomargin5,last18,CAPM,18,0.0628036972310204,0.4760716658233621,0.6340233221842286,0.6446726247144917,1.2359440930492946,3.8824888663768573,,,,,,,,,,
epa_nomargin5,last18,FF3,18,0.04042979187631198,0.49609860639593395,0.6198248424147463,0.8118784802074531,1.3183657096494616,7.269350242599624,-1.1092666267101337,-6.016609664779611,-0.13842053617432365,-0.9721340195781241,,,,,,
epa_nomargin5,last18,FF5UMD,18,0.004627838631046913,0.044348970019481515,0.9646262376167735,0.806320444853095,1.3521366461542963,5.815346935036163,-1.0337610725699928,-4.719572389890311,0.3790953122649863,1.6575970809067189,-0.21083404804990005,-1.7969653829387264,-0.21485830664703517,-0.8561456219377701,-0.1391664416523778,-1.3603028636822125
epa_nomargin5,last12,CAPM,12,-0.051893268659552225,-0.3627385101326766,0.7168002293100617,0.7681054359466366,1.6333328891452763,17.038404062244247,,,,,,,,,,
epa_nomargin5,last12,FF3,12,0.12728564820772337,0.8548613945057552,0.392627884989626,0.8443337272734641,1.3034808857638631,14.195315714902389,-0.4030846194653244,-1.7956341622340322,-0.6406654418246269,-3.002871941726742,,,,,,
epa_nomargin5,last12,FF5UMD,12,0.1656150478017217,0.82236913400263,0.4108668408040771,0.8562150401553179,1.3618447170031152,10.85714466214012,0.04160606299391667,0.0922537442313152,-0.9717167235764412,-1.567226172606982,-0.06916833298072039,-0.4606854879518601,0.14338728899074038,0.3598169211269425,-0.21752551176812618,-2.039630820252404
epa_nomargin5,pre2010,CAPM,480,-0.005380320915665872,-0.24190138475597564,0.8088565771155223,0.09271187830275363,0.27201077027008236,4.327650016655347,,,,,,,,,,
epa_nomargin5,pre2010,FF3,480,0.015085497479439183,0.7366329078660089,0.4613456172363989,0.15585177215474344,0.18375731021773767,3.437113773108085,0.11469297812398094,1.447919118397839,-0.32817931540346573,-2.4489049480349183,,,,,,
epa_nomargin5,pre2010,FF5UMD,480,0.0557346714290355,2.3762683931102204,0.01748873671725809,0.21575995152296512,0.09384988232785803,1.6703060898300652,0.025840935181789787,0.28810299545901924,-0.21035771575077505,-1.6864002591447036,-0.2441654914116867,-2.4846338129360763,-0.4108193994681574,-2.4892209500822307,-0.152652331538019,-2.5582983386410567
epa_nomargin5,energy_rally,CAPM,24,-0.2271536745173408,-2.4752373857179353,0.013314764297805967,0.049454499936051,0.17056186147626357,2.0552111085232103,,,,,,,,,,
epa_nomargin5,energy_rally,FF3,24,-0.18143246888497894,-1.8060350697148098,0.07091286180358343,0.10623942306266221,0.14458317014031727,1.8818159176903981,-0.12657955767605408,-0.8319301514337583,-0.20626183930683503,-2.010023043927297,,,,,,
epa_nomargin5,energy_rally,FF5UMD,24,-0.21246228729903066,-1.8047874565737356,0.0711079479811377,0.3330972289794404,-0.009805146581006771,-0.12638716265523514,0.2198196556042798,1.000513653993429,-0.10136846592460554,-0.30976999914285275,0.5824725802020755,2.5879474130859355,-0.3699251623198643,-1.0012326412336405,-0.10304684085725972,-0.44069251379805785
epa_anylink5,full_1970,CAPM,679,0.017093960795939327,0.9471428972170128,0.3435659682947788,0.05190976581878026,0.18116336003215108,4.509024933803288,,,,,,,,,,
epa_anylink5,full_1970,FF3,679,0.02765868604422068,1.6120974847402263,0.10694072800433249,0.08552985414872005,0.15719380680690503,4.105251779894489,-0.0493091925334388,-0.7820930410211447,-0.2219997728471215,-2.892084876124704,,,,,,
epa_anylink5,full_1970,FF5UMD,679,0.04748199492872491,2.664603627315098,0.007707911415270816,0.1186181357751348,0.10511479282297699,2.6996482442226992,-0.08797553401197715,-1.3499209799813932,-0.09985474033051205,-1.158022167054333,-0.07130134093606622,-0.973592046818964,-0.32084577887523097,-2.8297604446431746,-0.09357097421091454,-1.8997122390981687
epa_anylink5,post2010,CAPM,199,0.06627946184585215,1.6266250458930636,0.10381675661341007,0.008999917885447406,0.07789917652931781,1.0645131861196628,,,,,,,,,,
epa_anylink5,post2010,FF3,199,0.05371067988420885,1.6102568829894364,0.10734178788693739,0.1571249269640782,0.1439254944909522,2.2231073934703582,-0.30700998762774434,-3.3065203339522697,-0.33214815365573136,-5.789927849093386,,,,,,
epa_anylink5,post2010,FF5UMD,199,0.054868885248242745,1.744178753946924,0.08112792485758064,0.19124965825952245,0.13128016817240876,2.100185534384937,-0.31264257901140063,-3.328188503886653,-0.08214359893876869,-0.7905973299033432,0.015902799926186807,0.14851303195779,-0.3996681640035613,-2.156029627411133,0.08489938201315907,1.0036655076934478
epa_anylink5,validation,CAPM,151,0.06922637964832284,1.419516213452304,0.1557485733728193,0.00040731755713507845,0.01584893763329731,0.25089884604902857,,,,,,,,,,
epa_anylink5,validation,FF3,151,0.0559787507978848,1.3704956495159135,0.17053223251836302,0.13001585776420554,0.09045314860962385,1.785734300949903,-0.30578291446483447,-2.876193406969538,-0.3093796631172126,-4.929759795544229,,,,,,
epa_anylink5,validation,FF5UMD,151,0.06123596385953769,1.6378600882722327,0.10145088339608117,0.17988944348264846,0.07217544041207084,1.2687310160262686,-0.278007707420723,-2.414126504049819,-0.03053360919798507,-0.21478909101132923,0.11284609463622246,0.9022676357311515,-0.5049560920515945,-2.1258220332955333,0.10928102419810241,0.9105112311089407
epa_anylink5,holdout,CAPM,48,0.05612058679332563,0.9089055840418858,0.36339996597278323,0.09217539254815266,0.2818980139727334,1.3788617537474894,,,,,,,,,,
epa_anylink5,holdout,FF3,48,0.05043502770918922,1.0593180633573418,0.28945495121455667,0.2674706811170344,0.30845770676717454,1.6113004546176777,-0.2883971771488856,-1.4703155705797903,-0.3721994960595835,-3.1857048725419097,,,,,,
epa_anylink5,holdout,FF5UMD,48,0.03816093945637,0.6878779173569284,0.49152966375867757,0.2886368768204456,0.30279331197140325,1.7478949302590407,-0.3896907805478839,-1.9186406625548038,-0.13731068194083984,-1.0380688579252457,-0.13781254935091375,-0.9905584792106217,-0.18295366140114233,-0.8602797668559834,-0.007139086359625291,-0.05744823585975534
epa_anylink5,covid,CAPM,24,0.026275808815614598,0.22196946594309447,0.824337653056473,0.0012024432030034449,-0.020980831479362687,-0.1425974017765984,,,,,,,,,,
epa_anylink5,covid,FF3,24,-0.016955140788405744,-0.2846275590680711,0.7759294951077569,0.33356292971867973,0.09302187414043513,1.3335800042430783,-0.18713520715835308,-1.401745851533167,-0.3808513660151419,-3.2689767884779006,,,,,,
epa_anylink5,covid,FF5UMD,24,-0.024156320566899307,-0.3750714450488086,0.7076073329557144,0.4232710268583132,0.029975014233163802,0.6872735565444431,-0.2532706392130136,-1.1271735561144487,-0.4840185001112953,-4.146363377259397,0.10023684501717278,0.4619176198166319,0.1734824381125567,0.8872703812215154,-0.27519929112498936,-2.4906362407586196
epa_anylink5,inflation_rates,CAPM,36,-0.013976830805920645,-0.13590098110260182,0.8918995598649491,0.009430952857263919,0.07684986863154106,1.2006824622463297,,,,,,,,,,
epa_anylink5,inflation_rates,FF3,36,-0.008717231788844104,-0.10108361600120044,0.9194840839593863,0.158944733250591,0.06927888626256976,0.9131534298328007,-0.15176084684667282,-1.1374920213377713,-0.33125763338021186,-4.036666405532704,,,,,,
epa_anylink5,inflation_rates,FF5UMD,36,-0.039294057518307585,-0.42610619309745124,0.6700304676509111,0.31097206669742894,0.029141762451919514,0.35107823431837293,-0.44187933050044736,-2.17581514784869,0.26907326736359394,0.8534214603574767,0.013086089565289089,0.04828492009125944,-0.8682411072822931,-1.7819172724750547,-0.030093720612358127,-0.32593026357006905
epa_anylink5,last18,CAPM,18,-0.005588428402335362,-0.04063918418529238,0.9675835454834304,0.4398934722750072,0.8454336290247504,2.377367147509035,,,,,,,,,,
epa_anylink5,last18,FF3,18,-0.08947429552791758,-0.997335133711906,0.31860186547191716,0.6609496111169815,1.0946740386967035,4.913491731598484,-1.1455093030539283,-5.765516423738493,0.2207507365068534,1.2199426457643936,,,,,,
epa_anylink5,last18,FF5UMD,18,-0.1078174278568313,-0.8701034850406841,0.3842438533311343,0.633626565276732,1.141262895857625,4.186888720489983,-0.9717833659306865,-3.238496836690652,0.715563890500843,3.449345853340842,-0.1086629083722043,-0.7499035078462649,-0.3375804721904715,-1.2117501426819763,-0.17578067079894125,-1.289207086112123
epa_anylink5,last12,CAPM,12,-0.11196903514616507,-0.8081880729550314,0.4189823226979674,0.6793141357396737,1.2883862303994855,10.675848422768869,,,,,,,,,,
epa_anylink5,last12,FF3,12,-0.07796285617419482,-0.7056001565254502,0.4804368269006589,0.720177684878192,1.228888885755591,11.762754932751779,-0.6092051562321061,-2.245035364542056,-0.018412414569870472,-0.08111925867851609,,,,,,
epa_anylink5,last12,FF5UMD,12,-0.0039082132963807,-0.016089444890212832,0.987163034183997,0.7631901036051334,1.2537032186556525,6.048014426767048,0.20620677461419346,0.241625339014643,-0.5120952849262617,-0.543091414728899,-0.005148606710510206,-0.023996742224158034,-0.07737214750764654,-0.19479738102866262,-0.31778024367404933,-1.9592294229423703
epa_anylink5,pre2010,CAPM,480,0.0005771889287097161,0.030062792864657115,0.9760169743023218,0.07410125814359181,0.21385005897254794,4.55255701696582,,,,,,,,,,
epa_anylink5,pre2010,FF3,480,0.007921819726648884,0.4072619227708554,0.6838156259033331,0.08423210903897649,0.18297514668251724,4.082390856553329,0.03730695145142604,0.498786465845577,-0.11731562523510855,-1.0846134425859904,,,,,,
epa_anylink5,pre2010,FF5UMD,480,0.03604595849077606,1.6379754347644093,0.10142681831371417,0.13048383016843523,0.11584677473823467,2.3730929414520188,0.004767654141261485,0.06442695076643688,-0.024147446566258543,-0.23407200443292644,-0.06833086270349159,-0.7705869985310827,-0.33228850370424745,-2.3918138552390373,-0.13337385121768336,-2.3860768102845333
epa_anylink5,energy_rally,CAPM,24,-0.21059198348847777,-2.6468892968629243,0.008123594175015523,0.009376430110284995,0.06937760858013939,0.7481627458228857,,,,,,,,,,
epa_anylink5,energy_rally,FF3,24,-0.1753963692487725,-1.9789795164047157,0.0478183125370313,0.06877978015506447,0.046223923564827435,0.5888313371249368,-0.21512750997867525,-1.4067501332468377,-0.18391998904562343,-1.9810142106008866,,,,,,
epa_anylink5,energy_rally,FF5UMD,24,-0.2032308129075863,-1.9982570502497718,0.04568879930100217,0.28182315103504674,-0.08310330386606753,-1.1835378040953093,0.054461719086733515,0.24467939069971684,0.031939164097253815,0.10473071026894216,0.49313000359510406,2.329393407031028,-0.49276219392651216,-1.3962276790467478,-0.0059151472438145995,-0.02349058007674457
epa41_5,full_1970,CAPM,679,-0.0014167330056455705,-0.07672324645911988,0.9388437110457969,0.08180855084002658,0.2361407979033293,5.443424235409525,,,,,,,,,,
epa41_5,full_1970,FF3,679,0.00971785306657163,0.5622200781359276,0.5739660832733671,0.1151677562464225,0.20577395150557518,4.986729975896184,-0.021926369017543905,-0.3603529695741836,-0.23142956351976154,-2.85951860904473,,,,,,
epa41_5,full_1970,FF5UMD,679,0.035921180965522034,2.027124877148114,0.042649643322055085,0.1643297404041828,0.13726986777492986,3.4710835337447747,-0.07678104589945355,-1.163413572234594,-0.07158539216898406,-0.8755210876455777,-0.13752452760340295,-1.8690476579777777,-0.4169868072977739,-3.782147800038367,-0.1081654506425423,-2.425980987162166
epa41_5,post2010,CAPM,199,0.05788478683424064,1.4397421772476187,0.14994035580531268,0.020679478174622457,0.1194358584450505,1.5358968838779485,,,,,,,,,,
epa41_5,post2010,FF3,199,0.045287552525742264,1.2939919591904758,0.19566819823670034,0.1218195519755062,0.18712298398185545,2.615091948714104,-0.3271813325635323,-3.4777850635136214,-0.23241965630903436,-3.429873209131991,,,,,,
epa41_5,post2010,FF5UMD,199,0.05174051590129958,1.5876204612291567,0.11237218853588961,0.1646202458202204,0.1622633421642065,2.421760572944989,-0.36988362562164523,-3.8671466965981867,0.04554696432169488,0.4895975799764661,-0.09475922944412632,-0.828642478582387,-0.4453918159400109,-2.487761176846526,0.045805793229305905,0.5047078988129914
epa41_5,validation,CAPM,151,0.04491208970811296,0.9370271232482215,0.3487446062006433,0.007286346865505777,0.0673459950740948,0.9432507503708814,,,,,,,,,,
epa41_5,validation,FF3,151,0.03420660706156864,0.7946810236169718,0.4267990736032209,0.08351342128780503,0.13429275324522338,2.199194585235134,-0.294970609472405,-2.5800527872579515,-0.2019712293571185,-2.4571059296179842,,,,,,
epa41_5,validation,FF5UMD,151,0.04923626210621196,1.2927667448440243,0.1960917453264206,0.13084177376672035,0.0952884698065042,1.535469208609929,-0.3105235396884471,-2.4783024355816106,0.07057310185061519,0.5610076826937679,-0.02402224692408024,-0.1858056984798171,-0.5399077098937968,-2.41176694452639,0.02686616732682945,0.20577893263515032
epa41_5,holdout,CAPM,48,0.0979178186823224,1.5994363568417391,0.10972367933073954,0.09494931500535742,0.2909294765481643,1.3800042367445386,,,,,,,,,,
epa41_5,holdout,FF3,48,0.08522635351103283,1.664187894555812,0.09607488645543981,0.24872198175562932,0.3338163125729003,1.6813691760635956,-0.34665396548632676,-1.8727840968513998,-0.3039266422837122,-2.5691387201426035,,,,,,
epa41_5,holdout,FF5UMD,48,0.06939012104879286,1.172035478820947,0.2411828122087627,0.2861182795490371,0.325512907544374,1.8813696113479348,-0.44696828041948844,-2.2473080723857812,-0.027735618289969233,-0.1893424819692129,-0.16975835414118823,-1.2277890746975064,-0.221880065264832,-1.0892753178598595,0.03880344626840887,0.33432953469879134
epa41_5,covid,CAPM,24,-0.006553891741882305,-0.07028662033442239,0.9439655315955126,0.0016030301702864014,0.021271411617081355,0.1247123545411899,,,,,,,,,,
epa41_5,covid,FF3,24,-0.02880172407937716,-0.39088889348579275,0.6958793638736387,0.15885122874535684,0.09436581752525386,0.8204753354214341,-0.1781144356713561,-1.2991217190278221,-0.20577481382668167,-1.5115107896714177,,,,,,
epa41_5,covid,FF5UMD,24,0.015274959623300515,0.2108331650293324,0.833017458223564,0.3966918114000304,0.040936069327480125,0.8864252869976997,-0.5794232478961564,-2.5566606287837987,-0.23650527471161956,-1.9173465977251174,-0.28870593934239314,-1.4489841772956222,0.12696979193353208,0.8230532626139168,-0.5163247577062575,-4.725664141232894
epa41_5,inflation_rates,CAPM,36,-0.009495339311867313,-0.08816750836017878,0.9297435412923368,0.01941146301075458,0.10707398450030117,1.46672490126102,,,,,,,,,,
epa41_5,inflation_rates,FF3,36,-0.008961470730020007,-0.09809190398589412,0.921859316206737,0.17851185842344508,0.11263690545419723,1.5006001443959627,-0.21102095148310798,-1.497457796442169,-0.3152597368272957,-4.672435930647411,,,,,,
epa41_5,inflation_rates,FF5UMD,36,-0.04594066330630902,-0.47971205445688486,0.6314321551938057,0.34920693729711927,0.08432450098330403,1.415969812710841,-0.4461218620502199,-2.1512569431372963,0.3057249679434894,1.0603040369161039,0.07649018869639723,0.3763823806431129,-0.917491532930802,-1.9810354954997396,0.05948089968474436,0.7494058141952509
epa41_5,last18,CAPM,18,0.049259202645307074,0.3355384789222653,0.7372189233383774,0.42670116956165016,0.8810072851716659,2.431767297629404,,,,,,,,,,
epa41_5,last18,FF3,18,-0.035629369281803144,-0.32458052052103165,0.7454985720340335,0.5974587570851977,1.1314070497429234,4.912271048590128,-1.0674657243905912,-4.577267335932402,0.24590846554741413,1.2451621348606616,,,,,,
epa41_5,last18,FF5UMD,18,-0.06817891635779968,-0.47919000171251014,0.6318034664291063,0.5863759058993485,1.1658812808819372,3.7018762902491704,-0.9394360751093328,-3.2329929421103647,0.7078545486630534,3.0756820868211943,-0.26390820625198885,-1.5387263257748132,-0.1742498810393034,-0.5969629984012081,-0.2144239199105242,-1.2745416011778112
epa41_5,last12,CAPM,12,-0.031453536341604166,-0.18623146191585532,0.8522632524695886,0.6326575229899367,1.3179501122362922,9.670739492280845,,,,,,,,,,
epa41_5,last12,FF3,12,0.02326137530715155,0.13204471423096278,0.8949489245249012,0.6612163070592063,1.2190879682894629,10.47660803268438,-0.44271934680043146,-1.3962078288298498,-0.13372755533228248,-0.453505921589594,,,,,,
epa41_5,last12,FF5UMD,12,0.0420439782031375,0.15067036188391456,0.880235754074335,0.7156337607652434,1.3677804735688741,6.088196550202345,0.09867375906299702,0.10789444587651092,-0.4936420628493834,-0.48078264755734007,-0.21379450807889172,-0.853746971694808,0.24628034817683964,0.5544159790147791,-0.39795748641666995,-2.251541530547322
epa41_5,pre2010,CAPM,480,-0.021603107442162376,-1.090005203147407,0.2757108520761594,0.10992125976893685,0.27269791555611334,5.409346600551176,,,,,,,,,,
epa41_5,pre2010,FF3,480,-0.010386496331248121,-0.5293374031286744,0.5965714133262037,0.13270065614926907,0.22374964467032815,4.583263786199592,0.06566183870383491,0.880987670212788,-0.18019769938077748,-1.5415571572784572,,,,,,
epa41_5,pre2010,FF5UMD,480,0.025311348030567886,1.153834717241953,0.24856793784807418,0.1949700068839869,0.13766576207164244,2.7730274182182146,0.01657110597439019,0.21964976902664785,-0.04236813678853468,-0.40032494301840577,-0.13292810032723007,-1.5720093134602418,-0.44695219311695156,-3.252380064994051,-0.14594899255601673,-3.0467457279903303
epa41_5,energy_rally,CAPM,24,-0.19252578705132697,-2.010304497557057,0.04439897116850192,0.04724711933857262,0.15500655775698585,1.41451964093969,,,,,,,,,,
epa41_5,energy_rally,FF3,24,-0.1782466344382343,-1.8276894605855922,0.067596170792011,0.07745253137114139,0.14213298908660568,1.3776213809054079,-0.21706242244998653,-1.8830336256631233,-0.1023440211227569,-0.9855332272319024,,,,,,
epa41_5,energy_rally,FF5UMD,24,-0.18619019376377977,-1.7539465354073163,0.07943966871220222,0.31782154591816303,-0.0031391975605819245,-0.04798363417748116,0.05493191809768638,0.30167272195724265,0.11748161702013141,0.48698462432833184,0.43731432019168737,2.3016609130128973,-0.5154060262354916,-1.7839542353665427,-0.09839324875036436,-0.36398288704393283
epa41_8,full_1970,CAPM,679,0.006205779239331943,0.3811089303219074,0.7031224211528864,0.07668650344646777,0.18517882048021664,5.932363368417816,,,,,,,,,,
epa41_8,full_1970,FF3,679,0.01752349774402651,1.1728280406161429,0.24086477098168257,0.13080748559591382,0.14268366167726731,4.893188515008839,0.04615639328206637,0.808458628929882,-0.22943817134765035,-3.928575904969218,,,,,,
epa41_8,full_1970,FF5UMD,679,0.03579431430599239,2.3619083555720617,0.018181136058816057,0.18124043754294383,0.08646139219414223,3.0993942360115874,0.02926841160074147,0.5353191025635957,-0.07765566750670068,-1.253824254253385,-0.032901608673943705,-0.5266000386572197,-0.41337079085436657,-4.64891911662158,-0.06576631160931187,-1.8935286560710824
epa41_8,post2010,CAPM,199,0.05077160058092985,1.4636135619646409,0.14329956489247017,0.011506637567762823,0.07013499222310761,1.344358383614683,,,,,,,,,,
epa41_8,post2010,FF3,199,0.04385855726457236,1.4870437325839825,0.13700326095099957,0.1298945950604139,0.10519718468110593,2.356535032128554,-0.152708354643207,-2.1378488883457853,-0.26601862701399276,-5.494593443384043,,,,,,
epa41_8,post2010,FF5UMD,199,0.050867074957171216,1.9404196330287777,0.052328712491474416,0.2054409509709465,0.08007024111963792,2.23368845180099,-0.21253027579120584,-2.7363877416030133,-0.020008900091402798,-0.26671571644678843,-0.13621097550793443,-1.1673593630124974,-0.4323761375251375,-2.788986797683072,0.04424065935339436,0.6190377792615545
epa41_8,validation,CAPM,151,0.03645897863510357,0.8797614591316915,0.3789885473703172,0.010437154167131868,0.06477056712410263,1.1601993075356598,,,,,,,,,,
epa41_8,validation,FF3,151,0.0283299032130038,0.8060535877059524,0.4202119511844964,0.11245698594376541,0.10104933755780278,2.296846728175902,-0.11934385677655578,-1.3170750770862516,-0.25838415937400233,-4.467185196165112,,,,,,
epa41_8,validation,FF5UMD,151,0.05147315921132739,1.7884238677207465,0.07370764842434535,0.24628367412084895,0.0716656950879336,1.6725442804721262,-0.23841492883286894,-2.368483253035258,0.053817884443704195,0.5764668313898688,-0.31353856598290086,-3.245759950011931,-0.5964831522762876,-3.101530393871071,0.0739164849142192,0.8357325570439276
epa41_8,holdout,CAPM,48,0.09569054575291845,1.6930700356902864,0.09044213703858985,0.015486678942901011,0.0879984860563151,0.7069886505293282,,,,,,,,,,
epa41_8,holdout,FF3,48,0.09389392025677218,1.9832949062188594,0.047334498055490476,0.18788885537437527,0.10196516567881019,0.8865622571899342,-0.1921103845531402,-1.7843379219333517,-0.29668940360112517,-3.7557993137212295,,,,,,
epa41_8,holdout,FF5UMD,48,0.08552327683175961,1.6761298023780888,0.09371277035533092,0.19943143721365408,0.09806417739923178,0.9328762669182645,-0.21259396334315453,-1.8118203675628632,-0.13984603217218994,-1.3361157856727568,-0.0030347301288110827,-0.020295093157639117,-0.18968613261808775,-1.0763955922132193,0.02090236684831623,0.23060931830506493
epa41_8,covid,CAPM,24,-0.0036412572072860375,-0.04388963605184893,0.9649923765740176,0.0024346917854182193,0.020529266783124143,0.19841967047625236,,,,,,,,,,
epa41_8,covid,FF3,24,-0.042926385319209476,-0.9768834501521952,0.3286268560004726,0.3841466606587838,0.08398005354453893,1.8198576866736533,0.05762344322091609,0.6560985171919683,-0.31887672843474774,-5.104575640909747,,,,,,
epa41_8,covid,FF5UMD,24,0.016415214030313006,0.3421112696280336,0.7322671566804655,0.5336405908489754,0.1368057730915461,2.8239394951358103,-0.35879824236839725,-1.8969030700322655,-0.19290942043862475,-2.5952373075515074,-0.49532917488350087,-2.5878391936126457,-0.027240501198127126,-0.1939963618567437,-0.1768878757783518,-2.8662519415970413
epa41_8,inflation_rates,CAPM,36,-0.006227032728916204,-0.06245889676117784,0.950197393631723,0.011985086700672443,0.07566083878271233,0.6670768878828859,,,,,,,,,,
epa41_8,inflation_rates,FF3,36,0.000954310776357447,0.011485213476064968,0.990836326953914,0.19731399612771017,0.06252690547541404,0.6542388937780411,-0.12080415924391052,-1.1851990518965894,-0.327889232530149,-7.017161701455638,,,,,,
epa41_8,inflation_rates,FF5UMD,36,-0.028887043889102276,-0.32165646495560724,0.7477129623053325,0.3649567183071617,0.04625089697896052,0.9109134000576418,-0.34200296654145246,-1.8383629798637255,0.2267215165446008,0.778323260731221,-0.0711364215142783,-0.5699068663720078,-0.8352762089216008,-1.775437849091281,0.11405521220304818,1.622557823792151
epa41_8,last18,CAPM,18,0.027361001990985942,0.22920497842821658,0.818709603349319,0.22320146426158038,0.439198971408213,2.5913112161406633,,,,,,,,,,
epa41_8,last18,FF3,18,0.022838547091752467,0.2183177851611578,0.8271815181078768,0.35467053372728774,0.4628274506958485,2.8338776990006656,-0.5754877823492107,-3.430023254841819,-0.11420778274879549,-0.4545553551097809,,,,,,
epa41_8,last18,FF5UMD,18,0.0430377147996418,0.33183264844221155,0.7400156298973429,0.3841339769697415,0.5128270337660439,2.372177371322386,-0.37209861912404896,-1.8118422923960755,-0.024941178261684474,-0.11615284307087155,0.046609690092578926,0.3187991654314538,-0.13729585051342047,-0.5048303537811545,-0.21521451829167756,-1.7738109273996199
epa41_8,last12,CAPM,12,-0.038825690418691744,-0.2667918308091113,0.7896294444261069,0.3392935188627917,0.6406297418866188,6.109863258165835,,,,,,,,,,
epa41_8,last12,FF3,12,-0.06320055855519771,-0.6804763783916006,0.49620287372852034,0.4299380185586167,0.6905381495811025,7.685895845404642,-0.809267030486304,-1.8034451221530539,0.25452057020223906,0.6533354970556158,,,,,,
epa41_8,last12,FF5UMD,12,0.04336908656798876,0.1892015618146338,0.8499348436213782,0.5762861644989623,0.7317126695516597,3.60976306813377,0.12884662979749678,0.185665036493432,-0.36213866074648116,-0.47097150415666467,0.0818145732139342,0.43198619278123185,-0.07479077953665669,-0.22765165682722824,-0.35648688364319525,-2.9729762466843552
epa41_8,pre2010,CAPM,480,-0.008008843232211703,-0.4469373544266687,0.6549202921821389,0.10926997518174042,0.2226520397890111,6.171695715263063,,,,,,,,,,
epa41_8,pre2010,FF3,480,0.0021950674723523285,0.1284857124456038,0.8977646043231201,0.14957283935043042,0.16800899773420302,4.603834452578483,0.10863989023257233,1.5564545983372582,-0.16975524833798633,-2.032418812990192,,,,,,
epa41_8,pre2010,FF5UMD,480,0.024060137994993097,1.2893318958112654,0.19728272684941583,0.20731192288748734,0.10536514425804643,2.831693238008053,0.11428212610675548,1.9181043365706438,-0.047101222052395905,-0.6320120234260154,0.02899076127172346,0.394117670052763,-0.40538258810611294,-3.7790332857732185,-0.09909643967054618,-2.693290739225095
epa41_8,energy_rally,CAPM,24,-0.18048511883264703,-1.861136366608039,0.06272492174385357,0.015358434267333299,0.07922457214992379,0.6034593627261619,,,,,,,,,,
epa41_8,energy_rally,FF3,24,-0.1210944511846612,-1.1793356300414815,0.2382645558580858,0.12514523726044702,0.05093849017525842,0.51350114237099,0.03919030783845143,0.39574746773805036,-0.22442995089478568,-3.1533744948980895,,,,,,
epa41_8,energy_rally,FF5UMD,24,-0.11128717823394393,-1.1705286608790262,0.24178828717731504,0.2829260729991724,0.006012534282933205,0.09868810519971644,0.0036178809530082734,0.02416410707533304,0.10177840137450436,0.415188447875548,0.06237590530546494,0.3729512665160309,-0.630006979809707,-2.1128327465192815,0.13886600132596116,0.6704985015466554
epa5_exOther,full_1970,CAPM,679,-0.003912071401136902,-0.17834785135718143,0.8584498012026878,0.06113923638951113,0.24837941324716153,4.969735992984301,,,,,,,,,,
epa5_exOther,full_1970,FF3,679,0.00588000707518582,0.28095672394253557,0.7787435926575381,0.08376522431985367,0.23816731196927896,4.961846265739805,-0.11635693491669569,-1.6774685186798413,-0.21174891951938124,-2.2944241891084705,,,,,,
epa5_exOther,full_1970,FF5UMD,679,0.03158076490896107,1.4821363271753507,0.13830402451533355,0.1223755458047261,0.16647199450882466,3.36968794850297,-0.15006962827930947,-1.9397443760006534,-0.028540926777265906,-0.26982648976142365,-0.0602166475480967,-0.636900776151622,-0.46259288930036374,-3.1460743814863026,-0.12244672173076931,-2.0732532259816434
epa5_exOther,post2010,CAPM,199,0.04634549574407067,0.9868630110397791,0.323709799555572,0.018823846526437538,0.14539517454867146,1.675396804410543,,,,,,,,,,
epa5_exOther,post2010,FF3,199,0.033640324702522616,0.7721193108180366,0.4400437658764934,0.0820097103426134,0.2136627769386973,2.647098396180403,-0.329991341072068,-2.9656295917038746,-0.2343769180238355,-2.6463810928196643,,,,,,
epa5_exOther,post2010,FF5UMD,199,0.036010911149566616,0.8688363450837633,0.3849366505215863,0.12804355997836192,0.1960701054762749,2.4891712191375914,-0.3508925078181735,-2.964473977470762,0.11677641144073479,0.8724169872117102,-0.05596841134666018,-0.3744021312341688,-0.5704752543024999,-2.3092501593314143,0.14271674950947788,1.036329263468862
epa5_exOther,validation,CAPM,151,0.048341065987363874,0.884857539119052,0.3762334714602992,0.012204064539617643,0.11542100480332179,1.2785229387351393,,,,,,,,,,
epa5_exOther,validation,FF3,151,0.03755269012092837,0.7313937421601415,0.4645386865082948,0.05578288439328338,0.1845534782193008,2.2846088385663124,-0.3092402288741119,-2.218573380451204,-0.19150577514351494,-1.8231430946796054,,,,,,
epa5_exOther,validation,FF5UMD,151,0.054807432968543374,1.216571850994327,0.22376715812393144,0.12019674224061916,0.1451896627504904,1.583654554644675,-0.3202645409259009,-2.0804131454486874,0.2285401686574878,1.2545254111405306,-0.024975381725140966,-0.14007560270052216,-0.8089372337694102,-2.552267601160925,0.13833259967545913,0.6881129759129114
epa5_exOther,holdout,CAPM,48,0.039639782760985745,0.43598095841769674,0.6628505450537773,0.048528123479860796,0.24393052775726431,1.168290316048961,,,,,,,,,,
epa5_exOther,holdout,FF3,48,0.029180598632735172,0.34308528241229125,0.7315343028625241,0.17390826762894918,0.28216957927840025,1.4253003044248718,-0.33813728363755235,-1.698511023570522,-0.34349533205574945,-2.1321770806324385,,,,,,
epa5_exOther,holdout,FF5UMD,48,0.01720105220124991,0.18517930194292595,0.8530884029792426,0.2158962647970596,0.2745815323424563,1.6464067561780862,-0.35048289268961463,-1.3242456781428236,-0.17446470062934222,-1.0469043282996304,-0.1388792167104009,-0.7779781409277001,-0.09677050854098007,-0.39477602826347996,0.1583189155997625,1.0954421234967175
epa5_exOther,covid,CAPM,24,-0.032541223367114055,-0.4565649155488098,0.6479838016135661,0.0018020545314035852,0.027790112535697686,0.12634117912757317,,,,,,,,,,
epa5_exOther,covid,FF3,24,-0.0582759767591466,-0.8908769507397574,0.3729951869334366,0.09850482852199738,0.09354759104391719,0.5388753274777279,-0.09945156311958248,-0.6632397695677317,-0.22528726379399944,-1.5407219973750612,,,,,,
epa5_exOther,covid,FF5UMD,24,0.01774292246503702,0.2751007930501325,0.7832388023146388,0.3395823120339214,0.04586186547597492,0.5415878124027165,-0.6925620883297934,-2.955411427309457,-0.20526944459123855,-1.3971343857558738,-0.5112371135592388,-2.0621461040617164,0.041214377884467884,0.2980976179128649,-0.6273712871407343,-3.9295378170613997
epa5_exOther,inflation_rates,CAPM,36,0.0006672326309840534,0.00628869399066557,0.9949823812297797,0.00789816248024744,0.08317802272860851,0.9817782265977857,,,,,,,,,,
epa5_exOther,inflation_rates,FF3,36,0.005392857185567219,0.05973880164487986,0.9523636676607828,0.11643146891874512,0.07714907803127191,0.7307256480248405,-0.1602487612124299,-0.9305313295492258,-0.33202989524045934,-3.1697495032771763,,,,,,
epa5_exOther,inflation_rates,FF5UMD,36,-0.0509759818618312,-0.5027974518078752,0.6151066853919316,0.3269497400017154,0.07051113213369475,0.6978810341462292,-0.3958642773704898,-1.29644851568909,0.4468431308516887,1.0703684118630135,0.12266897939254601,0.3716004717077088,-1.2287120143568113,-2.0023949193140114,0.252757858084219,2.134225195114815
epa5_exOther,last18,CAPM,18,-0.07010667305040941,-0.34264826481353533,0.7318630876167387,0.2653144544416789,0.7933671139719739,2.2206090052807714,,,,,,,,,,
epa5_exOther,last18,FF3,18,-0.1586877543455938,-0.9717015626506703,0.3311990391658347,0.4149054421637839,1.0551871190433701,4.502379101828841,-1.1405279938300477,-3.180556931546783,0.2500681976343,0.8788987529059122,,,,,,
epa5_exOther,last18,FF5UMD,18,-0.19473565131289847,-1.0327622246349784,0.3017151857565682,0.4003467694538304,1.0620740542274691,3.2795058259478638,-1.0222391832278377,-2.2360737183335204,0.6862967907194186,1.822380711129276,-0.31450718357706103,-1.3608812214668489,-0.04062074590432799,-0.09234388902657488,-0.17648956699397894,-0.7908070709472365
epa5_exOther,last12,CAPM,12,-0.12614305497643943,-0.4622751425918558,0.6438840229851714,0.3876703163408587,1.1688396632997213,5.345101956230955,,,,,,,,,,
epa5_exOther,last12,FF3,12,0.03537385361109355,0.1233449393661186,0.9018339560330745,0.43208504811258364,0.8702367016334905,4.34640643271322,-0.14630143187231126,-0.2790607799643787,-0.6195540421880388,-1.4323205975597393,,,,,,
epa5_exOther,last12,FF5UMD,12,0.12528144717386344,0.2944177021159879,0.7684387417089767,0.4782966488324383,0.8782814455615426,2.943957395797296,0.7132265873986565,0.6105164360593369,-1.5035113568686933,-1.038239793182493,-0.10855812716591051,-0.3290688926763284,0.310639382106376,0.4188603236610591,-0.30466305874734534,-1.2118222763632702
epa5_exOther,pre2010,CAPM,480,-0.020877316819925176,-0.874903319757141,0.3816265126166829,0.08132867933788279,0.2808528575254448,4.739958499700402,,,,,,,,,,
epa5_exOther,pre2010,FF3,480,-0.01003368548535848,-0.42537351946196256,0.6705644067438382,0.09110543338706167,0.2573516817376058,4.528370639351633,-0.05169964193610528,-0.6078375518039713,-0.1604830610671707,-1.2157372128984676,,,,,,
epa5_exOther,pre2010,FF5UMD,480,0.024782868870033618,0.9592120812167959,0.3374519155123612,0.14736947163492942,0.1712140474560508,2.783549200185378,-0.06952963281181813,-0.7832878854380345,-0.0340960895032488,-0.24266950979985352,-0.01154101421874694,-0.10388197063514633,-0.43327637632867055,-2.334403863611603,-0.19004467125643898,-3.1220580641826805
epa5_exOther,energy_rally,CAPM,24,-0.16218301159765744,-1.6232653124906706,0.10453270129705157,0.04858378502204952,0.19876311462963708,1.907824202626992,,,,,,,,,,
epa5_exOther,energy_rally,FF3,24,-0.13334344793023808,-1.1391712836717995,0.2546317203592826,0.062247816664178446,0.18395196170485512,1.8316372300852608,-0.021087295820510527,-0.09991914733247852,-0.11755164416514227,-0.8714404270910361,,,,,,
epa5_exOther,energy_rally,FF5UMD,24,-0.1288916522944825,-1.0602443206349257,0.2890334626705682,0.3176673832225575,0.008456262121052341,0.07769248493549427,0.2143179802186141,0.7636978974170802,0.2026651705969344,0.49774822880672137,0.45111418482759286,1.42883220396384,-0.7882658186100441,-1.699875453722031,-0.08216082132859819,-0.2529901086451642
epa_median8,full_1970,CAPM,679,-0.002446735833924095,-0.136266834605821,0.8916103414349604,0.12440718039453003,0.2807575042463864,5.991407107987534,,,,,,,,,,
epa_median8,full_1970,FF3,679,0.009057234373750831,0.5556729197975795,0.5784344722644594,0.16271062848587625,0.2420258718860122,5.624077235464958,0.0206491869790858,0.3738559359610488,-0.2354389809007321,-2.6959043831737968,,,,,,
epa_median8,full_1970,FF5UMD,679,0.04273785837446718,2.761272543329563,0.005757660657994282,0.24584966087298077,0.16263815082594357,4.090264452312825,-0.09185403560874432,-1.4085371985419601,-0.04483257444482771,-0.514333136007154,-0.3128583014412932,-3.981751445408567,-0.46492628077735637,-3.7572534761175076,-0.1054160650415099,-2.176843229867174
epa_median8,post2010,CAPM,199,0.02776722147358472,0.8033370176994267,0.42177996750665125,0.08689530550594593,0.23445327526873755,4.084236768580754,,,,,,,,,,
epa_median8,post2010,FF3,199,0.022527412613910038,0.753770250292102,0.45098719056837644,0.18661786008109926,0.25924989069318677,5.234059071380429,-0.0928196745983647,-1.0705911121349327,-0.3199146211353445,-4.782729162425001,,,,,,
epa_median8,post2010,FF5UMD,199,0.02856529643272314,1.0529120770111078,0.29238129047783556,0.2738017082575861,0.23400842021101712,4.936480470180791,-0.17345372217986302,-1.8343966741262907,-0.0077999767149780595,-0.07292658518206806,-0.1259204326797175,-1.1538971436760748,-0.5783253313065788,-2.969547360524391,0.08505461984930894,0.9815736247138479
epa_median8,validation,CAPM,151,0.02789193398150063,0.677191864170314,0.49828422906594527,0.07689179559763737,0.2069953121535211,3.5336613748599506,,,,,,,,,,
epa_median8,validation,FF3,151,0.022002981669180514,0.6048453053239135,0.5452817875426015,0.13686394460326978,0.22512258448213954,5.01481296838951,-0.027840230569550675,-0.30058761999409156,-0.24601121436923365,-3.275680280776948,,,,,,
epa_median8,validation,FF5UMD,151,0.04246822492429901,1.4062083593043935,0.15966226264266858,0.2621299901919003,0.18775804721625736,3.5404676346327077,-0.09552915177250067,-0.8809549910592654,0.12093684954361611,0.8849992513374255,-0.14160554455994195,-1.134869996611693,-0.7709750012697384,-3.223648673045725,0.12382667323342295,1.0589248247257508
epa_median8,holdout,CAPM,48,0.02697940745232625,0.4295712651154795,0.6675075433479036,0.1198927986540651,0.3247435618536256,2.2821462862044637,,,,,,,,,,
epa_median8,holdout,FF3,48,0.036275210167793795,0.7238634387231745,0.469149577863315,0.3461247631252522,0.31629969912902833,2.5538919190487457,-0.16219548663977623,-1.0009943587170083,-0.5153100404596574,-4.1318134242244,,,,,,
epa_median8,holdout,FF5UMD,48,0.017635446504398064,0.3274044276861338,0.7433620180370477,0.38582363895306426,0.31662740713771165,2.940285959962445,-0.2936781742736697,-1.7779994339826588,-0.2744366176150703,-1.8845788609557705,-0.15455804578938787,-1.0938047468250078,-0.21625048993510881,-0.8487824477560426,0.03926216124192966,0.372649935044341
epa_median8,covid,CAPM,24,-0.00043420198040335437,-0.006671197978727078,0.9946771936125558,0.04729171658390896,0.10377913777380855,0.8865252743223296,,,,,,,,,,
epa_median8,covid,FF3,24,-0.04145646351564944,-0.8960048541870748,0.37025017068532007,0.3379915757104238,0.15112047601604656,2.049599868058166,0.16744270244918008,2.292592492304039,-0.3201554543104241,-4.492645346165524,,,,,,
epa_median8,covid,FF5UMD,24,0.0009728543082113076,0.019624658978470325,0.9843427925993529,0.44393941833335204,0.11370348258114814,2.1428103145888806,-0.10093436648614787,-0.6488217341581657,-0.3153045135212969,-3.9583338988626595,-0.2238443095346951,-1.192418638656152,-0.12495630868286749,-0.761336853734121,-0.2636736587908102,-2.4169534399632697
epa_median8,inflation_rates,CAPM,36,0.004946990394341256,0.052329984443136954,0.9582657619104478,0.08122124953241672,0.24212640382184983,2.702945281721059,,,,,,,,,,
epa_median8,inflation_rates,FF3,36,0.022703133009861126,0.3100585373017455,0.7565164419101609,0.26272035743892397,0.20074553116871982,2.355916639073905,-0.023508301019637495,-0.1397960926453316,-0.41452609230186044,-4.7966014678518825,,,,,,
epa_median8,inflation_rates,FF5UMD,36,-0.01862080806333989,-0.2233874355472202,0.8232339822579283,0.4457993980582349,0.1852885803044555,2.4270744709553336,-0.3226698089649507,-1.397053634270287,0.27575490184188656,0.8861097447902057,-0.0677987553756686,-0.307337298140721,-1.0769296692278154,-2.17459444613892,0.1555924720307491,1.8957520611128125
epa_median8,last18,CAPM,18,-0.10354391646300684,-0.8862209169606137,0.37549849433631355,0.43703622589820723,0.8179644446009579,5.711293062252995,,,,,,,,,,
epa_median8,last18,FF3,18,-0.07646103844782381,-0.7965597110539805,0.42570678397427486,0.6265179366248943,0.7609260503063535,5.044540902932769,-0.8112226260936523,-6.25559920860188,-0.3611913923541713,-1.5279292211564386,,,,,,
epa_median8,last18,FF5UMD,18,-0.10705839385026228,-0.9520532777095195,0.3410699626376995,0.6479512180905681,0.8290386451775797,6.217797065060642,-0.737848475643823,-3.3334996029937964,0.08508973386697649,0.34107348785192504,-0.194575326825573,-1.1481883774868487,-0.2821115764271216,-0.7073850210174684,-0.22757095720700182,-2.373195527404368
epa_median8,last12,CAPM,12,-0.17019687430953817,-1.0924371138983684,0.2746410173750501,0.4322141608108432,0.9741371861918839,8.059339012635377,,,,,,,,,,
epa_median8,last12,FF3,12,0.07596616777016266,0.5139014953092063,0.6073208620071062,0.6212119166133507,0.5198465010119783,3.089719765116958,-0.3604112996106924,-0.9421762490124573,-0.9176234637442647,-2.559426356874058,,,,,,
epa_median8,last12,FF5UMD,12,0.08906513389691198,0.3720798958971992,0.7098333642245622,0.6622635379618457,0.48482542326767286,2.8290680526954874,0.16842631268417285,0.4280892159420445,-0.8995240760008479,-1.567159657484395,0.016947301772370416,0.09084024086789348,-0.5371210146489632,-1.1541753532007746,-0.2067834426598119,-2.0182408331884827
epa_median8,pre2010,CAPM,480,-0.013191556943232052,-0.6389007657144442,0.5228874898498126,0.13672708641245512,0.2945707458377888,4.913415610348131,,,,,,,,,,
epa_median8,pre2010,FF3,480,-0.002418959959419923,-0.12421397642147845,0.9011458563573072,0.1591080271397597,0.24758412652021944,4.619857408731013,0.06294646777796008,0.9356129384687557,-0.17305066505328293,-1.3342390028305966,,,,,,
epa_median8,pre2010,FF5UMD,480,0.0433461290819112,2.177856452009138,0.029416725508968906,0.2584440876355889,0.14652239518728052,2.9133879035115364,-0.04893367997298942,-0.6202258716430677,-0.01275934297588091,-0.1086172356740381,-0.34988578737214515,-3.6941887166621186,-0.4700917934389147,-2.993880623450138,-0.14406632779047024,-2.877197862810094
epa_median8,energy_rally,CAPM,24,-0.15064799481648983,-1.5778967940273496,0.11458932165081007,0.12585473124159186,0.2717689940689967,3.4450874593579357,,,,,,,,,,
epa_median8,energy_rally,FF3,24,-0.07865156559515608,-0.8151619005817737,0.41497964306413304,0.2592183503986699,0.24406123518587636,4.38287365689801,0.29298662048490065,2.0088018910717294,-0.21962307219818022,-2.294146767358306,,,,,,
epa_median8,energy_rally,FF5UMD,24,-0.08030290181030496,-0.830414058825341,0.40630471959505,0.4683415194673285,0.1566164361239853,2.0694125060471893,0.3409378956145228,2.24603008265519,0.13328148041895127,0.36872914830686665,0.23850031342486006,1.2085166653862585,-0.8269797832998093,-2.0072767224116843,0.17760464997833203,0.6715942961899857
team5_ex_aero_ships,full_1970,CAPM,679,0.0029079517110267884,0.21924473000871272,0.8264594134657368,0.0024116115908935365,0.02872590998414882,1.1641227852360447,,,,,,,,,,
team5_ex_aero_ships,full_1970,FF3,679,0.012895433074393272,1.018249806592551,0.30855925522513417,0.057166405024089983,-0.008187649310770364,-0.3354948941557049,0.03727709663449168,0.9905013850524774,-0.20276357815819793,-4.545782183432166,,,,,,
team5_ex_aero_ships,full_1970,FF5UMD,679,0.026266350768329824,2.0602094885324207,0.039378518213967505,0.08047325709325748,-0.04190876622046792,-1.8266097883205685,0.0038180087106179468,0.09475072163112239,-0.13298390072413954,-2.5232525419138825,-0.08807416907494084,-1.211400160343931,-0.19698027277988833,-2.3918185944036208,-0.051502644604504655,-1.2734640347794373
team5_ex_aero_ships,post2010,CAPM,199,0.014163268610700561,0.5458351816017504,0.5851792372906848,0.009027507646178323,-0.05885951231809649,-1.4480024055480247,,,,,,,,,,
team5_ex_aero_ships,post2010,FF3,199,0.01189944942095834,0.5309374224516725,0.5954621441058242,0.08968935193775585,-0.049550651480365034,-1.2114370928041238,-0.022004754899421684,-0.2582189644336399,-0.23158222159372754,-4.101105669300787,,,,,,
team5_ex_aero_ships,post2010,FF5UMD,199,0.020273342928243652,0.9924956366111919,0.3209558069223599,0.11617249688760556,-0.07282735178321198,-1.5936943539170458,-0.07809786707517326,-0.9674742702714344,-0.15418706922777053,-1.7328398391323006,-0.14188446865193555,-0.7867537872850352,-0.1575637381935015,-1.1995026033980456,-0.05319471627120256,-0.6128768038220239
team5_ex_aero_ships,validation,CAPM,151,0.008623118486801157,0.2979096349858116,0.7657721340140365,0.0014366732066566357,-0.02247433162451929,-0.49040010706423043,,,,,,,,,,
team5_ex_aero_ships,validation,FF3,151,0.003893578821150516,0.16772362988750197,0.8668007055662484,0.11484108273533178,-0.017781165905784654,-0.38345337195232715,0.04855680885863507,0.46222217423972295,-0.26875106180332825,-4.160963441351985,,,,,,
team5_ex_aero_ships,validation,FF5UMD,151,0.028907332745076647,1.5220509360704286,0.1279963183452171,0.2734372425465026,-0.03356925003686141,-0.6239258864142322,-0.13071838898249263,-1.6937189150625216,-0.07938261898317328,-0.9203512253892978,-0.5387195106868877,-4.363394836270531,-0.34056655962978355,-2.2402818938497555,0.034270183734262084,0.5345329846062598
team5_ex_aero_ships,holdout,CAPM,48,0.03210489053116623,0.5788661226535334,0.5626795105210669,0.06503040462873189,-0.17842142715519108,-2.988420379433995,,,,,,,,,,
team5_ex_aero_ships,holdout,FF3,48,0.02072594314162197,0.41152055504024987,0.6806908721838985,0.1348298605034769,-0.14501968559187312,-2.530950003542891,-0.21931970526488218,-2.401910205294676,-0.11025569373153267,-1.525498285468906,,,,,,
team5_ex_aero_ships,holdout,FF5UMD,48,0.02423831174200905,0.45744002698415154,0.6473547997460856,0.23079711990015306,-0.1352688951683015,-2.1533909032340475,-0.2803058084262195,-3.161028331009589,-0.016778151488185747,-0.13815371948181582,0.11047869255092957,0.7342074260391558,-0.06954788263643642,-0.43091117836634346,-0.18141895115353432,-1.7073325252800562
team5_ex_aero_ships,covid,CAPM,24,-0.030871442400228925,-0.466330687499583,0.6409788162034697,0.008023986003061534,-0.056630634228643284,-0.6621266685369634,,,,,,,,,,
team5_ex_aero_ships,covid,FF3,24,-0.08862065099581262,-1.1915251472952528,0.23344749050906832,0.4021648385132629,-0.05237185131331455,-0.7788674458304571,0.5895208635099936,3.9915059378157562,-0.4084116053381889,-4.055322323297158,,,,,,
team5_ex_aero_ships,covid,FF5UMD,24,0.007114238402741526,0.08663374514908319,0.9309626419802943,0.5737707397473739,0.03525264665811989,0.4514225092674358,0.04212599548599397,0.18847350734973342,-0.24617107348384804,-2.5682508481062483,-0.744009291610425,-4.2636457498491644,-0.19519917118548752,-0.9508633397938455,-0.09384608848967432,-0.7309736614513406
team5_ex_aero_ships,inflation_rates,CAPM,36,-0.011220060781498155,-0.14838174249591335,0.8820415079464524,0.020320270598229606,-0.09074937554104485,-0.9282063471725639,,,,,,,,,,
team5_ex_aero_ships,inflation_rates,FF3,36,-0.011231067142914133,-0.16335070218486378,0.8702423153949299,0.11915639008928347,-0.08612328657483936,-1.0259752342696091,-0.1421217605866345,-1.947093652140662,-0.20438149104955133,-3.493641241725593,,,,,,
team5_ex_aero_ships,inflation_rates,FF5UMD,36,-0.02452208569833852,-0.35143249098734225,0.725263910642786,0.18934120261428267,-0.09604018092461045,-1.3832388044551118,-0.2940729402569007,-1.8103966652998826,0.13815333109562494,0.6796482642529952,-0.13306181295499941,-1.0424249048462102,-0.47961394458143025,-1.2793357730001997,0.06171598696381354,0.7676738583249684
team5_ex_aero_ships,last18,CAPM,18,-0.04110067474237592,-0.4352603996816032,0.6633734255154806,0.058724232992415026,-0.21556485602268724,-1.863573394752538,,,,,,,,,,
team5_ex_aero_ships,last18,FF3,18,-0.05214865030735184,-0.6977301842225986,0.4853459477596892,0.1735394365514109,-0.17517914517125793,-0.9490353903850757,-0.5319587380708333,-1.8508974635525886,-0.06447578803473188,-0.28753738263745543,,,,,,
team5_ex_aero_ships,last18,FF5UMD,18,-0.009703548171331615,-0.1217990349402749,0.9030581782669462,0.5836850078675846,-0.026114414906188432,-0.2198228190238631,-0.3107681047883339,-2.2602057145031913,-0.09035851542905816,-0.3657894416687838,0.13460667456627468,1.7010802276085095,-0.1349204623320001,-0.45948168247372,-0.47541659657585406,-5.2845218163869285
team5_ex_aero_ships,last12,CAPM,12,-0.0998979950669333,-0.8612045666954975,0.38912538535141594,0.09001468574667304,-0.32034344047435825,-3.0942808911081805,,,,,,,,,,
team5_ex_aero_ships,last12,FF3,12,-0.23290841352035724,-5.470680698004974,4.483103555462984e-08,0.37706657823850587,-0.0648225004503658,-0.5322804824475671,-1.5298463046216741,-2.1301594115476385,0.8298572592458628,1.9177513272054678,,,,,,
team5_ex_aero_ships,last12,FF5UMD,12,-0.16774805023999484,-1.1418977394043146,0.2534965284113403,0.7478896808983047,0.05488079901228113,0.3251106041469179,-0.5083687824816407,-1.1018723106538804,0.7836329276302721,1.4986194177512824,0.11190187700137616,1.2112408278641742,-0.6656351837735733,-2.4169055183270096,-0.5364255017748589,-4.563905154844867
team5_ex_aero_ships,pre2010,CAPM,480,0.001364051645317322,0.08923274571316683,0.9288969418544285,0.010781451493796279,0.05959962278576583,2.1369450936668724,,,,,,,,,,
team5_ex_aero_ships,pre2010,FF3,480,0.011991372391473925,0.7810156385760582,0.43479329692288604,0.051442452296378005,0.014206934167922514,0.48282594272889146,0.05745417923321704,1.3382281100664295,-0.170163723723679,-2.6799807628277796,,,,,,
team5_ex_aero_ships,pre2010,FF5UMD,480,0.027645479166993118,1.7071894114896073,0.08778685245739183,0.07434841415593385,-0.02375348108957514,-0.8618881494294082,0.030659449391578397,0.6728234610541824,-0.10136539866485127,-1.5038690892736293,-0.06874355785077849,-1.0345341569757194,-0.21553824445173786,-2.0532749378661257,-0.05440609697797438,-1.3048825113981033
team5_ex_aero_ships,energy_rally,CAPM,24,-0.14417931530251668,-1.5253451010743069,0.12717304405938318,0.03471200315539813,-0.14525392875810453,-1.5348287065170358,,,,,,,,,,
team5_ex_aero_ships,energy_rally,FF3,24,-0.07731596223199783,-0.7211850114552774,0.47079569235686525,0.16568095989304332,-0.16838917827263034,-2.2860188040702916,0.36895440149604114,2.257565705639942,-0.18327289319664938,-1.217180715319013,,,,,,
team5_ex_aero_ships,energy_rally,FF5UMD,24,-0.0398012828716988,-0.3499616749546093,0.7263674600483164,0.3348716317642786,-0.09782730447466421,-1.0937657295089005,0.022437396841462297,0.11806832065220782,0.14171080419488122,0.588922810514384,-0.3978260589966668,-1.3589812475684555,-0.5626339069440165,-2.1294641558491914,0.3042572370742304,1.1097206427642536
team5_brown_plus_oil_coal,full_1970,CAPM,679,-0.008291667611222533,-0.4178611610247752,0.6760486305911891,0.0019618927376614526,0.03214500652578092,0.9342707367464403,,,,,,,,,,
team5_brown_plus_oil_coal,full_1970,FF3,679,0.004331073191333577,0.23663573907052649,0.812939391746975,0.05701062769573362,-0.006299785293007251,-0.18894006807760452,-0.0012002731950226508,-0.02406341280454126,-0.26035656431931253,-3.4782890263898283,,,,,,
team5_brown_plus_oil_coal,full_1970,FF5UMD,679,0.023763231821887602,1.3150642979688223,0.18848829408083712,0.08967461995914261,-0.05318107560249133,-1.6944133506819414,-0.05394910151202016,-0.9945084874285103,-0.16511567990229462,-2.044797700744362,-0.11763147588180556,-1.5148249014603097,-0.26130765813143586,-2.409614155257708,-0.08664925206665298,-1.8227492924114512
team5_brown_plus_oil_coal,post2010,CAPM,199,0.015928444789557343,0.3259227958235629,0.7444827680305085,0.0065291278955355025,-0.06518188386452808,-0.840146388307502,,,,,,,,,,
team5_brown_plus_oil_coal,post2010,FF3,199,0.008518206834670222,0.22785815840093013,0.8197565118281623,0.21876264222216013,-0.030463630567631985,-0.5613624504047053,-0.12676220301559993,-1.3955963347873965,-0.47567191538098785,-7.327025717109871,,,,,,
team5_brown_plus_oil_coal,post2010,FF5UMD,199,0.013319865289405678,0.3748160227723884,0.7077972971122797,0.23177686417003307,-0.047818522012142074,-0.9182761154762574,-0.15538353813350486,-1.517442128251058,-0.3420628848248504,-3.750366861489525,-0.06149894997414638,-0.45667868680822443,-0.2345037568540024,-1.2336633263649275,0.0027828330535992866,0.036860155378141406
team5_brown_plus_oil_coal,validation,CAPM,151,0.03577605995717093,0.6051772112887898,0.5450612559363598,0.015707160085943306,-0.10160016472006766,-1.0666121785819873,,,,,,,,,,
team5_brown_plus_oil_coal,validation,FF3,151,0.020014114324200555,0.45836174185278317,0.6466925730543136,0.2824048187363951,-0.03772081813458436,-0.5852014948244086,-0.1849386761697294,-1.7775793451480912,-0.547629895754688,-7.715490061676711,,,,,,
team5_brown_plus_oil_coal,validation,FF5UMD,151,0.0385240012780676,1.0364667521225441,0.2999844426896566,0.3473680720058264,-0.05488346568373094,-0.8975258907504902,-0.29015264950541936,-2.694074739822512,-0.25135296807138297,-2.666035776299367,-0.27895792146343373,-2.278051210143062,-0.5164003262210066,-2.4237901381649105,0.09441636063473473,1.0546502727108598
team5_brown_plus_oil_coal,holdout,CAPM,48,-0.04699370234221725,-0.6502586366589383,0.515525170671704,0.004765075522908502,0.05426573461001054,0.6695462337219688,,,,,,,,,,
team5_brown_plus_oil_coal,holdout,FF3,48,-0.04386791640905881,-0.7171919408725425,0.47325567132173874,0.08140589789626262,0.053644899111772115,0.6809498898518335,-0.09472995005265185,-0.552950139147406,-0.24455143839258014,-2.1577073343249715,,,,,,
team5_brown_plus_oil_coal,holdout,FF5UMD,48,-0.039397942488539506,-0.6756797135593529,0.49924401864278967,0.1373055855500558,0.05723058262753583,0.5931527056805275,-0.2222427336396105,-1.1686936421308562,-0.18901424675341813,-1.2512353707886001,-0.08094122692686054,-0.49599920872876124,0.05822329182220195,0.35920227029265145,-0.21232710233229984,-3.2176690750874677
team5_brown_plus_oil_coal,covid,CAPM,24,0.062005162795412204,0.43688769519909887,0.6621927960805536,0.21200569888610554,-0.30987509271866664,-2.391530062129028,,,,,,,,,,
team5_brown_plus_oil_coal,covid,FF3,24,-0.012600468284483609,-0.24609601051943011,0.8056079112749852,0.7392202228840931,-0.18883422698684746,-5.966296195711215,0.10635383941856752,1.0014842279298544,-0.6059405258189698,-10.578568497449325,,,,,,
team5_brown_plus_oil_coal,covid,FF5UMD,24,0.01862314479852886,0.3452885708332755,0.7298774380822215,0.7850672378668188,-0.16800490147949898,-3.9123972375416636,0.004798793336175222,0.02006808492085294,-0.4657882398449284,-6.158386109776196,-0.18741819855988073,-0.9573955327727947,-0.33224611654566893,-1.6987396016798737,0.06851885042211014,0.9697407436431917
team5_brown_plus_oil_coal,inflation_rates,CAPM,36,-0.12778935440684352,-1.0842370914272283,0.27825968983327143,0.036635239455841684,0.16614015004048338,1.1105649788360314,,,,,,,,,,
team5_brown_plus_oil_coal,inflation_rates,FF3,36,-0.10965396728003862,-1.1167870611454669,0.2640853824104171,0.2308083572411711,0.12419263336902443,1.090039573995376,-0.03381036239142654,-0.24284347993970531,-0.43748907632378675,-8.126009151258245,,,,,,
team5_brown_plus_oil_coal,inflation_rates,FF5UMD,36,-0.123989639810519,-1.125503504115369,0.26037573317350227,0.28124338934754134,0.09446409929169017,0.9457736208126807,-0.23532402933796745,-1.2347852723680757,-0.0611749997430803,-0.20705813131230968,-0.09110429722118255,-0.40409624606344513,-0.5509368917127137,-1.05129015714211,-0.026765078991100692,-0.30302246914479986
team5_brown_plus_oil_coal,last18,CAPM,18,-0.1488686256097494,-1.4430129965504352,0.14901681014830664,0.0025453523064182804,0.04281744872911657,0.5797272876968297,,,,,,,,,,
team5_brown_plus_oil_coal,last18,FF3,18,-0.2207300311127573,-2.204803418237205,0.027467892086559163,0.12861553765126166,0.2477937820637937,2.391446613731139,-0.5509650665266234,-2.3185836883064415,0.29474681048300005,1.242079304687835,,,,,,
team5_brown_plus_oil_coal,last18,FF5UMD,18,-0.21550965912837877,-1.9567513326737525,0.05037671144960951,0.2776897784460691,0.32050846162902774,1.7795806014601532,-0.5084181354238193,-1.9697393986109217,0.2896158416722593,0.9121514636762582,-0.11253949447254868,-0.961188306397873,0.23546539826357454,0.8006791953008401,-0.3127777386456786,-2.238308142353852
team5_brown_plus_oil_coal,last12,CAPM,12,-0.22765257591532112,-2.0452427686321877,0.040830929926720876,0.0035068407057576856,0.05022373568215058,0.4499477272634203,,,,,,,,,,
team5_brown_plus_oil_coal,last12,FF3,12,-0.3846393365219459,-4.859749399960543,1.175344336331969e-06,0.13842662477462475,0.34521290475558064,5.162045427030542,-0.6746834029959654,-1.7707564060094734,0.7603978485587288,2.5130962117382007,,,,,,
team5_brown_plus_oil_coal,last12,FF5UMD,12,-0.3814983141681795,-2.201013960352153,0.02773503555672504,0.4868744948954453,0.5297888546792093,3.5920335887508212,-0.06846600595439462,-0.12001194754208264,0.6640193391650266,0.9809483118513449,-0.1572152597437697,-1.0995830851672699,-0.14386259252742042,-0.6134325797412093,-0.5095337182090914,-4.500217167184231
team5_brown_plus_oil_coal,pre2010,CAPM,480,-0.014800201604587199,-0.727092208293749,0.4671694715593113,0.008764191280944966,0.06524141768737748,1.8114768005998103,,,,,,,,,,
team5_brown_plus_oil_coal,pre2010,FF3,480,-0.0078043691748586694,-0.3970566344156729,0.6913256976494984,0.023858555499943424,0.030807333372658098,0.8675816503531789,0.059835516498845526,1.0577527550742865,-0.11463947739676361,-1.161280818664443,,,,,,
team5_brown_plus_oil_coal,pre2010,FF5UMD,480,0.01868874982564535,0.9001700592422623,0.36802975710735375,0.0685171798051325,-0.030944761638249416,-0.814388065906636,0.012626336516954332,0.2114414785586261,-0.017493498266292623,-0.1948614614112272,-0.11844439532002604,-1.2092523059790412,-0.31739907449221194,-2.43747832272277,-0.10328879428159632,-1.9720114184559283
team5_brown_plus_oil_coal,energy_rally,CAPM,24,-0.3482500408341382,-3.163057052219593,0.0015612173251187006,0.006745753387416009,0.06397688594104153,0.3989444306094209,,,,,,,,,,
team5_brown_plus_oil_coal,energy_rally,FF3,24,-0.24602808874760185,-2.336410474389301,0.019469858566274888,0.23012121477579295,0.013114645072073897,0.143209994273678,-0.01373140559773478,-0.05810033279161104,-0.4036279167873558,-6.296715371795423,,,,,,
team5_brown_plus_oil_coal,energy_rally,FF5UMD,24,-0.2687486838075618,-2.627266934515568,0.008607378309714904,0.3575096078062233,-0.021101671237641687,-0.3218539625972408,0.022445431492150114,0.0839338328308795,-0.018607296527099165,-0.08394317551178615,0.2028984405478193,1.080364410399167,-0.7148983529774942,-2.609122673083032,0.30729039007326076,2.187375705665917
epa5_brown_plus_oil,full_1970,CAPM,679,0.009454020170396062,0.513893085966707,0.6073267417128955,0.03974495712966408,0.16311614438358818,3.725681035192183,,,,,,,,,,
epa5_brown_plus_oil,full_1970,FF3,679,0.0219876536220482,1.2719957761332308,0.20337462002737583,0.08357990060172038,0.13228611527893613,3.088200848816589,-0.044412288089571476,-0.7079506449327828,-0.26217979001576064,-3.274932491002171,,,,,,
epa5_brown_plus_oil,full_1970,FF5UMD,679,0.04455364951834089,2.4951214461744224,0.012591402681260308,0.12239471003714553,0.07363279131373765,1.7541245988326302,-0.09321211129289447,-1.4176723989817226,-0.1212822772940753,-1.3933158807002108,-0.10254053765994212,-1.3236158470152752,-0.36357822499186404,-3.087974371898574,-0.09865293008324792,-2.001968296974376
epa5_brown_plus_oil,post2010,CAPM,199,0.05705000884092391,1.3594721375099863,0.17399702572350395,0.0011499372418702913,0.028193932966723036,0.307126342940409,,,,,,,,,,
epa5_brown_plus_oil,post2010,FF3,199,0.04365057534555289,1.325472260489461,0.1850145639682098,0.1824196280420587,0.09814061659330023,1.2624070471773567,-0.3215882170285223,-3.42578075412587,-0.3835659567181475,-5.445142179520158,,,,,,
epa5_brown_plus_oil,post2010,FF5UMD,199,0.04566556888879421,1.4626241475446506,0.14357025200173498,0.2227301083917318,0.08660244687895922,1.1751310183911678,-0.3428036612890119,-3.561263865831738,-0.1120294028370084,-1.1730659124314684,-0.061096415847976975,-0.4694760966041215,-0.40854593423487234,-2.286461295805057,0.10486578218638737,1.2603006231062506
epa5_brown_plus_oil,validation,CAPM,151,0.05888371572962253,1.1660196743343343,0.2436064910059389,0.0053013439496572,-0.05729825102818878,-0.7209199490581378,,,,,,,,,,
epa5_brown_plus_oil,validation,FF3,151,0.043449988568681555,1.0689896052032324,0.2850743533447777,0.18340550477414364,0.028390367101976406,0.5090948062207785,-0.34742498119571386,-3.2300814959822155,-0.3692826847862835,-4.334103385697794,,,,,,
epa5_brown_plus_oil,validation,FF5UMD,151,0.05087766738200998,1.3891783001501556,0.1647785385688182,0.2273091315522221,0.0040746409752624654,0.0676343272008225,-0.3208918368402487,-2.6971222491890403,-0.0909206737044616,-0.745741990422091,0.08819770815616311,0.6014905771813576,-0.5057995897194122,-2.2891590649993168,0.0854061350839879,0.7195691435266821
epa5_brown_plus_oil,holdout,CAPM,48,0.05005300542416444,0.8213791081272493,0.41143035987589904,0.10360631124851571,0.3092961684132681,1.2711686453231763,,,,,,,,,,
epa5_brown_plus_oil,holdout,FF3,48,0.048880705564954004,0.9858123812022054,0.3242251889544796,0.26841849798498874,0.3248785151806476,1.4360853840337187,-0.24254740405107914,-1.4110083690786983,-0.4014260459208637,-3.7719844158621365,,,,,,
epa5_brown_plus_oil,holdout,FF5UMD,48,0.032189662324856955,0.5538089270680079,0.5797096181816055,0.32565134094426795,0.31431175723228233,1.6433579881901261,-0.3482405605589721,-1.9000869249880459,-0.16071525886670432,-1.4291265706238745,-0.23446619420152254,-1.8655715281120115,-0.17586636533799205,-0.9620462065271701,0.07153432707421853,0.5970557319248526
epa5_brown_plus_oil,covid,CAPM,24,0.043027206192046405,0.3856326160414114,0.6997687740824894,0.09845298764190569,-0.18475120013677515,-1.0745978145812194,,,,,,,,,,
epa5_brown_plus_oil,covid,FF3,24,0.00933539749334728,0.12819328525809795,0.8979960138152705,0.4776096955583392,-0.056181349333128225,-0.623162858144051,-0.3711159847597503,-2.955160324188003,-0.3237401670737073,-2.580076281978511,,,,,,
epa5_brown_plus_oil,covid,FF5UMD,24,0.011617337660179266,0.15769814495990372,0.8746946623109948,0.5816099074282861,-0.09861221740437019,-2.1619271809489757,-0.5301911533543855,-2.854854326512323,-0.3859869769337507,-3.5587571155816637,-0.03175412369691866,-0.21897103009391475,0.25191479248916543,2.805993836193323,-0.34251156466451327,-3.833078765773481
epa5_brown_plus_oil,inflation_rates,CAPM,36,-0.04688795977922954,-0.41069699958984784,0.6812947272986165,0.0022479824981749275,0.03653604423708572,0.46624454556807654,,,,,,,,,,
epa5_brown_plus_oil,inflation_rates,FF3,36,-0.030886818979782696,-0.3412597036472722,0.7329080808307062,0.2225523243607318,0.00011980583873365605,0.0016094586017544505,-0.04820614874306317,-0.4805278200969774,-0.41245828851008837,-6.366133965502544,,,,,,
epa5_brown_plus_oil,inflation_rates,FF5UMD,36,-0.06463535968846705,-0.6736410057491778,0.50053957656888,0.33862275924362695,-0.02160124676202626,-0.26213650953651474,-0.2089476956785643,-1.2419793773304677,0.06254095392083946,0.2408868669861278,0.141617559277526,0.4984865431882533,-0.7560993147298856,-1.677084049871996,0.06616044732152682,1.0001058285058537
epa5_brown_plus_oil,last18,CAPM,18,-0.018443202023916166,-0.1269923529928863,0.8989464509744673,0.4935310541497666,1.00767174275365,2.4429568534169244,,,,,,,,,,
epa5_brown_plus_oil,last18,FF3,18,-0.06968111435559977,-0.5764932235214094,0.5642818489154027,0.6191413037148559,1.1649701915021782,3.5519336842878118,-0.9548057926468931,-3.5929037347935493,0.07220899417128326,0.33593068240267254,,,,,,
epa5_brown_plus_oil,last18,FF5UMD,18,-0.10985833316124727,-0.7292212764686569,0.46586631838633796,0.6177141011687047,1.1727816811638692,3.046210875934798,-0.8526438139957095,-3.097842751605485,0.5693013135013051,2.318908754157544,-0.2677082934952735,-1.681267166736818,-0.22927070805027333,-0.83427355489573,-0.11364934536324753,-0.6305320129355845
epa5_brown_plus_oil,last12,CAPM,12,-0.12368950581642768,-0.8057139178128364,0.4204078226346649,0.7190764182374837,1.5164343348197873,11.666221499331224,,,,,,,,,,
epa5_brown_plus_oil,last12,FF3,12,-0.06991937155985867,-0.37591247578254056,0.7069819653040539,0.7350408480140548,1.4185696687459692,11.237835324675308,-0.31333005117877943,-0.7263197840413188,-0.15499903312375546,-0.48405687147124044,,,,,,
epa5_brown_plus_oil,last12,FF5UMD,12,-0.09389689127558663,-0.3528903104898015,0.7241706752263446,0.7751558939988347,1.5979255139221273,6.728310723984312,-0.03075758949793672,-0.03192608122739202,-0.3043255520495758,-0.28423006684676616,-0.3055577228698433,-1.2748745005540825,0.32950196181868985,0.7542672712548605,-0.3580009162362797,-1.8974831381524575
epa5_brown_plus_oil,pre2010,CAPM,480,-0.005305645431822049,-0.27011710101148995,0.7870701662548515,0.06499753913501893,0.2075472753166037,4.419929624044521,,,,,,,,,,
epa5_brown_plus_oil,pre2010,FF3,480,0.003754153004154707,0.18955000162135874,0.8496617696971109,0.0796454594746071,0.1689266206699258,3.6129704773043048,0.04860911695968389,0.660193171831499,-0.14502053892676703,-1.330183256244871,,,,,,
epa5_brown_plus_oil,pre2010,FF5UMD,480,0.035614452289122425,1.6268585252248413,0.10376714833163948,0.1343735634203994,0.09251964735298054,1.8653632204085795,0.0104578567412278,0.14583370709354593,-0.033936956194040996,-0.33592108349457983,-0.07948710860494661,-0.9692492531043001,-0.3878540619273708,-2.70314407367265,-0.14730336762996718,-2.7057961489164635
epa5_brown_plus_oil,energy_rally,CAPM,24,-0.24025425159757652,-2.4677858044898606,0.013595164315372554,0.006416925155515063,0.057684648538624345,0.42148520777484344,,,,,,,,,,
epa5_brown_plus_oil,energy_rally,FF3,24,-0.1875302655996971,-2.1063853224672067,0.03517089520060691,0.13594591262873446,0.023191165795075422,0.21751468416168732,-0.3151298739375109,-3.151559006658048,-0.2739924369102704,-2.572881121242358,,,,,,
epa5_brown_plus_oil,energy_rally,FF5UMD,24,-0.24458925900198314,-2.55835523018636,0.010516859951074872,0.4625591401558613,-0.1426540997587793,-1.7141564388112063,0.17828072039387458,1.1738823843305897,-0.14705653171204125,-0.8578222175770128,0.7552763627935007,4.571825368788104,-0.37806295780997196,-1.644375422134404,-0.04639100916925165,-0.23668041658982347
epa5_brown_ex_oil_coal,full_1970,CAPM,679,0.006540396880182315,0.42932256297299687,0.6676884990542071,0.09784924355056146,0.2606203707308474,6.816412644447295,,,,,,,,,,
epa5_brown_ex_oil_coal,full_1970,FF3,679,0.01319852714811762,0.8630927714160731,0.3880864619980291,0.11089860654021666,0.24875297026657364,6.5350353783908215,-0.050137958874711654,-0.9217605932562237,-0.14152404244772865,-2.1821353489771154,,,,,,
epa5_brown_ex_oil_coal,full_1970,FF5UMD,679,0.03713395083870277,2.3655482764176923,0.018003395914820166,0.15462792750865573,0.18418320946804592,4.600464963571995,-0.0989993885366851,-1.6910225973681021,0.03174427958446792,0.4119611655340858,-0.1160561963135652,-1.6906817988264344,-0.4282793274561332,-3.617076545164068,-0.09081146153499108,-1.9845177704899857
epa5_brown_ex_oil_coal,post2010,CAPM,199,0.016704808703264244,0.5696979309975043,0.5688825936144364,0.06769526160933914,0.21451584918955777,3.3942176041844037,,,,,,,,,,
epa5_brown_ex_oil_coal,post2010,FF3,199,0.012474159459481673,0.4289426125321539,0.6679649883422323,0.08732971852083404,0.23650511206963573,3.5386026548937735,-0.10030876119201003,-1.1554657061287463,-0.12743683813221715,-1.843065850897506,,,,,,
epa5_brown_ex_oil_coal,post2010,FF5UMD,199,0.017805416579281773,0.6554793928292306,0.5121591498819336,0.1597463918018116,0.21511289979275305,3.383903030697065,-0.16821842343505272,-1.6921617005017318,0.16464313029206742,1.4396533076697837,-0.14711739569083682,-1.2262164122482795,-0.5210811855158507,-2.6448289579889965,0.09909898686919652,1.0747541509843714
epa5_brown_ex_oil_coal,validation,CAPM,151,0.010612403332816569,0.3379403923779185,0.735408107644506,0.06886779942189292,0.20155839047860213,3.2472400043054597,,,,,,,,,,
epa5_brown_ex_oil_coal,validation,FF3,151,0.008698410761535397,0.2834764284404976,0.7768116482942955,0.07202087089871834,0.2114433574548668,3.328429098997556,-0.037754536220977714,-0.41999181618472814,-0.05114641560613113,-0.7416518518281469,,,,,,
epa5_brown_ex_oil_coal,validation,FF5UMD,151,0.024898010427906812,0.9353464015115764,0.34960980939928976,0.141949352315337,0.17862165903855395,2.3756610708163413,-0.07339993997811162,-0.716846133847523,0.23111623337581455,1.6284225052962669,-0.10359178052682787,-0.8238374194579497,-0.5974274820233891,-2.6127037838574263,0.09204100643609334,0.7524244246814396
epa5_brown_ex_oil_coal,holdout,CAPM,48,0.03567146398884084,0.49617995659083364,0.6197674509965538,0.06806380366868037,0.2572199227467842,1.4584269417644462,,,,,,,,,,
epa5_brown_ex_oil_coal,holdout,FF3,48,0.03844897353545263,0.5689103269102674,0.5694169967932046,0.16798082469674402,0.26053208490418134,1.5851226408657655,-0.15417298858802225,-0.9487058449875461,-0.3414388471289589,-2.31330444850441,,,,,,
epa5_brown_ex_oil_coal,holdout,FF5UMD,48,0.013286195568175889,0.18197200137082276,0.8556046986882253,0.24374471725053926,0.2549256265125285,1.8826862742804897,-0.2522424339672724,-1.1551092805977206,-0.05493107745687581,-0.2709979767824893,-0.16200287975090277,-0.9199375445414147,-0.32745235587256294,-0.9404512958580887,0.1378974460332387,0.9920202289823888
epa5_brown_ex_oil_coal,covid,CAPM,24,-0.014671995309640206,-0.2299469443795709,0.8181329972178105,0.09603849618169114,0.15946220789432414,1.1533188494163997,,,,,,,,,,
epa5_brown_ex_oil_coal,covid,FF3,24,-0.030352200591567867,-0.3993653664320527,0.6896240092689656,0.13660652313152044,0.1642074806857923,1.2115512583277823,0.13971473911097193,1.9999803476550826,-0.11332564308654322,-1.5472918160999078,,,,,,
epa5_brown_ex_oil_coal,covid,FF5UMD,24,0.045226444975034925,0.4881493652993397,0.6254440469264138,0.34761358255108554,0.17735076186631182,1.9979822842385861,-0.4092442710884927,-2.7876606214356734,-0.06505122466944169,-0.5588930756014434,-0.5778503259345897,-3.4169253123055774,0.05970126853235945,0.46009609437502397,-0.40959051947435016,-6.689834406696654
epa5_brown_ex_oil_coal,inflation_rates,CAPM,36,0.050049955391098494,0.657079846044321,0.5111295770749384,0.001901427833020386,0.031239871010497272,0.5196408145760489,,,,,,,,,,
epa5_brown_ex_oil_coal,inflation_rates,FF3,36,0.060255461153044684,0.8694106267995423,0.38462257266783917,0.06437849796447792,0.006726763758197685,0.0762191114514696,0.009013963018912316,0.05212704860641099,-0.2058218476466624,-2.1925463095373896,,,,,,
epa5_brown_ex_oil_coal,inflation_rates,FF5UMD,36,0.013770322032588492,0.2090960559053501,0.8343732535879045,0.30991001183253797,0.007922765903108288,0.07688766978018687,-0.20575734125430847,-0.9249601140147571,0.4201305511807553,1.7897733405947591,0.04318415266263445,0.15767880576612942,-1.025000718832396,-2.7307898896080283,0.23767008701178588,2.9104476047175565
epa5_brown_ex_oil_coal,last18,CAPM,18,-0.06515146072259292,-0.46188749409760466,0.6441620026759883,0.3629045407184398,0.8315187806851574,3.8219464521910993,,,,,,,,,,
epa5_brown_ex_oil_coal,last18,FF3,18,-0.07343561863107106,-0.5314694433032521,0.5950935106599846,0.4677832798448819,0.8691473238842722,6.080550901735593,-0.7691757770733005,-3.94241353237108,-0.139244795976011,-0.5399827551140928,,,,,,
epa5_brown_ex_oil_coal,last18,FF5UMD,18,-0.12916437313642318,-0.8370069106182833,0.40258868359273225,0.5405523881641305,0.9455647021128282,6.561512753703229,-0.6368260899901942,-1.8558603579159592,0.5387987522688814,1.919588605846711,-0.343673940852975,-1.8700962728541846,-0.6146856419439648,-1.3882542516525898,-0.28474741280389904,-1.5886249400065249
epa5_brown_ex_oil_coal,last12,CAPM,12,-0.07900735418953875,-0.3877597611051203,0.6981938260903549,0.3869245683975884,1.0749131469061728,7.901550951915864,,,,,,,,,,
epa5_brown_ex_oil_coal,last12,FF3,12,0.1542217807382546,0.635301403015422,0.525231858732623,0.4962446441826929,0.6437343885668465,4.049724492903152,-0.2115240259816728,-0.5724078945170559,-0.8945796174480063,-1.98915755348492,,,,,,
epa5_brown_ex_oil_coal,last12,FF5UMD,12,0.07742029594358603,0.21583766877439842,0.8291142848520798,0.5566459322493349,0.6712744493729875,2.9265336221509446,0.1720347856129315,0.19193568293484115,-0.4540366678674612,-0.4031913457850262,-0.22075918819941442,-0.9090039025907339,-0.716517546254622,-0.9953829308812422,-0.32978650008666216,-1.721392493004059
epa5_brown_ex_oil_coal,pre2010,CAPM,480,0.003992830697571035,0.2237920311489979,0.8229191309432249,0.10876851956622302,0.2764337423661477,5.945499892721225,,,,,,,,,,
epa5_brown_ex_oil_coal,pre2010,FF3,480,0.0134374240472791,0.721051981697466,0.4708775331284927,0.11894802655449876,0.2545621919667502,5.453411025200636,-0.03824774584478109,-0.5677634945181201,-0.14058562818947945,-1.47856892663374,,,,,,
epa5_brown_ex_oil_coal,pre2010,FF5UMD,480,0.043950715166889004,2.2342332053121003,0.025467732668306223,0.16945664093743484,0.18046267847171482,3.5841374739821403,-0.07073985504231,-1.042477121245513,-0.01737311530015384,-0.16636717193539677,-0.06922826840269133,-0.8623070259099296,-0.3834961379636921,-2.6239134728572013,-0.1427638843404355,-2.886366109756875
epa5_brown_ex_oil_coal,energy_rally,CAPM,24,-0.0077828249007856655,-0.09914827422804721,0.9210205435912541,0.05400227125785695,0.14563272580276504,1.9327291868030567,,,,,,,,,,
epa5_brown_ex_oil_coal,energy_rally,FF3,24,0.026235216866308128,0.26125849520565086,0.7938931713140952,0.11740243254505589,0.13518097593253992,1.778252667903094,0.23689583756402993,1.6115200060305888,-0.08273650248855094,-0.6250440733524477,,,,,,
epa5_brown_ex_oil_coal,energy_rally,FF5UMD,24,0.050029282055151676,0.3982099952430589,0.690475398785802,0.31679867297904796,0.046773530130137256,0.3795817127331391,0.25876303332235373,1.037934086150994,0.13547369126039374,0.45089680593757275,0.113355188941776,0.3583759639727074,-0.5672099608552565,-1.7962270833863512,-0.026253036847829467,-0.13860834944054864
epa5_minus_team5,full_1970,CAPM,679,0.01998556872892053,1.2364289340097772,0.21629916655713888,0.027873974002315505,0.13734179398026317,3.675018797379514,,,,,,,,,,
epa5_minus_team5,full_1970,FF3,679,0.01894682420588625,1.1766801158074727,0.23932320723060585,0.0328330179970906,0.15555234594680298,3.655040256743528,-0.08846180537049797,-1.3416894444611702,0.01392328192946844,0.23651818784607218,,,,,,
epa5_minus_team5,full_1970,FF5UMD,679,0.023436773640438325,1.4374090573102583,0.1506017967246426,0.03893858567896846,0.13898323447582597,3.2790139424561118,-0.07418892968449046,-1.1121557197103527,0.05985313673819658,0.8020063188312249,0.06370223631957489,0.6441783547141662,-0.11811020768548271,-1.0725363900394285,-0.041067682054406036,-0.8842389496333888
epa5_minus_team5,post2010,CAPM,199,0.06378958816222403,2.29750015769016,0.02159025408136725,0.02553335252472777,0.13910845545053216,1.6755933461135033,,,,,,,,,,
epa5_minus_team5,post2010,FF3,199,0.05516564940879626,2.0812304439281344,0.03741281823079401,0.05299799844926645,0.18831636908021723,2.045735494796831,-0.2609700609996205,-2.214104731736108,0.03169723617497077,0.3791106597189402,,,,,,
epa5_minus_team5,post2010,FF5UMD,199,0.04882907481313401,1.9309559788975175,0.053488496556604065,0.07804123578845257,0.19710373427405903,2.058580187391706,-0.20733197747176152,-1.7391035080137784,0.21630210492588745,2.2278963765479505,0.09900164067045772,0.5074491916344708,-0.2586452886063969,-1.9543043413832464,0.1606225486475257,1.4899621210602827
epa5_minus_team5,validation,CAPM,151,0.05119581055368127,1.5885849847655735,0.11215412034596002,0.007644614317161347,0.06990813129623495,1.1577126575564445,,,,,,,,,,
epa5_minus_team5,validation,FF3,151,0.04790203002034836,1.5228377591222133,0.12779930062602682,0.04390535744560098,0.11334028096115985,1.6095998385966126,-0.2548993521250149,-1.6563893105656091,0.10260240286758185,1.093884648571973,,,,,,
epa5_minus_team5,validation,FF5UMD,151,0.03519825622158978,1.1714931731489193,0.24140060032517852,0.10892703385145253,0.09752687095300647,1.3493894986249624,-0.06762665815951262,-0.5109644889639041,0.18838839814508912,1.6232354420756312,0.525571056156464,2.738222460729146,-0.2024460671779918,-1.1481394026736351,0.049128437623144956,0.38676727342857725
epa5_minus_team5,holdout,CAPM,48,0.10238476019008623,2.29825461527251,0.021547301894475127,0.11973917682155011,0.3668618701462788,1.3103608915047438,,,,,,,,,,
epa5_minus_team5,holdout,FF3,48,0.09623518143040805,2.0263864877422164,0.042725194535910366,0.15380664218193674,0.38818684366473466,1.4362910453240676,-0.1778316465741191,-1.2522872318167546,-0.16475610469054436,-1.412543828238955,,,,,,
epa5_minus_team5,holdout,FF5UMD,48,0.08345436367512597,1.4471577020129816,0.14785276012873547,0.27994931314342286,0.37206478933248255,1.6601135173924257,-0.10022295794176213,-0.5503942019984083,-0.09168285758574678,-0.48998724645880715,-0.17135218273094033,-1.2301290827371383,-0.04602336508182389,-0.2594515960989435,0.3199535441188722,2.0258568174234264
epa5_minus_team5,covid,CAPM,24,-0.058594624390810236,-0.7516471554808549,0.45226327737268557,0.025087302374157794,0.13151781643538288,1.1814380217957832,,,,,,,,,,
epa5_minus_team5,covid,FF3,24,-0.01832087915659878,-0.1833478480202228,0.8545250933641101,0.18619477579727362,0.16187431571521393,1.3897549819727375,-0.6001269614392031,-1.9830657411954105,0.26223209342763165,1.2299797124836855,,,,,,
epa5_minus_team5,covid,FF5UMD,24,-0.05170870309076534,-0.5806232103701663,0.5614944256954434,0.47886136270889257,0.005425865398672333,0.07394063082137356,-0.6572368765119602,-1.994712681712639,-0.032657037783867526,-0.219712088035495,0.31107218431418626,1.8772180245357555,0.5579926310907865,2.585996843964599,-0.6654969705414268,-3.4333190787358405
epa5_minus_team5,inflation_rates,CAPM,36,0.04158440943701457,0.7368488108793946,0.4612142962775435,0.001492294901905722,-0.024160723159068503,-0.2516270733362261,,,,,,,,,,
epa5_minus_team5,inflation_rates,FF3,36,0.04453314827188591,0.8085442283771584,0.4187773559126149,0.0056478403111215325,-0.0315466522584107,-0.2922804031308371,0.011972450536170812,0.12017455740573166,-0.04598194687421252,-0.5516743550423138,,,,,,
epa5_minus_team5,inflation_rates,FF5UMD,36,0.015089355443647718,0.269986471805201,0.787170661205756,0.10059391662558792,-0.033693347471652715,-0.29057290274569636,0.03371433095713014,0.19890243083346912,0.15132541947305445,0.8005835026499901,0.3462933067834364,1.4869679344484334,-0.3844244201739919,-1.6643258810832606,0.08886216672299474,0.6856754506380113
epa5_minus_team5,last18,CAPM,18,0.14462807026337868,1.264239459376502,0.20614409178903526,0.505995161112302,1.1288245902469476,2.3282350882810303,,,,,,,,,,
epa5_minus_team5,last18,FF3,18,0.12748486616079016,1.3729305171317727,0.1697739484009585,0.5496778039917705,1.1869433471114932,2.507821147006542,-0.5961884788077169,-1.5475134938826758,-0.04377077130666082,-0.1563145827771404,,,,,,
epa5_minus_team5,last18,FF5UMD,18,0.09954426008834467,1.0381764714153197,0.29918790450142907,0.6122261810065929,1.0465485033281348,2.493097865244957,-0.5466000708320224,-2.485028242410235,0.23705479581533,0.6943400136660235,-0.10726463732059482,-0.8586011851584923,-0.014895342877257689,-0.03753857656400988,0.34877785801497574,3.3745366551940066
epa5_minus_team5,last12,CAPM,12,0.08812079972764097,0.6734445849781004,0.5006644921111704,0.7192677378111394,1.723758243628839,13.159371298438774,,,,,,,,,,
epa5_minus_team5,last12,FF3,12,0.2965519799663766,2.4263459973291424,0.015251721864816591,0.7555669737744424,1.3338704695051367,5.137265710140567,0.5922597641524772,0.8127311009614145,-0.9507917462201332,-3.3250519650936443,,,,,,
epa5_minus_team5,last12,FF5UMD,12,0.4524921654812084,3.808398601785818,0.0001398696794064503,0.8656489565556746,1.2025959677331146,5.130693286223238,0.7218295159541841,1.146311379607647,-2.3423255453802083,-3.1669875350157124,0.07494261394160456,0.42642709775404436,1.3500819567943911,5.875573942241782,0.3283437150836404,2.093231303621996
epa5_minus_team5,pre2010,CAPM,480,0.001999288849340103,0.10419010367503494,0.9170184873518885,0.02699812773773369,0.1321661127238844,3.2128508390092514,,,,,,,,,,
epa5_minus_team5,pre2010,FF3,480,0.0005853243245452586,0.03007982978941255,0.9760033869478971,0.0286976642970026,0.14485160659857127,3.0312717798706093,-0.039780761974150855,-0.4930832868706092,0.026469102654322084,0.3245431120168036,,,,,,
epa5_minus_team5,pre2010,FF5UMD,480,0.008807669186198876,0.43591620015904786,0.6628975308009685,0.04352175042956452,0.12439297442167413,2.5344553641028824,-0.0212668014973276,-0.27797592971366863,0.02224458875617767,0.2141541400221715,0.09154820887229477,0.9499120602340058,-0.06491076592799772,-0.4246269056388553,-0.08993934520220927,-1.8539324636711731
epa5_minus_team5,energy_rally,CAPM,24,-0.003135441630547301,-0.04396620448919136,0.9649313427158134,0.007147001565836142,0.07883922664553142,0.6185964682069357,,,,,,,,,,
epa5_minus_team5,energy_rally,FF3,24,-0.06010342902473691,-1.0973156016289123,0.27250345306999757,0.0901460038256291,0.09596970636389712,0.776386836859359,-0.4106055539623931,-1.4778774831329928,0.13558646813219494,0.8801828854231526,,,,,,
epa5_minus_team5,energy_rally,FF5UMD,24,-0.1175320128156031,-3.2650350141394355,0.0010945054584210767,0.4546521189388507,-0.13659036506440297,-1.539582348456246,0.32109686880017974,1.4475313707368103,-0.09298301351944308,-0.6022418859285679,0.9529036622553473,6.969983372427203,0.16613819662321466,0.7824841664102934,-0.4423226973896829,-1.5035015755469634
